ticker,entry_date,exit_date,entry_px,exit_px,days_held,ret_net,weight,bet_eur,bet_frac,div_eur,exit_reason
GEF,2007-01-04,2007-01-19,58.375,53.26499938964844,10,-0.08753748368910597,1.0,9982.125,0.1,0.0,stop
AEIS,2007-01-04,2007-01-19,18.889999389648438,16.8799991607666,10,-0.10640552111310808,1.0,9992.809677124023,0.1,0.0,stop
ADEA,2007-01-04,2007-01-29,17.759967803955078,16.717817306518555,16,-0.05867975150295268,1.0,9998.861873626709,0.1,0.0,egg
MLKN,2007-01-04,2007-01-29,37.29999923706055,37.220001220703125,16,-0.0021447189810647194,1.0,9996.399795532227,0.1,0.0,egg
ETR,2007-01-04,2007-01-29,47.040000915527344,45.75,16,-0.027423488316760003,1.0,9972.480194091797,0.1,0.0,egg
CMCSA,2007-01-04,2007-02-06,13.448922157287598,13.367697715759277,22,-0.006039475920700976,1.0,9992.549162864685,0.1,0.0,sma
UCTT,2007-01-19,2007-02-20,13.760000228881836,13.430000305175781,21,-0.023982552195994433,1.0,9976.000165939331,0.1,0.0,sma
CNS,2007-02-20,2007-02-27,48.79999923706055,41.25,5,-0.15471310153887863,1.0,10101.599842071533,0.1,0.0,stop
RHP,2007-01-04,2007-02-28,51.650001525878906,52.25,37,0.011616620646573761,1.0,9968.450294494629,0.1,0.0,sma
TMO,2007-01-04,2007-02-28,45.63999938964844,45.5,37,-0.00306747133042673,1.0,9995.159866333008,0.1,0.0,sma
AMT,2007-01-29,2007-02-28,39.540000915527344,39.310001373291016,21,-0.005816882572352355,1.0,9924.540229797363,0.1,0.0,sma
MIDD,2007-01-29,2007-02-28,14.793510437011719,14.562885284423828,21,-0.015589616377387538,1.0,9926.445503234863,0.1,0.0,sma
KMX,2007-02-06,2007-03-01,28.7450008392334,26.09000015258789,16,-0.09236391056290238,1.0,10175.730297088623,0.1,0.0,stop
LMT,2007-01-04,2007-03-05,91.69000244140625,94.95999908447266,40,0.0356636116915372,1.0,9994.210266113281,0.1,38.15,sma
CBRL,2007-01-29,2007-03-06,46.11000061035156,45.619998931884766,25,-0.010626798351349276,1.0,9913.650131225586,0.1,0.0,sma
APOG,2007-02-28,2007-03-06,20.979999542236328,19.139999389648438,4,-0.08770258306648937,1.0,9566.879791259766,0.1,0.0,stop
HAS,2007-03-06,2007-03-28,29.299999237060547,29.65999984741211,16,0.012286710570838855,1.0,9375.999755859375,0.1,0.0,egg
SYK,2007-01-04,2007-04-03,55.599998474121094,67.5999984741211,61,0.21582734405263304,0.4972067039106145,9952.399726867676,0.1,0.0,strength
LII,2007-03-28,2007-04-25,35.7400016784668,33.90999984741211,19,-0.051203182571680106,1.0,9971.460468292236,0.1,0.0,sma
HLIT,2007-03-05,2007-04-27,9.170000076293945,8.800000190734863,38,-0.04034895119745929,1.0,9408.420078277588,0.1,0.0,breakeven
OI,2007-02-28,2007-04-27,23.760000228881836,29.850000381469727,41,0.2563131352660972,0.5,9551.520092010498,0.1,0.0,strength
SYK,2007-01-04,2007-05-01,55.599998474121094,65.2699966430664,80,0.1739208351497743,0.5027932960893855,9952.399726867676,0.1,0.0,sma
CE,2007-02-28,2007-05-03,28.579999923706055,34.900001525878906,45,0.221133716551575,0.5,9545.719974517822,0.1,6.68,strength
EL,2007-03-01,2007-05-04,23.454999923706055,23.899999618530273,45,0.01897248758353043,1.0,9616.549968719482,0.1,0.0,sma
NKE,2007-02-28,2007-05-14,13.05875015258789,13.319999694824219,52,0.020005707987648114,1.0,9559.005111694336,0.1,16.9275,sma
LNT,2007-04-03,2007-05-14,22.329999923706055,22.135000228881836,28,-0.008732633026890535,1.0,10070.82996559143,0.1,71.709,sma
CAR,2007-04-27,2007-05-21,28.639999389648438,28.200000762939453,16,-0.01536308086891991,1.0,10253.11978149414,0.1,0.0,egg
MAT,2007-03-06,2007-05-31,27.059999465942383,27.75,60,0.02549891159185158,1.0,9389.819814682007,0.1,0.0,sma
CLF,2007-05-01,2007-06-01,34.244998931884766,45.20000076293945,22,0.31990077887999946,0.5,10136.51968383789,0.1,9.25,strength
BDC,2007-05-14,2007-06-06,57.9900016784668,56.400001525878906,16,-0.027418522272233292,1.0,10264.230297088623,0.1,8.85,egg
RS,2007-05-21,2007-06-13,61.779998779296875,56.279998779296875,16,-0.08902557637866304,1.0,10379.039794921875,0.1,13.44,stop
DCH,2007-02-27,2007-06-22,24.65999984741211,29.889999389648438,81,0.21208432987014714,0.5,9962.639938354492,0.1,60.599999999999994,strength
FCN,2007-05-31,2007-06-26,37.08000183105469,35.97999954223633,18,-0.02966564817958295,1.0,10530.720520019531,0.1,0.0,sma
GT,2007-05-04,2007-06-27,33.68000030517578,33.5,37,-0.0053444270648691505,1.0,10238.720092773438,0.1,0.0,sma
PH,2007-06-06,2007-06-28,65.95333099365234,64.69999694824219,16,-0.019003347162720008,1.0,10816.346282958984,0.1,0.0,egg
WWD,2007-06-13,2007-07-06,27.68000030517578,27.614999771118164,16,-0.0023482851640526103,1.0,10463.040115356445,0.1,0.0,egg
GME,2007-04-25,2007-07-06,8.454999923706055,10.375,50,0.2270845764185836,0.5,10145.999908447266,0.1,0.0,strength
GEO,2007-06-27,2007-07-20,19.233333587646484,18.053333282470703,16,-0.06135183481316475,1.0,10559.10013961792,0.1,0.0,egg
DCH,2007-02-27,2007-07-23,24.65999984741211,28.799999237060547,101,0.167883187966966,0.5,9962.639938354492,0.1,60.599999999999994,sma
CE,2007-02-28,2007-07-23,28.579999923706055,37.099998474121094,100,0.2981105169054956,0.5,9545.719974517822,0.1,13.36,sma
SF,2007-06-28,2007-07-23,11.899258613586426,11.510123252868652,16,-0.03270248789058705,1.0,10637.937200546265,0.1,0.0,egg
MTN,2007-05-14,2007-07-25,58.7400016784668,57.13999938964844,50,-0.027238717110981914,1.0,10279.50029373169,0.1,0.0,sma
CLF,2007-05-01,2007-07-26,34.244998931884766,39.32500076293945,60,0.14834288186602373,0.5,10136.51968383789,0.1,9.25,sma
WLY,2007-07-06,2007-07-26,48.47999954223633,43.20000076293945,14,-0.10891086693796026,1.0,10859.519897460938,0.1,0.0,stop
DE,2007-06-26,2007-07-27,60.28499984741211,60.10499954223633,22,-0.002985822437279295,1.0,10549.87497329712,0.1,38.5,sma
AA,2007-07-20,2007-07-27,103.521240234375,91.5542984008789,5,-0.11559890324345612,1.0,10766.208984375,0.1,0.0,stop
MOS,2007-07-23,2007-07-27,40.0,35.79999923706055,4,-0.10500001907348633,1.0,10640.0,0.1,0.0,stop
DY,2007-07-23,2007-07-27,31.440000534057617,28.280000686645508,4,-0.10050889929181195,1.0,10658.160181045532,0.1,0.0,stop
GME,2007-04-25,2007-08-06,8.454999923706055,10.0,71,0.18273212184923704,0.5,10145.999908447266,0.1,0.0,sma
OI,2007-02-28,2007-08-10,23.760000228881836,35.18000030517578,114,0.4806397292207172,0.5,9551.520092010498,0.1,0.0,sma
CXT,2007-07-23,2007-08-10,16.300798416137695,13.765195846557617,14,-0.15555082057022718,1.0,10660.722164154053,0.1,0.0,stop
CALM,2007-07-26,2007-08-10,9.739999771118164,7.284999847412109,11,-0.25205338618033846,1.0,10256.219758987427,0.1,0.0,stop
HAL,2007-07-27,2007-08-15,36.060001373291016,32.779998779296875,13,-0.09095958039601126,1.0,10096.800384521484,0.1,0.0,stop
HXL,2007-08-10,2007-08-15,24.6299991607666,21.989999771118164,3,-0.10718633697128666,1.0,9531.809675216675,0.1,0.0,stop
J,2007-07-25,2007-08-16,51.738258361816406,51.035179138183594,16,-0.013589155218871718,1.0,10347.651672363281,0.1,0.0,egg
WAB,2007-07-30,2007-08-16,20.280000686645508,17.975000381469727,13,-0.1136587883201422,1.0,9937.200336456299,0.1,2.45,stop
TDY,2007-08-10,2007-08-16,50.2599983215332,45.16999816894531,4,-0.10127338485021697,1.0,9499.139682769775,0.1,0.0,stop
HON,2007-07-26,2007-08-17,55.9961051940918,52.20774841308594,16,-0.06765393357046501,1.0,10247.287250518799,0.1,43.113884999999996,stop
NOV,2007-08-07,2007-08-17,52.92155075073242,48.80522918701172,8,-0.07778157490337212,1.0,10002.173091888428,0.1,0.0,stop
MMM,2007-07-30,2007-08-21,75.40133666992188,73.6622085571289,16,-0.023064950697176734,1.0,9952.976440429688,0.1,0.0,egg
FAST,2007-07-27,2007-08-29,5.728750228881836,5.541250228881836,23,-0.03272965175802356,1.0,10099.786653518677,0.1,50.68625,sma
MOS,2007-08-30,2007-09-24,39.91999816894531,50.65999984741211,16,0.2690381305383349,0.5,9021.91958618164,0.1,0.0,strength
FLR,2007-08-23,2007-10-02,60.42499923706055,75.01000213623047,27,0.2413736546681573,0.4966442953020134,9003.324886322021,0.1,7.4,strength
GRMN,2007-08-30,2007-10-03,102.54000091552734,98.98999786376953,23,-0.03462066530194696,1.0,9023.520080566406,0.1,0.0,breakeven
ANDE,2007-08-23,2007-10-12,30.753332138061523,30.84000015258789,35,0.002818166634343422,1.0,9041.479648590088,0.1,15.287999999999998,sma
GEO,2007-09-24,2007-10-12,20.520000457763672,18.886667251586914,14,-0.0795971330282691,1.0,9726.48021697998,0.1,0.0,stop
KOP,2007-09-04,2007-10-15,35.79999923706055,43.04999923706055,29,0.20251397079625422,0.5,9164.7998046875,0.1,0.0,strength
CALM,2007-10-12,2007-10-22,13.369999885559082,11.345000267028809,6,-0.15145846191947032,1.0,9933.909914970398,0.1,0.0,stop
CF,2007-10-03,2007-10-25,13.82800006866455,16.601999282836914,16,0.20060740529344412,0.5,9762.568048477173,0.1,0.0,strength
WEX,2007-08-23,2007-10-26,35.599998474121094,37.41999816894531,45,0.05112358912451187,1.0,9042.399612426758,0.1,0.0,sma
ON,2007-08-30,2007-10-26,11.399999618530273,12.279999732971191,40,0.07719299507786914,1.0,9051.599697113037,0.1,0.0,sma
GME,2007-10-12,2007-11-05,14.350000381469727,14.125,16,-0.015679468675155683,1.0,9930.20026397705,0.1,0.0,egg
VMI,2007-10-26,2007-11-06,93.75,82.88999938964844,7,-0.1158400065104167,1.0,10125.0,0.1,0.0,stop
SAM,2007-09-07,2007-11-07,46.41999816894531,38.650001525878906,43,-0.16738468223948544,1.0,9330.419631958008,0.1,0.0,stop
FLR,2007-08-23,2007-11-08,60.42499923706055,73.25,54,0.21224660198379408,0.5033557046979866,9003.324886322021,0.1,7.5,sma
SGI,2007-10-26,2007-11-09,8.797499656677246,7.519999980926514,10,-0.14521167668146695,1.0,10125.92210483551,0.1,0.0,stop
EPAC,2007-10-22,2007-11-13,33.369998931884766,32.79999923706055,16,-0.01708120206979058,1.0,9944.25968170166,0.1,0.0,egg
KOP,2007-09-04,2007-11-16,35.79999923706055,39.939998626708984,53,0.11564244351610675,0.5,9164.7998046875,0.1,21.76,sma
JKHY,2007-11-06,2007-11-16,28.700000762939453,26.260000228881836,8,-0.08501743795102645,1.0,9930.20026397705,0.1,22.490000000000002,stop
FCN,2007-08-28,2007-11-19,49.81999969482422,59.310001373291016,58,0.1904857835527589,0.4972375690607735,9017.419944763184,0.1,0.0,strength
TDG,2007-12-03,2007-12-26,48.34000015258789,45.58000183105469,16,-0.05709553812207524,1.0,9619.66003036499,0.1,0.0,egg
FSLR,2007-12-06,2007-12-31,218.39999389648438,265.739990234375,16,0.21675823104797565,0.5,9609.599731445312,0.1,0.0,strength
KO,2007-12-03,2008-01-03,31.100000381469727,30.584999084472656,21,-0.016559527031514865,1.0,9609.900117874146,0.1,0.0,sma
MCK,2007-12-03,2008-01-03,65.58000183105469,64.11000061035156,21,-0.022415388527894486,1.0,9574.680267333984,0.1,0.0,sma
BLKB,2007-12-06,2008-01-04,28.200000762939453,26.969999313354492,19,-0.04361707150027572,1.0,9729.000263214111,0.1,0.0,sma
MORN,2007-11-05,2008-01-07,73.48999786376953,75.22000122070312,42,0.023540664134193534,1.0,10068.129707336426,0.1,0.0,sma
FSLR,2007-12-06,2008-01-14,218.39999389648438,222.32000732421875,25,0.01794877993262367,0.5,9609.599731445312,0.1,0.0,sma
MA,2007-12-26,2008-01-14,20.947999954223633,18.05500030517578,12,-0.13810385981333517,1.0,10432.10397720337,0.1,7.47,stop
LIN,2007-11-07,2008-01-16,84.20999908447266,85.0999984741211,47,0.010568808922033934,1.0,9768.359893798828,0.1,34.8,sma
FCN,2007-08-28,2008-01-18,49.81999969482422,57.869998931884766,99,0.1615816797746159,0.5027624309392266,9017.419944763184,0.1,0.0,sma
CF,2007-10-03,2008-01-18,13.82800006866455,18.43199920654297,74,0.3329475784651954,0.5,9762.568048477173,0.1,1.412,sma
MOS,2007-08-30,2008-01-22,39.91999816894531,71.91000366210938,98,0.8013528797716685,0.5,9021.91958618164,0.1,0.0,sma
NUE,2008-05-20,2008-05-27,79.83999633789062,72.23999786376953,4,-0.09519036601601483,1.0,9421.119567871094,0.1,0.0,stop
CHRW,2008-05-20,2008-06-12,64.81999969482422,59.540000915527344,16,-0.0814563221869079,1.0,9398.899955749512,0.1,31.9,stop
JBHT,2008-05-20,2008-06-12,34.470001220703125,33.45000076293945,16,-0.029590960883141726,1.0,9410.310333251953,0.1,0.0,egg
GILD,2008-05-20,2008-06-12,26.934999465942383,26.7549991607666,16,-0.006682766242612326,1.0,9427.249813079834,0.1,0.0,egg
BKNG,2008-05-20,2008-06-12,5.290800094604492,4.854400157928467,16,-0.08248278688908728,1.0,9433.49656867981,0.1,0.0,stop
LIN,2008-05-20,2008-06-12,95.73999786376953,95.26000213623047,16,-0.005013533927816227,1.0,9382.519790649414,0.1,36.75,egg
TAP,2008-05-20,2008-06-17,56.290000915527344,56.0099983215332,19,-0.004974286541837736,1.0,9400.430152893066,0.1,33.4,sma
ESE,2008-05-20,2008-06-23,48.540000915527344,48.099998474121094,23,-0.009064739042176195,1.0,9416.760177612305,0.1,0.0,sma
MA,2008-05-20,2008-06-27,27.764999389648438,27.500999450683594,27,-0.009508371862715359,1.0,9412.33479309082,0.1,0.0,sma
STRA,2008-05-20,2008-08-27,194.08999633789062,211.49000549316406,69,0.08964918070780836,1.0,9316.31982421875,0.1,36.0,sma
WBD,2009-06-12,2009-06-23,11.303014755249023,10.327031135559082,7,-0.08634719504694122,1.0,9189.350996017456,0.1,0.0,stop
AAP,2009-06-10,2009-07-02,43.5,41.689998626708984,16,-0.04160922697220726,1.0,9222.0,0.1,12.719999999999999,egg
PEGA,2009-06-08,2009-07-09,6.574999809265137,5.757500171661377,22,-0.12433454924999132,1.0,9224.724732398987,0.1,10.522499999999999,stop
SMTC,2009-06-16,2009-07-09,16.030000686645508,15.210000038146973,16,-0.05115412435270028,1.0,9121.070390701294,0.1,0.0,egg
EEFT,2009-07-01,2009-07-09,19.65999984741211,18.200000762939453,5,-0.07426241585982718,1.0,9161.559928894043,0.1,0.0,stop
ICUI,2009-06-25,2009-07-23,40.119998931884766,38.709999084472656,19,-0.035144563433463394,1.0,8946.759761810303,0.1,0.0,sma
EW,2009-06-11,2009-07-31,5.449166774749756,5.446667194366455,35,-0.00045870873229336695,1.0,9219.990182876587,0.1,0.0,sma
AN,2009-06-19,2009-07-31,17.059999465942383,20.469999313354492,29,0.19988276401881722,0.5,9144.159713745117,0.1,0.0,strength
GPI,2009-07-06,2009-07-31,24.0,28.889999389648438,19,0.20374997456868482,0.49868073878627966,9096.0,0.1,0.0,strength
ORCL,2009-07-15,2009-08-06,21.510000228881836,21.420000076293945,16,-0.004184107467699927,1.0,9034.200096130371,0.1,0.0,egg
OSK,2009-08-03,2009-08-07,30.940000534057617,25.350000381469727,4,-0.18067227072070102,1.0,9498.580163955688,0.1,0.0,stop
MSCI,2009-07-22,2009-08-27,25.360000610351562,30.600000381469727,26,0.20662459167998892,0.5,9231.040222167969,0.1,0.0,strength
FFIV,2009-08-06,2009-08-28,36.56999969482422,34.560001373291016,16,-0.05496303905678401,1.0,9544.769920349121,0.1,0.0,egg
CRI,2009-08-07,2009-08-31,26.059999465942383,25.489999771118164,16,-0.021872590426148975,1.0,9355.539808273315,0.1,0.0,egg
AN,2009-06-19,2009-09-02,17.059999465942383,17.81999969482422,52,0.04454866662798307,0.5,9144.159713745117,0.1,0.0,sma
GPI,2009-07-06,2009-09-02,24.0,26.469999313354492,42,0.10291663805643725,0.5013192612137203,9096.0,0.1,0.0,sma
FISV,2009-07-31,2009-09-03,11.852499961853027,11.800000190734863,24,-0.004429425968119238,1.0,9446.442469596863,0.1,0.0,sma
CVLT,2009-07-06,2009-09-03,16.3700008392334,19.940000534057617,43,0.2180818272329057,0.4990990990990991,9085.350465774536,0.1,0.0,strength
SLAB,2009-06-30,2009-09-08,37.97999954223633,46.97999954223633,48,0.23696682750065312,0.4979253112033195,9153.179889678955,0.1,0.0,strength
MSCI,2009-07-22,2009-09-17,25.360000610351562,27.6299991607666,40,0.08951098169486871,0.5,9231.040222167969,0.1,0.0,sma
NEU,2009-08-05,2009-09-18,78.27999877929688,95.48999786376953,31,0.21985180573385854,0.4959349593495935,9628.439849853516,0.1,15.25,strength
LZB,2009-08-31,2009-09-25,8.470000267028809,8.380000114440918,18,-0.010625755578572371,1.0,9562.630301475525,0.1,0.0,breakeven
ASH,2009-09-02,2009-09-25,17.27005958557129,20.50391387939453,16,0.18725206348014267,0.5,9256.751937866211,0.1,0.0,strength
RDN,2009-09-03,2009-09-28,8.350000381469727,10.5,16,0.25748497249192237,0.5,9368.700428009033,0.1,0.0,strength
SNX,2009-07-28,2009-10-02,14.229999542236328,14.704999923706055,47,0.03338021059381413,1.0,9334.879699707031,0.1,0.0,sma
VSH,2009-09-17,2009-10-02,7.416741847991943,6.444643974304199,11,-0.13106804761594015,1.0,10680.108261108398,0.1,0.0,stop
SLAB,2009-06-30,2009-10-05,37.97999954223633,43.38999938964844,67,0.14244338895780717,0.5020746887966805,9153.179889678955,0.1,0.0,sma
RDN,2009-09-03,2009-10-12,8.350000381469727,8.399999618530273,26,0.005987932308542776,0.5,9368.700428009033,0.1,0.0,sma
VECO,2009-09-02,2009-10-15,20.549999237060547,26.110000610351562,30,0.2705596875772105,0.5,9247.499656677246,0.1,0.0,strength
CAR,2009-10-05,2009-10-19,12.779999732971191,11.680000305175781,10,-0.08607194450540678,1.0,9789.479795455933,0.1,0.0,stop
AGO,2009-10-12,2009-10-26,20.139999389648438,18.31999969482422,10,-0.09036741558987649,1.0,10231.119689941406,0.1,0.0,stop
AWI,2009-09-25,2009-10-26,33.02000045776367,39.459999084472656,21,0.19503326885008598,0.5,10104.120140075684,0.1,0.0,strength
ASH,2009-09-02,2009-10-27,17.27005958557129,19.33953094482422,38,0.1198300068971343,0.5,9256.751937866211,0.1,0.0,sma
OI,2009-08-28,2009-10-28,34.7400016784668,34.84000015258789,42,0.002878482132690152,1.0,9553.50046157837,0.1,0.0,sma
CVLT,2009-07-06,2009-10-29,16.3700008392334,19.799999237060547,82,0.20952951875277814,0.5009009009009009,9085.350465774536,0.1,0.0,sma
WBD,2009-10-02,2009-10-29,14.82882022857666,14.246294975280762,19,-0.0392833175071684,1.0,9875.994272232056,0.1,0.0,sma
ULTA,2009-10-19,2009-10-29,16.950000762939453,15.479999542236328,8,-0.08672573183107035,1.0,10288.650463104248,0.1,0.0,stop
PVH,2009-10-26,2009-10-29,42.959999084472656,39.380001068115234,3,-0.08333328893508674,1.0,10138.559783935547,0.1,0.0,stop
VECO,2009-09-02,2009-11-05,20.549999237060547,23.329999923706055,45,0.13527984378860536,0.5,9247.499656677246,0.1,0.0,sma
COF,2009-10-28,2009-11-30,37.38999938964844,37.5,22,0.0029419794636855734,1.0,9945.739837646484,0.1,13.3,sma
AAPL,2009-10-29,2009-12-07,7.012499809265137,6.904285907745361,26,-0.015431572828964568,1.0,9663.224737167358,0.1,0.0,sma
INVX,2009-10-02,2009-12-09,48.310001373291016,52.18000030517578,47,0.08010761378335118,1.0,9855.240280151367,0.1,0.0,sma
FCX,2009-10-29,2009-12-09,39.084999084472656,38.5,28,-0.014967355716404729,1.0,9653.994773864746,0.1,0.0,sma
AWI,2009-09-25,2009-12-11,33.02000045776367,39.54999923706055,54,0.19775889426923188,0.5,10104.120140075684,0.1,0.0,sma
OSK,2009-12-09,2009-12-15,40.33000183105469,35.290000915527344,4,-0.12496902273003296,1.0,10122.830459594727,0.1,0.0,stop
HOG,2009-12-07,2009-12-18,28.600000381469727,25.899999618530273,9,-0.0944056198226072,1.0,10267.400136947632,0.1,35.9,stop
DAN,2009-11-30,2009-12-22,7.28000020980835,11.050000190734863,16,0.517857125312605,0.5,10162.880292892456,0.1,0.0,strength
CAT,2009-10-29,2010-01-04,57.25,57.650001525878906,44,0.006986926216225431,1.0,9618.0,0.1,0.0,sma
LULU,2009-11-05,2010-01-06,12.890000343322754,15.925000190734863,41,0.23545382207722687,0.4993342210386152,9680.390257835388,0.1,0.0,strength
ISRG,2009-10-27,2010-01-07,28.666667938232422,34.524444580078125,49,0.20434103658183633,0.4985754985754986,10062.00044631958,0.1,0.0,strength
GPN,2009-10-29,2010-01-11,24.684999465942383,24.46500015258789,49,-0.008912267292451093,1.0,9651.834791183472,0.1,3.91,sma
LZB,2009-12-22,2010-01-12,10.109999656677246,9.289999961853027,13,-0.08110778661427964,1.0,10564.949641227722,0.1,0.0,stop
HL,2009-12-11,2010-01-19,6.510000228881836,6.190000057220459,24,-0.04915517056999252,1.0,10175.13035774231,0.1,0.0,sma
CENX,2010-01-12,2010-01-22,16.3799991607666,13.670000076293945,7,-0.1654456180293129,1.0,10794.41944694519,0.1,0.0,stop
EHC,2009-12-09,2010-01-25,14.685759544372559,15.091487884521484,30,0.02762733101567072,1.0,10118.488326072693,0.1,0.0,sma
WHR,2009-12-15,2010-01-25,77.44999694824219,79.33999633789062,26,0.024402833623240472,1.0,10300.849594116211,0.1,0.0,sma
SHO,2010-01-19,2010-01-25,9.770000457763672,9.069999694824219,4,-0.07164797647304122,1.0,10551.600494384766,0.1,0.0,stop
NEU,2009-08-05,2010-01-27,78.27999877929688,111.3499984741211,120,0.4224578463275399,0.5040650406504065,9628.439849853516,0.1,38.75,sma
LULU,2009-11-05,2010-01-29,12.890000343322754,14.21500015258789,57,0.10279284514926412,0.5006657789613849,9680.390257835388,0.1,0.0,sma
SM,2010-01-25,2010-01-29,36.5099983215332,33.54999923706055,4,-0.08107365709537384,1.0,10222.799530029297,0.1,0.0,stop
PSKY,2010-01-11,2010-02-01,14.09000015258789,13.0,14,-0.07735983965817717,1.0,10919.750118255615,0.1,0.0,stop
EWBC,2010-01-04,2010-02-05,16.040000915527344,15.300000190734863,23,-0.04613470589494362,1.0,10538.280601501465,0.1,0.0,sma
CVBF,2010-01-25,2010-02-05,9.5600004196167,8.699999809265137,9,-0.08995821889158906,1.0,10238.760449409485,0.1,0.0,stop
DAN,2009-11-30,2010-02-08,7.28000020980835,9.729999542236328,47,0.33653836014003025,0.5,10162.880292892456,0.1,0.0,sma
GE,2010-01-27,2010-02-19,78.11672973632812,77.34993743896484,16,-0.009815980519812806,1.0,10155.174865722656,0.1,0.0,egg
AAL,2010-01-29,2010-02-23,5.309999942779541,7.090000152587891,16,0.33521661562892624,0.5,10152.719890594482,0.1,0.0,strength
RCL,2010-02-01,2010-02-24,26.600000381469727,26.399999618530273,16,-0.0075188255665883386,1.0,10081.400144577026,0.1,0.0,egg
SANM,2010-02-08,2010-03-03,13.069999694824219,17.40999984741211,16,0.3320581678595258,0.5,9776.359771728516,0.1,0.0,strength
EZPW,2010-01-25,2010-03-10,17.59000015258789,21.530000686645508,31,0.22399093234106382,0.5,10237.380088806152,0.1,0.0,strength
ISRG,2009-10-27,2010-04-07,28.666667938232422,38.22222137451172,110,0.33333324461944747,0.5014245014245015,10062.00044631958,0.1,0.0,sma
AAL,2010-01-29,2010-04-08,5.309999942779541,7.840000152587891,47,0.4764595550040649,0.5,10152.719890594482,0.1,0.0,sma
ALGT,2010-02-22,2010-04-12,52.380001068115234,54.15999984741211,34,0.033982412046577704,1.0,10580.760215759277,0.1,0.0,sma
FULT,2010-01-22,2010-04-12,9.069999694824219,10.869999885559082,54,0.19845647754123186,0.4995602462620932,10312.589653015137,0.1,17.04,strength
PTC,2010-01-29,2010-04-22,16.559999465942383,19.979999542236328,57,0.2065217503978538,0.499184339314845,10151.27967262268,0.1,0.0,strength
SGI,2010-02-24,2010-04-22,6.869999885559082,8.592499732971191,40,0.2507277840037303,0.49967637540453075,10614.149823188782,0.1,0.0,strength
GNTX,2010-02-05,2010-04-26,9.46500015258789,11.180000305175781,54,0.18119388536079217,0.49951314508276534,9720.555156707764,0.1,28.215,strength
DE,2010-04-07,2010-04-29,60.400001525878906,60.15999984741211,16,-0.003973537622577128,1.0,11415.600288391113,0.1,0.0,egg
BC,2010-04-08,2010-04-30,16.59000015258789,22.549999237060547,16,0.3592525032944589,0.4992700729927007,11364.150104522705,0.1,0.0,strength
EZPW,2010-01-25,2010-05-03,17.59000015258789,20.799999237060547,68,0.1824899975342178,0.5,10237.380088806152,0.1,0.0,sma
FULT,2010-01-22,2010-05-05,9.069999694824219,10.210000038146973,71,0.1256891269768503,0.5004397537379067,10312.589653015137,0.1,17.07,sma
PTC,2010-01-29,2010-05-05,16.559999465942383,17.809999465942383,66,0.07548309422175858,0.5008156606851549,10151.27967262268,0.1,0.0,sma
SANM,2010-02-08,2010-05-05,13.069999694824219,15.949999809265137,60,0.2203519649339709,0.5,9776.359771728516,0.1,0.0,sma
CBT,2010-02-05,2010-05-06,28.280000686645508,30.920000076293945,62,0.09335216851303363,1.0,9728.320236206055,0.1,61.919999999999995,sma
CNK,2010-04-12,2010-05-06,18.139999389648438,18.200000762939453,18,0.003307683313664045,1.0,11555.179611206055,0.1,0.0,sma
DAN,2010-05-03,2010-05-06,13.760000228881836,12.520000457763672,3,-0.09011626093693237,1.0,12122.560201644897,0.1,0.0,stop
GNTX,2010-02-05,2010-05-07,9.46500015258789,10.069999694824219,63,0.06391965477897132,0.5004868549172347,9720.555156707764,0.1,28.27,sma
UAL,2010-04-29,2010-05-07,21.469999313354492,18.040000915527344,6,-0.15975773206912336,1.0,11937.319618225098,0.1,0.0,stop
SGI,2010-02-24,2010-05-10,6.869999885559082,8.119999885559082,52,0.18195051249237015,0.5003236245954693,10614.149823188782,0.1,0.0,sma
JLL,2010-05-05,2010-05-10,79.7300033569336,77.19000244140625,3,-0.0318575292685781,1.0,11800.040496826172,0.1,0.0,stop
SAFE,2010-05-06,2010-05-10,34.07320785522461,32.22351837158203,2,-0.05428574531349728,1.0,11618.963878631592,0.1,0.0,stop
PRGO,2010-05-05,2010-05-21,61.66999816894531,55.209999084472656,12,-0.10475108280002621,1.0,11840.6396484375,0.1,0.0,stop
MTB,2010-05-05,2010-05-21,87.41000366210938,78.5,12,-0.10193345485434058,1.0,11800.350494384766,0.1,0.0,stop
SLG,2010-05-06,2010-05-21,66.78204345703125,59.03150177001953,11,-0.11605727057451531,1.0,11620.075561523438,0.1,0.0,stop
OC,2010-05-06,2010-05-21,33.88999938964844,29.739999771118164,11,-0.12245499242463465,1.0,11624.269790649414,0.1,0.0,stop
BC,2010-04-08,2010-05-27,16.59000015258789,18.239999771118164,35,0.0994574806120716,0.5007299270072992,11364.150104522705,0.1,0.0,sma
SBUX,2010-05-10,2010-05-27,13.520000457763672,12.729999542236328,13,-0.058432018400834895,1.0,10991.760372161865,0.1,0.0,stop
AKAM,2010-05-07,2010-06-04,35.709999084472656,42.099998474121094,19,0.17894146047253545,0.5,11355.779708862305,0.1,0.0,strength
NPO,2010-05-28,2010-06-10,31.579999923706055,29.420000076293945,8,-0.06839771540945028,1.0,11368.79997253418,0.1,0.0,stop
SAM,2010-05-10,2010-06-16,59.099998474121094,70.61000061035156,26,0.19475469430461168,0.5,10992.599716186523,0.1,0.0,strength
ALK,2010-05-10,2010-06-17,10.862500190734863,13.324999809265137,27,0.22669731418100736,0.5,10992.850193023682,0.1,0.0,strength
UHS,2010-05-10,2010-06-30,36.650001525878906,38.529998779296875,36,0.05129596657971458,1.0,10995.000457763672,0.1,15.0,sma
ALK,2010-05-10,2010-06-30,10.862500190734863,11.364999771118164,36,0.04626002960275266,0.5,10992.850193023682,0.1,0.0,sma
UNFI,2010-06-16,2010-06-30,33.0099983215332,30.309999465942383,10,-0.081793365431029,1.0,11619.519409179688,0.1,0.0,stop
LULU,2010-06-22,2010-06-30,20.735000610351562,18.790000915527344,6,-0.09380273149609719,1.0,11528.660339355469,0.1,0.0,stop
AKAM,2010-05-07,2010-07-02,35.709999084472656,40.470001220703125,39,0.13329605875851747,0.5,11355.779708862305,0.1,0.0,sma
DLTR,2010-06-21,2010-07-14,21.016666412353516,20.799999237060547,16,-0.010309302676356547,1.0,11601.19985961914,0.1,0.0,egg
IT,2010-06-22,2010-07-15,24.93000030517578,24.520000457763672,16,-0.016446042615049117,1.0,11517.660140991211,0.1,0.0,egg
HSY,2010-06-21,2010-07-23,49.31999969482422,47.810001373291016,23,-0.030616348963434126,1.0,11590.199928283691,0.1,0.0,sma
SAM,2010-05-10,2010-08-03,59.099998474121094,67.87999725341797,59,0.14856174291005253,0.5,10992.599716186523,0.1,0.0,sma
LSCC,2010-08-03,2010-08-11,5.5,4.849999904632568,6,-0.1181818355213512,1.0,11088.0,0.1,0.0,stop
AAL,2010-08-04,2010-08-12,10.029999732971191,8.930000305175781,6,-0.10967093290934282,1.0,11073.119705200195,0.1,0.0,stop
PII,2010-08-03,2010-08-16,29.825000762939453,27.104999542236328,9,-0.09119869743919662,1.0,11065.075283050537,0.1,0.0,stop
UAL,2010-08-04,2010-08-20,22.610000610351562,20.579999923706055,12,-0.08978330967917403,1.0,11056.290298461914,0.1,0.0,stop
SWKS,2010-08-03,2010-08-25,17.8700008392334,17.040000915527344,16,-0.04644655202722758,1.0,11079.400520324707,0.1,0.0,egg
EW,2010-08-03,2010-08-25,9.576666831970215,9.451666831970215,16,-0.01305255807612593,1.0,11089.780191421509,0.1,0.0,egg
DLR,2010-08-04,2010-08-26,62.18000030517578,59.040000915527344,16,-0.050498542525530765,1.0,11068.040054321289,0.1,0.0,egg
CRM,2010-09-17,2010-10-07,29.184999465942383,26.704999923706055,14,-0.08497514434188624,1.0,10769.26480293274,0.1,0.0,stop
CMI,2010-08-11,2010-10-15,77.80999755859375,94.37000274658203,46,0.21282618824808464,0.49640287769784175,10815.589660644531,0.1,18.147000000000002,strength
AAP,2010-06-21,2010-10-26,51.34000015258789,62.0099983215332,89,0.20783011564536324,0.5,11602.840034484863,0.1,13.559999999999999,strength
CCI,2010-09-16,2010-10-28,41.63999938964844,42.65999984741211,30,0.02449568858584672,1.0,10743.119842529297,0.1,0.0,sma
BWA,2010-09-16,2010-11-05,20.97271156311035,25.779048919677734,36,0.2291710035731107,0.5,10738.0283203125,0.1,0.0,strength
TMUS,2010-09-17,2010-11-05,18.920000076293945,22.940000534057617,35,0.21247359627659734,0.4991212653778559,10765.480043411255,0.1,0.0,strength
CMS,2010-09-17,2010-11-10,17.729999542236328,18.18000030517578,38,0.02538075434618392,1.0,10762.109722137451,0.1,127.47,sma
AZO,2010-08-03,2010-11-11,206.8300018310547,248.9600067138672,71,0.20369387666120908,0.49056603773584906,10961.990097045898,0.1,0.0,strength
UAA,2010-10-28,2010-11-26,5.869999885559082,7.152500152587891,20,0.21848386576359502,0.5,11352.579778671265,0.1,0.0,strength
OSIS,2010-11-10,2010-12-03,37.279998779296875,33.029998779296875,16,-0.11400214965565403,1.0,11892.319610595703,0.1,0.0,stop
MCD,2010-09-15,2010-12-10,74.70999908447266,77.6500015258789,61,0.03935219485255326,1.0,10758.239868164062,0.1,87.84,sma
SMTC,2010-12-03,2010-12-28,24.1299991607666,23.110000610351562,16,-0.04227097330668261,1.0,12330.429571151733,0.1,0.0,egg
AAP,2010-06-21,2011-01-04,51.34000015258789,65.45999908447266,137,0.2750291953626538,0.5,11602.840034484863,0.1,20.34,sma
DLTR,2010-12-10,2011-01-04,28.329999923706055,28.2450008392334,16,-0.003000320674252155,1.0,12380.209966659546,0.1,0.0,egg
AZO,2010-08-03,2011-01-06,206.8300018310547,254.0399932861328,109,0.2282550453857306,0.5094339622641509,10961.990097045898,0.1,0.0,sma
UAA,2010-10-28,2011-01-10,5.869999885559082,6.651249885559082,50,0.13309199578043795,0.5,11352.579778671265,0.1,0.0,sma
TDC,2010-10-07,2011-01-12,37.45000076293945,45.650001525878906,67,0.21895862739351868,0.4983388704318937,11272.450229644775,0.1,0.0,strength
CMI,2010-08-11,2011-01-31,77.80999755859375,106.69999694824219,119,0.37128904120441875,0.5035971223021583,10815.589660644531,0.1,36.82,sma
BWA,2010-09-16,2011-01-31,20.97271156311035,29.828344345092773,94,0.4222454857749014,0.5,10738.0283203125,0.1,0.0,sma
TTC,2010-10-15,2011-01-31,14.3725004196167,15.1850004196167,73,0.05653156905746459,1.0,11325.530330657959,0.1,39.400000000000006,sma
WLK,2011-01-06,2011-01-31,21.350000381469727,19.3700008392334,16,-0.09274002374045975,1.0,12425.70022201538,0.1,0.0,stop
TTMI,2010-12-28,2011-02-11,15.079999923706055,17.829999923706055,32,0.18236074362818444,0.4993909866017052,12380.67993736267,0.1,0.0,strength
NPO,2011-01-04,2011-02-18,41.56999969482422,41.54999923706055,32,-0.00048112720496751304,1.0,12429.429908752441,0.1,0.0,sma
GNTX,2011-01-31,2011-02-23,16.03499984741211,15.899999618530273,16,-0.008419097609384973,1.0,12346.949882507324,0.1,0.0,egg
TMUS,2010-09-17,2011-02-24,18.920000076293945,26.020000457763672,110,0.3752642892621212,0.5008787346221442,10765.480043411255,0.1,0.0,sma
FLR,2011-01-04,2011-02-24,64.55000305175781,68.05999755859375,35,0.054376364692369394,1.0,12393.6005859375,0.1,0.0,sma
IDCC,2011-01-31,2011-02-25,48.150001525878906,47.33000183105469,18,-0.01703010734866739,1.0,12326.400390625,0.1,0.0,breakeven
JAZZ,2011-01-10,2011-03-04,21.549999237060547,26.459999084472656,37,0.22784222836389478,0.5,12283.499565124512,0.1,0.0,strength
DY,2011-01-31,2011-03-08,16.06999969482422,15.850000381469727,25,-0.013690063318753443,1.0,12341.759765625,0.1,0.0,sma
SWKS,2011-01-31,2011-03-10,31.770000457763672,30.90999984741211,27,-0.02706958130185999,1.0,12326.760177612305,0.1,0.0,sma
TTMI,2010-12-28,2011-03-11,15.079999923706055,15.800000190734863,51,0.047745376039223686,0.5006090133982948,12380.67993736267,0.1,0.0,sma
AA,2011-02-18,2011-03-11,41.523841857910156,37.19844055175781,14,-0.1041666934613944,1.0,13329.15323638916,0.1,0.0,stop
SAH,2011-03-10,2011-03-17,14.710000038146973,12.949999809265137,5,-0.11964651422961814,1.0,12768.280033111572,0.1,21.700000000000003,stop
AMP,2011-02-24,2011-03-18,63.29999923706055,60.849998474121094,16,-0.03870459387786285,1.0,12659.99984741211,0.1,0.0,egg
URI,2011-02-25,2011-03-21,32.189998626708984,31.170000076293945,16,-0.03168681559273867,1.0,12650.66946029663,0.1,0.0,egg
THC,2011-03-11,2011-04-12,28.360000610351562,26.440000534057617,22,-0.06770098853922923,1.0,12478.400268554688,0.1,0.0,stop
BKR,2011-02-24,2011-04-13,68.94000244140625,68.0,34,-0.013635079897265423,1.0,12616.020446777344,0.1,0.0,sma
CDE,2011-04-12,2011-04-15,34.61000061035156,32.810001373291016,3,-0.05200806718628548,1.0,12701.870223999023,0.1,0.0,stop
HUBB,2011-02-23,2011-04-19,64.69999694824219,66.44000244140625,39,0.026893440111844358,1.0,12875.299392700195,0.1,75.62,sma
WCC,2011-03-17,2011-04-20,58.939998626708984,59.810001373291016,24,0.014760820611688708,1.0,12141.63971710205,0.1,0.0,sma
UPBD,2011-03-21,2011-04-27,33.939998626708984,30.25,26,-0.10872123677121048,1.0,12354.15950012207,0.1,21.84,stop
CVI,2011-04-13,2011-05-04,22.329999923706055,19.709999084472656,14,-0.11733098290125576,1.0,12638.779956817627,0.1,0.0,stop
JAZZ,2011-01-10,2011-05-05,21.549999237060547,28.899999618530273,80,0.3410673151593242,0.5,12283.499565124512,0.1,0.0,sma
EXEL,2011-03-08,2011-05-05,11.34000015258789,11.0,41,-0.029982376367984398,1.0,12848.22017288208,0.1,0.0,sma
BKNG,2011-03-11,2011-05-17,18.527599334716797,19.994400024414062,46,0.07916841589664525,1.0,12487.601951599121,0.1,0.0,sma
PLD,2011-04-27,2011-05-19,36.25,35.470001220703125,16,-0.021517207704741415,1.0,12796.25,0.1,98.84,egg
WRLD,2011-05-05,2011-05-19,66.93000030517578,61.220001220703125,10,-0.08531299952842064,1.0,12515.910057067871,0.1,0.0,stop
EMN,2011-03-18,2011-05-24,46.900001525878906,50.380001068115234,46,0.07420041426472235,1.0,12287.800399780273,0.1,0.0,sma
LSCC,2011-05-19,2011-05-25,6.840000152587891,6.230000019073486,4,-0.08918130407988556,1.0,12551.40027999878,0.1,0.0,stop
HRL,2011-04-19,2011-05-26,14.154999732971191,14.3100004196167,26,0.010950242993255976,1.0,12682.879760742188,0.1,0.0,sma
ULTA,2011-04-15,2011-06-03,50.06999969482422,49.9900016784668,33,-0.0015977235239665877,1.0,12617.639923095703,0.1,0.0,sma
SGI,2011-05-04,2011-06-07,14.797499656677246,14.417499542236328,23,-0.02568002184540996,1.0,12711.052205085754,0.1,0.0,sma
TMUS,2011-04-20,2011-06-08,33.2400016784668,33.540000915527344,33,0.009025247349938814,1.0,12664.44063949585,0.1,0.0,sma
COR,2011-05-17,2011-06-09,42.040000915527344,40.970001220703125,16,-0.02545194270985418,1.0,12443.840270996094,0.1,34.04,egg
WAT,2011-05-18,2011-06-10,98.45999908447266,93.55999755859375,16,-0.049766418560242,1.0,12307.499885559082,0.1,0.0,egg
OKE,2011-05-24,2011-06-16,30.555068969726562,30.12607192993164,16,-0.014040126704343736,1.0,12252.582656860352,0.1,0.0,egg
CAH,2011-05-26,2011-06-20,45.36000061035156,43.650001525878906,16,-0.03769839200757019,1.0,12201.84016418457,0.1,0.0,egg
MSI,2011-05-26,2011-06-20,46.880001068115234,45.40999984741211,16,-0.031356680614560095,1.0,12188.800277709961,0.1,0.0,egg
MCO,2011-06-03,2011-06-27,39.43000030517578,37.189998626708984,16,-0.05680957801496045,1.0,12105.010093688965,0.1,0.0,egg
VMRK,2011-06-09,2011-07-01,60.540000915527344,60.130001068115234,16,-0.0067723792734029065,1.0,11744.760177612305,0.1,65.572,egg
HUM,2011-05-24,2011-07-21,78.0,79.88999938964844,40,0.02423076140574909,1.0,12246.0,0.1,39.25,sma
DINO,2011-06-27,2011-07-26,31.0,37.119998931884766,20,0.19741932038337962,0.49868766404199477,11811.0,0.1,0.0,strength
TDC,2010-10-07,2011-07-28,37.45000076293945,55.0,203,0.4686248031916742,0.5016611295681063,11272.450229644775,0.1,0.0,sma
CI,2011-06-10,2011-07-28,49.09000015258789,50.150001525878906,33,0.02159302037066979,1.0,11830.690036773682,0.1,0.0,sma
MNST,2011-06-20,2011-07-28,6.152500152587891,6.267499923706055,27,0.018691551120042282,1.0,11572.852787017822,0.1,0.0,sma
NDSN,2011-07-21,2011-07-29,55.77000045776367,50.5,6,-0.0944952557738421,1.0,12604.02010345459,0.1,0.0,stop
ST,2011-06-08,2011-08-01,35.47999954223633,35.459999084472656,37,-0.0005637107672412656,1.0,11814.839847564697,0.1,0.0,sma
ESS,2011-07-01,2011-08-04,137.58999633789062,133.10000610351562,23,-0.032633115443571725,1.0,12245.509674072266,0.1,0.0,sma
CE,2011-07-28,2011-08-04,54.77000045776367,48.619998931884766,5,-0.11228777568883774,1.0,12213.710102081299,0.1,0.0,stop
CNP,2011-06-07,2011-08-05,19.09000015258789,18.739999771118164,42,-0.018334226226932704,1.0,11740.350093841553,0.1,0.0,sma
CVSA,2011-06-16,2011-08-05,56.540000915527344,59.939998626708984,35,0.060134376655942345,1.0,11647.240188598633,0.1,0.0,sma
CPT,2011-06-20,2011-08-05,64.77999877929688,62.83000183105469,33,-0.030101836754979794,1.0,11530.839782714844,0.1,87.22,sma
PII,2011-07-28,2011-08-05,58.8849983215332,53.42499923706055,6,-0.09272309145122337,1.0,12189.194652557373,0.1,0.0,stop
LULU,2011-07-28,2011-08-05,61.68000030517578,57.18000030517578,6,-0.07295719808260748,1.0,12212.640060424805,0.1,0.0,stop
KEX,2011-07-29,2011-08-05,58.31999969482422,54.029998779296875,5,-0.07355968686515735,1.0,12130.559936523438,0.1,0.0,stop
DINO,2011-06-27,2011-08-08,31.0,32.20000076293945,29,0.03870970203030488,0.5013123359580053,11811.0,0.1,0.0,sma
DPZ,2011-08-01,2011-08-09,26.920000076293945,23.639999389648438,6,-0.12184252144686702,1.0,12114.000034332275,0.1,0.0,stop
DG,2011-10-31,2011-11-22,39.65999984741211,39.09000015258789,16,-0.014372155749299953,1.0,11184.119956970215,0.1,0.0,egg
TDY,2011-10-31,2011-11-22,54.470001220703125,52.20000076293945,16,-0.041674323607337915,1.0,11166.35025024414,0.1,0.0,egg
CMG,2011-11-09,2011-11-22,6.656799793243408,6.083799839019775,9,-0.08607739034080952,1.0,11236.678050994873,0.1,0.0,stop
CVLT,2011-12-08,2011-12-22,48.0,40.81999969482422,10,-0.1495833396911621,1.0,11088.0,0.1,0.0,stop
MANH,2011-12-08,2011-12-29,11.15250015258789,10.067500114440918,14,-0.09728760576570827,1.0,11096.737651824951,0.1,0.0,stop
VSAT,2011-12-08,2012-01-09,45.869998931884766,45.08000183105469,20,-0.017222522764894665,1.0,11100.539741516113,0.1,0.0,sma
LQDT,2011-12-27,2012-01-20,36.90999984741211,35.150001525878906,16,-0.04768350931479626,1.0,11220.639953613281,0.1,0.0,egg
OZK,2011-12-08,2012-01-27,13.539999961853027,14.210000038146973,33,0.04948301906806307,1.0,11102.799968719482,0.1,45.1,sma
OKE,2011-12-08,2012-01-31,35.475399017333984,36.68359375,35,0.034057255623133775,1.0,11103.799892425537,0.1,83.580077,sma
V,2011-11-09,2012-02-10,23.282499313354492,27.947500228881836,63,0.2003651263011772,0.5,11222.164669036865,0.1,13.255,strength
HALO,2011-12-27,2012-02-15,9.609999656677246,11.699999809265137,34,0.21748181344998385,0.5,11243.699598312378,0.1,0.0,strength
BMRN,2012-01-20,2012-02-22,35.20000076293945,35.75,22,0.015624977986921529,1.0,11334.400245666504,0.1,0.0,sma
DG,2011-12-08,2012-02-23,39.9900016784668,41.380001068115234,51,0.034758672950916614,1.0,11077.230464935303,0.1,0.0,sma
PZZA,2011-12-08,2012-02-23,18.420000076293945,18.75,51,0.01791530523014262,1.0,11088.840045928955,0.1,0.0,sma
DY,2012-01-09,2012-03-01,21.149999618530273,21.399999618530273,36,0.011820331182463395,1.0,11082.599800109863,0.1,0.0,sma
LZB,2012-02-23,2012-03-07,14.760000228881836,13.420000076293945,9,-0.09078591678920345,1.0,11601.360179901123,0.1,0.0,stop
REGN,2012-02-23,2012-04-04,103.31999969482422,123.30000305175781,29,0.19337982400259812,0.5,11571.839965820312,0.1,0.0,strength
STX,2012-03-01,2012-04-09,27.360000610351562,25.549999237060547,26,-0.06615501947782154,1.0,11628.000259399414,0.1,0.0,sma
URI,2012-02-22,2012-04-10,41.150001525878906,41.33000183105469,33,0.00437424783721041,1.0,11727.750434875488,0.1,0.0,sma
HALO,2011-12-27,2012-04-11,9.609999656677246,10.729999542236328,72,0.11654525760371715,0.5,11243.699598312378,0.1,0.0,sma
TCBI,2012-02-10,2012-04-11,32.380001068115234,33.20000076293945,41,0.025324263983168116,1.0,11689.1803855896,0.1,0.0,sma
ORLY,2011-12-30,2012-04-19,5.329999923706055,6.428667068481445,75,0.20612892317106546,0.5,11214.319839477539,0.1,0.0,strength
ROST,2012-01-31,2012-04-27,25.40999984741211,30.75,61,0.2101534901477673,0.4988662131519274,11205.80993270874,0.1,15.400000000000002,strength
DLTR,2012-01-27,2012-04-30,42.31999969482422,51.04499816894531,64,0.20616726221735227,0.5,11172.479919433594,0.1,0.0,strength
V,2011-11-09,2012-05-04,23.282499313354492,29.05500030517578,121,0.24793304679752604,0.5,11222.164669036865,0.1,26.51,sma
FICO,2012-03-07,2012-05-07,40.029998779296875,41.459999084472656,42,0.03572321630734998,1.0,11568.669647216797,0.1,0.0,sma
FUL,2012-04-11,2012-05-07,31.829999923706055,31.360000610351562,18,-0.014765922541031817,1.0,11777.09997177124,0.1,31.450000000000003,sma
LOW,2012-04-09,2012-05-09,31.09000015258789,30.389999389648438,22,-0.02251530265371149,1.0,12249.460060119629,0.1,55.160000000000004,sma
HII,2012-04-11,2012-05-10,39.02000045776367,37.29999923706055,21,-0.04407998976229899,1.0,11784.040138244629,0.1,0.0,sma
ORLY,2011-12-30,2012-05-18,5.329999923706055,6.331333160400391,96,0.1878674016937112,0.5,11214.319839477539,0.1,0.0,sma
DLTR,2012-01-27,2012-05-18,42.31999969482422,47.61000061035156,78,0.12500002253483755,0.5,11172.479919433594,0.1,0.0,sma
PSKY,2012-05-04,2012-05-18,33.220001220703125,30.209999084472656,10,-0.0906081284053234,1.0,12457.500457763672,0.1,0.0,stop
REGN,2012-02-23,2012-05-21,103.31999969482422,120.38999938964844,61,0.1652148639686779,0.5,11571.839965820312,0.1,0.0,sma
CVI,2012-05-18,2012-05-24,30.469999313354492,27.889999389648438,4,-0.08467344869861171,1.0,11700.479736328125,0.1,0.0,stop
CCI,2012-05-07,2012-05-30,56.04999923706055,54.5099983215332,16,-0.027475485039955005,1.0,12330.99983215332,0.1,0.0,egg
PM,2012-05-07,2012-05-30,88.27999877929688,84.94999694824219,16,-0.03772090934640593,1.0,12270.919830322266,0.1,0.0,egg
VRSK,2012-04-10,2012-06-04,46.34000015258789,46.5099983215332,38,0.003668497375605151,1.0,12094.74003982544,0.1,0.0,sma
AME,2012-05-09,2012-06-04,33.439998626708984,32.47999954223633,17,-0.028708107772046687,1.0,12239.039497375488,0.1,0.0,sma
MAR,2012-05-10,2012-06-04,39.2400016784668,36.7400016784668,16,-0.06371049676513885,1.0,12125.16051864624,0.1,40.17,egg
TOL,2012-05-30,2012-06-05,27.229999542236328,23.860000610351562,4,-0.12376052106271895,1.0,11926.739799499512,0.1,0.0,stop
BMRN,2012-05-18,2012-06-12,36.599998474121094,36.34000015258789,16,-0.007103779573024882,1.0,11675.399513244629,0.1,0.0,egg
EAT,2012-06-06,2012-06-28,31.530000686645508,30.389999389648438,16,-0.03615608221283406,1.0,11571.510251998901,0.1,58.72,egg
ROST,2012-01-31,2012-06-29,25.40999984741211,31.329999923706055,105,0.2329791464716151,0.5011337868480725,11205.80993270874,0.1,30.94,sma
AEIS,2012-05-30,2012-07-11,13.600000381469727,12.899999618530273,29,-0.05147064289007064,1.0,11940.80033493042,0.1,0.0,sma
EBAY,2012-06-06,2012-07-11,17.230640411376953,16.696128845214844,24,-0.03102099245302481,1.0,11596.22099685669,0.1,0.0,sma
CRUS,2012-06-12,2012-07-11,28.56999969482422,26.010000228881836,20,-0.08960446248818676,1.0,11627.989875793457,0.1,0.0,stop
RHP,2012-05-24,2012-07-24,34.5,35.900001525878906,41,0.040579754373301524,1.0,11730.0,0.1,0.0,sma
ALGT,2012-05-18,2012-08-02,62.310001373291016,66.69000244140625,52,0.0702937084188977,1.0,11651.97025680542,0.1,0.0,sma
FISV,2012-06-28,2012-08-02,17.452499389648438,17.297500610351562,24,-0.00888117947099365,1.0,11832.79458618164,0.1,0.0,sma
HCA,2012-07-11,2012-08-02,27.90999984741211,26.229999542236328,16,-0.06019349030313792,1.0,11722.199935913086,0.1,0.0,egg
MATX,2012-07-11,2012-08-02,24.950000762939453,24.420000076293945,16,-0.021242511841232714,1.0,11726.500358581543,0.1,70.5,egg
CHD,2012-05-21,2012-08-08,26.360000610351562,26.774999618530273,55,0.01574351284406794,1.0,11651.12026977539,0.1,0.0,sma
ALGN,2012-08-02,2012-08-24,33.560001373291016,32.220001220703125,16,-0.03992848920603265,1.0,11611.760475158691,0.1,0.0,egg
TCBI,2012-06-06,2012-09-04,38.06999969482422,46.099998474121094,62,0.2109272089221632,0.5,11573.279907226562,0.1,0.0,strength
PHM,2012-08-02,2012-09-06,11.569999694824219,14.130000114440918,24,0.2212619262869906,0.5,11616.279693603516,0.1,0.0,strength
TJX,2012-07-24,2012-09-21,22.0049991607666,22.584999084472656,42,0.02635764352766512,1.0,11508.614561080933,0.1,30.0725,sma
SWKS,2012-08-02,2012-09-21,27.8700008392334,24.81999969482422,35,-0.10943670802175243,1.0,11593.920349121094,0.1,0.0,stop
RHP,2012-09-04,2012-09-26,40.400001525878906,38.68000030517578,16,-0.042574286033166375,1.0,12120.000457763672,0.1,0.0,egg
NEU,2012-08-24,2012-09-27,246.6699981689453,240.30999755859375,23,-0.02578343802473937,1.0,11840.159912109375,0.1,36.0,sma
AAPL,2012-08-02,2012-10-08,21.706785202026367,23.10285758972168,46,0.06431502291573721,1.0,11613.130083084106,0.1,50.634005,sma
EW,2012-09-21,2012-10-10,17.641666412353516,13.885000228881836,13,-0.21294281932692527,1.0,12349.166488647461,0.1,0.0,stop
DIS,2012-06-06,2012-10-12,45.529998779296875,50.54999923706055,90,0.1102569864343228,1.0,11564.619689941406,0.1,0.0,sma
URBN,2012-09-21,2012-10-15,38.75,36.72999954223633,16,-0.052129044071320574,1.0,12322.5,0.1,0.0,egg
SRPT,2012-09-27,2012-10-19,14.710000038146973,26.579999923706055,16,0.8069340485912297,0.5,12003.36003112793,0.1,0.0,strength
TCBI,2012-06-06,2012-10-24,38.06999969482422,47.2400016784668,98,0.24087213178752087,0.5,11573.279907226562,0.1,0.0,sma
MTH,2012-08-08,2012-10-26,18.030000686645508,17.985000610351562,56,-0.0024958444026724758,1.0,11773.590448379517,0.1,0.0,sma
GEO,2012-10-08,2012-11-01,18.600000381469727,18.559999465942383,16,-0.0021505868122021488,1.0,14043.000288009644,0.1,0.0,egg
MTN,2012-10-19,2012-11-13,58.029998779296875,52.33000183105469,15,-0.09822500548243596,1.0,13172.80972290039,0.1,0.0,stop
PMT,2012-10-10,2012-11-14,24.06999969482422,23.59000015258789,23,-0.01994181754557911,1.0,13479.199829101562,0.1,0.0,sma
PHM,2012-08-02,2012-11-15,11.569999694824219,15.229999542236328,72,0.3163353451987896,0.5,11616.279693603516,0.1,0.0,sma
AROC,2012-09-26,2012-11-15,19.649999618530273,19.719999313354492,34,0.003562325505503283,1.0,12222.29976272583,0.1,0.0,sma
BFH,2012-10-24,2012-11-19,113.94253540039062,109.65682220458984,16,-0.037612935158419236,1.0,12761.56396484375,0.1,0.0,egg
AMGN,2012-10-26,2012-11-21,87.62999725341797,86.62000274658203,16,-0.01152567087175782,1.0,12618.719604492188,0.1,51.839999999999996,egg
SBAC,2012-07-11,2012-12-03,56.77000045776367,69.13999938964844,99,0.21789675589465474,0.5,11694.620094299316,0.1,0.0,strength
SRPT,2012-09-27,2012-12-10,14.710000038146973,25.25,49,0.7165193701237242,0.5,12003.36003112793,0.1,0.0,sma
DVA,2012-11-20,2012-12-13,56.7400016784668,53.71500015258789,16,-0.05331338449760592,1.0,12539.540370941162,0.1,0.0,egg
LEN,2012-11-20,2012-12-13,36.26633834838867,35.93318176269531,16,-0.009186386077715603,1.0,12511.886730194092,0.1,0.0,egg
MAS,2012-11-20,2012-12-13,14.332161903381348,14.244288444519043,16,-0.006131207521565374,1.0,12526.309503555298,0.1,0.0,egg
LAMR,2012-11-21,2012-12-14,40.220001220703125,39.560001373291016,16,-0.016409742102950875,1.0,12588.860382080078,0.1,0.0,egg
GEO,2012-12-10,2013-01-03,19.213333129882812,19.15333366394043,16,-0.0031228036039756546,1.0,12527.093200683594,0.1,0.0,egg
CPAY,2012-10-12,2013-01-03,45.599998474121094,55.04999923706055,54,0.20723686577100464,0.5,13223.999557495117,0.1,0.0,strength
STC,2012-12-13,2013-01-08,26.780000686645508,26.84000015258789,16,0.002240457968782028,1.0,12693.72032546997,0.1,0.0,egg
SBAC,2012-07-11,2013-02-01,56.77000045776367,69.76000213623047,140,0.22881806541698424,0.5,11694.620094299316,0.1,0.0,sma
CCI,2012-11-01,2013-02-01,67.31999969482422,70.73999786376953,62,0.0508021120684623,1.0,12656.159942626953,0.1,0.0,sma
MPC,2013-01-03,2013-02-04,31.110000610351562,37.83000183105469,21,0.21600774956163482,0.5,13439.520263671875,0.1,0.0,strength
SNA,2012-11-20,2013-02-08,77.76000213623047,77.12999725341797,54,-0.00810191442264585,1.0,12519.360343933105,0.1,0.0,sma
PPG,2012-12-03,2013-02-21,60.470001220703125,65.32499694824219,54,0.08028767371476175,1.0,12759.17025756836,0.1,62.245,sma
AVNT,2012-12-13,2013-02-22,19.8799991607666,21.829999923706055,47,0.098088573705164,1.0,12683.439464569092,0.1,0.0,sma
VAC,2012-12-13,2013-02-22,39.900001525878906,40.38999938964844,47,0.012280647745131601,1.0,12688.200485229492,0.1,0.0,sma
WGO,2013-02-01,2013-02-26,19.1200008392334,17.8700008392334,16,-0.06537656616808585,1.0,13900.24061012268,0.1,0.0,egg
C,2013-02-01,2013-02-26,43.02000045776367,41.40999984741211,16,-0.037424467531845695,1.0,13895.460147857666,0.1,0.0,egg
AROC,2012-12-14,2013-03-04,21.239999771118164,25.610000610351562,52,0.2057439212017158,0.5,12616.55986404419,0.1,0.0,strength
CVI,2013-01-08,2013-03-05,49.2599983215332,60.38999938964844,38,0.2259440001493045,0.49814126394052044,13250.939548492432,0.1,737.0,strength
ECHO,2013-02-22,2013-03-18,31.085899353027344,30.777957916259766,16,-0.009906145332018168,1.0,13771.053413391113,0.1,0.0,egg
VLO,2013-02-22,2013-03-18,42.11151885986328,39.80804443359375,16,-0.05469939077559571,1.0,13770.466667175293,0.1,0.0,egg
CVI,2013-01-08,2013-03-19,49.2599983215332,53.38999938964844,48,0.0838408690385577,0.5018587360594795,13250.939548492432,0.1,742.5,sma
ACAD,2013-02-08,2013-03-22,6.0,8.229999542236328,29,0.37166659037272143,0.4997869620792501,14082.0,0.1,0.0,strength
AROC,2012-12-14,2013-04-04,21.239999771118164,24.940000534057617,74,0.17419966114927465,0.5,12616.55986404419,0.1,0.0,sma
MPC,2013-01-03,2013-04-04,31.110000610351562,40.58000183105469,62,0.3044037619707429,0.5,13439.520263671875,0.1,37.8,sma
LPX,2013-03-18,2013-04-04,21.649999618530273,19.760000228881836,12,-0.0872978948244777,1.0,14288.99974822998,0.1,0.0,stop
TREX,2013-03-18,2013-04-10,6.193749904632568,6.0625,16,-0.021190701376947896,1.0,14288.981029987335,0.1,0.0,egg
CSL,2013-03-19,2013-04-11,69.38999938964844,67.44000244140625,16,-0.02810198826047383,1.0,14155.559875488281,0.1,0.0,egg
POOL,2013-02-21,2013-04-16,45.9900016784668,47.310001373291016,37,0.028701884032377833,1.0,14118.930515289307,0.1,49.120000000000005,sma
HRB,2013-04-10,2013-05-02,28.950000762939453,27.950000762939453,16,-0.0345423134247429,1.0,14590.800384521484,0.1,0.0,egg
CAG,2013-02-26,2013-05-03,26.31906509399414,27.338520050048828,47,0.038734466912630605,1.0,13527.999458312988,0.1,100.000242,sma
RDN,2013-04-04,2013-05-07,10.220000267028809,12.869999885559082,23,0.2592954549208333,0.49964311206281226,14318.22037410736,0.1,0.0,strength
WT,2013-04-04,2013-05-07,10.3100004196167,12.539999961853027,23,0.21629480615668428,0.4996400287976962,14320.590582847595,0.1,0.0,strength
WAL,2013-05-03,2013-05-28,14.359999656677246,14.470000267028809,16,0.007660209817652364,1.0,15451.359630584717,0.1,0.0,egg
CAR,2013-04-04,2013-05-29,27.229999542236328,33.31999969482422,38,0.22365039496756944,0.5,14322.979759216309,0.1,0.0,strength
STAG,2013-02-26,2013-06-03,20.530000686645508,22.09000015258789,67,0.07598633286735068,1.0,13529.27045249939,0.1,197.7,sma
TSLA,2013-05-28,2013-06-03,7.355332851409912,6.507999897003174,4,-0.11519981101117904,1.0,16630.40757703781,0.1,0.0,stop
FLO,2013-04-11,2013-06-06,21.15999984741211,21.440000534057617,39,0.013232546723281446,1.0,14875.479892730713,0.1,79.204901,sma
SYNA,2013-05-02,2013-06-10,39.97999954223633,40.540000915527344,26,0.014007038011579098,1.0,15232.379825592041,0.1,0.0,sma
BIIB,2013-06-03,2013-06-13,227.38999938964844,205.86000061035156,8,-0.09468313838377618,1.0,16372.079956054688,0.1,0.0,stop
RDN,2013-04-04,2013-06-21,10.220000267028809,12.109999656677246,55,0.1849314422961268,0.5003568879371877,14318.22037410736,0.1,2.103,sma
CAR,2013-04-04,2013-06-21,27.229999542236328,29.809999465942383,55,0.09474843801242927,0.5,14322.979759216309,0.1,0.0,sma
WT,2013-04-04,2013-06-21,10.3100004196167,10.760000228881836,55,0.04364692443745466,0.5003599712023038,14320.590582847595,0.1,0.0,sma
PBH,2013-04-16,2013-06-21,26.940000534057617,27.969999313354492,47,0.03823306454633313,1.0,14843.940294265747,0.1,0.0,sma
DXCM,2013-06-13,2013-06-21,5.525000095367432,5.0625,6,-0.08371042305596088,1.0,16431.35028362274,0.1,0.0,stop
HCI,2013-06-03,2013-06-25,34.029998779296875,29.5,16,-0.13311780610620616,1.0,16368.429412841797,0.1,0.0,stop
IVZ,2013-06-10,2013-06-25,34.2599983215332,31.790000915527344,11,-0.0720956662876836,1.0,16684.61918258667,0.1,0.0,stop
SAIA,2013-06-06,2013-06-28,31.360000610351562,30.639999389648438,16,-0.022959222152102332,1.0,16056.3203125,0.1,0.0,egg
CPAY,2012-10-12,2013-07-01,45.599998474121094,81.55000305175781,177,0.7883773197501105,0.5,13223.999557495117,0.1,0.0,sma
TXRH,2013-06-21,2013-07-18,24.260000228881836,24.3799991607666,18,0.004946369775458814,1.0,15841.780149459839,0.1,0.0,sma
SMP,2013-06-21,2013-07-24,34.7599983215332,33.779998779296875,22,-0.028193313853793756,1.0,15850.55923461914,0.1,0.0,sma
CRI,2013-06-25,2013-07-30,72.58999633789062,71.63999938964844,24,-0.013087160713167068,1.0,15389.079223632812,0.1,0.0,sma
OPCH,2013-07-18,2013-08-09,66.16000366210938,54.040000915527344,16,-0.1831922925591266,1.0,16275.360900878906,0.1,0.0,stop
RMBS,2013-07-30,2013-08-13,9.8100004196167,8.789999961853027,10,-0.10397557738366803,1.0,16382.700700759888,0.1,0.0,stop
BBY,2013-06-28,2013-08-21,27.329999923706055,34.65999984741211,37,0.2682034374009643,0.4991394148020654,15878.729955673218,0.1,0.0,strength
GME,2013-07-24,2013-08-23,10.8100004196167,13.149999618530273,22,0.21646615245890488,0.49966733200266134,16247.430630683899,0.1,0.0,strength
MET,2013-06-21,2013-08-28,40.142601013183594,40.87343978881836,47,0.018206064310450243,1.0,15816.184799194336,0.1,96.568612,sma
SNA,2013-08-09,2013-09-03,96.47000122070312,95.4000015258789,16,-0.01109152774214528,1.0,16399.90020751953,0.1,64.6,egg
CI,2013-08-13,2013-09-20,78.97000122070312,77.83999633789062,27,-0.014309292963721632,1.0,16346.790252685547,0.1,0.0,sma
AIZ,2013-06-21,2013-09-23,50.2400016784668,53.810001373291016,64,0.07105890874908827,1.0,15825.600528717041,0.1,78.75,sma
HUM,2013-08-28,2013-10-01,92.81999969482422,93.66000366210938,23,0.00904981652711645,1.0,16336.319946289062,0.1,47.52,sma
VYX,2013-07-01,2013-10-02,20.45398712158203,24.588956832885742,65,0.20215959297934116,0.4993514915693904,15770.024070739746,0.1,0.0,strength
EQT,2013-06-25,2013-10-08,43.84866714477539,46.96788024902344,73,0.071135870423366,1.0,15390.882167816162,0.1,5.732181,sma
GME,2013-07-24,2013-10-09,10.8100004196167,12.375,54,0.1447733135646625,0.5003326679973387,16247.430630683899,0.1,51.7,sma
SANM,2013-08-23,2013-10-09,16.489999771118164,16.75,32,0.015767145693793116,1.0,16786.81976699829,0.1,0.0,sma
ACAD,2013-02-08,2013-10-10,6.0,20.610000610351562,169,2.4350001017252603,0.5002130379207499,14082.0,0.1,0.0,sma
BSX,2013-09-23,2013-10-25,11.5,11.550000190734863,24,0.004347842672596913,1.0,17652.5,0.1,0.0,sma
VYX,2013-07-01,2013-10-28,20.45398712158203,22.17177963256836,83,0.08398325963419606,0.5006485084306096,15770.024070739746,0.1,0.0,sma
CIEN,2013-10-01,2013-10-28,25.649999618530273,24.200000762939453,19,-0.05653017064933208,1.0,18006.299732208252,0.1,0.0,sma
VTRS,2013-10-08,2013-10-30,38.869998931884766,38.9900016784668,16,0.003087284535106871,1.0,18035.67950439453,0.1,0.0,egg
THO,2013-10-28,2013-11-06,59.220001220703125,53.459999084472656,7,-0.09726447175784236,1.0,17706.780364990234,0.1,299.0,stop
DXCM,2013-09-03,2013-11-07,6.695000171661377,8.425000190734863,47,0.2584017886058072,1.0,16422.835421085358,0.1,0.0,sma
LYV,2013-10-09,2013-11-07,18.579999923706055,18.0,21,-0.031216357701166486,1.0,17167.919929504395,0.1,0.0,sma
INCY,2013-09-20,2013-11-08,35.65999984741211,36.970001220703125,35,0.036735877142357376,1.0,17687.359924316406,0.1,0.0,sma
EOG,2013-10-09,2013-11-08,85.76000213623047,85.55999755859375,22,-0.002332142871440346,1.0,17152.000427246094,0.1,18.8,sma
CHRD,2013-10-30,2013-11-08,53.779998779296875,49.099998474121094,7,-0.0870212051209156,1.0,17586.059600830078,0.1,0.0,stop
HALO,2013-10-10,2013-11-11,10.260000228881836,13.050000190734863,22,0.2719298147771181,0.49969306322897483,16713.54037284851,0.1,0.0,strength
PLXS,2013-10-25,2013-11-18,40.34000015258789,39.47999954223633,16,-0.021318805332141033,1.0,17830.280067443848,0.1,0.0,egg
BBY,2013-06-28,2013-11-20,27.329999923706055,39.0099983215332,101,0.4273691339346075,0.5008605851979346,15878.729955673218,0.1,49.470000000000006,sma
FANG,2013-11-07,2013-11-20,54.0,49.310001373291016,9,-0.08685182642053679,1.0,16902.0,0.1,0.0,stop
ULTA,2013-11-07,2013-12-04,126.83999633789062,123.7300033569336,18,-0.024519024524979338,1.0,16869.719512939453,0.1,0.0,sma
SM,2013-11-08,2013-12-09,87.41000366210938,85.06999969482422,20,-0.026770436669132702,1.0,16870.13070678711,0.1,0.0,sma
WEN,2013-11-18,2013-12-11,8.6899995803833,8.5,16,-0.021864164506083972,1.0,17901.3991355896,0.1,103.0,egg
PCRX,2013-11-20,2013-12-13,52.2400016784668,49.290000915527344,16,-0.056470150615547055,1.0,17186.960552215576,0.1,0.0,egg
AXON,2013-11-07,2013-12-16,16.010000228881836,16.049999237060547,26,0.0024983764901236327,1.0,16922.5702419281,0.1,0.0,sma
LCII,2013-11-08,2013-12-19,51.83000183105469,50.56999969482422,28,-0.024310285389099073,1.0,16948.410598754883,0.1,654.0,sma
INCY,2013-12-09,2014-01-10,46.150001525878906,57.290000915527344,22,0.24138676102538392,0.5,17629.300582885742,0.1,0.0,strength
AON,2013-12-19,2014-01-14,83.08999633789062,81.37000274658203,16,-0.020700369083110015,1.0,17947.439208984375,0.1,0.0,egg
UAA,2013-12-11,2014-01-17,21.11750030517578,20.602500915527344,25,-0.02438732720284198,1.0,17633.112754821777,0.1,0.0,sma
GNRC,2013-12-13,2014-01-17,51.97999954223633,50.619998931884766,23,-0.02616392116830424,1.0,17361.319847106934,0.1,0.0,sma
RAMP,2013-11-20,2014-01-24,32.970001220703125,34.40999984741211,43,0.043676025883940595,1.0,17210.34063720703,0.1,0.0,sma
MAN,2013-10-30,2014-01-27,77.52999877929688,80.26000213623047,59,0.03521221978482214,1.0,17599.30972290039,0.1,104.42,sma
WST,2013-11-08,2014-01-27,46.70000076293945,48.25,52,0.03319056127918962,1.0,16952.10027694702,0.1,36.300000000000004,sma
LVS,2013-12-04,2014-01-27,74.51000213623047,74.86000061035156,35,0.004697335446067763,1.0,17584.36050415039,0.1,82.6,sma
ARCB,2013-12-16,2014-01-27,33.189998626708984,32.13999938964844,27,-0.03163601327225063,1.0,17358.3692817688,0.1,0.0,sma
HALO,2013-10-10,2014-02-04,10.260000228881836,14.140000343322754,79,0.3781676440433932,0.5003069367710252,16713.54037284851,0.1,0.0,sma
EXTR,2014-01-14,2014-02-04,7.699999809265137,6.960000038146973,14,-0.09610386875954835,1.0,18187.399549484253,0.1,0.0,stop
CGNX,2014-01-17,2014-02-18,18.924999237060547,18.3700008392334,20,-0.02932620450204848,1.0,18489.724254608154,0.1,0.0,sma
SAFE,2014-01-27,2014-03-11,72.91666412353516,72.67328643798828,30,-0.0033377512324829217,1.0,17718.749382019043,0.1,0.0,sma
INCY,2013-12-09,2014-03-17,46.150001525878906,63.04999923706055,66,0.36619712139564853,0.5,17629.300582885742,0.1,0.0,sma
MU,2014-01-17,2014-03-24,22.3799991607666,23.809999465942383,44,0.06389635204645816,1.0,18485.879306793213,0.1,0.0,sma
PTC,2014-01-27,2014-03-24,35.29999923706055,36.599998474121094,39,0.03682717465035279,1.0,17755.899616241455,0.1,0.0,sma
SBAC,2014-02-04,2014-03-24,91.62000274658203,92.2300033569336,33,0.006657941410881607,1.0,17224.560516357422,0.1,0.0,sma
PCRX,2014-03-11,2014-03-25,73.69000244140625,66.05999755859375,10,-0.10354192739889523,1.0,18717.260620117188,0.1,0.0,stop
LYV,2014-01-27,2014-03-27,20.639999389648438,21.739999771118164,42,0.0532945937014615,1.0,17771.039474487305,0.1,0.0,sma
ENS,2014-02-18,2014-03-27,69.6500015258789,68.43000030517578,27,-0.01751616933202549,1.0,18178.650398254395,0.1,32.625,sma
URI,2014-01-24,2014-04-02,79.5,96.62000274658203,47,0.21534594649788708,0.5,18444.0,0.1,0.0,strength
ALK,2014-01-27,2014-04-03,39.400001525878906,47.29499816894531,47,0.20038061769821947,0.49889135254988914,17769.400688171387,0.1,28.125,strength
URI,2014-01-24,2014-04-08,79.5,85.75,51,0.07861635220125796,0.5,18444.0,0.1,0.0,sma
HOPE,2014-03-24,2014-04-11,17.68000030517578,15.619999885559082,14,-0.11651585882685978,1.0,18422.560317993164,0.1,0.0,stop
RVTY,2014-02-04,2014-04-14,42.84000015258789,44.08000183105469,48,0.028944950374653278,1.0,17221.680061340332,0.1,0.0,sma
TRN,2014-03-24,2014-04-14,26.55867576599121,24.654428482055664,15,-0.07169963219227837,1.0,18431.7209815979,0.1,37.473224,stop
AVGO,2014-03-25,2014-04-14,6.400000095367432,5.84499979019165,14,-0.08671879639150504,1.0,18220.800271511078,0.1,0.0,stop
TCBI,2014-04-02,2014-04-25,65.4800033569336,56.2400016784668,16,-0.14111180825845793,1.0,18465.360946655273,0.1,0.0,stop
MLM,2014-03-24,2014-04-29,123.62999725341797,118.94999694824219,25,-0.03785489289935573,1.0,18420.869590759277,0.1,0.0,sma
TSN,2014-04-14,2014-05-06,42.380001068115234,38.560001373291016,15,-0.09013684753533924,1.0,17545.320442199707,0.1,0.0,stop
RBA,2014-04-14,2014-05-07,24.09000015258789,23.600000381469727,16,-0.020340380573452443,1.0,17561.610111236572,0.1,0.0,egg
REX,2014-04-08,2014-05-16,9.661666870117188,9.601667404174805,27,-0.006210053270202964,1.0,17700.173706054688,0.1,0.0,sma
CENX,2014-03-27,2014-05-21,12.65999984741211,13.470000267028809,38,0.06398107657025576,1.0,18027.839782714844,0.1,0.0,sma
HPQ,2014-04-11,2014-05-23,14.736602783203125,14.673025131225586,29,-0.00431426787522593,1.0,17713.396545410156,0.1,0.0,sma
CRK,2014-05-06,2014-05-29,133.89999389648438,132.4499969482422,16,-0.01082895455068622,1.0,17808.699188232422,0.1,0.0,egg
ALK,2014-01-27,2014-06-13,39.400001525878906,46.525001525878906,96,0.18083755644831956,0.5011086474501109,17769.400688171387,0.1,56.5,sma
FANG,2014-05-21,2014-06-16,72.70999908447266,88.19000244140625,17,0.21290061273346073,0.4979253112033195,17523.10977935791,0.1,0.0,strength
TPC,2014-05-16,2014-06-19,30.790000915527344,30.079999923706055,23,-0.023059466408240192,1.0,17457.930519104004,0.1,0.0,sma
MAR,2014-03-27,2014-07-08,54.7599983215332,65.52999877929688,70,0.1966764205237128,0.49848024316109424,18016.039447784424,0.1,32.800000000000004,strength
AA,2014-04-14,2014-07-10,30.90258026123047,37.43873977661133,60,0.21150853618462873,0.5,17552.665588378906,0.1,20.47356,strength
RGEN,2014-06-16,2014-07-14,19.989999771118164,24.40999984741211,19,0.2211105616259197,0.4994663820704376,18730.62978553772,0.1,0.0,strength
PPC,2014-06-19,2014-07-16,25.6299991607666,31.030000686645508,18,0.21069066339046216,0.5,18966.199378967285,0.1,0.0,strength
LAZ,2014-05-29,2014-07-18,50.290000915527344,51.06999969482422,35,0.015510017202168047,1.0,17852.950325012207,0.1,0.0,sma
URI,2014-04-25,2014-07-21,92.3499984741211,111.08000183105469,59,0.20281541598706387,0.49743589743589745,18008.249702453613,0.1,0.0,strength
SWKS,2014-05-23,2014-07-21,41.790000915527344,52.70000076293945,39,0.26106723159602585,0.5,17551.800384521484,0.1,0.0,strength
NXPI,2014-04-29,2014-07-28,59.2400016784668,63.029998779296875,62,0.06397699178674587,1.0,17653.520500183105,0.1,0.0,sma
LUV,2014-05-07,2014-07-28,24.200000762939453,29.360000610351562,56,0.21322312746842043,0.4993160054719562,17690.20055770874,0.1,21.9,strength
URI,2014-04-25,2014-08-01,92.3499984741211,104.63999938964844,68,0.1330806834714926,0.5025641025641026,18008.249702453613,0.1,0.0,sma
FANG,2014-05-21,2014-08-01,72.70999908447266,82.33000183105469,50,0.1323064622158192,0.5020746887966805,17523.10977935791,0.1,0.0,sma
RGEN,2014-06-16,2014-08-01,19.989999771118164,20.889999389648438,33,0.045022492688099325,0.5005336179295624,18730.62978553772,0.1,0.0,sma
SIG,2014-07-18,2014-08-01,111.0999984741211,101.68000030517578,10,-0.08478846353125324,1.0,19775.799728393555,0.1,32.04,stop
REX,2014-08-01,2014-08-29,14.375,18.086666107177734,20,0.2582028596297554,0.5,19751.25,0.1,0.0,strength
REX,2014-08-01,2014-09-15,14.375,14.831666946411133,30,0.031768135402513664,0.5,19751.25,0.1,0.0,sma
AA,2014-04-14,2014-09-16,30.90258026123047,38.6162109375,107,0.24961121728553004,0.5,17552.665588378906,0.1,40.94712,sma
WEX,2014-08-01,2014-09-23,106.44000244140625,108.2699966430664,36,0.017192729797874007,1.0,19691.400451660156,0.1,0.0,sma
PPC,2014-06-19,2014-09-26,25.6299991607666,30.170000076293945,69,0.17713621007358427,0.5,18966.199378967285,0.1,0.0,sma
BNY,2014-08-01,2014-09-26,38.72999954223633,38.779998779296875,39,0.0012909692138265427,1.0,19752.299766540527,0.1,0.0,sma
CENX,2014-09-16,2014-09-26,26.959999084472656,24.540000915527344,8,-0.08976254640672765,1.0,20893.99929046631,0.1,0.0,stop
MAR,2014-03-27,2014-10-02,54.7599983215332,67.9800033569336,131,0.24141719212219015,0.5015197568389058,18016.039447784424,0.1,66.0,sma
SWKS,2014-05-23,2014-10-02,41.790000915527344,53.68000030517578,91,0.28451780639302715,0.5,17551.800384521484,0.1,23.1,sma
R,2014-09-15,2014-10-07,91.76000213623047,88.76000213623047,16,-0.03269398354575104,1.0,20921.280487060547,0.1,0.0,egg
SAIA,2014-08-01,2014-10-08,45.65999984741211,48.08000183105469,47,0.05300048164103832,1.0,19725.11993408203,0.1,0.0,sma
LUV,2014-05-07,2014-10-10,24.200000762939453,31.139999389648438,109,0.286776793715523,0.5006839945280438,17690.20055770874,0.1,43.92,sma
NSC,2014-07-28,2014-10-10,105.33000183105469,105.48999786376953,53,0.0015189977208152072,1.0,20223.3603515625,0.1,109.44,sma
EPC,2014-09-23,2014-10-13,91.33432006835938,84.29948425292969,14,-0.07702291767393077,1.0,20824.224975585938,0.1,0.0,stop
UNP,2014-09-26,2014-10-14,108.58000183105469,98.55000305175781,12,-0.0923742734403622,1.0,20630.20034790039,0.1,0.0,stop
TNL,2014-09-26,2014-10-14,36.95259475708008,32.99774169921875,12,-0.10702504340655494,1.0,20619.547874450684,0.1,0.0,stop
PANW,2014-10-08,2014-10-14,17.040000915527344,15.119999885559082,4,-0.1126761107282982,1.0,19987.921073913574,0.1,0.0,stop
PPC,2014-10-08,2014-10-17,31.68000030517578,27.3799991607666,7,-0.13573235804883055,1.0,19990.080192565918,0.1,0.0,stop
LLY,2014-09-26,2014-10-20,65.4800033569336,62.630001068115234,16,-0.04352477310184155,1.0,20626.201057434082,0.1,0.0,egg
CNC,2014-10-02,2014-11-13,20.172500610351562,24.19499969482422,30,0.1994050793290596,0.5,20212.845611572266,0.1,0.0,strength
GILD,2014-11-07,2014-12-02,106.44999694824219,101.16999816894531,16,-0.04960074148113036,1.0,19693.249435424805,0.1,0.0,egg
XPO,2014-11-10,2014-12-03,13.356879234313965,13.177035331726074,16,-0.013464515133585264,1.0,19567.82807826996,0.1,0.0,egg
CENX,2014-11-11,2014-12-04,27.440000534057617,27.100000381469727,16,-0.012390675873562573,1.0,19729.360383987427,0.1,0.0,egg
EHC,2014-11-06,2014-12-11,31.99681854248047,30.70008087158203,24,-0.040527081440200896,1.0,19518.059310913086,0.1,0.0,sma
COO,2014-11-13,2014-12-11,40.432498931884766,39.91749954223633,19,-0.012737263420597333,1.0,19852.35697555542,0.1,0.0,sma
VRTX,2014-10-02,2014-12-17,104.80000305175781,110.37000274658203,53,0.053148850502164,1.0,20121.6005859375,0.1,0.0,sma
REGN,2014-11-06,2014-12-24,376.94000244140625,392.6000061035156,33,0.04154508293277703,1.0,19223.94012451172,0.1,0.0,sma
ANIP,2014-12-04,2015-01-22,53.45000076293945,53.619998931884766,32,0.0031805082604074997,1.0,20204.100288391113,0.1,0.0,sma
ISRG,2014-12-03,2015-01-26,57.62333297729492,57.49444580078125,35,-0.0022367185279694723,1.0,20052.919876098633,0.1,0.0,sma
NCLH,2014-12-11,2015-01-30,43.72999954223633,44.0,33,0.0061742616187976385,1.0,19591.039794921875,0.1,0.0,sma
LEG,2014-12-11,2015-02-02,41.599998474121094,42.75,34,0.027644268462997834,1.0,19593.599281311035,0.1,0.0,sma
PTCT,2014-12-24,2015-02-04,51.65999984741211,50.0099983215332,27,-0.03193963474162809,1.0,20250.719940185547,0.1,0.0,sma
AXON,2015-01-22,2015-02-13,27.440000534057617,27.3700008392334,16,-0.002551009236947288,1.0,20689.760402679443,0.1,0.0,egg
SWKS,2014-12-17,2015-02-24,70.81999969482422,86.0,45,0.21434623511139606,0.5,19546.319915771484,0.1,17.94,strength
MNST,2014-12-02,2015-03-02,18.26333236694336,23.696666717529297,60,0.29749961515349055,0.49954254345837146,19961.82227706909,0.1,0.0,strength
CTAS,2014-11-05,2015-03-03,17.602500915527344,21.037500381469727,79,0.1951426949174213,0.5,19573.981018066406,0.1,0.0,strength
LULU,2015-02-09,2015-03-09,65.43000030517578,62.29999923706055,19,-0.047837399564670924,1.0,20610.45009613037,0.1,0.0,sma
KRC,2015-02-09,2015-03-09,74.3499984741211,72.55999755859375,19,-0.024075332242950664,1.0,20594.949577331543,0.1,0.0,sma
ULTA,2014-11-06,2015-03-16,122.08000183105469,150.0,87,0.22870247174130554,0.5,19532.80029296875,0.1,0.0,strength
BYD,2015-02-13,2015-03-26,14.359999656677246,13.699999809265137,28,-0.04596099325846548,1.0,21094.839495658875,0.1,0.0,sma
SHW,2015-02-09,2015-03-27,91.46333312988281,93.46333312988281,33,0.021866686152361092,1.0,20579.249954223633,0.1,50.249925,sma
CTAS,2014-11-05,2015-04-01,17.602500915527344,20.447500228881836,100,0.16162472179421328,0.5,19573.981018066406,0.1,0.0,sma
SBH,2015-03-09,2015-04-10,33.31999969482422,33.130001068115234,23,-0.005702239749374893,1.0,21591.359802246094,0.1,0.0,sma
EXLS,2015-04-01,2015-04-14,7.302000045776367,6.682000160217285,8,-0.08490822811179022,1.0,22241.892139434814,0.1,0.0,stop
DLTR,2015-01-26,2015-04-20,70.36000061035156,79.79000091552734,58,0.1340250173873423,1.0,20896.920181274414,0.1,0.0,sma
LII,2015-03-27,2015-04-21,110.5199966430664,106.45999908447266,16,-0.036735411526529926,1.0,21882.95933532715,0.1,0.0,egg
CNC,2014-10-02,2015-04-30,20.172500610351562,31.959999084472656,144,0.5843350163574819,0.5,20212.845611572266,0.1,0.0,sma
SWKS,2014-12-17,2015-05-01,70.81999969482422,95.87000274658203,92,0.35371368483059396,0.5,19546.319915771484,0.1,17.94,sma
COLM,2015-03-26,2015-05-04,59.130001068115234,58.52000045776367,26,-0.010316262461231296,1.0,21996.360397338867,0.1,0.0,sma
DCH,2015-04-10,2015-05-04,25.56999969482422,24.200000762939453,16,-0.05357837106904917,1.0,22118.04973602295,0.1,0.0,egg
MMS,2015-04-14,2015-05-06,67.0199966430664,64.02999877929688,16,-0.04461351855467244,1.0,21915.538902282715,0.1,0.0,egg
MNST,2014-12-02,2015-05-11,18.26333236694336,21.540000915527344,109,0.17941241405181652,0.5004574565416285,19961.82227706909,0.1,0.0,sma
LULU,2015-04-20,2015-05-12,66.19000244140625,65.52999877929688,16,-0.009971349716955125,1.0,21577.940795898438,0.1,0.0,egg
UNH,2015-04-21,2015-05-13,119.27999877929688,114.62000274658203,16,-0.03906770691151007,1.0,21589.679779052734,0.1,0.0,egg
ULTA,2014-11-06,2015-05-15,122.08000183105469,149.41000366210938,130,0.22386960535007527,0.5,19532.80029296875,0.1,0.0,sma
MATX,2015-05-13,2015-06-05,42.77000045776367,42.459999084472656,16,-0.0072481031090273484,1.0,21470.540229797363,0.1,0.0,egg
CRUS,2015-05-01,2015-06-09,35.79999923706055,34.970001220703125,26,-0.02318430262697324,1.0,21336.799545288086,0.1,0.0,sma
IBKR,2015-05-06,2015-06-24,8.595000267028809,10.4350004196167,34,0.2140779633999892,0.5,21195.270658493042,0.1,30.825000000000003,strength
INCY,2015-05-04,2015-06-26,101.0,104.86000061035156,38,0.03821782782526295,1.0,21311.0,0.1,0.0,sma
EFX,2015-03-09,2015-06-30,92.97000122070312,98.12000274658203,79,0.05539422887231371,1.0,21569.040283203125,0.1,67.28,sma
IART,2015-06-09,2015-07-01,30.9222412109375,30.48372459411621,16,-0.014181268874721153,1.0,21800.180053710938,0.1,0.0,egg
RVTY,2015-05-04,2015-07-06,52.060001373291016,51.93000030517578,43,-0.0024971391603137993,1.0,21344.600563049316,0.1,0.0,sma
RNG,2015-05-11,2015-07-07,17.09000015258789,17.59000015258789,39,0.029256875104491264,1.0,21447.950191497803,0.1,0.0,sma
TDS,2015-06-05,2015-07-08,29.899999618530273,28.540000915527344,22,-0.04548490703525232,1.0,21916.69972038269,0.1,103.353,sma
MMSI,2015-04-30,2015-07-27,19.40999984741211,25.280000686645508,60,0.3024214778660099,0.49954995499549953,21564.509830474854,0.1,0.0,strength
PNFP,2015-06-30,2015-07-28,54.369998931884766,52.58000183105469,19,-0.03292251491622433,1.0,21911.10956954956,0.1,0.0,sma
EPAM,2015-07-07,2015-07-29,74.33000183105469,72.75,16,-0.0212565827005613,1.0,22224.67054748535,0.1,0.0,egg
IBKR,2015-05-06,2015-08-03,8.595000267028809,10.079999923706055,61,0.17277482379771847,0.5,21195.270658493042,0.1,30.825000000000003,sma
LGND,2015-07-01,2015-08-10,60.567684173583984,58.633811950683594,27,-0.031929109545578926,1.0,22107.204723358154,0.1,0.0,sma
LAD,2015-07-29,2015-08-20,116.2300033569336,111.66000366210938,16,-0.039318588684800204,1.0,23246.00067138672,0.1,40.0,egg
SEIC,2015-05-12,2015-08-24,46.83000183105469,48.2599983215332,72,0.03053590507293613,1.0,21494.9708404541,0.1,110.16,sma
FTNT,2015-06-24,2015-08-24,8.342000007629395,7.599999904632568,42,-0.08894750687103936,1.0,22723.60802078247,0.1,0.0,sma
DY,2015-06-26,2015-08-24,59.619998931884766,59.0,40,-0.010399177171960483,1.0,22536.35959625244,0.1,0.0,sma
ULTA,2015-07-06,2015-08-24,157.22999572753906,143.0,35,-0.0905043319609189,1.0,22169.429397583008,0.1,0.0,sma
JLL,2015-08-10,2015-08-24,178.91000366210938,155.8300018310547,10,-0.12900341712945096,1.0,23258.30047607422,0.1,0.0,stop
MMSI,2015-04-30,2015-08-25,19.40999984741211,22.219999313354492,81,0.1447707103571685,0.5004500450045004,21564.509830474854,0.1,0.0,sma
PBH,2015-07-08,2015-08-25,46.36000061035156,46.27000045776367,34,-0.0019413319974761478,1.0,22252.80029296875,0.1,0.0,sma
SNA,2015-08-03,2015-08-25,163.61000061035156,157.47000122070312,16,-0.03752826457272174,1.0,23887.060089111328,0.1,77.38000000000001,egg
SCI,2015-08-20,2015-08-25,30.920000076293945,29.100000381469727,3,-0.05886156825140487,1.0,23746.56005859375,0.1,0.0,stop
BLDR,2015-07-28,2015-08-26,12.899999618530273,13.850000381469727,21,0.07364347217303946,1.0,23116.79931640625,0.1,0.0,sma
CENTA,2015-10-27,2015-11-04,13.984000205993652,12.232000350952148,6,-0.1252860289783594,1.0,21115.840311050415,0.1,0.0,stop
ELS,2015-10-28,2015-11-19,30.829999923706055,30.15999984741211,16,-0.021732081672136583,1.0,21118.549947738647,0.1,0.0,egg
HAFC,2015-10-29,2015-12-03,26.3700008392334,25.389999389648438,24,-0.037163497095036524,1.0,21175.11067390442,0.1,0.0,sma
HOMB,2015-10-27,2015-12-04,21.540000915527344,21.450000762939453,27,-0.004178279886841274,1.0,21109.200897216797,0.1,73.5,sma
SHEN,2015-11-19,2015-12-10,25.34000015258789,23.18000030517578,14,-0.08524071958979507,1.0,21336.280128479004,0.1,0.0,stop
SNX,2015-10-27,2015-12-14,45.66999816894531,45.4900016784668,33,-0.003941241464750278,1.0,21099.539154052734,0.1,0.0,sma
AIZ,2015-10-29,2015-12-15,82.44000244140625,82.44999694824219,32,0.00012123370378414045,1.0,21187.080627441406,0.1,128.5,sma
SKYW,2015-10-29,2015-12-21,18.850000381469727,19.93000030517578,36,0.05729442450132449,1.0,21187.400428771973,0.1,0.0,sma
MANH,2015-12-07,2015-12-22,75.56999969482422,69.81999969482422,11,-0.07608839517295662,1.0,21461.879913330078,0.1,0.0,stop
GOOGL,2015-12-03,2015-12-28,38.40999984741211,38.5,16,0.002343143789258706,1.0,21355.959915161133,0.1,0.0,egg
TYL,2015-10-29,2016-01-04,170.11000061035156,172.5,44,0.014049728887620683,1.0,21093.640075683594,0.1,0.0,sma
RNG,2015-12-17,2016-01-08,23.670000076293945,21.200000762939453,14,-0.10435147044330828,1.0,21113.6400680542,0.1,0.0,stop
ABCB,2015-12-17,2016-01-11,34.25,31.3700008392334,15,-0.084087566737711,1.0,21098.0,0.1,30.8,stop
MSCI,2015-12-17,2016-01-12,70.88999938964844,68.66999816894531,16,-0.03131614106103797,1.0,21125.219818115234,0.1,0.0,egg
EXR,2015-10-30,2016-01-21,79.23999786376953,85.08999633789062,55,0.07382633306197817,1.0,21077.839431762695,0.1,156.94,sma
STZ,2015-10-28,2016-02-08,135.61000061035156,135.5399932861328,69,-0.0005162401290735863,1.0,21019.550094604492,0.1,96.1,sma
OGS,2016-03-16,2016-04-08,60.13999938964844,59.970001220703125,16,-0.0028267071943897104,1.0,20146.899795532227,0.1,0.0,egg
JBSS,2016-03-14,2016-04-14,68.51000213623047,66.5999984741211,22,-0.027879194315472033,1.0,20210.45063018799,0.1,0.0,sma
MO,2016-03-14,2016-04-15,62.0099983215332,61.709999084472656,23,-0.004837917193691865,1.0,20215.259452819824,0.1,0.0,sma
MXL,2016-04-08,2016-04-20,18.309999465942383,16.0,8,-0.12616054250788544,1.0,20452.26940345764,0.1,0.0,stop
TSN,2016-03-16,2016-04-21,67.05000305175781,63.529998779296875,25,-0.052498197050695805,1.0,20115.000915527344,0.1,0.0,sma
MAT,2016-03-14,2016-04-22,32.81999969482422,31.020000457763672,28,-0.054844584210779534,1.0,20249.939811706543,0.1,0.0,sma
SR,2016-03-14,2016-04-22,65.68000030517578,64.16000366210938,28,-0.02314245791723335,1.0,20229.44009399414,0.1,0.0,sma
HSIC,2016-03-14,2016-05-02,66.00784301757812,66.2196044921875,34,0.0032081259578953247,1.0,20198.399963378906,0.1,0.0,sma
BRKR,2016-03-16,2016-05-05,27.309999465942383,27.0,35,-0.011351134090243242,1.0,20127.469606399536,0.1,0.0,sma
AVGO,2016-04-15,2016-05-05,15.548999786376953,14.381999969482422,14,-0.07505304732957696,1.0,20353.64072036743,0.1,0.0,stop
RES,2016-05-02,2016-05-05,14.619999885559082,13.619999885559082,3,-0.0683994533397877,1.0,19897.81984424591,0.1,0.0,stop
AMAT,2016-04-20,2016-05-12,21.139999389648438,20.139999389648438,16,-0.04730369105354215,1.0,20252.119415283203,0.1,0.0,egg
SMTC,2016-04-21,2016-05-13,22.520000457763672,21.020000457763672,16,-0.06660745868159523,1.0,20177.92041015625,0.1,0.0,egg
WOR,2016-04-22,2016-05-16,22.669544219970703,22.503082275390625,16,-0.0073429771222940365,1.0,19903.859825134277,0.1,0.0,egg
SCL,2016-05-05,2016-05-27,59.189998626708984,58.939998626708984,16,-0.004223686531514614,1.0,19473.509548187256,0.1,62.51,egg
EIG,2016-03-14,2016-06-16,27.719999313354492,28.520000457763672,66,0.02886007085951725,1.0,20263.319498062134,0.1,65.78999999999999,sma
REXR,2016-03-15,2016-06-20,17.5,21.200000762939453,67,0.21142861502511168,0.4995678478824546,20247.5,0.1,78.03,strength
ASTE,2016-05-05,2016-06-24,47.4900016784668,54.689998626708984,35,0.1516107958258266,0.5,19470.900688171387,0.1,20.5,strength
MWA,2016-05-05,2016-06-27,10.369999885559082,10.569999694824219,36,0.019286384905717213,1.0,19516.339784622192,0.1,56.46,sma
MTD,2016-05-13,2016-06-27,367.92999267578125,358.7900085449219,30,-0.02484163920529714,1.0,19500.289611816406,0.1,0.0,sma
RS,2016-04-25,2016-06-28,71.63999938964844,72.94999694824219,45,0.01828583989048771,1.0,19915.919830322266,0.1,111.2,sma
JCI,2016-06-20,2016-07-13,45.19371795654297,45.151832580566406,16,-0.0009267964192908318,1.0,20517.947952270508,0.1,0.0,egg
ASTE,2016-05-05,2016-07-25,47.4900016784668,53.66999816894531,55,0.1301325810076921,0.5,19470.900688171387,0.1,20.5,sma
BKH,2016-05-16,2016-08-05,60.16999816894531,61.4900016784668,57,0.02193790177315913,1.0,19615.419403076172,0.1,0.0,sma
IRM,2016-06-27,2016-08-05,37.97999954223633,38.06999969482422,28,0.0023696722925918845,1.0,20357.279754638672,0.1,0.0,sma
AWK,2016-05-27,2016-08-08,74.12000274658203,78.41999816894531,49,0.05801396739103026,1.0,20012.40074157715,0.1,101.25,sma
UGI,2016-06-16,2016-08-17,44.08000183105469,44.34000015258789,43,0.00589832828341752,1.0,20497.20085144043,0.1,0.0,sma
FIVE,2016-06-27,2016-08-17,44.91999816894531,47.2599983215332,36,0.052092614603123755,1.0,20348.759170532227,0.1,0.0,sma
CDE,2016-08-17,2016-08-25,15.239999771118164,12.619999885559082,6,-0.17191600557136044,1.0,21061.679683685303,0.1,0.0,stop
WYNN,2016-08-05,2016-08-29,97.51000213623047,89.3499984741211,16,-0.08368376046909631,1.0,20964.65045928955,0.1,107.5,egg
MLM,2016-08-08,2016-08-30,200.42999267578125,189.60000610351562,16,-0.05403376225126333,1.0,21045.14923095703,0.1,44.1,egg
HR,2016-05-12,2016-09-01,31.0,35.0,78,0.12903225806451624,1.0,19716.0,0.1,190.79999999999998,sma
MKTX,2016-06-29,2016-09-06,142.02000427246094,172.60000610351562,47,0.2153217920792898,0.4965034965034965,20308.860610961914,0.1,18.46,strength
DOV,2016-07-25,2016-09-08,57.33441162109375,57.85137176513672,32,0.009016577120550373,1.0,21271.06671142578,0.1,131.857852,sma
AMD,2016-07-25,2016-09-09,6.699999809265137,6.230000019073486,33,-0.07014922441366467,1.0,21292.599393844604,0.1,0.0,sma
REXR,2016-03-15,2016-09-12,17.5,21.649999618530273,125,0.23714283534458702,0.5004321521175453,20247.5,0.1,156.33,sma
ROCK,2016-08-17,2016-09-12,37.15999984741211,35.540000915527344,17,-0.043595235159765044,1.0,21032.559913635254,0.1,0.0,sma
JBTM,2016-08-05,2016-09-14,66.83999633789062,65.2300033569336,27,-0.0240872691377505,1.0,20987.758850097656,0.1,31.400000000000002,sma
CXT,2016-08-29,2016-09-21,22.73011589050293,21.43105125427246,16,-0.057151694363918426,1.0,20775.325923919678,0.1,0.0,egg
ITW,2016-09-06,2016-09-28,119.81999969482422,118.7300033569336,16,-0.009096948261281823,1.0,20968.49994659424,0.1,113.75,egg
EXEL,2016-09-28,2016-09-30,13.350000381469727,12.4399995803833,2,-0.06816485206618716,1.0,20131.800575256348,0.1,0.0,stop
MKTX,2016-06-29,2016-10-03,142.02000427246094,166.0,66,0.16884942265974168,0.5034965034965035,20308.860610961914,0.1,18.72,sma
HWC,2016-09-12,2016-10-04,32.2599983215332,32.279998779296875,16,0.00061997702431138,1.0,19904.418964385986,0.1,0.0,egg
BURL,2016-09-14,2016-10-06,82.1500015258789,79.30999755859375,16,-0.03457095452871661,1.0,19716.000366210938,0.1,0.0,egg
VEEV,2016-09-12,2016-10-07,40.79999923706055,38.810001373291016,19,-0.04877445835738947,1.0,19910.399627685547,0.1,0.0,sma
XYL,2016-09-01,2016-10-12,50.40999984741211,49.84000015258789,28,-0.011307274281880053,1.0,20668.099937438965,0.1,0.0,sma
AMAT,2016-09-21,2016-10-13,30.56999969482422,28.25,16,-0.07589138756900338,1.0,19901.069801330566,0.1,0.0,egg
XNCR,2016-09-30,2016-10-13,24.489999771118164,20.959999084472656,9,-0.1441404948810392,1.0,19934.859813690186,0.1,0.0,stop
AMPH,2016-10-04,2016-10-17,19.610000610351562,18.010000228881836,9,-0.08159104190058675,1.0,20080.640625,0.1,0.0,stop
CVLT,2016-09-08,2016-10-19,52.41999816894531,51.81999969482422,29,-0.011445984263245279,1.0,20758.319274902344,0.1,0.0,sma
PTC,2016-09-09,2016-10-27,43.209999084472656,46.0,34,0.06456840950339005,1.0,20524.74956512451,0.1,0.0,sma
OKE,2016-08-30,2016-10-28,47.15999984741211,48.52000045776367,42,0.02883801133909869,1.0,20844.719932556152,0.1,271.83,sma
BRC,2016-10-06,2016-10-28,35.349998474121094,32.25,16,-0.08769444435451756,1.0,20008.09913635254,0.1,0.0,stop
EZPW,2016-10-07,2016-10-31,10.460000038146973,9.949999809265137,16,-0.04875719187589833,1.0,19874.000072479248,0.1,0.0,egg
AGX,2016-10-12,2016-11-03,57.790000915527344,54.45000076293945,16,-0.057795468068429834,1.0,19475.230308532715,0.1,337.0,egg
CPRT,2016-10-13,2016-11-04,6.735000133514404,6.482500076293945,16,-0.03749072787155261,1.0,19410.270384788513,0.1,0.0,egg
RBA,2016-10-13,2016-11-04,35.5099983215332,34.2599983215332,16,-0.03520135339578434,1.0,19388.45908355713,0.1,0.0,egg
SNPS,2016-10-17,2016-11-08,59.75,58.75,16,-0.01673640167364021,1.0,19179.75,0.1,0.0,egg
WAFD,2016-10-28,2016-11-25,27.299999237060547,33.150001525878906,19,0.21428580411375298,0.5,18673.199478149414,0.1,47.88,strength
QCOM,2016-11-08,2016-12-01,68.2699966430664,67.72000122070312,16,-0.008056180597734608,1.0,18910.789070129395,0.1,146.81,egg
CRUS,2016-11-03,2016-12-02,54.93000030517578,49.65999984741211,20,-0.09594029543937765,1.0,18456.480102539062,0.1,0.0,stop
POWI,2016-11-04,2016-12-02,31.850000381469727,31.600000381469727,19,-0.007849293469567753,1.0,18632.25022315979,0.1,38.025,sma
KWR,2016-10-28,2016-12-02,106.19000244140625,128.97999572753906,24,0.21461524401704324,0.5,18689.4404296875,0.1,0.0,strength
NWBI,2016-10-27,2016-12-09,15.710000038146973,19.100000381469727,30,0.2157861448180245,0.5,18694.900045394897,0.1,89.25,strength
LNTH,2016-11-28,2016-12-19,9.600000381469727,8.75,15,-0.08854170288476537,1.0,20630.400819778442,0.1,0.0,stop
BOH,2016-11-04,2016-12-21,74.27999877929688,89.08999633789062,32,0.19938069200293995,0.49800796812749004,18644.279693603516,0.1,60.0,strength
CC,2016-12-19,2016-12-23,24.75,22.549999237060547,4,-0.08888891971472535,1.0,20567.25,0.1,0.0,stop
PPLI,2016-10-31,2017-01-03,11.51658821105957,11.688157081604004,43,0.01489754321333403,1.0,18656.872901916504,0.1,0.0,sma
CSX,2016-10-19,2017-01-09,10.356666564941406,12.523332595825195,55,0.20920496158659985,0.5,19221.97314453125,0.1,55.68,strength
UCTT,2016-12-05,2017-01-12,9.90999984741211,11.920000076293945,26,0.20282545507876337,0.5,20117.299690246582,0.1,0.0,strength
VECO,2016-12-01,2017-01-13,26.0,27.149999618530273,29,0.04423075455885672,1.0,20358.0,0.1,0.0,sma
NWBI,2016-10-27,2017-01-18,15.710000038146973,17.5,55,0.11394016279481578,0.5,18694.900045394897,0.1,89.25,sma
KWR,2016-10-28,2017-01-18,106.19000244140625,126.01000213623047,54,0.1866465697254367,0.5,18689.4404296875,0.1,30.36,sma
PRDO,2016-12-23,2017-01-20,10.210000038146973,9.779999732971191,17,-0.042115602700215304,1.0,20481.260076522827,0.1,0.0,sma
BOH,2016-11-04,2017-01-24,74.27999877929688,87.08999633789062,53,0.17245554347214287,0.50199203187251,18644.279693603516,0.1,60.48,sma
FIBK,2017-01-03,2017-01-26,42.75,41.79999923706055,16,-0.02222224006875917,1.0,20178.0,0.1,113.28,egg
WAFD,2016-10-28,2017-01-31,27.299999237060547,32.650001525878906,63,0.19597078528689393,0.5,18673.199478149414,0.1,184.68,sma
TPL,2017-01-13,2017-02-07,36.387779235839844,35.22222137451172,16,-0.03203157449576144,1.0,20522.707489013672,0.1,0.0,egg
XYZ,2017-01-24,2017-02-15,14.65999984741211,14.3100004196167,16,-0.023874449620625016,1.0,20523.999786376953,0.1,0.0,egg
DAN,2017-01-18,2017-02-17,19.520000457763672,19.209999084472656,22,-0.01588121752157634,1.0,20456.960479736328,0.1,0.0,sma
CRK,2017-02-07,2017-02-21,11.539999961853027,9.9399995803833,9,-0.13864821375725622,1.0,21002.79993057251,0.1,0.0,stop
NTAP,2016-12-05,2017-03-02,35.459999084472656,43.130001068115234,59,0.21630011792643122,0.4991181657848324,20105.819480895996,0.1,53.77,strength
PIPR,2017-02-21,2017-03-06,18.975000381469727,17.5,9,-0.0777338788836156,1.0,21441.75043106079,0.1,0.0,stop
NFLX,2017-02-15,2017-03-10,14.22700023651123,14.138999938964844,16,-0.00618544289614531,1.0,21440.089356422424,0.1,0.0,egg
CFG,2017-01-31,2017-03-16,36.16999816894531,37.060001373291016,31,0.024606116931181976,1.0,20833.9189453125,0.1,0.0,sma
CGNX,2017-01-18,2017-03-21,33.654998779296875,40.48500061035156,43,0.20294167519792672,0.5,20462.2392578125,0.1,11.4,strength
CSX,2016-10-19,2017-03-22,10.356666564941406,15.213333129882812,105,0.4689410955240967,0.5,19221.97314453125,0.1,111.36,sma
GS,2017-01-26,2017-03-22,239.5800018310547,231.22000122070312,38,-0.03489440081166206,1.0,21083.040161132812,0.1,57.2,sma
TCBI,2017-03-06,2017-03-22,90.30000305175781,78.05000305175781,12,-0.13565891014398512,1.0,21581.700729370117,0.1,0.0,stop
ON,2017-01-20,2017-04-06,13.399999618530273,14.859999656677246,53,0.10895522982911143,1.0,20622.59941291809,0.1,0.0,sma
NTAP,2016-12-05,2017-04-13,35.459999084472656,39.650001525878906,89,0.11816138041698321,0.5008818342151675,20105.819480895996,0.1,107.92,sma
LNTH,2017-03-16,2017-04-13,12.399999618530273,11.199999809265137,20,-0.09677418114367398,1.0,21761.99933052063,0.1,0.0,stop
ELV,2017-03-22,2017-04-13,166.44000244140625,165.94000244140625,16,-0.0030040855122915877,1.0,20971.440307617188,0.1,0.0,egg
PH,2017-03-22,2017-04-13,157.5500030517578,154.5800018310547,16,-0.018851165745312204,1.0,21111.700408935547,0.1,0.0,egg
MRCY,2017-03-10,2017-04-27,38.15999984741211,37.459999084472656,33,-0.018343835580149404,1.0,21484.079914093018,0.1,0.0,sma
AEIS,2017-02-17,2017-04-28,61.560001373291016,75.08000183105469,48,0.2196231344405002,0.49855907780979825,21361.320476531982,0.1,0.0,strength
OLLI,2017-04-13,2017-05-08,33.29999923706055,41.04999923706055,16,0.23273273806489447,0.49920508744038156,20945.699520111084,0.1,0.0,strength
CCS,2017-04-13,2017-05-12,25.549999237060547,25.549999237060547,20,0.0,1.0,20976.54937362671,0.1,0.0,sma
VEEV,2017-04-13,2017-05-23,50.66999816894531,62.63999938964844,27,0.23623449088733772,0.5,20977.37924194336,0.1,0.0,strength
KFY,2017-05-12,2017-06-06,32.349998474121094,31.700000762939453,16,-0.020092665899246187,1.0,23389.04889678955,0.1,0.0,egg
AEIS,2017-02-17,2017-06-16,61.560001373291016,71.80000305175781,82,0.16634180393162912,0.5014409221902018,21361.320476531982,0.1,0.0,sma
UCTT,2016-12-05,2017-06-21,9.90999984741211,20.31999969482422,136,1.0504540875578892,0.5,20117.299690246582,0.1,0.0,sma
OLLI,2017-04-13,2017-06-23,33.29999923706055,39.400001525878906,49,0.18318325611339614,0.5007949125596184,20945.699520111084,0.1,0.0,sma
CGNX,2017-01-18,2017-06-29,33.654998779296875,45.04999923706055,113,0.33858270304776816,0.5,20462.2392578125,0.1,24.32,sma
FIVN,2017-06-16,2017-06-30,23.100000381469727,21.1299991607666,10,-0.08528143671735233,1.0,24024.000396728516,0.1,0.0,stop
CHE,2017-03-22,2017-07-07,184.30999755859375,201.97999572753906,74,0.09587107809128947,1.0,21011.339721679688,0.1,29.64,sma
LOPE,2017-04-06,2017-07-07,70.56999969482422,77.16000366210938,63,0.09338251375631623,1.0,21170.999908447266,0.1,0.0,sma
NVR,2017-04-27,2017-07-17,2106.0,2529.64990234375,55,0.20116329645952047,0.5,21060.0,0.1,0.0,strength
TRU,2017-06-23,2017-07-18,44.439998626708984,44.349998474121094,16,-0.0020252060164061003,1.0,23908.719261169434,0.1,0.0,egg
VRTX,2017-06-30,2017-07-25,128.8699951171875,166.94000244140625,16,0.29541405111096597,0.5,23454.339111328125,0.1,0.0,strength
BCO,2017-06-29,2017-07-27,66.8499984741211,81.0,19,0.21166794089541585,0.49859943977591037,23865.44945526123,0.1,26.7,strength
VEEV,2017-04-13,2017-07-28,50.66999816894531,62.150001525878906,73,0.226564116277578,0.5,20977.37924194336,0.1,0.0,sma
PENN,2017-06-06,2017-07-31,20.010000228881836,20.18000030517578,38,0.008495755839551311,1.0,24332.160278320312,0.1,0.0,sma
ALG,2017-07-07,2017-07-31,93.30999755859375,92.22000122070312,16,-0.01168145286046296,1.0,23420.80938720703,0.1,25.1,egg
RNG,2017-07-07,2017-07-31,37.0,35.20000076293945,16,-0.04864862802866343,1.0,23495.0,0.1,0.0,egg
RH,2017-07-28,2017-08-02,69.87000274658203,62.650001525878906,3,-0.10333477797174295,1.0,24803.85097503662,0.1,0.0,stop
ICUI,2017-07-18,2017-08-09,172.64999389648438,170.85000610351562,16,-0.01042564643267796,1.0,23653.04916381836,0.1,0.0,egg
LNTH,2017-08-09,2017-08-16,18.5,16.850000381469727,5,-0.089189168569204,1.0,24679.0,0.1,0.0,stop
CBOE,2017-04-13,2017-08-17,81.29000091552734,97.87000274658203,87,0.2039611470577276,0.5,20972.820236206055,0.1,32.25,strength
GWRE,2017-07-31,2017-08-22,72.16000366210938,71.48999786376953,16,-0.009285002277399479,1.0,24678.721252441406,0.1,0.0,egg
FIZZ,2017-08-02,2017-09-12,52.400001525878906,63.724998474121094,28,0.21612588966527202,0.4989339019189765,24575.600715637207,0.1,0.0,strength
CSGP,2017-07-31,2017-09-14,27.55500030517578,27.469999313354492,32,-0.0030847755717615666,1.0,24689.2802734375,0.1,0.0,sma
NOVT,2017-06-21,2017-09-20,36.04999923706055,43.650001525878906,63,0.2108183758574207,0.5,23937.199493408203,0.1,0.0,strength
ADBE,2017-07-31,2017-09-21,146.49000549316406,150.3800048828125,37,0.026554708470059918,1.0,24610.320922851562,0.1,0.0,sma
VRTX,2017-06-30,2017-09-25,128.8699951171875,151.19000244140625,59,0.17319785962529233,0.5,23454.339111328125,0.1,0.0,sma
FIZZ,2017-08-02,2017-10-04,52.400001525878906,54.30500030517578,44,0.036354937477550475,0.5010660980810234,24575.600715637207,0.1,0.0,sma
FSLR,2017-09-21,2017-10-13,48.7599983215332,47.209999084472656,16,-0.031788336554885444,1.0,25745.27911376953,0.1,0.0,egg
XYZ,2017-09-25,2017-10-17,27.450000762939453,33.25,16,0.21129322680716234,0.5,25857.900718688965,0.1,0.0,strength
BCO,2017-06-29,2017-10-26,66.8499984741211,81.1500015258789,83,0.21391179324100684,0.5014005602240896,23865.44945526123,0.1,26.849999999999998,sma
CROX,2017-10-13,2017-11-06,9.529999732971191,9.050000190734863,16,-0.05036721465748428,1.0,26512.459257125854,0.1,0.0,egg
EXTR,2017-09-14,2017-11-10,11.329999923706055,11.460000038146973,41,0.011473973108235835,1.0,25651.119827270508,0.1,0.0,sma
TEX,2017-11-06,2017-11-15,46.61000061035156,42.630001068115234,7,-0.08538939047669558,1.0,27266.850357055664,0.1,46.800000000000004,stop
LOPE,2017-08-16,2017-11-30,79.1500015258789,95.83000183105469,74,0.21073910276201424,0.5,24536.50047302246,0.1,0.0,strength
NOVT,2017-06-21,2017-12-04,36.04999923706055,47.20000076293945,115,0.3092926979708879,0.5,23937.199493408203,0.1,0.0,sma
TTWO,2017-10-04,2017-12-05,102.9800033569336,101.43000030517578,43,-0.01505149544796025,1.0,26259.900856018066,0.1,0.0,sma
YELP,2017-11-10,2017-12-05,45.97999954223633,42.95000076293945,16,-0.06589819072341607,1.0,27312.11972808838,0.1,0.0,egg
XYZ,2017-09-25,2017-12-14,27.450000762939453,35.849998474121094,57,0.3060108370751875,0.5,25857.900718688965,0.1,0.0,sma
LOPE,2017-08-16,2017-12-15,79.1500015258789,89.12000274658203,85,0.1259633737018102,0.5,24536.50047302246,0.1,0.0,sma
TREX,2017-12-05,2017-12-28,27.440000534057617,27.229999542236328,16,-0.007653097220630234,1.0,26918.640523910522,0.1,0.0,egg
STZ,2017-08-22,2018-01-09,196.74000549316406,216.77000427246094,96,0.10180948571739701,1.0,24395.760681152344,0.1,64.48,sma
CALY,2017-12-15,2018-01-10,14.789999961853027,13.670000076293945,16,-0.07572683491871746,1.0,27198.809929847717,0.1,0.0,egg
HLI,2017-10-26,2018-01-12,41.33000183105469,49.7400016784668,53,0.203484139240782,0.5,26864.501190185547,0.1,65.0,strength
LGIH,2017-12-05,2018-01-17,66.83999633789062,69.6500015258789,28,0.0420407741164901,1.0,26869.67852783203,0.1,0.0,sma
PBF,2017-12-04,2018-01-25,32.59000015258789,33.15999984741211,35,0.017490018169851407,1.0,27343.01012802124,0.1,0.0,sma
NVR,2017-04-27,2018-01-26,2106.0,3374.989990234375,189,0.6025593495889721,0.5,21060.0,0.1,0.0,sma
NTNX,2018-01-17,2018-01-26,36.72999954223633,33.45000076293945,7,-0.08930026736115693,1.0,28098.44964981079,0.1,0.0,stop
THO,2018-01-09,2018-01-29,153.72999572753906,140.0,13,-0.0893124055755079,1.0,28132.58921813965,0.1,0.0,stop
HLI,2017-10-26,2018-02-06,41.33000183105469,44.099998474121094,69,0.06702144980272129,0.5,26864.501190185547,0.1,65.0,sma
DLTR,2017-12-28,2018-02-06,108.06999969482422,103.02999877929688,26,-0.04663644794817856,1.0,27557.849922180176,0.1,0.0,sma
UFPI,2018-01-25,2018-02-06,39.209999084472656,33.79999923706055,8,-0.13797500570599341,1.0,28505.66933441162,0.1,0.0,stop
FSLR,2018-01-26,2018-02-06,70.55999755859375,61.5,7,-0.12840133038653,1.0,28082.879028320312,0.1,0.0,stop
CBOE,2017-04-13,2018-02-07,81.29000091552734,111.01000213623047,206,0.36560463631420936,0.5,20972.820236206055,0.1,101.91000000000001,sma
NMIH,2017-12-14,2018-02-09,17.0,18.25,38,0.07352941176470584,1.0,27319.0,0.1,0.0,sma
CPRI,2018-01-10,2018-02-09,63.91999816894531,60.400001525878906,21,-0.05506878510482416,1.0,28060.879196166992,0.1,0.0,sma
CROX,2018-01-29,2018-02-09,13.770000457763672,12.829999923706055,9,-0.06826437928893714,1.0,28077.030933380127,0.1,0.0,stop
CZR,2018-01-26,2018-02-13,33.04999923706055,30.100000381469727,12,-0.08925866637487978,1.0,28125.549350738525,0.1,0.0,stop
MA,2017-11-15,2018-03-06,148.3300018310547,179.17999267578125,74,0.2079821375574724,0.4972972972972973,27441.050338745117,0.1,23.0,strength
MA,2017-11-15,2018-03-26,148.3300018310547,175.3300018310547,88,0.18202656014763985,0.5027027027027027,27441.050338745117,0.1,23.25,sma
RF,2018-03-13,2018-03-26,19.709999084472656,18.329999923706055,9,-0.07001518137328333,1.0,26293.138778686523,0.1,0.0,stop
BAC,2018-03-14,2018-03-26,32.13999938964844,29.889999389648438,8,-0.07000622410480428,1.0,26226.239501953125,0.1,0.0,stop
AMZN,2018-02-06,2018-03-29,72.14199829101562,70.30000305175781,36,-0.02553291124300905,1.0,26187.545379638672,0.1,0.0,sma
TKO,2018-02-06,2018-04-03,34.560001373291016,35.16999816894531,38,0.017650369543263933,1.0,26196.48104095459,0.1,90.96,sma
IBKR,2018-03-15,2018-04-03,17.667499542236328,16.25,12,-0.0802320406941357,1.0,26183.23432159424,0.1,0.0,stop
EZPW,2018-03-14,2018-04-06,13.350000381469727,13.100000381469727,16,-0.018726591225196487,1.0,26232.750749588013,0.1,0.0,egg
ENVA,2018-03-15,2018-04-09,22.649999618530273,22.200000762939453,16,-0.01986749947768962,1.0,26183.399559020996,0.1,0.0,egg
EL,2018-02-06,2018-05-02,137.22000122070312,140.0,59,0.020259428323612605,1.0,26071.800231933594,0.1,72.2,sma
MTCH,2018-04-24,2018-05-02,45.2599983215332,36.54999923706055,6,-0.19244364576851358,1.0,25526.639053344727,0.1,0.0,stop
TECH,2018-03-27,2018-05-03,36.6974983215332,36.70750045776367,26,0.00027255635092160446,1.0,25724.946323394775,0.1,0.0,sma
AEO,2018-03-14,2018-05-07,19.600000381469727,20.149999618530273,37,0.028061185018166013,1.0,26224.800510406494,0.1,184.644,sma
ANF,2018-04-24,2018-05-16,27.020000457763672,26.030000686645508,16,-0.03663951718526737,1.0,25533.90043258667,0.1,0.0,egg
NTNX,2018-04-24,2018-05-29,52.5099983215332,51.959999084472656,24,-0.010474181196745591,1.0,25519.859184265137,0.1,0.0,sma
LULU,2018-05-07,2018-06-04,97.16999816894531,122.62000274658203,19,0.2619121648370095,0.4980392156862745,24778.349533081055,0.1,0.0,strength
ETSY,2018-03-29,2018-06-15,28.059999465942383,41.689998626708984,54,0.48574481183828655,0.4994413407821229,25113.699522018433,0.1,0.0,strength
KFY,2018-05-02,2018-06-18,53.83000183105469,64.13999938964844,32,0.19152883536864151,0.5,24761.800842285156,0.1,0.0,strength
OLLI,2018-05-02,2018-06-19,63.04999923706055,74.9000015258789,33,0.18794611311990272,0.5,24715.599700927734,0.1,0.0,strength
FFIV,2018-05-29,2018-06-26,172.75,170.64999389648438,20,-0.012156330555806782,1.0,25567.0,0.1,0.0,sma
AUB,2018-05-16,2018-06-28,40.7599983215332,39.9900016784668,30,-0.018890988095542238,1.0,25474.998950958252,0.1,0.0,sma
NEOG,2018-05-03,2018-07-10,34.90999984741211,42.185001373291016,46,0.20839305521848073,0.5,24646.45989227295,0.1,0.0,strength
CHRD,2018-06-04,2018-07-17,12.4399995803833,11.850000381469727,30,-0.047427589936895775,1.0,26422.55910873413,0.1,0.0,sma
OLLI,2018-05-02,2018-07-30,63.04999923706055,70.05000305175781,61,0.11102305946710755,0.5,24715.599700927734,0.1,0.0,sma
LULU,2018-05-07,2018-07-30,97.16999816894531,120.04000091552734,58,0.23536074073829805,0.5019607843137255,24778.349533081055,0.1,0.0,sma
BR,2018-03-27,2018-07-31,107.33999633789062,113.48999786376953,87,0.05729459414661808,1.0,25654.25912475586,0.1,87.235,sma
CPRT,2018-04-24,2018-07-31,12.792499542236328,14.100000381469727,68,0.10220839445149021,1.0,25546.621585845947,0.1,0.0,sma
TTD,2018-07-17,2018-07-31,9.489999771118164,8.600000381469727,10,-0.09378286734600971,1.0,28242.239318847656,0.1,0.0,stop
TNC,2018-07-30,2018-08-21,79.9000015258789,76.4000015258789,16,-0.043804755108376114,1.0,27805.20053100586,0.1,0.0,egg
KFY,2018-05-02,2018-09-06,53.83000183105469,63.689998626708984,88,0.18316917072750383,0.5,24761.800842285156,0.1,23.0,sma
BLFS,2018-08-21,2018-09-06,24.139999389648438,20.520000457763672,11,-0.14995853452411734,1.0,28388.639282226562,0.1,0.0,stop
CSGP,2018-06-28,2018-09-18,41.534000396728516,42.130001068115234,56,0.01434970543876779,1.0,27827.780265808105,0.1,0.0,sma
FBP,2018-07-31,2018-09-18,8.220000267028809,8.350000381469727,34,0.01581509856664609,1.0,27430.140891075134,0.1,0.0,sma
NEOG,2018-05-03,2018-09-26,34.90999984741211,37.005001068115234,101,0.060011493264398474,0.5,24646.45989227295,0.1,0.0,sma
TKO,2018-07-31,2018-09-27,79.11000061035156,95.18000030517578,41,0.20313487006497954,0.5,27372.06021118164,0.1,20.759999999999998,strength
STAA,2018-09-18,2018-10-03,50.0,45.040000915527344,11,-0.0991999816894531,1.0,29050.0,0.1,0.0,stop
BJRI,2018-07-31,2018-10-04,63.25,67.19999694824219,46,0.062450544636240224,1.0,27387.25,0.1,47.63,sma
ETSY,2018-03-29,2018-10-05,28.059999465942383,46.0,132,0.6393442934962332,0.5005586592178771,25113.699522018433,0.1,0.0,sma
MSA,2018-07-30,2018-10-08,99.62000274658203,101.81999969482422,49,0.022083887648935763,1.0,27793.980766296387,0.1,106.02,sma
ALRM,2018-09-06,2018-10-08,55.150001525878906,51.310001373291016,22,-0.06962828733170545,1.0,28898.600799560547,0.1,0.0,sma
PRKS,2018-09-27,2018-10-09,31.43000030517578,28.639999389648438,8,-0.08876872059934071,1.0,29135.61028289795,0.1,0.0,stop
XYZ,2018-10-05,2018-10-09,94.11000061035156,83.69000244140625,2,-0.11072147594693749,1.0,28138.890182495117,0.1,0.0,stop
TKO,2018-07-31,2018-10-11,79.11000061035156,82.33000183105469,51,0.04070283397623675,0.5,27372.06021118164,0.1,20.759999999999998,sma
TPL,2018-09-18,2018-10-11,92.4655532836914,88.57333374023438,17,-0.04209372469243122,1.0,29034.1837310791,0.1,0.0,sma
SM,2018-09-06,2018-10-12,29.209999084472656,29.579999923706055,26,0.01266692402705627,1.0,28917.89909362793,0.1,0.0,sma
RAMP,2018-10-03,2018-10-12,48.65999984741211,44.93000030517578,7,-0.07665432704342068,1.0,28417.439910888672,0.1,0.0,stop
EMR,2018-10-08,2018-10-12,77.9000015258789,72.73999786376953,4,-0.0662388133637608,1.0,27888.20054626465,0.1,0.0,stop
TJX,2018-06-26,2018-10-22,47.584999084472656,54.34000015258789,82,0.14195652407439985,1.0,28170.319458007812,0.1,115.44,sma
MOS,2018-10-11,2018-10-25,32.689998626708984,29.760000228881836,10,-0.0896298109793503,1.0,26282.758895874023,0.1,0.0,stop
ADP,2018-10-08,2018-10-29,149.3000030517578,138.8000030517578,15,-0.07032819682100055,1.0,27919.10057067871,0.1,0.0,stop
AAP,2018-10-09,2018-10-31,168.88999938964844,166.08999633789062,16,-0.016578856426530564,1.0,27360.179901123047,0.1,0.0,egg
NEO,2018-10-04,2018-10-31,14.470000267028809,18.25,19,0.2612301080314601,0.4997473471450227,28636.130528450012,0.1,0.0,strength
PGR,2018-10-18,2018-11-15,71.80000305175781,64.51000213623047,20,-0.10153204186178466,1.0,26207.0011138916,0.1,0.0,stop
NEO,2018-10-04,2018-12-07,14.470000267028809,14.710000038146973,44,0.01658602395917197,0.5002526528549772,28636.130528450012,0.1,0.0,sma
CI,2018-12-04,2018-12-18,217.83999633789062,201.52000427246094,9,-0.07491733538278167,1.0,26140.799560546875,0.1,0.0,stop
SHEN,2018-12-04,2018-12-24,46.810001373291016,41.599998474121094,13,-0.11130106272850182,1.0,26307.22077178955,0.1,0.0,stop
NJR,2018-12-04,2018-12-26,48.43000030517578,44.27000045776367,14,-0.08589716748293152,1.0,26297.49016571045,0.1,159.099,stop
NNN,2019-02-14,2019-03-11,52.29999923706055,52.290000915527344,16,-0.00019117249864353258,1.0,25470.099628448486,0.1,0.0,egg
REGN,2019-02-14,2019-03-11,414.9700012207031,404.1499938964844,16,-0.026074191609971598,1.0,25313.17007446289,0.1,0.0,egg
TWLO,2019-02-19,2019-03-22,112.56999969482422,135.0,23,0.199253800888187,0.4977973568281938,25553.389930725098,0.1,0.0,strength
LLY,2019-02-13,2019-04-15,119.6500015258789,123.7699966430664,42,0.03443372390009025,1.0,25365.800323486328,0.1,136.74,sma
MPT,2019-02-20,2019-04-16,18.239999771118164,18.420000076293945,39,0.00986843790759262,1.0,25554.239679336548,0.1,350.25,sma
WELL,2019-02-19,2019-04-17,76.76000213623047,73.9000015258789,41,-0.037258995971310105,1.0,25561.080711364746,0.1,289.71,sma
WAT,2019-02-20,2019-04-17,234.0,241.4199981689453,40,0.031709393884381765,1.0,25506.0,0.1,0.0,sma
UDR,2019-02-20,2019-04-18,44.33000183105469,43.709999084472656,41,-0.013986075365954531,1.0,25534.0810546875,0.1,197.568,sma
VMRK,2019-02-20,2019-04-18,72.68000030517578,74.26000213623047,41,0.021739155536879773,1.0,25510.6801071167,0.1,199.368,sma
EW,2019-02-21,2019-04-18,57.97999954223633,59.336666107177734,40,0.023398871604907834,1.0,25569.17979812622,0.1,0.0,sma
ZBRA,2019-03-22,2019-05-01,207.24000549316406,212.25999450683594,27,0.02422306929458884,1.0,26733.960708618164,0.1,0.0,sma
ACIW,2019-04-17,2019-05-10,33.709999084472656,31.989999771118164,16,-0.051023416198986205,1.0,26765.73927307129,0.1,0.0,egg
ALRM,2019-04-18,2019-05-13,67.12999725341797,61.939998626708984,16,-0.07731265960158717,1.0,26382.08892059326,0.1,0.0,egg
KEYS,2019-04-18,2019-05-13,89.83999633789062,84.12000274658203,16,-0.06366867569535006,1.0,26323.118927001953,0.1,0.0,egg
OSW,2019-04-18,2019-05-13,13.770000457763672,13.619999885559082,16,-0.01089328737966877,1.0,26397.09087753296,0.1,0.0,egg
TWLO,2019-02-19,2019-05-14,112.56999969482422,126.0,59,0.1193035474956412,0.5022026431718062,25553.389930725098,0.1,0.0,sma
MTD,2019-04-16,2019-05-14,732.1699829101562,705.0599975585938,19,-0.03702690083497884,1.0,27090.28936767578,0.1,0.0,sma
TDG,2019-04-15,2019-05-16,458.1600036621094,452.739990234375,22,-0.011829957622690235,1.0,27031.440216064453,0.1,0.0,sma
SNPS,2019-04-17,2019-05-21,116.04000091552734,116.38999938964844,23,0.0030161881365020626,1.0,26689.20021057129,0.1,0.0,sma
FAST,2019-05-01,2019-05-23,17.3174991607666,15.960000038146973,16,-0.07838886608379869,1.0,26911.3936958313,0.1,0.0,egg
CCK,2019-03-12,2019-05-31,54.650001525878906,54.7599983215332,56,0.002012750093011606,1.0,25904.1007232666,0.1,0.0,sma
NOW,2019-05-13,2019-06-05,52.02399826049805,52.4739990234375,16,0.008649868867943944,1.0,26168.071125030518,0.1,0.0,egg
FRPT,2019-05-13,2019-06-26,44.79999923706055,45.93000030517578,31,0.025223238557121386,1.0,26163.19955444336,0.1,0.0,sma
LGIH,2019-05-14,2019-06-26,70.75,69.0999984741211,30,-0.023321576337511085,1.0,25399.25,0.1,0.0,sma
PAYX,2019-05-31,2019-06-26,85.79000091552734,84.0199966430664,18,-0.02063182484639159,1.0,25308.050270080566,0.1,0.0,sma
NVR,2019-05-21,2019-06-27,3309.320068359375,3246.0,26,-0.019133860446072348,1.0,23165.240478515625,0.1,0.0,sma
MSCI,2019-06-05,2019-06-27,234.5,232.22999572753906,16,-0.009680188795142541,1.0,25560.5,0.1,0.0,egg
FICO,2019-05-10,2019-07-12,287.3299865722656,345.44000244140625,43,0.20224138998637198,0.4945054945054945,26147.028778076172,0.1,0.0,strength
ENPH,2019-06-27,2019-07-31,17.920000076293945,26.309999465942383,23,0.4681919282326019,0.5,25840.64011001587,0.1,0.0,strength
MDLZ,2019-06-26,2019-08-01,54.459999084472656,53.38999938964844,25,-0.019647442394638115,1.0,25868.49956512451,0.1,123.5,sma
VCYT,2019-06-27,2019-08-02,26.530000686645508,26.700000762939453,25,0.00640784289084162,1.0,25840.220668792725,0.1,0.0,sma
APD,2019-05-13,2019-08-06,204.5500030517578,221.0,59,0.08042041898224661,1.0,25977.850387573242,0.1,147.32,sma
EL,2019-05-16,2019-08-06,170.6999969482422,175.99000549316406,56,0.03099009161977806,1.0,25946.399536132812,0.1,65.36,sma
PAYC,2019-05-23,2019-08-06,206.77000427246094,225.5,51,0.09058371785328467,1.0,25639.480529785156,0.1,0.0,sma
AON,2019-06-26,2019-08-06,189.88999938964844,183.50999450683594,28,-0.03359842489504106,1.0,25825.039916992188,0.1,59.84,sma
ARWR,2019-07-12,2019-08-06,27.149999618530273,28.280000686645508,17,0.04162066607706283,1.0,27367.199615478516,0.1,0.0,sma
FICO,2019-05-10,2019-08-15,287.3299865722656,327.7699890136719,67,0.1407441072330795,0.5054945054945055,26147.028778076172,0.1,0.0,sma
BRO,2019-08-06,2019-08-28,35.9900016784668,35.380001068115234,16,-0.01694916871083485,1.0,27208.4412689209,0.1,0.0,egg
ENPH,2019-06-27,2019-09-06,17.920000076293945,25.31999969482422,49,0.41294640552594664,0.5,25840.64011001587,0.1,0.0,sma
MTCH,2019-08-01,2019-09-10,75.44000244140625,76.25,27,0.010736976834311074,1.0,28516.320922851562,0.1,0.0,sma
CTAS,2019-08-06,2019-09-10,64.29750061035156,63.38750076293945,24,-0.014152958338564114,1.0,27197.84275817871,0.1,0.0,sma
BAH,2019-08-06,2019-09-11,68.8499984741211,68.95999908447266,25,0.0015976850078349702,1.0,27195.749397277832,0.1,90.85000000000001,sma
ROKU,2019-09-11,2019-09-19,149.75999450683594,127.80999755859375,6,-0.14656782687876135,1.0,28005.11897277832,0.1,0.0,stop
ARES,2019-09-19,2019-10-01,29.40999984741211,26.920000076293945,8,-0.08466507256161271,1.0,28233.599853515625,0.1,0.0,stop
PPC,2019-09-10,2019-10-02,30.940000534057617,30.799999237060547,16,-0.004524928719473076,1.0,28433.86049079895,0.1,0.0,egg
LDOS,2019-08-02,2019-10-03,81.86000061035156,83.0199966430664,43,0.014170486489932355,1.0,28487.280212402344,0.1,118.32000000000001,sma
CMCSA,2019-09-04,2019-10-03,42.66166687011719,41.30271911621094,21,-0.03185407072919921,1.0,28625.978469848633,0.1,132.061523,sma
MEDP,2019-09-10,2019-10-04,80.48999786376953,78.66999816894531,18,-0.02261150134336687,1.0,28412.969245910645,0.1,0.0,sma
WRB,2019-06-26,2019-10-09,28.915555953979492,31.573333740234375,73,0.09191515426799568,1.0,25879.422578811646,0.1,43.755655000000004,sma
GNRC,2019-08-06,2019-10-21,72.08000183105469,88.05000305175781,53,0.2215593897754684,0.4986737400530504,27174.160690307617,0.1,0.0,strength
RNR,2019-08-15,2019-10-23,187.83999633789062,186.2100067138672,48,-0.00867754288650735,1.0,27988.159454345703,0.1,50.660000000000004,sma
FE,2019-10-04,2019-10-28,48.22999954223633,47.86000061035156,16,-0.007671551635839213,1.0,27057.02974319458,0.1,0.0,egg
VMC,2019-08-06,2019-10-29,138.1199951171875,147.6300048828125,59,0.06885324429353079,1.0,27209.639038085938,0.1,61.07,sma
LGIH,2019-10-03,2019-10-29,82.19999694824219,80.4800033569336,18,-0.020924497021473143,1.0,27125.998992919922,0.1,0.0,sma
KNSL,2019-10-03,2019-11-04,101.61000061035156,95.01000213623047,22,-0.0649542213805352,1.0,27129.870162963867,0.1,0.0,sma
BLDR,2019-10-02,2019-11-05,20.270000457763672,24.639999389648438,24,0.21558948363077124,0.5,27486.12062072754,0.1,0.0,strength
CTAS,2019-10-23,2019-11-14,67.03250122070312,63.48249816894531,16,-0.05295942993488334,1.0,28153.650512695312,0.1,267.75,egg
DG,2019-10-28,2019-11-19,162.63999938964844,159.1300048828125,16,-0.02158137309399999,1.0,28136.71989440918,0.1,0.0,egg
TTEK,2019-10-01,2019-11-22,16.72599983215332,16.923999786376953,38,0.011837854610222243,1.0,27865.51572036743,0.1,0.0,sma
KLAC,2019-11-19,2019-11-22,17.599000930786133,16.047000885009766,3,-0.0881868267340924,1.0,28686.371517181396,0.1,0.0,stop
ELS,2019-11-04,2019-12-17,69.06999969482422,69.79000091552734,30,0.01042422504537921,1.0,28111.489875793457,0.1,0.0,sma
XPO,2019-11-22,2019-12-17,28.809633255004883,28.543325424194336,16,-0.009243707771402598,1.0,28463.917655944824,0.1,0.0,egg
LPG,2019-11-14,2019-12-24,12.489999771118164,15.229999542236328,27,0.2193754860952144,0.4997782705099778,28164.94948387146,0.1,0.0,strength
KRYS,2019-12-17,2020-01-02,60.720001220703125,55.63999938964844,10,-0.08366274257126671,1.0,29145.6005859375,0.1,0.0,stop
OC,2019-10-29,2020-01-08,62.06999969482422,64.94000244140625,48,0.04623816273067183,1.0,28117.70986175537,0.1,108.72,sma
MTSI,2019-11-22,2020-01-22,24.219999313354492,29.5,39,0.21800168605843884,0.49957446808510636,28458.49919319153,0.1,0.0,strength
LPG,2019-11-14,2020-01-24,12.489999771118164,14.15999984741211,47,0.13370697413106836,0.5002217294900222,28164.94948387146,0.1,0.0,sma
DKS,2020-01-02,2020-01-27,48.220001220703125,45.290000915527344,16,-0.06076317360020711,1.0,29221.320739746094,0.1,0.0,egg
ROST,2019-10-21,2020-01-28,110.9800033569336,115.11000061035156,67,0.03721388654256108,1.0,28299.900856018066,0.1,65.025,sma
MTSI,2019-11-22,2020-01-29,24.219999313354492,30.530000686645508,44,0.2605285529389667,0.5004255319148936,28458.49919319153,0.1,0.0,sma
BHE,2019-12-17,2020-01-31,34.56999969482422,32.16999816894531,30,-0.069424401130042,1.0,29177.07974243164,0.1,126.6,sma
TTMI,2020-01-08,2020-01-31,14.979999542236328,14.680000305175781,16,-0.020026651951136176,1.0,29540.55909729004,0.1,0.0,egg
TYL,2019-10-09,2020-01-31,265.30999755859375,321.0199890136719,78,0.2099807469289754,0.5,27061.619750976562,0.1,0.0,strength
BLDR,2019-10-02,2020-02-03,20.270000457763672,24.950000762939453,84,0.23088308828248105,0.5,27486.12062072754,0.1,0.0,sma
GNRC,2019-08-06,2020-02-10,72.08000183105469,106.2699966430664,129,0.47433398922697334,0.5013262599469496,27174.160690307617,0.1,0.0,sma
DAR,2020-01-24,2020-02-18,28.790000915527344,28.520000457763672,16,-0.009378271940868599,1.0,30315.870964050293,0.1,0.0,egg
NEE,2019-10-29,2020-02-19,58.150001525878906,68.75499725341797,76,0.18237309457024597,0.5,28144.60073852539,0.1,75.625,strength
ENOV,2020-01-29,2020-02-21,64.37177276611328,64.33734893798828,16,-0.0005347658864401916,1.0,29932.874336242676,0.1,0.0,egg
VICR,2020-01-27,2020-02-24,52.68000030517578,45.5099983215332,19,-0.136104820465199,1.0,30080.28017425537,0.1,0.0,stop
UCTT,2020-01-28,2020-02-24,24.260000228881836,22.229999542236328,18,-0.08367686180929079,1.0,29694.240280151367,0.1,0.0,sma
CACI,2020-01-31,2020-02-25,267.44000244140625,266.989990234375,16,-0.0016826660294764206,1.0,29418.400268554688,0.1,0.0,egg
ACMR,2020-02-18,2020-02-25,13.94333267211914,12.983332633972168,5,-0.06885011357912829,1.0,30912.368534088135,0.1,0.0,stop
FBIN,2020-01-31,2020-02-26,58.726497650146484,57.70940017700195,17,-0.017319225798271276,1.0,29539.42831802368,0.1,0.0,sma
LRCX,2020-02-03,2020-02-26,30.8439998626709,29.624000549316406,16,-0.039553861975956006,1.0,28931.671871185303,0.1,0.0,egg
NEE,2019-10-29,2020-02-28,58.150001525878906,62.037498474121094,83,0.06685291223100154,0.5,28144.60073852539,0.1,160.325,sma
ROK,2020-02-21,2020-02-28,209.3699951171875,179.5800018310547,5,-0.14228396609293947,1.0,30777.389282226562,0.1,0.0,stop
GLPI,2020-02-24,2020-02-28,48.7599983215332,43.470001220703125,4,-0.10849051031435186,1.0,29597.318981170654,0.1,0.0,stop
TYL,2019-10-09,2020-03-02,265.30999755859375,314.45001220703125,98,0.18521734989494676,0.5,27061.619750976562,0.1,0.0,sma
CWST,2020-02-25,2020-03-02,53.06999969482422,48.29999923706055,4,-0.08988129800627975,1.0,28604.729835510254,0.1,0.0,stop
THO,2020-02-10,2020-03-04,81.29000091552734,77.0999984741211,16,-0.051543884785538396,1.0,29589.560333251953,0.1,0.0,egg
LW,2020-02-25,2020-03-04,93.7699966430664,86.55999755859375,6,-0.07689025639957492,1.0,28599.848976135254,0.1,0.0,stop
KNSL,2020-02-24,2020-03-10,126.37999725341797,118.0,11,-0.06630793982859762,1.0,29572.919357299805,0.1,21.06,stop
ES,2020-02-26,2020-03-13,93.45999908447266,85.88999938964844,12,-0.08099721558933648,1.0,28318.379722595215,0.1,172.10399999999998,stop
QDEL,2020-02-26,2020-03-17,80.94000244140625,77.45999908447266,14,-0.042994851148575486,1.0,28409.940856933594,0.1,0.0,stop
RGEN,2020-05-28,2020-06-09,129.2100067138672,117.30000305175781,8,-0.09217555176267289,1.0,26488.051376342773,0.1,0.0,stop
AMZN,2020-05-28,2020-07-06,120.05500030517578,146.74850463867188,26,0.22234396123145306,0.497737556561086,26532.155067443848,0.1,0.0,strength
RNG,2020-05-28,2020-07-14,259.510009765625,260.0,32,0.0018881361640636918,1.0,26470.02099609375,0.1,0.0,sma
FTNT,2020-05-28,2020-07-14,26.93400001525879,26.562000274658203,32,-0.013811529679581103,1.0,26556.924015045166,0.1,0.0,sma
UTHR,2020-05-28,2020-07-14,115.0,116.83000183105469,32,0.015913059400475493,1.0,26450.0,0.1,0.0,sma
CYTK,2020-07-14,2020-07-20,27.8799991607666,24.06999969482422,4,-0.13665708682315547,1.0,27907.879159927368,0.1,0.0,stop
WST,2020-05-28,2020-07-21,206.02999877929688,255.33999633789062,37,0.239334067129785,0.5,26371.83984375,0.1,0.0,strength
VRTX,2020-05-28,2020-07-27,277.3800048828125,280.8399963378906,41,0.012473831545788183,1.0,26351.100463867188,0.1,0.0,sma
ETSY,2020-07-14,2020-08-05,103.73999786376953,131.81500244140625,16,0.2706285440115834,0.49814126394052044,27906.059425354004,0.1,0.0,strength
TWLO,2020-07-14,2020-08-05,223.82000732421875,277.0,16,0.23760160367945282,0.5,27753.680908203125,0.1,0.0,strength
REGN,2020-05-28,2020-08-11,578.2100219726562,601.1099853515625,52,0.039604922966882006,1.0,26019.45098876953,0.1,0.0,sma
CRWD,2020-07-20,2020-08-11,26.68000030517578,24.274999618530273,16,-0.09014245349086258,1.0,29214.60033416748,0.1,0.0,stop
MRNA,2020-07-13,2020-08-12,71.77999877929688,75.66999816894531,22,0.05419336104489325,1.0,28855.559509277344,0.1,0.0,breakeven
TSLA,2020-07-27,2020-08-12,102.63999938964844,98.0,12,-0.045206541477399886,1.0,28123.359832763672,0.1,0.0,stop
CLX,2020-05-28,2020-08-25,204.9600067138672,222.97999572753906,62,0.08791953758485449,1.0,26439.840866088867,0.1,143.19000000000003,sma
NOW,2020-05-28,2020-08-26,75.59600067138672,93.0,63,0.23022381044028872,0.4985754985754986,26534.19623565674,0.1,0.0,strength
CHWY,2020-08-12,2020-09-03,53.150001525878906,68.38999938964844,16,0.28673560538562026,0.49906542056074765,28435.250816345215,0.1,0.0,strength
ETSY,2020-07-14,2020-09-04,103.73999786376953,114.2300033569336,38,0.10111823509905449,0.5018587360594795,27906.059425354004,0.1,0.0,sma
TWLO,2020-07-14,2020-09-04,223.82000732421875,245.14999389648438,38,0.09529973136569359,0.5,27753.680908203125,0.1,0.0,sma
FOXF,2020-08-25,2020-09-04,106.30999755859375,92.93000030517578,8,-0.12585831587516927,1.0,29660.489318847656,0.1,0.0,stop
TSCO,2020-08-11,2020-09-08,29.02199935913086,27.974000930786133,19,-0.036110483477597044,1.0,29138.087356567383,0.1,80.32000000000001,sma
TTD,2020-08-12,2020-09-08,46.00299835205078,41.70000076293945,18,-0.09353732894063638,1.0,28429.852981567383,0.1,0.0,sma
AMZN,2020-05-28,2020-09-09,120.05500030517578,160.14950561523438,72,0.33396780815575955,0.502262443438914,26532.155067443848,0.1,0.0,sma
IDXX,2020-08-11,2020-09-09,374.0299987792969,366.3699951171875,20,-0.02047965052832379,1.0,28800.30990600586,0.1,0.0,sma
CHWY,2020-08-12,2020-09-14,53.150001525878906,54.15999984741211,22,0.019002790075959508,0.5009345794392523,28435.250816345215,0.1,0.0,sma
ODFL,2020-09-09,2020-09-22,99.5199966430664,89.50499725341797,9,-0.10063303584673289,1.0,28860.799026489258,0.1,0.0,stop
WST,2020-05-28,2020-09-25,206.02999877929688,261.2699890136719,84,0.2681162479331425,0.5,26371.83984375,0.1,10.24,sma
PTGX,2020-09-04,2020-09-29,20.520000457763672,20.110000610351562,16,-0.019980498940826652,1.0,29610.36066055298,0.1,0.0,egg
PENN,2020-09-04,2020-09-29,54.150001525878906,72.70999908447266,16,0.3427515611375138,0.4990859232175503,29620.05083465576,0.1,0.0,strength
RUN,2020-09-08,2020-09-30,51.88999938964844,71.55000305175781,16,0.37887847163920685,0.5,29162.179656982422,0.1,0.0,strength
PINS,2020-09-09,2020-10-02,35.5099983215332,43.20000076293945,17,0.21655879484350882,0.49938650306748467,28940.64863204956,0.1,0.0,strength
AGNT,2020-09-04,2020-10-06,19.309999465942383,25.49250030517578,21,0.3201709482249162,0.5,29621.539180755615,0.1,0.0,strength
TGTX,2020-09-08,2020-10-08,23.959999084472656,31.0,22,0.2938230878351593,0.49958915365653245,29159.318885803223,0.1,0.0,strength
RUN,2020-09-08,2020-10-22,51.88999938964844,57.0099983215332,32,0.09867024459642137,0.5,29162.179656982422,0.1,0.0,sma
AGNT,2020-09-04,2020-10-26,19.309999465942383,22.0,35,0.13930609054661303,0.5,29621.539180755615,0.1,0.0,sma
SAM,2020-09-25,2020-10-26,875.77001953125,1080.7900390625,21,0.23410257825563097,0.48484848484848486,28900.41064453125,0.1,0.0,strength
PENN,2020-09-04,2020-10-27,54.150001525878906,61.43000030517578,36,0.13444134024294874,0.5009140767824497,29620.05083465576,0.1,0.0,sma
TGTX,2020-09-08,2020-10-27,23.959999084472656,26.260000228881836,35,0.09599337363496407,0.5004108463434676,29159.318885803223,0.1,0.0,sma
NVDA,2020-09-14,2020-10-29,12.872249603271484,12.838500022888184,33,-0.0026218867271439183,1.0,29361.601345062256,0.1,0.0,sma
CRL,2020-09-22,2020-10-29,217.3300018310547,221.1999969482422,27,0.01780699896278426,1.0,30208.8702545166,0.1,0.0,sma
FND,2020-09-29,2020-11-02,73.38999938964844,74.41999816894531,24,0.01403459310345978,1.0,31631.089736938477,0.1,0.0,breakeven
RH,2020-10-22,2020-11-02,378.739990234375,338.6300048828125,7,-0.10590375029249299,1.0,32950.379150390625,0.1,0.0,stop
NOW,2020-05-28,2020-11-03,75.59600067138672,95.52200317382812,111,0.26358540564942157,0.5014245014245015,26534.19623565674,0.1,0.0,sma
SAM,2020-09-25,2020-11-11,875.77001953125,925.0,33,0.056213365804757665,0.5151515151515151,28900.41064453125,0.1,0.0,sma
FCX,2020-10-29,2020-11-20,17.479999542236328,21.40999984741211,16,0.2248283986323829,0.5,32512.79914855957,0.1,0.0,strength
DY,2020-10-26,2020-11-24,64.61000061035156,68.3499984741211,21,0.05788574258534096,0.5,33855.64031982422,0.1,0.0,strength
DY,2020-10-26,2020-11-27,64.61000061035156,63.939998626708984,23,-0.010369942382189579,0.5,33855.64031982422,0.1,0.0,breakeven
LSCC,2020-10-29,2020-12-01,34.7599983215332,42.4900016784668,22,0.2223821556442651,0.4994652406417112,32500.598430633545,0.1,0.0,strength
FIVE,2020-10-27,2020-12-04,135.25,162.6300048828125,27,0.20243996216497218,0.5,33001.0,0.1,0.0,strength
GSHD,2020-11-27,2020-12-08,122.83999633789062,112.05999755859375,7,-0.08775642380877968,1.0,35623.59893798828,0.1,0.0,stop
MPWR,2020-11-02,2020-12-10,315.260009765625,307.3900146484375,27,-0.0249635059106873,1.0,32471.781005859375,0.1,0.0,sma
WOR,2020-11-02,2020-12-18,31.029592514038086,31.226879119873047,33,0.006358014715974969,1.0,32550.042547225952,0.1,161.683419,sma
CROX,2020-11-11,2021-01-07,55.40999984741211,68.48999786376953,38,0.23605843805047977,0.4991896272285251,34187.96990585327,0.1,0.0,strength
DAR,2020-12-08,2021-01-07,50.70000076293945,64.30999755859375,20,0.2684417473540335,0.4993045897079277,36453.30054855347,0.1,0.0,strength
ROCK,2020-12-10,2021-01-07,68.8499984741211,93.30000305175781,18,0.3551199000654566,0.5,36215.099197387695,0.1,0.0,strength
RUSHA,2020-10-27,2021-01-08,24.420000076293945,29.68000030517578,50,0.21539722409698325,0.4996299037749815,32991.42010307312,0.1,62.999775,strength
LSCC,2020-10-29,2021-01-26,34.7599983215332,41.59000015258789,59,0.19649028080716624,0.5005347593582887,32500.598430633545,0.1,0.0,sma
PINS,2020-09-09,2021-01-28,35.5099983215332,67.31999969482422,97,0.8958040798892826,0.5006134969325153,28940.64863204956,0.1,0.0,sma
FCX,2020-10-29,2021-01-28,17.479999542236328,26.329999923706055,61,0.5062929412604258,0.5,32512.79914855957,0.1,0.0,sma
CAT,2020-11-03,2021-01-28,167.69000244140625,182.25999450683594,58,0.08688646820504808,1.0,32867.240478515625,0.1,201.88,sma
VC,2020-12-18,2021-01-28,125.5999984741211,126.5199966430664,26,0.007324826274857532,1.0,36926.3995513916,0.1,0.0,sma
RUSHA,2020-10-27,2021-02-12,24.420000076293945,27.706666946411133,74,0.13458914249995302,0.5003700962250185,32991.42010307312,0.1,63.093108,sma
TFIN,2021-01-28,2021-02-22,58.09000015258789,73.69999694824219,16,0.2687208943820063,0.4992548435171386,38978.390102386475,0.1,0.0,strength
DAR,2020-12-08,2021-02-26,50.70000076293945,62.40999984741211,54,0.2309664478946596,0.5006954102920723,36453.30054855347,0.1,0.0,sma
ROKU,2021-01-28,2021-02-26,404.010009765625,391.3999938964844,20,-0.031212137235055115,1.0,38784.9609375,0.1,0.0,breakeven
ROCK,2020-12-10,2021-03-01,68.8499984741211,88.37999725341797,53,0.2836601192756407,0.5,36215.099197387695,0.1,0.0,sma
UPWK,2021-02-26,2021-03-04,53.880001068115234,45.189998626708984,4,-0.16128437767512893,1.0,41595.36082458496,0.1,0.0,stop
PI,2021-03-01,2021-03-04,66.0,58.849998474121094,3,-0.1083333564527107,1.0,41580.0,0.1,0.0,stop
FIVE,2020-10-27,2021-03-05,135.25,188.1999969482422,88,0.39149720479291816,0.5,33001.0,0.1,0.0,sma
GIII,2021-01-26,2021-03-09,26.229999542236328,32.130001068115234,29,0.22493334459951275,0.4996780424983902,40735.18928909302,0.1,0.0,strength
MTZ,2021-01-28,2021-03-11,79.05999755859375,96.54000091552734,29,0.2210979496170442,0.49898580121703856,38976.57879638672,0.1,0.0,strength
RNST,2021-01-28,2021-03-11,36.779998779296875,44.25,29,0.20309955053364281,0.5,38986.79870605469,0.1,0.0,strength
CROX,2020-11-11,2021-03-24,55.40999984741211,77.41999816894531,90,0.3972206890839969,0.5008103727714749,34187.96990585327,0.1,0.0,sma
CHEF,2021-02-12,2021-03-24,30.309999465942383,29.540000915527344,27,-0.025404109666192554,1.0,42433.999252319336,0.1,0.0,sma
AZZ,2021-02-26,2021-03-24,51.09000015258789,49.689998626708984,18,-0.027402652607116718,1.0,41587.26012420654,0.1,0.0,sma
MTZ,2021-01-28,2021-03-25,79.05999755859375,85.20999908447266,39,0.07778904269913434,0.5010141987829615,38976.57879638672,0.1,0.0,sma
GIII,2021-01-26,2021-03-30,26.229999542236328,29.049999237060547,44,0.10751047442007655,0.5003219575016098,40735.18928909302,0.1,0.0,sma
RNST,2021-01-28,2021-04-21,36.779998779296875,39.619998931884766,57,0.07721588490607845,0.5,38986.79870605469,0.1,116.6,sma
CASH,2021-03-05,2021-04-21,45.20000076293945,43.63999938964844,32,-0.03451330413627107,1.0,41041.60069274902,0.1,45.400000000000006,sma
BFH,2021-03-24,2021-04-21,84.78052520751953,81.42857360839844,19,-0.03953681097063777,1.0,41288.11577606201,0.1,0.0,sma
CHRD,2021-03-25,2021-04-29,61.599998474121094,77.66999816894531,24,0.26087662488458374,0.4992503748125937,41087.19898223877,0.1,0.0,strength
CPRI,2021-03-04,2021-05-04,46.439998626708984,57.040000915527344,42,0.2282515633564639,0.4994438264738598,41749.55876541138,0.1,0.0,strength
SONO,2021-04-21,2021-05-07,41.779998779296875,38.5,12,-0.07850643549856218,1.0,42281.35876464844,0.1,0.0,stop
KSS,2021-03-04,2021-05-12,54.810001373291016,58.34000015258789,48,0.06440428189839542,1.0,41765.221046447754,0.1,190.5,sma
RRR,2021-03-24,2021-05-12,33.0,39.540000915527344,34,0.19818184592507104,0.49960095770151636,41349.0,0.1,0.0,strength
TFIN,2021-01-28,2021-05-13,58.09000015258789,81.44000244140625,73,0.40196251037155695,0.5007451564828614,38978.390102386475,0.1,0.0,sma
UNFI,2021-03-24,2021-05-13,33.0,34.939998626708984,35,0.05878783717299951,1.0,41349.0,0.1,0.0,sma
SIG,2021-03-30,2021-05-13,58.61000061035156,58.58000183105469,31,-0.0005118372118149139,1.0,41202.83042907715,0.1,0.0,sma
KFY,2021-04-21,2021-05-13,64.7300033569336,63.459999084472656,16,-0.019620024819987925,1.0,42268.69219207764,0.1,0.0,egg
BBWI,2021-04-21,2021-05-13,52.797088623046875,53.01536178588867,16,0.004134189375482267,1.0,42290.46798706055,0.1,0.0,egg
TPL,2021-05-13,2021-05-20,184.1377716064453,170.9166717529297,5,-0.07180004264292317,1.0,43088.2385559082,0.1,0.0,stop
CPRI,2021-03-04,2021-05-21,46.439998626708984,54.060001373291016,55,0.16408275133323436,0.5005561735261401,41749.55876541138,0.1,0.0,sma
HZO,2021-05-13,2021-05-21,59.33000183105469,54.5099983215332,6,-0.08124057577558652,1.0,43073.5813293457,0.1,0.0,stop
PFG,2021-05-07,2021-06-01,66.66000366210938,66.11000061035156,16,-0.00825087041017436,1.0,44928.84246826172,0.1,0.0,egg
KBR,2021-05-13,2021-06-07,41.65999984741211,40.52000045776367,16,-0.027364363749973752,1.0,43118.09984207153,0.1,0.0,egg
CUBI,2021-05-13,2021-06-08,34.58000183105469,43.33000183105469,17,0.25303642384836533,0.4995990376904571,43121.262283325195,0.1,0.0,strength
LQDT,2021-06-01,2021-06-11,25.540000915527344,23.200000762939453,8,-0.09162098937769658,1.0,44388.52159118652,0.1,0.0,stop
CCS,2021-06-07,2021-06-11,78.3499984741211,66.95999908447266,4,-0.14537331986560975,1.0,44816.199127197266,0.1,0.0,stop
BHF,2021-05-20,2021-06-14,48.540000915527344,46.70000076293945,16,-0.03790688335152659,1.0,43152.06081390381,0.1,0.0,egg
FHN,2021-05-12,2021-06-15,18.200000762939453,17.940000534057617,23,-0.014285726262785237,1.0,44335.20185852051,0.1,365.4,sma
ALLY,2021-06-11,2021-06-18,54.790000915527344,49.31999969482422,5,-0.09983575705969627,1.0,43886.7907333374,0.1,0.0,stop
HL,2021-06-14,2021-06-18,8.970000267028809,7.989999771118164,4,-0.10925311780790581,1.0,44204.16131591797,0.1,0.0,stop
RRR,2021-03-24,2021-06-21,33.0,39.75,61,0.20454545454545459,0.5003990422984836,41349.0,0.1,0.0,sma
TBBK,2021-05-21,2021-06-21,24.1299991607666,22.950000762939453,20,-0.048901717317327065,1.0,42999.658504486084,0.1,0.0,sma
PRKS,2021-06-11,2021-06-29,55.54999923706055,49.2599983215332,12,-0.1132313411686049,1.0,43884.49939727783,0.1,0.0,stop
VNOM,2021-05-13,2021-07-07,18.040000915527344,18.200000762939453,37,0.008869170692469064,1.0,43115.60218811035,0.1,0.0,sma
ABR,2021-06-15,2021-07-08,18.479999542236328,17.43000030517578,16,-0.05681814194100798,1.0,43705.198917388916,0.1,0.0,egg
PGNY,2021-06-21,2021-07-14,63.79999923706055,57.5,16,-0.09874607072723851,1.0,41533.799503326416,0.1,0.0,stop
NOG,2021-06-18,2021-07-15,19.059999465942383,16.81999969482422,18,-0.11752360093822345,1.0,42484.73880958557,0.1,66.87,sma
CHRD,2021-03-25,2021-07-19,61.599998474121094,84.88999938964844,79,0.378084439812312,0.5007496251874063,41087.19898223877,0.1,1461.25,sma
CUBI,2021-05-13,2021-07-19,34.58000183105469,35.16999816894531,45,0.017061778676968675,0.5004009623095429,43121.262283325195,0.1,0.0,sma
SIG,2021-07-07,2021-07-19,76.12000274658203,64.69000244140625,8,-0.15015764441349833,1.0,42474.96153259277,0.1,0.0,stop
BOOT,2021-05-21,2021-07-20,72.83999633789062,76.23999786376953,40,0.046677672938188586,1.0,42975.59783935547,0.1,0.0,sma
MRNA,2021-07-08,2021-07-30,232.7899932861328,346.8999938964844,16,0.49018430302583393,0.5,42367.77877807617,0.1,0.0,strength
IT,2021-06-21,2021-08-04,238.8699951171875,295.2799987792969,31,0.23615357648596724,0.5,41563.379150390625,0.1,0.0,strength
DKS,2021-07-15,2021-08-26,98.91000366210938,131.0,30,0.3244363072466827,0.4988235294117647,42036.751556396484,0.1,0.0,strength
NAVI,2021-06-29,2021-08-30,19.1299991607666,23.25,43,0.2153685844212183,0.5,42124.25815200806,0.1,0.0,strength
BILL,2021-07-19,2021-08-30,188.5399932861328,290.0,30,0.5381351985087273,0.4977168949771689,41290.258529663086,0.1,0.0,strength
GOOGL,2021-06-18,2021-08-31,120.11100006103516,145.14700317382812,51,0.20844055165697362,0.4985835694050991,42399.18302154541,0.1,0.0,strength
PTGX,2021-07-14,2021-09-09,44.869998931884766,46.20000076293945,40,0.029641227161019357,1.0,42402.1489906311,0.1,0.0,sma
GOOGL,2021-06-18,2021-09-29,120.11100006103516,136.97999572753906,71,0.1404450521428664,0.5014164305949008,42399.18302154541,0.1,0.0,sma
MRNA,2021-07-08,2021-09-29,232.7899932861328,393.2099914550781,58,0.6891189604175372,0.5,42367.77877807617,0.1,0.0,sma
INTU,2021-07-19,2021-09-29,498.7799987792969,548.8800048828125,51,0.10044509849258043,1.0,41398.73989868164,0.1,0.0,sma
EPAM,2021-09-09,2021-09-29,626.8900146484375,574.9099731445312,14,-0.08291732247969663,1.0,50151.201171875,0.1,0.0,stop
NAVI,2021-06-29,2021-09-30,19.1299991607666,18.520000457763672,65,-0.031887021942686,0.5,42124.25815200806,0.1,176.16,sma
DKS,2021-07-15,2021-10-01,98.91000366210938,120.97000122070312,55,0.22303100537690645,0.5011764705882353,42036.751556396484,0.1,1264.7939999999999,sma
BBWI,2021-07-20,2021-10-01,60.19401931762695,63.29999923706055,52,0.051599477068381416,1.0,41353.29127120972,0.1,103.05,sma
CROX,2021-09-29,2021-10-05,149.80999755859375,136.2899932861328,4,-0.09024767700949321,1.0,48538.439208984375,0.1,0.0,stop
IT,2021-06-21,2021-10-12,238.8699951171875,303.8299865722656,79,0.2719470539747335,0.5,41563.379150390625,0.1,0.0,sma
EXLS,2021-09-29,2021-10-21,25.24799919128418,24.68000030517578,16,-0.022496788034771287,1.0,48551.90244483948,0.1,0.0,egg
NXRT,2021-07-30,2021-10-25,58.95000076293945,70.94000244140625,60,0.20339273152316295,0.499330655957162,44035.65056991577,0.1,127.19300000000001,strength
DFIN,2021-09-30,2021-11-04,34.619998931884766,43.95000076293945,25,0.26949746155138743,0.4996426018584703,48433.37850570679,0.1,0.0,strength
DDOG,2021-10-01,2021-11-08,144.69000244140625,186.28599548339844,26,0.2874835326569085,0.4984709480122324,47313.630798339844,0.1,0.0,strength
CELH,2021-09-29,2021-11-11,30.19333267211914,35.18333435058594,31,0.16526833035144284,1.0,48550.87893676758,0.1,0.0,sma
WTS,2021-09-29,2021-11-11,174.1199951171875,210.2899932861328,31,0.20773029625116823,0.5,48405.358642578125,0.1,0.0,strength
NTAP,2021-10-21,2021-11-12,92.73999786376953,91.9800033569336,16,-0.008194894590706547,1.0,50265.078842163086,0.1,0.0,egg
BILL,2021-07-19,2021-11-24,188.5399932861328,291.04998779296875,91,0.5437042439651747,0.502283105022831,41290.258529663086,0.1,0.0,sma
PRKS,2021-10-12,2021-11-30,58.56999969482422,59.95000076293945,34,0.023561568641039088,1.0,48320.24974822998,0.1,0.0,sma
WTS,2021-09-29,2021-12-02,174.1199951171875,186.4600067138672,45,0.07087073249901321,0.5,48405.358642578125,0.1,36.14,sma
ZWS,2021-10-05,2021-12-02,33.04999923706055,34.7599983215332,41,0.0517397616927977,1.0,47030.14891433716,0.1,42.69,sma
DDOG,2021-10-01,2021-12-06,144.69000244140625,160.42999267578125,45,0.10878422813455324,0.5015290519877675,47313.630798339844,0.1,0.0,sma
TNDM,2021-11-11,2021-12-06,134.02999877929688,133.66000366210938,16,-0.002760539584848898,1.0,54148.11950683594,0.1,0.0,egg
PANW,2021-10-01,2021-12-07,81.08499908447266,86.22000122070312,46,0.06332863284466383,1.0,47353.63946533203,0.1,0.0,sma
SITM,2021-11-12,2021-12-08,254.85000610351562,319.20001220703125,17,0.2525014893559696,0.5,55047.601318359375,0.1,0.0,strength
NVDA,2021-12-07,2021-12-14,32.426998138427734,27.698999404907227,5,-0.14580439155475122,1.0,53342.41193771362,0.1,0.0,stop
SITM,2021-11-12,2021-12-17,254.85000610351562,248.8699951171875,24,-0.023464825752835816,0.5,55047.601318359375,0.1,0.0,breakeven
OMCL,2021-11-24,2021-12-17,179.77999877929688,175.0,16,-0.026588045454182807,1.0,55192.45962524414,0.1,0.0,egg
DFIN,2021-09-30,2022-01-05,34.619998931884766,44.06999969482422,67,0.272963635311845,0.5003573981415297,48433.37850570679,0.1,0.0,sma
ZTS,2021-12-06,2022-01-05,222.97000122070312,227.0,21,0.018074174809318277,1.0,53066.860290527344,0.1,0.0,sma
KEYS,2021-12-06,2022-01-06,195.14999389648438,192.1999969482422,22,-0.01511656182683252,1.0,53275.948333740234,0.1,0.0,sma
EFX,2021-12-14,2022-01-06,288.2200012207031,278.92999267578125,16,-0.03223235204210584,1.0,53608.92022705078,0.1,0.0,egg
MSI,2021-11-30,2022-01-10,253.17999267578125,251.8300018310547,28,-0.005332138730469671,1.0,54940.05841064453,0.1,171.43,sma
P,2021-12-17,2022-01-11,32.09000015258789,29.75,16,-0.07291991715366763,1.0,52948.50025177002,0.1,0.0,egg
AOSL,2021-12-17,2022-01-14,50.560001373291016,48.380001068115234,19,-0.04311709347237869,1.0,52936.32143783569,0.1,0.0,breakeven
ON,2021-12-02,2022-01-19,62.540000915527344,63.41999816894531,32,0.014070950440288277,1.0,53346.620780944824,0.1,0.0,sma
ACLS,2021-12-02,2022-01-20,63.9900016784668,63.90999984741211,33,-0.00125022392492935,1.0,53303.67139816284,0.1,0.0,breakeven
BLDR,2022-01-06,2022-01-20,82.45999908447266,73.7699966430664,9,-0.10538445959117881,1.0,53846.379402160645,0.1,0.0,stop
PLAB,2022-01-06,2022-01-21,19.260000228881836,16.450000762939453,10,-0.14589820522060926,1.0,53908.74064064026,0.1,0.0,stop
NXRT,2021-07-30,2022-01-24,58.95000076293945,77.48999786376953,122,0.3145037635433885,0.500669344042838,44035.65056991577,0.1,269.65400000000005,sma
ONTO,2022-01-05,2022-01-24,97.37000274658203,86.79000091552734,12,-0.10865771318288353,1.0,55793.011573791504,0.1,0.0,stop
UDR,2022-01-05,2022-01-28,59.209999084472656,54.709999084472656,16,-0.07600067673671163,1.0,55775.81913757324,0.1,341.94599999999997,egg
COKE,2022-01-14,2022-02-03,61.560001373291016,55.79999923706055,13,-0.0935672840762729,1.0,52387.561168670654,0.1,21.275000000000002,stop
PEP,2022-01-20,2022-02-11,173.94000244140625,168.05999755859375,16,-0.03380478785949914,1.0,50094.720703125,0.1,0.0,egg
CHRD,2022-01-20,2022-02-17,132.8800048828125,129.8300018310547,20,-0.0229530624599813,1.0,50228.641845703125,0.1,221.13,sma
VNOM,2022-02-01,2022-02-24,27.65999984741211,28.190000534057617,16,0.01916126860337264,1.0,50064.59972381592,0.1,0.0,egg
AIG,2022-01-19,2022-03-02,58.84000015258789,58.75,29,-0.00152957430921985,1.0,51190.800132751465,0.1,0.0,sma
APA,2022-01-21,2022-03-02,30.100000381469727,38.0,27,0.26245845576114024,0.5,50146.600635528564,0.1,0.0,strength
HCC,2022-02-01,2022-03-03,28.389999389648438,37.0099983215332,21,0.30362800694626957,0.5,50079.958923339844,0.1,52.919999999999995,strength
AMPH,2022-02-03,2022-03-08,25.440000534057617,30.09000015258789,22,0.18278300003591275,0.49975087194818135,51058.08107185364,0.1,0.0,strength
MCK,2022-01-10,2022-03-25,250.72000122070312,305.0,52,0.21649648418562117,0.49760765550239233,52400.48025512695,0.1,48.879999999999995,strength
EXC,2022-01-11,2022-04-01,39.671897888183594,47.599998474121094,56,0.19984172696459046,0.4996186117467582,52009.85813140869,0.1,221.39000000000001,strength
HCC,2022-02-01,2022-04-22,28.389999389648438,34.209999084472656,56,0.20500175484140049,0.5,50079.958923339844,0.1,52.919999999999995,sma
COP,2022-02-17,2022-04-25,91.16000366210938,93.0,45,0.020184250372682122,1.0,50684.96203613281,0.1,166.79999999999998,sma
RES,2022-03-25,2022-04-26,11.479999542236328,10.630000114440918,21,-0.07404176495549131,1.0,56665.277740478516,0.1,0.0,stop
APA,2022-01-21,2022-04-27,30.100000381469727,38.84000015258789,66,0.2903654372210147,0.5,50146.600635528564,0.1,104.125,sma
KBR,2022-03-23,2022-04-27,53.16999816894531,51.5099983215332,24,-0.0312206113330592,1.0,55988.008071899414,0.1,0.0,sma
AMPH,2022-02-03,2022-05-06,25.440000534057617,34.099998474121094,64,0.3404087169129564,0.5002491280518186,51058.08107185364,0.1,0.0,sma
NFG,2022-03-23,2022-05-10,65.25,67.62999725341797,33,0.036475053692229364,1.0,55984.5,0.1,390.39,sma
ELV,2022-02-11,2022-05-11,447.9100036621094,489.32000732421875,61,0.0924516160021911,1.0,50613.83041381836,0.1,144.64000000000001,sma
EXC,2022-01-11,2022-05-13,39.671897888183594,46.15999984741211,85,0.163544027500661,0.5003813882532419,52009.85813140869,0.1,443.456,sma
MCK,2022-01-10,2022-06-03,250.72000122070312,318.5899963378906,100,0.2707003621041111,0.5023923444976076,52400.48025512695,0.1,98.69999999999999,sma
FSS,2022-12-01,2022-12-16,48.95000076293945,44.459999084472656,11,-0.09172628413657191,1.0,55460.3508644104,0.1,0.0,stop
TKO,2022-12-01,2022-12-16,79.11000061035156,72.22000122070312,11,-0.08709391147124934,1.0,55456.110427856445,0.1,84.11999999999999,stop
DGII,2022-12-02,2022-12-19,41.06999969482422,37.400001525878906,11,-0.08935958598041627,1.0,55485.56958770752,0.1,0.0,stop
SMCI,2022-12-02,2022-12-20,8.670000076293945,8.331999778747559,12,-0.03898503974302936,1.0,55505.34048843384,0.1,0.0,stop
HUBB,2022-12-01,2022-12-23,252.3300018310547,234.6999969482422,16,-0.06986884141750416,1.0,55260.27040100098,0.1,0.0,egg
TKR,2022-12-01,2022-12-23,74.66999816894531,70.12999725341797,16,-0.06080087085652952,1.0,55479.80863952637,0.1,0.0,egg
EME,2022-12-02,2022-12-27,153.88999938964844,149.8000030517578,16,-0.026577401742232665,1.0,55400.39978027344,0.1,0.0,egg
IRDM,2022-12-02,2022-12-27,52.72999954223633,50.470001220703125,16,-0.042859820617350164,1.0,55471.95951843262,0.1,0.0,egg
XYL,2022-12-02,2022-12-27,113.52999877929688,109.98999786376953,16,-0.031181193989168743,1.0,55402.639404296875,0.1,0.0,egg
FLR,2022-12-01,2023-01-05,33.72999954223633,33.20000076293945,23,-0.015712979142890826,1.0,55485.84924697876,0.1,0.0,sma
TTC,2023-01-17,2023-02-08,113.91999816894531,110.18000030517578,16,-0.03283003795543471,1.0,52403.199157714844,0.1,0.0,egg
ROST,2023-01-18,2023-02-09,117.37999725341797,115.68000030517578,16,-0.01448285046873854,1.0,52351.478775024414,0.1,0.0,egg
SLB,2023-01-24,2023-02-21,55.470001220703125,53.29999923706055,19,-0.039120280077308944,1.0,52086.331146240234,0.1,234.75,sma
DNOW,2023-01-24,2023-02-21,13.15999984741211,12.770000457763672,19,-0.02963521232297961,1.0,52087.27939605713,0.1,0.0,sma
CMC,2023-01-24,2023-02-24,51.56999969482422,51.93000030517578,22,0.00698081466903111,1.0,52085.69969177246,0.1,0.0,sma
DRI,2023-01-24,2023-02-28,145.97999572753906,142.8800048828125,24,-0.021235723629643544,1.0,51968.878479003906,0.1,0.0,sma
MKTX,2023-02-08,2023-03-03,355.0299987792969,356.5,16,0.004140498621968414,1.0,53609.52981567383,0.1,0.0,egg
STRL,2023-01-24,2023-03-08,34.150001525878906,42.0,30,0.2298681734515402,0.499672131147541,52078.75232696533,0.1,0.0,strength
IR,2023-01-24,2023-03-13,56.380001068115234,54.810001373291016,33,-0.02784674822775246,1.0,52095.12098693848,0.1,18.48,sma
TBBK,2023-02-21,2023-03-13,34.38999938964844,29.040000915527344,14,-0.15556843760024808,1.0,53545.22904968262,0.1,0.0,stop
CROX,2023-03-03,2023-03-13,125.54000091552734,112.1500015258789,6,-0.10665922647760873,1.0,54358.82039642334,0.1,0.0,stop
ACGL,2023-01-18,2023-03-14,63.52000045776367,66.5,38,0.04691435013791945,1.0,52404.00037765503,0.1,0.0,sma
HLX,2023-01-24,2023-03-14,7.579999923706055,7.71999979019165,34,0.018469639563946982,1.0,52097.339475631714,0.1,0.0,sma
HXL,2023-02-24,2023-03-16,72.4000015258789,64.88999938964844,14,-0.10372930908773625,1.0,53141.60111999512,0.1,0.0,stop
PH,2023-02-28,2023-03-16,351.8500061035156,309.79998779296875,12,-0.11951120528949377,1.0,53129.35092163086,0.1,0.0,stop
AGYS,2023-03-08,2023-03-30,82.87000274658203,80.23999786376953,16,-0.03173651255756682,1.0,54611.33180999756,0.1,0.0,egg
STRL,2023-01-24,2023-04-05,34.150001525878906,35.279998779296875,50,0.03308922995396224,0.5003278688524591,52078.75232696533,0.1,0.0,sma
MTSI,2023-03-21,2023-04-06,71.7699966430664,64.66999816894531,12,-0.09892711169308677,1.0,50526.07763671875,0.1,0.0,stop
KTB,2023-03-17,2023-04-11,49.369998931884766,46.34000015258789,16,-0.061373280227883575,1.0,50357.39891052246,0.1,0.0,egg
CVCO,2023-03-17,2023-04-11,289.4100036621094,285.6099853515625,16,-0.0131302244651621,1.0,50357.34063720703,0.1,0.0,egg
DXCM,2023-03-17,2023-04-11,113.93000030517578,112.0,16,-0.016940229088089453,1.0,50357.060134887695,0.1,0.0,egg
GWW,2023-03-21,2023-04-13,680.8200073242188,647.8699951171875,16,-0.04839753804611657,1.0,50380.68054199219,0.1,0.0,egg
FOUR,2023-04-13,2023-04-20,73.02999877929688,63.349998474121094,5,-0.13254827422946558,1.0,50171.60916137695,0.1,0.0,stop
SMCI,2023-03-30,2023-04-25,10.333999633789062,9.798999786376953,17,-0.05177084056233383,1.0,50450.5862121582,0.1,0.0,sma
PDFS,2023-04-11,2023-04-26,41.11000061035156,37.68000030517578,11,-0.08343469360864231,1.0,49825.320739746094,0.1,0.0,stop
AXON,2023-04-06,2023-05-01,219.7100067138672,211.3300018310547,16,-0.03814120716734559,1.0,50093.88153076172,0.1,0.0,egg
ULTA,2023-04-11,2023-05-04,526.75,523.2100219726562,17,-0.006720413910476952,1.0,49514.5,0.1,0.0,sma
GRBK,2023-04-11,2023-05-05,35.130001068115234,46.38999938964844,18,0.32052371133438506,0.4996476391825229,49849.47151565552,0.1,0.0,strength
ASO,2023-04-25,2023-05-09,65.87000274658203,60.2400016784668,10,-0.08547139567877693,1.0,49929.46208190918,0.1,0.0,stop
OMC,2023-04-21,2023-05-15,93.8499984741211,92.87000274658203,16,-0.010442149637426956,1.0,50209.749183654785,0.1,0.0,egg
PCG,2023-03-17,2023-05-19,16.100000381469727,16.6200008392334,44,0.03229816431322363,1.0,50376.901193618774,0.1,0.0,sma
CPRT,2023-03-17,2023-05-19,34.86000061035156,44.209999084472656,44,0.26821567155522774,0.4996539792387543,50372.70088195801,0.1,0.0,strength
NVR,2023-02-15,2023-05-24,5160.9599609375,5609.0,68,0.0868133142775076,1.0,51609.599609375,0.1,0.0,sma
MTH,2023-05-05,2023-05-24,63.06999969482422,57.650001525878906,13,-0.08593623268068762,1.0,49573.019760131836,0.1,0.0,stop
LVS,2023-05-09,2023-05-24,62.369998931884766,54.869998931884766,11,-0.12025012230945953,1.0,50706.809131622314,0.1,0.0,stop
COO,2023-04-26,2023-05-26,93.98750305175781,92.75250244140625,22,-0.013140051286089194,1.0,49155.464096069336,0.1,0.0,sma
HSY,2023-05-15,2023-06-07,270.4599914550781,253.0,16,-0.06455665165536373,1.0,50305.55841064453,0.1,192.696,egg
VCEL,2023-05-24,2023-06-16,34.40999984741211,34.779998779296875,16,0.010752657178886738,1.0,49412.75978088379,0.1,0.0,egg
COCO,2023-05-24,2023-06-16,23.700000762939453,29.469999313354492,16,0.2434598466105451,0.49976019184652276,49414.50159072876,0.1,0.0,strength
SPNT,2023-05-01,2023-06-23,8.949999809265137,8.710000038146973,37,-0.026815617456182883,1.0,49090.748953819275,0.1,0.0,sma
MHO,2023-05-26,2023-06-29,71.36000061035156,86.44000244140625,22,0.2113228938070828,0.5,49666.56042480469,0.1,0.0,strength
PTGX,2023-05-24,2023-07-05,25.1200008392334,23.510000228881836,27,-0.06409237884407237,1.0,49411.041650772095,0.1,0.0,stop
COCO,2023-05-24,2023-07-07,23.700000762939453,25.530000686645508,29,0.07721518416858841,0.5002398081534772,49414.50159072876,0.1,0.0,sma
GRBK,2023-04-11,2023-07-10,35.130001068115234,50.0,61,0.42328489837084304,0.5003523608174771,49849.47151565552,0.1,0.0,sma
KBH,2023-05-19,2023-07-17,44.959999084472656,54.29999923706055,38,0.20774022114723634,0.5,51254.39895629883,0.1,0.0,strength
UBER,2023-06-07,2023-07-19,38.9900016784668,47.099998474121094,28,0.20800196067016952,0.4996243425995492,51895.69223403931,0.1,0.0,strength
BLDR,2023-06-16,2023-07-19,121.41000366210938,148.85000610351562,21,0.22601105027369295,0.5,53420.401611328125,0.1,0.0,strength
VNT,2023-07-07,2023-07-31,31.8700008392334,30.760000228881836,16,-0.03482901101731706,1.0,51979.97136878967,0.1,0.0,egg
CPRT,2023-03-17,2023-08-09,34.86000061035156,43.86000061035156,99,0.25817555486007304,0.5003460207612457,50372.70088195801,0.1,0.0,sma
ACLS,2023-06-23,2023-08-10,168.47000122070312,174.47000122070312,33,0.035614649234434026,1.0,53573.460388183594,0.1,0.0,sma
ONTO,2023-07-10,2023-08-14,110.04000091552734,109.16000366210938,25,-0.007997066940171216,1.0,52158.96043395996,0.1,0.0,sma
KBH,2023-05-19,2023-08-17,44.959999084472656,51.75,61,0.15102315511105813,0.5,51254.39895629883,0.1,114.0,sma
UBER,2023-06-07,2023-08-17,38.9900016784668,44.18000030517578,49,0.13311101316456964,0.5003756574004508,51895.69223403931,0.1,0.0,sma
GSHD,2023-07-05,2023-08-17,61.5,62.720001220703125,31,0.01983741822281515,1.0,53689.5,0.1,0.0,sma
BLDR,2023-06-16,2023-08-18,121.41000366210938,128.9499969482422,43,0.06210355867476136,0.5,53420.401611328125,0.1,0.0,sma
AVGO,2023-07-31,2023-08-21,89.86499786376953,83.40599822998047,15,-0.0718744760176877,1.0,56704.813652038574,0.1,0.0,stop
SKYW,2023-08-09,2023-08-31,42.58000183105469,43.18000030517578,16,0.014091086151234,1.0,55779.80239868164,0.1,0.0,egg
PHM,2023-08-10,2023-09-01,82.95999908447266,82.25,16,-0.008558330428014016,1.0,55002.47939300537,0.1,0.0,egg
MHO,2023-05-26,2023-09-06,71.36000061035156,93.02999877929688,69,0.3036714964069358,0.5,49666.56042480469,0.1,0.0,sma
SAIA,2023-08-14,2023-09-06,426.07000732421875,425.0799865722656,16,-0.002323610521591468,1.0,54110.89093017578,0.1,0.0,egg
EHC,2023-08-17,2023-09-13,69.18000030517578,68.51000213623047,18,-0.009684853512427427,1.0,53822.04023742676,0.1,0.0,sma
DECK,2023-08-21,2023-09-13,93.40833282470703,89.91999816894531,16,-0.03734500499337712,1.0,52775.70804595947,0.1,0.0,egg
MAR,2023-08-17,2023-09-20,202.3300018310547,199.6199951171875,23,-0.013393993423328476,1.0,53819.78048706055,0.1,0.0,sma
GE,2023-05-04,2023-09-22,79.26576232910156,90.10375213623047,97,0.13672977447855628,1.0,48510.646545410156,0.1,39.074364,sma
EME,2023-08-18,2023-09-22,214.19000244140625,208.89999389648438,24,-0.02469773791785168,1.0,52476.55059814453,0.1,0.0,sma
HLNE,2023-08-17,2023-09-25,90.62999725341797,88.79000091552734,26,-0.02030228835542891,1.0,53834.21836853027,0.1,264.33,sma
OC,2023-09-05,2023-09-27,141.80999755859375,135.50999450683594,16,-0.044425662225646256,1.0,54596.849060058594,0.1,0.0,egg
XPO,2023-09-06,2023-09-28,72.68000030517578,70.0,16,-0.03687397212331778,1.0,53565.16022491455,0.1,0.0,egg
ANIP,2023-09-13,2023-10-03,62.81999969482422,56.56999969482422,14,-0.09949060856991598,1.0,53711.09973907471,0.1,0.0,stop
SKYW,2023-09-13,2023-10-05,42.369998931884766,41.4900016784668,16,-0.02076934801987318,1.0,53725.15864562988,0.1,0.0,egg
WFRD,2023-09-27,2023-10-05,93.93000030517578,84.38999938964844,6,-0.10156500462612761,1.0,51661.50016784668,0.1,0.0,stop
OLLI,2023-09-25,2023-10-17,77.12000274658203,72.56999969482422,16,-0.058999000125936396,1.0,52287.36186218262,0.1,0.0,egg
AKAM,2023-09-28,2023-10-20,107.04000091552734,107.06999969482422,16,0.0002802576517217936,1.0,52235.520446777344,0.1,0.0,egg
ARES,2023-09-22,2023-10-23,104.55999755859375,101.25,21,-0.03165644257727607,1.0,52279.998779296875,0.1,0.0,sma
BWXT,2023-09-27,2023-10-31,74.37999725341797,73.43000030517578,24,-0.012772210047352961,1.0,51694.09809112549,0.1,0.0,sma
CNR,2023-10-05,2023-11-01,99.1500015258789,93.86000061035156,19,-0.05335351320339232,1.0,51260.550788879395,0.1,0.0,sma
RELY,2023-09-20,2023-11-03,25.280000686645508,19.059999465942383,32,-0.24604434540181486,1.0,53113.28144264221,0.1,0.0,stop
ANF,2023-10-05,2023-11-06,54.540000915527344,65.16000366210938,22,0.1947195190376052,0.5,51267.6008605957,0.1,0.0,strength
CBOE,2023-08-31,2023-11-24,149.7100067138672,179.69000244140625,59,0.20025378654105763,0.4986072423398329,53745.89241027832,0.1,0.0,strength
RRC,2023-11-06,2023-11-29,35.33000183105469,32.619998931884766,16,-0.07670542764557287,1.0,52147.08270263672,0.1,0.0,stop
CHRD,2023-11-06,2023-11-29,167.60000610351562,162.07000732421875,16,-0.03299521824528662,1.0,52123.60189819336,0.1,777.5,egg
ACGL,2023-11-03,2023-11-30,85.55000305175781,82.54000091552734,18,-0.03518412657927572,1.0,51501.1018371582,0.1,0.0,sma
CEG,2023-09-22,2023-12-07,110.36000061035156,113.26000213623047,53,0.026277650505983186,1.0,52310.64028930664,0.1,133.66799999999998,sma
GIII,2023-10-20,2023-12-08,24.719999313354492,30.149999618530273,34,0.21966021262154034,0.5,53395.1985168457,0.1,0.0,strength
KTOS,2023-11-06,2023-12-14,17.559999465942383,21.299999237060547,27,0.21298404811297944,0.5,52153.19841384888,0.1,0.0,strength
HCI,2023-12-07,2024-01-02,88.05000305175781,87.0999984741211,16,-0.010789375862693462,1.0,53622.45185852051,0.1,0.0,egg
ROAD,2023-10-19,2024-01-04,38.630001068115234,41.380001068115234,52,0.07118819373447605,1.0,54004.7414932251,0.1,0.0,sma
KTOS,2023-11-06,2024-01-04,17.559999465942383,18.700000762939453,40,0.0649203491838426,0.5,52153.19841384888,0.1,0.0,sma
XPO,2023-11-30,2024-01-04,86.27999877929688,84.43000030517578,23,-0.021441799957060304,1.0,53407.319244384766,0.1,0.0,sma
CBOE,2023-08-31,2024-01-08,149.7100067138672,174.1199951171875,88,0.16304847577739956,0.5013927576601671,53745.89241027832,0.1,99.00000000000001,sma
YELP,2023-11-09,2024-01-11,43.540000915527344,44.43000030517578,42,0.020440959369181888,1.0,51681.98108673096,0.1,0.0,sma
COIN,2024-01-02,2024-01-12,156.8800048828125,137.19000244140625,8,-0.12550995556198796,1.0,56947.44177246094,0.1,0.0,stop
CLSK,2024-01-04,2024-01-12,10.760000228881836,9.010000228881836,6,-0.16263940174486946,1.0,54962.08116912842,0.1,0.0,stop
VRT,2023-11-29,2024-01-19,42.290000915527344,52.5,34,0.24142820674955145,0.4996096799375488,54173.49117279053,0.1,16.0,strength
GIII,2023-10-20,2024-01-22,24.719999313354492,30.190000534057617,62,0.22127837267973005,0.5,53395.1985168457,0.1,0.0,sma
AEO,2023-11-29,2024-02-01,19.100000381469727,19.989999771118164,43,0.04659682575252133,1.0,54186.701082229614,0.1,354.625,sma
UPWK,2024-01-22,2024-02-01,15.0600004196167,13.829999923706055,8,-0.08167333742623828,1.0,55571.40154838562,0.1,0.0,stop
MBIN,2024-01-04,2024-02-06,40.310001373291016,39.709999084472656,22,-0.014884700282245977,1.0,54942.531871795654,0.1,0.0,sma
NHC,2024-01-04,2024-02-08,93.5,90.62000274658203,24,-0.030802109662224297,1.0,54884.5,0.1,0.0,sma
BGC,2024-01-12,2024-03-01,6.730000019073486,6.960000038146973,33,0.03417533706116549,1.0,55428.28015708923,0.1,0.0,sma
GFF,2024-01-12,2024-03-01,58.900001525878906,71.29000091552734,33,0.21035652069049005,0.49946865037194477,55424.90143585205,0.1,70.5,strength
DELL,2024-02-06,2024-03-04,82.68000030517578,123.94999694824219,18,0.49915331991699197,0.4992636229749632,56139.720207214355,0.1,0.0,strength
AMD,2024-02-08,2024-03-05,169.35000610351562,200.5,17,0.1839385460514471,0.5,56901.60205078125,0.1,0.0,strength
ERIE,2024-02-01,2024-03-08,346.989990234375,415.57000732421875,25,0.19764263817385985,0.5,55518.3984375,0.1,0.0,strength
AMR,2024-03-01,2024-03-12,386.0199890136719,345.0,7,-0.10626389871281783,1.0,62149.21823120117,0.1,0.0,stop
TT,2024-01-11,2024-03-21,245.99000549316406,299.3699951171875,48,0.2170006440587149,0.4977973568281938,55839.73124694824,0.1,94.92,strength
AMD,2024-02-08,2024-03-27,169.35000610351562,179.9600067138672,33,0.06265131519314004,0.5,56901.60205078125,0.1,0.0,sma
COLL,2024-02-01,2024-03-28,33.470001220703125,40.869998931884766,39,0.22109344013421528,0.49969861362266427,55526.732025146484,0.1,0.0,strength
ANF,2023-10-05,2024-04-09,54.540000915527344,120.54000091552734,127,1.2101209917876998,0.5,51267.6008605957,0.1,0.0,sma
GFF,2024-01-12,2024-04-11,58.900001525878906,68.19999694824219,61,0.15789465503285505,0.5005313496280552,55424.90143585205,0.1,70.64999999999999,sma
COLL,2024-02-01,2024-04-12,33.470001220703125,36.5099983215332,49,0.09082751687949342,0.5003013863773358,55526.732025146484,0.1,0.0,sma
ERIE,2024-02-01,2024-04-15,346.989990234375,384.9599914550781,50,0.109426791231229,0.5,55518.3984375,0.1,102.0,sma
LQDA,2024-03-27,2024-04-16,15.069999694824219,13.680000305175781,13,-0.09223619228909685,1.0,65494.218673706055,0.1,0.0,stop
HLT,2024-01-08,2024-04-18,182.1999969482422,201.22000122070312,70,0.10439080456112171,1.0,54842.1990814209,0.1,45.15,sma
APG,2024-04-09,2024-05-01,26.34000015258789,25.80666732788086,16,-0.02024801904394191,1.0,65876.34038162231,0.1,0.0,egg
CEG,2024-04-15,2024-05-16,185.39999389648438,223.72999572753906,23,0.2067421957546327,0.4985507246376812,63962.99789428711,0.1,0.0,strength
PGR,2024-04-16,2024-05-17,208.35000610351562,209.30999755859375,23,0.004607590242167614,1.0,63338.40185546875,0.1,0.0,sma
SCHW,2024-04-18,2024-05-24,72.93000030517578,72.63999938964844,26,-0.003976428277990274,1.0,63157.38026428223,0.1,216.5,sma
CNM,2024-04-11,2024-05-30,57.18000030517578,57.16999816894531,34,-0.00017492368270521919,1.0,65013.66034698486,0.1,0.0,sma
WING,2024-03-12,2024-06-03,349.57000732421875,369.19000244140625,57,0.05612608263325747,1.0,62922.601318359375,0.1,39.6,sma
IESC,2024-05-24,2024-06-04,160.5,147.77000427246094,6,-0.07931461512485394,1.0,69496.5,0.1,0.0,stop
VRT,2023-11-29,2024-06-07,42.290000915527344,87.87000274658203,131,1.0777961892717616,0.5003903200624512,54173.49117279053,0.1,32.050000000000004,sma
DELL,2024-02-06,2024-06-10,82.68000030517578,129.0,86,0.5602322148506884,0.5007363770250368,56139.720207214355,0.1,151.3,sma
CEG,2024-04-15,2024-06-10,185.39999389648438,199.52999877929688,39,0.0762136210786597,0.5014492753623189,63962.99789428711,0.1,61.068999999999996,sma
VCTR,2024-05-17,2024-06-11,51.689998626708984,48.439998626708984,16,-0.06287483239205727,1.0,68902.76816940308,0.1,493.21,egg
MRNA,2024-06-10,2024-06-20,148.58999633789062,132.5399932861328,7,-0.10801536743604478,1.0,65973.95837402344,0.1,0.0,stop
TDG,2024-04-12,2024-06-28,1220.3800048828125,1294.0799560546875,53,0.06039098549386024,1.0,64680.14025878906,0.1,0.0,sma
TT,2024-01-11,2024-07-02,245.99000549316406,323.0799865722656,118,0.31338663912198594,0.5022026431718062,55839.73124694824,0.1,191.51999999999998,sma
THC,2024-06-10,2024-07-03,137.75999450683594,134.2899932861328,16,-0.025188743895681043,1.0,65987.03736877441,0.1,0.0,egg
CAVA,2024-06-28,2024-07-11,92.75,85.69000244140625,8,-0.07611857206030992,1.0,66687.25,0.1,0.0,stop
ANF,2024-06-20,2024-07-15,175.55999755859375,172.1300048828125,16,-0.019537438616313962,1.0,67239.4790649414,0.1,0.0,egg
CSW,2024-05-01,2024-07-17,240.60000610351562,298.29998779296875,52,0.23981704166968432,0.5,65443.20166015625,0.1,0.0,strength
TLN,2024-06-07,2024-07-17,111.69999694824219,134.0,26,0.19964193071635306,0.4991568296795953,66238.09819030762,0.1,0.0,strength
NVDA,2024-07-03,2024-07-18,128.27999877929688,121.8499984741211,10,-0.05012473001530404,1.0,67090.43936157227,0.1,0.0,stop
AMAT,2024-07-11,2024-07-18,241.25999450683594,222.14999389648438,5,-0.07920915628558589,1.0,66587.75848388672,0.1,0.0,stop
RSI,2024-06-03,2024-07-24,8.720000267028809,10.359999656677246,35,0.1880733187416792,0.5,67928.80208015442,0.1,0.0,strength
TLN,2024-06-07,2024-07-26,111.69999694824219,109.63999938964844,33,-0.01844223469001771,0.5008431703204047,66238.09819030762,0.1,0.0,breakeven
COHR,2024-07-18,2024-07-26,74.52999877929688,69.30999755859375,6,-0.07003892803166323,1.0,67449.64889526367,0.1,0.0,stop
TMDX,2024-05-30,2024-07-29,136.4199981689453,142.22000122070312,40,0.042515783093435955,1.0,69710.61906433105,0.1,0.0,sma
GKOS,2024-06-11,2024-08-05,113.16999816894531,112.04000091552734,37,-0.009984954243182576,1.0,66657.12892150879,0.1,0.0,sma
NTAP,2024-07-15,2024-08-05,130.3800048828125,113.81999969482422,15,-0.1270133806397128,1.0,67276.08251953125,0.1,0.0,stop
AGX,2024-07-18,2024-08-05,76.26000213623047,65.66000366210938,12,-0.13899814027260726,1.0,67413.84188842773,0.1,265.2,stop
AXP,2024-07-26,2024-08-06,245.88999938964844,226.9600067138672,7,-0.07698561439167728,1.0,66144.40983581543,0.1,0.0,stop
RSI,2024-06-03,2024-08-09,8.720000267028809,9.460000038146973,47,0.0848623564744806,0.5,67928.80208015442,0.1,0.0,sma
NSSC,2024-07-18,2024-08-09,53.5099983215332,52.4900016784668,16,-0.019061795459932696,1.0,67476.10788345337,0.1,0.0,egg
KBR,2024-07-26,2024-08-19,65.7699966430664,65.54000091552734,16,-0.0034969703402487617,1.0,66230.38661956787,0.1,0.0,egg
GDDY,2024-06-04,2024-09-03,138.8000030517578,166.91000366210938,62,0.20252161377741107,0.5,66901.60147094727,0.1,0.0,strength
CSW,2024-05-01,2024-09-06,240.60000610351562,292.45001220703125,88,0.2155029292942232,0.5,65443.20166015625,0.1,28.56,sma
TPL,2024-08-09,2024-09-06,274.19000244140625,266.6966552734375,19,-0.027329031333190423,1.0,64708.840576171875,0.1,92.04,sma
GDDY,2024-06-04,2024-09-09,138.8000030517578,151.61000061035156,66,0.09229104666386045,0.5,66901.60147094727,0.1,0.0,sma
CVNA,2024-08-09,2024-09-09,27.18400001525879,27.468000411987305,20,0.010447336542418473,1.0,64752.288036346436,0.1,0.0,breakeven
PPC,2024-08-19,2024-09-11,43.7400016784668,43.15999984741211,16,-0.01326021510740416,1.0,66353.58254623413,0.1,0.0,egg
MUSA,2024-08-05,2024-09-20,508.6300048828125,486.44000244140625,33,-0.04362700239542261,1.0,64596.01062011719,0.1,57.15,sma
CNX,2024-07-29,2024-09-23,25.770000457763672,31.8799991607666,39,0.23709734553621953,0.49980747015787447,66924.69118881226,0.1,0.0,strength
EBAY,2024-08-06,2024-10-09,55.91999816894531,67.05000305175781,45,0.19903442859898823,0.4995547640249332,62798.157943725586,0.1,151.47,strength
BFAM,2024-09-06,2024-10-11,137.50999450683594,133.3000030517578,25,-0.0306158942859156,1.0,66004.79736328125,0.1,0.0,sma
VTR,2024-09-23,2024-10-15,64.20999908447266,64.33999633789062,16,0.0020245640129499254,1.0,68576.2790222168,0.1,480.6,egg
GVA,2024-08-05,2024-10-22,68.9000015258789,83.33000183105469,55,0.2094339620552237,0.49946977730646874,64972.70143890381,0.1,61.230000000000004,strength
LTH,2024-08-05,2024-10-25,22.6200008392334,23.139999389648438,58,0.022988440810007615,1.0,64987.262411117554,0.1,0.0,sma
EBAY,2024-08-06,2024-10-30,55.91999816894531,62.7400016784668,60,0.12196000952855734,0.5004452359750667,62798.157943725586,0.1,151.74,sma
HIW,2024-09-09,2024-11-04,31.6200008392334,32.599998474121094,40,0.03099296675766494,1.0,65390.16173553467,0.1,0.0,sma
TPC,2024-10-11,2024-11-04,26.729999542236328,26.290000915527344,16,-0.01646085425529986,1.0,69097.04881668091,0.1,0.0,egg
CAVA,2024-10-15,2024-11-06,133.91000366210938,135.625,16,0.012807081554698563,1.0,70570.57192993164,0.1,0.0,egg
IRM,2024-09-11,2024-11-07,114.37999725341797,113.83999633789062,41,-0.004721113205929939,1.0,65654.11842346191,0.1,410.40999999999997,sma
FTDR,2024-09-06,2024-11-07,47.59000015258789,56.880001068115234,44,0.1952090961492079,0.4996400287976962,66102.51021194458,0.1,0.0,strength
LEU,2024-11-07,2024-11-15,86.5999984741211,76.48999786376953,6,-0.11674365806568421,1.0,75082.19867706299,0.1,0.0,stop
POWL,2024-10-25,2024-11-20,84.7699966430664,89.60333251953125,18,0.05701705872203999,0.5,70528.63720703125,0.1,36.746528,strength
CRS,2024-10-30,2024-11-26,159.57000732421875,194.77000427246094,19,0.22059281401624475,0.5,70529.94323730469,0.1,0.0,strength
POWL,2024-10-25,2024-11-29,84.7699966430664,88.086669921875,24,0.03912555633066517,0.5,70528.63720703125,0.1,36.746528,sma
CNK,2024-09-20,2024-11-29,28.31999969482422,34.599998474121094,49,0.22175137171504322,0.49979227253842956,68166.2392654419,0.1,0.0,strength
SEZL,2024-12-02,2024-12-10,63.836666107177734,55.0,6,-0.1384261842926059,1.0,76029.46933364868,0.1,0.0,stop
CNX,2024-07-29,2024-12-17,25.770000457763672,36.61000061035156,99,0.42064415832488455,0.5001925298421255,66924.69118881226,0.1,0.0,sma
CRS,2024-10-30,2024-12-18,159.57000732421875,173.99000549316406,34,0.09036784801072528,0.5,70529.94323730469,0.1,0.0,sma
GVA,2024-08-05,2024-12-19,68.9000015258789,90.05999755859375,96,0.30711169178664144,0.5005302226935313,64972.70143890381,0.1,61.36,sma
CNK,2024-09-20,2024-12-19,28.31999969482422,31.290000915527344,63,0.10487292558996475,0.5002077274615704,68166.2392654419,0.1,0.0,sma
GLW,2024-11-04,2024-12-19,47.02000045776367,46.849998474121094,32,-0.0036155249252982635,1.0,69777.68067932129,0.1,415.52000000000004,sma
ZBRA,2024-11-04,2024-12-19,377.0199890136719,384.44000244140625,32,0.019680689735167567,1.0,69748.6979675293,0.1,0.0,sma
CBRE,2024-11-06,2024-12-19,129.39999389648438,129.66000366210938,30,0.002009349133609728,1.0,71946.39660644531,0.1,0.0,sma
CORT,2024-11-15,2024-12-19,51.83000183105469,52.650001525878906,23,0.01582094666901801,1.0,73183.96258544922,0.1,0.0,sma
FTDR,2024-09-06,2024-12-31,47.59000015258789,54.880001068115234,80,0.15318346064621569,0.5003599712023038,66102.51021194458,0.1,0.0,sma
AXON,2024-12-10,2025-01-03,637.4500122070312,595.3599853515625,16,-0.06602874899906463,1.0,73944.20141601562,0.1,0.0,egg
PLTR,2025-01-03,2025-01-08,79.88999938964844,68.12000274658203,3,-0.14732753452231817,1.0,69104.8494720459,0.1,0.0,stop
JEF,2024-12-17,2025-01-13,79.19000244140625,70.68000030517578,16,-0.10746308718107611,1.0,73092.37225341797,0.1,0.0,stop
MIR,2024-12-19,2025-01-13,17.56999969482422,15.510000228881836,14,-0.11724527613675595,1.0,70192.14878082275,0.1,0.0,stop
DAVE,2024-12-18,2025-01-14,89.62999725341797,83.51000213623047,16,-0.06828065719877185,1.0,72241.77778625488,0.1,0.0,stop
WMT,2024-12-19,2025-01-15,93.4000015258789,91.06999969482422,16,-0.02494648600631022,1.0,70143.40114593506,0.1,0.0,egg
GDDY,2024-12-19,2025-01-15,202.94000244140625,200.57000732421875,16,-0.011678304369153514,1.0,70014.30084228516,0.1,0.0,egg
AGYS,2024-12-19,2025-01-15,134.86000061035156,134.7899932861328,16,-0.0005191111070881327,1.0,70127.20031738281,0.1,0.0,egg
OSW,2024-12-19,2025-01-15,19.75,19.290000915527344,16,-0.023291092884691444,1.0,70191.5,0.1,0.0,egg
OPLN,2024-12-19,2025-01-15,20.290000915527344,20.549999237060547,16,0.01281411088228368,1.0,70183.11316680908,0.1,0.0,egg
SEI,2025-01-22,2025-01-28,34.560001373291016,24.950000762939453,4,-0.27806713624086987,1.0,68532.48272323608,0.1,0.0,stop
WRBY,2025-01-15,2025-02-07,26.299999237060547,26.489999771118164,16,0.007224355116705716,1.0,66223.39807891846,0.1,0.0,egg
BLFS,2025-01-15,2025-02-07,26.709999084472656,26.100000381469727,16,-0.022837840655619557,1.0,66240.79772949219,0.1,0.0,egg
GKOS,2025-01-13,2025-02-12,151.8699951171875,142.9499969482422,21,-0.05873443376397269,1.0,66215.31787109375,0.1,0.0,sma
VCEL,2025-01-14,2025-02-13,58.66999816894531,55.40999984741211,21,-0.05556499784005031,1.0,65886.40794372559,0.1,0.0,sma
RL,2025-01-15,2025-02-19,236.72000122070312,282.7799987792969,23,0.19457585890957407,0.4982078853046595,66044.88034057617,0.1,0.0,strength
WSM,2025-01-13,2025-02-24,195.25999450683594,196.5500030517578,28,0.006606619795212154,1.0,66193.13813781738,0.1,193.23,sma
DAL,2025-02-07,2025-02-24,68.13999938964844,61.33000183105469,10,-0.09994126239496703,1.0,68412.55938720703,0.1,0.0,stop
RJF,2025-02-07,2025-02-24,167.42999267578125,152.8000030517578,10,-0.08737974236404344,1.0,68311.43701171875,0.1,0.0,stop
KD,2025-02-12,2025-02-25,41.150001525878906,36.97999954223633,8,-0.10133661795905635,1.0,66868.75247955322,0.1,0.0,stop
APP,2025-02-24,2025-02-26,410.45001220703125,328.4700012207031,2,-0.19973202228820341,1.0,64440.651916503906,0.1,0.0,stop
EBAY,2025-01-15,2025-02-28,65.11000061035156,63.40999984741211,30,-0.02610967204735637,1.0,66216.87062072754,0.1,0.0,sma
RELY,2025-01-21,2025-03-04,23.139999389648438,23.229999542236328,29,0.0038893757546143437,1.0,67360.5382232666,0.1,0.0,sma
ALK,2025-02-13,2025-03-05,72.54000091552734,65.75,13,-0.0936035405270298,1.0,66591.7208404541,0.1,0.0,stop
HQY,2025-02-19,2025-03-05,113.77999877929688,103.16000366210938,10,-0.09333797882866468,1.0,68950.6792602539,0.1,0.0,stop
RL,2025-01-15,2025-03-06,236.72000122070312,244.99000549316406,34,0.034935806986374995,0.5017921146953405,66044.88034057617,0.1,0.0,sma
WH,2025-02-28,2025-03-10,108.33000183105469,97.0999984741211,6,-0.10366475738131409,1.0,62289.751052856445,0.1,0.0,stop
LTH,2025-03-05,2025-03-10,32.189998626708984,28.75,3,-0.10686544807289045,1.0,60324.05742645264,0.1,0.0,stop
SLM,2025-01-02,2025-03-11,27.350000381469727,28.56999969482422,45,0.0446069212555138,1.0,69469.0009689331,0.1,330.2,sma
SNEX,2025-03-05,2025-03-11,35.62074279785156,32.08296203613281,4,-0.0993179951859996,1.0,60305.917556762695,0.1,0.0,stop
FISV,2025-02-24,2025-03-12,232.08999633789062,216.67999267578125,12,-0.06639667329596821,1.0,64521.018981933594,0.1,0.0,stop
BNY,2025-02-24,2025-03-13,88.01000213623047,81.08000183105469,13,-0.07874105370942786,1.0,64511.33156585693,0.1,0.0,stop
FOX,2025-03-04,2025-03-14,52.61000061035156,47.439998626708984,8,-0.0982703273838268,1.0,61921.97071838379,0.1,317.79,stop
V,2025-02-25,2025-03-19,352.0899963378906,336.79998779296875,16,-0.0434264213807668,1.0,64784.559326171875,0.1,0.0,egg
ETR,2025-03-05,2025-03-27,84.66000366210938,84.08000183105469,16,-0.006850954476325777,1.0,60277.922607421875,0.1,0.0,egg
JBTM,2025-03-10,2025-04-01,127.5999984741211,121.12000274658203,16,-0.05078366618361119,1.0,58568.39929962158,0.1,0.0,egg
PBH,2025-03-10,2025-04-01,86.86000061035156,86.29000091552734,16,-0.006562280575856838,1.0,58543.64041137695,0.1,0.0,egg
PTCT,2025-03-26,2025-04-02,55.310001373291016,45.970001220703125,5,-0.1688663880073259,1.0,56858.681411743164,0.1,0.0,stop
MWA,2025-03-25,2025-04-04,26.600000381469727,23.34000015258789,8,-0.1225563978244466,1.0,56977.200817108154,0.1,0.0,stop
DTE,2025-03-25,2025-04-16,134.5,134.11000061035156,16,-0.0028996237148583015,1.0,56893.5,0.1,0.0,egg
KVUE,2025-05-13,2025-06-05,23.65999984741211,21.68000030517578,16,-0.0836855264161338,1.0,55056.81964492798,0.1,477.03499999999997,stop
SNEX,2025-05-14,2025-06-06,38.942222595214844,37.524444580078125,16,-0.03640721871152097,1.0,55025.360527038574,0.1,0.0,egg
CME,2025-05-15,2025-06-10,274.0,268.8900146484375,17,-0.018649581575045593,1.0,54800.0,0.1,250.0,sma
KTOS,2025-05-15,2025-06-16,34.38999938964844,42.189998626708984,21,0.2268101010611936,0.5,54955.2190246582,0.1,0.0,strength
PLMR,2025-05-14,2025-06-23,156.1199951171875,158.6199951171875,26,0.01601332358563967,1.0,54954.23828125,0.1,0.0,sma
WRB,2025-05-15,2025-06-26,72.69999694824219,72.04000091552734,28,-0.00907835021210135,1.0,54961.197692871094,0.1,446.03999999999996,sma
SEZL,2025-06-10,2025-07-03,122.83000183105469,175.5,16,0.42880401680193536,0.4989106753812636,56378.9708404541,0.1,0.0,strength
DAVE,2025-06-16,2025-07-14,216.67999267578125,206.8800048828125,18,-0.045227931162211576,1.0,57636.87805175781,0.1,0.0,breakeven
PLTR,2025-06-06,2025-07-18,127.72000122070312,154.86000061035156,28,0.2124960783765566,0.5,56452.24053955078,0.1,0.0,strength
LEU,2025-06-26,2025-07-21,174.9600067138672,249.66000366210938,16,0.42695469868384217,0.49851632047477745,58961.52226257324,0.1,0.0,strength
PM,2025-05-15,2025-07-23,169.13999938964844,163.0,46,-0.03630128539555977,1.0,54970.49980163574,0.1,438.75000000000006,sma
MCK,2025-05-15,2025-07-29,706.760009765625,710.260009765625,50,0.004952176059254798,1.0,54420.520751953125,0.1,54.669999999999995,sma
WOR,2025-07-14,2025-08-05,63.959999084472656,63.18000030517578,16,-0.012195103040366195,1.0,60761.99913024902,0.1,0.0,egg
SEZL,2025-06-10,2025-08-07,122.83000183105469,145.3699951171875,40,0.18350560083142575,0.5010893246187363,56378.9708404541,0.1,0.0,sma
VIRT,2025-05-15,2025-08-08,40.97999954223633,42.439998626708984,58,0.03562711324503298,1.0,54954.179386138916,0.1,321.84,sma
LEU,2025-06-26,2025-08-14,174.9600067138672,188.61000061035156,34,0.07801779476842285,0.5014836795252225,58961.52226257324,0.1,0.0,sma
NFG,2025-05-13,2025-08-19,79.68000030517578,85.04000091552734,67,0.06726908370761375,1.0,55058.880210876465,0.1,369.685,sma
CASY,2025-07-29,2025-08-20,521.9600219726562,510.95001220703125,16,-0.021093588210098213,1.0,62635.20263671875,0.1,68.39999999999999,egg
JBL,2025-08-08,2025-08-20,224.33999633789062,205.1199951171875,8,-0.08567353808705092,1.0,63039.538970947266,0.1,22.48,stop
CAKE,2025-06-23,2025-08-26,60.11000061035156,61.84000015258789,45,0.028780561049244202,1.0,58366.81059265137,0.1,262.17,sma
ULTA,2025-08-07,2025-09-02,506.1700134277344,491.260009765625,17,-0.02945651316074671,1.0,62765.08166503906,0.1,0.0,sma
STX,2025-08-05,2025-09-05,151.74000549316406,186.0,22,0.22578089670874157,0.49878934624697335,62668.62226867676,0.1,0.0,strength
PLTR,2025-06-06,2025-09-08,127.72000122070312,154.91000366210938,63,0.212887583632428,0.5,56452.24053955078,0.1,0.0,sma
SXT,2025-08-14,2025-09-08,115.55000305175781,112.94000244140625,16,-0.02258762909060652,1.0,64361.3516998291,0.1,0.0,egg
MP,2025-08-19,2025-09-08,69.29000091552734,62.650001525878906,13,-0.09582911389687199,1.0,63469.64083862305,0.1,0.0,stop
IDCC,2025-08-20,2025-09-12,259.9599914550781,325.010009765625,16,0.2502308834003317,0.5,62390.39794921875,0.1,0.0,strength
AWI,2025-09-08,2025-09-30,197.0,193.6999969482422,16,-0.01675128452668939,1.0,63237.0,0.1,0.0,egg
RSI,2025-09-08,2025-10-02,21.0,19.979999542236328,18,-0.04857145036969868,1.0,63357.0,0.1,0.0,sma
NEU,2025-07-23,2025-10-09,725.0900268554688,873.4299926757812,55,0.20458144551184243,0.49411764705882355,61632.652282714844,0.1,115.5,strength
NEU,2025-07-23,2025-10-10,725.0900268554688,780.0,56,0.07572849040920038,0.5058823529411764,61632.652282714844,0.1,118.25,sma
BNY,2025-09-02,2025-10-13,104.69999694824219,105.55000305175781,29,0.0081184921517794,1.0,63657.59814453125,0.1,0.0,sma
LITE,2025-09-30,2025-10-13,162.7100067138672,158.3000030517578,9,-0.027103456948806892,1.0,68989.04284667969,0.1,0.0,stop
VSAT,2025-08-26,2025-10-21,30.799999237060547,36.849998474121094,39,0.1964285515234947,0.5,63509.59842681885,0.1,0.0,strength
TLN,2025-10-13,2025-10-22,435.8299865722656,379.94000244140625,7,-0.1282380420182313,1.0,68425.3078918457,0.1,0.0,stop
APH,2025-08-20,2025-10-24,108.6500015258789,137.19000244140625,46,0.2626783296337969,0.5,62365.10087585449,0.1,47.355000000000004,strength
FIX,2025-09-08,2025-10-27,715.8699951171875,998.760009765625,35,0.3951695371757111,0.5,62996.5595703125,0.1,0.0,strength
FN,2025-10-02,2025-10-30,369.55999755859375,436.4800109863281,20,0.18108024101586961,0.5,70216.39953613281,0.1,0.0,strength
TPR,2025-10-13,2025-11-04,114.05999755859375,105.0,16,-0.07943185825459564,1.0,68550.05853271484,0.1,0.0,egg
KTOS,2025-05-15,2025-11-06,34.38999938964844,77.94999694824219,121,1.2666472326750178,0.5,54955.2190246582,0.1,0.0,sma
P,2025-11-04,2025-11-12,95.0999984741211,88.27999877929688,6,-0.07171398322030575,1.0,75509.39878845215,0.1,0.0,stop
DELL,2025-10-22,2025-11-13,150.1300048828125,139.8000030517578,16,-0.06880704386253778,1.0,70410.97229003906,0.1,0.0,egg
IDCC,2025-08-20,2025-11-14,259.9599914550781,339.1000061035156,61,0.3044315173479806,0.5,62390.39794921875,0.1,84.0,sma
VSAT,2025-08-26,2025-11-18,30.799999237060547,32.75,59,0.06331171465072916,0.5,63509.59842681885,0.1,0.0,sma
NVDA,2025-10-10,2025-11-19,183.16000366210938,184.7899932861328,28,0.008899266168559405,1.0,71066.08142089844,0.1,0.0,sma
FLEX,2025-11-06,2025-11-19,63.310001373291016,57.68000030517578,9,-0.0889275145473366,1.0,74136.01160812378,0.1,0.0,stop
FN,2025-10-02,2025-11-21,369.55999755859375,388.07000732421875,36,0.05008661621362376,0.5,70216.39953613281,0.1,0.0,sma
PBF,2025-11-19,2025-11-26,37.459999084472656,34.529998779296875,5,-0.07821677460719101,1.0,68439.41832733154,0.1,0.0,stop
ELAN,2025-11-12,2025-12-05,22.049999237060547,21.93000030517578,16,-0.005442128618448061,1.0,72235.79750061035,0.1,0.0,egg
PAHC,2025-11-18,2025-12-08,43.380001068115234,39.70000076293945,13,-0.08483172463268152,1.0,69321.24170684814,0.1,191.76,stop
COHR,2025-11-13,2025-12-08,139.97000122070312,187.24000549316406,16,0.3377152522698499,0.5,72224.52062988281,0.1,0.0,strength
CYTK,2025-12-05,2025-12-11,65.66999816894531,60.40999984741211,4,-0.08009743365609845,1.0,70726.5880279541,0.1,0.0,stop
VLO,2025-11-19,2025-12-12,180.3300018310547,170.35000610351562,16,-0.05534295805580369,1.0,68345.07069396973,0.1,428.27,egg
CIEN,2025-11-14,2025-12-12,191.7100067138672,236.0,19,0.23102598578610944,0.5,69782.44244384766,0.1,0.0,strength
APH,2025-08-20,2025-12-15,108.6500015258789,130.14999389648438,81,0.19788303790759243,0.5,62365.10087585449,0.1,47.355000000000004,sma
INSW,2025-11-28,2025-12-15,52.970001220703125,48.2599983215332,11,-0.08891830829954817,1.0,70714.95162963867,0.1,1148.1,stop
AHR,2025-11-21,2025-12-16,48.0,47.5,16,-0.01041666666666663,1.0,66048.0,0.1,0.0,egg
FIX,2025-09-08,2025-12-18,715.8699951171875,908.0,72,0.2683867269103253,0.5,62996.5595703125,0.1,26.4,sma
SONO,2025-12-15,2026-01-08,18.329999923706055,16.510000228881836,16,-0.09929076390613767,1.0,70717.13970565796,0.1,0.0,stop
CALY,2025-12-08,2026-01-09,11.1899995803833,13.619999885559082,22,0.21715821235915933,0.4999213217938631,71112.44733333588,0.1,0.0,strength
MCY,2025-12-18,2026-01-13,93.12000274658203,90.5,16,-0.028135767496830333,1.0,69188.16204071045,0.1,0.0,egg
MKSI,2025-12-12,2026-01-14,155.77000427246094,190.86000061035156,21,0.22526799367941153,0.5,72900.36199951172,0.1,0.0,strength
LITE,2025-12-16,2026-01-29,316.1499938964844,388.0,29,0.2272655622034938,0.5,70817.5986328125,0.1,0.0,strength
CHRW,2025-12-12,2026-01-30,157.08999633789062,191.9199981689453,32,0.22172004992690653,0.5,72889.75830078125,0.1,0.0,strength
WDC,2026-01-08,2026-02-02,187.67999267578125,243.75999450683594,16,0.298806500530578,0.49876543209876545,76010.3970336914,0.1,0.0,strength
SMTC,2025-12-15,2026-02-03,72.54000091552734,88.1500015258789,33,0.21519162411549142,0.49948717948717947,70726.50089263916,0.1,0.0,strength
GMED,2026-01-13,2026-02-05,90.16000366210938,86.83000183105469,16,-0.036934357761723935,1.0,76636.00311279297,0.1,0.0,egg
CHRW,2025-12-12,2026-02-13,157.08999633789062,171.88999938964844,42,0.09421352980315789,0.5,72889.75830078125,0.1,0.0,sma
CALY,2025-12-08,2026-02-17,11.1899995803833,12.479999542236328,47,0.11528150225443001,0.5000786782061369,71112.44733333588,0.1,0.0,sma
GM,2026-02-05,2026-03-02,83.30000305175781,77.36000061035156,16,-0.07130855010552006,1.0,85799.00314331055,0.1,0.0,egg
STX,2025-08-05,2026-03-04,151.74000549316406,367.5,145,1.421905803980981,0.5012106537530266,62668.62226867676,0.1,302.21999999999997,sma
MKSI,2025-12-12,2026-03-09,155.77000427246094,203.8800048828125,57,0.3088527912357326,0.5,72900.36199951172,0.1,58.5,sma
SMTC,2025-12-15,2026-03-09,72.54000091552734,80.97000122070312,56,0.11621174798429479,0.5005128205128205,70726.50089263916,0.1,0.0,sma
MTRN,2026-02-17,2026-03-11,153.30999755859375,146.3800048828125,16,-0.045202483765826584,1.0,87999.93859863281,0.1,80.36000000000001,egg
BTSG,2026-03-09,2026-03-13,42.22999954223633,38.95000076293945,4,-0.07766987484848031,1.0,83826.54909133911,0.1,0.0,stop
RTX,2026-02-13,2026-03-23,200.05999755859375,197.1699981689453,25,-0.014445663425553201,1.0,88426.51892089844,0.1,300.56,sma
JOE,2026-03-02,2026-03-23,72.69000244140625,65.38999938964844,15,-0.10042650717534618,1.0,91298.64306640625,0.1,200.96,stop
AHR,2026-03-11,2026-03-23,52.79999923706055,49.310001373291016,8,-0.06609844534467124,1.0,86855.9987449646,0.1,0.0,stop
LMT,2026-03-09,2026-03-25,664.1500244140625,612.5,12,-0.0777686102769175,1.0,83682.90307617188,0.1,0.0,stop
JNJ,2026-03-04,2026-03-26,245.3000030517578,240.0,16,-0.021606208666208326,1.0,89534.5011138916,0.1,0.0,egg
COHR,2025-11-13,2026-03-31,139.97000122070312,224.0800018310547,93,0.6009144807945515,0.5,72224.52062988281,0.1,0.0,sma
WDC,2026-01-08,2026-03-31,187.67999267578125,259.0,56,0.3800085790040746,0.5012345679012346,76010.3970336914,0.1,25.375,sma
PWR,2026-03-13,2026-04-07,559.02001953125,550.0900268554688,16,-0.01597437008296987,1.0,84412.02294921875,0.1,16.61,egg
AIR,2026-04-21,2026-04-30,116.54000091552734,107.27999877929688,7,-0.07945771463432949,1.0,88220.7806930542,0.1,0.0,stop
AA,2026-04-22,2026-04-30,68.52999877929688,63.560001373291016,6,-0.07252294607522025,1.0,87718.3984375,0.1,0.0,stop
FIVE,2026-04-24,2026-05-12,234.00999450683594,208.14999389648438,12,-0.11050810314683435,1.0,87051.71795654297,0.1,0.0,stop
BOH,2026-04-22,2026-05-14,78.11000061035156,76.37999725341797,16,-0.022148295268408003,1.0,87717.5306854248,0.1,0.0,egg
SCHL,2026-04-23,2026-05-15,42.060001373291016,39.15999984741211,16,-0.06894915433170834,1.0,87610.98286056519,0.1,416.6,egg
NPK,2026-04-24,2026-05-18,143.16000366210938,139.0,16,-0.029058421037260862,1.0,87184.44223022461,0.1,0.0,egg
GTY,2026-04-24,2026-05-18,33.45000076293945,32.75,16,-0.020926778683814318,1.0,87237.6019897461,0.1,0.0,egg
ICHR,2026-05-15,2026-05-19,73.2699966430664,63.900001525878906,2,-0.1278831110479407,1.0,91660.76580047607,0.1,0.0,stop
LITE,2025-12-16,2026-06-01,316.1499938964844,825.25,113,1.6103116113619413,0.5,70817.5986328125,0.1,0.0,sma
GLW,2026-04-30,2026-06-03,164.24000549316406,201.0,23,0.22381876082174124,0.5,84747.84283447266,0.1,72.24000000000001,strength
CIEN,2025-11-14,2026-06-08,191.7100067138672,489.7799987792969,139,1.5547962110830653,0.5,69782.44244384766,0.1,0.0,sma
INTC,2026-05-19,2026-06-08,110.80000305175781,111.0,13,0.0018050265589681924,1.0,84540.40232849121,0.1,0.0,stop
AGX,2026-05-12,2026-06-09,681.010009765625,632.969970703125,19,-0.07054233913394803,1.0,91255.34130859375,0.1,0.0,stop
GLW,2026-04-30,2026-06-10,164.24000549316406,173.66000366210938,28,0.05735507704508325,0.5,84747.84283447266,0.1,72.24000000000001,sma
COHR,2026-06-08,2026-06-10,401.92999267578125,353.489990234375,2,-0.12051850651633411,1.0,86013.01843261719,0.1,0.0,stop
UCTT,2026-04-30,2026-06-12,78.1500015258789,104.47000122070312,30,0.33678821728632347,0.5,84714.60165405273,0.1,0.0,strength
WDC,2026-05-18,2026-06-15,458.67999267578125,618.780029296875,19,0.34904517131241164,0.5,88983.91857910156,0.1,14.549999999999999,strength
STX,2026-05-18,2026-06-15,740.8400268554688,1032.52001953125,19,0.3937152179989938,0.5,88900.80322265625,0.1,0.0,strength
TTMI,2026-06-01,2026-06-24,172.44000244140625,214.0,16,0.24101134870208263,0.49903660886319845,89496.36126708984,0.1,0.0,strength
DOCN,2026-06-08,2026-06-25,169.32000732421875,150.97999572753906,12,-0.10831567920713414,1.0,86183.88372802734,0.1,0.0,stop
VSH,2026-06-25,2026-07-01,59.90999984741211,52.81999969482422,4,-0.11834418578944716,1.0,96814.55975341797,0.1,0.0,stop
STX,2026-05-18,2026-07-06,740.8400268554688,863.6199951171875,32,0.16573074322517956,0.5,88900.80322265625,0.1,44.4,sma
TTMI,2026-06-01,2026-07-06,172.44000244140625,156.88999938964844,23,-0.09017630962422185,0.5009633911368016,89496.36126708984,0.1,0.0,stop
SMTC,2026-06-10,2026-07-06,154.27999877929688,138.50999450683594,16,-0.10221677727014056,1.0,86705.35931396484,0.1,0.0,stop
FLEX,2026-07-01,2026-07-06,153.52999877929688,138.52000427246094,2,-0.0977658739411128,1.0,101943.91918945312,0.1,0.0,stop
ACMR,2026-06-10,2026-07-06,79.95999908447266,102.0,16,0.27563783351527404,0.5,86676.63900756836,0.1,0.0,strength
UCTT,2026-04-30,2026-07-08,78.1500015258789,89.5999984741211,46,0.14651307389227108,0.5,84714.60165405273,0.1,0.0,sma
KLIC,2026-07-06,2026-07-08,119.61000061035156,105.2699966430664,2,-0.1198896738910652,1.0,89468.28045654297,0.1,0.0,stop
KALU,2026-06-15,2026-07-09,183.10000610351562,165.74000549316406,16,-0.09481157854542666,1.0,94479.60314941406,0.1,0.0,egg
WDC,2026-05-18,2026-07-16,458.67999267578125,486.67999267578125,40,0.061044738046361235,0.5,88983.91857910156,0.1,14.549999999999999,sma
ACMR,2026-06-10,2026-07-17,79.95999908447266,78.67500305175781,25,-0.016070485835765536,0.5,86676.63900756836,0.1,0.0,sma
AMAT,2026-07-06,2026-07-20,592.7899780273438,545.6300048828125,10,-0.07955595555354666,1.0,88918.49670410156,0.1,0.0,stop
ASTH,2026-07-16,2026-07-24,45.099998474121094,40.88999938964844,6,-0.09334809815766187,1.0,88125.39701843262,0.1,0.0,stop
AMD,2026-06-08,2026-07-28,490.3299865722656,467.0,34,-0.04758017500695366,1.0,85807.74765014648,0.1,0.0,sma
MTRN,2026-07-06,2026-07-28,261.79998779296875,237.30999755859375,16,-0.09354465766339781,1.0,89273.79583740234,0.1,0.0,egg
VAC,2026-07-09,2026-07-31,98.80999755859375,98.13999938964844,16,-0.006780671850011966,1.0,87348.03784179688,0.1,0.0,egg
MAC,2026-05-14,2026-08-07,22.34000015258789,23.68000030517578,58,0.059982101317607395,1.0,90879.12062072754,0.1,691.5600000000001,sma
VSTS,2026-07-06,2026-08-07,13.59000015258789,13.869999885559082,24,0.020603364961542914,1.0,89490.15100479126,0.1,0.0,sma
AMN,2026-07-08,2026-08-07,32.08000183105469,31.670000076293945,22,-0.01278060259846503,1.0,87161.36497497559,0.1,0.0,sma
ARMK,2026-07-20,2026-08-11,56.43000030517578,59.95000076293945,16,0.06237817541604396,1.0,87297.21047210693,0.1,0.0,egg
JBHT,2026-07-24,2026-08-17,288.29998779296875,279.7099914550781,16,-0.02979534062297362,1.0,85625.09637451172,0.1,133.65,egg
ETSY,2026-08-07,2026-08-18,85.55000305175781,78.41000366210938,7,-0.08345995482114399,1.0,81785.80291748047,0.1,0.0,stop
WLY,2026-07-31,2026-08-24,52.20000076293945,51.90999984741211,16,-0.005555573013194981,1.0,83833.20122528076,0.1,0.0,egg
OGN,2026-07-08,2026-08-27,13.470000267028809,13.760000228881836,36,0.02152932116585582,1.0,87164.37172794342,0.1,129.42000000000002,period_end
STT,2026-07-28,2026-08-27,182.57000732421875,193.3699951171875,22,0.059155323216860456,1.0,85442.76342773438,0.1,0.0,period_end
BNY,2026-07-28,2026-08-27,156.49000549316406,162.24000549316406,22,0.03674356059915396,1.0,85443.54299926758,0.1,0.0,period_end
DELL,2026-08-07,2026-08-27,453.7699890136719,472.260009765625,14,0.04074756197990004,1.0,81678.59802246094,0.1,0.0,period_end
FTNT,2026-08-07,2026-08-27,159.63999938964844,172.77999877929688,14,0.0823101944367739,1.0,81735.6796875,0.1,0.0,period_end
GEO,2026-08-11,2026-08-27,31.75,32.599998474121094,12,0.026771605484128935,1.0,81692.75,0.1,0.0,period_end
AMN,2026-08-17,2026-08-27,34.540000915527344,35.08000183105469,8,0.01563407357307245,1.0,83414.10221099854,0.1,0.0,period_end
AVT,2026-08-18,2026-08-27,93.4000015258789,91.5199966430664,7,-0.020128531607053524,1.0,82845.80135345459,0.1,0.0,period_end
PBF,2026-08-24,2026-08-27,69.51000213623047,68.58999633789062,3,-0.013235588693217948,1.0,81535.23250579834,0.1,0.0,period_end
