ticker,entry_date,exit_date,entry_px,exit_px,days_held,ret_net,weight,bet_eur,bet_frac,div_eur,exit_reason
GEF,2007-01-04,2007-01-19,58.375,53.26499938964844,10,-0.09118004862447882,1.0,10002.08925,0.1,0.0,stop
AEIS,2007-01-04,2007-01-19,18.889999389648438,16.8799991607666,10,-0.10997276454179816,1.0,10012.79529647827,0.1,0.0,stop
ADEA,2007-01-04,2007-01-29,17.759967803955078,16.717817306518555,16,-0.06243751696601485,1.0,10018.859597373963,0.1,0.0,egg
MLKN,2007-01-04,2007-01-29,37.29999923706055,37.220001220703125,16,-0.006128173196709108,1.0,10016.39259512329,0.1,0.0,egg
ETR,2007-01-04,2007-01-29,47.040000915527344,45.75,16,-0.03130602928156334,1.0,9992.42515447998,0.1,0.0,egg
CMCSA,2007-01-04,2007-02-06,13.448922157287598,13.367697715759277,22,-0.010007382204450743,1.0,10012.534261190414,0.1,0.0,sma
MS,2007-01-05,2007-02-13,80.86000061035156,80.33000183105469,26,-0.010520373768240443,1.0,9965.671635223389,0.1,33.21,sma
UCTT,2007-01-19,2007-02-20,13.760000228881836,13.430000305175781,21,-0.027878829432737118,1.0,9913.227044895171,0.1,0.0,sma
CNS,2007-02-20,2007-02-27,48.79999923706055,41.25,5,-0.15808750033513075,1.0,10024.007843284608,0.1,0.0,stop
RHP,2007-01-04,2007-02-28,51.650001525878906,52.25,37,0.007578230943393827,1.0,9988.387195083618,0.1,0.0,sma
AMT,2007-01-29,2007-02-28,39.540000915527344,39.310001373291016,21,-0.009785677452302965,1.0,9865.151148422241,0.1,0.0,sma
MIDD,2007-01-29,2007-02-28,14.793510437011719,14.562885284423828,21,-0.019519398347936923,1.0,9901.829101867675,0.1,0.0,sma
KMX,2007-02-06,2007-03-01,28.7450008392334,26.09000015258789,16,-0.0959872083251263,1.0,10138.476776000976,0.1,0.0,stop
LMT,2007-01-04,2007-03-05,91.69000244140625,94.95999908447266,40,0.03152922601612196,1.0,10014.198686645508,0.1,38.15,sma
CBRL,2007-01-29,2007-03-06,46.11000061035156,45.619998931884766,25,-0.014576391970705038,1.0,9887.275210876465,0.1,0.0,sma
APOG,2007-02-28,2007-03-06,20.979999542236328,19.139999389648438,4,-0.09134448892251146,1.0,9522.947672218323,0.1,0.0,stop
ATI,2007-02-13,2007-03-08,99.72000122070312,101.0,16,0.00879267103679493,1.0,9991.944122314453,0.1,0.0,egg
HAS,2007-03-06,2007-03-28,29.299999237060547,29.65999984741211,16,0.008245645857981154,1.0,9277.317358428954,0.1,0.0,egg
SYK,2007-01-04,2007-04-03,55.599998474121094,67.5999984741211,61,0.210973741880766,0.4972067039106145,9972.304526321412,0.1,0.0,strength
LII,2007-03-28,2007-04-25,35.7400016784668,33.90999984741211,19,-0.05499079461730216,1.0,9991.40338922882,0.1,0.0,sma
HLIT,2007-03-05,2007-04-27,9.170000076293945,8.800000190734863,38,-0.044179893508048074,1.0,9344.541857746124,0.1,0.0,breakeven
OI,2007-02-28,2007-04-27,23.760000228881836,29.850000381469727,41,0.25129791316922656,0.5,9523.00809173584,0.1,0.0,strength
SYK,2007-01-04,2007-05-01,55.599998474121094,65.2699966430664,80,0.16923452443061326,0.5027932960893855,9972.304526321412,0.1,0.0,sma
CE,2007-02-28,2007-05-03,28.579999923706055,34.900001525878906,45,0.21625893125595996,0.5,9507.53709461975,0.1,6.640000000000001,strength
EL,2007-03-01,2007-05-04,23.454999923706055,23.899999618530273,45,0.014904733142079074,1.0,9588.779248809815,0.1,0.0,sma
LNT,2007-04-03,2007-05-14,22.329999923706055,22.135000228881836,28,-0.012689788184467865,1.0,10135.72094536972,0.1,72.027,sma
CAR,2007-04-27,2007-05-21,28.639999389648438,28.200000762939453,16,-0.019293767172836374,1.0,10273.626021057129,0.1,0.0,egg
ES,2007-03-08,2007-05-24,29.239999771118164,31.549999237060547,54,0.07469395972269921,1.0,9609.901364776611,0.1,0.0,sma
MAT,2007-03-06,2007-05-31,27.059999465942383,27.75,60,0.02140510356154479,1.0,9300.142976451874,0.1,0.0,sma
CLF,2007-05-01,2007-06-01,34.244998931884766,45.20000076293945,22,0.31463171389445055,0.49830508474576274,10122.479234275817,0.1,9.1875,strength
BDC,2007-05-14,2007-06-06,57.9900016784668,56.400001525878906,16,-0.03130108306156576,1.0,10284.758757682801,0.1,8.85,egg
RS,2007-05-21,2007-06-13,61.779998779296875,56.279998779296875,16,-0.09266220082425713,1.0,10461.701433288574,0.1,13.52,stop
IT,2007-05-24,2007-06-18,27.0,26.149999618530273,16,-0.035347836944880084,1.0,10415.79,0.1,0.0,egg
DCH,2007-02-27,2007-06-22,24.65999984741211,29.889999389648438,81,0.2072456698706655,0.5,9982.5652182312,0.1,60.599999999999994,strength
FCN,2007-05-31,2007-06-26,37.08000183105469,35.97999954223633,18,-0.03353923840641082,1.0,10514.627799224854,0.1,0.0,sma
GT,2007-05-04,2007-06-27,33.68000030517578,33.5,37,-0.009315107994749772,1.0,10259.197532958984,0.1,0.0,sma
PH,2007-06-06,2007-06-28,65.95333099365234,64.69999694824219,16,-0.02291950146546362,1.0,10771.893737869263,0.1,0.0,egg
WWD,2007-06-13,2007-07-06,27.68000030517578,27.614999771118164,16,-0.006330926740244158,1.0,10317.554033752442,0.1,0.0,egg
GME,2007-04-25,2007-07-06,8.454999923706055,10.375,50,0.22218603519535574,0.4995836802664446,10174.763818187714,0.1,0.0,strength
AVT,2007-06-18,2007-07-11,42.70000076293945,40.06999969482422,16,-0.06533866737442251,1.0,10610.779389587402,0.1,0.0,egg
GEO,2007-06-27,2007-07-20,19.233333587646484,18.053333282470703,16,-0.06509893327698446,1.0,10387.500337348938,0.1,0.0,egg
DCH,2007-02-27,2007-07-23,24.65999984741211,28.799999237060547,101,0.16322097963176851,0.5,9982.5652182312,0.1,60.599999999999994,sma
CE,2007-02-28,2007-07-23,28.579999923706055,37.099998474121094,100,0.29292843899369725,0.5,9507.53709461975,0.1,13.280000000000001,sma
SF,2007-06-28,2007-07-23,11.899258613586426,11.510123252868652,16,-0.036563955004796256,1.0,10456.521103723526,0.1,0.0,egg
CLF,2007-05-01,2007-07-26,34.244998931884766,39.32500076293945,60,0.14375867874480197,0.5016949152542373,10122.479234275817,0.1,9.25,sma
WLY,2007-07-06,2007-07-26,48.47999954223633,43.20000076293945,14,-0.11246810898611226,1.0,10589.777180007935,0.1,0.0,stop
DE,2007-06-26,2007-07-27,60.28499984741211,60.10499954223633,22,-0.00696591895449572,1.0,10389.758013702392,0.1,37.84,sma
AA,2007-07-20,2007-07-27,103.521240234375,91.5542984008789,5,-0.11912944654388147,1.0,10580.284836914063,0.1,0.0,stop
MOS,2007-07-23,2007-07-27,40.0,35.79999923706055,4,-0.10857287328876175,1.0,10420.8,0.1,0.0,stop
DY,2007-07-23,2007-07-27,31.440000534057617,28.280000686645508,4,-0.10409968212897036,1.0,10427.453457126618,0.1,0.0,stop
RBC,2007-07-11,2007-08-02,41.310001373291016,38.65999984741211,16,-0.06788508277339977,1.0,10513.72582951355,0.1,0.0,egg
GME,2007-04-25,2007-08-06,8.454999923706055,10.0,71,0.17801063633287306,0.5004163197335554,10174.763818187714,0.1,0.0,sma
OI,2007-02-28,2007-08-10,23.760000228881836,35.18000030517578,114,0.4747289917787185,0.5,9523.00809173584,0.1,0.0,sma
CXT,2007-07-23,2007-08-10,16.300798416137695,13.765195846557617,14,-0.15892187517872935,1.0,10437.042608287811,0.1,0.0,stop
CALM,2007-07-26,2007-08-10,9.739999771118164,7.284999847412109,11,-0.2550392010059659,1.0,10091.302082862854,0.1,0.0,stop
ETN,2007-08-02,2007-08-10,49.79499816894531,43.20000076293945,6,-0.13590627066419725,1.0,9679.550104064941,0.1,0.0,stop
HAL,2007-07-27,2007-08-15,36.060001373291016,32.779998779296875,13,-0.09458848426668587,1.0,9864.069135658265,0.1,0.0,stop
HXL,2007-08-10,2007-08-15,24.6299991607666,21.989999771118164,3,-0.11075046337060301,1.0,9057.288111385345,0.1,0.0,stop
WAB,2007-07-30,2007-08-16,20.280000686645508,17.975000381469727,13,-0.11719707659032119,1.0,9753.869130249024,0.1,2.4,stop
TDY,2007-08-10,2007-08-16,50.2599983215332,45.16999816894531,4,-0.10486111584881885,1.0,9064.893297271728,0.1,0.0,stop
HON,2007-07-26,2007-08-17,55.9961051940918,52.20774841308594,16,-0.07137587395541323,1.0,10043.349435401917,0.1,42.171504999999996,stop
NOV,2007-08-07,2007-08-17,52.92155075073242,48.80522918701172,8,-0.08146308558240045,1.0,9757.040468811036,0.1,0.0,stop
MMM,2007-07-30,2007-08-21,75.40133666992188,73.6622085571289,16,-0.026964891013754877,1.0,9746.225975280762,0.1,0.0,egg
FAST,2007-07-27,2007-08-29,5.728750228881836,5.541250228881836,23,-0.0365910104336401,1.0,9890.37791765213,0.1,49.53625,sma
IEX,2007-08-10,2007-09-11,38.470001220703125,37.86000061035156,21,-0.01978524338931853,1.0,9058.531187438964,0.1,0.0,sma
J,2007-08-23,2007-09-20,52.25109100341797,62.86343002319336,19,0.19829992071625369,0.5,8586.317282409667,0.1,0.0,strength
MOS,2007-08-30,2007-09-24,39.91999816894531,50.65999984741211,16,0.26397211005714394,0.5,8639.965043701171,0.1,0.0,strength
FLR,2007-08-23,2007-10-02,60.42499923706055,75.01000213623047,27,0.23641807121638814,0.5,8597.510591445924,0.1,7.1000000000000005,strength
GRMN,2007-08-30,2007-10-03,102.54000091552734,98.98999786376953,23,-0.038474475021300414,1.0,8630.586797058106,0.1,0.0,breakeven
SYNA,2007-09-12,2007-10-11,28.48666763305664,34.63999938964844,21,0.21115310514293317,0.5,8962.703264053345,0.1,0.0,strength
ANDE,2007-08-23,2007-10-12,30.753332138061523,30.84000015258789,35,-0.0011850994999254016,1.0,8628.154864654542,0.1,14.559999999999999,sma
CALM,2007-10-12,2007-10-22,13.369999885559082,11.345000267028809,6,-0.15484585328905331,1.0,9819.810335947037,0.1,0.0,stop
CF,2007-10-03,2007-10-25,13.82800006866455,16.601999282836914,16,0.19581456136013697,0.5,9615.825311748506,0.1,0.0,strength
WEX,2007-08-23,2007-10-26,35.599998474121094,37.41999816894531,45,0.04692748697231819,1.0,8632.430029998779,0.1,0.0,sma
ON,2007-08-30,2007-10-26,11.399999618530273,12.279999732971191,40,0.0728928234408317,1.0,8669.904909885407,0.1,0.0,sma
VMI,2007-10-26,2007-11-06,93.75,82.88999938964844,7,-0.11936958732275038,1.0,9863.4375,0.1,0.0,stop
FLR,2007-08-23,2007-11-08,60.42499923706055,73.25,54,0.20740729419144355,0.5,8597.510591445924,0.1,7.1000000000000005,sma
JEF,2007-09-21,2007-11-08,39.9027099609375,41.41061019897461,34,0.033646547369585944,1.0,9395.891114501954,0.1,0.0,sma
SGI,2007-10-26,2007-11-09,8.797499656677246,7.519999980926514,10,-0.148624005317469,1.0,9890.536204021453,0.1,0.0,stop
J,2007-08-23,2007-11-13,52.25109100341797,65.3117904663086,57,0.24497045911651827,0.5,8586.317282409667,0.1,0.0,sma
EPAC,2007-10-22,2007-11-13,33.369998931884766,32.79999923706055,16,-0.02100502960643813,1.0,9796.964506416321,0.1,0.0,egg
MORN,2007-11-06,2007-11-13,75.08000183105469,68.61000061035156,5,-0.08982276603939954,1.0,9855.1512003479,0.1,0.0,stop
FCN,2007-08-28,2007-11-19,49.81999969482422,59.310001373291016,58,0.18573334529506313,0.49710982658959535,8636.097667098998,0.1,0.0,strength
SYNA,2007-09-12,2007-12-17,28.48666763305664,33.79999923706055,67,0.18178333577072614,0.5,8962.703264053345,0.1,0.0,sma
TDG,2007-12-03,2007-12-26,48.34000015258789,45.58000183105469,16,-0.06085962779025067,1.0,9590.462670272827,0.1,0.0,egg
FSLR,2007-12-06,2007-12-31,218.39999389648438,265.739990234375,16,0.21190091276035883,0.5,9628.818930908203,0.1,0.0,strength
KO,2007-12-03,2008-01-03,31.100000381469727,30.584999084472656,21,-0.020485437103245352,1.0,9597.95771772766,0.1,0.0,sma
MCK,2007-12-03,2008-01-03,65.58000183105469,64.11000061035156,21,-0.026317921907024644,1.0,9593.829627868652,0.1,0.0,sma
BLKB,2007-12-06,2008-01-04,28.200000762939453,26.969999313354492,19,-0.04743496742243036,1.0,9691.945462211608,0.1,0.0,sma
CCI,2007-12-06,2008-01-04,40.77000045776367,39.15999984741211,19,-0.043324207388264924,1.0,9681.81508870697,0.1,0.0,sma
MORN,2007-12-26,2008-01-08,80.8499984741211,72.29000091552734,8,-0.10944441018650353,1.0,10207.474007354736,0.1,0.0,stop
FSLR,2007-12-06,2008-01-14,218.39999389648438,222.32000732421875,25,0.013885112148461776,0.5,9628.818930908203,0.1,0.0,sma
MA,2007-12-26,2008-01-14,20.947999954223633,18.05500030517578,12,-0.14154456296777285,1.0,10264.059121570586,0.1,7.335,stop
FCN,2007-08-28,2008-01-18,49.81999969482422,57.869998931884766,99,0.1569446271607451,0.5028901734104047,8636.097667098998,0.1,0.0,sma
CF,2007-10-03,2008-01-18,13.82800006866455,18.43199920654297,74,0.3276264304473704,0.5,9615.825311748506,0.1,1.3880000000000001,sma
MOS,2007-08-30,2008-01-22,39.91999816894531,71.91000366210938,98,0.7941618503115022,0.5,8639.965043701171,0.1,0.0,sma
NUE,2008-05-20,2008-05-27,79.83999633789062,72.23999786376953,4,-0.09880238052293688,1.0,9199.962778015137,0.1,0.0,stop
CHRW,2008-05-20,2008-06-12,64.81999969482422,59.540000915527344,16,-0.08512316321610203,1.0,9222.848836578369,0.1,31.24,stop
JBHT,2008-05-20,2008-06-12,34.470001220703125,33.45000076293945,16,-0.03346484926284976,1.0,9256.436247802734,0.1,0.0,egg
GILD,2008-05-20,2008-06-12,26.934999465942383,26.7549991607666,16,-0.010648104501124855,1.0,9257.182226451874,0.1,0.0,egg
BKNG,2008-05-20,2008-06-12,5.290800094604492,4.854400157928467,16,-0.08614553025479954,1.0,9256.212439109802,0.1,0.0,stop
LIN,2008-05-20,2008-06-12,95.73999786376953,95.26000213623047,16,-0.008985535788383792,1.0,9209.42187451172,0.1,36.0,egg
TAP,2008-05-20,2008-06-17,56.290000915527344,56.0099983215332,19,-0.008946445078596765,1.0,9250.023270446778,0.1,32.800000000000004,sma
ESE,2008-05-20,2008-06-23,48.540000915527344,48.099998474121094,23,-0.013020568427237422,1.0,9241.045374298095,0.1,0.0,sma
MA,2008-05-20,2008-06-27,27.764999389648438,27.500999450683594,27,-0.013462430258473046,1.0,9236.415756958007,0.1,0.0,sma
STRA,2008-05-20,2008-08-27,194.08999633789062,211.49000549316406,69,0.08529928377883511,1.0,9140.474287536621,0.1,35.25,sma
JAZZ,2009-08-19,2009-09-11,6.420000076293945,9.9399995803833,16,0.5421057360876218,0.5,9018.84178717804,0.1,0.0,strength
JAZZ,2009-08-19,2009-10-14,6.420000076293945,7.869999885559082,39,0.22096302604286344,0.5,9018.84178717804,0.1,0.0,sma
CIEN,2010-04-20,2010-05-10,18.229999542236328,17.049999237060547,14,-0.0684621067320389,1.0,9352.42728515625,0.1,0.0,stop
UBSI,2010-04-28,2010-05-20,29.360000610351562,28.530000686645508,16,-0.032148914250472616,1.0,9325.734433868409,0.1,0.0,egg
EPR,2010-05-12,2010-05-20,44.97999954223633,40.08000183105469,6,-0.11249439239633352,1.0,9284.411665512085,0.1,0.0,stop
O,2010-05-11,2010-05-21,31.36627960205078,28.3914737701416,8,-0.09845429830175156,1.0,9271.55858757019,0.1,0.0,stop
SSD,2010-05-12,2010-05-21,33.7599983215332,28.25,7,-0.16655133448406068,1.0,9268.740019180297,0.1,0.0,stop
IT,2010-05-14,2010-06-08,24.56999969482422,23.59000015258789,16,-0.043718812082784275,1.0,9281.415664718628,0.1,0.0,egg
NPO,2010-05-28,2010-06-10,31.579999923706055,29.420000076293945,8,-0.07211668660542059,1.0,8923.371098442078,0.1,0.0,stop
LULU,2010-06-22,2010-06-30,20.735000610351562,18.790000915527344,6,-0.09742028546218062,1.0,8809.22353930664,0.1,0.0,stop
IT,2010-06-22,2010-07-15,24.93000030517578,24.520000457763672,16,-0.02037240571838239,1.0,8792.910827636719,0.1,0.0,egg
AAL,2010-08-04,2010-08-12,10.029999732971191,8.930000305175781,6,-0.11322514076200019,1.0,8703.351728290558,0.1,0.0,stop
PII,2010-08-03,2010-08-16,29.825000762939453,27.104999542236328,9,-0.09482664675081665,1.0,8696.43337245941,0.1,0.0,stop
SWKS,2010-08-03,2010-08-25,17.8700008392334,17.040000915527344,16,-0.05025315261793717,1.0,8702.190048683167,0.1,0.0,egg
DLR,2010-08-04,2010-08-26,62.18000030517578,59.040000915527344,16,-0.054288967505468744,1.0,8660.306082504272,0.1,0.0,egg
ILMN,2010-08-04,2010-08-26,44.78599166870117,42.7529182434082,16,-0.04920609493039485,1.0,8705.859348495484,0.1,0.0,egg
BF-B,2010-08-05,2010-08-27,16.858667373657227,16.408000946044922,16,-0.03061733279105261,1.0,8716.470509536743,0.1,0.0,egg
BJRI,2010-08-06,2010-08-30,25.559999465942383,24.920000076293945,16,-0.028931159754619018,1.0,8630.947259662627,0.1,0.0,egg
OHI,2010-08-09,2010-08-31,22.030000686645508,21.0,16,-0.050559826929558516,1.0,8630.95772901535,0.1,0.0,egg
GIII,2010-09-22,2010-10-28,14.760000228881836,13.975000381469727,26,-0.056963974190421096,1.0,8459.605571182252,0.1,0.0,sma
NI,2010-09-20,2010-11-02,6.781925201416016,6.801571846008301,31,-0.001106667885889756,1.0,8378.83800089264,0.1,111.429909,sma
BWA,2010-09-16,2010-11-05,20.97271156311035,25.779048919677734,36,0.2242641332993658,0.5,8363.833480522157,0.1,0.0,strength
TMUS,2010-09-17,2010-11-05,18.920000076293945,22.940000534057617,35,0.2076333823194052,0.4988662131519274,8360.407473712921,0.1,0.0,strength
O,2010-08-06,2010-11-15,31.385658264160156,33.01356506347656,70,0.047668782595798875,1.0,8648.31813468933,0.1,115.116375,sma
SKT,2010-08-06,2010-11-17,22.635000228881836,23.46500015258789,72,0.032530473203475685,1.0,8641.182957378387,0.1,73.914,sma
UDR,2010-09-22,2010-11-17,21.170000076293945,21.459999084472656,40,0.009651882306210613,1.0,8463.723690502167,0.1,73.815,sma
EMN,2010-11-03,2010-11-26,39.779998779296875,39.29999923706055,16,-0.016010200761168325,1.0,8848.822048461914,0.1,0.0,egg
KBR,2010-09-17,2010-12-03,23.790000915527344,29.06999969482422,54,0.21706392087413073,0.4985754985754986,8366.990901992798,0.1,0.0,strength
WEC,2010-09-17,2010-12-09,28.325000762939453,29.434999465942383,58,0.03503949473546064,1.0,8344.205324752807,0.1,58.800000000000004,sma
URI,2010-11-17,2010-12-13,19.59000015258789,23.600000381469727,17,0.19988711689700578,0.5,8833.13106880188,0.1,0.0,strength
KMX,2010-10-28,2010-12-20,29.479999542236328,35.77000045776367,36,0.20852125501953034,0.49830508474576274,8713.993064689636,0.1,0.0,strength
KMX,2010-10-28,2010-12-23,29.479999542236328,32.34000015258789,39,0.09263564639553867,0.5016949152542373,8713.993064689636,0.1,0.0,sma
SHOO,2010-12-14,2011-01-06,13.431111335754395,12.524443626403809,16,-0.07122757487324283,1.0,9622.45109427452,0.1,0.0,egg
ENS,2010-12-28,2011-01-24,32.41999816894531,31.489999771118164,18,-0.03256344970306091,1.0,9647.996935089112,0.1,0.0,sma
BWA,2010-09-16,2011-01-31,20.97271156311035,29.828344345092773,94,0.4165678590851811,0.5,8363.833480522157,0.1,0.0,sma
CHRW,2010-11-05,2011-01-31,71.79000091552734,76.11000061035156,58,0.05594326933891569,1.0,9063.631195587159,0.1,73.08,sma
WLK,2011-01-06,2011-01-31,21.350000381469727,19.3700008392334,16,-0.09636182005287308,1.0,9797.85677506256,0.1,0.0,stop
TMUS,2010-09-17,2011-02-24,18.920000076293945,26.020000457763672,110,0.3697742122590788,0.5011337868480725,8360.407473712921,0.1,0.0,sma
PH,2010-11-16,2011-02-24,78.45999908447266,87.08000183105469,68,0.1054343370545685,1.0,8962.328775421143,0.1,36.480000000000004,sma
SNA,2010-11-17,2011-02-24,51.619998931884766,56.439998626708984,67,0.08900988791440745,1.0,8792.950618057252,0.1,54.4,sma
ADSK,2010-12-30,2011-02-24,38.790000915527344,39.900001525878906,38,0.024509387592046128,1.0,9639.160067504883,0.1,0.0,sma
IDCC,2011-01-31,2011-02-25,48.150001525878906,47.33000183105469,18,-0.02095413885625752,1.0,9552.767702728272,0.1,0.0,breakeven
JAZZ,2011-01-31,2011-03-07,22.360000610351562,27.5,24,0.22496506320299203,0.49882903981264637,9566.815701141357,0.1,0.0,strength
SWKS,2011-01-31,2011-03-10,31.770000457763672,30.90999984741211,27,-0.03095353506911791,1.0,9581.89567806244,0.1,0.0,sma
KBR,2010-09-17,2011-03-11,23.790000915527344,31.709999084472656,121,0.3275918892952281,0.5014245014245015,8366.990901992798,0.1,17.6,sma
FR,2011-02-25,2011-03-17,10.949999809265137,10.34000015258789,14,-0.059477361985439736,1.0,9885.681727804184,0.1,0.0,stop
EW,2011-03-10,2011-04-01,14.706666946411133,14.581666946411133,16,-0.012457632171766209,1.0,10182.631473690033,0.1,0.0,egg
NOV,2011-02-24,2011-04-12,70.23444366455078,69.06221771240234,33,-0.020615574816278626,1.0,9922.862669815064,0.1,13.985508,sma
THC,2011-03-11,2011-04-12,28.360000610351562,26.440000534057617,22,-0.0714227410799908,1.0,9832.185331604003,0.1,0.0,stop
BKR,2011-02-24,2011-04-13,68.94000244140625,68.0,34,-0.01757266440865357,1.0,9947.215072265624,0.1,0.0,sma
RES,2011-04-01,2011-04-13,15.946666717529297,14.766667366027832,8,-0.0776932349166004,1.0,10545.849633636475,0.1,0.0,stop
LXP,2011-01-24,2011-04-14,41.04999923706055,45.70000076293945,57,0.10883231366931034,1.0,9583.779121879577,0.1,133.975,sma
CDE,2011-04-12,2011-04-15,34.61000061035156,32.810001373291016,3,-0.05579246611967381,1.0,10161.011639190674,0.1,0.0,stop
URI,2010-11-17,2011-04-19,19.59000015258789,30.90999984741211,105,0.5715470339279909,0.5,8833.13106880188,0.1,0.0,sma
WCC,2011-03-17,2011-04-20,58.939998626708984,59.810001373291016,24,0.010709879212041251,1.0,9744.549972953797,0.1,0.0,sma
BC,2011-02-24,2011-04-25,22.100000381469727,26.920000076293945,41,0.2132368571636185,0.49888641425389757,9942.745971622468,0.1,0.0,strength
BC,2011-02-24,2011-05-02,22.100000381469727,23.459999084472656,46,0.05730072353793947,0.5011135857461024,9942.745971622468,0.1,0.0,sma
CVI,2011-04-13,2011-05-04,22.329999923706055,19.709999084472656,14,-0.12085461171202916,1.0,10068.59696559906,0.1,0.0,stop
DINO,2011-04-14,2011-05-04,30.53499984741211,27.184999465942383,13,-0.11326423287088017,1.0,10066.106979698181,0.1,0.0,stop
JAZZ,2011-01-31,2011-05-05,22.360000610351562,28.899999618530273,66,0.2873269039737958,0.5011709601873536,9566.815701141357,0.1,0.0,sma
DAR,2011-04-12,2011-05-05,15.229999542236328,14.619999885559082,16,-0.04388463228905315,1.0,10178.726514060974,0.1,0.0,egg
OLED,2011-04-13,2011-05-06,53.459999084472656,53.29999923706055,16,-0.006972957385862011,1.0,10070.58078753662,0.1,0.0,egg
DIOD,2011-02-24,2011-05-11,29.0,30.40999984741211,53,0.04443457387698002,1.0,9937.836,0.1,0.0,sma
PLD,2011-04-20,2011-05-13,35.689998626708984,35.36000061035156,16,-0.013201337112747735,1.0,9941.663257461549,0.1,77.84,egg
PTEN,2011-05-02,2011-05-17,29.81999969482422,27.1200008392334,11,-0.09417378808633481,1.0,10188.957135726929,0.1,0.0,stop
WRLD,2011-05-05,2011-05-19,66.93000030517578,61.220001220703125,10,-0.08896444464008368,1.0,9590.132023727418,0.1,0.0,stop
LSCC,2011-05-19,2011-05-25,6.840000152587891,6.230000019073486,4,-0.09281730685800971,1.0,9519.76173236847,0.1,0.0,stop
CAT,2011-05-06,2011-05-31,110.33999633789062,106.41000366210938,16,-0.03946694991928967,1.0,9618.778840759278,0.1,0.0,egg
ULTA,2011-04-15,2011-06-03,50.06999969482422,49.9900016784668,33,-0.005583361354210226,1.0,9933.687659454346,0.1,0.0,sma
CUBE,2011-05-11,2011-06-03,11.050000190734863,10.65999984741211,16,-0.03914526927301487,1.0,9843.09706990242,0.1,0.0,egg
WOR,2011-04-19,2011-06-06,12.737360954284668,12.478422164916992,32,-0.02423993879221953,1.0,9827.383470668792,0.1,0.0,sma
SGI,2011-05-04,2011-06-07,14.797499656677246,14.417499542236328,23,-0.029569522756206723,1.0,9741.401188985825,0.1,0.0,sma
GPK,2011-05-13,2011-06-07,5.460000038146973,4.869999885559082,16,-0.11161927942080108,1.0,9710.883067846298,0.1,0.0,stop
COR,2011-05-17,2011-06-09,42.040000915527344,40.970001220703125,16,-0.029342354116202007,1.0,9520.042287322998,0.1,25.990000000000002,egg
ST,2011-05-05,2011-06-13,34.099998474121094,33.66999816894531,26,-0.016551656913980084,1.0,9567.095571899414,0.1,0.0,sma
MSI,2011-05-25,2011-06-17,46.4900016784668,45.81999969482422,16,-0.01834622764653615,1.0,9176.847391319276,0.1,0.0,egg
MCO,2011-06-03,2011-06-27,39.43000030517578,37.189998626708984,16,-0.06057480924044967,1.0,9245.073311553955,0.1,0.0,egg
INGR,2011-06-03,2011-06-27,54.880001068115234,53.66999816894531,16,-0.02595215672642892,1.0,9238.279859802245,0.1,0.0,egg
ESS,2011-06-06,2011-06-28,134.77000427246094,132.77000427246094,16,-0.018772871536166802,1.0,9047.649466827392,0.1,69.68,egg
VMRK,2011-06-07,2011-06-29,60.77000045776367,59.709999084472656,16,-0.021365223519978382,1.0,8890.164906967164,0.1,49.348000000000006,egg
HUM,2011-06-09,2011-07-21,79.98999786376953,79.88999938964844,29,-0.00523716262734053,1.0,8896.647542404175,0.1,27.75,sma
CACI,2011-06-28,2011-07-21,62.63999938964844,62.650001525878906,16,-0.003832976893351381,1.0,8912.669673156739,0.1,0.0,egg
DINO,2011-06-27,2011-07-26,31.0,37.119998931884766,20,0.19263920333594076,0.5,8821.608,0.1,0.0,strength
IPAR,2011-06-27,2011-07-27,22.020000457763672,20.510000228881836,21,-0.07229229991860742,1.0,8825.61618347168,0.1,32.0,sma
CI,2011-06-20,2011-07-28,50.04999923706055,50.150001525878906,27,-0.0020019444475272152,1.0,8726.117266983032,0.1,0.0,sma
IRM,2011-06-30,2011-07-28,31.5064697265625,30.86876106262207,19,-0.024151777638712568,1.0,9123.580490478516,0.1,0.0,sma
TSCO,2011-05-31,2011-08-03,6.315999984741211,6.260000228881836,45,-0.012822953915265556,1.0,9486.61934508133,0.1,0.0,sma
GWW,2011-07-21,2011-08-03,156.1699981689453,141.36000061035156,9,-0.09844598270177218,1.0,9232.457951751709,0.1,0.0,stop
BAX,2011-07-26,2011-08-04,32.944053649902344,29.85877227783203,7,-0.09727030261194647,1.0,9275.793633773803,0.1,0.0,stop
CE,2011-07-28,2011-08-04,54.77000045776367,48.619998931884766,5,-0.11583153706333338,1.0,9000.24463522339,0.1,0.0,stop
CNP,2011-06-07,2011-08-05,19.09000015258789,18.739999771118164,42,-0.022253051671136448,1.0,8932.860131401061,0.1,0.0,sma
HRL,2011-07-26,2011-08-05,14.970000267028809,13.78499984741211,8,-0.08283435784957693,1.0,9299.962965888977,0.1,0.0,stop
LULU,2011-07-27,2011-08-05,61.0,57.18000030517578,7,-0.0663649699851866,1.0,9107.178,0.1,0.0,stop
PII,2011-07-28,2011-08-05,58.8849983215332,53.42499923706055,6,-0.09634495535760568,1.0,8968.420784362794,0.1,0.0,stop
DINO,2011-06-27,2011-08-08,31.0,32.20000076293945,29,0.03456315631361706,0.5,8821.608,0.1,0.0,sma
FCFS,2011-06-13,2011-08-09,39.58000183105469,40.77000045776367,40,0.025953615117259465,1.0,8843.993089141846,0.1,0.0,sma
DG,2011-10-31,2011-11-22,39.65999984741211,39.09000015258789,16,-0.018306797842117084,1.0,8345.257167892456,0.1,0.0,egg
TDY,2011-10-31,2011-11-22,54.470001220703125,52.20000076293945,16,-0.045499975010103055,1.0,8350.578007141114,0.1,0.0,egg
CMG,2011-11-09,2011-11-22,6.656799793243408,6.083799839019775,9,-0.08972578399214359,1.0,8391.002648180009,0.1,0.0,stop
CVLT,2011-12-08,2011-12-22,48.0,40.81999969482422,10,-0.15297821657862265,1.0,8272.512,0.1,0.0,stop
MANH,2011-12-08,2011-12-29,11.15250015258789,10.067500114440918,14,-0.10089124805806071,1.0,8280.530618293762,0.1,0.0,stop
VSAT,2011-12-08,2012-01-09,45.869998931884766,45.08000183105469,20,-0.021145786147070633,1.0,8273.113007354736,0.1,0.0,sma
LQDT,2011-12-27,2012-01-20,36.90999984741211,35.150001525878906,16,-0.0514851719522621,1.0,8358.343285446166,0.1,0.0,egg
OZK,2011-12-08,2012-01-27,13.539999961853027,14.210000038146973,33,0.04529346609773155,1.0,8275.918776683808,0.1,33.55,sma
OKE,2011-12-08,2012-01-31,35.475399017333984,36.68359375,35,0.029929282546794056,1.0,8282.299506980897,0.1,62.217757000000006,sma
V,2011-11-09,2012-02-10,23.282499313354492,27.947500228881836,63,0.19557324954947575,0.4986072423398329,8375.13408800125,0.1,9.845,strength
HALO,2011-12-27,2012-02-15,9.609999656677246,11.699999809265137,34,0.2126216066098643,0.4994246260069045,8367.791881055831,0.1,0.0,strength
BMRN,2012-01-20,2012-02-22,35.20000076293945,35.75,22,0.011570586857233112,1.0,8429.625782707215,0.1,0.0,sma
DG,2011-12-08,2012-02-23,39.9900016784668,41.380001068115234,51,0.030627899805403924,1.0,8254.416226455689,0.1,0.0,sma
PZZA,2011-12-08,2012-02-23,18.420000076293945,18.75,51,0.01385177107752722,1.0,8268.664354248047,0.1,0.0,sma
DY,2012-01-09,2012-03-01,21.149999618530273,21.399999618530273,36,0.007781128263571135,1.0,8243.804551311492,0.1,0.0,sma
LZB,2012-02-23,2012-03-07,14.760000228881836,13.420000076293945,9,-0.09441551392776948,1.0,8607.500773475647,0.1,0.0,stop
REGN,2012-02-23,2012-04-04,103.31999969482422,123.30000305175781,29,0.18861583268921445,0.4939759036144578,8592.711094619752,0.1,0.0,strength
STX,2012-03-01,2012-04-09,27.360000610351562,25.549999237060547,26,-0.06988294355176228,1.0,8608.222272033692,0.1,0.0,sma
URI,2012-02-22,2012-04-10,41.150001525878906,41.33000183105469,33,0.00036476980193222985,1.0,8700.015622604371,0.1,0.0,sma
HALO,2011-12-27,2012-04-11,9.609999656677246,10.729999542236328,72,0.11208799110629708,0.5005753739930955,8367.791881055831,0.1,0.0,sma
TCBI,2012-02-10,2012-04-11,32.380001068115234,33.20000076293945,41,0.021231153148904003,1.0,8662.75120575714,0.1,0.0,sma
ORLY,2011-12-30,2012-04-19,5.329999923706055,6.428667068481445,75,0.2013140372502229,0.4996801023672425,8347.451460514068,0.1,0.0,strength
ROST,2012-01-31,2012-04-27,25.40999984741211,30.75,61,0.2053225380912893,0.4984709480122324,8325.688090003967,0.1,11.410000000000002,strength
DLTR,2012-01-27,2012-04-30,42.31999969482422,51.04499816894531,64,0.20135222324642466,0.5,8311.309380065917,0.1,0.0,strength
V,2011-11-09,2012-05-04,23.282499313354492,29.05500030517578,121,0.24295127814763573,0.5013927576601671,8375.13408800125,0.1,19.8,sma
FICO,2012-03-07,2012-05-07,40.029998779296875,41.459999084472656,42,0.031588592689356654,1.0,8583.55257824707,0.1,0.0,sma
FUL,2012-04-11,2012-05-07,31.829999923706055,31.360000610351562,18,-0.018698992710528772,1.0,8706.969159130096,0.1,23.205000000000002,sma
LOW,2012-04-09,2012-05-09,31.09000015258789,30.389999389648438,22,-0.02641743717405598,1.0,9065.284424491882,0.1,40.74,sma
HII,2012-04-11,2012-05-10,39.02000045776367,37.29999923706055,21,-0.04789603770735973,1.0,8718.86302228546,0.1,0.0,sma
ORLY,2011-12-30,2012-05-18,5.329999923706055,6.331333160400391,96,0.18312541605820742,0.5003198976327575,8347.451460514068,0.1,0.0,sma
DLTR,2012-01-27,2012-05-18,42.31999969482422,47.61000061035156,78,0.12050900448080615,0.5,8311.309380065917,0.1,0.0,sma
REGN,2012-02-23,2012-05-21,103.31999969482422,120.38999938964844,61,0.16056330762548932,0.5060240963855421,8592.711094619752,0.1,0.0,sma
CVI,2012-05-18,2012-05-24,30.469999313354492,27.889999389648438,4,-0.08832744690739958,1.0,8670.78676460266,0.1,0.0,stop
ROP,2012-05-04,2012-05-29,100.7300033569336,101.45999908447266,16,0.0032261072197385943,1.0,9184.76316609192,0.1,0.0,egg
CCI,2012-05-07,2012-05-30,56.04999923706055,54.5099983215332,16,-0.031357818433009,1.0,9098.260076156615,0.1,0.0,egg
PM,2012-05-07,2012-05-30,88.27999877929688,84.94999694824219,16,-0.04156234284202909,1.0,9111.025554016112,0.1,0.0,egg
VRSK,2012-04-10,2012-06-04,46.34000015258789,46.5099983215332,38,-0.00033816329256075583,1.0,8961.507269508362,0.1,0.0,sma
AME,2012-05-09,2012-06-04,33.439998626708984,32.47999954223633,17,-0.03258552051547159,1.0,9046.85722846985,0.1,0.0,sma
MAR,2012-05-10,2012-06-04,39.2400016784668,36.7400016784668,16,-0.06744817941278303,1.0,8964.613823455811,0.1,29.64,egg
TOL,2012-05-30,2012-06-05,27.229999542236328,23.860000610351562,4,-0.1272584830544845,1.0,9003.871648635864,0.1,0.0,stop
BMRN,2012-05-18,2012-06-12,36.599998474121094,36.34000015258789,16,-0.011067437139599567,1.0,8691.548037643433,0.1,0.0,egg
PENN,2012-05-29,2012-06-20,10.332353591918945,10.210265159606934,16,-0.015760975698188906,1.0,8893.24271892929,0.1,0.0,egg
AAL,2012-05-21,2012-06-21,10.710000038146973,13.199999809265137,22,0.2275728433632047,0.4993788819875776,8638.793130769729,0.1,0.0,strength
EAT,2012-06-06,2012-06-28,31.530000686645508,30.389999389648438,16,-0.040003762523361686,1.0,8624.905567829132,0.1,43.68,egg
ROST,2012-01-31,2012-06-29,25.40999984741211,31.329999923706055,105,0.2280570740306107,0.5015290519877675,8325.688090003967,0.1,22.96,sma
AEIS,2012-05-30,2012-07-11,13.600000381469727,12.899999618530273,29,-0.05525718722983075,1.0,9007.579452655793,0.1,0.0,sma
EBAY,2012-06-06,2012-07-11,17.230640411376953,16.696128845214844,24,-0.034889172123871104,1.0,8632.550846099854,0.1,0.0,sma
CRUS,2012-06-12,2012-07-11,28.56999969482422,26.010000228881836,20,-0.09323877601118791,1.0,8588.14190826416,0.1,0.0,stop
SHW,2012-06-20,2012-07-13,43.503334045410156,43.17333221435547,16,-0.011547401450301531,1.0,9023.200527694702,0.1,0.0,egg
AAL,2012-05-21,2012-07-23,10.710000038146973,11.880000114440918,43,0.10481558563380955,0.5006211180124224,8638.793130769729,0.1,0.0,sma
RHP,2012-05-24,2012-07-24,34.5,35.900001525878906,41,0.03642574337779947,1.0,8745.957,0.1,0.0,sma
DLTR,2012-06-29,2012-07-24,53.79999923706055,50.720001220703125,16,-0.06101251148103237,1.0,8786.938675392152,0.1,0.0,egg
TDG,2012-07-13,2012-07-25,130.8300018310547,120.0999984741211,8,-0.08567946427977502,1.0,8652.049681091308,0.1,0.0,stop
FISV,2012-06-28,2012-08-02,17.452499389648438,17.297500610351562,24,-0.012837741628794141,1.0,8848.626620544434,0.1,0.0,sma
HCA,2012-07-11,2012-08-02,27.90999984741211,26.229999542236328,16,-0.06394521289673805,1.0,8697.369972450257,0.1,0.0,egg
MATX,2012-07-11,2012-08-02,24.950000762939453,24.420000076293945,16,-0.025149727362824614,1.0,8699.965466033935,0.1,52.199999999999996,egg
MO,2012-07-26,2012-08-17,35.630001068115234,35.369998931884766,16,-0.01126016628486659,1.0,8354.095090438843,0.1,0.0,egg
TCBI,2012-06-06,2012-09-04,38.06999969482422,46.099998474121094,62,0.20609316816798273,0.5,8621.027570892335,0.1,0.0,strength
PHM,2012-08-02,2012-09-06,11.569999694824219,14.130000114440918,24,0.21638662917606433,0.5,8509.364535552979,0.1,0.0,strength
SWKS,2012-08-02,2012-09-21,27.8700008392334,24.81999969482422,35,-0.11299185090390096,1.0,8489.425215637208,0.1,0.0,stop
COF,2012-07-24,2012-09-26,55.0,55.93000030517578,45,0.012849579106612774,1.0,8431.83,0.1,7.65,sma
DIS,2012-06-06,2012-10-12,45.529998779296875,50.54999923706055,90,0.1058248228158225,1.0,8622.380108825684,0.1,0.0,sma
URBN,2012-09-21,2012-10-15,38.75,36.72999954223633,16,-0.0559129600630518,1.0,9085.635,0.1,0.0,egg
TCBI,2012-06-06,2012-10-24,38.06999969482422,47.2400016784668,98,0.23591855042309962,0.5,8621.027570892335,0.1,0.0,sma
MTH,2012-09-04,2012-10-26,18.674999237060547,17.985000610351562,38,-0.04079223922105246,1.0,8850.941188407898,0.1,0.0,sma
WMT,2012-07-24,2012-11-02,24.046667098999023,24.48666763305664,70,0.014232715263731155,1.0,8409.07139118576,0.1,46.300783,sma
CVI,2012-10-12,2012-11-07,38.08000183105469,37.220001220703125,16,-0.026485908641250555,1.0,9119.322678497314,0.1,0.0,egg
MTN,2012-08-17,2012-11-08,50.790000915527344,55.22999954223633,56,0.08307776157826852,1.0,8753.351917785645,0.1,32.336,sma
PMT,2012-10-15,2012-11-14,24.1200008392334,23.59000015258789,20,-0.02587779113697175,1.0,9087.258556182862,0.1,0.0,sma
PHM,2012-08-02,2012-11-15,11.569999694824219,15.229999542236328,72,0.3110805134814292,0.5,8509.364535552979,0.1,0.0,sma
PPG,2012-08-02,2012-11-15,53.81999969482422,58.130001068115234,72,0.07577007625281906,1.0,8466.639431991578,0.1,92.63,sma
AROC,2012-09-26,2012-11-15,19.649999618530273,19.719999313354492,34,-0.0004439113228619229,1.0,9096.456423408508,0.1,0.0,sma
STZ,2012-10-24,2012-11-19,35.0,34.5,16,-0.01822070145423449,1.0,9083.13,0.1,0.0,egg
AMGN,2012-10-26,2012-11-21,87.62999725341797,86.62000274658203,16,-0.015471676177658988,1.0,9043.941496536256,0.1,37.08,egg
DVA,2012-11-08,2012-12-03,55.90999984741211,54.064998626708984,16,-0.03685976684240122,1.0,9075.534815231324,0.1,0.0,egg
SBAC,2012-07-11,2012-12-03,56.77000045776367,69.13999938964844,99,0.21303489259766994,0.49673202614379086,8703.181690177917,0.1,0.0,strength
MAS,2012-11-20,2012-12-13,14.332161903381348,14.244288444519043,16,-0.010098747611299586,1.0,8874.990608402251,0.1,0.0,egg
LAMR,2012-11-21,2012-12-14,40.220001220703125,39.560001373291016,16,-0.020336250118508037,1.0,8866.097069091797,0.1,0.0,egg
AAL,2012-11-20,2013-01-09,12.489999771118164,15.119999885559082,33,0.20573585913129255,0.4992947813822285,8873.120657398224,0.1,0.0,strength
SBAC,2012-07-11,2013-02-01,56.77000045776367,69.76000213623047,140,0.2239126040779944,0.5032679738562091,8703.181690177917,0.1,0.0,sma
MIDD,2012-11-08,2013-02-06,32.87476348876953,39.35639572143555,60,0.19238224708935614,0.49818181818181817,9058.641079330444,0.1,0.0,strength
AAL,2012-11-20,2013-02-21,12.489999771118164,13.619999885559082,62,0.08611920553433627,0.5007052186177715,8873.120657398224,0.1,0.0,sma
PPG,2012-12-03,2013-02-21,60.470001220703125,65.32499694824219,54,0.07597514807118988,1.0,8906.868359802245,0.1,43.364999999999995,sma
RVTY,2012-12-14,2013-02-21,31.43000030517578,33.27000045776367,45,0.05431707804412156,1.0,8975.465187149048,0.1,19.950000000000003,sma
VAC,2012-12-13,2013-02-22,39.900001525878906,40.38999938964844,47,0.00823960723517092,1.0,8995.455344009399,0.1,0.0,sma
BMRN,2012-12-03,2013-03-04,48.689998626708984,59.540000915527344,61,0.21795682796761517,0.4972677595628415,8928.09028818512,0.1,0.0,strength
PKG,2012-11-02,2013-03-08,35.900001525878906,43.4900016784668,85,0.20658459766610715,0.4980392156862745,9172.809389877319,0.1,31.75,strength
LII,2012-11-20,2013-03-08,51.060001373291016,61.939998626708984,73,0.20823994327975415,0.49710982658959535,8851.046998054504,0.1,17.2,strength
VLO,2013-02-21,2013-03-15,41.617916107177734,40.12797164916992,16,-0.03964965370557605,1.0,9841.471857696533,0.1,0.0,egg
CI,2012-11-20,2013-03-15,51.849998474121094,62.029998779296875,78,0.19155980427862884,0.49707602339181284,8884.082438552856,0.1,3.4,strength
ECHO,2013-02-22,2013-03-18,31.085899353027344,30.777957916259766,16,-0.013858615809734687,1.0,9687.050128189087,0.1,0.0,egg
CVI,2013-02-01,2013-03-19,53.58000183105469,53.38999938964844,31,-0.007524004436875398,1.0,9824.750615753173,0.1,0.0,sma
MPC,2013-02-21,2013-04-04,40.29499816894531,40.58000183105469,29,0.003052677811275828,1.0,9811.267924163818,0.1,0.0,sma
EVR,2013-02-21,2013-04-04,38.66999816894531,38.720001220703125,29,-0.0027041069653492844,1.0,9841.823893981933,0.1,0.0,sma
LPX,2013-03-18,2013-04-04,21.649999618530273,19.760000228881836,12,-0.0909414162024238,1.0,10239.237419586181,0.1,0.0,stop
MIDD,2012-11-08,2013-04-09,32.87476348876953,39.42075729370117,102,0.19433221213969953,0.5018181818181818,9058.641079330444,0.1,0.0,sma
AEIS,2013-03-19,2013-04-11,18.950000762939453,18.299999237060547,16,-0.038155957041589694,1.0,10196.502710517883,0.1,0.0,egg
LII,2012-11-20,2013-04-16,51.060001373291016,60.27000045776367,99,0.17566392555840893,0.5028901734104047,8851.046998054504,0.1,34.800000000000004,sma
APO,2013-03-15,2013-04-16,23.469999313354492,23.540000915527344,21,-0.0010213233093931962,1.0,10229.868600711823,0.1,0.0,sma
RDN,2013-04-04,2013-05-07,10.220000267028809,12.869999885559082,23,0.25426832735627913,0.4994797086368366,9841.063097127915,0.1,0.0,strength
WT,2013-04-04,2013-05-07,10.3100004196167,12.539999961853027,23,0.21143933786863367,0.5,9834.750640274047,0.1,0.0,strength
BMRN,2012-12-03,2013-05-21,48.689998626708984,63.369998931884766,116,0.2963036899662086,0.5027322404371585,8928.09028818512,0.1,0.0,sma
HRL,2013-04-09,2013-05-30,20.09000015258789,20.420000076293945,36,0.012368489569255292,1.0,10044.95989629364,0.1,42.415000000000006,sma
FLO,2013-04-11,2013-06-06,21.15999984741211,21.440000534057617,39,0.009187706217399949,1.0,10240.72048615265,0.1,54.418161000000005,sma
SIG,2013-04-16,2013-06-06,66.9800033569336,66.81999969482422,36,-0.00637130705418143,1.0,9798.63865109253,0.1,21.9,sma
LUV,2013-04-04,2013-06-07,12.800000190734863,13.649999618530273,45,0.06214909371095101,1.0,9837.235346586227,0.1,30.68,sma
NXST,2013-05-21,2013-06-13,27.5,28.0,16,0.014117220105243966,1.0,10884.225,0.1,0.0,egg
RDN,2013-04-04,2013-06-21,10.220000267028809,12.109999656677246,55,0.18020117705741967,0.5005202913631633,9841.063097127915,0.1,1.443,sma
WT,2013-04-04,2013-06-21,10.3100004196167,10.760000228881836,55,0.039480669250079536,0.5,9834.750640274047,0.1,0.0,sma
PBH,2013-04-16,2013-06-21,26.940000534057617,27.969999313354492,47,0.0340884215740922,1.0,9852.766395320892,0.1,0.0,sma
BDC,2013-05-30,2013-06-21,53.9900016784668,50.45000076293945,16,-0.06929798125296305,1.0,10765.498354682923,0.1,9.950000000000001,egg
MTG,2013-06-07,2013-06-25,6.119999885559082,5.670000076293945,12,-0.07722786747494348,1.0,10535.188122997284,0.1,0.0,stop
MS,2013-06-06,2013-06-28,25.40999984741211,24.770000457763672,16,-0.02907837982848438,1.0,10413.475317466737,0.1,0.0,egg
UHS,2013-06-06,2013-06-28,68.81999969482422,66.66999816894531,16,-0.0351082422823934,1.0,10412.603593826294,0.1,0.0,egg
GNW,2013-06-21,2013-07-23,10.979999542236328,13.699999809265137,21,0.24274223680749785,0.4994640943193998,10264.828252052308,0.1,0.0,strength
CRI,2013-06-21,2013-07-30,73.1500015258789,71.63999938964844,26,-0.024552154754373445,1.0,10261.482214050293,0.1,0.0,sma
CGNX,2013-06-21,2013-08-02,11.267499923706055,13.892499923706055,29,0.2280488960165954,0.5,10273.931780433655,0.1,0.0,strength
PODD,2013-06-21,2013-08-07,30.84000015258789,30.6299991607666,32,-0.010774203499638091,1.0,10259.357810760497,0.1,0.0,sma
RMBS,2013-07-30,2013-08-13,9.8100004196167,8.789999961853027,10,-0.1075525211865277,1.0,10950.19714838791,0.1,0.0,stop
VFC,2013-06-25,2013-08-16,44.30555725097656,45.20009231567383,37,0.0161175170502883,1.0,10077.476218963622,0.1,0.0,sma
CIEN,2013-08-13,2013-08-16,23.079999923706055,21.15999984741211,3,-0.0868488362302896,1.0,11031.178283535004,0.1,0.0,stop
GNW,2013-06-21,2013-08-20,10.979999542236328,12.020000457763672,41,0.09034762505661909,0.5005359056806002,10264.828252052308,0.1,0.0,sma
HCI,2013-08-07,2013-08-20,35.810001373291016,31.799999237060547,9,-0.11552493946718445,1.0,11087.421005195618,0.1,69.525,stop
HPQ,2013-06-28,2013-08-22,11.262489318847656,10.535876274108887,38,-0.06825066903958732,1.0,10382.213153686524,0.1,0.0,sma
ENS,2013-06-13,2013-08-28,50.0099983215332,51.27000045776367,53,0.02110240974085431,1.0,10472.99382849884,0.1,0.0,sma
RAMP,2013-06-28,2013-09-04,22.68000030517578,24.75,46,0.08691346001281985,1.0,10385.489659744262,0.1,0.0,sma
SLM,2013-08-16,2013-09-10,8.870621681213379,8.85632610321045,16,-0.005597146965525379,1.0,10692.700598264693,0.1,64.49283,egg
CACI,2013-08-16,2013-09-10,68.80000305175781,67.5199966430664,16,-0.022522489022106962,1.0,10685.328473968506,0.1,0.0,egg
MU,2013-08-22,2013-09-18,13.859999656677246,16.8799991607666,18,0.21303133845867084,0.4993412384716733,10540.779218896865,0.1,0.0,strength
CI,2012-11-20,2013-09-20,51.849998474121094,77.83999633789062,209,0.49526056144922426,0.5029239766081871,8884.082438552856,0.1,3.44,sma
HUM,2013-08-20,2013-10-01,91.69000244140625,93.66000366210938,29,0.017407666572318625,1.0,10473.565598876954,0.1,30.78,sma
PCRX,2013-09-10,2013-10-02,37.25,51.119998931884766,16,0.3668705256338596,0.5,10824.105,0.1,0.0,strength
LMT,2013-09-04,2013-10-04,124.2699966430664,123.1500015258789,22,-0.012968632278753778,1.0,10459.557077453614,0.1,0.0,sma
CPRI,2013-09-10,2013-10-09,73.20999908447266,72.47000122070312,21,-0.014059544853436523,1.0,10783.393605148316,0.1,0.0,sma
CGNX,2013-06-21,2013-10-10,11.267499923706055,14.954999923706055,77,0.32197021753419564,0.5,10273.931780433655,0.1,0.0,sma
CIEN,2013-10-01,2013-10-28,25.649999618530273,24.200000762939453,19,-0.060296517273486394,1.0,11437.078329906464,0.1,0.0,sma
STZ,2013-08-28,2013-10-30,54.59000015258789,65.66999816894531,44,0.1981652739477313,0.4973544973544973,10338.14504889679,0.1,0.0,strength
BLKB,2013-08-20,2013-10-31,35.029998779296875,35.209999084472656,51,0.0011259328566795013,1.0,10530.017633056641,0.1,36.0,sma
INCY,2013-09-20,2013-11-08,35.65999984741211,36.970001220703125,35,0.032597210966140544,1.0,11255.365751838684,0.1,0.0,sma
TDS,2013-10-04,2013-11-08,29.209999084472656,29.290000915527344,25,-0.001264098646423073,1.0,11648.830794891357,0.1,0.0,sma
HALO,2013-10-10,2013-11-11,10.260000228881836,13.050000190734863,22,0.2668522506462714,0.5,11288.01121181488,0.1,0.0,strength
GGG,2013-10-28,2013-12-03,25.573333740234375,24.989999771118164,25,-0.026711200588201867,1.0,12017.881311218262,0.1,0.0,sma
AXON,2013-11-08,2013-12-03,16.8700008392334,16.489999771118164,16,-0.026427349634629005,1.0,11443.832549297333,0.1,0.0,egg
BC,2013-11-08,2013-12-03,45.040000915527344,44.81999969482422,16,-0.008857090742996676,1.0,11417.910472091675,0.1,25.3,egg
LDOS,2013-11-01,2013-12-04,47.40999984741211,41.279998779296875,22,-0.13277349720867915,1.0,11781.19532208252,0.1,0.0,stop
PKG,2012-11-02,2013-12-06,35.900001525878906,61.11000061035156,275,0.6954330341248229,0.5019607843137255,9172.809389877319,0.1,174.464,sma
PCRX,2013-09-10,2013-12-09,37.25,51.97999954223633,63,0.3898656256119133,0.5,10824.105,0.1,0.0,sma
NXST,2013-10-09,2013-12-13,41.75,51.66999816894531,46,0.2326642086511388,0.4981549815498155,11336.8785,0.1,16.2,strength
PRGO,2013-12-04,2013-12-27,154.88999938964844,152.5,16,-0.019360719456356423,1.0,11950.383012908935,0.1,0.77,egg
STZ,2013-08-28,2014-01-07,54.59000015258789,69.0,90,0.2589219766643587,0.5026455026455027,10338.14504889679,0.1,0.0,sma
INCY,2013-12-06,2014-01-10,46.59000015258789,57.290000915527344,23,0.22475419897358884,0.5,11950.894119140625,0.1,0.0,strength
PEGA,2013-12-09,2014-01-14,12.192500114440918,11.574999809265137,24,-0.05443575009350232,1.0,12106.933148637772,0.1,7.4325,sma
NXST,2013-10-09,2014-01-15,41.75,49.04999923706055,67,0.17016026004485463,0.5018450184501845,11336.8785,0.1,16.32,sma
PLXS,2013-12-03,2014-01-17,39.75,40.33000183105469,31,0.01054097659756148,1.0,12227.6565,0.1,0.0,sma
GNRC,2014-01-08,2014-01-21,54.9900016784668,50.02000045776367,8,-0.09401130575483219,1.0,12507.695841773986,0.1,0.0,stop
AAL,2013-12-27,2014-01-22,24.940000534057617,30.709999084472656,16,0.22643959995023288,0.49899799599198397,12469.95038702774,0.1,0.0,strength
CTSH,2013-12-03,2014-01-28,46.92499923706055,48.1150016784668,37,0.02126641667826057,1.0,12224.900801239013,0.1,0.0,sma
TPC,2014-01-15,2014-01-30,25.459999084472656,23.190000534057617,10,-0.0927955022703546,1.0,12959.546893981933,0.1,0.0,stop
HALO,2013-10-10,2014-02-04,10.260000228881836,14.140000343322754,79,0.3726659768017029,0.5,11288.01121181488,0.1,0.0,sma
BCO,2014-01-14,2014-02-04,34.31999969482422,30.270000457763672,14,-0.12152790207833941,1.0,12758.185326553345,0.1,37.1,stop
TT,2014-01-21,2014-02-04,48.15360641479492,44.05740737915039,10,-0.0887176938029095,1.0,12786.227111320495,0.1,0.0,stop
CMCSA,2014-01-30,2014-02-24,25.393627166748047,24.236175537109375,16,-0.049390456162557994,1.0,12493.207480751038,0.1,0.0,egg
LUV,2013-12-03,2014-02-25,18.280000686645508,22.18000030517578,56,0.20850418818226957,0.4992526158445441,12253.779100284577,0.1,13.36,strength
EPAM,2014-02-24,2014-03-04,42.880001068115234,35.279998779296875,6,-0.1805233305615409,1.0,12889.72832107544,0.1,0.0,stop
INCY,2013-12-06,2014-03-17,46.59000015258789,63.04999923706055,67,0.3478923036627546,0.5,11950.894119140625,0.1,0.0,sma
MU,2013-08-22,2014-03-24,13.859999656677246,23.809999465942383,146,0.7110353647411343,0.5006587615283268,10540.779218896865,0.1,0.0,sma
SBAC,2014-02-04,2014-03-24,91.62000274658203,92.2300033569336,33,0.002639346834391265,1.0,12209.831286026001,0.1,0.0,sma
BIIB,2014-02-04,2014-03-24,308.17999267578125,320.20001220703125,33,0.034855526720860563,1.0,12043.05775378418,0.1,0.0,sma
JAZZ,2014-03-04,2014-03-24,160.72000122070312,144.6300048828125,14,-0.1037043398472609,1.0,12561.232415405273,0.1,0.0,stop
UAA,2014-03-24,2014-04-07,29.65999984741211,26.25,10,-0.11850270683263198,1.0,12927.904133491516,0.1,0.0,stop
AVGO,2014-01-28,2014-04-08,5.4720001220703125,6.061999797821045,49,0.10339913434529713,1.0,12473.69787826538,0.1,61.425,sma
PZZA,2014-03-24,2014-04-08,52.88999938964844,48.61000061035156,11,-0.08459161901250944,1.0,12930.970170776367,0.1,0.0,stop
FSLR,2014-03-17,2014-04-08,56.52000045776367,68.70999908447266,16,0.21082284353664327,0.4977578475336323,12629.168022285461,0.1,0.0,strength
AAL,2013-12-27,2014-04-09,24.940000534057617,36.08000183105469,70,0.4408969173253956,0.501002004008016,12469.95038702774,0.1,0.0,sma
MRVL,2014-01-24,2014-04-11,14.760000228881836,15.239999771118164,54,0.028398456185422916,1.0,12940.83020067215,0.1,52.5,sma
HOPE,2014-03-24,2014-04-11,17.68000030517578,15.619999885559082,14,-0.12004274162595407,1.0,12932.213023223878,0.1,0.0,stop
RBA,2014-04-11,2014-05-06,24.0,23.229999542236328,16,-0.03594729111976658,1.0,12384.72,0.1,0.0,egg
CALM,2014-04-11,2014-05-06,30.344999313354492,29.459999084472656,16,-0.03304020558026388,1.0,12375.115549976348,0.1,120.26849999999999,egg
FSLR,2014-03-17,2014-05-08,56.52000045776367,64.11000061035156,37,0.12976065015992688,0.5022421524663677,12629.168022285461,0.1,0.0,sma
AA,2014-02-04,2014-05-13,27.51435089111328,33.353641510009766,68,0.20738785995632703,0.5,12240.804539245606,0.1,32.00796,strength
REX,2014-04-08,2014-05-16,9.661666870117188,9.601667404174805,27,-0.010177278606449569,1.0,12449.753402160644,0.1,0.0,sma
THRM,2014-04-09,2014-05-23,35.029998779296875,42.11000061035156,31,0.1973136819030663,0.5,12565.821042114258,0.1,0.0,strength
CRK,2014-05-06,2014-05-29,133.89999389648438,132.4499969482422,16,-0.014777741159266111,1.0,13014.276006774902,0.1,0.0,egg
RMBS,2014-05-06,2014-05-29,11.970000267028809,11.970000267028809,16,-0.003992015968063867,1.0,13073.394891643524,0.1,0.0,egg
FANG,2014-03-24,2014-06-04,64.13999938964844,78.36000061035156,50,0.2168254907912206,0.4975124378109453,12917.924157073974,0.1,0.0,strength
TPC,2014-05-14,2014-06-19,30.469999313354492,30.079999923706055,25,-0.01674037548926599,1.0,12914.587328968048,0.1,0.0,sma
ORCL,2014-05-29,2014-06-23,42.20000076293945,40.93000030517578,17,-0.03396667409100185,1.0,12939.02663392639,0.1,0.0,sma
CENX,2014-05-16,2014-07-10,14.0,16.479999542236328,37,0.17244365149357388,0.4994438264738598,12611.172,0.1,0.0,strength
NPO,2014-06-19,2014-07-14,73.9000015258789,72.70999908447266,16,-0.02003060741847218,1.0,13550.74767979431,0.1,0.0,egg
PBI,2014-04-08,2014-07-18,25.790000915527344,27.239999771118164,70,0.05200683574721898,1.0,12455.642002166747,0.1,90.616,sma
LAZ,2014-05-29,2014-07-18,50.290000915527344,51.06999969482422,35,0.011456084997768068,1.0,12950.379295761108,0.1,0.0,sma
BKR,2014-04-07,2014-07-31,63.45000076293945,70.13999938964844,80,0.10102440586398753,1.0,12651.8032521286,0.1,63.68,sma
THRM,2014-04-09,2014-07-31,35.029998779296875,42.150001525878906,78,0.1984510279670737,0.5,12565.821042114258,0.1,0.0,sma
IRDM,2014-06-23,2014-07-31,8.220000267028809,7.909999847412109,27,-0.04155441048889619,1.0,13606.599322013855,0.1,0.0,sma
FANG,2014-03-24,2014-08-01,64.13999938964844,82.33000183105469,91,0.2784742739228745,0.5024875621890548,12917.924157073974,0.1,0.0,sma
LLY,2014-07-28,2014-08-19,63.38999938964844,61.88999938964844,16,-0.02756059130223365,1.0,13910.174686065673,0.1,107.31,egg
REX,2014-07-31,2014-08-29,14.058333396911621,18.086666107177734,21,0.2814082109637772,0.499486125385406,13706.115911985398,0.1,0.0,strength
RGLD,2014-08-19,2014-09-09,79.52999877929688,70.97000122070312,14,-0.11119465701566678,1.0,14184.652462280274,0.1,0.0,stop
REX,2014-07-31,2014-09-15,14.058333396911621,14.831666946411133,31,0.05079729424921142,0.5005138746145941,13706.115911985398,0.1,0.0,sma
AA,2014-02-04,2014-09-16,27.51435089111328,38.6162109375,155,0.397890670182375,0.5,12240.804539245606,0.1,48.01194,sma
RUSHA,2014-07-31,2014-09-16,15.657777786254883,15.408888816833496,32,-0.019824109389315225,1.0,13712.267580757141,0.1,0.0,sma
WLK,2014-07-14,2014-09-26,84.6500015258789,90.31999969482422,53,0.06272225862045455,1.0,13655.907546157838,0.1,26.565,sma
BNY,2014-08-01,2014-09-26,38.72999954223633,38.779998779296875,39,-0.0027062003239531895,1.0,13504.995920379639,0.1,0.0,sma
GPK,2014-07-31,2014-10-01,12.0,12.4399995803833,43,0.032528241951308434,1.0,13707.36,0.1,0.0,sma
UAA,2014-09-09,2014-10-01,35.29999923706055,34.45000076293945,16,-0.02797516851586168,1.0,14714.169281982422,0.1,0.0,egg
GBX,2014-09-16,2014-10-02,71.72000122070312,65.55999755859375,12,-0.08953876338440137,1.0,14372.688244628906,0.1,0.0,stop
CENX,2014-05-16,2014-10-03,14.0,23.600000381469727,97,0.6789849145071847,0.5005561735261401,12611.172,0.1,0.0,sma
UHS,2014-09-16,2014-10-08,112.06999969482422,105.72000122070312,16,-0.06042682631907448,1.0,14373.649880859375,0.1,0.0,egg
LUV,2013-12-03,2014-10-10,18.280000686645508,31.139999389648438,215,0.6967005935343338,0.5007473841554559,12253.779100284577,0.1,67.0,sma
NSC,2014-07-28,2014-10-10,105.33000183105469,105.48999786376953,53,-0.002479082110405595,1.0,13825.8267003479,0.1,74.66999999999999,sma
LRCX,2014-09-15,2014-10-13,7.2129998207092285,6.771999835968018,20,-0.06488755411837799,1.0,14505.443621443748,0.1,0.0,stop
UNP,2014-09-26,2014-10-14,108.58000183105469,98.55000305175781,12,-0.09599752983381382,1.0,14143.631038513184,0.1,0.0,stop
PANW,2014-10-08,2014-10-14,17.040000915527344,15.119999885559082,4,-0.11621832186311531,1.0,13727.561057556153,0.1,0.0,stop
LLY,2014-09-26,2014-10-20,65.4800033569336,62.630001068115234,16,-0.047343037480676475,1.0,14171.968086547851,0.1,0.0,egg
STRA,2014-10-01,2014-11-03,60.08000183105469,73.94999694824219,23,0.2259451587019623,0.5,14207.238192993163,0.1,0.0,strength
EW,2014-10-01,2014-11-11,17.231666564941406,20.829999923706055,29,0.2039953392323779,0.5,14227.291036010742,0.1,0.0,strength
GILD,2014-11-07,2014-12-02,106.44999694824219,101.16999816894531,16,-0.05339475049717379,1.0,14186.165293304444,0.1,0.0,egg
XPO,2014-11-10,2014-12-03,13.356879234313965,13.177035331726074,16,-0.017402780542233542,1.0,14146.4577933712,0.1,0.0,egg
CENX,2014-11-11,2014-12-04,27.440000534057617,27.100000381469727,16,-0.016333228065684158,1.0,14214.853236660003,0.1,0.0,egg
EHC,2014-11-06,2014-12-11,31.99681854248047,30.70008087158203,24,-0.04435731265201659,1.0,14074.696546829224,0.1,0.0,sma
STRA,2014-10-01,2014-12-16,60.08000183105469,69.4000015258789,53,0.1505152048093823,0.5,14207.238192993163,0.1,0.0,sma
VRTX,2014-10-02,2014-12-17,104.80000305175781,110.37000274658203,53,0.048944663474211225,1.0,13756.258000579834,0.1,0.0,sma
REGN,2014-11-06,2014-12-24,376.94000244140625,392.6000061035156,33,0.037387218330250827,1.0,13974.673650512696,0.1,0.0,sma
CSX,2014-12-03,2014-12-26,12.420000076293945,12.239999771118164,16,-0.018426938671925908,1.0,14436.014488677978,0.1,0.0,egg
FISV,2014-10-03,2015-01-07,32.56999969482422,35.13999938964844,65,0.07459994715717166,1.0,13804.664090652466,0.1,0.0,sma
EW,2014-10-01,2015-01-21,17.231666564941406,21.399999618530273,76,0.23694190564840567,0.5,14227.291036010742,0.1,0.0,sma
ANIP,2014-12-04,2015-01-22,53.45000076293945,53.619998931884766,32,-0.0008242043474185889,1.0,14406.806305641174,0.1,0.0,sma
NCLH,2014-12-11,2015-01-30,43.72999954223633,44.0,33,0.002157597899760555,1.0,13977.769593681336,0.1,0.0,sma
AAL,2014-12-16,2015-02-02,47.959999084472656,48.58000183105469,31,0.008883874305198436,1.0,13792.04877671814,0.1,0.0,sma
ACAD,2014-12-26,2015-02-02,31.729999542236328,31.469999313354492,24,-0.012153450180243164,1.0,14497.817550842285,0.1,0.0,sma
PTCT,2014-12-24,2015-02-04,51.65999984741211,50.0099983215332,27,-0.03580414717778935,1.0,14390.202917495728,0.1,0.0,sma
AXON,2015-01-22,2015-02-13,27.440000534057617,27.3700008392334,16,-0.006532841535402678,1.0,14682.266205757142,0.1,0.0,egg
SWKS,2014-12-17,2015-02-24,70.81999969482422,86.0,45,0.20949854555007308,0.5,13766.55810067749,0.1,12.610000000000001,strength
MNST,2014-12-02,2015-03-02,18.26333236694336,23.696666717529297,60,0.29231997597124115,0.5,14273.890044708252,0.1,0.0,strength
CTAS,2014-11-05,2015-03-03,17.602500915527344,21.037500381469727,79,0.1903716661951962,0.5,14074.889322052002,0.1,0.0,strength
LULU,2015-02-09,2015-03-09,65.43000030517578,62.29999923706055,19,-0.051638447869802095,1.0,14226.70668635559,0.1,0.0,sma
KRC,2015-02-09,2015-03-09,74.3499984741211,72.55999755859375,19,-0.027971239100264222,1.0,14229.251407974243,0.1,0.0,sma
SNX,2015-02-09,2015-03-10,38.709999084472656,36.900001525878906,20,-0.05056323947813657,1.0,14273.77022241211,0.1,0.0,sma
BYD,2015-02-13,2015-03-26,14.359999656677246,13.699999809265137,28,-0.04976953220753355,1.0,14590.161731174469,0.1,0.0,sma
SHW,2015-02-09,2015-03-27,91.46333312988281,93.46333312988281,33,0.017787378024008538,1.0,14205.1702684021,0.1,34.616615,sma
TEL,2015-03-09,2015-03-31,72.12999725341797,71.62999725341797,16,-0.010896272324352196,1.0,14599.39996408081,0.1,0.0,egg
CTAS,2014-11-05,2015-04-01,17.602500915527344,20.447500228881836,100,0.1569874973559131,0.5,14074.889322052002,0.1,0.0,sma
SBH,2015-03-09,2015-04-10,33.31999969482422,33.130001068115234,23,-0.009671492285305616,1.0,14623.348186065674,0.1,0.0,sma
EXLS,2015-04-01,2015-04-14,7.302000045776367,6.682000160217285,8,-0.08856128907741179,1.0,15035.621314258575,0.1,0.0,stop
VAC,2015-01-21,2015-04-20,75.19999694824219,78.2699966430664,61,0.03666947779669094,1.0,14693.327403717041,0.1,48.75,sma
MTSI,2015-02-24,2015-04-20,34.790000915527344,34.939998626708984,38,0.00030229026912720336,1.0,14675.883566207885,0.1,0.0,sma
FISV,2015-03-31,2015-04-23,39.70000076293945,39.29999923706055,16,-0.01402739898428429,1.0,15036.613488967896,0.1,0.0,egg
KSS,2015-03-27,2015-04-28,75.30999755859375,72.69999694824219,21,-0.03851042694285933,1.0,14714.820422973633,0.1,0.0,sma
SWKS,2014-12-17,2015-05-01,70.81999969482422,95.87000274658203,92,0.3483096381845636,0.5,13766.55810067749,0.1,12.610000000000001,sma
CACC,2015-03-10,2015-05-01,189.32000732421875,236.49000549316406,37,0.24416820463969868,0.4935064935064935,14606.795845092773,0.1,0.0,strength
COLM,2015-03-26,2015-05-04,59.130001068115234,58.52000045776367,26,-0.014267095744819214,1.0,14812.065267562866,0.1,0.0,sma
DCH,2015-04-10,2015-05-04,25.56999969482422,24.200000762939453,16,-0.0573565013242624,1.0,14860.261022644043,0.1,0.0,egg
MMS,2015-04-14,2015-05-06,67.0199966430664,64.02999877929688,16,-0.048427436644274624,1.0,14706.734023361207,0.1,0.0,egg
MNST,2014-12-02,2015-05-11,18.26333236694336,21.540000915527344,109,0.1747041808619889,0.5,14273.890044708252,0.1,0.0,sma
LULU,2015-04-20,2015-05-12,66.19000244140625,65.52999877929688,16,-0.013923559897725868,1.0,14391.956990844727,0.1,0.0,egg
UNH,2015-04-20,2015-05-12,118.58000183105469,114.2300033569336,16,-0.04052965421944643,1.0,14376.876582000732,0.1,0.0,egg
DY,2015-04-28,2015-05-20,49.029998779296875,53.41999816894531,16,0.08518755879936335,1.0,14591.033456726074,0.1,0.0,egg
CRUS,2015-05-01,2015-06-09,35.79999923706055,34.970001220703125,26,-0.02708376648874178,1.0,14384.511293449403,0.1,0.0,sma
JBL,2015-04-23,2015-06-10,23.93000030517578,23.850000381469727,33,-0.007321751100409224,1.0,14650.472646835327,0.1,48.88,sma
IBKR,2015-05-06,2015-06-24,8.595000267028809,10.4350004196167,34,0.20923134478362204,0.4996971532404603,14218.726131746293,0.1,20.625,strength
INCY,2015-05-04,2015-06-26,101.0,104.86000061035156,38,0.03407324567825598,1.0,14269.482,0.1,0.0,sma
APOG,2015-05-12,2015-06-29,54.5,52.650001525878906,33,-0.03780143341157782,1.0,14416.776,0.1,29.04,sma
CTAS,2015-06-10,2015-07-02,21.594999313354492,21.417499542236328,16,-0.012178688569076779,1.0,14908.712435955047,0.1,0.0,egg
RVTY,2015-05-04,2015-07-06,52.060001373291016,51.93000030517578,43,-0.0064791865089752765,1.0,14345.133378410339,0.1,0.0,sma
RNG,2015-05-11,2015-07-07,17.09000015258789,17.59000015258789,39,0.025148065223834504,1.0,14384.311328430176,0.1,0.0,sma
FTNT,2015-05-20,2015-07-07,7.757999897003174,8.128000259399414,32,0.04351034545678223,1.0,14699.718560843468,0.1,0.0,sma
ACIW,2015-06-09,2015-07-07,24.40999984741211,23.8700008392334,19,-0.026025745049481408,1.0,14944.338926582337,0.1,0.0,sma
CACC,2015-03-10,2015-07-16,189.32000732421875,231.5800018310547,89,0.21833679401275985,0.5064935064935064,14606.795845092773,0.1,0.0,sma
PNFP,2015-06-29,2015-07-28,53.59000015258789,52.58000183105469,20,-0.022763547769549475,1.0,15357.393523727416,0.1,0.0,sma
TDG,2015-07-07,2015-07-29,227.6199951171875,219.25999450683594,16,-0.040573280940568446,1.0,15281.040752197267,0.1,0.0,egg
MTD,2015-07-07,2015-07-29,345.2799987792969,334.6600036621094,16,-0.03462686294586448,1.0,15222.70458618164,0.1,0.0,egg
IBKR,2015-05-06,2015-08-03,8.595000267028809,10.079999923706055,61,0.16809308797417488,0.5003028467595396,14218.726131746293,0.1,20.650000000000002,sma
EPAM,2015-07-02,2015-08-06,73.75,70.08999633789062,24,-0.05342107181954936,1.0,15370.68,0.1,0.0,sma
UVV,2015-07-16,2015-08-10,57.56999969482422,50.5,17,-0.12630878130550327,1.0,15459.617438049316,0.1,0.0,stop
DRI,2015-07-29,2015-08-20,65.41560363769531,64.42337036132812,16,-0.019099608198771323,1.0,15010.133579498292,0.1,0.0,egg
INTU,2015-07-29,2015-08-21,105.5199966430664,91.05999755859375,17,-0.1404805962884994,1.0,15013.80720236206,0.1,0.0,sma
DY,2015-06-26,2015-08-24,59.619998931884766,59.0,40,-0.01434967945869925,1.0,15532.20212173462,0.1,0.0,sma
ORLY,2015-07-06,2015-08-24,15.498666763305664,15.602666854858398,35,0.002691457075683301,1.0,15343.308127670289,0.1,0.0,sma
FISV,2015-07-07,2015-08-24,42.47999954223633,40.630001068115234,34,-0.047368034577467855,1.0,15323.385434875488,0.1,0.0,sma
BFAM,2015-05-12,2015-08-25,52.84000015258789,60.77000045776367,73,0.14548458498807615,1.0,14401.225001586914,0.1,0.0,sma
JBLU,2015-08-06,2015-08-25,23.270000457763672,22.690000534057617,13,-0.02881730790553816,1.0,15388.916702728271,0.1,0.0,stop
BLDR,2015-07-28,2015-08-26,12.899999618530273,13.850000381469727,21,0.06935747028811723,1.0,14877.595360050202,0.1,0.0,sma
NWL,2015-08-20,2015-08-26,43.209999084472656,40.369998931884766,4,-0.06945517001950463,1.0,15500.118031585693,0.1,0.0,stop
SRPT,2015-08-10,2015-09-29,33.689998626708984,33.599998474121094,35,-0.006652772103285631,1.0,14988.276109039307,0.1,0.0,breakeven
SABR,2015-11-02,2015-11-25,29.780000686645508,28.65999984741211,17,-0.04145104055764959,1.0,14173.791326808929,0.1,0.0,sma
SIGI,2015-11-03,2015-11-25,35.81999969482422,34.79999923706055,16,-0.03235406533445839,1.0,14177.197679214478,0.1,59.25,egg
NDAQ,2015-11-10,2015-12-03,19.523332595825195,19.56999969482422,16,-0.0016112337442044655,1.0,14182.724964237213,0.1,0.0,egg
SNX,2015-10-27,2015-12-14,45.66999816894531,45.4900016784668,33,-0.007917523933952841,1.0,14231.776169403076,0.1,0.0,sma
ZD,2015-11-05,2015-12-14,66.82608795166016,67.28695678710938,26,0.002876993632362934,1.0,14262.424647171021,0.1,58.343469000000006,sma
EQIX,2015-11-05,2015-12-14,295.79998779296875,290.7900085449219,26,-0.020861453212197567,1.0,14226.796212890626,0.1,81.12,sma
RAMP,2015-11-09,2015-12-14,22.18000030517578,21.6299991607666,24,-0.028690191059180248,1.0,14290.263676620483,0.1,0.0,sma
AIZ,2015-10-29,2015-12-15,82.44000244140625,82.44999694824219,32,-0.0038712662311612966,1.0,14208.03978076172,0.1,86.0,sma
COTY,2015-11-25,2015-12-15,28.920000076293945,26.940000534057617,13,-0.07218341801662442,1.0,14373.00867791748,0.1,0.0,stop
WD,2015-11-06,2015-12-17,29.059999465942383,28.75,28,-0.014616997000362675,1.0,14267.87853778839,0.1,0.0,sma
GOOGL,2015-12-03,2015-12-28,38.40999984741211,38.5,16,-0.0016582260462274512,1.0,14471.044262512207,0.1,0.0,egg
HRL,2015-11-03,2016-01-22,33.8849983215332,37.6349983215332,54,0.10623463668448263,1.0,14192.25715699768,0.1,60.60999999999999,sma
OGS,2016-03-16,2016-04-08,60.13999938964844,59.970001220703125,16,-0.006807438902196483,1.0,14040.645097503662,0.1,0.0,egg
TXNM,2016-03-16,2016-04-08,33.47999954223633,32.619998931884766,16,-0.02957646895175947,1.0,14022.629088272095,0.1,91.96,egg
IDA,2016-03-16,2016-04-08,73.75,73.12999725341797,16,-0.012365272723554366,1.0,14040.525,0.1,0.0,egg
PRIM,2016-03-17,2016-04-11,24.469999313354492,23.1200008392334,16,-0.05894131291887006,1.0,14049.352225765228,0.1,31.515,egg
JBSS,2016-03-14,2016-04-14,68.51000213623047,66.5999984741211,22,-0.031759916094651675,1.0,14072.639538803101,0.1,0.0,sma
TSN,2016-03-16,2016-04-21,67.05000305175781,63.529998779296875,25,-0.05628063937783867,1.0,14041.477539093017,0.1,0.0,sma
MAT,2016-03-14,2016-04-22,32.81999969482422,31.020000457763672,28,-0.05861765972291211,1.0,14107.939428817748,0.1,0.0,sma
SR,2016-03-14,2016-04-22,65.68000030517578,64.16000366210938,28,-0.027042088823751476,1.0,14083.631105438233,0.1,0.0,sma
NNN,2016-04-08,2016-05-02,46.43000030517578,43.72999954223633,16,-0.061911944874035285,1.0,14003.380952041625,0.1,130.935,egg
CPB,2016-04-08,2016-05-02,64.20999908447266,61.70000076293945,16,-0.04292642499779997,1.0,14025.775360015869,0.1,0.0,egg
BRKR,2016-03-16,2016-05-05,27.309999465942383,27.0,35,-0.0152978361497631,1.0,14038.0497854805,0.1,0.0,sma
AMAT,2016-04-14,2016-05-06,21.479999542236328,19.75,16,-0.0842105165807312,1.0,13989.92370185852,0.1,0.0,egg
SMTC,2016-04-21,2016-05-13,22.520000457763672,21.020000457763672,16,-0.07033357661101003,1.0,13832.36980117035,0.1,0.0,egg
WOR,2016-04-22,2016-05-16,22.669544219970703,22.503082275390625,16,-0.011305679808432556,1.0,13538.070451812744,0.1,0.0,egg
FBIN,2016-04-26,2016-05-18,49.0427360534668,47.4957275390625,16,-0.03541018215749159,1.0,13612.007562583924,0.1,0.0,egg
NJR,2016-05-16,2016-06-08,36.529998779296875,36.34000015258789,16,-0.009172419895821515,1.0,13579.734806213379,0.1,0.0,egg
ASTE,2016-05-05,2016-06-24,47.4900016784668,54.689998626708984,35,0.147013547139895,0.5,13514.13479763794,0.1,14.200000000000001,strength
WST,2016-05-02,2016-06-27,71.8499984741211,72.45999908447266,39,0.004464010351732606,1.0,13534.815312561035,0.1,0.0,sma
AWK,2016-03-16,2016-07-01,68.9000015258789,84.80999755859375,75,0.2260004763912935,0.4975369458128079,14014.673710372925,0.1,37.875,strength
EPR,2016-05-02,2016-07-01,67.05999755859375,81.11000061035156,43,0.20468552242576998,0.5,13573.211745849609,0.1,64.64,strength
CWT,2016-05-06,2016-07-01,28.760000228881836,35.0,39,0.2121098457471431,0.5,13428.964426872253,0.1,0.0,strength
ASTE,2016-05-05,2016-07-25,47.4900016784668,53.66999816894531,55,0.12562107369828013,0.5,13514.13479763794,0.1,14.200000000000001,sma
EQIX,2016-04-08,2016-08-04,325.989990234375,372.8599853515625,82,0.1392114281459511,1.0,13718.962749023438,0.1,73.5,sma
IDXX,2016-06-08,2016-08-04,88.87999725341797,107.18000030517578,40,0.2010816756454743,0.5,14071.125645172118,0.1,0.0,strength
CWT,2016-05-06,2016-08-05,28.760000228881836,32.34000015258789,63,0.11998950275473996,0.5,13428.964426872253,0.1,40.309,sma
BKH,2016-05-13,2016-08-05,60.439998626708984,61.4900016784668,58,0.013311283942113894,1.0,13626.19769039154,0.1,94.5,sma
AWK,2016-03-16,2016-08-08,68.9000015258789,78.41999816894531,100,0.13362761326938877,0.5024630541871922,14014.673710372925,0.1,76.5,sma
EPR,2016-05-02,2016-08-17,67.05999755859375,78.11000061035156,75,0.1601280505963829,0.5,13573.211745849609,0.1,96.96,sma
ELS,2016-05-18,2016-08-17,36.28499984741211,38.72999954223633,63,0.06312219726719559,1.0,13452.300843429566,0.1,78.625,sma
FIVE,2016-06-27,2016-08-17,44.91999816894531,47.2599983215332,36,0.047892644085745895,1.0,14403.148212890625,0.1,0.0,sma
WYNN,2016-08-05,2016-08-29,97.51000213623047,89.3499984741211,16,-0.08734170952909992,1.0,15144.278431777953,0.1,77.5,egg
DOV,2016-07-25,2016-09-08,57.33441162109375,57.85137176513672,32,0.004988566832643926,1.0,15224.006317749023,0.1,94.18418,sma
CENT,2016-08-17,2016-09-09,20.242755889892578,19.8981990814209,16,-0.020945307014848202,1.0,15252.997534057617,0.1,0.0,egg
POST,2016-06-24,2016-09-12,50.32722473144531,53.42277526855469,54,0.05727091013977792,1.0,14523.229204101563,0.1,0.0,sma
VAC,2016-08-08,2016-09-12,74.05000305175781,72.08000183105469,24,-0.030489475299720126,1.0,15284.809229919434,0.1,0.0,sma
LXP,2016-08-17,2016-09-12,53.70000076293945,50.900001525878906,17,-0.05592537827297306,1.0,15227.494416343688,0.1,0.0,sma
JBTM,2016-08-04,2016-09-14,66.0199966430664,65.2300033569336,28,-0.015910217427144602,1.0,15281.120462997436,0.1,23.1,sma
SBRA,2016-08-17,2016-09-14,24.43000030517578,23.40999984741211,19,-0.04557730401382831,1.0,15250.329970504761,0.1,0.0,sma
WCC,2016-09-08,2016-09-30,61.130001068115234,61.04999923706055,16,-0.005295507888158135,1.0,15496.82205077362,0.1,0.0,egg
SSD,2016-09-12,2016-10-04,44.709999084472656,44.25,16,-0.01423944987913417,1.0,14828.60771635437,0.1,59.58,egg
GL,2016-09-12,2016-10-04,64.70999908447266,63.81999969482422,16,-0.01769077211726766,1.0,14848.226969924926,0.1,0.0,egg
LGIH,2016-09-12,2016-10-04,37.2599983215332,36.970001220703125,16,-0.011744013842039824,1.0,14821.80377231598,0.1,0.0,egg
CHTR,2016-09-14,2016-10-12,266.69000244140625,257.9100036621094,20,-0.036782704797472476,1.0,14430.06265209961,0.1,0.0,sma
XNCR,2016-09-30,2016-10-13,24.489999771118164,20.959999084472656,9,-0.14755709969189335,1.0,15165.089498268127,0.1,0.0,stop
IDXX,2016-06-08,2016-10-14,88.87999725341797,111.61000061035156,90,0.2507251928548464,0.5,14071.125645172118,0.1,0.0,sma
AMPH,2016-10-04,2016-10-17,19.610000610351562,18.010000228881836,9,-0.08525734512653249,1.0,15326.392077026367,0.1,0.0,stop
CC,2016-09-14,2016-10-21,13.59000015258789,16.639999389648438,27,0.21954172629058788,0.49953574744661094,14665.703024665832,0.1,0.0,strength
PTC,2016-09-09,2016-10-27,43.209999084472656,46.0,34,0.06031863541355631,1.0,15500.118031585693,0.1,0.0,sma
AMAT,2016-10-05,2016-10-27,29.940000534057617,29.06999969482422,16,-0.032934159138878094,1.0,15299.939072914123,0.1,0.0,egg
TTWO,2016-10-05,2016-10-27,45.61000061035156,45.470001220703125,16,-0.007049251398527745,1.0,15309.90890487671,0.1,0.0,egg
FN,2016-08-29,2016-10-28,39.33000183105469,39.9900016784668,43,0.012722072180370025,1.0,15211.743468200684,0.1,0.0,sma
CHRD,2016-10-19,2016-11-03,11.1899995803833,10.079999923706055,11,-0.10279170870990895,1.0,14721.854387941361,0.1,0.0,stop
MTCH,2016-10-27,2016-11-03,18.329999923706055,15.649999618530273,5,-0.14961676841069294,1.0,14895.361198001861,0.1,0.0,stop
RBA,2016-10-13,2016-11-04,35.5099983215332,34.2599983215332,16,-0.03905284499899486,1.0,14588.21751045227,0.1,0.0,egg
SAIC,2016-08-05,2016-11-10,60.810001373291016,75.55000305175781,68,0.237434707019075,0.5,15232.9053440094,0.1,38.75,strength
WOR,2016-10-21,2016-11-15,29.50678253173828,35.81380844116211,17,0.20890304144883642,0.4990059642147117,14871.595436691285,0.1,0.0,strength
AIR,2016-10-14,2016-11-18,30.709999084472656,37.2599983215332,25,0.2084421009321198,0.4989339019189765,14431.795549758912,0.1,17.55,strength
DMC,2016-11-03,2016-12-02,62.349998474121094,58.310001373291016,20,-0.06852881574942671,1.0,14056.8071559906,0.1,33.75,sma
KWR,2016-10-28,2016-12-02,106.19000244140625,128.97999572753906,24,0.2097664805678734,0.49640287769784175,14789.931160034179,0.1,0.0,strength
NWBI,2016-10-27,2016-12-09,15.710000038146973,19.100000381469727,30,0.21093270711416023,0.5,14891.383356159211,0.1,70.95,strength
WOR,2016-10-21,2016-12-21,29.50678253173828,31.627620697021484,42,0.06759734634853531,0.5009940357852882,14871.595436691285,0.1,31.07286,sma
AIR,2016-10-14,2016-12-23,30.709999084472656,33.810001373291016,49,0.09654940774501952,0.5010660980810234,14431.795549758912,0.1,17.625,sma
PPLI,2016-10-31,2017-01-03,11.51658821105957,11.688157081604004,43,0.010846056014877536,1.0,14782.254997364043,0.1,0.0,sma
CC,2016-09-14,2017-01-04,13.59000015258789,21.700000762939453,77,0.590388062598443,0.500464252553389,14665.703024665832,0.1,16.169999999999998,sma
UCTT,2016-12-05,2017-01-12,9.90999984741211,11.920000076293945,26,0.19802375665529515,0.4996956786366403,16314.694008796692,0.1,0.0,strength
ESNT,2016-12-21,2017-01-17,32.4900016784668,32.22999954223633,16,-0.011962597383039286,1.0,16407.71076763916,0.1,0.0,egg
REX,2016-12-23,2017-01-17,16.64666748046875,14.880000114440918,14,-0.10969574338118826,1.0,16196.241951782227,0.1,0.0,stop
CHRD,2017-01-04,2017-01-17,16.219999313354492,14.869999885559082,8,-0.08689030606945192,1.0,16073.662479549408,0.1,0.0,stop
NWBI,2016-10-27,2017-01-18,15.710000038146973,17.5,55,0.10949329587747125,0.5,14891.383356159211,0.1,70.95,sma
KWR,2016-10-28,2017-01-18,106.19000244140625,126.01000213623047,54,0.18190945767064437,0.5035971223021583,14789.931160034179,0.1,24.15,sma
FTI,2016-11-03,2017-01-19,24.28571319580078,25.833332061767578,51,0.05947907645214601,1.0,14113.885080871582,0.1,0.0,sma
SLAB,2016-11-04,2017-01-20,59.25,64.9000015258789,51,0.0909859862187381,1.0,14307.8085,0.1,0.0,sma
SAIC,2016-08-05,2017-01-24,60.810001373291016,82.44000244140625,117,0.3502861171010876,0.5,15232.9053440094,0.1,77.5,sma
ZION,2017-01-03,2017-02-03,43.18000030517578,42.4900016784668,22,-0.019907813474226432,1.0,16008.553313140868,0.1,0.0,sma
VSH,2017-01-17,2017-02-08,16.600000381469727,15.699999809265137,16,-0.057992481928879513,1.0,16200.737172294617,0.1,0.0,egg
SCHW,2017-01-23,2017-02-14,41.189998626708984,40.689998626708984,16,-0.016082426471089484,1.0,15972.41052747345,0.1,30.96,egg
RES,2017-01-27,2017-02-21,21.649999618530273,21.1299991607666,16,-0.027914631060841355,1.0,16074.735016765595,0.1,0.0,egg
GBX,2017-01-27,2017-02-21,46.599998474121094,44.95000076293945,16,-0.039258345319640675,1.0,16062.460274047851,0.1,0.0,egg
SAH,2017-01-24,2017-02-24,23.5,22.399999618530273,22,-0.05061368245240527,1.0,15941.319,0.1,0.0,sma
AGX,2017-02-03,2017-02-28,72.9000015258789,70.0999984741211,16,-0.042247507552306995,1.0,15631.801527191163,0.1,0.0,egg
KMX,2017-01-18,2017-03-01,65.68000030517578,65.51000213623047,29,-0.006569962569062948,1.0,15992.16055430603,0.1,0.0,sma
PIPR,2017-02-21,2017-03-06,18.975000381469727,17.5,9,-0.08141557996591653,1.0,16008.904221839904,0.1,0.0,stop
RF,2017-01-25,2017-03-22,14.619999885559082,14.010000228881836,39,-0.04554909757292758,1.0,16040.917674436569,0.1,71.175,sma
EVR,2017-02-08,2017-03-22,77.5,76.6500015258789,29,-0.01491595489244546,1.0,15686.31,0.1,68.68,sma
SBCF,2017-03-06,2017-03-28,23.729999542236328,23.209999084472656,16,-0.025817747852762918,1.0,15859.565514060974,0.1,0.0,egg
PRU,2017-03-08,2017-03-30,111.08999633789062,105.30000305175781,16,-0.055903796781694326,1.0,15806.32903894043,0.1,0.0,egg
ADI,2017-01-25,2017-04-06,74.54000091552734,80.11000061035156,50,0.0704346556037192,1.0,15983.463316314697,0.1,96.3,sma
HUM,2017-03-20,2017-04-11,215.39999389648438,212.25999450683594,16,-0.0185113500003955,1.0,15971.478747436524,0.1,29.6,egg
OLN,2017-03-21,2017-04-12,32.06999969482422,30.829999923706055,16,-0.042503075649513944,1.0,16034.93570741272,0.1,0.0,egg
RCL,2017-03-21,2017-04-12,97.05000305175781,95.3499984741211,16,-0.021438879223843355,1.0,16045.277004547119,0.1,0.0,egg
POOL,2017-03-22,2017-04-13,119.37000274658203,117.41000366210938,16,-0.020345996800035904,1.0,15549.136557769776,0.1,0.0,egg
NFLX,2017-03-22,2017-04-19,14.265000343322754,14.336999893188477,19,0.0010351221172522074,1.0,15608.535135658265,0.1,0.0,sma
MRCY,2017-03-10,2017-04-27,38.15999984741211,37.459999084472656,33,-0.022262622663661746,1.0,15868.072736549377,0.1,0.0,sma
AZTA,2017-04-06,2017-05-02,21.690000534057617,27.149999618530273,17,0.24673193733026677,0.499302649930265,15582.83384368515,0.1,0.0,strength
QRVO,2017-04-12,2017-05-05,68.76000213623047,67.2699966430664,16,-0.025575164911290638,1.0,15708.635048034668,0.1,0.0,egg
LPX,2017-03-28,2017-05-08,24.059999465942383,23.84000015258789,28,-0.01309929266991039,1.0,15622.061413238525,0.1,0.0,sma
GHC,2017-04-17,2017-05-09,598.2999877929688,593.4000244140625,16,-0.012149132375265825,1.0,14987.414694213867,0.1,0.0,egg
FIZZ,2017-04-21,2017-05-15,42.744998931884766,41.875,16,-0.024263998747553805,1.0,15932.941881866454,0.1,0.0,egg
SBCF,2017-04-28,2017-05-18,24.200000762939453,21.969999313354492,14,-0.09577297374352245,1.0,16343.422115249634,0.1,0.0,stop
JBL,2017-04-06,2017-05-19,28.860000610351562,28.3799991607666,30,-0.020557687001419356,1.0,15586.65140963745,0.1,43.12,sma
IRDM,2017-05-08,2017-05-31,10.550000190734863,10.0,16,-0.05591661988154051,1.0,16268.923194128036,0.1,0.0,egg
SUPN,2017-05-11,2017-06-08,33.400001525878906,40.45000076293945,19,0.20624316986241298,0.5,16331.799146118165,0.1,0.0,strength
DORM,2017-05-15,2017-06-13,83.48999786376953,80.66000366210938,20,-0.03775290819154753,1.0,16145.796726882934,0.1,0.0,sma
NFLX,2017-05-19,2017-06-13,15.70199966430664,15.437999725341797,16,-0.020738038934212,1.0,15985.138122253418,0.1,0.0,egg
AZTA,2017-04-06,2017-06-15,21.690000534057617,25.0,48,0.1480036416642836,0.500697350069735,15582.83384368515,0.1,35.9,sma
UCTT,2016-12-05,2017-06-21,9.90999984741211,20.31999969482422,136,1.0422686420985765,0.5003043213633597,16314.694008796692,0.1,0.0,sma
SIGI,2017-05-11,2017-06-22,49.900001525878906,49.29999923706055,29,-0.01596810919103886,1.0,16349.935099960327,0.1,0.0,sma
CENX,2017-06-15,2017-06-22,15.140000343322754,13.630000114440918,5,-0.10332968107714435,1.0,16565.946135658265,0.1,0.0,stop
MTN,2017-04-11,2017-06-30,189.91000366210938,200.97999572753906,56,0.05406601292837809,1.0,15603.765540893555,0.1,86.34599999999999,sma
OLED,2017-05-31,2017-07-03,113.4000015258789,109.9000015258789,23,-0.034733002715901296,1.0,16362.259420166016,0.1,4.32,sma
PM,2017-06-13,2017-07-06,118.69000244140625,118.20999908447266,16,-0.008020048372090471,1.0,16530.90616003418,0.1,144.56,egg
FIVN,2017-06-22,2017-07-17,22.729999542236328,21.889999389648438,16,-0.040800061520856135,1.0,16284.453572044373,0.1,0.0,egg
MKTX,2017-07-03,2017-07-26,203.38999938964844,200.0,16,-0.020592962268696335,1.0,16099.945571685792,0.1,0.0,egg
PENN,2017-06-21,2017-07-31,20.700000762939453,20.18000030517578,27,-0.029012527491916296,1.0,16323.482401634217,0.1,0.0,sma
RH,2017-07-28,2017-08-02,69.87000274658203,62.650001525878906,3,-0.10691427985608726,1.0,16382.279803985595,0.1,0.0,stop
IT,2017-07-06,2017-08-09,124.36000061035156,122.0999984741211,24,-0.022092531894142176,1.0,16199.133679504395,0.1,0.0,sma
SUPN,2017-05-11,2017-08-10,33.400001525878906,41.0,63,0.22264447544017862,0.5,16331.799146118165,0.1,0.0,sma
AMD,2017-07-28,2017-08-10,13.949999809265137,12.699999809265137,9,-0.09324004443133482,1.0,16438.010175247193,0.1,0.0,stop
CBOE,2017-04-12,2017-08-23,81.52999877929688,98.80999755859375,92,0.20710840112911177,0.5,15685.06728515625,0.1,24.0,strength
IPGP,2017-06-13,2017-08-29,141.4499969482422,168.2899932861328,54,0.1849995090986265,0.5,16441.016045288085,0.1,0.0,strength
CG,2017-08-11,2017-09-05,21.100000381469727,21.0,16,-0.008712450875617672,1.0,16364.063095848083,0.1,0.0,egg
ALGN,2017-06-30,2017-09-11,150.1199951171875,185.61000061035156,49,0.23147514346619302,0.4953271028037383,16094.965156494141,0.1,0.0,strength
FIZZ,2017-08-02,2017-09-12,52.400001525878906,63.724998474121094,28,0.21127109569455227,0.5,16486.50768008423,0.1,0.0,strength
CSGP,2017-06-22,2017-09-14,26.143999099731445,27.469999313354492,58,0.0465246167229989,1.0,16294.090574913025,0.1,0.0,sma
FSLR,2017-08-10,2017-09-26,46.75,47.119998931884766,32,0.0038908052135515625,1.0,16488.912,0.1,0.0,sma
STZ,2017-09-06,2017-09-28,202.52000427246094,199.1999969482422,16,-0.020320051382864746,1.0,17045.70371960449,0.1,0.0,egg
FIZZ,2017-08-02,2017-10-04,52.400001525878906,54.30500030517578,44,0.03221779201855823,0.5,16486.50768008423,0.1,0.0,sma
ETSY,2017-09-26,2017-10-18,17.040000915527344,16.209999084472656,16,-0.05250659378937672,1.0,17278.9698883667,0.1,0.0,egg
TPL,2017-09-14,2017-10-25,43.27777862548828,43.95777893066406,29,0.01165771825143569,1.0,16998.81899963379,0.1,0.0,sma
SHEN,2017-08-29,2017-10-31,35.849998474121094,37.70000076293945,44,0.047405951355995235,1.0,16811.35488446045,0.1,0.0,sma
MRCY,2017-08-10,2017-11-08,45.68000030517578,49.29999923706055,63,0.07493854038606518,1.0,16477.689710083007,0.1,0.0,sma
MRVL,2017-10-18,2017-11-22,18.450000762939453,23.780000686645508,25,0.28374360784635244,0.4994753410283316,17618.016428535462,0.1,0.0,strength
TRNO,2017-05-18,2017-11-27,31.90999984741211,38.31999969482422,133,0.19608354204494338,0.5,15922.962283859253,0.1,104.58000000000001,strength
BRKR,2017-10-10,2017-11-29,30.110000610351562,36.349998474121094,35,0.20242072287857638,0.5,17559.068395935057,0.1,0.0,strength
IPGP,2017-06-13,2017-12-05,141.4499969482422,201.2100067138672,122,0.41680295141654766,0.5,16441.016045288085,0.1,0.0,sma
PAYC,2017-09-28,2017-12-05,74.75,76.18000030517578,47,0.015062053879737691,1.0,17376.684,0.1,0.0,sma
TRNO,2017-05-18,2017-12-06,31.90999984741211,35.91999816894531,140,0.1211722072629069,0.5,15922.962283859253,0.1,104.58000000000001,sma
RH,2017-11-08,2017-12-06,85.8499984741211,102.06999969482422,19,0.18418796078170785,0.4976303317535545,18150.57837739563,0.1,0.0,strength
NEOG,2017-10-30,2017-12-12,29.73743438720703,29.688671112060547,30,-0.005625264174383249,1.0,17967.53628135681,0.1,0.0,sma
KFY,2017-10-31,2017-12-12,41.83000183105469,41.369998931884766,29,-0.014945076933768564,1.0,17729.478956085204,0.1,0.0,sma
NGVT,2017-12-06,2017-12-15,77.41999816894531,70.5199966430664,7,-0.09276050953752768,1.0,18773.110835998534,0.1,0.0,stop
ALGN,2017-06-30,2017-12-22,150.1199951171875,216.3699951171875,122,0.43555988310178195,0.5046728971962616,16094.965156494141,0.1,0.0,sma
RH,2017-11-08,2017-12-27,85.8499984741211,91.52999877929688,33,0.06190577965000221,0.5023696682464455,18150.57837739563,0.1,0.0,sma
FSLR,2017-12-05,2018-01-12,61.209999084472656,75.55999755859375,26,0.22951089638039246,0.498371335504886,18829.052658370972,0.1,0.0,strength
BRKR,2017-10-10,2018-01-18,30.110000610351562,34.2599983215332,68,0.13328565823530814,0.5,17559.068395935057,0.1,11.64,sma
PBF,2017-12-15,2018-01-25,33.08000183105469,33.15999984741211,26,-0.001583350351730517,1.0,18661.289112945557,0.1,0.0,sma
NTNX,2017-12-26,2018-01-26,35.93000030517578,33.45000076293945,21,-0.07273956184846586,1.0,18648.963638397217,0.1,0.0,sma
PII,2017-12-06,2018-01-31,126.26000213623047,116.94999694824219,37,-0.07743443115676296,1.0,18723.853276794434,0.1,0.0,sma
MRVL,2017-10-18,2018-02-05,18.450000762939453,22.139999389648438,74,0.19520949846501656,0.5005246589716684,17618.016428535462,0.1,28.619999999999997,sma
FSLR,2017-12-05,2018-02-05,61.209999084472656,64.01000213623047,41,0.041569582407650074,0.501628664495114,18829.052658370972,0.1,0.0,sma
GIII,2018-01-26,2018-02-05,39.31999969482422,35.709999084472656,6,-0.09543630534184055,1.0,19384.130729553224,0.1,0.0,stop
MCO,2017-12-13,2018-02-06,150.1699981689453,150.8699951171875,36,0.0006507392942942669,1.0,18808.7922706604,0.1,0.0,sma
CNC,2017-12-14,2018-02-06,49.5099983215332,49.89500045776367,35,0.0037531913547996787,1.0,18851.42696090698,0.1,0.0,sma
UFPI,2018-01-25,2018-02-06,39.209999084472656,33.79999923706055,8,-0.14141622324808523,1.0,19447.767445907593,0.1,0.0,stop
CBOE,2017-04-12,2018-02-07,81.52999877929688,111.01000213623047,207,0.3561492713178398,0.5,15685.06728515625,0.1,75.84,sma
AWI,2017-12-27,2018-02-09,60.0,59.0,30,-0.020592149035262852,1.0,18637.2,0.1,0.0,sma
NSP,2018-01-18,2018-02-09,59.5,56.45000076293945,16,-0.055047874647116246,1.0,19435.794,0.1,0.0,egg
URI,2018-01-31,2018-02-09,181.11000061035156,164.50999450683594,7,-0.09528315703349766,1.0,18691.638722991942,0.1,0.0,stop
VCEL,2018-02-05,2018-03-06,7.099999904632568,11.149999618530273,20,0.5641533508702086,0.5,18354.63575345993,0.1,0.0,strength
AMZN,2018-02-05,2018-03-29,69.5,70.30000305175781,37,0.007472867870795152,1.0,18315.057,0.1,0.0,sma
QNST,2018-03-16,2018-03-29,13.800000190734863,12.649999618530273,9,-0.08699272145545067,1.0,19496.91626947403,0.1,0.0,stop
TKO,2018-02-06,2018-04-03,34.560001373291016,35.16999816894531,38,0.013587893018141228,1.0,17833.997508659362,0.1,61.8,sma
TFIN,2018-02-06,2018-04-03,37.70000076293945,40.04999923706055,38,0.05809332077782803,1.0,17829.989160827638,0.1,0.0,sma
NBIX,2018-03-16,2018-04-03,87.91999816894531,78.80999755859375,11,-0.10719530909154928,1.0,19469.180234527586,0.1,0.0,stop
ENVA,2018-03-15,2018-04-09,22.649999618530273,22.200000762939453,16,-0.023780204070593003,1.0,19563.348270515442,0.1,0.0,egg
QLYS,2018-03-15,2018-04-09,76.30000305175781,74.5,16,-0.02748896667744294,1.0,19495.41377975464,0.1,0.0,egg
NOC,2018-02-05,2018-04-25,322.3699951171875,337.0,55,0.04120946646025714,1.0,18088.825166015624,0.1,61.60000000000001,sma
NOW,2018-02-06,2018-04-25,29.804000854492188,32.4900016784668,54,0.08577037126498577,1.0,17828.5744871521,0.1,0.0,sma
CBRE,2018-03-29,2018-04-26,47.220001220703125,45.45000076293945,19,-0.041326504364897376,1.0,18263.37431213379,0.1,0.0,sma
MTCH,2018-04-24,2018-05-02,45.2599983215332,36.54999923706055,6,-0.19566742362971712,1.0,18729.7640654068,0.1,0.0,stop
ANF,2018-04-24,2018-05-16,27.020000457763672,26.030000686645508,16,-0.04048526761566551,1.0,18735.235997406005,0.1,0.0,egg
FLO,2018-04-25,2018-05-17,22.40999984741211,21.200000762939453,16,-0.05777018450942917,1.0,18480.316734169006,0.1,0.0,egg
CALM,2018-04-25,2018-05-17,49.95000076293945,47.70000076293945,16,-0.0488572397887328,1.0,18468.413382087707,0.1,0.0,egg
NTNX,2018-04-24,2018-05-29,52.5099983215332,51.959999084472656,24,-0.014424384066219709,1.0,18730.94652127075,0.1,0.0,sma
NFLX,2018-04-24,2018-06-14,30.70199966430664,38.426998138427734,36,0.24661576987606693,0.49917898193760263,18734.91283115387,0.1,0.0,strength
VCEL,2018-02-05,2018-06-15,7.099999904632568,12.100000381469727,91,0.6974221336073394,0.5,18354.63575345993,0.1,0.0,sma
ETSY,2018-03-29,2018-06-15,28.059999465942383,41.689998626708984,54,0.47981369482496006,0.5,18275.477652168272,0.1,0.0,strength
WING,2018-05-16,2018-06-20,51.65999984741211,50.77000045776367,24,-0.021151259105727238,1.0,18634.795144958494,0.1,25.200000000000003,sma
FFIV,2018-05-29,2018-06-26,172.75,170.64999389648438,20,-0.016099818258178855,1.0,18694.314,0.1,0.0,sma
OKTA,2018-06-14,2018-06-28,52.810001373291016,48.029998779296875,10,-0.09414389295171777,1.0,19631.695530509947,0.1,0.0,stop
HLNE,2018-04-26,2018-07-10,41.2400016784668,50.09000015258789,51,0.20974874009736544,0.4988662131519274,18223.214421684264,0.1,46.86,strength
KFY,2018-05-17,2018-07-10,54.380001068115234,65.3499984741211,36,0.19693120555790733,0.5,18744.133808166505,0.1,17.2,strength
AX,2018-06-15,2018-07-16,42.439998626708984,40.5099983215332,20,-0.049286449882804395,1.0,20241.842225006105,0.1,0.0,sma
NFLX,2018-04-24,2018-07-20,30.70199966430664,36.492000579833984,61,0.1838422359527283,0.5008210180623974,18734.91283115387,0.1,0.0,sma
CPRT,2018-04-24,2018-07-31,12.792499542236328,14.100000381469727,68,0.09780836094070589,1.0,18740.03959941101,0.1,0.0,sma
HLNE,2018-04-26,2018-08-06,41.2400016784668,47.79999923706055,70,0.15444177834967432,0.5011337868480725,18223.214421684264,0.1,47.073,sma
AMZN,2018-05-18,2018-08-10,78.71849822998047,94.42549896240234,58,0.1947452374914973,0.5,18772.47258389282,0.1,0.0,strength
VNOM,2018-07-18,2018-08-10,31.75,37.630001068115234,17,0.18046555914875761,0.49921507064364207,20265.1995,0.1,190.79999999999998,strength
XYZ,2018-08-06,2018-08-30,70.91999816894531,85.72000122070312,18,0.2038607982428453,0.5,20323.685715270996,0.1,0.0,strength
KFY,2018-05-17,2018-09-06,54.380001068115234,63.689998626708984,77,0.1665271402942219,0.5,18744.133808166505,0.1,17.2,sma
AVAV,2018-07-31,2018-09-07,73.61000061035156,100.33000183105469,27,0.3575530774770357,0.5,19766.935123901367,0.1,0.0,strength
EVTC,2018-06-20,2018-09-11,22.700000762939453,23.200000762939453,57,0.017946485145514002,1.0,20266.15208113861,0.1,44.550000000000004,sma
ALGN,2018-09-11,2018-10-03,382.79998779296875,379.94000244140625,16,-0.011433417052724382,1.0,22246.804090576174,0.1,0.0,egg
POOL,2018-06-28,2018-10-04,152.1999969482422,160.22999572753906,68,0.04855688716145612,1.0,19215.554014709473,0.1,56.7,sma
ETSY,2018-03-29,2018-10-05,28.059999465942383,46.0,132,0.632800004899442,0.5,18275.477652168272,0.1,0.0,sma
AMZN,2018-05-18,2018-10-05,78.71849822998047,95.89949798583984,97,0.21339542555161306,0.5,18772.47258389282,0.1,0.0,sma
VNOM,2018-07-18,2018-10-11,31.75,38.560001373291016,60,0.20963997581355187,0.5007849293563579,20265.1995,0.1,191.4,sma
AVAV,2018-07-31,2018-10-11,73.61000061035156,93.37000274658203,51,0.263378174617235,0.5,19766.935123901367,0.1,0.0,sma
XYZ,2018-08-06,2018-10-11,70.91999816894531,72.36000061035156,47,0.01623153120757803,0.5,20323.685715270996,0.1,0.0,sma
TECH,2018-10-03,2018-10-11,50.08250045776367,45.279998779296875,6,-0.09950102552947049,1.0,23184.39144190979,0.1,0.0,stop
SM,2018-09-06,2018-10-12,29.209999084472656,29.579999923706055,26,0.008624341496010102,1.0,22214.730083724975,0.1,0.0,sma
CSCO,2018-10-05,2018-10-12,48.130001068115234,44.93000030517578,5,-0.0702132135177026,1.0,22859.247747299196,0.1,0.0,stop
TJX,2018-06-26,2018-10-22,47.584999084472656,54.34000015258789,82,0.13739781539546003,1.0,19644.22966204834,0.1,80.34,sma
MOS,2018-10-11,2018-10-25,32.689998626708984,29.760000228881836,10,-0.09326402331077,1.0,21618.549891815186,0.1,0.0,stop
MMSI,2018-07-25,2018-10-29,55.29999923706055,59.2599983215332,67,0.06733150590009984,1.0,20058.63692326355,0.1,0.0,sma
AAPL,2018-10-05,2018-10-29,56.0724983215332,54.79750061035156,16,-0.026639622869354507,1.0,22810.965187179565,0.1,0.0,egg
NEO,2018-10-04,2018-10-31,14.470000267028809,18.25,19,0.2561952573007955,0.5,23285.298069705965,0.1,0.0,strength
PGR,2018-10-18,2018-11-15,71.80000305175781,64.51000213623047,20,-0.10511874029746615,1.0,21655.02452041626,0.1,0.0,stop
NEO,2018-10-04,2018-12-07,14.470000267028809,14.710000038146973,44,0.012527796318616335,0.5,23285.298069705965,0.1,0.0,sma
CI,2018-12-04,2018-12-18,217.83999633789062,201.52000427246094,9,-0.07861028015171267,1.0,21391.016280395506,0.1,0.0,stop
NJR,2018-12-04,2018-12-26,48.43000030517578,44.27000045776367,14,-0.08954628058679204,1.0,21400.345394851684,0.1,129.213,stop
REGN,2019-02-14,2019-03-11,414.9700012207031,404.1499938964844,16,-0.02996211898877399,1.0,20789.997061157228,0.1,0.0,egg
PPLI,2019-02-21,2019-03-15,38.783592224121094,37.173343658447266,16,-0.04534508141953142,1.0,20946.16492121887,0.1,0.0,egg
MTCH,2019-02-25,2019-03-19,55.970001220703125,55.869998931884766,16,-0.005771595669908036,1.0,21030.7279586792,0.1,0.0,egg
ADC,2019-02-25,2019-03-19,65.98999786376953,65.7300033569336,16,-0.007916195586126995,1.0,21026.788959320067,0.1,0.0,egg
FIVN,2019-02-21,2019-04-02,52.279998779296875,51.88999938964844,28,-0.011422056421914295,1.0,20901.43895196533,0.1,0.0,sma
WELL,2019-02-19,2019-04-17,76.76000213623047,73.9000015258789,41,-0.0411022734325025,1.0,20997.3915443573,0.1,237.51,sma
WAT,2019-02-20,2019-04-17,234.0,241.4199981689453,40,0.027590793509593814,1.0,20867.652,0.1,0.0,sma
UDR,2019-02-20,2019-04-18,44.33000183105469,43.709999084472656,41,-0.01792225869782693,1.0,20965.60838598633,0.1,161.89600000000002,sma
CTRE,2019-03-19,2019-04-18,23.1299991607666,23.06999969482422,22,-0.006575671362986313,1.0,21090.395834770203,0.1,204.75,sma
EGP,2019-02-21,2019-05-08,105.4800033569336,110.33999633789062,53,0.041899069141142053,1.0,20926.810746002197,0.1,142.56,sma
ACIW,2019-04-17,2019-05-10,33.709999084472656,31.989999771118164,16,-0.0548117458748385,1.0,21144.664345733643,0.1,0.0,egg
ALRM,2019-04-18,2019-05-13,67.12999725341797,61.939998626708984,16,-0.08099604219798795,1.0,21053.712518600463,0.1,0.0,egg
KEYS,2019-04-18,2019-05-13,89.83999633789062,84.12000274658203,16,-0.06740652529337265,1.0,21064.60426135254,0.1,0.0,egg
ADEA,2019-03-19,2019-05-14,10.260831832885742,10.0958251953125,39,-0.020009033995245895,1.0,21097.337374923707,0.1,0.0,sma
TWLO,2019-04-02,2019-05-14,129.7899932861328,126.0,29,-0.03307641205161804,1.0,21328.130016723633,0.1,0.0,sma
SNPS,2019-04-17,2019-05-21,116.04000091552734,116.38999938964844,23,-0.0009878685027654432,1.0,21161.518726959228,0.1,0.0,sma
SBUX,2019-03-15,2019-05-29,70.66999816894531,75.33000183105469,51,0.061685088508197206,1.0,21101.778773254395,0.1,107.28,sma
NOW,2019-05-13,2019-06-05,52.02399826049805,52.4739990234375,16,0.004623322485237669,1.0,21111.85873409271,0.1,0.0,egg
CCK,2019-05-13,2019-06-05,59.619998931884766,57.65999984741211,16,-0.03673563844045602,1.0,21087.95134220123,0.1,0.0,egg
VSAT,2019-06-05,2019-06-25,90.26000213623047,82.97000122070312,14,-0.08443627636710971,1.0,20982.20113659668,0.1,0.0,stop
LGIH,2019-05-21,2019-06-26,69.75,69.0999984741211,25,-0.013273832590405599,1.0,20687.292,0.1,0.0,sma
SUI,2019-02-27,2019-07-11,113.27999877929688,136.22999572753906,93,0.19779453452875173,0.5,20885.206814941408,0.1,138.0,strength
FICO,2019-05-10,2019-07-12,287.3299865722656,345.44000244140625,43,0.1974420231600793,0.4931506849315068,21017.039197814942,0.1,0.0,strength
AWI,2019-05-08,2019-07-30,87.04000091552734,94.0,57,0.07565199349969176,1.0,21367.449824752806,0.1,0.0,sma
KNSL,2019-05-29,2019-07-30,82.62000274658203,88.12999725341797,43,0.0624325584490284,1.0,20779.095930770873,0.1,20.080000000000002,sma
TSN,2019-07-11,2019-08-02,81.43000030517578,80.13999938964844,16,-0.019770613615841093,1.0,22438.036584091187,0.1,0.0,egg
WM,2019-05-14,2019-08-06,106.26000213623047,114.0,58,0.06855738657026045,1.0,20442.724250976564,0.1,98.49600000000001,sma
PLD,2019-05-14,2019-08-06,75.30000305175781,78.83999633789062,58,0.04283217305599507,1.0,20447.11342868042,0.1,143.63,sma
QTWO,2019-06-25,2019-08-06,74.37000274658203,74.55000305175781,29,-0.0015813431905709052,1.0,21461.397912597655,0.1,0.0,sma
FICO,2019-05-10,2019-08-15,287.3299865722656,327.7699890136719,67,0.13619023854153034,0.5068493150684932,21017.039197814942,0.1,0.0,sma
RMBS,2019-07-30,2019-08-21,12.859999656677246,12.4399995803833,16,-0.036521054883363324,1.0,22459.809360391617,0.1,0.0,egg
EBAY,2019-08-02,2019-08-26,40.58000183105469,39.13999938964844,16,-0.039335876587816565,1.0,22038.349714416505,0.1,0.0,egg
CSGP,2019-06-05,2019-09-10,53.01300048828125,57.45100021362305,67,0.07938910034036106,1.0,20982.015463256837,0.1,0.0,sma
CWST,2019-08-21,2019-09-10,45.119998931884766,41.220001220703125,13,-0.09008308312228319,1.0,22153.017075576783,0.1,0.0,stop
RLI,2019-07-30,2019-09-11,45.14500045776367,44.849998474121094,30,-0.010500473782526831,1.0,22436.70406750488,0.1,57.04,sma
EFX,2019-08-15,2019-09-11,141.2899932861328,140.17999267578125,18,-0.011816840957272756,1.0,21660.603710723877,0.1,59.67,sma
YUM,2019-08-06,2019-09-12,116.05000305175781,114.94000244140625,26,-0.01351868069117812,1.0,21395.906962646484,0.1,77.28,sma
VRSK,2019-08-06,2019-09-30,152.33999633789062,155.58999633789062,38,0.017256677913509044,1.0,21370.254686279295,0.1,35.0,sma
FTDR,2019-09-12,2019-09-30,51.279998779296875,46.95000076293945,12,-0.08809327762557384,1.0,21786.204921386718,0.1,0.0,stop
EL,2019-09-10,2019-10-02,199.4600067138672,195.39999389648438,16,-0.024265780358266986,1.0,21984.481940002443,0.1,0.0,egg
LMT,2019-09-12,2019-10-04,386.6300048828125,380.2099914550781,16,-0.020530785724316547,1.0,21694.582833984376,0.1,0.0,egg
TREX,2019-09-12,2019-10-04,44.505001068115234,44.154998779296875,16,-0.011824957563975613,1.0,21806.471413352967,0.1,0.0,egg
WRB,2019-06-26,2019-10-09,28.915555953979492,31.573333740234375,73,0.08755621153638682,1.0,21179.545945163725,0.1,35.737859,sma
GNRC,2019-08-06,2019-10-21,72.08000183105469,88.05000305175781,53,0.21668290518554656,0.5,21378.35190307617,0.1,0.0,strength
MHO,2019-09-04,2019-10-25,36.29999923706055,44.529998779296875,37,0.22182466240469156,0.49918166939443537,22223.65813291168,0.1,0.0,strength
GPI,2019-10-02,2019-10-25,87.4000015258789,105.18000030517578,17,0.19862835509696608,0.49795918367346936,21455.826374588014,0.1,0.0,strength
SEDG,2019-09-30,2019-11-04,83.72000122070312,84.8499984741211,25,0.009451441627827073,1.0,21726.847276794433,0.1,0.0,sma
SSD,2019-10-04,2019-11-04,69.43000030517578,84.08000183105469,21,0.20616956291310018,0.5,21427.20897418213,0.1,0.0,strength
MTH,2019-09-10,2019-11-05,32.459999084472656,34.92499923706055,40,0.07164445667102237,1.0,22051.895138031006,0.1,0.0,sma
ARMK,2019-10-04,2019-11-13,30.83754539489746,30.83754539489746,28,-0.003992015968063867,1.0,21413.15979658127,0.1,0.0,sma
ITRI,2019-09-30,2019-11-18,73.95999908447266,75.33000183105469,35,0.014457601266015585,1.0,21713.62029121399,0.1,0.0,sma
FSS,2019-11-08,2019-12-03,33.20000076293945,31.950000762939453,16,-0.041492315709915184,1.0,23419.546138183592,0.1,56.32,egg
UNF,2019-11-18,2019-12-11,207.11000061035156,205.52000427246094,16,-0.011638431121622883,1.0,23242.712708496092,0.1,28.0,egg
SUI,2019-02-27,2019-12-13,113.27999877929688,153.36000061035156,202,0.3484091338723516,0.5,20885.206814941408,0.1,207.0,sma
MHO,2019-09-04,2019-12-18,36.29999923706055,41.939998626708984,74,0.1507596242548348,0.5008183306055647,22223.65813291168,0.1,0.0,sma
SSD,2019-10-04,2019-12-19,69.43000030517578,78.22000122070312,53,0.1221049313606346,0.5,21427.20897418213,0.1,0.0,sma
HLIT,2019-12-03,2019-12-26,8.0600004196167,8.0,16,-0.011406518929881426,1.0,23558.043266469955,0.1,0.0,egg
GPI,2019-10-02,2019-12-31,87.4000015258789,99.45999908447266,62,0.13344338043989112,0.5020408163265306,21455.826374588014,0.1,35.669999999999995,sma
CVNA,2019-12-13,2020-01-08,18.378000259399414,18.149999618530273,16,-0.016348662799316127,1.0,23552.473256435394,0.1,0.0,egg
NTRS,2019-12-18,2020-01-13,108.08000183105469,107.3499984741211,16,-0.01071933979817008,1.0,23500.267118133546,0.1,0.0,egg
TGT,2019-12-31,2020-01-16,128.2100067138672,117.13999938964844,11,-0.0899901058271555,1.0,23509.35609109497,0.1,0.0,stop
LKQ,2019-12-26,2020-01-21,35.88999938964844,34.58000183105469,16,-0.04034665652562408,1.0,23734.774396362303,0.1,0.0,egg
TYL,2019-10-09,2020-01-31,265.30999755859375,321.0199890136719,78,0.2051504844661849,0.5,21267.249404296876,0.1,0.0,strength
WMS,2019-11-13,2020-02-07,37.119998931884766,46.619998931884766,58,0.2509130519352598,0.49920508744038156,23395.176286811828,0.1,28.259999999999998,strength
GNRC,2019-08-06,2020-02-10,72.08000183105469,106.2699966430664,129,0.46844842439972,0.5,21378.35190307617,0.1,0.0,sma
CALY,2019-11-08,2020-02-10,20.639999389648438,20.229999542236328,62,-0.02377705150828502,1.0,23431.889547088624,0.1,11.33,sma
MAS,2019-12-19,2020-02-12,47.16999816894531,47.900001525878906,36,0.011422213417144222,1.0,23679.433420806883,0.1,67.635,sma
GRMN,2020-01-27,2020-02-19,98.43000030517578,103.87000274658203,16,0.051055081949185066,1.0,23966.32705430603,0.1,0.0,egg
SEDG,2020-01-28,2020-02-20,103.36000061035156,138.25,16,0.3322184885767563,0.5,23820.34574066162,0.1,0.0,strength
WGO,2020-01-08,2020-02-21,51.709999084472656,62.33000183105469,30,0.2005643118856144,0.4989010989010989,23575.10568260193,0.1,24.97,strength
CASH,2019-12-11,2020-02-26,34.63999938964844,36.310001373291016,51,0.04402574784154645,1.0,23602.309984130858,0.1,0.0,sma
AES,2020-01-29,2020-02-26,20.31999969482422,19.489999771118164,19,-0.04467540982498874,1.0,24127.358037643433,0.1,169.45499999999998,sma
DOV,2020-02-21,2020-02-27,119.44000244140625,106.16999816894531,4,-0.11465033758014598,1.0,25850.638608398436,0.1,105.84,stop
WGO,2020-01-08,2020-02-28,51.709999084472656,51.43000030517578,35,-0.009385189911913838,0.5010989010989011,23575.10568260193,0.1,25.080000000000002,sma
LEN,2020-02-24,2020-02-28,66.95063018798828,59.632137298583984,4,-0.11286742652746173,1.0,25760.460076171876,0.1,0.0,stop
TYL,2019-10-09,2020-03-02,265.30999755859375,314.45001220703125,98,0.1804859433085395,0.5,21267.249404296876,0.1,0.0,sma
WMS,2019-11-13,2020-03-02,37.119998931884766,42.099998474121094,73,0.12963189155533317,0.5007949125596184,23395.176286811828,0.1,56.699999999999996,sma
LW,2020-02-25,2020-03-04,93.7699966430664,86.55999755859375,6,-0.08057532523630329,1.0,25180.61981854248,0.1,0.0,stop
NOW,2020-02-21,2020-03-10,68.89600372314453,60.47600173950195,12,-0.12571735195377765,1.0,25818.63960324097,0.1,0.0,stop
GNRC,2020-02-26,2020-03-10,110.87000274658203,104.0999984741211,9,-0.06481079598301509,1.0,24551.275148208617,0.1,0.0,stop
SEDG,2020-01-28,2020-03-12,103.36000061035156,90.83999633789062,31,-0.12463853436829853,0.5,23820.34574066162,0.1,0.0,sma
ENPH,2020-05-29,2020-06-04,58.189998626708984,53.29999923706055,4,-0.08769159577464614,1.0,22972.713177841186,0.1,0.0,stop
FIVN,2020-05-29,2020-06-05,104.19999694824219,94.01000213623047,5,-0.10139428551946317,1.0,22969.84732727051,0.1,0.0,stop
RGEN,2020-05-28,2020-06-09,129.2100067138672,117.30000305175781,8,-0.095799601456235,1.0,22915.911530731202,0.1,0.0,stop
RCUS,2020-05-29,2020-06-12,31.350000381469727,28.309999465942383,10,-0.10057463627065677,1.0,22962.68397941208,0.1,0.0,stop
HLI,2020-05-29,2020-06-22,60.47999954223633,57.29999923706055,16,-0.05636148880457026,1.0,22967.763666160583,0.1,117.49,egg
TWLO,2020-06-04,2020-07-06,193.0500030517578,237.66000366210938,21,0.22616553944863949,0.5,22825.460160827635,0.1,0.0,strength
VEEV,2020-06-05,2020-07-07,202.8000030517578,248.5500030517578,21,0.22069913089464865,0.5,22352.616336364747,0.1,0.0,strength
RNG,2020-05-28,2020-07-14,259.510009765625,260.0,32,-0.002111417273716887,1.0,22882.55462109375,0.1,0.0,sma
UTHR,2020-05-28,2020-07-14,115.0,116.83000183105469,32,0.011857518245184107,1.0,22930.77,0.1,0.0,sma
SAM,2020-06-09,2020-07-16,533.6599731445312,641.0,26,0.19634439510711021,0.5,22458.546309814454,0.1,0.0,strength
VRTX,2020-05-28,2020-07-27,277.3800048828125,280.8399963378906,41,0.008432019843010563,1.0,22790.650721191407,0.1,0.0,sma
AMD,2020-06-18,2020-07-27,54.040000915527344,69.27999877929688,26,0.27689546167412593,0.4988179669030733,22904.638228042604,0.1,0.0,strength
MTSI,2020-06-22,2020-07-31,33.88999938964844,44.560001373291016,28,0.3095933294654538,0.49925925925925924,22921.50108718872,0.1,0.0,strength
STAA,2020-07-14,2020-08-11,57.0099983215332,46.84000015258789,20,-0.18166961063716836,1.0,23420.84751045227,0.1,0.0,stop
MRNA,2020-07-13,2020-08-12,71.77999877929688,75.66999816894531,22,0.04998500431417496,1.0,24238.239307800293,0.1,0.0,breakeven
NOW,2020-05-28,2020-08-26,75.59600067138672,93.0,63,0.22531273734471857,0.49834983498349833,22951.399379837036,0.1,0.0,strength
MTSI,2020-06-22,2020-08-28,33.88999938964844,35.619998931884766,48,0.04685169567169756,0.5007407407407407,22921.50108718872,0.1,0.0,sma
TWLO,2020-06-04,2020-09-04,193.0500030517578,245.14999389648438,65,0.2648088440631369,0.5,22825.460160827635,0.1,0.0,sma
TTD,2020-07-14,2020-09-08,43.20399856567383,41.70000076293945,39,-0.038664589554345374,1.0,23420.1099504776,0.1,0.0,sma
DPZ,2020-07-27,2020-09-08,389.6099853515625,381.57000732421875,30,-0.02454560188155086,1.0,24594.519935302735,0.1,0.0,sma
DHR,2020-08-11,2020-09-08,177.31382751464844,174.2375946044922,19,-0.021271844519530347,1.0,25584.257544433593,0.1,0.0,sma
AMZN,2020-08-12,2020-09-09,158.11199951171875,160.14950561523438,19,0.008843014598132637,1.0,24873.231091186524,0.1,0.0,sma
CAG,2020-08-28,2020-09-11,38.15999984741211,34.790000915527344,9,-0.09195181302670974,1.0,26497.769654045103,0.1,0.0,stop
VEEV,2020-06-05,2020-09-18,202.8000030517578,265.45001220703125,73,0.30369983994576844,0.5,22352.616336364747,0.1,0.0,sma
AMD,2020-06-18,2020-09-21,54.040000915527344,74.2300033569336,65,0.36812869625581146,0.5011820330969267,22904.638228042604,0.1,0.0,sma
SAIA,2020-09-09,2020-09-22,135.22000122070312,120.6500015258789,9,-0.11131220449329471,1.0,24794.750743835448,0.1,0.0,stop
ALB,2020-09-21,2020-09-24,95.12999725341797,80.06999969482422,3,-0.1616697016711599,1.0,25355.188427947996,0.1,0.0,stop
RUN,2020-09-08,2020-09-30,51.88999938964844,71.55000305175781,16,0.37337396676240386,0.49897750511247446,25424.958120941163,0.1,0.0,strength
CMG,2020-09-11,2020-10-05,25.949399948120117,25.161399841308594,16,-0.034237586168971545,1.0,25247.261084323884,0.1,0.0,egg
TGTX,2020-09-04,2020-10-07,23.809999465942383,29.389999389648438,22,0.22942774881851435,0.4995408631772268,25980.947597248076,0.1,0.0,strength
WMS,2020-09-24,2020-10-16,57.66999816894531,71.37999725341797,16,0.23279086911547564,0.5,24616.554058410646,0.1,0.0,strength
CHRW,2020-09-24,2020-10-20,101.80000305175781,100.66999816894531,18,-0.015047947712035326,1.0,24582.86833694458,0.1,0.0,sma
RUN,2020-09-08,2020-10-22,51.88999938964844,57.0099983215332,32,0.09428433543635584,0.5010224948875256,25424.958120941163,0.1,0.0,sma
IIPR,2020-09-18,2020-10-26,124.79000091552734,123.0,26,-0.01827885938668483,1.0,25383.034926223754,0.1,237.51,sma
TGTX,2020-09-04,2020-10-27,23.809999465942383,26.260000228881836,36,0.09849519005907181,0.5004591368227732,25980.947597248076,0.1,0.0,sma
FND,2020-09-09,2020-11-02,72.0,74.41999816894531,38,0.029484893720994387,1.0,24889.68,0.1,0.0,sma
VEEV,2020-10-23,2020-11-02,296.8500061035156,270.8999938964844,6,-0.09106096935362085,1.0,26472.489844299318,0.1,0.0,stop
NOW,2020-05-28,2020-11-03,75.59600067138672,95.52200317382812,111,0.25854115253305654,0.5016501650165016,22951.399379837036,0.1,0.0,sma
GNRC,2020-09-09,2020-11-04,183.9499969482422,219.33999633789062,40,0.18762919920865118,0.4962962962962963,24882.91608718872,0.1,0.0,strength
WMS,2020-09-24,2020-11-10,57.66999816894531,62.77000045776367,33,0.08408919019676597,0.5,24616.554058410646,0.1,0.0,sma
SAM,2020-06-09,2020-11-11,533.6599731445312,925.0,109,0.7263940179002764,0.5,22458.546309814454,0.1,0.0,sma
GNRC,2020-09-09,2020-12-04,183.9499969482422,208.0,61,0.1262281278370112,0.5037037037037037,24882.91608718872,0.1,0.0,sma
VRTS,2020-10-28,2020-12-04,159.14999389648438,200.0,26,0.2516594687144853,0.5,26471.73678479004,0.1,68.06,strength
ROKU,2020-11-11,2020-12-04,231.42999267578125,290.19000244140625,16,0.2488941298235381,0.49572649572649574,27131.463761352537,0.1,0.0,strength
ENPH,2020-11-10,2020-12-09,109.38999938964844,136.36000061035156,20,0.24157281349580173,0.49794238683127573,26634.933391387938,0.1,0.0,strength
MPWR,2020-11-02,2020-12-10,315.260009765625,307.3900146484375,27,-0.028855867164536808,1.0,25587.132912597655,0.1,0.0,sma
WOR,2020-11-02,2020-12-18,31.029592514038086,31.226879119873047,33,0.002340617451639826,1.0,25868.254213623048,0.1,128.236992,sma
GRBK,2020-11-03,2020-12-18,19.75,24.1200008392334,32,0.21639055244220073,0.4996232102486812,26260.6665,0.1,0.0,strength
MRNA,2020-12-18,2020-12-23,140.22999572753906,120.05000305175781,3,-0.14732393093036955,1.0,30209.74797958374,0.1,0.0,stop
DE,2020-10-26,2021-01-07,234.25,293.760009765625,50,0.24903869846686022,0.4956521739130435,26992.6275,0.1,43.32,strength
AN,2020-10-26,2021-01-07,61.02000045776367,73.75,50,0.20379528468209673,0.5,27024.781882736206,0.1,0.0,strength
ROCK,2020-12-10,2021-01-07,68.8499984741211,93.30000305175781,18,0.3497102397857541,0.49882903981264637,29457.747247146606,0.1,0.0,strength
RUSHA,2020-10-27,2021-01-08,24.420000076293945,29.68000030517578,50,0.2105453389708476,0.5,26671.03568332672,0.1,50.866485,strength
BBWI,2020-12-04,2021-01-08,30.92158317565918,37.32416915893555,23,0.20224020447057423,0.5,28876.553350753784,0.1,0.0,strength
GRBK,2020-11-03,2021-01-12,19.75,22.190000534057617,47,0.1190591239288259,0.5003767897513187,26260.6665,0.1,0.0,sma
ADNT,2020-12-23,2021-01-27,35.0,31.34000015258789,22,-0.10814598938458186,1.0,30090.06,0.1,0.0,sma
VRTS,2020-10-28,2021-01-28,159.14999389648438,206.88999938964844,62,0.29477913359193786,0.5,26471.73678479004,0.1,136.12,sma
BBWI,2020-12-04,2021-01-28,30.92158317565918,31.285367965698242,36,0.007725772001910158,0.5,28876.553350753784,0.1,0.0,breakeven
JOE,2021-01-12,2021-02-08,43.349998474121094,53.900001525878906,18,0.23840446940632498,0.5,33272.51102883911,0.1,0.0,strength
RUSHA,2020-10-27,2021-02-12,24.420000076293945,27.706666946411133,74,0.13005984452590114,0.5,26671.03568332672,0.1,50.866485,sma
ENPH,2020-11-10,2021-02-19,109.38999938964844,185.02000427246094,68,0.6846275024152944,0.5020576131687243,26634.933391387938,0.1,0.0,sma
ANF,2021-01-27,2021-02-25,22.889999389648438,28.600000381469727,20,0.24446611982621702,0.5,32660.549849121093,0.1,0.0,strength
ROKU,2020-11-11,2021-02-26,231.42999267578125,391.3999938964844,72,0.6844727615624444,0.5042735042735043,27131.463761352537,0.1,0.0,sma
ROCK,2020-12-10,2021-03-01,68.8499984741211,88.37999725341797,53,0.2785357275819256,0.5011709601873536,29457.747247146606,0.1,0.0,sma
PI,2021-03-01,2021-03-04,66.0,58.849998474121094,3,-0.1118929039319414,1.0,34454.772,0.1,0.0,stop
JOE,2021-01-12,2021-03-05,43.349998474121094,47.25,36,0.08561427686331968,0.5,33272.51102883911,0.1,30.64,sma
MTZ,2021-01-28,2021-03-11,79.05999755859375,96.54000091552734,29,0.21622330710360282,0.5,31845.683256591798,0.1,0.0,strength
RNST,2021-01-28,2021-03-11,36.779998779296875,44.25,29,0.19829675791674184,0.49942196531791905,31878.32834197998,0.1,0.0,strength
SIG,2021-02-19,2021-03-15,46.15999984741211,58.560001373291016,16,0.2635664884212292,0.49931787175989084,33902.95044792938,0.1,0.0,strength
AZZ,2021-02-26,2021-03-24,51.09000015258789,49.689998626708984,18,-0.031285276748405644,1.0,34913.066864273074,0.1,0.0,sma
MTZ,2021-01-28,2021-03-25,79.05999755859375,85.20999908447266,39,0.07348649163047516,0.5,31845.683256591798,0.1,0.0,sma
ATI,2021-02-12,2021-04-06,18.690000534057617,22.56999969482422,35,0.2027768460829935,0.5,34458.38018463135,0.1,0.0,strength
RNST,2021-01-28,2021-04-21,36.779998779296875,39.619998931884766,57,0.07291562189248135,0.500578034682081,31878.32834197998,0.1,95.26,sma
BFH,2021-03-24,2021-04-21,84.78052520751953,81.42857360839844,19,-0.04337099535798061,1.0,35594.086142074586,0.1,0.0,sma
PENG,2021-04-26,2021-04-29,26.43000030517578,24.354999542236328,3,-0.08218790332699555,1.0,38400.14744338989,0.1,0.0,stop
CHRD,2021-03-25,2021-04-29,61.599998474121094,77.66999816894531,24,0.25584318526428595,0.5,35305.66952545166,0.1,0.0,strength
CPRI,2021-03-04,2021-05-04,46.439998626708984,57.040000915527344,42,0.22334836350274534,0.4993324432576769,34853.12608934784,0.1,0.0,strength
REZI,2021-03-05,2021-05-11,20.431453704833984,19.39457130432129,46,-0.054538744768301006,1.0,34250.18569228363,0.1,0.0,sma
SIG,2021-02-19,2021-05-13,46.15999984741211,58.58000183105469,58,0.2639980442202492,0.5006821282401092,33902.95044792938,0.1,0.0,sma
DE,2020-10-26,2021-05-19,234.25,361.82000732421875,141,0.5384231209281345,0.5043478260869565,26992.6275,0.1,96.28,sma
ANF,2021-01-27,2021-05-21,22.889999389648438,37.95000076293945,80,0.6513108240186065,0.5,32660.549849121093,0.1,0.0,sma
CPRI,2021-03-04,2021-05-21,46.439998626708984,54.060001373291016,55,0.15943571440176418,0.5006675567423231,34853.12608934784,0.1,0.0,sma
ABG,2021-04-29,2021-05-21,204.1199951171875,198.1199951171875,16,-0.03326914729839081,1.0,38246.77996508789,0.1,0.0,egg
PWR,2021-05-11,2021-06-03,98.58999633789062,93.06999969482422,16,-0.05975792460529372,1.0,38625.78594525147,0.1,0.0,egg
AN,2020-10-26,2021-06-07,61.02000045776367,97.58000183105469,153,0.5927640146914439,0.5,27024.781882736206,0.1,0.0,sma
CCS,2021-06-07,2021-06-11,78.3499984741211,66.95999908447266,4,-0.14878500321943966,1.0,38154.255456939696,0.1,0.0,stop
OFG,2021-04-23,2021-06-15,24.18000030517578,23.75,36,-0.021704329106437603,1.0,37868.927157943726,0.1,0.0,sma
BFH,2021-05-21,2021-06-15,93.94253540039062,88.33998107910156,16,-0.06339203972932717,1.0,37181.5160861206,0.1,0.0,egg
DAN,2021-05-21,2021-06-15,26.719999313354492,25.760000228881836,16,-0.03977670074985673,1.0,37215.08064365387,0.1,0.0,egg
WFC,2021-05-24,2021-06-16,46.2400016784668,44.95000076293945,16,-0.03177858959771129,1.0,37621.97512564087,0.1,0.0,egg
ATI,2021-02-12,2021-06-17,18.690000534057617,22.799999237060547,86,0.21503374141981446,0.5,34458.38018463135,0.1,0.0,sma
CUBI,2021-06-16,2021-06-21,41.22999954223633,38.119998931884766,3,-0.07912142350252582,1.0,37057.276208564756,0.1,0.0,stop
CASH,2021-06-16,2021-06-21,53.43000030517578,49.29999923706055,3,-0.08098086145576866,1.0,37047.50733160401,0.1,0.0,stop
PRKS,2021-06-11,2021-06-29,55.54999923706055,49.2599983215332,12,-0.1167713358146385,1.0,37181.61428933716,0.1,0.0,stop
VNOM,2021-05-13,2021-07-07,18.040000915527344,18.200000762939453,37,0.004841748853377181,1.0,37345.18317526245,0.1,0.0,sma
DVN,2021-06-16,2021-07-09,29.059999465942383,28.100000381469727,16,-0.03689520834144022,1.0,37067.366078784944,0.1,0.0,egg
STAA,2021-06-21,2021-07-14,148.16000366210938,135.4600067138672,16,-0.0893679476971031,1.0,35629.51768066406,0.1,0.0,stop
MUR,2021-06-17,2021-07-15,23.239999771118164,21.09000015258789,19,-0.09613559629559232,1.0,36932.356916267396,0.1,0.0,sma
PR,2021-07-09,2021-07-15,6.820000171661377,6.090000152587891,4,-0.1106028413404535,1.0,36006.45006629276,0.1,0.0,stop
CHRD,2021-03-25,2021-07-19,61.599998474121094,84.88999938964844,79,0.37258310472324085,0.5,35305.66952545166,0.1,1251.25,sma
SIG,2021-07-07,2021-07-19,76.12000274658203,64.69000244140625,8,-0.1535502286673368,1.0,36381.859792739866,0.1,0.0,stop
BOOT,2021-05-19,2021-07-20,72.73999786376953,76.23999786376953,42,0.04393248288386831,1.0,38191.99039837647,0.1,0.0,sma
THC,2021-06-03,2021-07-20,67.66000366210938,67.75,32,-0.0026671997365965705,1.0,38507.743844238285,0.1,0.0,sma
CVLT,2021-06-29,2021-07-28,79.58000183105469,75.11000061035156,20,-0.0599376907860234,1.0,36680.014443969725,0.1,0.0,sma
SYNA,2021-07-14,2021-08-05,152.64999389648438,146.25,16,-0.045750583105490406,1.0,35944.49406280518,0.1,0.0,egg
SKY,2021-06-15,2021-08-05,49.2400016784668,60.900001525878906,36,0.23186201624071878,0.5,36905.18429800415,0.1,0.0,strength
ZD,2021-07-15,2021-08-10,120.62608337402344,116.94782257080078,18,-0.03436336704643628,1.0,35051.52730682373,0.1,0.0,sma
THC,2021-07-28,2021-08-11,71.52999877929688,65.41000366210938,10,-0.08920890542674886,1.0,34474.74127166748,0.1,0.0,stop
DXC,2021-08-10,2021-08-18,40.470001220703125,36.7599983215332,6,-0.0952989691901096,1.0,35238.7679229126,0.1,0.0,stop
AA,2021-08-18,2021-08-20,41.4900016784668,37.5,2,-0.09977590045308904,1.0,34671.86672264099,0.1,0.0,stop
BILL,2021-07-19,2021-08-30,188.5399932861328,290.0,30,0.5319949382352396,0.4972067039106145,33816.15611581421,0.1,0.0,strength
CRVL,2021-07-20,2021-08-31,45.220001220703125,54.54999923706055,30,0.20150891867232734,0.5,33439.10562268066,0.1,0.0,strength
AMN,2021-07-15,2021-09-03,96.12000274658203,114.7699966430664,36,0.18926164916154775,0.5,35057.65636175537,0.1,0.0,strength
MTH,2021-08-30,2021-09-15,56.130001068115234,51.19499969482422,11,-0.0915619549574036,1.0,37232.37682850647,0.1,0.0,stop
EL,2021-07-20,2021-09-16,323.45001220703125,325.510009765625,41,0.002351387766706736,1.0,33381.981959838864,0.1,54.59,sma
EFX,2021-08-05,2021-09-22,255.80999755859375,261.8299865722656,33,0.019447087970899002,1.0,35372.38322241211,0.1,53.82,sma
INTU,2021-07-19,2021-09-29,498.7799987792969,548.8800048828125,51,0.09605210408742049,1.0,33485.09643804932,0.1,0.0,sma
SKY,2021-06-15,2021-10-01,49.2400016784668,60.47999954223633,76,0.22336637621720934,0.5,36905.18429800415,0.1,0.0,sma
GOOG,2021-09-15,2021-10-01,145.20599365234375,133.55450439453125,12,-0.08391279633494408,1.0,37247.07984375,0.1,0.0,stop
MSCI,2021-09-22,2021-10-05,645.1500244140625,591.4400024414062,9,-0.08691166052032451,1.0,36200.65816992187,0.1,0.0,stop
GOOGL,2021-09-16,2021-10-08,143.61000061035156,139.57699584960938,16,-0.031962943649046616,1.0,37125.482917785645,0.1,0.0,egg
AMN,2021-07-15,2021-10-15,96.12000274658203,101.83000183105469,65,0.05517573803152742,0.5,35057.65636175537,0.1,0.0,sma
NXRT,2021-08-05,2021-10-26,59.560001373291016,71.81999969482422,57,0.20102907085046517,0.4991568296795953,35389.7189759903,0.1,100.936,strength
DFIN,2021-08-11,2021-11-02,33.16999816894531,39.9900016784668,58,0.20079478902394876,0.5,35164.04577886963,0.1,0.0,strength
CELH,2021-10-01,2021-11-11,31.39666748046875,35.18333435058594,29,0.11613380432328246,1.0,35863.785329589846,0.1,0.0,sma
WTS,2021-09-29,2021-11-11,174.1199951171875,210.2899932861328,31,0.20290901762341895,0.5,35940.45643212891,0.1,0.0,strength
BILL,2021-07-19,2021-11-24,188.5399932861328,291.04998779296875,91,0.5375417519732977,0.5027932960893855,33816.15611581421,0.1,0.0,sma
KFY,2021-10-18,2021-11-29,76.08000183105469,76.16000366210938,29,-0.0029446650144638875,1.0,36972.59848983765,0.1,0.0,sma
WCC,2021-10-08,2021-12-01,116.70999908447266,128.22999572753906,37,0.0943201142908916,1.0,37071.06384919739,0.1,0.0,sma
WTS,2021-09-29,2021-12-02,174.1199951171875,186.4600067138672,45,0.06659579943514493,0.5,35940.45643212891,0.1,26.78,sma
ZWS,2021-10-05,2021-12-02,33.04999923706055,34.7599983215332,41,0.047541199769872255,1.0,35632.922777435306,0.1,32.28,sma
TNDM,2021-11-11,2021-12-06,134.02999877929688,133.66000366210938,16,-0.006741535434809709,1.0,40020.82151550293,0.1,0.0,egg
PANW,2021-10-01,2021-12-07,81.08499908447266,86.22000122070312,46,0.05908380796304824,1.0,35830.001565444945,0.1,0.0,sma
NVDA,2021-12-07,2021-12-14,32.426998138427734,27.698999404907227,5,-0.14921435406351458,1.0,38925.2388573761,0.1,0.0,stop
OMCL,2021-11-24,2021-12-17,179.77999877929688,175.0,16,-0.030473921520233982,1.0,40531.40072479248,0.1,0.0,egg
DFIN,2021-08-11,2022-01-05,33.16999816894531,44.06999969482422,102,0.323306420722832,0.5,35164.04577886963,0.1,0.0,sma
KEYS,2021-12-06,2022-01-06,195.14999389648438,192.1999969482422,22,-0.019048232238701446,1.0,38912.518482971194,0.1,0.0,sma
EFX,2021-12-14,2022-01-06,288.2200012207031,278.92999267578125,16,-0.03609569594612938,1.0,38698.72312390137,0.1,0.0,egg
CRVL,2021-07-20,2022-01-10,45.220001220703125,63.04666519165039,121,0.388655024377192,0.5,33439.10562268066,0.1,0.0,sma
MXL,2021-11-29,2022-01-10,68.91000366210938,63.849998474121094,29,-0.07712806731978539,1.0,39495.35513891601,0.1,0.0,sma
AOSL,2021-12-17,2022-01-14,50.560001373291016,48.380001068115234,19,-0.04693698531480428,1.0,38401.1300030365,0.1,0.0,breakeven
ON,2021-12-02,2022-01-19,62.540000915527344,63.41999816894531,32,0.010022763013380898,1.0,38789.685087844846,0.1,0.0,sma
ACLS,2021-12-02,2022-01-20,63.9900016784668,63.90999984741211,33,-0.005237248979121256,1.0,38791.37891750336,0.1,0.0,breakeven
BLDR,2022-01-06,2022-01-20,82.45999908447266,73.7699966430664,9,-0.10895577911376886,1.0,39494.711321502684,0.1,0.0,stop
CHH,2022-01-10,2022-01-20,152.33999633789062,140.77999877929688,7,-0.0795719696278453,1.0,38313.81375897217,0.1,0.0,stop
PLAB,2022-01-06,2022-01-21,19.260000228881836,16.450000762939453,10,-0.14930779322372045,1.0,39504.07090945816,0.1,0.0,stop
NXRT,2021-08-05,2022-01-24,59.560001373291016,77.48999786376953,118,0.29584712517389034,0.5008431703204047,35389.7189759903,0.1,214.13700000000003,sma
UDR,2022-01-05,2022-01-28,59.209999084472656,54.709999084472656,16,-0.07968929678965897,1.0,41114.59442427063,0.1,251.559,egg
COKE,2022-01-14,2022-02-03,61.560001373291016,55.79999923706055,13,-0.09718577795221583,1.0,38243.53525314331,0.1,15.5,stop
ROG,2021-12-01,2022-02-08,271.0,272.5,47,0.0015209433531462313,1.0,39102.048,0.1,0.0,sma
PEP,2022-01-20,2022-02-11,173.94000244140625,168.05999755859375,16,-0.037661854574631004,1.0,36426.167431274414,0.1,0.0,egg
CHRD,2022-01-20,2022-02-17,132.8800048828125,129.8300018310547,20,-0.026853449436188837,1.0,36348.79381567383,0.1,159.70499999999998,sma
VNOM,2022-02-01,2022-02-24,27.65999984741211,28.190000534057617,16,0.01509276054507569,1.0,36279.35367986298,0.1,0.0,egg
MOS,2022-01-20,2022-02-28,40.529998779296875,49.290000915527344,26,0.21128141928008115,0.49944258639910816,36428.11972283936,0.1,0.0,strength
AIG,2022-01-19,2022-03-02,58.84000015258789,58.75,29,-0.005515484192217035,1.0,37202.296176475524,0.1,0.0,sma
HAFC,2022-02-08,2022-03-02,27.020000457763672,24.670000076293945,15,-0.09061744538212635,1.0,37389.249873435976,0.1,0.0,stop
APA,2022-01-21,2022-03-02,30.100000381469727,38.0,27,0.2574187014467244,0.5,36312.88126020813,0.1,0.0,strength
AMPH,2022-02-03,2022-03-08,25.440000534057617,30.09000015258789,22,0.17806131141301473,0.4996577686516085,37242.17646181869,0.1,0.0,strength
MCK,2022-01-10,2022-03-25,250.72000122070312,305.0,52,0.21164021079565853,0.49673202614379086,38436.88050714111,0.1,35.72,strength
CNC,2022-03-25,2022-04-19,85.58999633789062,85.5,16,-0.005039300404422908,1.0,40822.31993334961,0.1,0.0,egg
COP,2022-02-17,2022-04-25,91.16000366210938,93.0,45,0.01611165855482688,1.0,36993.6410861206,0.1,121.5,sma
RES,2022-03-25,2022-04-26,11.479999542236328,10.630000114440918,21,-0.07773820501554918,1.0,40835.50637168884,0.1,0.0,stop
APA,2022-01-21,2022-04-27,30.100000381469727,38.84000015258789,66,0.2852142777909905,0.5,36312.88126020813,0.1,75.25,sma
KBR,2022-03-23,2022-04-27,53.16999816894531,51.5099983215332,24,-0.03508799412214891,1.0,40330.18799111938,0.1,0.0,sma
MOS,2022-01-20,2022-05-02,40.529998779296875,62.0099983215332,70,0.52387010309023,0.5005574136008919,36428.11972283936,0.1,50.737,sma
AMPH,2022-02-03,2022-05-06,25.440000534057617,34.099998474121094,64,0.3350577839113076,0.5003422313483915,37242.17646181869,0.1,0.0,sma
NFG,2022-03-23,2022-05-10,65.25,67.62999725341797,33,0.032337428727390094,1.0,40339.7685,0.1,280.735,sma
ELV,2022-02-11,2022-05-11,447.9100036621094,489.32000732421875,61,0.08809053170677328,1.0,36802.07754089355,0.1,104.96000000000001,sma
MCK,2022-01-10,2022-06-03,250.72000122070312,318.5899963378906,100,0.26562770596796703,0.5032679738562091,38436.88050714111,0.1,72.38,sma
FSS,2022-12-01,2022-12-16,48.95000076293945,44.459999084472656,11,-0.09535212731367149,1.0,39581.655916923526,0.1,0.0,stop
TKO,2022-12-01,2022-12-16,79.11000061035156,72.22000122070312,11,-0.0907382471539987,1.0,39554.84208517456,0.1,59.879999999999995,stop
DGII,2022-12-02,2022-12-19,41.06999969482422,37.400001525878906,11,-0.09299487705434661,1.0,39547.206246139525,0.1,0.0,stop
SMCI,2022-12-02,2022-12-20,8.670000076293945,8.331999778747559,12,-0.04282142680992351,1.0,39570.83404821396,0.1,0.0,stop
HUBB,2022-12-01,2022-12-23,252.3300018310547,234.6999969482422,16,-0.0735819398549592,1.0,39442.20724621582,0.1,0.0,egg
TKR,2022-12-01,2022-12-23,74.66999816894531,70.12999725341797,16,-0.06455016877726194,1.0,39579.42988943482,0.1,0.0,egg
EME,2022-12-02,2022-12-27,153.88999938964844,149.8000030517578,16,-0.030463320298151797,1.0,39474.6315234375,0.1,0.0,egg
IRDM,2022-12-02,2022-12-27,52.72999954223633,50.470001220703125,16,-0.04668073949712115,1.0,39573.75919644928,0.1,0.0,egg
FLR,2022-12-01,2023-01-05,33.72999954223633,33.20000076293945,23,-0.019642268647310224,1.0,39610.622582427975,0.1,0.0,sma
ROST,2023-01-18,2023-02-09,117.37999725341797,115.68000030517578,16,-0.018417050666468038,1.0,37401.49280484009,0.1,0.0,egg
DRI,2023-01-25,2023-02-16,147.77999877929688,145.47000122070312,16,-0.0195609429572281,1.0,37315.040811767576,0.1,0.0,egg
MTRN,2023-01-25,2023-02-16,91.1500015258789,91.7300033569336,16,0.0023457398719026745,1.0,37354.91132533264,0.1,0.0,egg
VAL,2023-01-30,2023-02-22,71.69000244140625,66.05000305175781,16,-0.08235000495845868,1.0,37425.1922545166,0.1,0.0,egg
NVR,2023-02-07,2023-03-02,5164.89990234375,5122.7001953125,16,-0.012129878447811104,1.0,36226.607915039065,0.1,0.0,egg
RELY,2023-01-25,2023-03-03,12.210000038146973,14.90999984741211,26,0.21625543354143706,0.4998364409551848,37400.62205684853,0.1,0.0,strength
FLEX,2023-02-16,2023-03-13,18.266767501831055,15.953277587890625,16,-0.1301366348794859,1.0,38400.32557527924,0.1,0.0,stop
CROX,2023-03-03,2023-03-13,125.54000091552734,112.1500015258789,6,-0.11022545711043263,1.0,38617.86184162903,0.1,0.0,stop
HLX,2023-01-24,2023-03-14,7.579999923706055,7.71999979019165,34,0.014403892499819326,1.0,37352.99650403595,0.1,0.0,sma
DCI,2023-01-24,2023-03-16,61.029998779296875,61.9900016784668,36,0.011675206240556069,1.0,37302.755853881834,0.1,140.3,sma
KTB,2023-03-17,2023-04-11,49.369998931884766,46.34000015258789,16,-0.0651202930812651,1.0,38437.21014841461,0.1,0.0,egg
CVCO,2023-03-17,2023-04-11,289.4100036621094,285.6099853515625,16,-0.01706982436749671,1.0,38278.524724365234,0.1,0.0,egg
DXCM,2023-03-17,2023-04-11,113.93000030517578,112.0,16,-0.020864619391131045,1.0,38471.198923049924,0.1,0.0,egg
ACLS,2023-03-02,2023-04-13,129.1699981689453,125.37000274658203,29,-0.033293137231597214,1.0,38310.788096923825,0.1,0.0,sma
FOUR,2023-04-13,2023-04-20,73.02999877929688,63.349998474121094,5,-0.1360111553702661,1.0,38710.135092956545,0.1,0.0,stop
GE,2023-02-22,2023-04-25,66.39265441894531,81.3647232055664,43,0.22061566359316598,0.5,37387.29712701416,0.1,17.941007,strength
PDFS,2023-04-11,2023-04-26,41.11000061035156,37.68000030517578,11,-0.08709363694753003,1.0,38761.8795954895,0.1,0.0,stop
REGN,2023-02-10,2023-04-27,757.6099853515625,775.3300170898438,52,0.01930399837952601,1.0,37197.13506079101,0.1,0.0,sma
GRBK,2023-04-11,2023-05-05,35.130001068115234,46.38999938964844,18,0.31525215959253106,0.49954586739327883,38755.48743834686,0.1,0.0,strength
ASO,2023-04-25,2023-05-09,65.87000274658203,60.2400016784668,10,-0.08912220847047847,1.0,38875.02648097229,0.1,0.0,stop
TXRH,2023-01-25,2023-05-11,97.7300033569336,105.3499984741211,74,0.07366659156604372,1.0,37309.60154154968,0.1,209.55,sma
DKS,2023-01-27,2023-05-11,126.2300033569336,140.0399932861328,72,0.10497463112921301,1.0,37818.25654573059,0.1,299.0,sma
CPRT,2023-03-17,2023-05-19,34.86000061035156,44.209999084472656,44,0.26315293434343046,0.49954586739327883,38457.622393341066,0.1,0.0,strength
NVR,2023-04-27,2023-05-24,5799.52001953125,5609.0,19,-0.0367118720823606,1.0,34866.71435742187,0.1,0.0,sma
LVS,2023-05-09,2023-05-24,62.369998931884766,54.869998931884766,11,-0.12376209786910242,1.0,39371.685525741574,0.1,0.0,stop
MTH,2023-05-11,2023-05-24,63.40999984741211,57.650001525878906,9,-0.09446677278974769,1.0,39519.90194490051,0.1,0.0,stop
COO,2023-04-26,2023-05-26,93.98750305175781,92.75250244140625,22,-0.01707961195959784,1.0,38235.2440914917,0.1,0.0,sma
RELY,2023-01-25,2023-05-30,12.210000038146973,17.18000030517578,86,0.4014264878104832,0.5001635590448151,37400.62205684853,0.1,0.0,sma
WINA,2023-04-27,2023-06-01,333.489990234375,329.95001220703125,24,-0.014564586305344629,1.0,37759.73763427734,0.1,90.4,sma
COCO,2023-05-24,2023-06-16,23.700000762939453,29.469999313354492,16,0.23849593504722932,0.5,38708.26324607849,0.1,0.0,strength
WT,2023-06-01,2023-06-26,6.889999866485596,6.78000020980835,16,-0.019893400353313884,1.0,38902.79954614162,0.1,0.0,egg
SAIA,2023-05-11,2023-06-28,281.989990234375,343.7300109863281,32,0.2140779713819574,0.49640287769784175,39275.00185986328,0.1,0.0,strength
MHO,2023-05-26,2023-06-29,71.36000061035156,86.44000244140625,22,0.20648727347252338,0.5,38754.474571472165,0.1,0.0,strength
PTGX,2023-05-24,2023-07-05,25.1200008392334,23.510000228881836,27,-0.06782853701235947,1.0,38711.83041332245,0.1,0.0,stop
COCO,2023-05-24,2023-07-07,23.700000762939453,25.530000686645508,29,0.07291492395234656,0.5,38708.26324607849,0.1,0.0,sma
GRBK,2023-04-11,2023-07-10,35.130001068115234,50.0,61,0.4176031223294425,0.5004541326067211,38755.48743834686,0.1,0.0,sma
PEN,2023-05-24,2023-07-13,307.57000732421875,318.510009765625,33,0.03143513725719638,1.0,38523.1434173584,0.1,0.0,sma
CMG,2023-05-30,2023-07-17,41.42559814453125,41.29100036621094,32,-0.007228190407169488,1.0,38934.92548168945,0.1,0.0,sma
VNT,2023-07-07,2023-07-31,31.8700008392334,30.760000228881836,16,-0.03868198901724795,1.0,40587.78460879898,0.1,0.0,egg
DFH,2023-06-26,2023-08-07,22.709999084472656,30.219999313354492,29,0.32537920770416595,0.49972390944229705,41210.06395866394,0.1,0.0,strength
CPRT,2023-03-17,2023-08-09,34.86000061035156,43.86000061035156,99,0.2531528979544442,0.5004541326067211,38457.622393341066,0.1,0.0,sma
ACLS,2023-07-10,2023-08-10,177.92999267578125,174.47000122070312,23,-0.023360190282664228,1.0,40470.88855407715,0.1,0.0,sma
ONTO,2023-07-13,2023-08-14,112.08999633789062,109.16000366210938,22,-0.030027310763115378,1.0,41556.24524230957,0.1,0.0,sma
CCL,2023-07-17,2023-08-16,17.709999084472656,16.479999542236328,22,-0.07316702600502722,1.0,41914.679873199464,0.1,0.0,sma
GSHD,2023-07-05,2023-08-17,61.5,62.720001220703125,31,0.01576621096444053,1.0,41595.525,0.1,0.0,sma
NVR,2023-07-31,2023-08-22,6306.43994140625,6017.10986328125,16,-0.04968737983587934,1.0,37914.31692773438,0.1,0.0,egg
PHM,2023-08-10,2023-09-01,82.95999908447266,82.25,16,-0.012516181404349291,1.0,42892.97424664307,0.1,0.0,egg
MHO,2023-05-26,2023-09-06,71.36000061035156,93.02999877929688,69,0.2984672189761697,0.5,38754.474571472165,0.1,0.0,sma
ACA,2023-08-16,2023-09-08,76.7699966430664,76.0199966430664,16,-0.013722457816291111,1.0,42231.021613357545,0.1,0.0,egg
EHC,2023-08-17,2023-09-13,69.18000030517578,68.51000213623047,18,-0.01363820739062127,1.0,42076.24470561218,0.1,0.0,sma
DFH,2023-06-26,2023-09-14,22.709999084472656,26.100000381469727,56,0.14468559274202497,0.500276090557703,41210.06395866394,0.1,0.0,sma
EME,2023-08-22,2023-09-14,217.11000061035156,217.05999755859375,16,-0.004221408619884293,1.0,41115.85769558716,0.1,0.0,egg
SAIA,2023-05-11,2023-09-18,281.989990234375,406.3999938964844,88,0.43543264885040434,0.5035971223021583,39275.00185986328,0.1,0.0,sma
SSD,2023-08-09,2023-09-18,155.89999389648438,152.6199951171875,27,-0.024947148102089978,1.0,43426.8786998291,0.1,0.0,sma
GE,2023-02-22,2023-09-22,66.39265441894531,90.10375213623047,147,0.35171665155342047,0.5,37387.29712701416,0.1,35.882014,sma
NE,2023-08-14,2023-09-22,52.16999816894531,51.06999969482422,28,-0.024992730959457754,1.0,42342.213913879394,0.1,243.0,sma
COCO,2023-09-14,2023-09-22,28.780000686645508,25.030000686645508,6,-0.13377067653122676,1.0,41410.737147994994,0.1,0.0,stop
ANIP,2023-09-14,2023-09-25,63.61000061035156,58.709999084472656,7,-0.08071643971771325,1.0,41365.456176910404,0.1,0.0,stop
XPO,2023-09-06,2023-09-28,72.68000030517578,70.0,16,-0.04071878660585948,1.0,41728.931455215454,0.1,0.0,egg
LLY,2023-09-18,2023-10-04,571.280029296875,525.5599975585938,12,-0.08370339096146029,1.0,40642.00384423828,0.1,0.0,stop
SKYW,2023-09-13,2023-10-05,42.369998931884766,41.4900016784668,16,-0.024678452418995578,1.0,41860.37258473205,0.1,0.0,egg
OLLI,2023-09-08,2023-10-06,76.81500244140625,72.16000366210938,20,-0.06435022468354523,1.0,41870.93605078125,0.1,0.0,sma
LII,2023-09-18,2023-10-16,377.6199951171875,376.3699951171875,20,-0.007289007642600431,1.0,40864.525391601564,0.1,0.0,sma
AKAM,2023-09-28,2023-10-20,107.04000091552734,107.06999969482422,16,-0.0037128771093629664,1.0,40220.2803440094,0.1,0.0,egg
POWL,2023-10-04,2023-10-20,27.773332595825195,25.010000228881836,12,-0.1030907139911873,1.0,39043.91760320663,0.1,0.0,stop
DUOL,2023-10-16,2023-10-20,167.1999969482422,151.6300048828125,4,-0.09674223541503202,1.0,40208.25526611328,0.1,0.0,stop
ARES,2023-09-25,2023-10-23,105.69999694824219,101.25,20,-0.04592420723896129,1.0,39822.68525024414,0.1,0.0,sma
OII,2023-09-22,2023-10-26,24.219999313354492,23.059999465942383,24,-0.0516951184558182,1.0,39751.70359302521,0.1,0.0,sma
CNR,2023-10-06,2023-11-01,102.12999725341797,93.86000061035156,18,-0.08464395864826191,1.0,39194.0205259552,0.1,0.0,stop
ANF,2023-10-05,2023-11-06,54.540000915527344,65.16000366210938,22,0.18995017964024963,0.4993045897079277,39292.68917958069,0.1,0.0,strength
RRC,2023-11-06,2023-11-29,35.33000183105469,32.619998931884766,16,-0.08039123432163853,1.0,39719.542578552246,0.1,0.0,stop
CHRD,2023-11-06,2023-11-29,167.60000610351562,162.07000732421875,16,-0.03685551677524557,1.0,39632.70864331055,0.1,590.0,egg
CBOE,2023-09-01,2023-11-29,150.36000061035156,180.8800048828125,61,0.19817722987302155,0.5,42486.32321246338,0.1,77.55000000000001,strength
FTI,2023-11-07,2023-11-30,21.100000381469727,20.459999084472656,16,-0.03420274535552348,1.0,40106.754125095365,0.1,94.85000000000001,egg
CEG,2023-09-22,2023-12-07,110.36000061035156,113.26000213623047,53,0.022180733737496183,1.0,39698.47869955444,0.1,101.23799999999999,sma
GIII,2023-10-20,2023-12-08,24.719999313354492,30.149999618530273,34,0.21479130957714299,0.5,39829.258413665775,0.1,0.0,strength
KTOS,2023-11-06,2023-12-14,17.559999465942383,21.299999237060547,27,0.2081417964239054,0.49977846699158174,39712.18463222122,0.1,0.0,strength
HCI,2023-12-07,2024-01-02,88.05000305175781,87.0999984741211,16,-0.014738320470027988,1.0,40848.6857157898,0.1,0.0,egg
KTOS,2023-11-06,2024-01-04,17.559999465942383,18.700000762939453,40,0.06066917014518447,0.5002215330084182,39712.18463222122,0.1,0.0,sma
XPO,2023-11-30,2024-01-04,86.27999877929688,84.43000030517578,23,-0.02534821991731162,1.0,40546.250066345216,0.1,0.0,sma
GPOR,2023-11-07,2024-01-05,126.41000366210938,127.41999816894531,40,0.003965919033076526,1.0,40025.452279541016,0.1,0.0,sma
CBOE,2023-09-01,2024-01-08,150.36000061035156,174.1199951171875,87,0.1533978758469161,0.5,42486.32321246338,0.1,77.55000000000001,sma
YELP,2023-11-09,2024-01-11,43.540000915527344,44.43000030517578,42,0.016367342764913584,1.0,39395.254068374634,0.1,0.0,sma
CLSK,2024-01-04,2024-01-12,10.760000228881836,9.010000228881836,6,-0.16598215862413146,1.0,41767.609368461606,0.1,0.0,stop
CVNA,2024-01-02,2024-01-16,9.77400016784668,8.329999923706055,9,-0.15114116139569145,1.0,43199.34096985245,0.1,0.0,stop
VRT,2023-11-29,2024-01-19,42.290000915527344,52.5,34,0.23647240552500226,0.49948506694129763,41145.71807075501,0.1,12.125,strength
GIII,2023-10-20,2024-01-22,24.719999313354492,30.190000534057617,62,0.21640300991454153,0.5,39829.258413665775,0.1,0.0,sma
AEO,2023-11-29,2024-02-01,19.100000381469727,19.989999771118164,43,0.042418794511992486,1.0,41147.13082180023,0.1,268.75,sma
MHO,2024-01-05,2024-02-06,127.81999969482422,123.69999694824219,21,-0.03609619089864291,1.0,41880.73418000794,0.1,0.0,sma
INVA,2024-01-16,2024-02-07,16.420000076293945,15.8100004196167,16,-0.04099350960291692,1.0,41510.515512874605,0.1,0.0,egg
NHC,2024-01-04,2024-02-08,93.5,90.62000274658203,24,-0.034671163116666515,1.0,41690.715,0.1,0.0,sma
HST,2024-01-22,2024-02-13,19.920000076293945,19.229999542236328,16,-0.03849231909434514,1.0,41935.62400061417,0.1,0.0,egg
BGC,2024-01-12,2024-03-01,6.730000019073486,6.960000038146973,33,0.030046892601839348,1.0,42112.90781935215,0.1,0.0,sma
ADMA,2024-02-06,2024-03-11,5.269999980926514,6.340000152587891,23,0.19823354717186392,0.49993741394417324,42186.23390731716,0.1,0.0,strength
AMR,2024-03-01,2024-03-12,386.0199890136719,345.0,7,-0.1098317075003914,1.0,44867.87536303711,0.1,0.0,stop
TT,2024-01-11,2024-03-21,245.99000549316406,299.3699951171875,48,0.21214235805448856,0.49707602339181284,42148.41952120972,0.1,71.39999999999999,strength
PVH,2024-02-01,2024-04-03,123.23999786376953,108.01000213623047,42,-0.12707865670437202,1.0,41614.94303865051,0.1,12.806,stop
PLTR,2024-03-12,2024-04-03,24.700000762939453,22.440000534057617,15,-0.09512473671104216,1.0,44573.670776802064,0.1,0.0,stop
ANF,2023-10-05,2024-04-09,54.540000915527344,120.54000091552734,127,1.20129815349713,0.5006954102920723,39292.68917958069,0.1,0.0,sma
UBER,2024-02-13,2024-04-09,68.98999786376953,74.7699966430664,38,0.07945377487313032,1.0,43550.62605148315,0.1,0.0,sma
HLT,2024-01-08,2024-04-18,182.1999969482422,201.22000122070312,70,0.09998205883433098,1.0,41259.55370892334,0.1,33.9,sma
VCEL,2024-02-07,2024-04-18,44.22999954223633,46.060001373291016,49,0.037217490099938466,1.0,41925.26272608948,0.1,0.0,sma
DAVE,2024-04-03,2024-04-18,37.5,34.2599983215332,11,-0.0900471503688588,1.0,45841.5,0.1,0.0,stop
PI,2024-04-03,2024-04-25,123.08000183105469,130.27999877929688,16,0.054272968909807595,1.0,45754.00604067993,0.1,0.0,egg
DY,2024-04-09,2024-05-01,141.80999755859375,140.5,16,-0.013192834315745028,1.0,45327.86399963379,0.1,0.0,egg
JXN,2024-04-09,2024-05-10,64.95999908447266,78.58999633789062,23,0.20499176294308175,0.5,45432.76351968384,0.1,0.0,strength
USLM,2024-04-19,2024-05-13,59.35200119018555,73.79000091552734,16,0.2382974218187326,0.4993160054719562,43473.085495765685,0.1,0.0,strength
SLM,2024-02-08,2024-05-16,19.5,21.100000381469727,68,0.07773173553952528,1.0,42008.85,0.1,236.5,sma
PGR,2024-04-18,2024-05-17,209.75,209.30999755859375,21,-0.006081388767273266,1.0,43294.917,0.1,0.0,sma
ENVA,2024-04-25,2024-05-17,62.45000076293945,61.470001220703125,16,-0.019621917593209637,1.0,44803.628947357174,0.1,0.0,egg
VRT,2023-11-29,2024-06-07,42.290000915527344,87.87000274658203,131,1.0695015937058066,0.5005149330587023,41145.71807075501,0.1,24.3,sma
USLM,2024-04-19,2024-06-10,59.35200119018555,64.36199951171875,35,0.08008262731555327,0.5006839945280438,43473.085495765685,0.1,18.3,sma
QNST,2024-05-16,2024-06-10,18.209999084472656,16.899999618530273,16,-0.07564330606992553,1.0,48498.981921661376,0.1,0.0,egg
VCTR,2024-05-17,2024-06-11,51.689998626708984,48.439998626708984,16,-0.06661585102522272,1.0,47857.08184854126,0.1,341.88,egg
CMG,2024-05-17,2024-06-11,64.26860046386719,62.325599670410156,16,-0.034103832458476147,1.0,47847.07328494263,0.1,0.0,egg
JXN,2024-04-09,2024-06-12,64.95999908447266,72.36000061035156,45,0.10946950967080671,0.5,45432.76351968384,0.1,244.29999999999998,sma
HCC,2024-05-03,2024-06-14,66.2300033569336,64.20999908447266,29,-0.034370096613881906,1.0,45790.09972091675,0.1,0.0,sma
CEG,2024-06-11,2024-07-01,218.30999755859375,208.19000244140625,13,-0.050163039044446966,1.0,47468.016009155275,0.1,0.0,stop
TT,2024-01-11,2024-07-02,245.99000549316406,323.0799865722656,118,0.3081435786863693,0.5029239766081871,42148.41952120972,0.1,144.48,sma
RSI,2024-06-10,2024-07-03,8.890000343322754,8.75,16,-0.019677218929997298,1.0,47460.65367288208,0.1,0.0,egg
THC,2024-06-10,2024-07-03,137.75999450683594,134.2899932861328,16,-0.02908020599589789,1.0,47346.181472076416,0.1,0.0,egg
AR,2024-06-12,2024-07-08,34.86000061035156,32.79999923706055,16,-0.06284966883641563,1.0,47259.91198745728,0.1,0.0,egg
CSW,2024-05-01,2024-07-17,240.60000610351562,298.29998779296875,52,0.23486767224186123,0.49732620320855614,45082.18554364014,0.1,0.0,strength
TLN,2024-06-07,2024-07-17,111.69999694824219,134.0,26,0.19485294097297445,0.49882903981264637,47791.290494293215,0.1,0.0,strength
BOOT,2024-07-01,2024-07-19,130.1300048828125,121.1500015258789,13,-0.07272447354534617,1.0,47462.056420898436,0.1,0.0,stop
TLN,2024-06-07,2024-07-26,111.69999694824219,109.63999938964844,33,-0.022360628962712292,0.5011709601873536,47791.290494293215,0.1,0.0,breakeven
BKNG,2024-07-08,2024-07-26,159.38519287109375,147.9416046142578,14,-0.07550371077776319,1.0,47911.188977050784,0.1,0.0,stop
SKYW,2024-06-14,2024-07-29,76.77999877929688,76.81999969482422,29,-0.0034731147976125865,1.0,47852.6735592041,0.1,0.0,sma
GKOS,2024-06-11,2024-08-05,113.16999816894531,112.04000091552734,37,-0.013937110114467188,1.0,47399.66935308838,0.1,0.0,sma
ADMA,2024-02-06,2024-08-06,5.269999980926514,11.399999618530273,125,1.1545523110269453,0.5000625860558268,42186.23390731716,0.1,0.0,sma
WMT,2024-07-03,2024-08-06,68.23999786376953,67.83999633789062,23,-0.009830303275688013,1.0,47726.781545928956,0.1,0.0,sma
PTGX,2024-07-05,2024-08-13,33.720001220703125,41.10499954223633,27,0.21414312709336136,0.49964564138908574,47674.07956585693,0.1,0.0,strength
KBR,2024-07-26,2024-08-19,65.7699966430664,65.54000091552734,16,-0.00747502634687458,1.0,49623.85708717346,0.1,0.0,egg
BCPC,2024-08-01,2024-08-23,175.99000549316406,168.89999389648438,16,-0.04411763638260657,1.0,49023.07197015381,0.1,0.0,egg
CSW,2024-05-01,2024-09-06,240.60000610351562,292.45001220703125,88,0.2106506221912523,0.5026737967914439,45082.18554364014,0.1,19.74,sma
CRS,2024-08-27,2024-09-09,143.86000061035156,133.75999450683594,8,-0.07391893571777075,1.0,50163.40677282715,0.1,0.0,stop
EVR,2024-08-01,2024-09-12,238.1300048828125,230.33999633789062,29,-0.03657468319740986,1.0,48914.284302978514,0.1,164.0,sma
SPNT,2024-08-20,2024-09-12,14.5,14.0,16,-0.03833711886571689,1.0,49137.078,0.1,0.0,egg
GWRE,2024-07-19,2024-09-16,141.55999755859375,171.80999755859375,40,0.20884524057748766,0.5,49077.718673583986,0.1,0.0,strength
BURL,2024-07-18,2024-10-02,246.1999969482422,256.7699890136719,53,0.038769140079129016,1.0,49831.86418231201,0.1,0.0,sma
EBAY,2024-08-06,2024-10-09,55.91999816894531,67.05000305175781,45,0.19424786401376282,0.5,46282.29832452392,0.1,111.51,strength
CPF,2024-08-06,2024-10-16,24.670000076293945,29.850000381469727,50,0.2051414110804699,0.5,46274.60462310791,0.1,243.36,strength
GVA,2024-08-05,2024-10-22,68.9000015258789,83.33000183105469,55,0.20460588236638055,0.5,47636.08305496216,0.1,44.85,strength
MMM,2024-09-12,2024-10-23,132.02999877929688,131.22000122070312,29,-0.010102476036721098,1.0,49610.2720413208,0.1,0.0,sma
EBAY,2024-08-06,2024-10-30,55.91999816894531,62.7400016784668,60,0.11748112725499027,0.5,46282.29832452392,0.1,111.51,sma
CPF,2024-08-06,2024-10-31,24.670000076293945,26.940000534057617,61,0.08765527112948912,0.5,46274.60462310791,0.1,243.36,sma
HIW,2024-09-09,2024-11-04,31.6200008392334,32.599998474121094,40,0.02687722637140677,1.0,48950.607099208835,0.1,0.0,sma
RSI,2024-10-02,2024-11-06,10.479999542236328,10.84000015258789,25,0.03022205825221147,1.0,51381.19503568268,0.1,0.0,sma
PAYO,2024-09-12,2024-11-06,7.480000019073486,10.40999984741211,39,0.3861554726410268,0.4999245510789196,49669.10004665279,0.1,0.0,strength
FTDR,2024-09-06,2024-11-07,47.59000015258789,56.880001068115234,44,0.19043780235220487,0.49951314508276534,48972.68001702118,0.1,0.0,strength
PTGX,2024-07-05,2024-11-13,33.720001220703125,43.59000015258789,92,0.28754408672069287,0.5003543586109143,47674.07956585693,0.1,0.0,sma
POWL,2024-10-23,2024-11-14,85.0566635131836,105.74333190917969,16,0.23824752217511325,0.5,53181.50874829102,0.1,0.0,strength
ENSG,2024-11-04,2024-11-26,153.38999938964844,145.0500030517578,16,-0.05814615230282649,1.0,53025.38888900757,0.1,0.0,egg
POWL,2024-10-23,2024-11-29,85.0566635131836,88.086669921875,26,0.03148916152083192,0.5,53181.50874829102,0.1,27.559896,sma
VNO,2024-11-06,2024-11-29,43.56999969482422,43.540000915527344,16,-0.004677786541857354,1.0,54964.33887501526,0.1,0.0,egg
GWRE,2024-07-19,2024-12-09,141.55999755859375,178.50999450683594,99,0.25598603295194833,0.5,49077.718673583986,0.1,0.0,sma
SEZL,2024-12-02,2024-12-10,63.836666107177734,55.0,6,-0.1418656007225756,1.0,59103.04964199829,0.1,0.0,stop
VCYT,2024-11-15,2024-12-12,35.939998626708984,43.130001068115234,18,0.1952650822647608,0.5,56394.60192512512,0.1,0.0,strength
GVA,2024-08-05,2024-12-19,68.9000015258789,90.05999755859375,96,0.30189368104098624,0.5,47636.08305496216,0.1,44.85,sma
CASH,2024-10-30,2024-12-19,71.13999938964844,76.2699966430664,35,0.06783140638650087,1.0,53105.29814437866,0.1,37.25,sma
KKR,2024-10-31,2024-12-19,138.24000549316406,146.94000244140625,34,0.05869075368743348,1.0,52913.29746258545,0.1,66.85,sma
DAVE,2024-11-27,2024-12-20,91.02999877929688,83.19000244140625,16,-0.08977361601237976,1.0,58740.56585229492,0.1,0.0,egg
TRUP,2024-12-10,2024-12-20,53.9900016784668,48.63999938964844,8,-0.10268890110591866,1.0,55991.41104068756,0.1,0.0,stop
EXLS,2024-12-02,2024-12-24,46.09000015258789,44.880001068115234,16,-0.030140177061928175,1.0,59159.37277585602,0.1,0.0,egg
FTDR,2024-09-06,2024-12-31,47.59000015258789,54.880001068115234,80,0.1485799338572087,0.5004868549172347,48972.68001702118,0.1,0.0,sma
AXON,2024-12-09,2025-01-02,642.5900268554688,604.0700073242188,16,-0.06369765314693099,1.0,57948.76862182617,0.1,0.0,egg
PLTR,2024-12-20,2025-01-08,80.55000305175781,68.12000274658203,11,-0.1576900802315674,1.0,53915.01684265137,0.1,0.0,stop
PAYO,2024-09-12,2025-01-10,7.480000019073486,9.930000305175781,82,0.32224058291108326,0.5000754489210805,49669.10004665279,0.1,0.0,sma
MIR,2024-12-19,2025-01-13,17.56999969482422,15.510000228881836,14,-0.12076924709030179,1.0,53783.70176582337,0.1,0.0,stop
WMT,2024-12-19,2025-01-15,93.4000015258789,91.06999969482422,16,-0.028838915203889814,1.0,53718.8240776062,0.1,0.0,egg
AGYS,2024-12-19,2025-01-15,134.86000061035156,134.7899932861328,16,-0.004509054775323262,1.0,53781.628803405765,0.1,0.0,egg
DXPE,2024-12-20,2025-01-16,78.87999725341797,98.30000305175781,16,0.24122199897353602,0.5,53903.75044308472,0.1,0.0,strength
VCYT,2024-11-15,2025-01-21,35.939998626708984,41.13999938964844,42,0.14011601059738155,0.5,56394.60192512512,0.1,0.0,sma
BLFS,2025-01-15,2025-02-07,26.709999084472656,26.100000381469727,16,-0.026738687599110134,1.0,52911.279526382445,0.1,0.0,egg
UNFI,2024-12-24,2025-02-14,26.809999465942383,34.31999969482422,34,0.27500911558921537,0.49974987493746875,53700.37531028366,0.1,0.0,strength
RL,2025-01-15,2025-02-19,236.72000122070312,282.7799987792969,23,0.1898070930057436,0.4977578475336323,52894.13739276123,0.1,0.0,strength
DXPE,2024-12-20,2025-02-24,78.87999725341797,89.79000091552734,41,0.13376725294225222,0.5,53903.75044308472,0.1,0.0,sma
UTI,2024-12-31,2025-02-24,25.709999084472656,26.829999923706055,35,0.0393969306567008,1.0,53274.61466290283,0.1,0.0,sma
WRBY,2025-01-10,2025-02-24,25.31999969482422,24.309999465942383,29,-0.04372220174867525,1.0,53202.23143876648,0.1,0.0,sma
WSM,2025-01-13,2025-02-24,195.25999450683594,196.5500030517578,28,0.0025882300954307436,1.0,52238.687370391846,0.1,152.19,sma
DAL,2025-02-07,2025-02-24,68.13999938964844,61.33000183105469,10,-0.10353431124768186,1.0,57693.456083221434,0.1,0.0,stop
UNFI,2024-12-24,2025-03-04,26.809999465942383,28.450000762939453,45,0.056935041777940176,0.5002501250625313,53700.37531028366,0.1,0.0,sma
RELY,2025-01-21,2025-03-04,23.139999389648438,23.229999542236328,29,-0.00011816666356767591,1.0,53792.168181152345,0.1,0.0,sma
CNH,2025-02-24,2025-03-05,13.050000190734863,11.930000305175781,7,-0.08947315097400022,1.0,55638.806313199995,0.1,0.0,stop
RL,2025-01-15,2025-03-06,236.72000122070312,244.99000549316406,34,0.03080432671896438,0.5022421524663677,52894.13739276123,0.1,0.0,sma
SLM,2025-01-02,2025-03-11,27.350000381469727,28.56999969482422,45,0.04043683374551188,1.0,53028.09523962021,0.1,251.55,sma
FTNT,2025-02-25,2025-03-11,108.05999755859375,96.48999786376953,10,-0.11063473604626295,1.0,56087.028892822265,0.1,0.0,stop
SNEX,2025-03-05,2025-03-11,35.62074279785156,32.08296203613281,4,-0.1029135321313649,1.0,53502.28444088745,0.1,0.0,stop
FOX,2025-01-08,2025-03-12,46.61000061035156,49.27000045776367,42,0.052849456910136317,1.0,53148.26505596924,0.1,307.26000000000005,sma
RBC,2025-02-24,2025-03-18,357.55999755859375,344.8500061035156,16,-0.039396571994108065,1.0,55532.64322082519,0.1,0.0,egg
HWM,2025-02-25,2025-03-19,130.22999572753906,128.8800048828125,16,-0.014316839002925796,1.0,55980.405503448485,0.1,0.0,egg
ADP,2025-03-04,2025-03-26,313.44000244140625,300.4200134277344,16,-0.04536520671786126,1.0,54019.50378076172,0.1,264.88,egg
PTCT,2025-03-26,2025-04-02,55.310001373291016,45.970001220703125,5,-0.17218428665799523,1.0,52871.27279273987,0.1,0.0,stop
ESE,2025-03-04,2025-04-04,160.2100067138672,143.5500030517578,23,-0.10756542565587435,1.0,54259.28423382568,0.1,27.04,sma
MWA,2025-03-25,2025-04-04,26.600000381469727,23.34000015258789,8,-0.12605916669540695,1.0,52853.296357967374,0.1,0.0,stop
MP,2025-02-25,2025-04-07,23.559999465942383,21.799999237060547,29,-0.07839669846385033,1.0,56090.51584854126,0.1,0.0,sma
DTE,2025-03-25,2025-04-16,134.5,134.11000061035156,16,-0.006880064338751102,1.0,52829.448,0.1,0.0,egg
KVUE,2025-05-13,2025-06-05,23.65999984741211,21.68000030517578,16,-0.08734346842644869,1.0,49358.63992167664,0.1,426.81,stop
SNEX,2025-05-14,2025-06-06,38.942222595214844,37.524444580078125,16,-0.04025389648113564,1.0,49321.415299072265,0.1,0.0,egg
CME,2025-05-15,2025-06-10,274.0,268.8900146484375,17,-0.022567148115664182,1.0,49144.092,0.1,223.75,sma
KTOS,2025-05-15,2025-06-16,34.38999938964844,42.189998626708984,21,0.22191265554797512,0.4996501049685094,49241.595746063234,0.1,0.0,strength
PLMR,2025-05-14,2025-06-23,156.1199951171875,158.6199951171875,26,0.011957382174119902,1.0,49276.15405883789,0.1,0.0,sma
WRB,2025-05-15,2025-06-26,72.69999694824219,72.04000091552734,28,-0.013034125261154994,1.0,49243.48833288574,0.1,398.84,sma
SEZL,2025-06-10,2025-07-03,122.83000183105469,175.5,16,0.4231002083516282,0.4987714987714988,50091.79436672974,0.1,0.0,strength
EQT,2025-06-06,2025-07-09,56.38999938964844,54.849998474121094,21,-0.03119281795217055,1.0,50513.48477325439,0.1,0.0,sma
DAVE,2025-06-16,2025-07-14,216.67999267578125,206.8800048828125,18,-0.0490393965068735,1.0,51021.637875366214,0.1,0.0,breakeven
LEU,2025-06-26,2025-07-21,174.9600067138672,249.66000366210938,16,0.42125827274099237,0.5,52242.35816473389,0.1,0.0,strength
PM,2025-05-15,2025-07-23,169.13999938964844,163.0,46,-0.04014838605266324,1.0,49148.70102264404,0.1,391.5,sma
MCK,2025-05-15,2025-07-29,706.760009765625,710.260009765625,50,0.0009403909252856391,1.0,48863.973555175784,0.1,48.989999999999995,sma
DG,2025-07-14,2025-08-01,114.38999938964844,105.31999969482422,14,-0.08296563393653855,1.0,53412.35119500732,0.1,0.0,stop
SEZL,2025-06-10,2025-08-07,122.83000183105469,145.3699951171875,40,0.17878102757461356,0.5012285012285013,50091.79436672974,0.1,0.0,sma
VIRT,2025-05-15,2025-08-08,40.97999954223633,42.439998626708984,58,0.03149287327199901,1.0,49233.28949004364,0.1,287.76,sma
CW,2025-07-09,2025-08-08,483.55999755859375,477.2900085449219,22,-0.016906564625809195,1.0,53782.51004846191,0.1,0.0,sma
LEU,2025-06-26,2025-08-14,174.9600067138672,188.61000061035156,34,0.07371433051785026,0.5,52242.35816473389,0.1,0.0,sma
NFG,2025-05-13,2025-08-19,79.68000030517578,85.04000091552734,67,0.06300852848323224,1.0,49340.72466897583,0.1,330.63,sma
CAKE,2025-06-23,2025-08-26,60.11000061035156,61.84000015258789,45,0.024673652621901798,1.0,52099.14082901001,0.1,233.55,sma
ULTA,2025-08-07,2025-09-02,506.1700134277344,491.260009765625,17,-0.03333093825790945,1.0,54775.694173095704,0.1,0.0,sma
STX,2025-08-08,2025-09-05,150.4499969482422,186.0,19,0.23135585767856415,0.5,54571.8246930542,0.1,0.0,strength
SXT,2025-08-14,2025-09-08,115.55000305175781,112.94000244140625,16,-0.02648947488266007,1.0,56038.05388000488,0.1,0.0,egg
MTZ,2025-08-08,2025-09-10,181.3000030517578,176.30999755859375,22,-0.0314056134743792,1.0,54680.44352041626,0.1,0.0,sma
AVGO,2025-08-01,2025-09-11,288.6400146484375,371.17999267578125,28,0.2808280815405473,0.49732620320855614,54083.63410473633,0.1,0.0,strength
FIX,2025-08-19,2025-09-23,683.9299926757812,818.4299926757812,24,0.19188047871254454,0.5,54823.82821289063,0.1,0.0,strength
AWI,2025-09-08,2025-09-30,197.0,193.6999969482422,16,-0.02067642909943712,1.0,56454.684,0.1,0.0,egg
NEU,2025-07-23,2025-10-09,725.0900268554688,873.4299926757812,55,0.19977273714652588,0.5,53763.9753112793,0.1,101.75,strength
VSAT,2025-09-10,2025-10-09,29.139999389648438,35.97999954223633,21,0.22979984763702976,0.4997431946584489,56849.049969268795,0.1,0.0,strength
NEU,2025-07-23,2025-10-10,725.0900268554688,780.0,56,0.07143416509818579,0.5,53763.9753112793,0.1,101.75,sma
IESC,2025-09-05,2025-10-13,349.6400146484375,378.0400085449219,26,0.07691011045416163,1.0,56054.2871484375,0.1,0.0,sma
ROAD,2025-09-30,2025-10-16,127.0,115.73999786376953,12,-0.09229951225075839,1.0,61463.682,0.1,0.0,stop
MP,2025-10-10,2025-10-23,78.33999633789062,70.875,9,-0.09890133816459878,1.0,63268.32112243652,0.1,0.0,stop
PSMT,2025-07-29,2025-11-03,107.16999816894531,114.94000244140625,68,0.06822023021611012,1.0,54658.62812612915,0.1,320.67,sma
TPR,2025-10-13,2025-11-04,114.05999755859375,105.0,16,-0.08310678097613411,1.0,61601.2953614502,0.1,0.0,egg
KTOS,2025-05-15,2025-11-06,34.38999938964844,77.94999694824219,121,1.2575987407282114,0.5003498950314905,49241.595746063234,0.1,0.0,sma
DY,2025-10-17,2025-11-10,292.489990234375,292.07000732421875,16,-0.005422172026865679,1.0,63011.11859619141,0.1,0.0,egg
AVGO,2025-08-01,2025-11-14,288.6400146484375,331.4700012207031,74,0.14380110493347042,0.5026737967914439,54083.63410473633,0.1,55.459999999999994,sma
AMAT,2025-10-23,2025-11-14,228.47000122070312,203.75,16,-0.11175810538702091,1.0,60436.71248291016,0.1,0.0,egg
LUMN,2025-11-11,2025-11-14,9.25,7.75,3,-0.16550682418945895,1.0,62757.0135,0.1,0.0,stop
VSAT,2025-09-10,2025-11-18,29.139999389648438,32.75,49,0.11939815237722429,0.5002568053415511,56849.049969268795,0.1,0.0,sma
TMDX,2025-11-03,2025-11-18,124.72000122070312,111.81999969482422,11,-0.10701081317816796,1.0,63109.56781768799,0.1,0.0,stop
MS,2025-09-02,2025-11-21,148.85000610351562,159.77999877929688,58,0.06914442692141742,1.0,55184.65126281738,0.1,370.0,sma
TER,2025-11-14,2025-11-21,169.97000122070312,155.3300018310547,5,-0.08978101504784053,1.0,59778.78936932373,0.1,0.0,stop
ENVA,2025-11-14,2025-12-12,125.69000244140625,160.27999877929688,19,0.27011023441764337,0.49894736842105264,59822.156661987305,0.1,0.0,strength
PWR,2025-11-04,2025-12-15,438.6600036621094,436.5400085449219,28,-0.008805612022410148,1.0,62853.837284729,0.1,0.0,sma
VAL,2025-11-06,2025-12-15,54.08000183105469,54.31999969482422,26,0.00042809831395507203,1.0,62587.3269190979,0.1,0.0,sma
PARR,2025-11-21,2025-12-15,44.2599983215332,40.68000030517578,15,-0.08455475302934645,1.0,56322.61826408386,0.1,0.0,stop
CACI,2025-11-21,2025-12-16,599.9400024414062,565.0399780273438,16,-0.06193231469436988,1.0,55906.009067504885,0.1,0.0,egg
FIX,2025-08-19,2025-12-18,683.9299926757812,908.0,85,0.3223213767285673,0.5,54823.82821289063,0.1,24.0,sma
AMG,2025-11-18,2026-01-06,250.4600067138672,303.6300048828125,32,0.20744989598450347,0.49783549783549785,57971.97407400513,0.1,0.0,strength
FSLR,2025-11-14,2026-01-08,253.0800018310547,239.66000366210938,36,-0.05680703582445834,1.0,59846.33419299316,0.1,0.0,sma
VIAV,2025-11-18,2026-01-09,16.579999923706055,17.079999923706055,35,0.026044413121656618,1.0,58129.44657251358,0.1,0.0,sma
VICR,2025-12-16,2026-01-09,93.44999694824219,138.0,16,0.47083045783868926,0.5,60114.88783685303,0.1,0.0,strength
DCH,2025-12-15,2026-01-12,6.329999923706055,7.75,18,0.21944106939707342,0.5,60458.23439131165,0.1,0.0,strength
UTHR,2025-12-15,2026-01-14,500.29998779296875,476.6000061035156,20,-0.05117444962799489,1.0,60156.070532226564,0.1,0.0,sma
LQDA,2026-01-09,2026-02-03,35.86000061035156,44.5099983215332,16,0.23626081826384326,0.4997208263539922,64353.71161532593,0.1,0.0,strength
SHOO,2025-12-17,2026-02-04,42.88999938964844,42.220001220703125,32,-0.019550969921263595,1.0,60080.13958502197,0.1,0.0,sma
TPC,2025-12-18,2026-02-04,67.55999755859375,82.41000366210938,31,0.2149352364966326,0.4994350282485876,59910.179035034176,0.1,0.0,strength
CIEN,2026-01-14,2026-02-10,238.3800048828125,288.0799865722656,18,0.2036662504761848,0.49818181818181817,65685.61034545899,0.1,0.0,strength
ENVA,2025-11-14,2026-02-12,125.69000244140625,153.4499969482422,60,0.21598710431543422,0.5010526315789474,59822.156661987305,0.1,0.0,sma
DCH,2025-12-15,2026-02-17,6.329999923706055,7.199999809265137,42,0.1329000602669681,0.5,60458.23439131165,0.1,0.0,sma
LQDA,2026-01-09,2026-02-18,35.86000061035156,34.5099983215332,26,-0.04148819653801983,0.5002791736460078,64353.71161532593,0.1,0.0,breakeven
AMG,2025-11-18,2026-02-23,250.4600067138672,286.8999938964844,64,0.140919415793463,0.5021645021645021,57971.97407400513,0.1,1.16,sma
JBTM,2026-01-09,2026-02-26,156.0399932861328,157.25999450683594,32,0.003795288624553139,1.0,64260.70211508179,0.1,0.0,sma
TPC,2025-12-18,2026-03-02,67.55999755859375,74.2300033569336,48,0.09434101050850008,0.5005649717514125,59910.179035034176,0.1,0.0,sma
CRS,2026-02-04,2026-03-03,334.19000244140625,404.3800048828125,18,0.20519976810728124,0.49767441860465117,71994.55222595215,0.1,0.0,strength
STX,2025-08-08,2026-03-04,150.4499969482422,367.5,142,1.432920847832647,0.5,54571.8246930542,0.1,264.26,sma
JBHT,2026-02-12,2026-03-09,218.72000122070312,211.63999938964844,16,-0.03623295557731121,1.0,71883.6407211914,0.1,0.0,egg
ITT,2026-02-26,2026-03-09,204.13999938964844,181.9600067138672,7,-0.11220917016076748,1.0,73228.28402105713,0.1,138.18800000000002,stop
ICHR,2026-03-04,2026-03-09,46.650001525878906,39.40999984741211,3,-0.15857077781777607,1.0,71797.7111484375,0.1,0.0,stop
MTRN,2026-02-17,2026-03-11,153.30999755859375,146.3800048828125,16,-0.049014050696901235,1.0,71892.57701513672,0.1,65.52000000000001,egg
HP,2026-02-18,2026-03-12,34.790000915527344,34.630001068115234,16,-0.008572674814647296,1.0,71113.54507141114,0.1,0.0,egg
KNX,2026-02-23,2026-03-13,59.20000076293945,54.5,14,-0.08306698597675433,1.0,72309.13053188325,0.1,243.8,stop
VICR,2025-12-16,2026-03-23,93.44999694824219,167.00999450683594,65,0.7800245411893223,0.5,60114.88783685303,0.1,0.0,sma
CRS,2026-02-04,2026-03-23,334.19000244140625,378.7799987792969,32,0.12890242143594155,0.5023255813953489,71994.55222595215,0.1,0.0,sma
JOE,2026-03-02,2026-03-23,72.69000244140625,65.38999938964844,15,-0.1040176189231492,1.0,73782.24241809083,0.1,162.08,stop
AHR,2026-03-11,2026-03-23,52.79999923706055,49.310001373291016,8,-0.06982659526345503,1.0,67930.78941842652,0.1,0.0,stop
LMT,2026-03-09,2026-03-25,664.1500244140625,612.5,12,-0.0814501727109419,1.0,65882.35412182617,0.1,0.0,stop
LGND,2026-03-12,2026-03-31,211.47999572753906,195.97999572753906,13,-0.07699241347320085,1.0,68232.75174151611,0.1,0.0,stop
VIAV,2026-03-09,2026-04-02,29.239999771118164,33.59000015258789,18,0.1441829205709364,0.5,66448.95211985779,0.1,0.0,strength
PWR,2026-03-13,2026-04-07,559.02001953125,550.0900268554688,16,-0.01990261611058275,1.0,66656.42908886718,0.1,13.09,egg
LBRT,2026-03-09,2026-04-10,27.760000228881836,27.0,23,-0.03126025406572963,1.0,66451.2778278923,0.1,0.0,sma
AIR,2026-04-21,2026-04-30,116.54000091552734,107.27999877929688,7,-0.08313253413678723,1.0,68896.11774124145,0.1,0.0,stop
AA,2026-04-22,2026-04-30,68.52999877929688,63.560001373291016,6,-0.07622544928450081,1.0,68873.05995318604,0.1,0.0,stop
FIVE,2026-04-24,2026-05-12,234.00999450683594,208.14999389648438,12,-0.11405896900253554,1.0,68467.58023278808,0.1,0.0,stop
BOH,2026-04-22,2026-05-14,78.11000061035156,76.37999725341797,16,-0.026051894888095006,1.0,68874.2741381836,0.1,0.0,egg
SCHL,2026-04-23,2026-05-15,42.060001373291016,39.15999984741211,16,-0.07266592417469553,1.0,68484.1972360611,0.1,325.0,egg
NPK,2026-04-24,2026-05-18,143.16000366210938,139.0,16,-0.032934435324537104,1.0,68567.34271398926,0.1,0.0,egg
DIOD,2026-05-12,2026-05-19,103.44999694824219,92.01000213623047,5,-0.114135336472446,1.0,71834.2295809021,0.1,0.0,stop
ICHR,2026-05-15,2026-05-19,73.2699966430664,63.900001525878906,2,-0.1313646155946554,1.0,72095.0389768982,0.1,0.0,stop
AGX,2026-04-28,2026-05-21,630.7000122070312,637.0399780273438,17,0.006020123643958097,1.0,68251.83252099609,0.1,0.0,breakeven
LITE,2026-05-21,2026-05-29,964.5,860.6799926757812,5,-0.11120358278732356,1.0,66683.601,0.1,0.0,stop
GLW,2026-04-30,2026-06-03,164.24000549316406,201.0,23,0.21893325678652453,0.5,66485.66814367675,0.1,56.56,strength
CIEN,2026-01-14,2026-06-08,238.3800048828125,489.7799987792969,99,1.046416558482521,0.5018181818181818,65685.61034545899,0.1,0.0,sma
INTC,2026-05-19,2026-06-08,110.80000305175781,111.0,13,-0.0021941951039416985,1.0,66612.9618347168,0.1,0.0,stop
VIAV,2026-03-09,2026-06-10,29.239999771118164,46.5099983215332,65,0.5842794127281739,0.5,66448.95211985779,0.1,0.0,sma
GLW,2026-04-30,2026-06-10,164.24000549316406,173.66000366210938,28,0.05313409869360575,0.5,66485.66814367675,0.1,56.56,sma
STRL,2026-06-03,2026-06-10,957.030029296875,839.010009765625,5,-0.1268187592575013,1.0,71920.80670166016,0.1,0.0,stop
UCTT,2026-04-30,2026-06-12,78.1500015258789,104.47000122070312,30,0.33145173737699696,0.4994110718492344,66482.04999806214,0.1,0.0,strength
WDC,2026-05-18,2026-06-15,458.67999267578125,618.780029296875,19,0.34365976144689303,0.5,69858.79760449218,0.1,11.4,strength
STX,2026-05-19,2026-06-15,733.3499755859375,1032.52001953125,18,0.40232933437307095,0.5,66133.50079833984,0.1,0.0,strength
DOCN,2026-06-08,2026-06-25,169.32000732421875,150.97999572753906,12,-0.11187529725421141,1.0,65488.23787280273,0.1,0.0,stop
VSH,2026-06-25,2026-07-01,59.90999984741211,52.81999969482422,4,-0.1218637698781121,1.0,74436.9766104126,0.1,0.0,stop
MTSI,2026-05-29,2026-07-02,364.6400146484375,348.6300048828125,23,-0.04772308472190312,1.0,69420.16598876953,0.1,0.0,sma
STX,2026-05-19,2026-07-06,733.3499755859375,863.6199951171875,31,0.1729357591088394,0.5,66133.50079833984,0.1,33.3,sma
TTMI,2026-06-08,2026-07-06,178.3800048828125,156.88999938964844,18,-0.12398425984171524,1.0,65596.39271557618,0.1,0.0,stop
KN,2026-06-10,2026-07-06,37.310001373291016,37.06999969482422,16,-0.01039897332896933,1.0,66955.85688448334,0.1,0.0,egg
LFUS,2026-06-12,2026-07-06,472.1400146484375,420.8599853515625,14,-0.11217034658278746,1.0,70489.55990698242,0.1,0.0,stop
ACMR,2026-06-10,2026-07-06,79.95999908447266,102.0,16,0.2705454669144147,0.4994011976047904,66900.13243400573,0.1,0.0,strength
UCTT,2026-04-30,2026-07-08,78.1500015258789,89.5999984741211,46,0.14193617539369918,0.5005889281507656,66482.04999806214,0.1,0.0,sma
LSCC,2026-07-01,2026-07-08,146.3000030517578,129.9199981689453,4,-0.11550681638807203,1.0,76667.93139926148,0.1,0.0,stop
WDC,2026-05-18,2026-07-16,458.67999267578125,486.67999267578125,40,0.056809030509250125,0.5,69858.79760449218,0.1,11.4,sma
ACMR,2026-06-10,2026-07-17,79.95999908447266,78.67500305175781,25,-0.019998348167758473,0.5005988023952096,66900.13243400573,0.1,0.0,sma
AMAT,2026-07-06,2026-07-20,592.7899780273438,545.6300048828125,10,-0.08323038287668616,1.0,67119.23805212403,0.1,0.0,stop
ASTH,2026-07-16,2026-07-24,45.099998474121094,40.88999938964844,6,-0.09696746702729198,1.0,65525.78778305054,0.1,0.0,stop
AMD,2026-07-02,2026-07-28,517.8200073242188,467.0,17,-0.10174245497686585,1.0,73158.64627478027,0.1,0.0,sma
MTRN,2026-07-06,2026-07-28,261.79998779296875,237.30999755859375,16,-0.09716324186434233,1.0,67417.16205651856,0.1,0.0,egg
OGN,2026-07-06,2026-07-28,13.5600004196167,13.520000457763672,16,-0.006930089724238031,1.0,67500.81424882507,0.1,0.0,egg
ESE,2026-07-06,2026-07-28,342.54998779296875,320.6300048828125,16,-0.06772717511673221,1.0,67274.07720263672,0.1,0.0,egg
EXTR,2026-07-08,2026-07-30,31.1200008392334,30.059999465942383,16,-0.037917780827030234,1.0,65545.07024759674,0.1,0.0,egg
CRS,2026-07-08,2026-07-30,587.6300048828125,492.2099914550781,16,-0.16572489962061165,1.0,65357.38440307617,0.1,0.0,stop
ARMK,2026-07-20,2026-08-11,56.43000030517578,59.95000076293945,16,0.058137144775660676,1.0,63101.83210125732,0.1,0.0,egg
JBHT,2026-07-24,2026-08-17,288.29998779296875,279.7099914550781,16,-0.03366841311549662,1.0,63841.725896850585,0.1,99.45,egg
FULT,2026-07-28,2026-08-19,24.68000030517578,24.309999465942383,16,-0.01892409803524664,1.0,62837.304537002565,0.1,0.0,egg
DCOM,2026-04-27,2026-08-20,36.09000015258789,39.61000061035156,80,0.09315258211743349,1.0,68455.00702942658,0.1,473.25,sma
CSX,2026-07-29,2026-08-20,50.7400016784668,50.45000076293945,16,-0.009684629639465925,1.0,61924.9246884613,0.1,0.0,egg
WELL,2026-07-29,2026-08-20,241.0800018310547,235.89999389648438,16,-0.025392917000893522,1.0,61839.9134296875,0.1,217.6,egg
GL,2026-07-30,2026-08-21,182.97999572753906,170.74000549316406,16,-0.07061748477648622,1.0,60870.857298706054,0.1,0.0,egg
RHI,2026-07-30,2026-08-24,37.2400016784668,45.45000076293945,17,0.21558973130553927,0.4996941896024465,61009.1775497818,0.1,0.0,strength
STT,2026-07-28,2026-08-27,182.57000732421875,193.3699951171875,22,0.054927158253918806,1.0,62746.755537231445,0.1,0.0,period_end
RHI,2026-07-30,2026-08-27,37.2400016784668,44.970001220703125,20,0.2027518324105051,0.5003058103975535,61009.1775497818,0.1,482.61999999999995,period_end
OGN,2026-08-11,2026-08-27,13.649999618530273,13.760000228881836,12,0.004034466758705557,1.0,61219.59308912659,0.1,89.52,period_end
AMN,2026-08-17,2026-08-27,34.540000915527344,35.08000183105469,8,0.011579646133659027,1.0,62538.60921766663,0.1,0.0,period_end
HPE,2026-08-19,2026-08-27,53.130001068115234,54.40999984741211,6,0.02000363579366571,1.0,62339.66171326447,0.1,0.0,period_end
TWLO,2026-08-20,2026-08-27,219.88999938964844,241.33999633789062,5,0.09316732860063515,1.0,61912.66800814819,0.1,0.0,period_end
VAC,2026-08-20,2026-08-27,110.27999877929688,111.44000244140625,5,0.0064847062096309305,1.0,61880.31291503906,0.1,0.0,period_end
ECPG,2026-08-20,2026-08-27,98.13999938964844,101.9800033569336,5,0.03497960247412801,1.0,61951.856014709476,0.1,0.0,period_end
FTDR,2026-08-21,2026-08-27,82.58999633789062,82.81999969482422,4,-0.0012182517106739121,1.0,61569.85118994141,0.1,0.0,period_end
PBF,2026-08-24,2026-08-27,69.51000213623047,68.58999633789062,3,-0.01717476797987183,1.0,62335.874815750125,0.1,0.0,period_end
