date,AllPass (v5r),Rocket k=0.50
2007-01-03,100000.0,100000.0
2007-01-04,100000.0,100000.0
2007-01-05,98561.4872045517,98561.4872045517
2007-01-08,99102.54660320282,99102.54660320282
2007-01-09,99575.98460197449,99575.98460197449
2007-01-10,100293.56509494781,100293.56509494781
2007-01-11,101741.11964988708,101741.11964988708
2007-01-12,102291.72231578827,102291.72231578827
2007-01-16,101954.39146709442,101954.39146709442
2007-01-17,101798.33742904663,101798.33742904663
2007-01-18,99851.18900871277,99851.18900871277
2007-01-19,100103.54735279083,100103.54735279083
2007-01-22,99438.68242549896,99438.68242549896
2007-01-23,99366.4838438034,99366.4838438034
2007-01-24,99953.51632785797,99953.51632785797
2007-01-25,99130.4200220108,99130.4200220108
2007-01-26,99388.6463136673,99388.6463136673
2007-01-29,99689.5793466568,99689.5793466568
2007-01-30,100201.09455871582,100201.09455871582
2007-01-31,100897.37496376038,100897.37496376038
2007-02-01,101951.64054107666,101951.64054107666
2007-02-02,102488.4366016388,102488.4366016388
2007-02-05,102028.27481746674,102028.27481746674
2007-02-06,102537.24893569946,102537.24893569946
2007-02-07,102386.6506729126,102386.6506729126
2007-02-08,102034.97978591919,102034.97978591919
2007-02-09,101397.17035484314,101397.17035484314
2007-02-12,101420.52983283997,101420.52983283997
2007-02-13,100744.82812690735,100744.82812690735
2007-02-14,101512.08086872101,101512.08086872101
2007-02-15,101714.57864570618,101714.57864570618
2007-02-16,101078.26049900055,101078.26049900055
2007-02-20,101131.1952123642,101131.1952123642
2007-02-21,100973.55717849731,100973.55717849731
2007-02-22,100801.03994083405,100801.03994083405
2007-02-23,101035.25859355927,101035.25859355927
2007-02-26,99820.82656383514,99820.82656383514
2007-02-27,95717.0529188156,95717.0529188156
2007-02-28,96195.74046173095,96195.74046173095
2007-03-01,95613.07955398559,95613.07955398559
2007-03-02,94172.1554283142,94172.1554283142
2007-03-05,93914.72454452515,93914.72454452515
2007-03-06,95494.33437538147,95494.33437538147
2007-03-07,96790.53874206543,96790.53874206543
2007-03-08,98413.60143112183,98413.60143112183
2007-03-09,98285.9277822876,98285.9277822876
2007-03-12,100146.64322685242,100146.64322685242
2007-03-13,98295.15130447388,98295.15130447388
2007-03-14,98247.56238197327,98247.56238197327
2007-03-15,98747.91246437073,98747.91246437073
2007-03-16,98619.66742729188,98619.66742729188
2007-03-19,99526.1325113678,99526.1325113678
2007-03-20,100636.49693893433,100636.49693893433
2007-03-21,101298.96696495057,101298.96696495057
2007-03-22,101425.64293884278,101425.64293884278
2007-03-23,101472.63839172364,101472.63839172364
2007-03-26,100934.14637397767,100934.14637397767
2007-03-27,99988.45665191651,99988.45665191651
2007-03-28,99788.01708816527,99788.01708816527
2007-03-29,99641.4662020111,99641.4662020111
2007-03-30,99857.20180534362,99857.20180534362
2007-04-02,100791.10794662475,100791.10794662475
2007-04-03,102134.19163726806,102134.19163726806
2007-04-04,102159.48103164672,102159.48103164672
2007-04-05,103089.33127426147,103089.33127426147
2007-04-09,103111.69278739928,103111.69278739928
2007-04-10,103205.93169807433,103205.93169807433
2007-04-11,102199.39737663268,102199.39737663268
2007-04-12,102550.9860721588,102550.9860721588
2007-04-13,102885.0364490509,102885.0364490509
2007-04-16,103472.86080322265,103472.86080322265
2007-04-17,103111.07562789916,103111.07562789916
2007-04-18,102830.25119934081,102830.25119934081
2007-04-19,102389.89101943969,102389.89101943969
2007-04-20,102775.51712379455,102775.51712379455
2007-04-23,102854.34696922301,102854.34696922301
2007-04-24,101476.07601890563,101476.07601890563
2007-04-25,102185.96143493653,102185.96143493653
2007-04-26,102560.12458418273,102560.12458418273
2007-04-27,101826.52051351928,101826.52051351928
2007-04-30,101437.31962965392,101437.31962965392
2007-05-01,101669.11209295654,101669.11209295654
2007-05-02,103025.83516691589,103025.83516691589
2007-05-03,102691.215999588,102691.215999588
2007-05-04,102734.47100637817,102734.47100637817
2007-05-07,103263.96012495422,103263.96012495422
2007-05-08,103132.09033392333,103132.09033392333
2007-05-09,103580.73106954955,103580.73106954955
2007-05-10,102465.79040907287,102465.79040907287
2007-05-11,102975.67547987365,102975.67547987365
2007-05-14,103288.67500685119,103288.67500685119
2007-05-15,103150.40579985046,103150.40579985046
2007-05-16,103427.06632421874,103427.06632421874
2007-05-17,103890.96515463256,103890.96515463256
2007-05-18,104307.23457907104,104307.23457907104
2007-05-21,104999.54673384094,104999.54673384094
2007-05-22,105410.73663328552,105410.73663328552
2007-05-23,104460.71672056579,104460.71672056579
2007-05-24,102525.82626913452,102525.82626913452
2007-05-25,104367.53526686096,104367.53526686096
2007-05-29,104756.47565077209,104756.47565077209
2007-05-30,105628.75580351257,105628.75580351257
2007-05-31,107186.175820755,107186.175820755
2007-06-01,108538.10625212097,108538.10625212097
2007-06-04,108740.63486616516,108740.63486616516
2007-06-05,108193.97482969666,108193.97482969666
2007-06-06,107269.88787138366,107269.88787138366
2007-06-07,104987.67596876525,104987.67596876525
2007-06-08,106320.90847456359,106320.90847456359
2007-06-11,105761.32315885925,105761.32315885925
2007-06-12,104688.07302534484,104688.07302534484
2007-06-13,105705.07967436218,105705.07967436218
2007-06-14,106154.65856230163,106154.65856230163
2007-06-15,108062.47163069152,108062.47163069152
2007-06-18,107807.15675413513,107807.15675413513
2007-06-19,107994.80175077819,107994.80175077819
2007-06-20,107533.67633497619,107533.67633497619
2007-06-21,107823.54126036071,107823.54126036071
2007-06-22,106974.07909452819,106974.07909452819
2007-06-25,105816.80287611388,105816.80287611388
2007-06-26,105653.93459761047,105653.93459761047
2007-06-27,106490.57272016906,106490.57272016906
2007-06-28,106230.5425306549,106230.5425306549
2007-06-29,105863.65293562316,105863.65293562316
2007-07-02,107678.58965361022,107678.58965361022
2007-07-03,107687.56607115173,107687.56607115173
2007-07-05,108603.72080480956,108603.72080480956
2007-07-06,109072.71588385009,109072.71588385009
2007-07-09,109412.79602301025,109412.79602301025
2007-07-10,107650.0340868225,107650.0340868225
2007-07-11,108011.81225042723,108011.81225042723
2007-07-12,109066.78589277648,109066.78589277648
2007-07-13,109168.75496702574,109168.75496702574
2007-07-16,108836.51461058043,108836.51461058043
2007-07-17,108598.00123815917,108598.00123815917
2007-07-18,108688.8807185211,108688.8807185211
2007-07-19,108319.55954962157,108319.55954962157
2007-07-20,106729.98686247252,106729.98686247252
2007-07-23,106295.96105986022,106295.96105986022
2007-07-24,103697.66156797789,103697.66156797789
2007-07-25,102635.00290136717,102635.00290136717
2007-07-26,101024.66140203856,101024.66140203856
2007-07-27,99562.34908895873,99562.34908895873
2007-07-30,100869.49534731291,100869.49534731291
2007-07-31,99507.54070215605,99507.54070215605
2007-08-01,99322.50359182738,99322.50359182738
2007-08-02,100412.7436211624,100412.7436211624
2007-08-03,98251.51443415068,98251.51443415068
2007-08-06,100082.64760523223,100082.64760523223
2007-08-07,100587.76997595213,100587.76997595213
2007-08-08,99315.00203733824,99315.00203733824
2007-08-09,95432.17615728758,95432.17615728758
2007-08-10,95235.04630117796,95235.04630117796
2007-08-13,94093.75800066374,94093.75800066374
2007-08-14,91984.0884221115,91984.0884221115
2007-08-15,89919.77122068786,89919.77122068786
2007-08-16,88982.47896181274,88982.47896181274
2007-08-17,90201.65227686096,90201.65227686096
2007-08-20,90450.75590168167,90450.75590168167
2007-08-21,90579.64467989135,90579.64467989135
2007-08-22,90478.27154098678,90478.27154098678
2007-08-23,90079.39332901168,90079.39332901168
2007-08-24,90383.56176363159,90383.56176363159
2007-08-27,90425.03241525817,90425.03241525817
2007-08-28,89260.94642053772,89260.94642053772
2007-08-29,90571.19309984375,90571.19309984375
2007-08-30,90641.90770708252,90641.90770708252
2007-08-31,91981.72409998107,91981.72409998107
2007-09-04,92982.983507406,92982.983507406
2007-09-05,93208.32003999877,93208.32003999877
2007-09-06,93583.45257593322,93583.45257593322
2007-09-07,91692.20380045104,91692.20380045104
2007-09-10,91447.16866327453,91447.16866327453
2007-09-11,92700.70386720824,92700.70386720824
2007-09-12,92261.70385576415,92261.70385576415
2007-09-13,92703.40489793944,92703.40489793944
2007-09-14,92382.40513445067,92382.40513445067
2007-09-17,92635.24381471801,92635.24381471801
2007-09-18,95900.89468408751,95900.89468408751
2007-09-19,97121.12940241027,97121.12940241027
2007-09-20,96735.13958955932,96735.13958955932
2007-09-21,97451.04357553649,97451.04357553649
2007-09-24,97444.77842355895,97444.77842355895
2007-09-25,98013.98466325927,98013.98466325927
2007-09-26,97753.63407732177,97753.63407732177
2007-09-27,99172.43029417968,99172.43029417968
2007-09-28,98201.91766180968,98201.91766180968
2007-10-01,98580.66784872985,98580.66784872985
2007-10-02,97690.6465665338,97690.6465665338
2007-10-03,96642.99271407104,96642.99271407104
2007-10-04,98087.21296133971,98087.21296133971
2007-10-05,98325.73601927733,98325.73601927733
2007-10-08,97709.21825804687,97709.21825804687
2007-10-09,98870.17987837768,98870.17987837768
2007-10-10,100734.57413496947,100734.57413496947
2007-10-11,99395.20332732177,99395.20332732177
2007-10-12,101640.03937735534,101640.03937735534
2007-10-15,101246.20353999114,101246.20353999114
2007-10-16,101135.76654734588,101135.76654734588
2007-10-17,101648.08998789763,101648.08998789763
2007-10-18,102658.71113314605,102658.71113314605
2007-10-19,99684.50288691497,99684.50288691497
2007-10-22,99644.91839041686,99644.91839041686
2007-10-23,102059.36454405761,102059.36454405761
2007-10-24,101090.02970709777,101090.02970709777
2007-10-25,101262.8349725244,101262.8349725244
2007-10-26,102475.15917410827,102475.15917410827
2007-10-29,102995.32795157409,102995.32795157409
2007-10-30,101885.14742102599,101885.14742102599
2007-10-31,102957.1484271524,102957.1484271524
2007-11-01,99636.2433835504,99636.2433835504
2007-11-02,100769.64676299071,100769.64676299071
2007-11-05,99552.32099833465,99552.32099833465
2007-11-06,98486.88850035644,98486.88850035644
2007-11-07,96944.66379370666,96944.66379370666
2007-11-08,96837.92052569365,96837.92052569365
2007-11-09,95073.66129292465,95073.66129292465
2007-11-12,92313.9824646852,92313.9824646852
2007-11-13,94063.63636703658,94063.63636703658
2007-11-14,94158.59211845565,94158.59211845565
2007-11-15,92964.13274475266,92964.13274475266
2007-11-16,93990.9344339006,93990.9344339006
2007-11-19,92595.33018299271,92595.33018299271
2007-11-20,93542.5518407457,93542.5518407457
2007-11-21,92596.95017715622,92596.95017715622
2007-11-23,93246.79936309982,93246.79936309982
2007-11-26,93199.74346824814,93199.74346824814
2007-11-27,93650.88970085312,93650.88970085312
2007-11-28,95426.31941696335,95426.31941696335
2007-11-29,95531.98704048325,95531.98704048325
2007-11-30,96361.4769982927,96361.4769982927
2007-12-03,96487.08523460556,96487.08523460556
2007-12-04,96507.2625703447,96507.2625703447
2007-12-05,97351.75968147446,97351.75968147446
2007-12-06,98069.4178311937,98069.4178311937
2007-12-07,98981.39651466538,98981.39651466538
2007-12-10,100807.3703916185,100807.3703916185
2007-12-11,98150.10584999253,98150.10584999253
2007-12-12,99038.98223854233,99038.98223854233
2007-12-13,99679.34843040635,99679.34843040635
2007-12-14,98529.38813377549,98529.38813377549
2007-12-17,97281.06907440354,97281.06907440354
2007-12-18,98481.64859558274,98481.64859558274
2007-12-19,98459.56261421372,98459.56261421372
2007-12-20,100589.75388122727,100589.75388122727
2007-12-21,102859.12161995102,102859.12161995102
2007-12-24,104418.42542244126,104418.42542244126
2007-12-26,105198.45952202012,105198.45952202012
2007-12-27,103554.7916505449,103554.7916505449
2007-12-28,103220.30477119614,103220.30477119614
2007-12-31,102560.83654762436,102560.83654762436
2008-01-02,101763.46034980942,101763.46034980942
2008-01-03,102357.33974624802,102357.33974624802
2008-01-04,100415.58895088364,100415.58895088364
2008-01-07,99667.82825256516,99667.82825256516
2008-01-08,98613.2542474382,98613.2542474382
2008-01-09,99143.0971054857,99143.0971054857
2008-01-10,99389.1099343126,99389.1099343126
2008-01-11,99037.72658584763,99037.72658584763
2008-01-14,101064.22054527451,101064.22054527451
2008-01-15,99442.53060577561,99442.53060577561
2008-01-16,97571.2979950731,97571.2979950731
2008-01-17,95206.85990951706,95206.85990951706
2008-01-18,95261.90553329636,95261.90553329636
2008-01-22,94345.47632644822,94345.47632644822
2008-01-23,94345.47632644822,94345.47632644822
2008-01-24,94345.47632644822,94345.47632644822
2008-01-25,94345.47632644822,94345.47632644822
2008-01-28,94345.47632644822,94345.47632644822
2008-01-29,94345.47632644822,94345.47632644822
2008-01-30,94345.47632644822,94345.47632644822
2008-01-31,94345.47632644822,94345.47632644822
2008-02-01,94345.47632644822,94345.47632644822
2008-02-04,94345.47632644822,94345.47632644822
2008-02-05,94345.47632644822,94345.47632644822
2008-02-06,94345.47632644822,94345.47632644822
2008-02-07,94345.47632644822,94345.47632644822
2008-02-08,94345.47632644822,94345.47632644822
2008-02-11,94345.47632644822,94345.47632644822
2008-02-12,94345.47632644822,94345.47632644822
2008-02-13,94345.47632644822,94345.47632644822
2008-02-14,94345.47632644822,94345.47632644822
2008-02-15,94345.47632644822,94345.47632644822
2008-02-19,94345.47632644822,94345.47632644822
2008-02-20,94345.47632644822,94345.47632644822
2008-02-21,94345.47632644822,94345.47632644822
2008-02-22,94345.47632644822,94345.47632644822
2008-02-25,94345.47632644822,94345.47632644822
2008-02-26,94345.47632644822,94345.47632644822
2008-02-27,94345.47632644822,94345.47632644822
2008-02-28,94345.47632644822,94345.47632644822
2008-02-29,94345.47632644822,94345.47632644822
2008-03-03,94345.47632644822,94345.47632644822
2008-03-04,94345.47632644822,94345.47632644822
2008-03-05,94345.47632644822,94345.47632644822
2008-03-06,94345.47632644822,94345.47632644822
2008-03-07,94345.47632644822,94345.47632644822
2008-03-10,94345.47632644822,94345.47632644822
2008-03-11,94345.47632644822,94345.47632644822
2008-03-12,94345.47632644822,94345.47632644822
2008-03-13,94345.47632644822,94345.47632644822
2008-03-14,94345.47632644822,94345.47632644822
2008-03-17,94345.47632644822,94345.47632644822
2008-03-18,94345.47632644822,94345.47632644822
2008-03-19,94345.47632644822,94345.47632644822
2008-03-20,94345.47632644822,94345.47632644822
2008-03-24,94345.47632644822,94345.47632644822
2008-03-25,94345.47632644822,94345.47632644822
2008-03-26,94345.47632644822,94345.47632644822
2008-03-27,94345.47632644822,94345.47632644822
2008-03-28,94345.47632644822,94345.47632644822
2008-03-31,94345.47632644822,94345.47632644822
2008-04-01,94345.47632644822,94345.47632644822
2008-04-02,94345.47632644822,94345.47632644822
2008-04-03,94345.47632644822,94345.47632644822
2008-04-04,94345.47632644822,94345.47632644822
2008-04-07,94345.47632644822,94345.47632644822
2008-04-08,94345.47632644822,94345.47632644822
2008-04-09,94345.47632644822,94345.47632644822
2008-04-10,94345.47632644822,94345.47632644822
2008-04-11,94345.47632644822,94345.47632644822
2008-04-14,94345.47632644822,94345.47632644822
2008-04-15,94345.47632644822,94345.47632644822
2008-04-16,94345.47632644822,94345.47632644822
2008-04-17,94345.47632644822,94345.47632644822
2008-04-18,94345.47632644822,94345.47632644822
2008-04-21,94345.47632644822,94345.47632644822
2008-04-22,94345.47632644822,94345.47632644822
2008-04-23,94345.47632644822,94345.47632644822
2008-04-24,94345.47632644822,94345.47632644822
2008-04-25,94345.47632644822,94345.47632644822
2008-04-28,94345.47632644822,94345.47632644822
2008-04-29,94345.47632644822,94345.47632644822
2008-04-30,94345.47632644822,94345.47632644822
2008-05-01,94345.47632644822,94345.47632644822
2008-05-02,94345.47632644822,94345.47632644822
2008-05-05,94345.47632644822,94345.47632644822
2008-05-06,94345.47632644822,94345.47632644822
2008-05-07,94345.47632644822,94345.47632644822
2008-05-08,94345.47632644822,94345.47632644822
2008-05-09,94345.47632644822,94345.47632644822
2008-05-12,94345.47632644822,94345.47632644822
2008-05-13,94345.47632644822,94345.47632644822
2008-05-14,94345.47632644822,94345.47632644822
2008-05-15,94345.47632644822,94345.47632644822
2008-05-16,94345.47632644822,94345.47632644822
2008-05-19,94345.47632644822,94345.47632644822
2008-05-20,94345.47632644822,94345.47632644822
2008-05-21,92485.41766737153,92485.41766737153
2008-05-22,93312.36932514359,93312.36932514359
2008-05-23,92225.67187450577,92225.67187450577
2008-05-27,93528.70814703156,93528.70814703156
2008-05-28,94696.2977303331,94696.2977303331
2008-05-29,96179.94613493134,96179.94613493134
2008-05-30,96094.50845897842,96094.50845897842
2008-06-02,95508.12775695969,95508.12775695969
2008-06-03,95045.71189249207,95045.71189249207
2008-06-04,95809.43027237107,95809.43027237107
2008-06-05,97510.89780452897,97510.89780452897
2008-06-06,94516.4848549669,94516.4848549669
2008-06-09,94062.3106496637,94062.3106496637
2008-06-10,93812.47204092194,93812.47204092194
2008-06-11,91801.63582113435,91801.63582113435
2008-06-12,92830.91160371949,92830.91160371949
2008-06-13,93512.33460786988,93512.33460786988
2008-06-16,93829.04363802125,93829.04363802125
2008-06-17,93169.48934152772,93169.48934152772
2008-06-18,93145.08209016969,93145.08209016969
2008-06-19,93582.71080949952,93582.71080949952
2008-06-20,92723.02968004395,92723.02968004395
2008-06-23,92712.05841615846,92712.05841615846
2008-06-24,92492.77321794679,92492.77321794679
2008-06-25,92937.87152460267,92937.87152460267
2008-06-26,92298.9972436731,92298.9972436731
2008-06-27,92848.18892648866,92848.18892648866
2008-06-30,92133.94942453553,92133.94942453553
2008-07-01,92246.7489850824,92246.7489850824
2008-07-02,92110.42916086366,92110.42916086366
2008-07-03,92218.42916086366,92218.42916086366
2008-07-07,92109.46895578553,92109.46895578553
2008-07-08,92196.34883859803,92196.34883859803
2008-07-09,92188.66939523866,92188.66939523866
2008-07-10,92096.9892194574,92096.9892194574
2008-07-11,92033.6288678949,92033.6288678949
2008-07-14,91835.38936594178,91835.38936594178
2008-07-15,91920.82930734803,91920.82930734803
2008-07-16,92061.46895578553,92061.46895578553
2008-07-17,92170.90889719178,92170.90889719178
2008-07-18,92189.6288678949,92189.6288678949
2008-07-21,92024.02901437928,92024.02901437928
2008-07-22,92034.58907297303,92034.58907297303
2008-07-23,91980.82930734803,91980.82930734803
2008-07-24,92685.46895578553,92685.46895578553
2008-07-25,92622.1093366449,92622.1093366449
2008-07-28,92432.9892194574,92432.9892194574
2008-07-29,92699.38936594178,92699.38936594178
2008-07-30,92931.70919016053,92931.70919016053
2008-07-31,92788.18892648866,92788.18892648866
2008-08-01,92686.42916086366,92686.42916086366
2008-08-04,92579.38936594178,92579.38936594178
2008-08-05,92719.54927805116,92719.54927805116
2008-08-06,92641.30904367616,92641.30904367616
2008-08-07,92616.34883859803,92616.34883859803
2008-08-08,92732.02901437928,92732.02901437928
2008-08-11,92883.70919016053,92883.70919016053
2008-08-12,92964.82930734803,92964.82930734803
2008-08-13,92931.22872141053,92931.22872141053
2008-08-14,92912.02901437928,92912.02901437928
2008-08-15,92829.94942453553,92829.94942453553
2008-08-18,92624.02901437928,92624.02901437928
2008-08-19,92625.46895578553,92625.46895578553
2008-08-20,92569.30904367616,92569.30904367616
2008-08-21,92506.90889719178,92506.90889719178
2008-08-22,92644.66939523866,92644.66939523866
2008-08-25,92414.5087507074,92414.5087507074
2008-08-26,92305.54927805116,92305.54927805116
2008-08-27,92268.1093366449,92268.1093366449
2008-08-28,92268.1093366449,92268.1093366449
2008-08-29,92268.1093366449,92268.1093366449
2008-09-02,92268.1093366449,92268.1093366449
2008-09-03,92268.1093366449,92268.1093366449
2008-09-04,92268.1093366449,92268.1093366449
2008-09-05,92268.1093366449,92268.1093366449
2008-09-08,92268.1093366449,92268.1093366449
2008-09-09,92268.1093366449,92268.1093366449
2008-09-10,92268.1093366449,92268.1093366449
2008-09-11,92268.1093366449,92268.1093366449
2008-09-12,92268.1093366449,92268.1093366449
2008-09-15,92268.1093366449,92268.1093366449
2008-09-16,92268.1093366449,92268.1093366449
2008-09-17,92268.1093366449,92268.1093366449
2008-09-18,92268.1093366449,92268.1093366449
2008-09-19,92268.1093366449,92268.1093366449
2008-09-22,92268.1093366449,92268.1093366449
2008-09-23,92268.1093366449,92268.1093366449
2008-09-24,92268.1093366449,92268.1093366449
2008-09-25,92268.1093366449,92268.1093366449
2008-09-26,92268.1093366449,92268.1093366449
2008-09-29,92268.1093366449,92268.1093366449
2008-09-30,92268.1093366449,92268.1093366449
2008-10-01,92268.1093366449,92268.1093366449
2008-10-02,92268.1093366449,92268.1093366449
2008-10-03,92268.1093366449,92268.1093366449
2008-10-06,92268.1093366449,92268.1093366449
2008-10-07,92268.1093366449,92268.1093366449
2008-10-08,92268.1093366449,92268.1093366449
2008-10-09,92268.1093366449,92268.1093366449
2008-10-10,92268.1093366449,92268.1093366449
2008-10-13,92268.1093366449,92268.1093366449
2008-10-14,92268.1093366449,92268.1093366449
2008-10-15,92268.1093366449,92268.1093366449
2008-10-16,92268.1093366449,92268.1093366449
2008-10-17,92268.1093366449,92268.1093366449
2008-10-20,92268.1093366449,92268.1093366449
2008-10-21,92268.1093366449,92268.1093366449
2008-10-22,92268.1093366449,92268.1093366449
2008-10-23,92268.1093366449,92268.1093366449
2008-10-24,92268.1093366449,92268.1093366449
2008-10-27,92268.1093366449,92268.1093366449
2008-10-28,92268.1093366449,92268.1093366449
2008-10-29,92268.1093366449,92268.1093366449
2008-10-30,92268.1093366449,92268.1093366449
2008-10-31,92268.1093366449,92268.1093366449
2008-11-03,92268.1093366449,92268.1093366449
2008-11-04,92268.1093366449,92268.1093366449
2008-11-05,92268.1093366449,92268.1093366449
2008-11-06,92268.1093366449,92268.1093366449
2008-11-07,92268.1093366449,92268.1093366449
2008-11-10,92268.1093366449,92268.1093366449
2008-11-11,92268.1093366449,92268.1093366449
2008-11-12,92268.1093366449,92268.1093366449
2008-11-13,92268.1093366449,92268.1093366449
2008-11-14,92268.1093366449,92268.1093366449
2008-11-17,92268.1093366449,92268.1093366449
2008-11-18,92268.1093366449,92268.1093366449
2008-11-19,92268.1093366449,92268.1093366449
2008-11-20,92268.1093366449,92268.1093366449
2008-11-21,92268.1093366449,92268.1093366449
2008-11-24,92268.1093366449,92268.1093366449
2008-11-25,92268.1093366449,92268.1093366449
2008-11-26,92268.1093366449,92268.1093366449
2008-11-28,92268.1093366449,92268.1093366449
2008-12-01,92268.1093366449,92268.1093366449
2008-12-02,92268.1093366449,92268.1093366449
2008-12-03,92268.1093366449,92268.1093366449
2008-12-04,92268.1093366449,92268.1093366449
2008-12-05,92268.1093366449,92268.1093366449
2008-12-08,92268.1093366449,92268.1093366449
2008-12-09,92268.1093366449,92268.1093366449
2008-12-10,92268.1093366449,92268.1093366449
2008-12-11,92268.1093366449,92268.1093366449
2008-12-12,92268.1093366449,92268.1093366449
2008-12-15,92268.1093366449,92268.1093366449
2008-12-16,92268.1093366449,92268.1093366449
2008-12-17,92268.1093366449,92268.1093366449
2008-12-18,92268.1093366449,92268.1093366449
2008-12-19,92268.1093366449,92268.1093366449
2008-12-22,92268.1093366449,92268.1093366449
2008-12-23,92268.1093366449,92268.1093366449
2008-12-24,92268.1093366449,92268.1093366449
2008-12-26,92268.1093366449,92268.1093366449
2008-12-29,92268.1093366449,92268.1093366449
2008-12-30,92268.1093366449,92268.1093366449
2008-12-31,92268.1093366449,92268.1093366449
2009-01-02,92268.1093366449,92268.1093366449
2009-01-05,92268.1093366449,92268.1093366449
2009-01-06,92268.1093366449,92268.1093366449
2009-01-07,92268.1093366449,92268.1093366449
2009-01-08,92268.1093366449,92268.1093366449
2009-01-09,92268.1093366449,92268.1093366449
2009-01-12,92268.1093366449,92268.1093366449
2009-01-13,92268.1093366449,92268.1093366449
2009-01-14,92268.1093366449,92268.1093366449
2009-01-15,92268.1093366449,92268.1093366449
2009-01-16,92268.1093366449,92268.1093366449
2009-01-20,92268.1093366449,92268.1093366449
2009-01-21,92268.1093366449,92268.1093366449
2009-01-22,92268.1093366449,92268.1093366449
2009-01-23,92268.1093366449,92268.1093366449
2009-01-26,92268.1093366449,92268.1093366449
2009-01-27,92268.1093366449,92268.1093366449
2009-01-28,92268.1093366449,92268.1093366449
2009-01-29,92268.1093366449,92268.1093366449
2009-01-30,92268.1093366449,92268.1093366449
2009-02-02,92268.1093366449,92268.1093366449
2009-02-03,92268.1093366449,92268.1093366449
2009-02-04,92268.1093366449,92268.1093366449
2009-02-05,92268.1093366449,92268.1093366449
2009-02-06,92268.1093366449,92268.1093366449
2009-02-09,92268.1093366449,92268.1093366449
2009-02-10,92268.1093366449,92268.1093366449
2009-02-11,92268.1093366449,92268.1093366449
2009-02-12,92268.1093366449,92268.1093366449
2009-02-13,92268.1093366449,92268.1093366449
2009-02-17,92268.1093366449,92268.1093366449
2009-02-18,92268.1093366449,92268.1093366449
2009-02-19,92268.1093366449,92268.1093366449
2009-02-20,92268.1093366449,92268.1093366449
2009-02-23,92268.1093366449,92268.1093366449
2009-02-24,92268.1093366449,92268.1093366449
2009-02-25,92268.1093366449,92268.1093366449
2009-02-26,92268.1093366449,92268.1093366449
2009-02-27,92268.1093366449,92268.1093366449
2009-03-02,92268.1093366449,92268.1093366449
2009-03-03,92268.1093366449,92268.1093366449
2009-03-04,92268.1093366449,92268.1093366449
2009-03-05,92268.1093366449,92268.1093366449
2009-03-06,92268.1093366449,92268.1093366449
2009-03-09,92268.1093366449,92268.1093366449
2009-03-10,92268.1093366449,92268.1093366449
2009-03-11,92268.1093366449,92268.1093366449
2009-03-12,92268.1093366449,92268.1093366449
2009-03-13,92268.1093366449,92268.1093366449
2009-03-16,92268.1093366449,92268.1093366449
2009-03-17,92268.1093366449,92268.1093366449
2009-03-18,92268.1093366449,92268.1093366449
2009-03-19,92268.1093366449,92268.1093366449
2009-03-20,92268.1093366449,92268.1093366449
2009-03-23,92268.1093366449,92268.1093366449
2009-03-24,92268.1093366449,92268.1093366449
2009-03-25,92268.1093366449,92268.1093366449
2009-03-26,92268.1093366449,92268.1093366449
2009-03-27,92268.1093366449,92268.1093366449
2009-03-30,92268.1093366449,92268.1093366449
2009-03-31,92268.1093366449,92268.1093366449
2009-04-01,92268.1093366449,92268.1093366449
2009-04-02,92268.1093366449,92268.1093366449
2009-04-03,92268.1093366449,92268.1093366449
2009-04-06,92268.1093366449,92268.1093366449
2009-04-07,92268.1093366449,92268.1093366449
2009-04-08,92268.1093366449,92268.1093366449
2009-04-09,92268.1093366449,92268.1093366449
2009-04-13,92268.1093366449,92268.1093366449
2009-04-14,92268.1093366449,92268.1093366449
2009-04-15,92268.1093366449,92268.1093366449
2009-04-16,92268.1093366449,92268.1093366449
2009-04-17,92268.1093366449,92268.1093366449
2009-04-20,92268.1093366449,92268.1093366449
2009-04-21,92268.1093366449,92268.1093366449
2009-04-22,92268.1093366449,92268.1093366449
2009-04-23,92268.1093366449,92268.1093366449
2009-04-24,92268.1093366449,92268.1093366449
2009-04-27,92268.1093366449,92268.1093366449
2009-04-28,92268.1093366449,92268.1093366449
2009-04-29,92268.1093366449,92268.1093366449
2009-04-30,92268.1093366449,92268.1093366449
2009-05-01,92268.1093366449,92268.1093366449
2009-05-04,92268.1093366449,92268.1093366449
2009-05-05,92268.1093366449,92268.1093366449
2009-05-06,92268.1093366449,92268.1093366449
2009-05-07,92268.1093366449,92268.1093366449
2009-05-08,92268.1093366449,92268.1093366449
2009-05-11,92268.1093366449,92268.1093366449
2009-05-12,92268.1093366449,92268.1093366449
2009-05-13,92268.1093366449,92268.1093366449
2009-05-14,92268.1093366449,92268.1093366449
2009-05-15,92268.1093366449,92268.1093366449
2009-05-18,92268.1093366449,92268.1093366449
2009-05-19,92268.1093366449,92268.1093366449
2009-05-20,92268.1093366449,92268.1093366449
2009-05-21,92268.1093366449,92268.1093366449
2009-05-22,92268.1093366449,92268.1093366449
2009-05-26,92268.1093366449,92268.1093366449
2009-05-27,92268.1093366449,92268.1093366449
2009-05-28,92268.1093366449,92268.1093366449
2009-05-29,92268.1093366449,92268.1093366449
2009-06-01,92268.1093366449,92268.1093366449
2009-06-02,92268.1093366449,92268.1093366449
2009-06-03,92268.1093366449,92268.1093366449
2009-06-04,92268.1093366449,92268.1093366449
2009-06-05,92268.1093366449,92268.1093366449
2009-06-08,92268.1093366449,92268.1093366449
2009-06-09,92359.30441692521,92268.1093366449
2009-06-10,92219.00455072572,92268.1093366449
2009-06-11,91929.02244213273,92268.1093366449
2009-06-12,91992.94993332078,92268.1093366449
2009-06-15,91275.05203798463,92268.1093366449
2009-06-16,90528.83352020432,92268.1093366449
2009-06-17,91414.65759304215,92268.1093366449
2009-06-18,91502.4590204065,92268.1093366449
2009-06-19,91860.75506094148,92268.1093366449
2009-06-22,90365.91787031342,92268.1093366449
2009-06-23,89623.9523179834,92268.1093366449
2009-06-24,89678.17792892625,92268.1093366449
2009-06-25,90722.82440042665,92268.1093366449
2009-06-26,91018.95739126374,92268.1093366449
2009-06-29,91853.2340292566,92268.1093366449
2009-06-30,91788.90852638413,92268.1093366449
2009-07-01,92596.68886943985,92268.1093366449
2009-07-02,90995.3880285852,92268.1093366449
2009-07-06,90270.8851847284,92268.1093366449
2009-07-07,88609.97314306427,92268.1093366449
2009-07-08,87670.632787668,92268.1093366449
2009-07-09,88642.65489765335,92268.1093366449
2009-07-10,88663.4156341188,92268.1093366449
2009-07-13,89949.6436633699,92268.1093366449
2009-07-14,90549.1053771608,92268.1093366449
2009-07-15,91930.28645511795,92268.1093366449
2009-07-16,92358.96500965286,92268.1093366449
2009-07-17,93002.83425136734,92268.1093366449
2009-07-20,93774.24422832657,92268.1093366449
2009-07-21,92521.81480213333,92268.1093366449
2009-07-22,92223.73353954483,92268.1093366449
2009-07-23,93726.0440616243,92268.1093366449
2009-07-24,93963.20517345596,92268.1093366449
2009-07-27,93353.41463848282,92268.1093366449
2009-07-28,93155.21450420548,92268.1093366449
2009-07-29,94210.53363224198,92268.1093366449
2009-07-30,94569.04380985428,92268.1093366449
2009-07-31,95283.34550090958,92268.1093366449
2009-08-03,96262.0944604509,92268.1093366449
2009-08-04,96642.88702388931,92268.1093366449
2009-08-05,95600.12480636765,92268.1093366449
2009-08-06,93703.47425743271,92268.1093366449
2009-08-07,94720.2551774614,92268.1093366449
2009-08-10,94212.92003627945,92268.1093366449
2009-08-11,93272.29558464218,92268.1093366449
2009-08-12,94634.31860157181,92268.1093366449
2009-08-13,94834.11090751816,92268.1093366449
2009-08-14,93036.62563129593,92268.1093366449
2009-08-17,91445.03602405716,92268.1093366449
2009-08-18,93495.514686548,92268.1093366449
2009-08-19,94028.89521976639,92268.1093366449
2009-08-20,94965.11522384812,92095.6695010965
2009-08-21,95602.19647022415,92066.9295285051
2009-08-24,95199.97782512833,92411.8091996019
2009-08-25,96070.9182633989,93173.4195010965
2009-08-26,96111.41709991623,93302.74903515031
2009-08-27,95835.99719616104,92814.1695010965
2009-08-28,95641.416239702,93202.1594736879
2009-08-31,94560.87618728806,93518.2991721933
2009-09-01,92604.71850200821,93489.5591996019
2009-09-02,93736.62395092178,93044.0892818277
2009-09-03,95082.37724872757,93115.9395559137
2009-09-04,97336.24273868729,96363.5598848169
2009-09-08,99483.78030201126,97814.92884329011
2009-09-09,101725.6512307756,97944.25906255891
2009-09-10,103057.55255027939,97398.19889810731
2009-09-11,101425.012068712,96765.52881601502
2009-09-14,102949.49818988968,97081.88920000245
2009-09-15,105675.61960025955,97311.96898058106
2009-09-16,106824.86068912674,97196.92909029176
2009-09-17,106031.40161796738,96981.22895315339
2009-09-18,107209.63506981064,97009.98892572572
2009-09-21,106416.27450748612,96851.808733732
2009-09-22,107708.35056015183,96916.5188434427
2009-09-23,106473.76781746079,97168.16911771943
2009-09-24,101189.19383426834,96743.95900800874
2009-09-25,100742.4798240297,96449.16911771943
2009-09-28,103373.53608986069,96549.82867887666
2009-09-29,103591.73230167557,96441.97895315339
2009-09-30,102914.36512943436,95945.8692548578
2009-10-01,98797.69279571701,95758.92909029176
2009-10-02,97979.87178512741,95751.73892572572
2009-10-05,99653.89249893356,95902.72895315339
2009-10-06,101660.25228878189,95981.81870630433
2009-10-07,101574.26525684525,95931.48892572572
2009-10-08,102458.51168056656,96017.7688434427
2009-10-09,102409.68180557419,96003.38920000245
2009-10-12,102250.76346584488,95902.72895315339
2009-10-13,102150.91221615006,95751.73892572572
2009-10-14,105179.62323566605,95838.0188434427
2009-10-15,104769.08844371964,95838.0188434427
2009-10-16,102948.01732250382,95838.0188434427
2009-10-19,104088.04583545853,95838.0188434427
2009-10-20,103023.36536022354,95838.0188434427
2009-10-21,101393.14268490006,95838.0188434427
2009-10-22,103173.28553577591,95838.0188434427
2009-10-23,101786.23892589737,95838.0188434427
2009-10-26,100868.09697529007,95838.0188434427
2009-10-27,99740.50060077835,95838.0188434427
2009-10-28,96677.3707904451,95838.0188434427
2009-10-29,97534.11943432022,95838.0188434427
2009-10-30,94912.07403846909,95838.0188434427
2009-11-02,95856.00832172562,95838.0188434427
2009-11-03,96640.62210746933,95838.0188434427
2009-11-04,96856.87795444657,95838.0188434427
2009-11-05,100051.06907936264,95838.0188434427
2009-11-06,99856.88798977066,95838.0188434427
2009-11-09,103661.57536483933,95838.0188434427
2009-11-10,104007.83191562821,95838.0188434427
2009-11-11,104339.84569240738,95838.0188434427
2009-11-12,102422.46563141038,95838.0188434427
2009-11-13,103410.25194351365,95838.0188434427
2009-11-16,105878.12367622544,95838.0188434427
2009-11-17,106019.60243599107,95838.0188434427
2009-11-18,105011.4005202501,95838.0188434427
2009-11-19,102403.55036918809,95838.0188434427
2009-11-20,101633.8247231691,95838.0188434427
2009-11-23,103089.64868061234,95838.0188434427
2009-11-24,102951.32422439744,95838.0188434427
2009-11-25,103963.51531212022,95838.0188434427
2009-11-27,101646.39546959092,95838.0188434427
2009-11-30,101543.5783843248,95838.0188434427
2009-12-01,103138.48896114518,95838.0188434427
2009-12-02,103425.48812954118,95838.0188434427
2009-12-03,102620.90966407945,95838.0188434427
2009-12-04,102744.78094856431,95838.0188434427
2009-12-07,102342.66149894883,95838.0188434427
2009-12-08,101316.38013641526,95838.0188434427
2009-12-09,102264.05709068467,95838.0188434427
2009-12-10,101781.39240734269,95838.0188434427
2009-12-11,103134.61650554826,95838.0188434427
2009-12-14,103047.67092172791,95838.0188434427
2009-12-15,102948.69424335648,95838.0188434427
2009-12-16,103694.98320524384,95838.0188434427
2009-12-17,102339.93851597,95838.0188434427
2009-12-18,104493.23022730042,95838.0188434427
2009-12-21,105716.78292591263,95838.0188434427
2009-12-22,106637.5160325258,95838.0188434427
2009-12-23,107871.67779142549,95838.0188434427
2009-12-24,108803.09752113512,95838.0188434427
2009-12-28,107946.70805198839,95838.0188434427
2009-12-29,107545.51538116625,95838.0188434427
2009-12-30,107001.55918247392,95838.0188434427
2009-12-31,105522.7319105356,95838.0188434427
2010-01-04,107800.61906416109,95838.0188434427
2010-01-05,108737.96763498476,95838.0188434427
2010-01-06,109388.74423677614,95838.0188434427
2010-01-07,109538.86663086107,95838.0188434427
2010-01-08,109257.70944292238,95838.0188434427
2010-01-11,108014.18843013933,95838.0188434427
2010-01-12,105309.06234771898,95838.0188434427
2010-01-13,107402.68537647417,95838.0188434427
2010-01-14,107781.52850944689,95838.0188434427
2010-01-15,105603.9000781267,95838.0188434427
2010-01-19,106890.29493219545,95838.0188434427
2010-01-20,105896.02880937746,95838.0188434427
2010-01-21,103214.98606474092,95838.0188434427
2010-01-22,102408.95246965578,95838.0188434427
2010-01-25,102726.5056675165,95838.0188434427
2010-01-26,102030.04642564943,95838.0188434427
2010-01-27,103527.19528467348,95838.0188434427
2010-01-28,101528.7082241266,95838.0188434427
2010-01-29,100820.20703775575,95838.0188434427
2010-02-01,101293.28738767793,95838.0188434427
2010-02-02,102590.2848156183,95838.0188434427
2010-02-03,101522.93797857454,95838.0188434427
2010-02-04,97298.72493917635,95838.0188434427
2010-02-05,97797.99871713808,95838.0188434427
2010-02-08,97281.72024137666,95838.0188434427
2010-02-09,99916.85600931337,95838.0188434427
2010-02-10,99620.845574209,95838.0188434427
2010-02-11,101010.72136671236,95838.0188434427
2010-02-12,102034.19779092958,95838.0188434427
2010-02-16,104158.1822021692,95838.0188434427
2010-02-17,104295.48474294832,95838.0188434427
2010-02-18,105756.6572464197,95838.0188434427
2010-02-19,106241.75253660372,95838.0188434427
2010-02-22,107403.09323293855,95838.0188434427
2010-02-23,106203.61957723787,95838.0188434427
2010-02-24,107792.07411359955,95838.0188434427
2010-02-25,107817.54590152908,95838.0188434427
2010-02-26,108098.2265837114,95838.0188434427
2010-03-01,110794.50760292221,95838.0188434427
2010-03-02,111442.95654415298,95838.0188434427
2010-03-03,110872.71245836426,95838.0188434427
2010-03-04,110750.17792390991,95838.0188434427
2010-03-05,112058.95338319946,95838.0188434427
2010-03-08,112333.46621345688,95838.0188434427
2010-03-09,112661.53349327255,95838.0188434427
2010-03-10,113905.46428274323,95838.0188434427
2010-03-11,113906.04262994934,95838.0188434427
2010-03-12,114157.18475174118,95838.0188434427
2010-03-15,113421.81027673889,95838.0188434427
2010-03-16,113578.13372492004,95838.0188434427
2010-03-17,113616.35331272293,95838.0188434427
2010-03-18,113660.5248715799,95838.0188434427
2010-03-19,111903.4860374849,95838.0188434427
2010-03-22,113107.71985124756,95838.0188434427
2010-03-23,114288.37145399261,95838.0188434427
2010-03-24,113570.633429281,95838.0188434427
2010-03-25,112921.39093265703,95838.0188434427
2010-03-26,112740.48967943361,95838.0188434427
2010-03-29,113980.15090999773,95838.0188434427
2010-03-30,113287.96778116396,95838.0188434427
2010-03-31,112611.32155237367,95838.0188434427
2010-04-01,113233.63016376665,95838.0188434427
2010-04-05,114035.9714518564,95838.0188434427
2010-04-06,114476.63951250244,95838.0188434427
2010-04-07,113736.09211965729,95838.0188434427
2010-04-08,115228.51714988876,95838.0188434427
2010-04-09,115712.61289211441,95838.0188434427
2010-04-12,116606.59710880448,95838.0188434427
2010-04-13,116397.58081098725,95838.0188434427
2010-04-14,118915.35552021195,95838.0188434427
2010-04-15,118537.92416235138,95838.0188434427
2010-04-16,116511.30670543839,95838.0188434427
2010-04-19,116592.3534612291,95838.0188434427
2010-04-20,118506.85783954788,95838.0188434427
2010-04-21,120726.16767164398,95586.01908376862
2010-04-22,121720.90224023987,95444.2688434427
2010-04-23,123043.46956773926,95790.76876333405
2010-04-26,122792.09981771637,95727.76932409455
2010-04-27,119791.04451700379,95491.51892355134
2010-04-28,119543.60068460632,95790.76876333405
2010-04-29,124461.29674478699,96394.76818731477
2010-04-30,121277.80868097473,95891.51954343964
2010-05-03,122948.33060308624,96430.01851728608
2010-05-04,118423.90427442719,95676.7691104715
2010-05-05,116454.96958204437,95402.26907423188
2010-05-06,113630.6120757692,94576.5186279123
2010-05-07,109961.34968563248,94011.2691848581
2010-05-10,116764.69837995697,94942.26855924775
2010-05-11,117645.84527822662,95121.01831129243
2010-05-12,120883.37128778626,95496.76424673249
2010-05-13,120013.55270715881,95178.07996061494
2010-05-14,117245.38988062073,94337.99238088776
2010-05-17,118959.61641546417,94382.76523092439
2010-05-18,116922.46973558594,93747.86037901093
2010-05-19,115879.66599222351,93091.27485349824
2010-05-20,110369.4224314325,91238.63034704377
2010-05-21,110970.83975454498,91123.73853758027
2010-05-24,110783.97847219635,91131.47871473481
2010-05-25,111398.55458780457,91232.09806516816
2010-05-26,111597.61900564362,91398.50818327119
2010-05-27,113713.52438970734,91669.40847852876
2010-05-28,113300.22514959503,91537.82841947724
2010-06-01,112497.6239113443,90895.72792509248
2010-06-02,114941.81332632233,91495.3785522287
2010-06-03,116012.99441000153,91753.52855947663
2010-06-04,113841.95294424225,90876.37822035005
2010-06-07,112959.07314153839,90442.19805792024
2010-06-08,112607.23232504059,90404.5083015268
2010-06-09,113091.73348470856,90349.4086997812
2010-06-10,114137.28347631622,90462.50852277924
2010-06-11,115229.12283178497,90462.50852277924
2010-06-14,115549.69300695587,90462.50852277924
2010-06-15,116297.66347356964,90462.50852277924
2010-06-16,116400.6133064859,90462.50852277924
2010-06-17,116567.17331167389,90462.50852277924
2010-06-18,116086.98024221588,90462.50852277924
2010-06-21,115425.4437450998,90462.50852277924
2010-06-22,113992.29853292633,90462.50852277924
2010-06-23,114723.77810575653,90656.94799116303
2010-06-24,113823.2397833078,90333.94833448579
2010-06-25,113468.8441267221,90217.46844556977
2010-06-28,113086.00815870453,89936.16755369355
2010-06-29,109940.06806280304,89115.6278693979
2010-06-30,109618.96368314911,89006.32854536225
2010-07-01,109920.773261091,89089.5883796518
2010-07-02,109969.30391981293,89002.70846250703
2010-07-06,110275.32403471161,89024.42826917817
2010-07-07,110624.44373228241,89158.36857298066
2010-07-08,110933.83291914154,89245.24849012544
2010-07-09,111336.62430860687,89520.36857298066
2010-07-12,111112.5927381723,89361.0883796518
2010-07-13,111731.00437071014,89455.20846250703
2010-07-14,111757.77322294403,89462.44862821748
2010-07-15,111841.35401823212,89466.0687110727
2010-07-16,111126.06412031341,89466.0687110727
2010-07-19,111266.46300794769,89466.0687110727
2010-07-20,111380.03348829437,89466.0687110727
2010-07-21,110939.03332426239,89466.0687110727
2010-07-22,110981.42356016327,89466.0687110727
2010-07-23,111421.48341657806,89466.0687110727
2010-07-26,111671.88357069183,89466.0687110727
2010-07-27,111555.32412244965,89466.0687110727
2010-07-28,111300.77349378754,89466.0687110727
2010-07-29,111055.45401289154,89466.0687110727
2010-07-30,111088.0536680429,89466.0687110727
2010-08-02,110901.7738142221,89466.0687110727
2010-08-03,110742.49376966644,89466.0687110727
2010-08-04,111109.3968763559,89707.26285055329
2010-08-05,109822.13282873321,88986.67045667817
2010-08-06,109896.9874181955,88946.51200655152
2010-08-09,110334.85162641693,89778.21444490601
2010-08-10,108828.56766988922,88695.69138029267
2010-08-11,105679.85263158966,86312.9225833719
2010-08-12,106529.03787138153,85657.10574320008
2010-08-13,106133.91267301727,85294.66763284852
2010-08-16,106200.911725065,85377.6294362848
2010-08-17,106964.88210203339,86814.81656625916
2010-08-18,107625.57274725128,86845.53600862672
2010-08-19,106767.8590086496,85401.40376070191
2010-08-20,106871.70030961395,85351.2952478235
2010-08-23,105941.0895365274,85063.52337434937
2010-08-24,105188.99012742401,84705.44400385072
2010-08-25,105078.37133965851,85344.30247476746
2010-08-26,105019.04106316925,85156.55309084107
2010-08-27,105894.6911104715,85817.560230047
2010-08-30,105052.48053918243,85612.52500109009
2010-08-31,105138.30140099884,85807.53117327027
2010-09-01,106355.32000146271,86128.63694719605
2010-09-02,106956.31144128204,86324.46377710633
2010-09-03,107281.88123498322,86462.01392702393
2010-09-07,106911.50018487335,86022.51019052796
2010-09-08,107214.47115502716,86072.69099954896
2010-09-09,106866.73093591095,85930.24240450196
2010-09-10,106974.15003381134,85945.05444292359
2010-09-13,107425.6506517923,86297.40870241456
2010-09-14,107716.20057855011,86314.09687761597
2010-09-15,107545.79076562286,86379.99912599854
2010-09-16,107773.74185357452,86293.02380708985
2010-09-17,108037.45179925323,86463.84714655213
2010-09-20,110316.38798127533,87759.867908042
2010-09-21,110086.61826310516,87419.52711061768
2010-09-22,110687.89695207,87600.13874391846
2010-09-23,109590.39001313568,86076.3798718863
2010-09-24,111592.96536294342,87844.90568689637
2010-09-27,111488.4911960733,88433.91325430207
2010-09-28,112036.69204560638,89004.50771860413
2010-09-29,112402.90957490326,89128.92590647156
2010-09-30,111961.93822327972,89231.27783708984
2010-10-01,112687.96088258148,90248.40505056793
2010-10-04,112101.96400681854,90021.31273107941
2010-10-05,113835.56619874359,91212.3085949939
2010-10-06,112734.21330682159,90205.72714929993
2010-10-07,112590.90164414764,89910.38265161926
2010-10-08,113121.75186196686,90550.06313734467
2010-10-11,112847.5752586496,90350.64098864014
2010-10-12,112878.40474740387,90636.42289286072
2010-10-13,113629.57095948578,91034.57638170655
2010-10-14,113354.57989350677,90225.27519895966
2010-10-15,114088.2236103189,90157.7120399707
2010-10-18,113699.62639848114,90903.12910177643
2010-10-19,112224.5195945871,89572.67062857086
2010-10-20,113576.02469483734,90980.51204874451
2010-10-21,113612.9549297464,90451.47486689026
2010-10-22,114283.92805329681,90738.03174593384
2010-10-25,114517.04147950531,90783.02547838623
2010-10-26,113809.459659971,90508.3131866687
2010-10-27,113549.47985116363,90079.50783442371
2010-10-28,114264.62123147369,90311.64409613605
2010-10-29,114525.93854180694,90921.94895052905
2010-11-01,114575.9200481546,91074.91855692859
2010-11-02,116031.48063031555,91726.62959170337
2010-11-03,115959.22370828033,92090.36052203174
2010-11-04,118448.62553037048,94259.66508555408
2010-11-05,119390.75597203613,95207.09214282031
2010-11-08,119985.11870969177,95354.01850199695
2010-11-09,119115.64886105896,93518.2680793285
2010-11-10,120213.98442376495,94333.43691592212
2010-11-11,120272.02366174103,94624.37383990284
2010-11-12,118754.93372929932,93250.29077105518
2010-11-15,118404.40122331024,93183.1561236858
2010-11-16,116935.60892976166,91329.3950171947
2010-11-17,117862.19513715149,91996.74743609424
2010-11-18,119027.43748597504,93699.7719188213
2010-11-19,119810.3693249643,94238.16388659473
2010-11-22,121006.02248982788,94877.49473910328
2010-11-23,120238.33356885315,93596.3941112041
2010-11-24,121839.30135087372,95751.48028140064
2010-11-26,121692.28799943329,95037.29821352955
2010-11-29,121155.98670876861,94513.26361041065
2010-11-30,121349.09477294327,94090.3924518108
2010-12-01,122855.87817967773,96093.50386004444
2010-12-02,123452.7725950563,97339.04854159351
2010-12-03,123884.47928727508,98187.49427943226
2010-12-06,123719.17653621078,98160.24801020618
2010-12-07,123927.23340333343,98178.22658877369
2010-12-08,123990.19651950241,98820.8053298473
2010-12-09,123849.78810943008,99149.16732745167
2010-12-10,124260.22517646194,99630.20039729115
2010-12-13,124093.59336484314,99618.40551623341
2010-12-14,123635.53483117462,99562.0868898296
2010-12-15,123077.14458421111,98979.24637373921
2010-12-16,124188.23162225127,100078.89152129169
2010-12-17,124210.11186364532,100032.4595239925
2010-12-20,124696.86858466506,100399.03587706562
2010-12-21,124943.26930791259,100755.15114768024
2010-12-22,124112.27670031905,100055.84540637012
2010-12-23,123964.80345898986,100000.28073294635
2010-12-27,123911.18973618865,100102.0807588863
2010-12-28,123492.28632813811,100010.62648947712
2010-12-29,123712.76287442565,100049.64672644611
2010-12-30,123759.1754129541,99859.47609694477
2010-12-31,123187.06376296401,99430.82764037128
2011-01-03,124436.10201722503,100979.72976859089
2011-01-04,123530.84316045165,100536.42421229358
2011-01-05,124346.91346913695,101521.17982562061
2011-01-06,123660.67332536101,100419.22254450794
2011-01-07,122849.16287261367,100075.4721821117
2011-01-10,123745.63522797942,100612.70528681751
2011-01-11,123939.25257188201,100850.17784770008
2011-01-12,126145.05395966888,101308.50011332508
2011-01-13,128099.60219365478,101514.26677783008
2011-01-14,129026.47370320678,102336.22682841297
2011-01-18,129765.96275884032,103044.01891787525
2011-01-19,126952.55917340636,101380.10930140491
2011-01-20,125046.55976849914,99733.93524630542
2011-01-21,124819.24474316955,99732.30551417347
2011-01-24,125286.74000150085,100236.27861292835
2011-01-25,125141.26548367858,100290.61650736805
2011-01-26,126785.87174779296,101476.25515254016
2011-01-27,126421.64940244079,101886.4615143108
2011-01-28,123535.183711828,99357.7731006908
2011-01-31,123682.3092687738,100134.66170390125
2011-02-01,126323.21993619323,102253.63116343494
2011-02-02,125363.0192850244,102600.74992831226
2011-02-03,125539.32896405578,103101.85078890796
2011-02-04,126370.98690968871,104137.01093752857
2011-02-07,128985.33673650146,105565.62001879688
2011-02-08,129679.07623273254,106534.62086924548
2011-02-09,129222.68737775207,106344.88146456714
2011-02-10,130104.52880078673,106456.81110438342
2011-02-11,131939.00664502502,107223.97976550098
2011-02-14,132923.36898595214,108134.17275866504
2011-02-15,133138.768527807,108225.63042315478
2011-02-16,133401.64711552978,109294.09027346606
2011-02-17,133554.68800908446,109483.57121142383
2011-02-18,133386.8191755426,109383.891836729
2011-02-22,129126.25970631957,106160.53119936939
2011-02-23,126683.76212293029,103402.82125178333
2011-02-24,126664.29071217895,102780.59099093433
2011-02-25,129363.94976598144,105489.61275378223
2011-02-28,129371.59292394042,105442.99739352222
2011-03-01,126589.87712079406,103007.51701251026
2011-03-02,127159.18783742309,104473.38325587269
2011-03-03,130886.37269490601,108282.25199213978
2011-03-04,130197.40458577515,108041.49506846424
2011-03-07,128578.36437505127,106451.39966860767
2011-03-08,129365.2618054712,107628.97734919544
2011-03-09,127773.90152543427,105971.53022755079
2011-03-10,125002.56174271942,102468.42760837964
2011-03-11,125977.44490540863,103707.96654575758
2011-03-14,124740.84873212219,103590.36548107557
2011-03-15,124218.03968346954,102956.52956646375
2011-03-16,121589.2535744989,101575.11181324415
2011-03-17,122993.75440896393,104173.01562946729
2011-03-18,123834.31073678375,103987.20580547742
2011-03-21,126227.60713971496,106272.88937252454
2011-03-22,124989.4761563623,105222.11104458265
2011-03-23,125720.13352120758,105646.463856396
2011-03-24,127231.42314637543,106666.92703503065
2011-03-25,127868.79330647827,108389.50503414564
2011-03-28,127842.12533486725,108201.54577511243
2011-03-29,129762.74469292999,109125.28393848828
2011-03-30,130751.61393559814,109987.88213070325
2011-03-31,130463.47524941803,109888.36425693921
2011-04-01,131626.0303098047,110456.62133701734
2011-04-04,131354.83935162902,111105.91638859204
2011-04-05,132023.19622609497,111018.07194050244
2011-04-06,130719.5116471994,110287.86454113416
2011-04-07,130286.81792352081,109096.42265709332
2011-04-08,130006.86101434112,109149.6523953288
2011-04-11,127099.2535819757,106140.47096832684
2011-04-12,126578.31838128448,105007.38246830396
2011-04-13,127075.5888881433,105202.05351265363
2011-04-14,126288.03515050292,103904.07550438336
2011-04-15,128440.27152249694,105024.04699524335
2011-04-18,126936.10186478973,102677.10583313397
2011-04-19,126728.42215154052,104054.54653938703
2011-04-20,129102.6204576242,107203.09858139447
2011-04-21,129723.0960769403,108146.74161919049
2011-04-25,130011.2114152658,107485.14105995587
2011-04-26,128137.40694520355,106907.23828133038
2011-04-27,128680.22508237243,106779.54616363934
2011-04-28,129166.90246388793,106969.1057320445
2011-04-29,129615.85295197845,106529.22274216107
2011-05-02,128374.47678658844,105118.19544800214
2011-05-03,127134.59852692962,101878.00817306928
2011-05-04,125384.0494765985,100402.62503632001
2011-05-05,124954.62776753784,100476.03398331098
2011-05-06,124896.2385511148,100969.14248856
2011-05-09,126177.81337258697,102374.81110771588
2011-05-10,128198.18555257202,102718.1288052409
2011-05-11,126274.36494538665,100832.43040283612
2011-05-12,127467.96254712463,101159.15929275921
2011-05-13,126518.32892018676,99682.32809692791
2011-05-16,124764.01866418243,98665.48449188641
2011-05-17,123991.70232850433,97294.53694015912
2011-05-18,125578.477927984,98580.59637028149
2011-05-19,125860.22028905273,98812.84783893994
2011-05-20,124543.5454333818,97662.9331743472
2011-05-23,122644.8039439714,96040.39724085263
2011-05-24,122091.03930459381,95400.22952244214
2011-05-25,122297.50907740952,96624.94233248166
2011-05-26,123516.148599962,97363.03266642026
2011-05-27,123757.52792010666,98016.35033056668
2011-05-31,124468.35039554001,99147.76940748624
2011-06-01,122396.05749068619,96116.9736587756
2011-06-02,121359.62773929001,95530.13637802533
2011-06-03,119075.16238532425,93608.02052042416
2011-06-06,117505.04657969833,92575.01098940305
2011-06-07,118183.01092944504,93331.85814545087
2011-06-08,117574.48394809128,92850.41944191388
2011-06-09,118758.30478129745,93330.73138210706
2011-06-10,116957.03005633713,91936.28199503354
2011-06-13,117096.69656787277,91866.31451723508
2011-06-14,118585.81963382126,93239.94106409482
2011-06-15,116688.37863192917,91831.94499561719
2011-06-16,116089.62339956833,90712.50042037992
2011-06-17,115758.20436461044,90695.18563156156
2011-06-20,117240.71453840805,91884.4779732707
2011-06-21,119023.0185206659,93352.5002263072
2011-06-22,118631.53084166122,93171.55510835676
2011-06-23,118113.94734318329,92847.04050235776
2011-06-24,118158.90938885284,92446.39349727659
2011-06-27,118919.66403324677,93065.83419303922
2011-06-28,121542.32309059692,94826.94774967221
2011-06-29,122095.81105665756,95552.87606626538
2011-06-30,122668.25418572022,95248.74116903332
2011-07-01,125320.34604458405,96698.27675395993
2011-07-05,125762.12722448898,97616.01328712491
2011-07-06,126364.40857987,97884.35370594052
2011-07-07,126895.60764746262,98059.26430755643
2011-07-08,126218.93580679489,97654.44948392895
2011-07-11,123538.91092209412,95731.78290515927
2011-07-12,123420.1892357309,95538.80832582501
2011-07-13,123644.75504736496,95970.53747468976
2011-07-14,122818.68202404572,95332.36658674268
2011-07-15,123901.93982081009,95389.88387352017
2011-07-18,123389.4362149675,94690.91831117657
2011-07-19,126145.43285469605,95911.25035339383
2011-07-20,126106.15292553497,95972.36324506787
2011-07-21,126629.05316309525,96020.9648285487
2011-07-22,126683.3244877298,96050.59344821957
2011-07-25,126429.41003803803,95950.55302434949
2011-07-26,125340.68099360062,95202.70641857175
2011-07-27,122389.37401680542,93467.17644268063
2011-07-28,121376.43347792221,93019.72472148923
2011-07-29,121273.64445929123,92867.33819347409
2011-08-01,121584.60284857346,92938.47664743451
2011-08-02,117130.61496214462,89583.8548093417
2011-08-03,117239.10839705063,90382.14295440701
2011-08-04,112380.42542128159,86976.87271553067
2011-08-05,113142.91900686813,87633.82737785367
2011-08-08,111938.99886755539,86114.191864548
2011-08-09,112150.49855856491,86396.0174871066
2011-08-10,112150.49855856491,86396.0174871066
2011-08-11,112150.49855856491,86396.0174871066
2011-08-12,112150.49855856491,86396.0174871066
2011-08-15,112150.49855856491,86396.0174871066
2011-08-16,112150.49855856491,86396.0174871066
2011-08-17,112150.49855856491,86396.0174871066
2011-08-18,112150.49855856491,86396.0174871066
2011-08-19,112150.49855856491,86396.0174871066
2011-08-22,112150.49855856491,86396.0174871066
2011-08-23,112150.49855856491,86396.0174871066
2011-08-24,112150.49855856491,86396.0174871066
2011-08-25,112150.49855856491,86396.0174871066
2011-08-26,112150.49855856491,86396.0174871066
2011-08-29,112150.49855856491,86396.0174871066
2011-08-30,112150.49855856491,86396.0174871066
2011-08-31,112150.49855856491,86396.0174871066
2011-09-01,112150.49855856491,86396.0174871066
2011-09-02,112150.49855856491,86396.0174871066
2011-09-06,112150.49855856491,86396.0174871066
2011-09-07,112150.49855856491,86396.0174871066
2011-09-08,112150.49855856491,86396.0174871066
2011-09-09,112150.49855856491,86396.0174871066
2011-09-12,112150.49855856491,86396.0174871066
2011-09-13,112150.49855856491,86396.0174871066
2011-09-14,112150.49855856491,86396.0174871066
2011-09-15,112150.49855856491,86396.0174871066
2011-09-16,112150.49855856491,86396.0174871066
2011-09-19,112150.49855856491,86396.0174871066
2011-09-20,112150.49855856491,86396.0174871066
2011-09-21,112150.49855856491,86396.0174871066
2011-09-22,112150.49855856491,86396.0174871066
2011-09-23,112150.49855856491,86396.0174871066
2011-09-26,112150.49855856491,86396.0174871066
2011-09-27,112150.49855856491,86396.0174871066
2011-09-28,112150.49855856491,86396.0174871066
2011-09-29,112150.49855856491,86396.0174871066
2011-09-30,112150.49855856491,86396.0174871066
2011-10-03,112150.49855856491,86396.0174871066
2011-10-04,112150.49855856491,86396.0174871066
2011-10-05,112150.49855856491,86396.0174871066
2011-10-06,112150.49855856491,86396.0174871066
2011-10-07,112150.49855856491,86396.0174871066
2011-10-10,112150.49855856491,86396.0174871066
2011-10-11,112150.49855856491,86396.0174871066
2011-10-12,112150.49855856491,86396.0174871066
2011-10-13,112150.49855856491,86396.0174871066
2011-10-14,112150.49855856491,86396.0174871066
2011-10-17,112150.49855856491,86396.0174871066
2011-10-18,112150.49855856491,86396.0174871066
2011-10-19,112150.49855856491,86396.0174871066
2011-10-20,112150.49855856491,86396.0174871066
2011-10-21,112150.49855856491,86396.0174871066
2011-10-24,112150.49855856491,86396.0174871066
2011-10-25,112150.49855856491,86396.0174871066
2011-10-26,112150.49855856491,86396.0174871066
2011-10-27,112150.49855856491,86396.0174871066
2011-10-28,112150.49855856491,86396.0174871066
2011-10-31,112150.49855856491,86396.0174871066
2011-11-01,111684.30830053879,86036.90728813199
2011-11-02,111775.28828100754,86106.99727302579
2011-11-03,112099.66817907883,86357.09719520596
2011-11-04,112068.4476590593,86332.91679435757
2011-11-07,112121.22837881638,86373.61734825162
2011-11-08,112398.77881674362,86587.44768577603
2011-11-09,111685.79774908615,86038.18686347989
2011-11-10,111627.33475927902,85993.19060379056
2011-11-11,112667.78130011154,86794.4007115939
2011-11-14,112085.1682210405,86345.6751885989
2011-11-15,112835.23038153244,86923.34296661404
2011-11-16,111577.2652571733,85954.53567871121
2011-11-17,111002.53998404098,85512.02593025235
2011-11-18,111120.90581732345,85603.1525324252
2011-11-21,110477.69093542648,85107.63246902493
2011-11-22,110307.74951773239,84976.7749555972
2011-11-23,110120.97506933761,84833.012880173
2011-11-25,110088.43955450607,84807.96998390225
2011-11-28,110624.6651061113,85220.70790847806
2011-11-29,110555.98014288498,85167.84043678311
2011-11-30,111046.4151061113,85545.33290847806
2011-12-01,111141.61021643234,85618.60549339322
2011-12-02,111074.12959127975,85566.6650122073
2011-12-05,110936.75966482711,85460.93006881741
2011-12-06,110853.6152899797,85396.93305000332
2011-12-07,111058.46492224289,85554.60776695279
2011-12-08,110905.43032675338,85436.81557830838
2011-12-09,113076.43508749557,87108.008183327
2011-12-12,112510.86063318801,86671.91252311734
2011-12-13,111758.60928183151,86092.30297645596
2011-12-14,110381.5733349855,85032.33246406582
2011-12-15,111007.07957106185,85513.83426174191
2011-12-16,112032.71643477035,86303.37831577328
2011-12-19,111049.08238154007,85546.20041831998
2011-12-20,113234.61272364212,87228.78166469601
2011-12-21,111544.79855852676,85926.74669250516
2011-12-22,111700.8685057695,86046.14679607419
2011-12-23,112472.46419172836,86640.1956461337
2011-12-27,112900.05838614059,86969.49893268613
2011-12-28,111434.95451098037,85841.3116749194
2011-12-29,112187.65268068862,86421.02281459836
2011-12-30,111189.23198061538,85652.51741966275
2012-01-03,111813.36343317581,86132.47074207333
2012-01-04,111109.63001757217,85591.13550409344
2012-01-05,111789.19885187698,86114.4682405856
2012-01-06,111023.09578638626,85524.95995267895
2012-01-09,111462.13920717788,85862.92562707928
2012-01-10,112886.77545099807,86960.21647199658
2012-01-11,112792.87085810257,86888.32995025662
2012-01-12,112752.51224222733,86857.15856163052
2012-01-13,112387.73288431717,86575.88708440808
2012-01-17,113009.30324640824,87054.49390451459
2012-01-18,113682.82508173538,87573.31485597638
2012-01-19,113585.49025049759,87498.80699007062
2012-01-20,112832.55949869705,86919.0788797572
2012-01-23,111729.67793360306,86069.6260704234
2012-01-24,112193.72679415299,86426.90515272168
2012-01-25,112898.90356531693,86969.77457944897
2012-01-26,112112.64332476212,86364.5440019801
2012-01-27,112652.53312656985,86780.85407046313
2012-01-30,112305.41702625857,86513.47423485751
2012-01-31,111980.53887150393,86262.7904370212
2012-02-01,114877.55228397952,88495.05278901095
2012-02-02,115318.16941235171,88834.43554142947
2012-02-03,116492.61288426028,89739.43863562579
2012-02-06,116287.82558987246,89581.50714282031
2012-02-07,116556.10668156252,89788.11051873202
2012-02-08,116137.11581013308,89465.07950047488
2012-02-09,116948.40148136721,90090.14251975055
2012-02-10,116312.82237789736,89600.45624808306
2012-02-13,116973.97021076785,90110.49581078524
2012-02-14,117898.76983997927,90823.00352553363
2012-02-15,116815.68804428683,89987.95676142687
2012-02-16,118044.51079247103,90935.05749184603
2012-02-17,117710.69843742953,90678.41475398059
2012-02-21,117301.78252861605,90363.0242100429
2012-02-22,116102.15798542605,89438.76317460055
2012-02-23,117313.26802132235,90371.62212521548
2012-02-24,116997.53753159152,90128.24282557482
2012-02-27,117404.98502228365,90441.11582095141
2012-02-28,117685.74766228304,90658.30092675204
2012-02-29,116381.64899895297,89653.58518893237
2012-03-01,117736.82062122927,90697.24382025714
2012-03-02,117361.89006207095,90407.71262223239
2012-03-05,118023.11698505984,90918.09132821078
2012-03-06,115807.48398945437,89213.18825394625
2012-03-07,117101.07522366152,90208.78920514102
2012-03-08,118709.27509377108,91446.54249150271
2012-03-09,119303.42768833743,91903.76525361056
2012-03-12,119280.74599812136,91886.05072123522
2012-03-13,120879.87410805331,93116.411730833
2012-03-14,120113.36223766909,92527.27167756076
2012-03-15,120670.68374798403,92954.75591523165
2012-03-16,120074.5032708417,92495.71908528323
2012-03-19,120550.075491644,92862.89802510256
2012-03-20,120202.35752365694,92595.31174237246
2012-03-21,120963.06976006136,93180.62223393435
2012-03-22,121185.18348476992,93351.5057130527
2012-03-23,121728.16375610934,93769.25484473223
2012-03-26,123484.241132475,95122.02313382144
2012-03-27,122712.60598633395,94529.3331771564
2012-03-28,122291.53432724581,94204.8729763698
2012-03-29,121958.41591141329,93947.97834593768
2012-03-30,121993.37266991244,93973.89185292239
2012-04-02,124194.60595772372,95667.50300080294
2012-04-03,124584.46455166445,95967.4240718555
2012-04-04,122775.54660675631,94575.31349808688
2012-04-05,122513.54916832552,94375.23531777377
2012-04-09,120991.73577377902,93203.75393492694
2012-04-10,117901.89454052554,90823.54975420947
2012-04-11,120168.80318138705,92568.59793955798
2012-04-12,121322.29445145236,93457.16753298754
2012-04-13,121059.83376381503,93255.92269570346
2012-04-16,121135.67101547823,93314.25535161013
2012-04-17,122266.02948830233,94184.88078982348
2012-04-18,122461.93232033358,94336.32266242022
2012-04-19,121902.96666214571,93906.14656502719
2012-04-20,122771.89825317965,94574.76743323321
2012-04-23,121680.17023933993,93734.07998370165
2012-04-24,121121.508670889,93303.65480431552
2012-04-25,123170.88539703951,94881.72336205478
2012-04-26,124833.72000130282,96161.65618571277
2012-04-27,126248.66036423312,97251.14195116992
2012-04-30,125194.80314644442,96440.96132382388
2012-05-01,125018.89363678561,96305.56272515292
2012-05-02,126229.93064507113,97237.45596274371
2012-05-03,124717.7453404294,96073.28054818149
2012-05-04,123356.75178917513,95026.41027935977
2012-05-07,123082.84783943759,94909.77791222568
2012-05-08,122670.70471962557,94628.53632744784
2012-05-09,121277.53059586154,93517.47237690921
2012-05-10,121819.70187958346,93987.47385224338
2012-05-11,122137.83525284396,94317.63976916308
2012-05-14,120316.62631043063,93131.09222134585
2012-05-15,120515.34522446261,93221.93178614612
2012-05-16,120609.30414391146,93300.65421154971
2012-05-17,117074.84968948946,90746.61380246158
2012-05-18,116661.1288585721,90252.37957432742
2012-05-21,118181.9027900754,91677.67900517459
2012-05-22,117862.92693138705,91336.34878781314
2012-05-23,117489.83822823153,91361.08857777591
2012-05-24,118523.24602890597,92905.3175244617
2012-05-25,118333.21130371676,92937.1172585773
2012-05-29,119531.64686585055,94164.5077386188
2012-05-30,118493.23237038241,93515.25404980655
2012-05-31,119259.50181389437,94525.31188252445
2012-06-01,115838.95141480074,91155.50129025454
2012-06-04,115439.14599106417,89591.55335801121
2012-06-05,116019.64089653597,90474.48399727818
2012-06-06,117483.57750008212,91631.44739239689
2012-06-07,116842.52679772006,90603.69466561313
2012-06-08,117952.17401451693,91888.68525475498
2012-06-11,116498.49386543856,90130.18210286136
2012-06-12,117644.57908005343,91078.84242218967
2012-06-13,116371.21413178073,90227.80284375187
2012-06-14,117827.50430245028,92001.41556042667
2012-06-15,118215.84449524508,92203.82635754581
2012-06-18,119958.73244804965,93801.77730816837
2012-06-19,121214.29874558077,94772.54341191288
2012-06-20,121458.56011147128,95072.9178578281
2012-06-21,118380.11435837374,92864.46218461033
2012-06-22,119844.7705206357,93792.14546650882
2012-06-25,117787.17396492587,92163.71582478519
2012-06-26,118619.54432434664,92776.84663361545
2012-06-27,118366.15317482577,92795.87592095371
2012-06-28,117696.74093956576,92420.37518376346
2012-06-29,120214.27954048739,94188.8590189838
2012-07-02,120723.1823515378,93985.2259690189
2012-07-03,120974.54659790621,94187.96795815464
2012-07-05,120875.4053568326,94770.75374955173
2012-07-06,120438.21916527377,94387.26482743259
2012-07-09,119956.02772659884,93374.10038441654
2012-07-10,117327.93915505038,91413.5414206409
2012-07-11,117711.19602913485,91233.99098557468
2012-07-12,117519.09619850741,91201.41152543064
2012-07-13,119021.24898857699,92418.7960659885
2012-07-16,118685.75145668612,91791.14624661441
2012-07-17,119759.71866173373,92597.98481244083
2012-07-18,119547.5377497159,92189.75461262699
2012-07-19,118248.19517464266,91189.8135287189
2012-07-20,116936.85539574252,90120.25853032108
2012-07-23,115284.06952232943,88638.57639283176
2012-07-24,114744.51574654208,87851.77441948887
2012-07-25,115122.57639069186,88147.03165024753
2012-07-26,116839.08956856356,89596.95386666294
2012-07-27,119142.23150963412,91498.66582077976
2012-07-30,118638.19638580905,91158.77516907688
2012-07-31,117816.6847357236,90225.11787804599
2012-08-01,116179.280780264,89597.41771134372
2012-08-02,116323.531485983,89279.57942399022
2012-08-03,117534.74854797946,90613.64247902867
2012-08-06,117599.99272102938,90571.40356453892
2012-08-07,117822.00515480623,90904.45009240147
2012-08-08,118212.8519699155,91368.44480195676
2012-08-09,119214.4788643198,91805.09816613828
2012-08-10,118719.26689303684,91660.32378450071
2012-08-13,118748.35794032383,91566.46808305418
2012-08-14,119186.53179324436,91588.13458696043
2012-08-15,119052.96537936496,91690.33816781675
2012-08-16,120880.5363289194,92613.61457124387
2012-08-17,121480.47047007846,92721.0973669592
2012-08-20,120999.08487284946,92369.25558343565
2012-08-21,120285.58752024936,91884.24426141416
2012-08-22,121086.12601435947,92250.48107400571
2012-08-23,119998.32883036899,91977.59027734434
2012-08-24,120293.1361500101,92376.72745004331
2012-08-27,119853.13215602207,92278.85852304136
2012-08-28,120429.20895541477,92794.3478571478
2012-08-29,121052.81036341953,93146.72740045225
2012-08-30,120157.61554873752,92547.2099653784
2012-08-31,121569.1487194376,93383.00408425962
2012-09-04,122093.61521113681,93696.02093759214
2012-09-05,122141.85879672336,93596.4976316992
2012-09-06,124905.52426684665,96200.68824067747
2012-09-07,124817.89244807529,96194.26804700529
2012-09-10,123474.28119624424,95478.79086080228
2012-09-11,123246.38528979587,95637.31886830961
2012-09-12,123805.9376331644,96417.68369737302
2012-09-13,125631.79434359836,97693.65871015226
2012-09-14,126463.57296145725,98544.02079358732
2012-09-17,125138.78839648532,97391.620362908
2012-09-18,124615.98607409763,96831.62408033048
2012-09-19,125692.21820605564,97641.32519498502
2012-09-20,123548.60141909885,96106.59794965421
2012-09-21,125010.23083651828,96871.08769193327
2012-09-24,123972.00050700473,96288.69045415556
2012-09-25,122234.48402369785,96053.10079351102
2012-09-26,120166.07131350803,94786.68358102476
2012-09-27,122135.7459408121,95991.55553308164
2012-09-28,122514.51091731357,95701.48508420622
2012-10-01,123068.46525347995,95716.87063279783
2012-10-02,121904.57970584201,95485.18158784544
2012-10-03,148383.17335093784,97017.86140790617
2012-10-04,143322.1528889017,97685.84779325163
2012-10-05,140462.63565409946,98243.31762511503
2012-10-08,137997.05427707004,97489.35726935636
2012-10-09,134877.1112724619,96543.93756110441
2012-10-10,133779.75221789646,96867.01965243589
2012-10-11,132484.31742633152,96329.08613879453
2012-10-12,128946.87786830234,96024.55099971067
2012-10-15,130254.72710192966,97293.06380660307
2012-10-16,131401.26592791843,97668.99284178983
2012-10-17,132989.7771240549,99148.82266814481
2012-10-18,132133.9896732645,99108.1085491873
2012-10-19,130552.00254023838,98223.46223075163
2012-10-22,130018.42404712009,97758.67239386808
2012-10-23,127958.83665812778,95934.31050688993
2012-10-24,128464.52737773227,96259.20085532438
2012-10-25,127019.38122142124,95803.09362609159
2012-10-26,126881.68954051303,95916.61421401273
2012-10-31,126673.03261531162,95837.46348960172
2012-11-01,129035.71553195285,97000.89814193021
2012-11-02,127784.32885516452,95982.37448317777
2012-11-05,128286.57282031345,96417.57378394376
2012-11-06,129200.49778903293,97864.86409003507
2012-11-07,126520.54845584201,95957.40433196317
2012-11-08,125466.73687899875,94950.36483077299
2012-11-09,125804.12251437473,95076.6695659567
2012-11-12,127482.49352038669,94999.33240012419
2012-11-13,126674.75806948947,94361.69486525784
2012-11-14,124351.66687152194,92851.11056426297
2012-11-15,124169.1476683359,92787.12547019255
2012-11-16,124647.30715319919,93210.1120043112
2012-11-19,125403.85679004001,94093.99685385954
2012-11-20,126143.15529010104,94252.07701590788
2012-11-21,126894.6696428995,94248.48745158446
2012-11-23,128302.69751689243,95040.76732161772
2012-11-26,128309.97707698154,95008.10752204192
2012-11-27,127708.20415065097,94882.64646723997
2012-11-28,128119.95244548129,94793.66657832396
2012-11-29,128053.59553477573,95144.68320754301
2012-11-30,128073.52857157993,95007.81519702208
2012-12-03,127509.89012858676,94245.79962447417
2012-12-04,126838.4093317728,93925.41286280882
2012-12-05,125387.60598895358,93284.52180674803
2012-12-06,125513.46872279453,93719.89961817992
2012-12-07,125415.3608488779,93925.29696563017
2012-12-10,125315.54636523532,94425.22074511778
2012-12-11,125479.85524890231,95010.29802897703
2012-12-12,126944.66160914706,95491.4133129431
2012-12-13,126287.57731768893,95381.50858577024
2012-12-14,126755.88936755466,95521.35375006925
2012-12-17,127475.24891040134,96476.42445262204
2012-12-18,128431.93079135226,97585.36186106931
2012-12-19,127837.65948626804,97632.30964263211
2012-12-20,128562.74762484836,97845.87502558957
2012-12-21,128075.0554556589,97467.9022606207
2012-12-24,128031.82907244968,97200.7743643118
2012-12-26,126700.00142810153,96337.78468116056
2012-12-27,127009.51537463474,96794.09017546903
2012-12-28,126581.0572828989,95882.49065860044
2012-12-31,129436.48141619968,97980.83729346524
2013-01-02,134556.96149203586,100980.29314406644
2013-01-03,134234.86352679538,100307.73827346097
2013-01-04,134353.66278598117,101627.15026458036
2013-01-07,132960.068723176,101485.54932769071
2013-01-08,133587.51365039157,101957.42960723172
2013-01-09,133866.40794131564,102542.86601908933
2013-01-10,134673.17443606662,102704.16935046445
2013-01-11,134428.0193266611,102613.3390587164
2013-01-14,134466.82468936252,102765.55529196988
2013-01-15,135742.66932818698,102787.1690815283
2013-01-16,135219.7640280466,102063.48542002928
2013-01-17,135922.21823260593,103721.30597380888
2013-01-18,136067.29561755466,104134.31959323179
2013-01-22,136890.49496981906,104604.16896323454
2013-01-23,137004.53470752048,105069.63871840727
2013-01-24,138328.33898303317,105624.77305487882
2013-01-25,138665.5348028879,106201.80798320066
2013-01-28,139133.2686438303,105745.07575015318
2013-01-29,139863.78946444797,105748.60695151579
2013-01-30,138949.27383181857,104525.02536563169
2013-01-31,139007.41291949557,104629.88397769224
2013-02-01,140953.87989184665,105091.7861001898
2013-02-04,139439.35898921298,104390.22334937345
2013-02-05,140432.60390612888,105942.10230712187
2013-02-06,140913.13462207126,106304.22508601438
2013-02-07,140855.20379397678,106839.24685649168
2013-02-08,142730.40084025668,107410.16651610624
2013-02-11,143238.7765412073,107515.3247430731
2013-02-12,143005.61308142947,107097.3752754141
2013-02-13,143719.56437775897,107680.33400038969
2013-02-14,144634.83811185168,107323.52596930753
2013-02-15,144044.63317324923,107757.85501555692
2013-02-19,145258.10432364748,107221.78356436979
2013-02-20,141432.78830088902,104597.55825446379
2013-02-21,137807.43592633534,103313.42266009579
2013-02-22,139155.35829200078,105035.89903567563
2013-02-25,135377.9969963007,102618.16726611386
2013-02-26,137126.14152516652,103705.51559375058
2013-02-27,139253.66525019932,105650.98182605038
2013-02-28,139892.37557305623,105879.61611483822
2013-03-01,142138.7869929247,106859.84965441952
2013-03-04,143907.56536235142,109197.3196899725
2013-03-05,144988.93785132695,109928.21447680722
2013-03-06,145120.81817569066,110136.16059039364
2013-03-07,144473.61471022893,109699.18962405453
2013-03-08,144661.48287190724,109785.0638899542
2013-03-11,143734.28441811848,109156.94550463925
2013-03-12,143895.71848870564,109963.4507422186
2013-03-13,141984.4358201151,108429.52763018858
2013-03-14,143263.8110847597,109074.25812182676
2013-03-15,142894.41132212925,109215.74610553037
2013-03-18,142144.8915796404,108715.43919406187
2013-03-19,142987.57866765308,108212.32709536802
2013-03-20,144302.21461249638,109436.75899539243
2013-03-21,147038.3316655283,108435.98270640623
2013-03-22,147511.7745885973,108268.00282130491
2013-03-25,148025.55847646046,107673.62904582273
2013-03-26,148026.56299611376,108301.57530474913
2013-03-27,147616.05628033922,107973.0533835913
2013-03-28,147808.65524026201,107599.54713320982
2013-04-01,146317.0798098688,107152.10706401122
2013-04-02,145704.00258370684,107122.77895427
2013-04-03,143283.1246225481,104854.12324595702
2013-04-04,143726.37015219973,105269.02624202025
2013-04-05,143610.8773381357,105502.88322234404
2013-04-08,146203.72753163622,107241.96855902922
2013-04-09,146197.09177037523,108065.83289981139
2013-04-10,148941.00863190935,109301.99234366667
2013-04-11,154735.63073941515,108965.81191897643
2013-04-12,153548.653284276,108505.10764193785
2013-04-15,148657.77876111315,105208.08764720213
2013-04-16,151316.98815079973,107391.20404029143
2013-04-17,148659.94954892443,105915.71644282591
2013-04-18,147113.18230744646,104895.6566099478
2013-04-19,150369.5198738222,106688.87151091825
2013-04-22,151953.18697854326,106780.25255912077
2013-04-23,154715.64548322008,108482.692623551
2013-04-24,153453.34718629168,108029.74795668852
2013-04-25,154444.3059913759,109130.98728125822
2013-04-26,155675.82988735999,109294.88219779264
2013-04-29,155401.8887290653,110120.34854644071
2013-04-30,155888.14133068884,111071.12271254789
2013-05-01,152451.9242534336,109225.77031062376
2013-05-02,154519.4049071964,111160.7582561804
2013-05-03,157440.0594091114,112343.8569967581
2013-05-06,160126.2476291355,113670.44291804564
2013-05-07,161641.74242398108,114505.57156680357
2013-05-08,161064.02042195166,114430.03201792967
2013-05-09,160827.18471619452,113994.78714011442
2013-05-10,162663.4188136753,114733.95808146727
2013-05-13,164228.770297974,115420.84619544279
2013-05-14,166789.86299988593,116799.9112016989
2013-05-15,167120.41751572455,117281.55205558073
2013-05-16,165382.57194611395,115769.0838005377
2013-05-17,167176.75352856482,116732.19772551786
2013-05-20,167498.47738549078,116274.93742202055
2013-05-21,167694.3832149204,116752.48239539396
2013-05-22,165381.12701603735,115898.99721740019
2013-05-23,165477.6454689945,116029.14522618926
2013-05-24,166317.6927607502,115973.27087373412
2013-05-28,168977.06107167853,116690.5571963278
2013-05-29,165873.74568347586,115097.90285844481
2013-05-30,166764.080100819,115323.8669039694
2013-05-31,163831.91206340445,114508.87663907683
2013-06-03,164337.35137802825,114380.27157797593
2013-06-04,162320.15404659972,113550.06140055436
2013-06-05,160773.44938427673,111563.04201140183
2013-06-06,164959.3806806253,112707.31260695237
2013-06-07,166995.39859730468,114412.66170420426
2013-06-10,170570.30282456146,115475.93217673081
2013-06-11,168440.04637104736,113842.0912624814
2013-06-12,164359.9174447702,112561.08312420626
2013-06-13,167100.453781669,114234.4224782445
2013-06-14,166097.9349227594,112904.43215470095
2013-06-17,166655.1793637918,113974.05221514482
2013-06-18,167279.04048306213,115113.76254944582
2013-06-19,164548.49994904266,113714.91295151491
2013-06-20,158510.2412543939,110005.22187475939
2013-06-21,159053.71581036315,109937.09211544771
2013-06-24,154080.99612766967,108133.95290426989
2013-06-25,154658.61038548217,108897.00195173998
2013-06-26,157049.09781033263,109797.47322802324
2013-06-27,158934.56959301696,111395.55174498339
2013-06-28,157876.75476986633,110942.03046183367
2013-07-01,160558.54354244933,112919.96231989641
2013-07-02,159214.01887089477,113024.34693865557
2013-07-03,159281.54601437316,113075.0259080388
2013-07-05,161437.25514370666,114629.37782912035
2013-07-08,162462.09746891723,114861.40956167955
2013-07-09,163354.8220382379,115767.50915102739
2013-07-10,162536.16689640746,116165.35290388842
2013-07-11,164155.0342536615,117947.93710188646
2013-07-12,164463.37582928405,118631.77398352404
2013-07-15,166161.479629104,119054.73598532457
2013-07-16,163779.61819226012,118043.11792711992
2013-07-17,163167.29258114562,117913.59042601366
2013-07-18,164652.4414878534,118617.19910292406
2013-07-19,163572.27242237792,118223.51771979113
2013-07-22,164288.21968037353,118503.65621142168
2013-07-23,162543.58015782104,118532.46584467668
2013-07-24,162030.4601569818,118587.16125826616
2013-07-25,163664.7130351709,119105.69224886675
2013-07-26,163538.81300312743,118555.02960734148
2013-07-29,163830.1026902841,117550.56565241594
2013-07-30,164693.41890675292,118348.90006308336
2013-07-31,166527.50298268066,118687.9974837758
2013-08-01,169437.40022045837,120285.92920069475
2013-08-02,170543.04793030486,120666.06608156938
2013-08-05,171287.92977387176,120428.40319304247
2013-08-06,168506.4419551538,119309.28534750719
2013-08-07,166839.32581945788,118661.70105128069
2013-08-08,164169.80428167712,119230.68915800829
2013-08-09,165200.73447748553,118922.0376601674
2013-08-12,164110.5593990935,118501.10504202623
2013-08-13,164621.26655432116,118841.10475497026
2013-08-14,164328.5967425233,118022.0915292241
2013-08-15,161673.89829815686,114927.25627741593
2013-08-16,162331.86294640362,114890.12374243516
2013-08-19,161084.83242977917,113298.60400233048
2013-08-20,164853.73423947155,114366.17256769913
2013-08-21,164094.93738507092,113470.32814535874
2013-08-22,168013.60611103833,113850.45994028824
2013-08-23,168071.57753418744,114250.39392313737
2013-08-26,168253.39488266766,114210.50288973587
2013-08-27,163913.439472664,111777.1853018834
2013-08-28,164849.40261124432,112179.76415549059
2013-08-29,166336.76810807048,113218.36744223375
2013-08-30,164257.15128678142,112380.5431471898
2013-09-03,166584.66570252238,113564.73537550707
2013-09-04,167297.18509644328,114897.74104831589
2013-09-05,168926.53450268565,115506.93755767716
2013-09-06,168275.120485695,115847.4613537587
2013-09-09,171623.41483107387,116794.82876632584
2013-09-10,174487.7323669511,118715.39508579148
2013-09-11,174911.80504504024,119301.63477085007
2013-09-12,173667.99768200694,118890.65476749314
2013-09-13,175541.79136553584,119748.09423206223
2013-09-16,176042.2680110055,121486.21513126267
2013-09-17,177779.77437916576,122342.65471790207
2013-09-18,177230.7734135705,122496.49330089462
2013-09-19,177108.4081868249,121664.55408046616
2013-09-20,176635.2172912675,121178.6846117772
2013-09-23,177051.45864382564,121098.29379222763
2013-09-24,177451.97084656535,121625.9154925145
2013-09-25,176712.27508345424,122637.2937712468
2013-09-26,180397.2820500642,123897.23318714036
2013-09-27,179175.1278042108,123279.17421192063
2013-09-30,180302.6129941255,123477.97527927293
2013-10-01,183310.1064776689,125673.2135319127
2013-10-02,183685.25684588254,125939.60391658677
2013-10-03,182343.40331738294,125939.35474056138
2013-10-04,184291.8071274072,127671.20427554978
2013-10-07,180545.24860661328,126014.53525966538
2013-10-08,171685.80401890576,122609.91603893174
2013-10-09,167149.82825987638,121986.65528148545
2013-10-10,172250.48289149106,125453.4352154149
2013-10-11,172718.89285033048,126294.01526874436
2013-10-14,175593.27033274472,127585.70502323045
2013-10-15,175632.85219643413,126882.04397624863
2013-10-16,180333.29435704052,129247.78397601975
2013-10-17,181092.38200781643,129997.08268779649
2013-10-18,181210.55505059063,130363.6049141301
2013-10-21,180058.32216427624,129629.60343212022
2013-10-22,181852.62886498272,131527.55377429858
2013-10-23,180385.63464138805,130522.4414238347
2013-10-24,178563.67896244823,130393.39379733933
2013-10-25,177104.93308852016,129951.29423183335
2013-10-28,176205.57876417934,128759.87418598069
2013-10-29,176284.01527855694,130107.03507655991
2013-10-30,173638.89207289516,126078.64317554368
2013-10-31,173820.9065420419,127467.78311008347
2013-11-01,173962.94917748272,127600.33082240952
2013-11-04,177167.39684746563,128980.06220096482
2013-11-05,174483.48258993923,128840.97117847337
2013-11-06,169286.3859059602,126452.41767734422
2013-11-07,169536.6021702081,123869.05331462754
2013-11-08,174900.12218306362,128285.65136569871
2013-11-11,175938.29065439999,129087.02607196702
2013-11-12,175190.219595173,128497.70277637376
2013-11-13,178562.41047118008,130824.02081546678
2013-11-14,177854.77074168026,130549.3966909398
2013-11-15,179095.95034907162,131256.27068958175
2013-11-18,175487.67040846645,129633.86323604478
2013-11-19,172112.41242811977,129241.09171543016
2013-11-20,172080.1298258096,128884.62625560655
2013-11-21,175904.43845103084,131474.321461295
2013-11-22,177222.10321448147,132637.39181003463
2013-11-25,177455.31861231624,132281.88798389328
2013-11-26,178705.25881884395,133414.5181699742
2013-11-27,178933.73035643398,133962.6117425908
2013-11-29,177957.57798209012,133504.92512760055
2013-12-02,177195.6699992639,132656.23468646896
2013-12-03,176471.70871176542,130112.27073154344
2013-12-04,175646.3206197244,129791.81938037767
2013-12-05,176108.60145869077,129514.68026599778
2013-12-06,176730.52931704343,131241.189644431
2013-12-09,175774.23857416929,130788.16969928636
2013-12-10,176431.06731810392,131191.0198713292
2013-12-11,173282.4201251489,128866.96978626146
2013-12-12,174062.8929521066,130459.549933051
2013-12-13,173643.79605498136,130398.16013202562
2013-12-16,176856.08268942655,131531.51948032272
2013-12-17,175329.18052878202,130642.2489553441
2013-12-18,179938.73411536036,133273.0096899022
2013-12-19,179510.96205210505,133036.1909679784
2013-12-20,181241.14824271022,133932.69006389513
2013-12-23,181268.65404772578,134380.14855426684
2013-12-24,181643.18685507594,134953.89883655444
2013-12-26,182606.38269877253,135220.98906558886
2013-12-27,181284.30316710292,134436.91949886217
2013-12-30,181304.01846003352,134736.06921268356
2013-12-31,181581.1540467721,135279.33011890305
2014-01-02,181131.60453009425,134814.64758373154
2014-01-03,181386.0988357049,135627.93985439194
2014-01-06,179815.54297232447,134561.9304912175
2014-01-07,181355.253018139,136108.34977985275
2014-01-08,183060.40602469264,139205.889248618
2014-01-09,184237.45422529994,140401.29872394455
2014-01-10,185659.41705488978,141960.97922206772
2014-01-13,181919.91597056208,138609.7978828038
2014-01-14,185096.10543989955,140843.27965618027
2014-01-15,185884.32315325557,141301.11805416
2014-01-16,184931.12087225734,140316.64843059433
2014-01-17,182792.4770789605,139388.8998496617
2014-01-21,185125.25450663385,140560.239601859
2014-01-22,186310.3731408578,141865.89734912768
2014-01-23,185169.56078295526,140741.55305934802
2014-01-24,177842.28628306207,136704.1777598943
2014-01-27,176463.1976447564,135611.88152004138
2014-01-28,179418.77517752466,137669.3863875951
2014-01-29,176705.96203188715,136073.06638599292
2014-01-30,180715.22019343195,138256.6707177724
2014-01-31,180123.39955286798,136848.88795143022
2014-02-03,172505.87609820184,133352.27596526995
2014-02-04,173930.3493686181,133621.34966426744
2014-02-05,174063.2452922326,132828.81527993912
2014-02-06,176352.37290530023,134337.02017972703
2014-02-07,179193.34538607416,137253.99388597245
2014-02-10,178985.488690899,136928.26420781846
2014-02-11,180831.04164080438,138121.4734325194
2014-02-12,182586.67975191888,139062.4934940123
2014-02-13,183447.07409624872,138759.97741124863
2014-02-14,181971.6113887292,138608.9583120131
2014-02-18,183119.4606261712,139487.37355039353
2014-02-19,181050.42810396967,138646.78029344315
2014-02-20,184445.8524356347,141067.55145166154
2014-02-21,183606.75631098566,140606.51090333695
2014-02-24,183822.40456347284,141214.34007070298
2014-02-25,185575.93678622064,140369.11513326401
2014-02-26,185043.68679957208,141121.06825635667
2014-02-27,186082.3121810418,141145.14191529984
2014-02-28,186070.1808352929,140524.7125749373
2014-03-03,184758.0243258935,136962.42687032456
2014-03-04,189145.498456524,140339.24466275927
2014-03-05,189254.9915423852,140262.25477075335
2014-03-06,189223.69626955804,140218.75072622058
2014-03-07,187871.74457316217,139588.19477224108
2014-03-10,187815.9360194665,139308.39284753558
2014-03-11,187084.1120639306,139708.70220010515
2014-03-12,187686.6660762292,140658.94706933733
2014-03-13,184711.3195739251,137920.80303018328
2014-03-14,185033.2734866601,137804.97105901476
2014-03-17,185703.33456377801,139133.29906671282
2014-03-18,188084.11021189508,140532.42694571824
2014-03-19,187149.81034998712,142668.67172530503
2014-03-20,187312.13454966363,143145.8161497435
2014-03-21,184355.61249689874,141100.49212649674
2014-03-24,182222.4823852044,141266.12072852463
2014-03-25,182657.14037470636,140724.43977359147
2014-03-26,180314.4121304017,138088.97882083268
2014-03-27,179195.16196636972,139530.6872883162
2014-03-28,180801.4480758172,139812.71853640885
2014-03-31,183489.21189122018,141055.45510581345
2014-04-01,185268.1346197587,143007.44691947312
2014-04-02,185875.77969603357,143821.7572670302
2014-04-03,184601.25843767938,141102.01159003587
2014-04-04,181350.01978163538,138588.592598947
2014-04-07,177089.34299998102,136076.30452636094
2014-04-08,177614.11307148752,137518.38534930558
2014-04-09,181709.08337740717,138839.76772216172
2014-04-10,177234.63530735788,135466.5105305037
2014-04-11,175787.47470081056,134445.05576327653
2014-04-14,176903.32803237642,135682.68072894425
2014-04-15,177641.54172790254,136195.72506717057
2014-04-16,179912.77615821565,138556.7804699263
2014-04-17,180766.65901076997,140488.4435119948
2014-04-21,181501.6548661014,142443.99046901078
2014-04-22,182744.182284238,143279.82660868973
2014-04-23,182716.28731239046,142776.253709825
2014-04-24,180567.3961914798,143421.61969569535
2014-04-25,178314.55316055025,140435.15189364762
2014-04-28,176835.07957542146,139778.4611175551
2014-04-29,178783.4552716037,140851.5741050734
2014-04-30,180026.10913169588,142353.84318618913
2014-05-01,180620.41829383577,142753.31156158587
2014-05-02,181943.3258274814,143489.7482357039
2014-05-05,178696.06305587495,143097.1503982558
2014-05-06,176915.23506438936,141716.20919418475
2014-05-07,176394.65020454134,140790.86148452898
2014-05-08,174990.15319650483,138882.24541036607
2014-05-09,174595.0005494864,138332.1920961571
2014-05-12,179892.39847772432,141068.52889959337
2014-05-13,179381.55996911836,141693.97653238298
2014-05-14,176989.93775003267,139813.33257810594
2014-05-15,174820.00350015474,138189.11885110856
2014-05-16,175787.38861482454,138921.22627775194
2014-05-19,177581.61568467927,140892.9972175789
2014-05-20,175548.46930902314,138518.04821531297
2014-05-21,176087.79933069064,140213.33094446184
2014-05-22,175691.55769632175,140122.38071863176
2014-05-23,177254.83129213168,141423.04340116502
2014-05-27,178417.104271868,141889.73149148942
2014-05-28,179013.1054010184,142046.48972434617
2014-05-29,181052.06380746677,143556.89900893785
2014-05-30,181342.99205873325,143268.0147687874
2014-06-02,182405.20000299287,143957.61160991288
2014-06-03,183914.35897859407,144183.75894973375
2014-06-04,185012.3113711722,145051.40579841234
2014-06-05,186532.9233268149,146059.19092891313
2014-06-06,188697.1297419913,148120.9944700966
2014-06-09,189303.7503970511,148637.4149565468
2014-06-10,189191.7031615622,147892.03146884538
2014-06-11,188613.75617631746,147090.58591601945
2014-06-12,185237.33315881563,145357.62625644304
2014-06-13,187385.50241884065,147536.69312522508
2014-06-16,187497.5812991507,147083.01687381364
2014-06-17,188964.7485297568,148605.12363479234
2014-06-18,189815.3197291739,149251.98732135392
2014-06-19,190278.50016626192,149121.81218860246
2014-06-20,193376.6371978171,149332.62679813005
2014-06-23,192368.74105295015,149168.03584811784
2014-06-24,189444.29251321626,146874.6974501381
2014-06-25,191201.95250161958,148172.35833690263
2014-06-26,191751.45377000642,148056.32349155046
2014-06-27,192794.06543954683,148906.99906776048
2014-06-30,194209.84192498995,149431.92993304826
2014-07-01,197283.24738725496,150195.08079478837
2014-07-02,197486.5015967734,150559.83572719194
2014-07-03,199277.90028795076,152190.3728899727
2014-07-07,196346.16665300203,150567.49079463579
2014-07-08,195403.25228914095,148988.41756579973
2014-07-09,199055.4719947226,150683.97839686967
2014-07-10,198639.0324042685,149803.2810301552
2014-07-11,199563.7285750754,150167.51448581315
2014-07-14,201181.88107332063,151749.40756557084
2014-07-15,200099.48897394014,151052.0942168007
2014-07-16,201182.564379061,151904.29717586137
2014-07-17,198814.33192094637,150095.07538936235
2014-07-18,204039.8748248465,151513.53705546953
2014-07-21,203814.88310846162,152157.49612186052
2014-07-22,204976.54599412752,153510.2730803261
2014-07-23,204822.3089946158,154180.57383296586
2014-07-24,204513.97626336885,153349.78726718522
2014-07-25,202946.04592927766,152979.72464320756
2014-07-28,202503.64999803377,152804.0519575844
2014-07-29,201474.2131350882,151622.5890478859
2014-07-30,201430.01961786102,150703.55822742084
2014-07-31,197562.32967073272,148725.59679072956
2014-08-01,198015.90101892303,149475.91519397357
2014-08-04,200097.1943081076,151933.0574707375
2014-08-05,199223.1838421042,150214.39194625476
2014-08-06,199040.01693159944,150516.8338400319
2014-08-07,197507.6165390671,149415.97980560808
2014-08-08,198745.75350767976,150560.2415720418
2014-08-11,201142.3412705124,152190.45584835557
2014-08-12,201432.16099936372,152055.78258480577
2014-08-13,204124.19705778963,153246.72747467546
2014-08-14,204044.86160857088,153470.86603210954
2014-08-15,204266.97719199068,153450.0950760701
2014-08-18,206980.7319031418,156314.6185507634
2014-08-19,207786.1928682602,156800.76245476273
2014-08-20,208568.14365103608,158120.25201584367
2014-08-21,205569.7547292984,155579.49974419145
2014-08-22,206784.2307577408,156460.38544632462
2014-08-25,206307.9245767868,156249.66918064622
2014-08-26,205792.0438699997,156748.8398902562
2014-08-27,208249.74410727387,159144.13129784135
2014-08-28,209424.26505377656,160696.50645710496
2014-08-29,210004.1275949753,161721.48734451798
2014-09-02,211632.25986006623,162959.3723657277
2014-09-03,211829.86774161225,163143.84885296374
2014-09-04,212160.21278479462,163124.8811176732
2014-09-05,212856.47809698945,163930.5372904256
2014-09-08,212648.89220145112,162251.5475128606
2014-09-09,211150.35319998628,161491.76902565508
2014-09-10,211974.69940092927,161251.71304115801
2014-09-11,211744.30214789277,160732.34418568164
2014-09-12,209949.98296454316,159770.59447941332
2014-09-15,208944.3960562027,158501.0190695241
2014-09-16,210675.35102370149,159575.5268972829
2014-09-17,212943.73143866425,160952.92056211978
2014-09-18,215169.0135851181,162620.0475886777
2014-09-19,212471.6133547104,161250.39954361468
2014-09-22,209022.21353819733,158891.43853792697
2014-09-23,207457.26080229646,157643.65623173266
2014-09-24,209840.1450243271,160101.86266979724
2014-09-25,206427.6023969925,156687.29450401812
2014-09-26,207643.19701292878,158098.4826262906
2014-09-29,207814.98252013093,157439.71106752902
2014-09-30,206648.15956023103,156992.36466297656
2014-10-01,202143.5845251358,152685.78757605105
2014-10-02,202429.48989012605,152779.13271364718
2014-10-03,205836.86276152497,155308.79066881686
2014-10-06,203733.32035735017,154722.02062925845
2014-10-07,200012.29819014436,151846.45419344454
2014-10-08,202561.75424864655,154025.33091959506
2014-10-09,199103.21933081513,151259.54644474536
2014-10-10,195496.39848044282,147138.56066879779
2014-10-13,192677.5002146042,146327.84889778643
2014-10-14,192674.06519320374,146603.87309917956
2014-10-15,192513.60330393678,146105.89204487353
2014-10-16,188722.14094546204,145662.4132774785
2014-10-17,190208.4601345337,146663.3216999486
2014-10-20,190991.95431330567,147821.01203426867
2014-10-21,192274.09482005006,149321.46768841296
2014-10-22,191621.4752178467,148781.73308834582
2014-10-23,192360.85379603272,149552.6099232152
2014-10-24,192439.75474360352,151459.3067024663
2014-10-27,192847.48433115846,151750.70224270373
2014-10-28,194934.36005213624,153610.3329323247
2014-10-29,194436.24004938966,152771.4318588689
2014-10-30,194654.29443552857,154312.8342693761
2014-10-31,195666.80915263062,155428.44453701525
2014-11-03,195456.54029658204,155304.41178783923
2014-11-04,195789.31466486817,155810.72765430956
2014-11-05,195420.1184902466,156148.5002773717
2014-11-06,196971.5922565735,157569.77907070666
2014-11-07,195688.67585566407,156785.66545948535
2014-11-10,197304.8658428467,157788.79802021533
2014-11-11,197867.87276652222,158114.6127937749
2014-11-12,198781.30433848267,157936.32358440905
2014-11-13,196826.2399702347,156685.60456833392
2014-11-14,195269.29813864594,155671.74148163348
2014-11-17,195578.3109579361,155181.2694185689
2014-11-18,199136.0463657654,157697.69645199328
2014-11-19,197841.79841330415,156174.4982984975
2014-11-20,197816.13244631654,156282.90659222155
2014-11-21,197707.42513182526,155947.7205828145
2014-11-24,200292.505925206,158321.8953131154
2014-11-25,201401.09447386628,159534.34677681475
2014-11-26,203584.51364043122,161251.17919907122
2014-11-28,201785.74319365388,159862.8600462392
2014-12-01,199664.96936037904,158344.85820278674
2014-12-02,200845.5821161545,160137.10267624407
2014-12-03,202127.1115055359,160205.78746685534
2014-12-04,201206.2170334137,159076.49588284045
2014-12-05,200651.97229769593,159242.70579514056
2014-12-08,200740.74491122132,158675.70724663287
2014-12-09,200677.6571331299,158862.12763008624
2014-12-10,196018.66031268006,155337.73382744342
2014-12-11,198989.37622645264,157135.68647846728
2014-12-12,198205.17907526856,155287.71132168322
2014-12-15,195958.29068949586,153434.14124569445
2014-12-16,195555.94282915955,153371.65635189562
2014-12-17,200054.33308031922,156928.78853973895
2014-12-18,203294.22404291993,159878.02312931567
2014-12-19,204454.02063372498,160842.92243656665
2014-12-22,204641.9583740509,161724.15545925646
2014-12-23,202660.94796755677,160124.77190956622
2014-12-24,204083.15150263673,161335.23556694537
2014-12-26,204292.4837131775,161616.3329437688
2014-12-29,204123.68475344544,161648.0986946538
2014-12-30,202661.83841135865,160624.53740391284
2014-12-31,202254.62718394166,160253.91882023364
2015-01-02,201860.87833788758,160008.89247211962
2015-01-05,200698.25111773377,159380.24780926257
2015-01-06,198577.97762492066,157118.0025948003
2015-01-07,202210.6139488495,159953.51745876818
2015-01-08,206817.8771972931,163077.02806362658
2015-01-09,204863.59367945557,161986.62923702746
2015-01-12,203368.28881075745,160640.94639668017
2015-01-13,204984.7374077118,162151.22253689318
2015-01-14,205817.25321581727,161671.92047962695
2015-01-15,204022.5096416748,159919.76516232043
2015-01-16,208120.96080973512,162737.53617748767
2015-01-20,207417.35365488892,164035.5473717168
2015-01-21,207105.43634989625,163592.57168659716
2015-01-22,209032.94458964234,165169.5927837804
2015-01-23,209409.10964396363,165145.7580231145
2015-01-26,210958.1716957367,166389.56625828295
2015-01-27,209891.11188891297,164185.95227512866
2015-01-28,207615.86134722596,161765.68279537707
2015-01-29,210188.67793658143,164072.0718525365
2015-01-30,206476.50068667298,160770.63995823413
2015-02-02,206330.38019183045,160558.92043194323
2015-02-03,205679.57522478944,159041.03611080674
2015-02-04,206596.5624646271,159466.66744892625
2015-02-05,207230.2313832367,159653.6974381688
2015-02-06,206435.4208401764,159053.01392071275
2015-02-09,205230.8395814026,157773.32653896837
2015-02-10,208580.24761286622,160385.6792954686
2015-02-11,208850.8920964325,160308.48213474778
2015-02-12,211015.65322771913,162756.55050747423
2015-02-13,210620.3575047577,162102.3531235936
2015-02-17,211412.15245428926,162417.0764750722
2015-02-18,212682.72656908876,163201.59254353074
2015-02-19,212417.65307513124,163219.45966045884
2015-02-20,213872.4162510956,164048.27916615037
2015-02-23,213952.53732100374,163747.16421883134
2015-02-24,213988.2110423172,163863.2467936757
2015-02-25,215117.7237080658,163638.8039769414
2015-02-26,215539.17200209197,163657.8154743615
2015-02-27,218285.8905623108,165149.52548202904
2015-03-02,220757.98496748504,168313.35665401848
2015-03-03,219219.72816969454,166534.01408848198
2015-03-04,218072.54234434664,166144.36790546807
2015-03-05,218827.21216227114,165953.52409729394
2015-03-06,216037.4956677109,163433.11262974175
2015-03-09,218020.45671774447,164951.10130962761
2015-03-10,216318.67750956118,163312.99495300683
2015-03-11,216306.64327646792,163128.91237625512
2015-03-12,219010.15903688967,164795.2394293252
2015-03-13,220066.98411680758,164052.8310879174
2015-03-16,222553.35804487765,167112.08490833672
2015-03-17,222662.44229628146,168036.56736645135
2015-03-18,223589.22474218905,169492.3356884423
2015-03-19,224084.94848658144,169818.61476883324
2015-03-20,224510.59399725497,170735.57764133843
2015-03-23,224885.93370367587,170647.28155598076
2015-03-24,224308.29296804965,170110.88769039544
2015-03-25,220448.52245260775,165869.44287571343
2015-03-26,219450.9442141205,164410.72717270287
2015-03-27,222152.09401537478,166660.02843841942
2015-03-30,223849.38960291445,168396.51793274315
2015-03-31,222450.43164087832,168123.93354782494
2015-04-01,222100.40732218325,167812.27090439232
2015-04-02,221596.97689272463,167562.0335119668
2015-04-06,221580.15584684908,166765.85815510186
2015-04-07,220596.202754274,165599.74188503655
2015-04-08,222361.60226751864,167127.4972008172
2015-04-09,221374.78630281985,166379.42355522545
2015-04-10,220975.74009729922,166514.48283180626
2015-04-13,219797.04129339755,165291.7764938775
2015-04-14,219261.5145189911,164640.5889490548
2015-04-15,218795.29386545718,164809.95762428673
2015-04-16,218770.72281481326,164712.3037813607
2015-04-17,216145.0923845917,161538.89917549523
2015-04-20,216489.24713923037,162460.1584223214
2015-04-21,217474.01809336245,163511.24577888878
2015-04-22,217575.1773302704,164322.8756235543
2015-04-23,220046.5456545502,165026.7372415963
2015-04-24,220237.75562120974,164758.20022377404
2015-04-27,218666.59239412844,163889.94340309533
2015-04-28,218252.49657465518,163655.9011782113
2015-04-29,215746.96733881533,162896.94325050744
2015-04-30,213499.27258898318,161632.54337486657
2015-05-01,213450.18000628054,161200.37240394982
2015-05-04,214852.232923761,162092.88334831627
2015-05-05,211994.1396906525,159678.6266306344
2015-05-06,212643.36487986147,160436.43638405236
2015-05-07,214495.31228853762,161792.647152752
2015-05-08,214549.1091349274,161617.0258034173
2015-05-11,215075.2799437195,162118.80459675225
2015-05-12,214853.47451616824,161957.49272808465
2015-05-13,214150.02799250185,161948.29831192407
2015-05-14,215929.81300379336,163050.58762142572
2015-05-15,215526.74830652773,163200.4302812997
2015-05-18,218041.95225168765,165600.56615604792
2015-05-19,218707.41570307314,165326.04888977442
2015-05-20,218400.9082560974,168044.38658871088
2015-05-21,217588.23705439147,167585.80248608027
2015-05-22,217657.36292795715,168271.26651110087
2015-05-26,215144.04485468444,166530.66748918925
2015-05-27,218043.51829866943,168839.43481411372
2015-05-28,217896.12968630373,169084.77767939004
2015-05-29,217756.3593463379,168776.38787550363
2015-06-01,218659.96785540163,169166.6124190751
2015-06-02,218534.63581461489,168600.2807883683
2015-06-03,221184.16791719972,170057.775594658
2015-06-04,219304.0989570099,168906.270590252
2015-06-05,219947.2482566315,169991.45964521798
2015-06-08,218246.78986734926,168236.36170000467
2015-06-09,217931.59017366945,167997.18095487985
2015-06-10,220157.4713878113,170544.30002493295
2015-06-11,220711.26295847475,170584.3819093171
2015-06-12,220450.2018369995,171225.36436170968
2015-06-15,220088.5804609619,170892.30605024728
2015-06-16,221522.8234838806,173968.62912554177
2015-06-17,222838.84600966796,174302.87786383065
2015-06-18,225393.2593798004,177096.78941912088
2015-06-19,224662.29070227966,176061.5590457383
2015-06-22,226591.61350577697,177600.85054678353
2015-06-23,227310.60960906371,177963.43329710397
2015-06-24,225034.83852332458,175422.44703764352
2015-06-25,225871.93193000183,175353.3707360688
2015-06-26,225789.40928309783,173244.2912930909
2015-06-29,219507.67729037628,169733.99506754312
2015-06-30,221608.84748023376,171598.85944265756
2015-07-01,223465.8077921234,173537.27381605539
2015-07-02,223042.02377456054,173104.25992769632
2015-07-06,222834.429542955,172957.94969601068
2015-07-07,222578.9706892334,173067.0442866746
2015-07-08,219854.8602375351,170589.5526933137
2015-07-09,222261.09000342712,170820.14007753762
2015-07-10,226085.82783835754,173646.80399126443
2015-07-13,228313.1266340576,174786.98308367166
2015-07-14,230599.82414286956,176059.45841497811
2015-07-15,229167.6098551117,174732.1712722245
2015-07-16,230883.0735477768,175953.4276933137
2015-07-17,229973.40520804748,175617.95874781045
2015-07-20,230562.5882667862,176016.5753430787
2015-07-21,230527.41156524047,174926.7891101304
2015-07-22,232596.2154383026,174257.8476447526
2015-07-23,232096.8567060791,172396.1588630143
2015-07-24,233261.98416179046,170129.51392645272
2015-07-27,231206.05829947814,168155.46430010232
2015-07-28,233193.4112629257,169757.6117658082
2015-07-29,234784.52480548248,172265.3482646409
2015-07-30,238004.2744440399,173223.45303339395
2015-07-31,239357.3286747299,173981.66777223977
2015-08-03,239009.5124210678,174353.98975748452
2015-08-04,239743.98496669158,174415.0290545884
2015-08-05,240372.74837916717,174146.33339399728
2015-08-06,236147.23747676238,171368.90370840463
2015-08-07,233299.00533717498,169593.34809202584
2015-08-10,236360.226871904,170776.01172441873
2015-08-11,235986.46659129485,170446.90580076608
2015-08-12,233645.8678898178,171153.83549589547
2015-08-13,235617.36698191985,173896.52251047525
2015-08-14,236630.6902927719,173904.4632501069
2015-08-17,238498.40336650237,175397.24742121133
2015-08-18,238669.03094142303,174805.5480889741
2015-08-19,237772.3480762802,175615.089426941
2015-08-20,230931.46566813812,171278.2836293641
2015-08-21,224340.77362376556,165291.89934439096
2015-08-24,209619.34512835846,159804.4741143647
2015-08-25,210608.16656237945,160311.85494703683
2015-08-26,211199.5264256607,161931.3726338807
2015-08-27,211199.5264256607,162967.55332464608
2015-08-28,211199.5264256607,163198.93286413583
2015-08-31,211199.5264256607,162700.96393865976
2015-09-01,211199.5264256607,162454.49309439096
2015-09-02,211199.5264256607,163299.53324789437
2015-09-03,211199.5264256607,161609.45294088754
2015-09-04,211199.5264256607,161750.2942456666
2015-09-08,211199.5264256607,161855.92378515634
2015-09-09,211199.5264256607,161478.67378515634
2015-09-10,211199.5264256607,162072.21393865976
2015-09-11,211199.5264256607,162821.68286413583
2015-09-14,211199.5264256607,163239.17378515634
2015-09-15,211199.5264256607,163933.3143224183
2015-09-16,211199.5264256607,163495.70294088754
2015-09-17,211199.5264256607,164833.68286413583
2015-09-18,211199.5264256607,164828.65370840463
2015-09-21,211199.5264256607,164476.55332464608
2015-09-22,211199.5264256607,164300.50409216317
2015-09-23,211199.5264256607,164139.5442456666
2015-09-24,211199.5264256607,164300.50409216317
2015-09-25,211199.5264256607,162987.67378515634
2015-09-28,211199.5264256607,161649.69386190805
2015-09-29,211199.5264256607,161644.66278738412
2015-09-30,211199.5264256607,161644.66278738412
2015-10-01,211199.5264256607,161644.66278738412
2015-10-02,211199.5264256607,161644.66278738412
2015-10-05,211199.5264256607,161644.66278738412
2015-10-06,211199.5264256607,161644.66278738412
2015-10-07,211199.5264256607,161644.66278738412
2015-10-08,211199.5264256607,161644.66278738412
2015-10-09,211199.5264256607,161644.66278738412
2015-10-12,211199.5264256607,161644.66278738412
2015-10-13,211199.5264256607,161644.66278738412
2015-10-14,211199.5264256607,161644.66278738412
2015-10-15,211199.5264256607,161644.66278738412
2015-10-16,211199.5264256607,161644.66278738412
2015-10-19,211199.5264256607,161644.66278738412
2015-10-20,211199.5264256607,161644.66278738412
2015-10-21,211199.5264256607,161644.66278738412
2015-10-22,211199.5264256607,161644.66278738412
2015-10-23,211199.5264256607,161644.66278738412
2015-10-26,211199.5264256607,161644.66278738412
2015-10-27,211199.5264256607,161644.66278738412
2015-10-28,211939.01449328766,161582.88805670175
2015-10-29,211227.1674931656,161214.00370306405
2015-10-30,208508.80455142364,160954.4531468812
2015-11-02,210412.3737328659,161343.57736868295
2015-11-03,209552.91311580047,161912.71410269174
2015-11-04,209212.74007922516,162101.4344396058
2015-11-05,210667.27581988677,162140.71405310067
2015-11-06,212504.02554332122,162510.1326665345
2015-11-09,210251.71679889067,161340.6568326417
2015-11-10,212101.25864421233,162498.9357499543
2015-11-11,212941.9142228256,162541.63982862863
2015-11-12,210484.7093526016,159658.80353826913
2015-11-13,208853.02150927886,158295.058719285
2015-11-16,210528.60812007292,160028.68932116794
2015-11-17,212491.2296010147,160290.64477122593
2015-11-18,213614.9793702255,162297.45509875583
2015-11-19,213514.64642344817,162766.8177086191
2015-11-20,215666.52508555754,164819.27514422702
2015-11-23,216615.43582164153,165095.23256457614
2015-11-24,215486.92270480498,163821.88405764865
2015-11-25,214718.20520602568,164691.51884616184
2015-11-27,216051.98507701262,165809.555392869
2015-11-30,214517.45284854277,164848.6756512003
2015-12-01,215287.75668345793,165854.89089358615
2015-12-02,213740.1148339401,164933.77641642856
2015-12-03,211125.2323151718,162690.29060138034
2015-12-04,214994.8616295944,165617.28935015964
2015-12-07,213903.9687768112,164876.42268313692
2015-12-08,214422.22871409758,164713.5999387674
2015-12-09,209976.15285884246,163227.98964633272
2015-12-10,209705.75682841643,163478.61708708835
2015-12-11,207121.88150554046,160450.29174300266
2015-12-14,207455.5876365219,160321.39555617404
2015-12-15,208522.98833232268,160826.72499152255
2015-12-16,211276.2498755966,161200.99327155185
2015-12-17,210236.35126262053,161123.2637621982
2015-12-18,207557.5264030014,160956.66448851657
2015-12-21,209724.18510203704,161163.7251422031
2015-12-22,210329.8708320175,161366.02477904392
2015-12-23,210473.29378276214,161185.14427062107
2015-12-24,210773.74719767913,161201.80419798923
2015-12-28,211276.8355536972,161247.02477904392
2015-12-29,212505.95534739838,161363.64427062107
2015-12-30,211430.71358714448,161163.7251422031
2015-12-31,209485.14731822358,161025.68470641208
2016-01-04,206813.03634105073,160821.0045611484
2016-01-05,207700.88496623383,161199.42368956638
2016-01-06,206942.78492198334,161263.68470641208
2016-01-07,206342.15555034028,160918.58361693454
2016-01-08,205513.60750041352,160809.10383483005
2016-01-11,205736.73633036957,160778.16448851657
2016-01-12,205816.30630717622,161128.02477904392
2016-01-13,205109.89834819184,160873.36485167575
2016-01-14,204353.71710429536,161037.58339903902
2016-01-15,203959.6764548813,160390.22492430758
2016-01-19,205061.5460227524,160575.86463378023
2016-01-20,204016.24627910004,160256.94368956637
2016-01-21,203818.13533244477,159999.90506957125
2016-01-22,204641.1849540268,160187.92347167086
2016-01-25,204562.13580546723,160187.92347167086
2016-01-26,204582.28656230317,160187.92347167086
2016-01-27,204230.43590007172,160187.92347167086
2016-01-28,205115.48694072114,160187.92347167086
2016-01-29,205217.7851432358,160187.92347167086
2016-02-01,205509.18590007172,160187.92347167086
2016-02-02,205222.4349540268,160187.92347167086
2016-02-03,204895.3848594223,160187.92347167086
2016-02-04,204360.63533244477,160187.92347167086
2016-02-05,203013.68533244476,160187.92347167086
2016-02-08,202640.1347648178,160187.92347167086
2016-02-09,202640.1347648178,160187.92347167086
2016-02-10,202640.1347648178,160187.92347167086
2016-02-11,202640.1347648178,160187.92347167086
2016-02-12,202640.1347648178,160187.92347167086
2016-02-16,202640.1347648178,160187.92347167086
2016-02-17,202640.1347648178,160187.92347167086
2016-02-18,202640.1347648178,160187.92347167086
2016-02-19,202640.1347648178,160187.92347167086
2016-02-22,202640.1347648178,160187.92347167086
2016-02-23,202640.1347648178,160187.92347167086
2016-02-24,202640.1347648178,160187.92347167086
2016-02-25,202640.1347648178,160187.92347167086
2016-02-26,202640.1347648178,160187.92347167086
2016-02-29,202640.1347648178,160187.92347167086
2016-03-01,202640.1347648178,160187.92347167086
2016-03-02,202640.1347648178,160187.92347167086
2016-03-03,202640.1347648178,160187.92347167086
2016-03-04,202640.1347648178,160187.92347167086
2016-03-07,202640.1347648178,160187.92347167086
2016-03-08,202640.1347648178,160187.92347167086
2016-03-09,202640.1347648178,160187.92347167086
2016-03-10,202640.1347648178,160187.92347167086
2016-03-11,202640.1347648178,160187.92347167086
2016-03-14,202640.1347648178,160187.92347167086
2016-03-15,201528.19532122955,159625.88334868502
2016-03-16,202685.67318644866,160017.02238677096
2016-03-17,203694.20358767852,160860.19222853731
2016-03-18,202943.3541308914,159624.90188811373
2016-03-21,201955.46507945404,159230.07214377474
2016-03-22,202233.61669459686,159100.84361670565
2016-03-23,201884.9848605667,158917.82341788363
2016-03-24,201805.5356685196,159493.69191191744
2016-03-28,203748.98193660125,160118.4226419742
2016-03-29,207080.4094271408,162612.01898123813
2016-03-30,208268.2884936081,163469.09638144565
2016-03-31,206611.45724818573,162008.5265648563
2016-04-01,209039.77898928986,164038.44582488132
2016-04-04,208009.3005652176,163017.29917647433
2016-04-05,205182.91218135224,159628.05970694614
2016-04-06,206210.9501795517,160189.2888393314
2016-04-07,204636.24821040497,159698.90855216098
2016-04-08,205119.73089167938,160454.90715598175
2016-04-11,203948.97531459198,159704.4487304599
2016-04-12,205139.67188594208,160345.85856246063
2016-04-13,205180.33854243622,159336.28475951264
2016-04-14,203635.59318301544,158456.0201682956
2016-04-15,204955.74929950104,159534.96975897858
2016-04-18,205878.4100889908,160189.28833197663
2016-04-19,202666.87208602295,159515.73689650605
2016-04-20,201835.53614566193,157621.81637190888
2016-04-21,199086.4353708969,154375.43039321015
2016-04-22,199772.63903281555,155149.25928305695
2016-04-25,199250.5606093155,155526.443840018
2016-04-26,201374.1305651413,156552.63599776337
2016-04-27,202897.07006785736,157519.1620007236
2016-04-28,200054.6487517105,156102.41405684542
2016-04-29,199028.01414534912,155134.18989569735
2016-05-02,200269.82842013703,156322.00465972017
2016-05-03,196585.0775561081,154517.25053412508
2016-05-04,195171.0287651764,154300.33074957918
2016-05-05,195418.6605047928,153558.20441824984
2016-05-06,197103.6141399704,154857.84513861727
2016-05-09,194676.3509268509,154698.3779644687
2016-05-10,197907.35730502472,156518.28798148225
2016-05-11,197335.48019168244,156149.73937651704
2016-05-12,196780.326795076,155857.88545653413
2016-05-13,196650.14772174225,155454.45459601472
2016-05-16,198678.8768591629,157086.86186972688
2016-05-17,195909.56450602875,153930.82717886995
2016-05-18,195692.0926089035,153273.02379218172
2016-05-19,194248.5953383194,153444.6243819339
2016-05-20,195045.18434474335,154551.5060328586
2016-05-23,195757.4659971939,154283.4158209903
2016-05-24,199941.83609912262,157198.54623786043
2016-05-25,199789.6348482834,156362.0046881778
2016-05-26,200479.9434971176,157420.424793082
2016-05-27,200492.1930374466,158303.04578764987
2016-05-31,201316.90462916717,158494.75578673434
2016-06-01,202225.98041194305,159587.98603613925
2016-06-02,202273.7623771988,160015.0838392551
2016-06-03,203112.93484347686,160858.16435607028
2016-06-06,203971.19326251373,160681.25475676608
2016-06-07,204911.71292537078,161430.53435309482
2016-06-08,207744.7014698349,163050.12328322482
2016-06-09,208132.46332782134,164239.7942903812
2016-06-10,207027.974131044,163558.04352744174
2016-06-13,205350.66772311553,163134.39819701266
2016-06-14,205005.3508610092,163483.39257987094
2016-06-15,205244.1838135086,163346.19562895846
2016-06-16,205596.93695300445,164311.76557143283
2016-06-17,205625.77410548553,163341.26415618014
2016-06-20,206499.48366778716,163762.1249140079
2016-06-21,206678.2219547592,164749.1164034183
2016-06-22,206236.08651202545,164691.59290640903
2016-06-23,208534.10109752044,166449.0053285892
2016-06-24,203616.27083628997,165315.2757982547
2016-06-27,202296.8703998886,165596.22442191193
2016-06-28,203841.9566702591,167681.20967230867
2016-06-29,205269.21467730866,169679.75812659334
2016-06-30,208711.32039973603,172759.6965077884
2016-07-01,209218.84669253693,173108.51700720857
2016-07-05,209071.26228663788,173636.8436940677
2016-07-06,209598.99979541168,173666.933698035
2016-07-07,207819.9666285263,172625.30484900545
2016-07-08,210631.19477031098,174687.59822592806
2016-07-11,211614.44254443512,174959.6458753116
2016-07-12,211106.57311961518,174047.44865164827
2016-07-13,210447.8026594864,173729.50779471468
2016-07-14,209654.83145282135,172931.4961827762
2016-07-15,209838.41295573578,173414.18290839266
2016-07-18,210878.57110354767,174563.4511083133
2016-07-19,210676.08185336457,173953.60175452303
2016-07-20,211233.7699503647,174200.61397681307
2016-07-21,211065.16225383148,173511.30960593294
2016-07-22,212984.500541185,174839.09725699495
2016-07-25,212977.79208705292,174304.74613318514
2016-07-26,214387.35117003784,175027.47575888704
2016-07-27,212893.47478721009,173734.6354126651
2016-07-28,214481.4458355652,174521.77107855867
2016-07-29,215497.87545821533,174925.5362267215
2016-08-01,214280.21928832398,174970.36516043733
2016-08-02,211199.33580539093,174895.70342490266
2016-08-03,210974.80635211334,175098.85560080598
2016-08-04,210289.64655158386,174645.83304642368
2016-08-05,211242.4934525238,175428.8232502811
2016-08-08,211648.34998938904,175257.75090073276
2016-08-09,211892.55085006103,175820.61140106845
2016-08-10,211337.49502673492,175789.32824753452
2016-08-11,213000.38788142547,176915.03021668125
2016-08-12,212538.23389449462,175881.04010819126
2016-08-15,214076.1351356064,177046.72654007602
2016-08-16,210678.0736341034,175048.51301239658
2016-08-17,210362.84405608522,174885.92639969516
2016-08-18,212369.2661284958,175842.32330368686
2016-08-19,212426.32519908296,175518.8504452579
2016-08-22,213106.61807437288,176439.55313919712
2016-08-23,213593.14421649324,177098.034176337
2016-08-24,208753.78097625123,175248.15505264926
2016-08-25,208529.95622916566,175825.62142609287
2016-08-26,207816.72095675813,174813.96001480747
2016-08-29,208904.47534844623,175808.1746849571
2016-08-30,208728.18274743305,175565.04346318587
2016-08-31,206871.22169682727,175000.56960912092
2016-09-01,207544.17377850757,175239.43142552717
2016-09-02,210023.74510094867,177483.30352254256
2016-09-06,209029.06994149432,177071.09610982283
2016-09-07,207688.89134499774,178599.95055623396
2016-09-08,205520.30258557544,178406.4409966026
2016-09-09,199308.06077000842,170758.8296875511
2016-09-12,200894.190828297,171783.14681859358
2016-09-13,197498.3974170421,168848.57059712752
2016-09-14,197229.04062840686,168953.62450261458
2016-09-15,199622.7690982555,170563.15072675093
2016-09-16,198143.7665652965,170777.47098203047
2016-09-19,198939.68746564136,171602.16928143843
2016-09-20,199118.9526214336,170771.1017879997
2016-09-21,201963.97291180835,174792.99064107283
2016-09-22,203174.2439746593,176391.5939087425
2016-09-23,201024.9125156139,174865.5404018913
2016-09-26,199749.51557347522,173068.31482167586
2016-09-27,201433.5726756786,174844.0727810417
2016-09-28,202964.29234311328,176289.6417717491
2016-09-29,199372.28301045642,174812.00149007185
2016-09-30,201109.5216788982,176443.432939962
2016-10-03,200931.59343335376,176758.27126927717
2016-10-04,199808.51986882434,176658.6508584343
2016-10-05,200227.94349286304,177426.40017751083
2016-10-06,198783.45081517444,176822.91463521347
2016-10-07,197311.431478474,175544.81423238144
2016-10-10,199090.39154813037,176257.49065450058
2016-10-11,195052.81057927356,169926.86841061935
2016-10-12,194104.53125188098,168533.96195531235
2016-10-13,192670.32240483508,167440.9641220604
2016-10-14,192109.91499707446,167692.2337048088
2016-10-17,191482.30231854663,169457.3161633049
2016-10-18,192322.63888165698,171355.51306271896
2016-10-19,193210.46574494586,172130.14661717758
2016-10-20,191956.59328934894,172961.68387532578
2016-10-21,191378.13905236468,173076.77230573044
2016-10-24,190818.2040176128,175030.53657842026
2016-10-25,189137.28541466937,174118.85240102158
2016-10-26,187020.13713261829,173256.1655571495
2016-10-27,186938.8338861965,171740.61230016098
2016-10-28,186585.16996865498,171990.39913678513
2016-10-31,187929.9061842464,171767.78975034103
2016-11-01,186345.247929623,170225.32217889174
2016-11-02,184625.80382138476,166049.50074391707
2016-11-03,186536.6321676372,168280.07235246047
2016-11-04,186182.04436188922,169438.12054353103
2016-11-07,189569.1949794887,174295.92367463454
2016-11-08,189605.98223572955,175424.38451199874
2016-11-09,194342.78550225482,180111.00201135024
2016-11-10,194987.37317544207,181892.16302495345
2016-11-11,198974.07184106097,186321.8514175926
2016-11-14,199628.9567211269,189023.67359872206
2016-11-15,200072.73980599627,189666.31147893294
2016-11-16,199808.8555400966,190160.573827108
2016-11-17,200453.15293389544,191292.9617703758
2016-11-18,202117.00110512957,192197.5939744316
2016-11-21,203453.44063454852,193427.60768540725
2016-11-22,205385.8263958095,195468.36778100356
2016-11-23,205839.9772174953,195878.4600995384
2016-11-25,206305.71940881,196232.722765287
2016-11-28,204866.65148507344,194786.80582459792
2016-11-29,204528.32875596272,195155.26453050002
2016-11-30,203763.6606021999,193630.1656421028
2016-12-01,201548.98933850514,191583.5264876686
2016-12-02,201237.3566681026,192298.77394898757
2016-12-05,203068.4667755245,193786.92490514144
2016-12-06,204823.47322617756,195382.51177342757
2016-12-07,207204.14701710927,196833.46535905226
2016-12-08,208529.09201108204,198846.30443223342
2016-12-09,207891.883562672,197499.3647273384
2016-12-12,206019.24331055867,193922.53295358046
2016-12-13,207336.83153973805,194407.21768454724
2016-12-14,206112.75539075123,193194.20489672833
2016-12-15,206873.77390824544,194626.88265208417
2016-12-16,205788.55413209187,193665.24928073102
2016-12-19,206460.84282456624,194678.01406459027
2016-12-20,208158.33106576191,194372.87435511762
2016-12-21,206154.2040649532,193386.88258246594
2016-12-22,204865.53039132344,191522.2652662199
2016-12-23,204957.65400277363,191856.5493047636
2016-12-27,205901.1867462276,191495.49162367993
2016-12-28,203957.1734462856,190037.4688852232
2016-12-29,202862.3158279537,189825.78258208447
2016-12-30,201818.00543366658,188865.2804779773
2017-01-03,202575.35867081868,188543.44219825318
2017-01-04,205087.32052239642,190470.47928283265
2017-01-05,203660.40958794818,188894.9998001819
2017-01-06,203580.9139462398,188853.3851818805
2017-01-09,205537.20226105914,189434.5825028186
2017-01-10,207955.7653904842,191367.08353278687
2017-01-11,207107.1530781673,191865.84268676332
2017-01-12,205544.25662942155,189960.41210692935
2017-01-13,206600.73657555802,189776.0891413074
2017-01-17,204703.3262266658,188145.30066627078
2017-01-18,205494.28764195665,189299.20923751406
2017-01-19,206303.77018208726,188581.21814673953
2017-01-20,206178.45294327958,189063.5593695026
2017-01-23,205327.0675091289,188591.4047159534
2017-01-24,208748.5289330028,190571.5761522632
2017-01-25,211050.7604183696,192314.8170446735
2017-01-26,210576.11132024036,191246.9006494861
2017-01-27,209950.0253217052,192458.0897497516
2017-01-30,208686.63047841296,191062.74765533023
2017-01-31,208095.33596852527,190274.9624485355
2017-02-01,209175.31080582843,189754.49985641055
2017-02-02,208436.95100930438,187641.58981555514
2017-02-03,210947.22736218676,190328.49646705203
2017-02-06,210133.7291837047,189016.39442390017
2017-02-07,210839.0737023662,188537.54059547
2017-02-08,210967.06469395861,188141.65665641357
2017-02-09,212759.26842263446,190788.8870832019
2017-02-10,212866.11290124163,191957.90826049377
2017-02-13,213911.749124081,190676.80418029358
2017-02-14,214401.7097344707,192017.09141936828
2017-02-15,214036.58985951648,193339.11575618316
2017-02-16,213919.9844937633,193711.61128249695
2017-02-17,214418.33511880145,193049.35622516205
2017-02-21,216047.54066041217,196424.0048867755
2017-02-22,215644.64291051135,195263.0200312381
2017-02-23,215159.82871773944,192701.78816154052
2017-02-24,215598.3854229091,192973.61659457732
2017-02-27,216843.03187104448,193368.035103107
2017-02-28,214505.53035298572,191446.95527770568
2017-03-01,219483.68783208117,194485.18949153472
2017-03-02,215780.66482850298,191968.98673942138
2017-03-03,216296.3596241115,191774.63082530547
2017-03-06,217503.18386384234,192299.8963120227
2017-03-07,216707.93427582964,192209.70077064086
2017-03-08,215126.64539166674,191995.53916320374
2017-03-09,214918.46852132067,192099.97306499054
2017-03-10,215633.7123825191,192173.83107623627
2017-03-13,217631.71906777605,193261.01473483612
2017-03-14,216595.34189912066,192938.70998343994
2017-03-15,217640.2350513576,193612.24173125793
2017-03-16,218609.42941113695,194155.24512919952
2017-03-17,219067.91905614123,194491.34272059967
2017-03-20,219048.0781147121,194180.25237903168
2017-03-21,211207.61962624773,188754.04660281708
2017-03-22,211165.96627637133,188795.45152530243
2017-03-23,212169.14712926134,189326.8154874759
2017-03-24,212442.47552129015,189209.81649264862
2017-03-27,212084.49349995836,189018.43474444916
2017-03-28,214317.70320054278,190953.17693957855
2017-03-29,214427.3152773021,189923.59496745636
2017-03-30,216779.11411877855,190937.42213496735
2017-03-31,217395.10585995897,191470.79026469757
2017-04-03,215075.52581998095,189669.15562305023
2017-04-04,214741.24559518084,189845.1053625064
2017-04-05,212286.84723298295,187120.01911792328
2017-04-06,214217.8535730098,188387.03111896088
2017-04-07,214140.48540608629,188718.828008266
2017-04-10,213528.0956680034,188972.99313029816
2017-04-11,213585.4531718944,188639.65744170715
2017-04-12,209789.99205414995,186839.14125594666
2017-04-13,208170.8666621898,185080.53878840973
2017-04-17,211784.28810136064,187813.19775065948
2017-04-18,212320.96122090562,187678.89116344025
2017-04-19,214645.03555695756,189108.2107759433
2017-04-20,218110.88977544053,191923.00481662323
2017-04-21,217959.6389304851,191228.6141782718
2017-04-24,221330.61404149278,194317.58092555573
2017-04-25,221861.7983142589,195512.89350757172
2017-04-26,222960.70822827562,195018.35122165253
2017-04-27,227582.22849766954,198445.53120036653
2017-04-28,226288.14809720262,196916.19095988802
2017-05-01,228740.9376537059,200733.54206080965
2017-05-02,229152.7583228801,200295.4296645694
2017-05-03,229584.29637067064,203505.09303851656
2017-05-04,230674.068480656,200638.19920154146
2017-05-05,232534.59801022752,201138.31081862978
2017-05-08,232247.25130002244,200116.0228099399
2017-05-09,233127.3359576915,201341.02967353395
2017-05-10,234558.26517979844,202898.28121562532
2017-05-11,234056.68604390367,200631.83185954622
2017-05-12,233478.13491551622,200444.34071155122
2017-05-15,235569.39193646653,202188.25923915437
2017-05-16,236721.39513318284,203209.3595532947
2017-05-17,230905.0863734935,197414.0207376056
2017-05-18,233290.57931630357,198030.4724072986
2017-05-19,235168.5468398784,198723.94109721712
2017-05-22,238481.97707097276,201141.42632861665
2017-05-23,238175.7209814189,201322.86627097658
2017-05-24,238925.97888928634,201370.78467937044
2017-05-25,239581.79858952743,202506.34539409212
2017-05-26,241725.8371484874,204541.26061435274
2017-05-30,239898.41817074997,203675.01280208162
2017-05-31,239682.12947056993,203615.81360202364
2017-06-01,243390.4904725383,205750.2662864261
2017-06-02,244735.27366040452,207213.12762027315
2017-06-05,243340.01822636827,206364.28652148775
2017-06-06,243491.94566510423,207299.57552104525
2017-06-07,246408.76724599107,208925.09114223055
2017-06-08,249897.21806882127,210174.04810290865
2017-06-09,245757.15825818284,203438.90277343325
2017-06-12,242108.68884251817,200583.48236518435
2017-06-13,244209.98988316758,202424.3290763431
2017-06-14,242749.82721303208,200704.08646731905
2017-06-15,240342.73908971055,199420.0186553531
2017-06-16,240361.8675229381,198651.28790908388
2017-06-19,242767.77930615647,201049.35829024843
2017-06-20,239640.23805402024,198280.0568452411
2017-06-21,239000.96009801133,197558.685865665
2017-06-22,239345.62832997544,198774.8656084781
2017-06-23,240068.50963567002,200681.09502437167
2017-06-26,239669.76168797715,200246.11490492587
2017-06-27,236538.41832326158,197911.22323088412
2017-06-28,239189.9784123729,200139.36469130282
2017-06-29,235404.78829930528,197001.9178014255
2017-06-30,236330.17166493638,197713.03922323947
2017-07-03,236215.03984425767,197009.19747404818
2017-07-05,237445.82916997178,199490.2299119449
2017-07-06,235061.8214871715,197391.1239453769
2017-07-07,238347.72206853135,200755.5579549289
2017-07-10,236843.9103391002,200576.9213773227
2017-07-11,237868.85876820787,200011.4782887912
2017-07-12,239587.98307774766,202444.66876806977
2017-07-13,239444.71985371812,201981.25101866486
2017-07-14,239211.4039166759,202349.32706084015
2017-07-17,237686.78027470812,201572.65592779877
2017-07-18,238145.89034016832,202659.23060049774
2017-07-19,244069.0114568065,203546.14482512238
2017-07-20,243802.00942738756,203611.32340063812
2017-07-21,244918.4785207103,204221.45188154938
2017-07-24,247981.0173199962,205648.11693205597
2017-07-25,248269.88354314072,206336.7199746585
2017-07-26,251403.82013905747,206435.57444967987
2017-07-27,248436.402403004,205052.7281438327
2017-07-28,247141.0809918712,206058.4113847232
2017-07-31,244831.12057698471,204244.3712045169
2017-08-01,245855.63826192124,206540.82653822663
2017-08-02,244804.8521977733,204186.80434813263
2017-08-03,246145.7995778392,205088.91770949127
2017-08-04,244859.6144734691,204984.1509171939
2017-08-07,246505.0809804271,205997.35330595734
2017-08-08,246854.76383412583,205161.41675963165
2017-08-09,246671.56858647568,205968.98215498688
2017-08-10,242012.87528432114,204000.90977873566
2017-08-11,245263.86427510483,205459.22255720856
2017-08-14,245829.24122822983,209272.21030058624
2017-08-15,245427.19456685288,211033.91016783478
2017-08-16,246644.50143254502,210878.0312348819
2017-08-17,244452.76565755112,206795.83210768463
2017-08-18,244224.46708882554,206977.0818359256
2017-08-21,245601.59122670395,206394.0197555423
2017-08-22,247993.00805867417,208844.67101973298
2017-08-23,247178.00513661606,209013.75185316804
2017-08-24,247222.54279149277,209716.4910270572
2017-08-25,247382.5605946849,209251.88057249787
2017-08-28,247767.90679753525,211069.0684425235
2017-08-29,247829.26844990952,211355.66829985383
2017-08-30,249601.88869878039,212451.58901976352
2017-08-31,251962.5461656688,212733.449245441
2017-09-01,252446.82874699816,213392.74874495273
2017-09-05,252164.37142583117,213668.86069868808
2017-09-06,251865.03915806994,213450.4312438846
2017-09-07,253721.5761606334,214195.32051466708
2017-09-08,254210.3074800609,214191.03149031405
2017-09-11,256702.33334370836,217182.1306114078
2017-09-12,256642.14654561266,216899.02215956454
2017-09-13,256574.4642755626,216367.6164054752
2017-09-14,255846.63751240954,217148.27590559726
2017-09-15,255483.99752446398,217888.44386671786
2017-09-18,257803.66257497057,218581.8171310306
2017-09-19,258202.70642491564,220033.23644636874
2017-09-20,257772.54402562365,220786.8292579532
2017-09-21,256332.95435353502,220024.03791807895
2017-09-22,258787.99854298815,222386.79228209262
2017-09-25,255329.57176228747,218709.36524962191
2017-09-26,255712.4747621654,217984.00921248202
2017-09-27,259326.6194154857,220042.8729324222
2017-09-28,259486.2611696361,220386.72275160556
2017-09-29,260726.33401509508,221660.2775974155
2017-10-02,262944.9199487804,222974.57443236117
2017-10-03,263156.94010945543,222469.9212741733
2017-10-04,263820.5920869945,221819.24645994906
2017-10-05,265095.8330156444,222756.39045424227
2017-10-06,266120.8432008861,223336.99739737276
2017-10-09,264617.26555272326,222600.78575796846
2017-10-10,264140.4634744762,222117.9857625461
2017-10-11,264800.9945490001,223472.9184579349
2017-10-12,265141.9869196056,224389.0763787723
2017-10-13,266236.0950357555,224911.94973654512
2017-10-16,266279.60288640246,224256.64513296846
2017-10-17,265746.0830003856,222913.457531879
2017-10-18,265409.4419557689,223580.71660132174
2017-10-19,265932.5122320293,222038.54773993258
2017-10-20,269875.7338773845,224314.47374434237
2017-10-23,268966.04539509997,223374.9268044925
2017-10-24,270557.2026502727,223981.67566962008
2017-10-25,268811.15400143847,222070.00378126864
2017-10-26,270569.40407582506,222798.6334199405
2017-10-27,273621.0198289989,226409.91940207247
2017-10-30,273611.37265225634,224821.4077043033
2017-10-31,275451.50284215197,227366.79306502108
2017-11-01,272948.0219423412,227109.91965193514
2017-11-02,274246.3842832683,228095.24782843355
2017-11-03,272741.3831369518,230963.7049397922
2017-11-06,271948.9959036754,233180.30162138704
2017-11-07,270815.64217061264,232110.13985724215
2017-11-08,274353.64120244246,232982.8119344211
2017-11-09,273175.21125554305,230629.23690314058
2017-11-10,274543.07034444076,231245.483048389
2017-11-13,276493.343312733,233245.0049962497
2017-11-14,275447.25238560897,234021.07446951632
2017-11-15,274693.817342274,231388.8467378116
2017-11-16,276543.6266112254,239985.63972754244
2017-11-17,276901.15352772933,240188.23866362337
2017-11-20,279382.63171529036,242096.1491660953
2017-11-21,283371.0613837169,246006.29495810275
2017-11-22,282929.09380101424,246537.5344257236
2017-11-24,283955.13621663314,247433.98838423495
2017-11-27,279343.6212057994,247092.10523413424
2017-11-28,281523.7851538585,249176.33496474032
2017-11-29,275174.8061804698,244364.2630233646
2017-11-30,275745.8934779857,246642.65498045686
2017-12-01,273698.2263484691,245501.8462196231
2017-12-04,269290.41124303086,240674.46044691803
2017-12-05,269415.5245891307,240742.36203345063
2017-12-06,269466.5392261241,241951.23528441193
2017-12-07,272821.95838505967,245852.07395704987
2017-12-08,274480.73862607224,246619.8425956607
2017-12-11,273466.5332179759,244778.29548796418
2017-12-12,273378.1042590831,242804.92642554047
2017-12-13,273225.25955350144,243177.26198920014
2017-12-14,272067.54969556077,241033.2962070346
2017-12-15,274596.85633618577,242025.11588629487
2017-12-18,274879.16920144303,243809.9291168094
2017-12-19,272711.98767144425,242016.93188818695
2017-12-20,276172.8725610469,242262.46366080048
2017-12-21,277773.42619282944,241643.02126463654
2017-12-22,276291.230407307,240254.5423236728
2017-12-26,276712.0672603343,240067.77077543977
2017-12-27,275905.0658727382,240559.36890471223
2017-12-28,277587.1525016521,240513.18845045808
2017-12-29,275619.6055112575,239062.46839010957
2018-01-02,277871.20768697007,242426.30320799592
2018-01-03,278830.3856359218,244975.834091785
2018-01-04,277752.6952348445,244976.5452696109
2018-01-05,280152.4037996028,245852.15190184358
2018-01-08,281893.0352121089,248027.58188116792
2018-01-09,281006.06173760636,246171.09811270479
2018-01-10,279542.40794236405,244620.4046674991
2018-01-11,283898.52625519974,249081.77083456758
2018-01-12,285956.40500123246,249043.7706037784
2018-01-16,281262.37312371476,245422.72941839937
2018-01-17,283774.9794927333,247909.34352934602
2018-01-18,282498.4898267482,247303.74955237153
2018-01-19,284700.26069314225,248052.52991163972
2018-01-22,286269.9660669063,247906.8584352756
2018-01-23,288135.3597398494,250023.653742435
2018-01-24,285351.6988187526,248445.04454863313
2018-01-25,281510.45624024613,248168.38831579927
2018-01-26,280830.28002412064,249138.79061186555
2018-01-29,277321.53898675187,247136.17375242952
2018-01-30,274424.7966676448,241802.60107290986
2018-01-31,273692.5115495418,241267.73113119844
2018-02-01,276126.7598338817,239751.92951071504
2018-02-02,271701.7387920116,236169.75975859407
2018-02-05,261970.62093312485,231589.43058073762
2018-02-06,261200.00953347428,231494.17756808046
2018-02-07,259543.2127176021,230695.12107241395
2018-02-08,249654.88777119858,223315.07657492402
2018-02-09,251472.7835679744,223834.3086341739
2018-02-12,253274.12818009598,226509.91678656344
2018-02-13,254236.68838746293,229136.7999900699
2018-02-14,256260.28991944535,229872.37382067446
2018-02-15,257094.84778077347,231922.5189412952
2018-02-16,257356.1847940181,230584.99294794802
2018-02-20,257268.19899232133,229332.26868189577
2018-02-21,256409.51462037308,228702.87300051455
2018-02-22,256958.62140900834,229038.6399606586
2018-02-23,258958.4723153804,231596.54944170717
2018-02-26,260888.4541726802,236174.30246866946
2018-02-27,258647.21827485308,234865.93848932986
2018-02-28,259377.84066560015,234372.0850652576
2018-03-01,258412.22137238726,232718.25786150698
2018-03-02,259469.7284295772,234351.2240735889
2018-03-05,260844.8633477901,247032.45684641605
2018-03-06,261316.9685266231,246420.01664084202
2018-03-07,261840.31397797808,248286.21898573643
2018-03-08,261680.92238404497,247458.5952903629
2018-03-09,262902.9696634029,248475.30554884678
2018-03-12,262956.97192933306,247539.83860129124
2018-03-13,262351.0082528804,246988.57657831913
2018-03-14,261850.58355973466,247621.0073972583
2018-03-15,260826.71871827348,246798.87972506287
2018-03-16,262026.59397195085,247212.10140093567
2018-03-19,260668.01684926255,245562.77993067505
2018-03-20,261984.4999530147,247014.10287340882
2018-03-21,263287.430304272,248557.66454752686
2018-03-22,254910.6600787471,242341.78611048462
2018-03-23,250273.7882764171,237639.57632693055
2018-03-26,257614.07563565476,244010.06579169037
2018-03-27,252759.3168637584,237642.32591398957
2018-03-28,251370.71144173844,234199.07766016724
2018-03-29,254144.381309254,236124.63448485138
2018-04-02,248927.0540940593,231208.71737154725
2018-04-03,251185.9409205745,233658.22460039856
2018-04-04,253226.71173833116,238938.927240932
2018-04-05,255029.17623589738,241615.13656195404
2018-04-06,251988.93888734086,237397.26660498383
2018-04-09,252402.91856644853,236777.27870520356
2018-04-10,256057.30445740922,241567.06439265015
2018-04-11,256212.84424279435,240566.23863657715
2018-04-12,256543.67428748735,240843.504490459
2018-04-13,254940.7455117,238042.29680594208
2018-04-16,256323.49002425798,240298.49738940003
2018-04-17,258844.84253471025,241813.5371328235
2018-04-18,258514.56578223832,243321.97835978272
2018-04-19,257507.08817641862,242301.28569468262
2018-04-20,255743.1135269893,240383.34831198456
2018-04-23,255559.0727116359,240292.4849735141
2018-04-24,254487.49764030107,237799.95564993622
2018-04-25,252014.11365764268,234389.89392622712
2018-04-26,256606.55389945634,239077.8367811084
2018-04-27,253153.6209494365,236080.6890264392
2018-04-30,253348.1783406032,237724.82916697266
2018-05-01,247676.1473795665,232586.52542361023
2018-05-02,246794.030419041,232541.21303519013
2018-05-03,247868.55379836686,233134.64139136078
2018-05-04,248226.94218795426,233608.40883597138
2018-05-07,249336.17324512132,234941.23477419617
2018-05-08,253042.2462317241,238486.6747613788
2018-05-09,254230.8436056865,238902.717632854
2018-05-10,255016.34311359056,238121.46785506012
2018-05-11,256936.9695193065,239211.51140555146
2018-05-14,254388.04735152848,237185.3434091449
2018-05-15,255070.9633995784,237725.47044237854
2018-05-16,257348.13512485154,239083.0934053302
2018-05-17,258297.05933539994,239735.96463354828
2018-05-18,257628.4845654262,238356.94442042115
2018-05-21,258744.48757522233,239017.5555539966
2018-05-22,255480.2380291713,235659.31812342408
2018-05-23,256769.4963547481,238252.63828142884
2018-05-24,256931.38526885636,237894.11983450653
2018-05-25,257005.79222457536,237286.58773382904
2018-05-29,256589.2918221248,237654.80637224915
2018-05-30,260532.98596637376,240290.70621260407
2018-05-31,259212.4035698665,240415.3666873813
2018-06-01,264292.95049445756,243666.30709818605
2018-06-04,268288.7367741359,243490.3004052997
2018-06-05,270879.3299977077,247229.13937357668
2018-06-06,272073.7377468837,248648.381727016
2018-06-07,271429.1836087001,246709.45761851076
2018-06-08,271501.7348982585,248707.2810075641
2018-06-11,270462.3506542934,247407.2747581363
2018-06-12,271338.76484458573,247970.97960833315
2018-06-13,274533.2856508983,251833.42745665315
2018-06-14,283304.84619620926,259732.6712129474
2018-06-15,283138.5255022395,260637.62394312624
2018-06-18,285433.31739333755,262311.39752177004
2018-06-19,285498.98995879776,260103.3423078418
2018-06-20,288996.56589702255,263020.1513688922
2018-06-21,287155.9642553676,261150.2658212543
2018-06-22,287026.35922626144,258244.14968851808
2018-06-25,281988.9169273723,251753.97965449098
2018-06-26,281798.3902292598,252258.00948733094
2018-06-27,278385.42375663406,247502.85693567994
2018-06-28,280198.10592464096,250130.91616839173
2018-06-29,279950.7548466075,250278.4695798755
2018-07-02,280639.656213795,252380.76866930726
2018-07-03,281142.38228038437,251712.80257052186
2018-07-05,282447.6723251689,253356.27869051698
2018-07-06,286168.00448421127,255929.08270663026
2018-07-09,287193.15088752395,258186.91731470826
2018-07-10,285729.08276275283,256657.44368189576
2018-07-11,284032.51871398574,256152.9858438373
2018-07-12,284923.9503784526,257172.57769793275
2018-07-13,284581.57579234726,257116.75715273622
2018-07-16,282425.16100600845,256329.23068827394
2018-07-17,285017.530464207,258224.8192674518
2018-07-18,284887.6511869777,258543.4829656482
2018-07-19,284339.77898791916,258521.0611726642
2018-07-20,284741.45751002914,258442.4276391864
2018-07-23,284323.2573566783,257813.28084963563
2018-07-24,280226.02893642074,256388.99408549073
2018-07-25,284271.48850730545,260092.96156519654
2018-07-26,283439.13510326034,259782.5649415851
2018-07-27,278436.24650195724,256588.29493349793
2018-07-30,274344.44631484634,252472.63748377564
2018-07-31,276513.74123672134,253823.73418253663
2018-08-01,275150.7837238658,257901.79696482423
2018-08-02,277726.09172252304,262123.69114321473
2018-08-03,275216.4831610072,260292.13600939515
2018-08-06,278201.1588173259,264533.63640040165
2018-08-07,278790.7800884593,265171.6105176807
2018-08-08,279045.91650584823,265684.7439329029
2018-08-09,279286.26711753494,268638.1628019214
2018-08-10,280836.8702220119,269611.20460222964
2018-08-13,278639.556696812,268597.9521287799
2018-08-14,281803.3674773372,272697.6897443652
2018-08-15,278726.8818772853,269521.53152720217
2018-08-16,280976.7552589,271602.99583689455
2018-08-17,283268.29807937273,273570.89537302736
2018-08-20,283966.66146075854,274211.6807772327
2018-08-21,287585.0307625545,277818.5613276172
2018-08-22,287351.12403476366,277876.7910772968
2018-08-23,291098.1008929027,278051.8323771167
2018-08-24,294695.9685887111,279324.96307245974
2018-08-27,292025.728301884,279517.7673861194
2018-08-28,291929.50269973406,278842.3773600269
2018-08-29,292845.5426005138,279952.69649950747
2018-08-30,293643.3541268123,279712.14674441103
2018-08-31,296184.2284735454,281169.2241121936
2018-09-04,296566.23860442766,283070.2276674915
2018-09-05,289399.9952601207,281248.383444469
2018-09-06,288684.79844272265,284820.54143015627
2018-09-07,289069.90515506396,284519.47603480105
2018-09-10,290334.6406277431,285352.94953791384
2018-09-11,293568.59738910326,288544.55525843386
2018-09-12,293130.474389912,289681.6941858936
2018-09-13,293860.02430286055,290549.72391001467
2018-09-14,296020.1385215724,293316.7063204456
2018-09-17,290721.54596461897,289427.826513927
2018-09-18,293756.99359264027,293127.96573130373
2018-09-19,290875.509145161,290704.8917071033
2018-09-20,291014.7606023754,287843.694155376
2018-09-21,288281.60312022816,287908.69466654543
2018-09-24,290979.2309812511,289786.17910448794
2018-09-25,291383.84560527455,292184.8931395221
2018-09-26,291548.1203626598,290945.50111643557
2018-09-27,292704.80460490834,292538.591931026
2018-09-28,293346.315118214,293598.0308386493
2018-10-01,290172.15012111317,294515.77311388735
2018-10-02,284195.4905027355,291885.9475294757
2018-10-03,286407.3353399242,292777.74722162966
2018-10-04,281745.5335668529,287313.4519335437
2018-10-05,279381.92123546253,286722.0128199268
2018-10-08,274833.0704177822,282599.2929264713
2018-10-09,272727.24919643055,280412.62221781496
2018-10-10,262878.19084014546,270380.0010143924
2018-10-11,258458.34930362352,266798.1300169635
2018-10-12,262411.81112517964,270519.2990643192
2018-10-15,261928.89852370866,269539.95325438265
2018-10-16,264461.5417484249,273206.21574179415
2018-10-17,262733.8421234096,271532.4906040836
2018-10-18,262276.6397241558,270063.80162112
2018-10-19,261387.87249412187,269067.1623741794
2018-10-22,261398.45119514116,268841.04007879976
2018-10-23,260448.9821571315,268346.7719532657
2018-10-24,257250.696937939,264434.8179451633
2018-10-25,259996.55078639634,267522.83088747744
2018-10-26,261114.6822484935,267641.1419264484
2018-10-29,262218.7127574886,269101.4221035648
2018-10-30,265875.63945426594,272844.2887264896
2018-10-31,267280.9895557369,274282.00880400423
2018-11-01,267099.4904750789,274093.2497631717
2018-11-02,266343.788685223,273317.52791563753
2018-11-05,266579.14068641316,273564.709991138
2018-11-06,266785.4895442928,273775.88880125765
2018-11-07,268093.6911434139,275129.4904553104
2018-11-08,267851.4889759029,274883.56822172884
2018-11-09,267099.5403522457,274113.5896450687
2018-11-12,266292.0898670162,273281.8891445804
2018-11-13,266050.2388042415,273033.14803282503
2018-11-14,263076.89125480305,269960.53057066683
2018-11-15,262980.9411472286,269861.0304562259
2018-11-16,263079.9415248836,269962.2308422733
2018-11-19,263050.24084510456,269931.870147388
2018-11-20,262575.0412982906,269446.11061064486
2018-11-21,262634.44076957356,269506.83007017855
2018-11-23,262961.14069404255,269840.7899929691
2018-11-26,263436.3402408565,270326.54952971224
2018-11-27,263248.2416004146,270134.27091948275
2018-11-28,263664.0416759456,270559.3109966922
2018-11-29,263594.7400897945,270488.4693752933
2018-11-30,263367.04054298054,270255.70983855013
2018-12-03,263367.04054298054,270255.70983855013
2018-12-04,262792.84061851155,269668.7499157596
2018-12-06,262289.2488235439,268605.7298313785
2018-12-07,261256.57171096452,267810.73130385164
2018-12-10,261149.0707687343,268052.53068892244
2018-12-11,261577.79950179704,268319.74982802157
2018-12-12,262089.0021079982,268603.71136061434
2018-12-13,262499.9097627833,269155.944679462
2018-12-14,261272.59906332046,268155.8834306827
2018-12-17,258580.39990560562,266129.7248308292
2018-12-18,259053.89063589126,266289.0657579532
2018-12-19,258662.69140188248,266389.5059282413
2018-12-20,258428.77055303604,266657.34567280917
2018-12-21,256727.97099630386,266266.74524708895
2018-12-24,254680.58977834732,264336.0657579532
2018-12-26,254707.7393640712,264363.965332233
2018-12-27,254707.7393640712,264363.965332233
2018-12-28,254707.7393640712,264363.965332233
2018-12-31,254707.7393640712,264363.965332233
2019-01-02,254707.7393640712,264363.965332233
2019-01-03,254707.7393640712,264363.965332233
2019-01-04,254707.7393640712,264363.965332233
2019-01-07,254707.7393640712,264363.965332233
2019-01-08,254707.7393640712,264363.965332233
2019-01-09,254707.7393640712,264363.965332233
2019-01-10,254707.7393640712,264363.965332233
2019-01-11,254707.7393640712,264363.965332233
2019-01-14,254707.7393640712,264363.965332233
2019-01-15,254707.7393640712,264363.965332233
2019-01-16,254707.7393640712,264363.965332233
2019-01-17,254707.7393640712,264363.965332233
2019-01-18,254707.7393640712,264363.965332233
2019-01-22,254707.7393640712,264363.965332233
2019-01-23,254707.7393640712,264363.965332233
2019-01-24,254707.7393640712,264363.965332233
2019-01-25,254707.7393640712,264363.965332233
2019-01-28,254707.7393640712,264363.965332233
2019-01-29,254707.7393640712,264363.965332233
2019-01-30,254707.7393640712,264363.965332233
2019-01-31,254707.7393640712,264363.965332233
2019-02-01,254707.7393640712,264363.965332233
2019-02-04,254707.7393640712,264363.965332233
2019-02-05,254707.7393640712,264363.965332233
2019-02-06,254707.7393640712,264363.965332233
2019-02-07,254707.7393640712,264363.965332233
2019-02-08,254707.7393640712,264363.965332233
2019-02-11,254707.7393640712,264363.965332233
2019-02-12,254707.7393640712,264363.965332233
2019-02-13,254707.7393640712,264363.965332233
2019-02-14,255077.67904058486,264363.965332233
2019-02-15,256124.9299751857,264930.965332233
2019-02-19,255694.1883102992,264718.6556398502
2019-02-20,256082.8012062648,264490.53513356356
2019-02-21,256311.57085859327,264403.9751688114
2019-02-22,258339.3607298091,266080.0776888004
2019-02-25,257715.88802396803,265477.44803868444
2019-02-26,257343.15854513197,265089.99557744176
2019-02-27,258604.8774057582,265758.10399495275
2019-02-28,259265.5960813716,265352.1166063419
2019-03-01,261107.26811086683,267239.4422250858
2019-03-04,259118.19633924513,265418.57737218053
2019-03-05,259572.39366971998,266432.4595094791
2019-03-06,257044.11854421644,263688.30864964635
2019-03-07,256531.06570302992,262450.2199541202
2019-03-08,256360.51071989088,262461.57539616735
2019-03-11,259205.97719823866,265317.25787602575
2019-03-12,260504.17764722853,266422.4457231632
2019-03-13,261948.16563093214,266138.18014012487
2019-03-14,262883.8362756923,267243.7655054203
2019-03-15,262924.96055662184,267833.8164201847
2019-03-18,263940.3891912654,266823.7813707462
2019-03-19,264134.6676183894,266602.7456232181
2019-03-20,264327.838276501,267292.4832178226
2019-03-21,269290.5694013789,271973.4882169834
2019-03-22,266239.4261594661,267698.0314222446
2019-03-25,267243.63436564285,268107.3337198368
2019-03-26,269005.80357416946,270088.800457584
2019-03-27,266490.87616022903,268638.2282205692
2019-03-28,267990.1745477565,270675.94813290745
2019-03-29,268570.0831361659,270787.9331678501
2019-04-01,268912.4133706935,270564.86803189426
2019-04-02,269755.9163194545,271451.91051427036
2019-04-03,269422.9660116084,271868.7509683719
2019-04-04,267205.4931150325,269697.5684217563
2019-04-05,268864.2329107173,270765.2583994022
2019-04-08,268789.84444213513,269690.4013056827
2019-04-09,268228.4423101008,268989.95470000035
2019-04-10,270550.3208310664,271945.1809668613
2019-04-11,270965.8020722926,272706.6827349735
2019-04-12,271982.5618646205,273848.51240683324
2019-04-15,270922.6206204951,272584.4913954807
2019-04-16,267872.096006161,268041.1092372013
2019-04-17,264014.20253158215,267254.0366664005
2019-04-18,265465.6031434596,267807.8374762607
2019-04-22,267776.17090964917,268813.74131155736
2019-04-23,271929.6358010829,272738.0216803623
2019-04-24,271817.0158288539,273915.67373801
2019-04-25,269618.92643905286,272974.9019866062
2019-04-26,270369.7735183299,273743.02955389745
2019-04-29,271002.6977946818,274013.4650092197
2019-04-30,269286.54385734204,276003.74353171117
2019-05-01,266754.16360641125,272862.7610526157
2019-05-02,269137.942291981,273918.5510726047
2019-05-03,271971.88476253155,275937.1200385166
2019-05-06,270505.1506278575,275227.59638357884
2019-05-07,266137.3814895213,271150.0130133701
2019-05-08,266269.1596725047,271252.1037288547
2019-05-09,263850.38399768475,270037.9317203403
2019-05-10,261707.85288406018,268091.8023162723
2019-05-13,254164.48152423505,260052.03325041535
2019-05-14,258544.51275516156,263735.1777168155
2019-05-15,259482.68683887128,266508.64960631134
2019-05-16,263087.87018085126,269819.56922301056
2019-05-17,260201.9185092509,268167.42973860505
2019-05-20,255877.8077495158,263276.03953703644
2019-05-21,258337.65128970746,266778.4605346561
2019-05-22,257943.14304233197,266595.17974623444
2019-05-23,255322.74586558942,265003.4493728519
2019-05-24,257472.03093791608,266436.82275542023
2019-05-28,256793.96361613873,264935.9030013919
2019-05-29,253398.79452205304,260842.44232329133
2019-05-30,253867.67867671614,261862.2696281314
2019-05-31,252440.8765565074,262191.98553770786
2019-06-03,249728.63447200423,263344.4101669193
2019-06-04,256979.68971645003,267036.3276016117
2019-06-05,259621.87091075545,270415.8606941104
2019-06-06,263183.7210465587,273517.5980436893
2019-06-07,265564.90747844346,274592.86523652985
2019-06-10,265363.86175548204,275048.356817493
2019-06-11,262313.3435059703,272104.91687608673
2019-06-12,261863.12750255232,272577.21686922025
2019-06-13,262283.9517823375,274003.337928638
2019-06-14,262737.3403550304,274416.9689253421
2019-06-17,262548.32756053575,273696.6500052066
2019-06-18,264320.5753556407,274970.5467413516
2019-06-19,264860.4706040538,275326.20389162016
2019-06-20,267961.0609055675,277383.0305403323
2019-06-21,263609.4867783702,274284.0326803775
2019-06-24,263625.2280427135,273602.8768461795
2019-06-25,259013.7219773448,270003.5753134341
2019-06-26,258504.17881023054,268659.2156637759
2019-06-27,260193.6392480052,272532.3589285464
2019-06-28,264891.99107783916,275128.91498933744
2019-07-01,266559.74286883953,277152.03012643766
2019-07-02,269294.1310257304,279698.81290231657
2019-07-03,272663.15502208355,283096.651512012
2019-07-05,273088.2329639781,282717.51123414945
2019-07-08,272417.94115489605,282381.0022619815
2019-07-09,273710.5611614573,284398.7852858157
2019-07-10,274242.86793941143,285833.5033529849
2019-07-11,273674.266243397,285327.36030183744
2019-07-12,273079.0524658549,286011.23394952726
2019-07-15,274746.8521923411,287002.08907686186
2019-07-16,276117.44923061016,287144.14488588285
2019-07-17,276693.10495418194,286263.25049959135
2019-07-18,279544.6883949626,288138.6759966464
2019-07-19,277381.26202815655,284349.249748096
2019-07-22,279629.13953822735,285456.8652456851
2019-07-23,275055.7315086711,285247.76142297697
2019-07-24,276195.57203715923,288364.78313432646
2019-07-25,275956.3537830699,287531.1128729434
2019-07-26,279918.36760371807,291113.7141531558
2019-07-29,279249.07686656597,287699.14979158354
2019-07-30,280456.43575519207,287888.197095737
2019-07-31,285488.517263676,284595.02601228666
2019-08-01,285604.97586276656,283775.88483034086
2019-08-02,283494.73991420394,283089.7025793643
2019-08-05,272195.1806376231,274737.6147068591
2019-08-06,277365.0331633342,278642.9571322055
2019-08-07,287367.8810370219,282180.5530804248
2019-08-08,291181.5969984782,287289.58656393003
2019-08-09,290196.1820357097,286741.395945415
2019-08-12,287091.793901707,284397.35425649595
2019-08-13,288208.6128138316,285644.6494883151
2019-08-14,281546.96760547283,280497.3156641574
2019-08-15,283402.1369837535,281308.56226049375
2019-08-16,289479.5779589427,285466.39992521243
2019-08-19,291790.6313494456,287254.2045650287
2019-08-20,290966.8092138255,285576.851707439
2019-08-21,293942.4573385203,287172.21823595004
2019-08-22,294283.7214719737,288457.4203793521
2019-08-23,288475.43668193463,282487.4606854434
2019-08-26,291188.5028325999,286144.88026781037
2019-08-27,289739.0332967723,286079.8032490726
2019-08-28,290324.58444995526,287084.1353508945
2019-08-29,290506.2768499339,288402.6344266696
2019-08-30,289349.77101535443,288248.1618486209
2019-09-03,286667.8731176341,286606.4839654727
2019-09-04,290256.26308269147,288829.382273273
2019-09-05,289681.9597780192,289599.97145135835
2019-09-06,289239.15469569806,289321.1942201419
2019-09-09,284424.5146848643,284559.7023645206
2019-09-10,280932.6355077708,279653.8332086368
2019-09-11,282734.30592937116,282044.34525163606
2019-09-12,283091.736099583,284015.0131154819
2019-09-13,285096.2438303722,283620.86678750947
2019-09-16,283975.7224756969,282856.54661996796
2019-09-17,286951.036902119,284810.71120317414
2019-09-18,282564.96941983566,285121.8738001778
2019-09-19,281990.1878932701,285104.82562818076
2019-09-20,280818.36833226547,284374.1338194802
2019-09-23,281283.3695491539,284369.4364375069
2019-09-24,280275.9870151268,284644.918908973
2019-09-25,283763.0990966545,286274.91283597494
2019-09-26,282868.38565862045,286483.76450910117
2019-09-27,277508.1369556175,280905.2808970406
2019-09-30,278815.81850278244,282823.0031260445
2019-10-01,274945.2668818615,278410.2144278481
2019-10-02,271674.4439391277,276681.4870451882
2019-10-03,270729.8403128765,277446.71393193747
2019-10-04,275095.5245417736,282648.3082751229
2019-10-07,273640.17251388053,282722.87869634177
2019-10-08,270634.4096888683,278585.4164885476
2019-10-09,276040.3870219372,281504.95356168295
2019-10-10,277259.2297686718,283534.5476035073
2019-10-11,276600.0096377514,285122.83991994406
2019-10-14,276782.6454562328,285879.66353024985
2019-10-15,279274.783483424,287864.7088507607
2019-10-16,280873.6136569164,289032.8500212624
2019-10-17,282978.3379115246,291951.32787122275
2019-10-18,283782.0936984203,293680.728126426
2019-10-21,284181.20779601554,294872.7866095498
2019-10-22,281813.2446612499,294492.78551854636
2019-10-23,280806.4127978466,299203.80561055685
2019-10-24,282602.8861102245,307273.7199210122
2019-10-25,282367.64262954216,304997.16383161093
2019-10-28,281557.72509566764,305030.6699961617
2019-10-29,282415.5263232372,306735.457019706
2019-10-30,282733.64751616935,304950.12374105
2019-10-31,282151.8102587841,305647.2197569802
2019-11-01,281698.4077853344,305582.25470342184
2019-11-04,281910.2389430187,304108.3886088326
2019-11-05,280811.20850936393,305016.897632499
2019-11-06,280918.36750594596,305208.8180026009
2019-11-07,279217.3329905651,304036.699623008
2019-11-08,279089.872583308,303941.15566625143
2019-11-11,280648.4983538769,305325.2709502175
2019-11-12,280250.90921203117,303814.3333826973
2019-11-13,281695.10206023674,303265.3892699196
2019-11-14,282748.2050456188,303752.7035418465
2019-11-15,284978.5294245861,303547.6469412758
2019-11-18,286864.68899528007,304123.9016009285
2019-11-19,287131.45570460777,304316.9290858223
2019-11-20,287642.244631686,303558.2488490059
2019-11-21,284767.9010686062,302273.2815314247
2019-11-22,285606.1011265896,302734.8954821541
2019-11-25,288467.98142234306,306811.20798406145
2019-11-26,291768.21338836174,309439.8622561409
2019-11-27,292565.72503272514,309671.1077577736
2019-11-29,290598.25563994865,307977.09085423965
2019-12-02,287390.4209374569,305801.5500961067
2019-12-03,286389.2056254528,305076.74084096454
2019-12-04,287125.53397551994,305815.64784436725
2019-12-05,287579.16922408564,306635.81055837177
2019-12-06,289235.60734778864,308327.37717633747
2019-12-09,289327.26997691614,307605.32990079426
2019-12-10,288721.8590348385,306870.56772237323
2019-12-11,289743.53494006617,306435.52718930744
2019-12-12,290425.80380755884,306080.68377690815
2019-12-13,290578.77513438684,304184.94945722126
2019-12-16,291901.0554984234,305483.7426147988
2019-12-17,291559.9952147625,306685.210684829
2019-12-18,292982.16272193415,307951.95722203754
2019-12-19,291126.2457612179,308552.5076180031
2019-12-20,291696.5795853756,309126.177566581
2019-12-23,293026.07422954065,306850.65954881214
2019-12-24,296111.24740821344,308820.9596262505
2019-12-26,297172.24611503107,309959.85914617084
2019-12-27,295245.77417937736,309427.1497326424
2019-12-30,292804.43274680595,306904.20918660663
2019-12-31,292381.76533500175,307533.86950879596
2020-01-02,292708.8722273205,310537.2662106087
2020-01-03,291922.03660453303,307434.4704495003
2020-01-06,293764.1643987988,307887.2449780037
2020-01-07,295540.1033274029,306970.61038594745
2020-01-08,294971.71318686946,308839.68656163715
2020-01-09,295647.8486410473,310437.479735923
2020-01-10,294727.9305158947,308347.22148664016
2020-01-13,298447.9243646954,311122.5877738716
2020-01-14,299011.66613448603,312632.7116795113
2020-01-15,299120.4559217785,311268.0057278206
2020-01-16,302195.7693811749,313519.5181007912
2020-01-17,301601.1951681469,312735.28823857807
2020-01-21,302337.29834044917,312691.4696484139
2020-01-22,302771.89823211177,313843.3618145516
2020-01-23,303431.6534887646,315270.18110280536
2020-01-24,301019.685452113,313319.52673535846
2020-01-27,297093.01779998286,311259.9723949959
2020-01-28,299566.9433008526,314534.9187813332
2020-01-29,300273.4042974804,314064.60190969013
2020-01-30,295883.5523859356,315579.2797902596
2020-01-31,289517.77123893244,308949.6199430001
2020-02-03,291835.1313024853,313296.3392861855
2020-02-04,299396.435829768,318369.0192903054
2020-02-05,302113.4684282635,319979.27218375326
2020-02-06,300461.53272689326,321173.5092118752
2020-02-07,296227.3004080151,315912.5720284951
2020-02-10,299304.9827543591,319425.7410958779
2020-02-11,302910.5333410595,320713.2122148049
2020-02-12,307173.85840476496,324698.257525779
2020-02-13,309680.7470232342,325056.7315686715
2020-02-14,309135.1348329876,325122.6314118874
2020-02-18,306995.289345393,324314.22408042074
2020-02-19,307034.4259229992,332828.40785155416
2020-02-20,308729.7442747448,337380.760600425
2020-02-21,296251.6999107693,336381.5118821633
2020-02-24,286442.2656742428,329581.77405867697
2020-02-25,284113.4800831173,320765.79885993124
2020-02-26,282475.93207515223,319852.29324088217
2020-02-27,271345.2801259945,311227.6094980538
2020-02-28,265876.4037794064,308050.07522544026
2020-03-02,271807.5050214718,312224.87197836995
2020-03-03,270122.4769642819,311044.04734763264
2020-03-04,274508.78405504115,315967.44884451985
2020-03-05,272946.9863026608,314250.67362174153
2020-03-06,272609.21528367884,311130.6836887276
2020-03-09,267717.3251088131,302238.5634380257
2020-03-10,268439.51548509486,304914.8554645455
2020-03-11,270495.71594743617,303282.54583319783
2020-03-12,265998.35703782924,300976.7751880562
2020-03-13,266231.00473527797,300976.7751880562
2020-03-16,264486.53430681117,300976.7751880562
2020-03-17,265630.79505662806,300976.7751880562
2020-03-18,265630.79505662806,300976.7751880562
2020-03-19,265630.79505662806,300976.7751880562
2020-03-20,265630.79505662806,300976.7751880562
2020-03-23,265630.79505662806,300976.7751880562
2020-03-24,265630.79505662806,300976.7751880562
2020-03-25,265630.79505662806,300976.7751880562
2020-03-26,265630.79505662806,300976.7751880562
2020-03-27,265630.79505662806,300976.7751880562
2020-03-30,265630.79505662806,300976.7751880562
2020-03-31,265630.79505662806,300976.7751880562
2020-04-01,265630.79505662806,300976.7751880562
2020-04-02,265630.79505662806,300976.7751880562
2020-04-03,265630.79505662806,300976.7751880562
2020-04-06,265630.79505662806,300976.7751880562
2020-04-07,265630.79505662806,300976.7751880562
2020-04-08,265630.79505662806,300976.7751880562
2020-04-09,265630.79505662806,300976.7751880562
2020-04-13,265630.79505662806,300976.7751880562
2020-04-14,265630.79505662806,300976.7751880562
2020-04-15,265630.79505662806,300976.7751880562
2020-04-16,265630.79505662806,300976.7751880562
2020-04-17,265630.79505662806,300976.7751880562
2020-04-20,265630.79505662806,300976.7751880562
2020-04-21,265630.79505662806,300976.7751880562
2020-04-22,265630.79505662806,300976.7751880562
2020-04-23,265630.79505662806,300976.7751880562
2020-04-24,265630.79505662806,300976.7751880562
2020-04-27,265630.79505662806,300976.7751880562
2020-04-28,265630.79505662806,300976.7751880562
2020-04-29,265630.79505662806,300976.7751880562
2020-04-30,265630.79505662806,300976.7751880562
2020-05-01,265630.79505662806,300976.7751880562
2020-05-04,265630.79505662806,300976.7751880562
2020-05-05,265630.79505662806,300976.7751880562
2020-05-06,265630.79505662806,300976.7751880562
2020-05-07,265630.79505662806,300976.7751880562
2020-05-08,265630.79505662806,300976.7751880562
2020-05-11,265630.79505662806,300976.7751880562
2020-05-12,265630.79505662806,300976.7751880562
2020-05-13,265630.79505662806,300976.7751880562
2020-05-14,265630.79505662806,300976.7751880562
2020-05-15,265630.79505662806,300976.7751880562
2020-05-18,265630.79505662806,300976.7751880562
2020-05-19,265630.79505662806,300976.7751880562
2020-05-20,265630.79505662806,300976.7751880562
2020-05-21,265630.79505662806,300976.7751880562
2020-05-22,265630.79505662806,300976.7751880562
2020-05-26,265630.79505662806,300976.7751880562
2020-05-27,265630.79505662806,300976.7751880562
2020-05-28,265630.79505662806,300976.7751880562
2020-05-29,274231.1970532406,305784.79969367146
2020-06-01,274684.36411409266,309376.8823429024
2020-06-02,276813.80969743617,309698.7319484627
2020-06-03,273715.00924043544,300346.6178432381
2020-06-04,267128.0999768246,292700.69478980184
2020-06-05,266777.0966351498,290474.03266135335
2020-06-08,267661.2309926022,291555.2096556771
2020-06-09,268893.7191212643,291476.6913413155
2020-06-10,273708.8078244198,295916.8399085152
2020-06-11,263430.4636776913,282421.7399062264
2020-06-12,263728.3911602963,286576.04369727254
2020-06-15,267619.2109158505,293836.8650664437
2020-06-16,270381.07938508876,295428.95912924886
2020-06-17,272507.2184460629,297090.93637839437
2020-06-18,273659.1991475094,298493.1749991524
2020-06-19,278080.93098573573,298961.88576117635
2020-06-22,280579.8959095944,301011.9604567635
2020-06-23,279141.9410603512,299576.0519675362
2020-06-24,274894.0026219357,296275.42483893514
2020-06-25,280203.2025235165,298943.8124503243
2020-06-26,277825.2650311459,296347.0198859322
2020-06-29,275154.0385983456,293051.1757544625
2020-06-30,281374.7433903683,300596.44240180135
2020-07-01,283160.3132679928,302752.6012724984
2020-07-02,284522.4334042538,302438.3668212044
2020-07-06,286830.41296129115,303981.80346671224
2020-07-07,286557.78727083094,303922.8680953133
2020-07-08,290286.14647798426,308179.7968520272
2020-07-09,292444.7124455441,311653.7978400338
2020-07-10,289112.22325258143,309980.2040213692
2020-07-13,279322.41029863246,299957.9996985543
2020-07-14,284988.67009858973,306093.69675818563
2020-07-15,288148.26321344264,308656.504112159
2020-07-16,284693.76508836634,305403.12656012655
2020-07-17,292191.64016275294,310315.17424002767
2020-07-20,296712.3716271389,321124.5002364266
2020-07-21,292099.95799379237,316366.59962454916
2020-07-22,292622.41786699183,320525.4077719796
2020-07-23,285511.7605412472,315262.0576895821
2020-07-24,281419.4714043606,320872.3697661507
2020-07-27,289756.62294130214,324827.4714774239
2020-07-28,287885.9212884701,322124.08289710165
2020-07-29,294630.9181241787,328068.61215964437
2020-07-30,293787.4715947903,334503.18001166463
2020-07-31,296407.65149209864,336402.16852561117
2020-08-03,303292.3968972958,340032.3226241219
2020-08-04,304561.8039903439,341964.3791693795
2020-08-05,302732.519392947,342635.68376914144
2020-08-06,298432.18075082666,338257.34625617147
2020-08-07,295284.9507741726,333140.47322455526
2020-08-10,291427.01576135523,328922.50409308553
2020-08-11,284650.7233590878,321440.0724791634
2020-08-12,291725.4817209042,326453.8120535958
2020-08-13,294960.96864030726,330087.6092433846
2020-08-14,292995.44420717127,327818.67168616416
2020-08-17,297622.33068559534,332345.7081470406
2020-08-18,299410.7697801388,333197.9880618966
2020-08-19,297713.1650247372,332461.7271594918
2020-08-20,300146.9179239071,335563.7950839913
2020-08-21,298562.28547029383,334994.94163703086
2020-08-24,297667.4078801144,333569.27770041587
2020-08-25,298871.5363514889,336100.98879431846
2020-08-26,303521.24777345546,341090.8349590218
2020-08-27,299584.29356126674,337907.98813056113
2020-08-28,300989.44910936244,339226.36366461875
2020-08-31,302807.8329251278,341716.1189365304
2020-09-01,310504.1085141171,345435.379816047
2020-09-02,312109.78031282313,346043.0686740792
2020-09-03,296261.7542584408,332733.2478008187
2020-09-04,291646.62043886073,326354.7029933846
2020-09-08,289435.7935326565,320209.6857871926
2020-09-09,301913.233338641,327736.23659705283
2020-09-10,300906.0943997372,324515.17591284873
2020-09-11,293658.7609761227,323170.6725730813
2020-09-14,304598.57326249965,329239.4721031106
2020-09-15,309266.2746584881,332787.94173430564
2020-09-16,305159.767329501,330423.6052818215
2020-09-17,304645.82704954036,326865.5991325295
2020-09-18,304538.22810583,326453.5056018746
2020-09-21,302278.164771365,322948.91981124046
2020-09-22,310706.89966421016,328254.4493293679
2020-09-23,298898.0671904553,317220.11169623496
2020-09-24,293138.8743241299,313986.51545142295
2020-09-25,305977.8662436474,322502.38473700645
2020-09-28,316858.8959115017,333648.28663062217
2020-09-29,316832.8422387112,333897.79255972983
2020-09-30,320547.87975053675,336998.9703017342
2020-10-01,330037.13710336573,340512.23288069846
2020-10-02,323601.14986543544,337684.7478095162
2020-10-05,332871.71867113,344551.55818472983
2020-10-06,332936.6967041958,345107.7456961739
2020-10-07,339601.5925276745,352089.3100386727
2020-10-08,337983.08988981135,350596.6204367745
2020-10-09,341457.5673449505,353220.485154258
2020-10-12,341696.0366185177,353039.5586806405
2020-10-13,346271.3854048718,355919.95648108603
2020-10-14,343851.6589892376,353062.14849196555
2020-10-15,344739.1984313,355129.1417208779
2020-10-16,343354.2593863476,353047.8636427987
2020-10-19,338237.96160726435,350405.2058764565
2020-10-20,336453.1311047543,349634.97717009665
2020-10-21,330479.48703699,343202.55057250144
2020-10-22,330408.1994050015,343778.0424204934
2020-10-23,338815.36813669093,348832.57203017356
2020-10-26,330036.5412981976,344144.5016718972
2020-10-27,333692.70560293086,342788.5305968392
2020-10-28,325182.44933919795,339677.2549906838
2020-10-29,332826.6198008526,341322.82222548604
2020-10-30,325632.5509303082,334048.9687632668
2020-11-02,329316.09792928584,339145.88769904256
2020-11-03,335159.68362836726,344386.71965590597
2020-11-04,335033.07362203486,346002.15800658346
2020-11-05,344822.8692324627,355620.5361460793
2020-11-06,344256.98232763616,351327.8248538368
2020-11-09,343457.7553188166,344275.435712754
2020-11-10,341902.04334562627,351232.9765071266
2020-11-11,343422.96492307994,354730.7901286476
2020-11-12,339119.2856017909,347109.56859201123
2020-11-13,344927.12583654735,350489.551652848
2020-11-16,353960.30037802074,358670.86012643506
2020-11-17,352753.7989303431,359759.04608148267
2020-11-18,349653.6459228358,357128.95137017895
2020-11-19,354824.730017837,361177.5969809883
2020-11-20,357303.4158374629,363973.99222558667
2020-11-23,363017.2059604487,373052.86744874646
2020-11-24,357953.2068111262,373775.49643319775
2020-11-25,357065.5705634913,371505.6202239387
2020-11-27,360733.98801534984,374523.0610293739
2020-11-30,357714.8490096888,369308.9481124275
2020-12-01,361141.5432426295,367321.8398990028
2020-12-02,359477.4698917231,367683.1259364479
2020-12-03,361629.4144889674,373454.38519853284
2020-12-04,364794.6410400233,378387.14382356335
2020-12-07,364968.9548980555,379602.8025302284
2020-12-08,366825.64355200145,382298.3563975685
2020-12-09,362275.2819129786,381792.35001176526
2020-12-10,366045.99002951,382813.76758760144
2020-12-11,365342.8956710658,382697.5390891426
2020-12-14,363698.9083938072,380633.0121655649
2020-12-15,370118.4645842979,389737.91247798863
2020-12-16,368627.4531211326,388636.69343425694
2020-12-17,369931.3204326103,392210.359165687
2020-12-18,369203.38694567187,393735.3006119913
2020-12-21,367302.22277636034,392972.526428718
2020-12-22,366980.6721038292,389769.4092011637
2020-12-23,369800.96803087695,391963.92185642186
2020-12-24,368153.07751268847,392452.70314075414
2020-12-28,368458.6483630608,389959.73606922093
2020-12-29,366123.1617373894,385594.0038018412
2020-12-30,372903.4444579552,389472.36978244723
2020-12-31,372015.79718012316,388701.78389263095
2021-01-04,371809.13932604296,386819.2174444193
2021-01-05,382928.157779641,398329.673855781
2021-01-06,401858.92940706713,422118.4422903055
2021-01-07,408784.2692813347,434245.57189273776
2021-01-08,407541.81426805956,432033.7159776682
2021-01-11,409816.1249408196,430986.3109998697
2021-01-12,416302.83800310595,435747.92640781344
2021-01-13,413656.3817347954,433033.49337482394
2021-01-14,415234.69529528124,436275.4839677805
2021-01-15,410430.0855616997,429100.985360145
2021-01-19,413089.00291140063,433635.2534837717
2021-01-20,414164.0958946465,437783.9759569162
2021-01-21,412460.86506350024,437150.11245250644
2021-01-22,412586.48237688525,435721.06156253756
2021-01-25,407532.8655670403,429095.33633708896
2021-01-26,400880.1346596001,423058.0450124735
2021-01-27,389923.83862574084,413337.7600221628
2021-01-28,395745.65709002,419047.55114322604
2021-01-29,388381.2869995354,410060.5942588419
2021-02-01,395631.27155764087,419420.0927405924
2021-02-02,400005.402560067,425478.204602775
2021-02-03,403086.49398500903,429795.8864799112
2021-02-04,410070.9385307549,437524.87268787326
2021-02-05,414341.7239864586,440749.2855239481
2021-02-08,419323.43201525195,444004.8059859842
2021-02-09,425024.9577091454,445554.0319324106
2021-02-10,424012.8538063286,446056.90710216464
2021-02-11,424563.63443071826,446845.67402225436
2021-02-12,424511.2041919945,446593.7754302591
2021-02-16,426125.0241249321,448856.04435115756
2021-02-17,422302.4590404747,445006.7826858133
2021-02-18,418732.98549540027,439776.60895687045
2021-02-19,427662.29711611255,450057.3579345316
2021-02-22,429501.3406170128,455721.96151500643
2021-02-23,426399.7483165978,452869.7587295145
2021-02-24,431542.30771334155,461054.32042461337
2021-02-25,416068.99839861377,453370.1815696329
2021-02-26,416008.1660164116,447144.7705474466
2021-03-01,428377.7486980675,456902.26547008456
2021-03-02,420717.2964275597,451434.44389873446
2021-03-03,417892.2935264824,452826.6203399271
2021-03-04,410544.0628059624,444890.50290447177
2021-03-05,418781.2086857079,458835.02439815464
2021-03-08,430598.0933979271,474665.2408135599
2021-03-09,431258.3582527397,473043.1357434458
2021-03-10,438291.05601809005,481986.6843178934
2021-03-11,440016.9515602348,489953.30981380405
2021-03-12,447142.0843002556,493032.72930461826
2021-03-15,449800.42680666427,494488.1952202982
2021-03-16,439731.13833315356,490969.61654468474
2021-03-17,442219.1952465294,495881.3112907022
2021-03-18,438453.2445991753,490238.30376239715
2021-03-19,442599.0832069634,489418.6829928964
2021-03-22,430314.91624147876,478256.8302840799
2021-03-23,413648.3265789269,462883.83795352874
2021-03-24,410983.8257950066,459044.74427410064
2021-03-25,421368.0604809044,471551.60738750396
2021-03-26,430567.002459359,483922.5671901315
2021-03-29,412206.0796478508,468339.547677955
2021-03-30,420729.0120285271,478231.50237422885
2021-03-31,418938.23254091723,474733.1002250284
2021-04-01,421324.0584495781,479071.83242565097
2021-04-05,433133.0565498589,480836.1065078348
2021-04-06,431909.9769790886,481975.10470920504
2021-04-07,432816.0304497002,483649.8961310953
2021-04-08,436677.1110580681,486269.9126926035
2021-04-09,445490.00553209765,492720.3930087656
2021-04-12,449027.2080200432,495320.63978725375
2021-04-13,442208.2161110161,489065.7030177683
2021-04-14,441212.6399620293,494574.6817393869
2021-04-15,441187.1911171196,497239.0917564005
2021-04-16,446306.635605645,499537.09987407626
2021-04-19,437933.81903917773,495312.6285167307
2021-04-20,423134.07169039233,483912.6186462015
2021-04-21,434328.3401764153,491850.3258491129
2021-04-22,432368.2260330437,492590.3741374582
2021-04-23,440104.2504661797,499680.88532024325
2021-04-26,438211.32656939013,498404.34744220675
2021-04-27,447664.5527847527,499472.3897147745
2021-04-28,450925.8561866997,499088.2911830515
2021-04-29,447569.1297920464,498987.5597339243
2021-04-30,443368.5205162285,493967.4803977579
2021-05-03,452007.84117586596,502100.1432796091
2021-05-04,446825.80019838794,500322.09444194735
2021-05-05,449519.06718904956,504834.15902477206
2021-05-06,449431.40146334155,510843.8109317392
2021-05-07,453957.38860781176,510428.4343200296
2021-05-10,448785.9478882073,502732.2589774698
2021-05-11,443375.7087143181,497206.72297626437
2021-05-12,431310.0281761406,486339.73025089205
2021-05-13,434823.06787569507,490806.0522666544
2021-05-14,443763.5913704155,501041.4835544199
2021-05-17,444569.8465317009,505079.42222934664
2021-05-18,438153.3253525017,497993.54046398104
2021-05-19,431870.1963203667,490463.5712581247
2021-05-20,430118.0390976189,485103.89271694125
2021-05-21,436040.2202118157,491087.5620608896
2021-05-24,439378.2053917168,492607.18710094393
2021-05-25,429338.7526443718,483567.2027164072
2021-05-26,438009.6674049614,492787.3358436197
2021-05-27,445338.1733024834,502518.07904392184
2021-05-28,444131.123345208,500156.4735770792
2021-06-01,454529.9693268059,511386.70470767916
2021-06-02,450697.0794380425,503151.6019778818
2021-06-03,449864.132241082,501963.2022548288
2021-06-04,448739.9987686394,497910.1990027994
2021-06-07,455257.2471245049,498158.1868339151
2021-06-08,460083.7634437798,502452.42843013705
2021-06-09,449530.70879061206,495869.2148395151
2021-06-10,439384.15250322805,485929.75866847934
2021-06-11,442100.94544527517,489095.22942310275
2021-06-14,437062.07562563405,482528.8347888559
2021-06-15,439812.76088640676,484692.68274074496
2021-06-16,440108.7901775597,483218.2091613382
2021-06-17,424960.72422716604,474647.5955730051
2021-06-18,415841.5213787316,467515.32748752536
2021-06-21,427354.7817337273,485633.10614925326
2021-06-22,428283.3408767937,487902.58517032565
2021-06-23,428718.1927368401,491863.8423343271
2021-06-24,431569.7166378258,497327.99462085665
2021-06-25,431200.7535450219,493812.17722278537
2021-06-28,421362.9991848229,479331.63804202975
2021-06-29,422230.00944742665,476002.4757037729
2021-06-30,425518.9544089745,480646.7741866678
2021-07-01,432890.607685418,491527.3654742807
2021-07-02,431596.08585772023,483755.2456889719
2021-07-06,425442.616499276,474246.7302337259
2021-07-07,423732.1141971062,471285.53912692965
2021-07-08,420601.14792665944,469618.7401939005
2021-07-09,427577.35939440236,477843.63183742465
2021-07-12,429802.3889678429,480424.300847587
2021-07-13,424036.87602648244,473261.1440253824
2021-07-14,420598.21755251393,458889.1107965082
2021-07-15,414079.98238214955,449861.202757892
2021-07-16,414151.94413599477,443353.89666658343
2021-07-19,413673.36229166493,438901.96693330706
2021-07-20,420182.1708053063,451387.72013383807
2021-07-21,427947.83716806874,458735.72977357806
2021-07-22,428194.37549433217,460079.35099702777
2021-07-23,439300.4153197716,467298.8796721071
2021-07-26,437050.0044730614,463010.5452719301
2021-07-27,432680.81566080556,455225.0515699953
2021-07-28,438375.63080820546,457720.6691961855
2021-07-29,440629.90302881703,462294.800036487
2021-07-30,444466.59581598744,462841.6567259401
2021-08-02,444555.4807456444,462725.9610548586
2021-08-03,456464.15662607655,468036.38365846575
2021-08-04,452953.286043496,466422.60546403826
2021-08-05,457136.04374155507,472778.5243864626
2021-08-06,456488.8460524987,470669.62778764666
2021-08-09,462441.7787803124,465110.7328901857
2021-08-10,461676.60796961293,464050.4417677492
2021-08-11,455085.0745070885,466528.3283224672
2021-08-12,458274.2398093651,466252.0340147585
2021-08-13,457497.0208228539,466441.4287672609
2021-08-16,456977.5810798119,467330.4060965151
2021-08-17,453827.57820734486,458039.03351503314
2021-08-18,452777.10862574086,458677.14218431414
2021-08-19,457524.8274642418,454480.72552591265
2021-08-20,464741.1653663109,460245.8707724184
2021-08-23,471819.35922922596,470222.354144153
2021-08-24,472826.08888544544,468313.3144064516
2021-08-25,481435.84344782337,473868.02793794574
2021-08-26,480624.29325022205,471506.83232026995
2021-08-27,499911.85795511707,501993.5490751833
2021-08-30,500390.4758693169,504274.1152266115
2021-08-31,501299.4366218041,506297.2870710939
2021-09-01,504445.0513068627,512587.12043367326
2021-09-02,505491.2421029137,516985.3842276186
2021-09-03,509137.07681971055,520257.66907152114
2021-09-07,508094.00916986924,520470.17280229507
2021-09-08,503941.2458603905,520628.36868699966
2021-09-09,506682.120833062,522206.2143329042
2021-09-10,502100.8573461998,519705.3542941469
2021-09-13,497246.200161599,512664.07128175674
2021-09-14,499649.0159811028,514028.5513859438
2021-09-15,503905.3950704583,512310.86643797625
2021-09-16,506111.2465662011,511866.06074721087
2021-09-17,501870.60396328056,507270.3532849001
2021-09-20,495855.4994367608,498081.14292723406
2021-09-21,495826.3750795373,498054.8547802614
2021-09-22,500910.34684505546,503494.90325361956
2021-09-23,506286.3629144677,507213.95531660784
2021-09-24,503561.61082973564,507208.6155262636
2021-09-27,498123.5038503655,508451.15586096514
2021-09-28,485665.9175390252,496418.45107657183
2021-09-29,484559.5452894219,498361.11948973406
2021-09-30,474063.25017681206,495533.3418617891
2021-10-01,480979.98198642815,503083.4400463747
2021-10-04,470317.29764690483,499060.70618445147
2021-10-05,477442.6098913201,500531.1195069002
2021-10-06,481554.7143644341,504331.89606100786
2021-10-07,490973.8702024468,515499.93216139544
2021-10-08,487124.12967815483,515289.9303398775
2021-10-11,483645.60354747856,512905.93066412676
2021-10-12,489084.900266076,516455.1496773409
2021-10-13,492778.2098058709,517966.69743353594
2021-10-14,497747.10775127495,522159.9735603975
2021-10-15,494572.2363389977,522599.81356627215
2021-10-18,501269.66859188164,526990.9599705385
2021-10-19,500562.17137661064,525560.4955349611
2021-10-20,503390.85542240227,528003.7229481386
2021-10-21,507846.1997198113,528012.6279049562
2021-10-22,510778.340764428,529112.1389065431
2021-10-25,515237.94938793266,533042.3954029726
2021-10-26,509162.638383294,527937.0697003054
2021-10-27,502079.6241086968,527548.3094120668
2021-10-28,509507.50495281303,536134.9378948854
2021-10-29,513038.5463117608,537911.3604489015
2021-11-01,520216.7758192071,545757.0827580141
2021-11-02,518852.55489101494,543887.5899029421
2021-11-03,522907.5280202874,544416.2744694399
2021-11-04,529692.7355970391,547977.157884662
2021-11-05,550212.9258626946,562962.2922878908
2021-11-08,552993.4534124383,566117.474367206
2021-11-09,551428.2459768304,565971.1668110536
2021-11-10,542586.9711507806,562284.6272068666
2021-11-11,551491.9913991936,567446.6283856081
2021-11-12,553997.2074293145,569394.8702526735
2021-11-15,555966.0702337273,569661.4510861086
2021-11-16,561461.218385125,570095.8825512575
2021-11-17,558293.3779348382,564158.652391498
2021-11-18,559197.0962360771,565945.9920376467
2021-11-19,561277.5005443962,564522.6955670046
2021-11-22,546476.7272404106,562370.585997455
2021-11-23,552556.900484887,562523.0831669497
2021-11-24,558903.6360195549,563717.4204319643
2021-11-26,547807.0524738701,548543.2570065188
2021-11-29,551874.7452953728,553048.1465099978
2021-11-30,543236.9076189813,542760.693605945
2021-12-01,533601.2837023553,536219.8319077943
2021-12-02,538841.6762575922,539776.2028184389
2021-12-03,532771.9448771295,534181.9229836916
2021-12-06,533628.0191073236,532276.8686395143
2021-12-07,553593.3230051813,551277.7108254884
2021-12-08,556134.9684061822,551115.8201852296
2021-12-09,546533.6692747888,538589.9051785921
2021-12-10,547442.1828512964,542562.5342030977
2021-12-13,536212.8232302484,529267.864119098
2021-12-14,532764.7846129235,529162.008992679
2021-12-15,542928.4925558862,539061.5308699678
2021-12-16,529579.0674307641,522088.66572714556
2021-12-17,528452.5023100671,522602.56392431963
2021-12-20,524313.7853529748,520493.5975775789
2021-12-21,539904.2721503075,535224.6638655732
2021-12-22,546630.8567908105,541713.7702040742
2021-12-23,551592.8988173302,547133.5888915132
2021-12-27,572022.6773779687,566175.977502353
2021-12-28,565272.3692419823,559835.7166304658
2021-12-29,572787.0563910302,568040.8588271211
2021-12-30,567361.1552832421,563727.2736373018
2021-12-31,568936.728746682,566839.4360899995
2022-01-03,566729.9749434289,569943.5019545625
2022-01-04,558295.6306135949,563727.7242293428
2022-01-05,539203.8088858422,541534.2086196016
2022-01-06,543418.596628457,542830.9387221406
2022-01-07,525245.0657245415,525631.0000069459
2022-01-10,520417.229056527,519880.77338531817
2022-01-11,525332.7418643731,523820.34669807757
2022-01-12,530225.8222858208,525962.0278733096
2022-01-13,524387.5357810754,521766.8481190523
2022-01-14,535423.2405902642,527106.6326897463
2022-01-18,511940.3898193139,508064.3973973116
2022-01-19,502653.96013753593,498297.6367981752
2022-01-20,501700.50740926445,495199.3322708925
2022-01-21,492258.1426402825,486837.9399559816
2022-01-24,494286.86834066093,491662.7353680452
2022-01-25,499255.71096151054,496559.13472107257
2022-01-26,496904.4056140679,493898.0208103975
2022-01-27,495420.2254253167,491198.6669331392
2022-01-28,499447.3856044549,495004.17246826494
2022-01-31,500890.1530643243,496125.71778686845
2022-02-01,505874.5263553399,501670.33526047075
2022-02-02,510726.60667379084,504309.4472504457
2022-02-03,510150.59176213923,503081.2849407991
2022-02-04,511096.4015594262,504314.45504387224
2022-02-07,514122.80525357905,507716.7042542299
2022-02-08,510646.05656011286,505452.92962272966
2022-02-09,513803.4315963525,505511.3195884737
2022-02-10,509312.24540097895,502744.14460449544
2022-02-11,515426.8718543786,507365.4916942629
2022-02-14,505799.4130111474,497009.1746967348
2022-02-15,508196.2738605279,501535.7666900667
2022-02-16,507500.5400977868,502205.5058219942
2022-02-17,506195.41463514033,496370.10922607745
2022-02-18,504136.09474225703,494013.34429535235
2022-02-22,499686.2548470086,489259.0287111696
2022-02-23,504242.80872388545,492343.80059799517
2022-02-24,504538.20266573416,492291.1074522432
2022-02-25,521464.544357705,506651.0557802614
2022-02-28,522678.2216385888,507576.8190501436
2022-03-01,525308.1715745019,503980.58864624344
2022-03-02,537660.0297687005,510672.8722155794
2022-03-03,542213.0472800683,512731.3257220491
2022-03-04,548067.4619510125,516851.6442263826
2022-03-07,547878.2974498223,517090.46585495316
2022-03-08,545177.511711831,513837.07037002884
2022-03-09,545794.9775098657,514633.44684379897
2022-03-10,553907.226975808,519660.708234485
2022-03-11,554647.5239728783,521263.68116348586
2022-03-14,548910.3935483788,519516.70146149
2022-03-15,550577.3697675561,520154.43240707717
2022-03-16,548833.7328084802,520139.18468826613
2022-03-17,555778.58286036,525991.1520573457
2022-03-18,557053.9333433007,527041.7742344697
2022-03-21,562024.311288247,531415.1904637178
2022-03-22,559949.5236829614,530159.9003445467
2022-03-23,561455.4685262536,530658.2666546663
2022-03-24,566726.6004041528,535146.9393688997
2022-03-25,576276.2233785485,543088.3243557771
2022-03-28,568929.9215864037,535755.3571488222
2022-03-29,567574.1650098657,532996.6333176454
2022-03-30,571736.0356662988,537233.1766230043
2022-03-31,569414.694975686,531693.0936724122
2022-04-01,577478.9201801538,534705.6935097154
2022-04-04,572931.0137546777,531885.505630153
2022-04-05,568030.1559055566,525495.9102007325
2022-04-06,574261.2754848718,531584.7559811051
2022-04-07,582121.2383373498,540224.4273058351
2022-04-08,591615.7698887109,552890.2217899736
2022-04-11,579016.0318668603,538472.0389486726
2022-04-12,584671.9362285852,543459.5853020127
2022-04-13,592114.2270725488,548874.9257856782
2022-04-14,598583.2978389978,554925.4212213929
2022-04-18,596870.5874698877,554587.3756720002
2022-04-19,595907.6984127283,553318.2411037858
2022-04-20,598331.2172725915,557568.4475227769
2022-04-21,583258.5740192651,543590.3543211396
2022-04-22,570992.8518093347,529958.7211595948
2022-04-25,564957.6772754907,522473.0263086732
2022-04-26,561592.1987865686,519335.9710194047
2022-04-27,562202.2949360132,520329.6247631486
2022-04-28,563997.7230671167,521719.7934376176
2022-04-29,559200.339873147,518012.96120037395
2022-05-02,557711.4567554712,516637.8759914811
2022-05-03,559236.2749317407,518059.74620022136
2022-05-04,564175.1935871362,522094.4052807267
2022-05-05,560063.2110431909,518755.7105976518
2022-05-06,560745.9770496606,519396.91640819865
2022-05-09,555851.2548511743,514857.55547680217
2022-05-10,556364.9085987329,515336.07024731
2022-05-11,557166.3700245142,515573.3712727006
2022-05-12,555168.5791341332,514514.9726826127
2022-05-13,555606.0879842308,514749.12063183147
2022-05-16,555983.0375997094,515126.07024731
2022-05-17,556542.689394143,515685.7220417436
2022-05-18,555229.1383687523,514372.17101635295
2022-05-19,555069.5395223168,514212.5721699174
2022-05-20,555461.1874715355,514604.22011913615
2022-05-23,555962.0395223168,515105.0721699174
2022-05-24,556084.8877278832,515227.9203754838
2022-05-25,556576.2901631859,515719.32281078654
2022-05-26,556884.9904195336,516028.0230671342
2022-05-27,556731.6881124047,515874.7207600053
2022-05-31,556122.6892659692,515265.7219135697
2022-06-01,555442.2881124048,514585.32076000527
2022-06-02,555061.1375997094,514204.17024730996
2022-06-03,555062.1886251001,514205.2212727006
2022-06-06,555062.1886251001,514205.2212727006
2022-06-07,555062.1886251001,514205.2212727006
2022-06-08,555062.1886251001,514205.2212727006
2022-06-09,555062.1886251001,514205.2212727006
2022-06-10,555062.1886251001,514205.2212727006
2022-06-13,555062.1886251001,514205.2212727006
2022-06-14,555062.1886251001,514205.2212727006
2022-06-15,555062.1886251001,514205.2212727006
2022-06-16,555062.1886251001,514205.2212727006
2022-06-17,555062.1886251001,514205.2212727006
2022-06-21,555062.1886251001,514205.2212727006
2022-06-22,555062.1886251001,514205.2212727006
2022-06-23,555062.1886251001,514205.2212727006
2022-06-24,555062.1886251001,514205.2212727006
2022-06-27,555062.1886251001,514205.2212727006
2022-06-28,555062.1886251001,514205.2212727006
2022-06-29,555062.1886251001,514205.2212727006
2022-06-30,555062.1886251001,514205.2212727006
2022-07-01,555062.1886251001,514205.2212727006
2022-07-05,555062.1886251001,514205.2212727006
2022-07-06,555062.1886251001,514205.2212727006
2022-07-07,555062.1886251001,514205.2212727006
2022-07-08,555062.1886251001,514205.2212727006
2022-07-11,555062.1886251001,514205.2212727006
2022-07-12,555062.1886251001,514205.2212727006
2022-07-13,555062.1886251001,514205.2212727006
2022-07-14,555062.1886251001,514205.2212727006
2022-07-15,555062.1886251001,514205.2212727006
2022-07-18,555062.1886251001,514205.2212727006
2022-07-19,555062.1886251001,514205.2212727006
2022-07-20,555062.1886251001,514205.2212727006
2022-07-21,555062.1886251001,514205.2212727006
2022-07-22,555062.1886251001,514205.2212727006
2022-07-25,555062.1886251001,514205.2212727006
2022-07-26,555062.1886251001,514205.2212727006
2022-07-27,555062.1886251001,514205.2212727006
2022-07-28,555062.1886251001,514205.2212727006
2022-07-29,555062.1886251001,514205.2212727006
2022-08-01,555062.1886251001,514205.2212727006
2022-08-02,555062.1886251001,514205.2212727006
2022-08-03,555062.1886251001,514205.2212727006
2022-08-04,555062.1886251001,514205.2212727006
2022-08-05,555062.1886251001,514205.2212727006
2022-08-08,555062.1886251001,514205.2212727006
2022-08-09,555062.1886251001,514205.2212727006
2022-08-10,555062.1886251001,514205.2212727006
2022-08-11,555062.1886251001,514205.2212727006
2022-08-12,555062.1886251001,514205.2212727006
2022-08-15,555062.1886251001,514205.2212727006
2022-08-16,555062.1886251001,514205.2212727006
2022-08-17,555062.1886251001,514205.2212727006
2022-08-18,555062.1886251001,514205.2212727006
2022-08-19,555062.1886251001,514205.2212727006
2022-08-22,555062.1886251001,514205.2212727006
2022-08-23,555062.1886251001,514205.2212727006
2022-08-24,555062.1886251001,514205.2212727006
2022-08-25,555062.1886251001,514205.2212727006
2022-08-26,555062.1886251001,514205.2212727006
2022-08-29,555062.1886251001,514205.2212727006
2022-08-30,555062.1886251001,514205.2212727006
2022-08-31,555062.1886251001,514205.2212727006
2022-09-01,555062.1886251001,514205.2212727006
2022-09-02,555062.1886251001,514205.2212727006
2022-09-06,555062.1886251001,514205.2212727006
2022-09-07,555062.1886251001,514205.2212727006
2022-09-08,555062.1886251001,514205.2212727006
2022-09-09,555062.1886251001,514205.2212727006
2022-09-12,555062.1886251001,514205.2212727006
2022-09-13,555062.1886251001,514205.2212727006
2022-09-14,555062.1886251001,514205.2212727006
2022-09-15,555062.1886251001,514205.2212727006
2022-09-16,555062.1886251001,514205.2212727006
2022-09-19,555062.1886251001,514205.2212727006
2022-09-20,555062.1886251001,514205.2212727006
2022-09-21,555062.1886251001,514205.2212727006
2022-09-22,555062.1886251001,514205.2212727006
2022-09-23,555062.1886251001,514205.2212727006
2022-09-26,555062.1886251001,514205.2212727006
2022-09-27,555062.1886251001,514205.2212727006
2022-09-28,555062.1886251001,514205.2212727006
2022-09-29,555062.1886251001,514205.2212727006
2022-09-30,555062.1886251001,514205.2212727006
2022-10-03,555062.1886251001,514205.2212727006
2022-10-04,555062.1886251001,514205.2212727006
2022-10-05,555062.1886251001,514205.2212727006
2022-10-06,555062.1886251001,514205.2212727006
2022-10-07,555062.1886251001,514205.2212727006
2022-10-10,555062.1886251001,514205.2212727006
2022-10-11,555062.1886251001,514205.2212727006
2022-10-12,555062.1886251001,514205.2212727006
2022-10-13,555062.1886251001,514205.2212727006
2022-10-14,555062.1886251001,514205.2212727006
2022-10-17,555062.1886251001,514205.2212727006
2022-10-18,555062.1886251001,514205.2212727006
2022-10-19,555062.1886251001,514205.2212727006
2022-10-20,555062.1886251001,514205.2212727006
2022-10-21,555062.1886251001,514205.2212727006
2022-10-24,555062.1886251001,514205.2212727006
2022-10-25,555062.1886251001,514205.2212727006
2022-10-26,555062.1886251001,514205.2212727006
2022-10-27,555062.1886251001,514205.2212727006
2022-10-28,555062.1886251001,514205.2212727006
2022-10-31,555062.1886251001,514205.2212727006
2022-11-01,555062.1886251001,514205.2212727006
2022-11-02,555062.1886251001,514205.2212727006
2022-11-03,555062.1886251001,514205.2212727006
2022-11-04,555062.1886251001,514205.2212727006
2022-11-07,555062.1886251001,514205.2212727006
2022-11-08,555062.1886251001,514205.2212727006
2022-11-09,555062.1886251001,514205.2212727006
2022-11-10,555062.1886251001,514205.2212727006
2022-11-11,555062.1886251001,514205.2212727006
2022-11-14,555062.1886251001,514205.2212727006
2022-11-15,555062.1886251001,514205.2212727006
2022-11-16,555062.1886251001,514205.2212727006
2022-11-17,555062.1886251001,514205.2212727006
2022-11-18,555062.1886251001,514205.2212727006
2022-11-21,555062.1886251001,514205.2212727006
2022-11-22,555062.1886251001,514205.2212727006
2022-11-23,555062.1886251001,514205.2212727006
2022-11-25,555062.1886251001,514205.2212727006
2022-11-28,555062.1886251001,514205.2212727006
2022-11-29,555062.1886251001,514205.2212727006
2022-11-30,555062.1886251001,514205.2212727006
2022-12-01,555062.1886251001,514205.2212727006
2022-12-02,558571.9410512475,517456.3835194047
2022-12-05,543389.6906068353,503388.68051838235
2022-12-06,540311.9024426965,500536.8992474015
2022-12-07,537457.6005189447,497892.8530304368
2022-12-08,543159.3613717584,503176.9519646104
2022-12-09,536711.7496221093,497202.6177532609
2022-12-12,545757.4247357873,505583.8050739701
2022-12-13,548130.8550698785,507783.49538730935
2022-12-14,543416.1843727807,503413.20918285684
2022-12-15,527353.4231060724,488532.1098653062
2022-12-16,521593.4745606164,483195.4312096818
2022-12-19,518835.5243986825,480640.51846992807
2022-12-20,525030.5872410516,486379.2355519517
2022-12-21,531378.7111386041,492261.6498929246
2022-12-22,526291.4836720208,487547.89224445657
2022-12-23,527729.7452343683,488880.99369251565
2022-12-27,527516.3263729791,488683.16474735574
2022-12-28,526825.423109887,488043.08172428445
2022-12-29,527302.4746159295,488485.0431195481
2022-12-30,526825.423109887,488043.08172428445
2023-01-03,524670.4708508233,486046.63963138894
2023-01-04,524127.6241139154,485543.72265446023
2023-01-05,524423.7246159295,485818.0431195481
2023-01-06,524423.7246159295,485818.0431195481
2023-01-09,524423.7246159295,485818.0431195481
2023-01-10,524423.7246159295,485818.0431195481
2023-01-11,524423.7246159295,485818.0431195481
2023-01-12,524423.7246159295,485818.0431195481
2023-01-13,524423.7246159295,485818.0431195481
2023-01-17,524423.7246159295,485818.0431195481
2023-01-18,523991.32700240414,485818.0431195481
2023-01-19,521602.2951000909,485144.8542538865
2023-01-20,520770.928591607,485136.5956403001
2023-01-23,520987.1752384881,485157.2437497361
2023-01-24,523564.5680264215,485958.4647580369
2023-01-25,528876.9298719148,488887.30383884744
2023-01-26,533920.0078629236,492344.7257672532
2023-01-27,531765.9136565904,486753.7046643479
2023-01-30,528158.7375959138,485606.03162967996
2023-01-31,538172.5312942247,492178.96887790994
2023-02-01,537411.3500961046,495373.64535343484
2023-02-02,530979.4116095285,494663.58505832986
2023-02-03,533030.0359877328,497626.8174306138
2023-02-06,533446.6371582727,495638.9320927842
2023-02-07,538517.9629057626,499521.33994495706
2023-02-08,538568.3776921014,496384.6572819932
2023-02-09,531709.128147004,490678.3260528977
2023-02-10,539756.0622395257,494477.6379272874
2023-02-13,545494.392223237,499509.9148514207
2023-02-14,544455.9495762567,499810.0106995042
2023-02-15,546114.1158608178,502574.00557636574
2023-02-16,542662.1239560823,500389.7744705613
2023-02-17,535795.4474657754,491872.07090877846
2023-02-21,534625.4424399118,488826.7656147416
2023-02-22,531989.2435373048,486697.0323917802
2023-02-23,531896.0186861734,498626.81522487954
2023-02-24,532875.7782267312,496506.4942982133
2023-02-27,534673.9272402505,497298.2854473527
2023-02-28,534959.6361259011,497792.7555153306
2023-03-01,539758.2726176766,500435.1334736283
2023-03-02,544333.0407231835,504817.2871315415
2023-03-03,550276.9026769189,510476.3106300767
2023-03-06,548403.8886836556,510401.5542195824
2023-03-07,546175.8022807626,513126.9072503594
2023-03-08,546415.5421727685,514978.6428517846
2023-03-09,531397.6592134027,507779.1019143609
2023-03-10,514763.59169040003,497607.68119902886
2023-03-13,504158.8744400529,490080.30555243767
2023-03-14,511437.3211515931,500899.6222257165
2023-03-15,502435.53945145884,495634.2949285058
2023-03-16,503801.3256147889,502118.104546502
2023-03-17,501510.25776658335,498558.6636113671
2023-03-20,505314.6701677827,502611.4606046227
2023-03-21,509166.4010437516,509766.7828492669
2023-03-22,499064.34423146525,498432.7162713555
2023-03-23,498113.8265541581,496968.4015969781
2023-03-24,499594.6060589341,496772.633389428
2023-03-27,504166.25185570994,498338.7176503686
2023-03-28,503045.5453375367,498619.26231284416
2023-03-29,504604.9045313386,505170.2640828637
2023-03-30,505206.18024716654,506927.9553079156
2023-03-31,515899.7561205415,515001.6297101525
2023-04-03,517536.0659769563,517818.00816626824
2023-04-04,506818.3886049775,510891.0854672936
2023-04-05,501057.2441328553,504186.0706052331
2023-04-06,491864.7093599824,499777.6545285729
2023-04-10,498587.2708529023,503854.92150016106
2023-04-11,499595.1951426057,506119.4308957604
2023-04-12,502115.81063447276,505168.36248297966
2023-04-13,502137.8101194886,505788.7059163598
2023-04-14,502403.55866227427,504715.5769528893
2023-04-17,503730.71044907847,505428.4033269433
2023-04-18,510909.99122796336,510488.5482320336
2023-04-19,502471.00753197947,505662.864394143
2023-04-20,502810.3740118531,507764.37716956413
2023-04-21,502797.88199029246,509569.44803138054
2023-04-24,499740.6105268983,509104.3198804406
2023-04-25,491998.1279123811,501357.2862195519
2023-04-26,486847.75301347056,497846.8169164208
2023-04-27,489248.0945108918,500446.03730674065
2023-04-28,490908.59044442454,503465.4853543786
2023-05-01,488280.34587655345,502147.0380467919
2023-05-02,489028.9886864213,504339.9267339257
2023-05-03,485572.9185894517,503799.1343564538
2023-05-04,495743.97117409983,513431.7845944909
2023-05-05,502613.3499849824,515429.1770467309
2023-05-08,507411.7644594697,517569.9701451806
2023-05-09,509268.7952040223,518647.8986959008
2023-05-10,510750.9549339799,519084.4145040063
2023-05-11,510615.7076548127,516734.67403693474
2023-05-12,505434.0699823884,516309.20235724724
2023-05-15,505459.91699395457,515375.70527549065
2023-05-16,501530.38708195963,510261.10242286
2023-05-17,504715.6694248704,515773.41374411853
2023-05-18,512943.3203504075,524311.3865338829
2023-05-19,510906.43835997477,520909.690275338
2023-05-22,507223.9527556886,518608.9334317711
2023-05-23,494339.0283763398,505801.3009511498
2023-05-24,493355.7054536332,503215.7153798607
2023-05-25,497263.2430207719,509984.8862077263
2023-05-26,499819.5440347184,511761.8720437554
2023-05-30,497928.9561564912,511916.516157296
2023-05-31,495737.9637858857,510001.35851302417
2023-06-01,500945.8225257386,516471.0110646752
2023-06-02,510583.98867392435,526813.3279410866
2023-06-05,509301.22228026285,527114.6628181008
2023-06-06,519295.5731351365,536819.551518586
2023-06-07,518219.30802416697,536081.4713384178
2023-06-08,523138.22059035196,540344.1082831887
2023-06-09,525809.182616948,538681.5348006752
2023-06-12,531559.467231511,545691.0702935723
2023-06-13,533184.3549239625,549294.5882083443
2023-06-14,529074.8676431169,546487.5771047142
2023-06-15,534917.1096560945,549822.8915721443
2023-06-16,535478.45302081,544652.0658246544
2023-06-20,532639.5389125337,541015.3482448128
2023-06-21,538311.4983031739,548359.5065356758
2023-06-22,536896.7168881883,549411.0675374535
2023-06-23,535039.1141040315,546305.0317536858
2023-06-26,536568.2120406617,547287.2743989495
2023-06-27,542585.9919326295,556594.8856774834
2023-06-28,546504.2498595704,560389.1159841088
2023-06-29,546320.0725219239,561501.942140725
2023-06-30,550386.1475913514,564542.8816224602
2023-07-03,537088.649410962,550990.7444688347
2023-07-05,535415.9721095552,550231.308534768
2023-07-06,519834.1067016114,535057.0957929161
2023-07-07,521708.05700373545,535970.8535596398
2023-07-10,530526.9489965959,543658.298002647
2023-07-11,533753.6224012895,547210.3952965008
2023-07-12,541505.6390524431,555714.3821815716
2023-07-13,547898.3916845842,559619.8889965282
2023-07-14,548748.7027311845,562595.4331497417
2023-07-17,557577.231455855,569462.0897926555
2023-07-18,562286.2568884416,574588.5106815563
2023-07-19,559363.9028425737,574362.1093506084
2023-07-20,548442.5211287065,563604.190241264
2023-07-21,549532.5975466295,563240.3909363018
2023-07-24,549710.1379347368,562345.9823250042
2023-07-25,555766.0463057085,566014.5906509624
2023-07-26,555200.1988401933,567128.4569858776
2023-07-27,561322.0460043474,568230.4888385998
2023-07-28,567725.4128275438,576864.963886665
2023-07-31,571046.5903177782,578819.8592704998
2023-08-01,568394.8842478319,572221.2868789898
2023-08-02,560203.8558168932,565655.8570480571
2023-08-03,555936.8965464159,561542.7711925731
2023-08-04,556116.3594790025,576695.4669742809
2023-08-07,562968.7755251451,583956.8564110027
2023-08-08,558117.6202784105,579894.6881847606
2023-08-09,550548.668999724,572680.1613235698
2023-08-10,546714.9232950731,570491.035930656
2023-08-11,543360.4345217271,568705.8546982036
2023-08-14,547352.5446367784,569736.1133079753
2023-08-15,544002.9230089708,569561.7996139751
2023-08-16,538418.7031527086,565987.2175503002
2023-08-17,526818.2690516039,551841.5691452251
2023-08-18,528165.8645792528,554463.8165111766
2023-08-21,528420.7922449632,553032.8212757335
2023-08-22,528725.4903498216,554122.070173286
2023-08-23,533941.7460184618,559968.460584663
2023-08-24,523290.6328669115,551650.138904594
2023-08-25,522343.10051064927,551700.1118850933
2023-08-28,529788.9495707079,556816.0313797222
2023-08-29,539984.4579706712,566676.1649379955
2023-08-30,537650.4413996263,569312.1707916484
2023-08-31,541810.8422785326,570674.9528961406
2023-09-01,546111.9896173998,576862.5235615001
2023-09-05,535978.4969034715,559916.8512573467
2023-09-06,537178.7892542406,563411.5555172191
2023-09-07,537391.801560454,564061.0995636211
2023-09-08,537263.5742121263,561907.6204681621
2023-09-11,539953.8316736742,566761.6302318798
2023-09-12,537497.2545786424,561961.8201408611
2023-09-13,532843.7924356981,556072.1973514782
2023-09-14,538510.5578986497,560359.6240139232
2023-09-15,533358.4696112962,550645.4429378734
2023-09-18,532085.5666724534,547516.1053600536
2023-09-19,531380.758650908,547073.5097866283
2023-09-20,529237.5017844529,545846.0965481029
2023-09-21,523591.379651198,535996.9291515575
2023-09-22,523035.76128114184,536740.1484203563
2023-09-25,524598.2928172441,539887.8694820629
2023-09-26,517042.8810798021,530249.1287517772
2023-09-27,523361.02770722826,535964.8973293529
2023-09-28,525926.9152518602,540001.6524334179
2023-09-29,521320.785819182,536282.889616035
2023-10-02,516371.94664491137,533064.1812343822
2023-10-03,510034.93139565905,524817.7412014232
2023-10-04,513099.1021243425,531876.4638576732
2023-10-05,514980.86890710314,533759.4692878948
2023-10-06,523664.3420916887,539531.3628177868
2023-10-09,530886.4792968126,547513.5440826641
2023-10-10,534717.1359626146,551840.2572460399
2023-10-11,535627.8496619554,556726.0153579937
2023-10-12,534699.1496764512,552142.045494102
2023-10-13,534610.3450728746,546438.5638942943
2023-10-16,540969.019532332,555824.7306366191
2023-10-17,543848.6501056047,559363.813072227
2023-10-18,540372.0842448564,551715.5106735454
2023-10-19,534007.4650813432,539749.8181629406
2023-10-20,527409.7895404191,533671.2991581188
2023-10-23,525624.5669814439,532781.4778022991
2023-10-24,533226.9374839158,539422.8102779613
2023-10-25,527943.9881888719,534345.4803085552
2023-10-26,523373.21834100207,530694.4406910167
2023-10-27,519851.2081500383,528938.6491394268
2023-10-30,524651.9395190568,533066.1210651622
2023-10-31,523315.9672824236,531381.7174568401
2023-11-01,529620.8444072099,536227.9177055584
2023-11-02,515277.68120683153,521216.3138771282
2023-11-03,521532.05627358874,527639.6098785625
2023-11-06,526553.3409034105,533147.9031601177
2023-11-07,522432.34923089464,529099.7001495586
2023-11-08,517050.5287009569,523843.24632456165
2023-11-09,514824.2015181871,521334.1460304485
2023-11-10,519174.3082496019,525107.9357586132
2023-11-13,523653.4750281664,530321.2145576702
2023-11-14,538165.2774726243,540368.8861789928
2023-11-15,534250.8556701036,538068.8095665203
2023-11-16,529449.8524092699,530524.0917735515
2023-11-17,537107.232787993,538538.004777473
2023-11-20,540190.6888503099,541883.0696166453
2023-11-21,537915.2787016893,540014.2311633525
2023-11-22,540859.1969679857,541830.3982509074
2023-11-24,543747.2322386766,546408.7828906474
2023-11-27,546085.9745711351,548271.2498763499
2023-11-28,541919.8338965441,546310.6689990459
2023-11-29,534217.6794966722,540780.2950988231
2023-11-30,538417.3700179125,547489.6903109966
2023-12-01,546440.5404738451,556146.1533141552
2023-12-04,550778.4652442003,559262.3069339214
2023-12-05,544549.9823054338,553683.884389442
2023-12-06,536650.221151259,544172.8900561748
2023-12-07,543407.1816004778,549745.0417743145
2023-12-08,549932.8014700915,558029.1626243053
2023-12-11,555694.1857169176,562251.9782866894
2023-12-12,563188.9461043383,566983.6393851696
2023-12-13,562894.3820422197,567052.7901648937
2023-12-14,562434.8413718248,566978.1956481396
2023-12-15,560517.1019995714,565561.563423103
2023-12-18,562292.5448172594,568239.0289916454
2023-12-19,573678.733600905,580121.5254172741
2023-12-20,565338.8733408953,568586.2759437023
2023-12-21,573916.4069617296,578333.6349410473
2023-12-22,573968.9302790667,578280.9522284924
2023-12-26,574973.4474852587,581234.1229628979
2023-12-27,576412.6232779528,582518.5468406139
2023-12-28,575120.4079382921,579929.1141623913
2023-12-29,570748.733173659,575516.9911841808
2024-01-02,563211.5799525286,570163.6742934643
2024-01-03,549680.4477961565,557562.9717826305
2024-01-04,555917.6710703875,559419.4477385937
2024-01-05,549108.6782801653,554067.1631192623
2024-01-08,567043.1664031054,570218.3699263989
2024-01-09,561636.0899241472,566528.4089726864
2024-01-10,560772.6642420794,565048.0855874477
2024-01-11,554335.5177538897,562390.5512313305
2024-01-12,549744.0304835344,555107.9357451855
2024-01-16,546451.9595549608,554501.7801913677
2024-01-17,545793.533840468,552806.7313460766
2024-01-18,549364.8682234789,555706.5111998974
2024-01-19,555798.6825907732,562784.0416392742
2024-01-22,563682.6677382494,572763.0984801708
2024-01-23,561594.2028697039,567477.1419448315
2024-01-24,559198.5685732866,565160.6158999859
2024-01-25,562471.5986941362,570118.0573977886
2024-01-26,564528.9760153795,575081.2268485485
2024-01-29,569412.0146849657,578819.6701716839
2024-01-30,572074.5036547686,577947.6091517864
2024-01-31,555539.4200594927,563260.2061309277
2024-02-01,565367.2101004625,572348.1281375347
2024-02-02,567347.0743849779,570334.109756416
2024-02-05,561412.4509184862,563928.7088321911
2024-02-06,558866.4245894457,561357.1320480572
2024-02-07,570275.0912859942,561685.8829635845
2024-02-08,572951.0600779558,572029.2326244579
2024-02-09,581746.0292952562,578853.1129078136
2024-02-12,582253.9447882677,586191.2189163433
2024-02-13,573856.9354403521,575795.0576977001
2024-02-14,582853.1226084734,592431.3295673595
2024-02-15,584285.6746848131,601257.2347378002
2024-02-16,584841.4685462023,602915.1783909069
2024-02-20,574233.6458075548,593697.0770954357
2024-02-21,569690.1395628954,592203.8052658306
2024-02-22,589607.5026118304,602711.7293186412
2024-02-23,596955.8909079577,602103.3408394085
2024-02-26,603419.2629153277,606094.2943573223
2024-02-27,609265.023218825,609340.4759598003
2024-02-28,614443.2527743364,608729.7939319835
2024-02-29,622471.5885684801,610072.8911228405
2024-03-01,651170.5355022264,616422.7345493541
2024-03-04,653153.5634677721,621108.0334766612
2024-03-05,647403.1960780931,619132.8388553996
2024-03-06,650865.9008624865,621442.2394901653
2024-03-07,652308.8965404344,621291.3160358806
2024-03-08,641784.9658420397,613158.2582737346
2024-03-11,629558.0970218492,601226.6204267879
2024-03-12,637821.6945407701,610336.2905260463
2024-03-13,639142.8615215136,616264.1256061931
2024-03-14,638731.7800052477,610774.0839468379
2024-03-15,641297.9280116869,605774.1525570293
2024-03-18,644236.7514926745,609800.5321874996
2024-03-19,642622.539250548,617113.4673490901
2024-03-20,650419.2203952624,628567.5161142726
2024-03-21,658016.8989192797,636842.2242575069
2024-03-22,656732.0181781603,632923.9051781078
2024-03-25,651979.6060191942,627695.7122393032
2024-03-26,655040.6240741564,632354.0149822612
2024-03-27,654774.779824431,637525.3343944927
2024-03-28,654320.6769420458,635560.8138990779
2024-04-01,658396.5970203234,636182.3622131725
2024-04-02,656808.6377479387,619841.0653334041
2024-04-03,667539.7784702135,622452.4845114131
2024-04-04,654499.1389571978,608862.2475386043
2024-04-05,663615.1103927447,617342.0545435329
2024-04-08,658853.8514015032,614550.6397295375
2024-04-09,651003.416285689,608061.8166799922
2024-04-10,650227.9384548021,605591.3184357067
2024-04-11,654017.9376289202,608744.3709726711
2024-04-12,639782.1387416674,593754.3662519832
2024-04-15,634355.8862983538,591803.7911272426
2024-04-16,639615.5080615832,592488.6553020854
2024-04-17,631651.2535507036,584521.8796997447
2024-04-18,629260.8182555987,587478.7998772045
2024-04-19,620845.3765365435,585433.4425878902
2024-04-22,626159.7067088914,591162.1582222362
2024-04-23,640753.4459094835,604225.3514023204
2024-04-24,641235.1565284563,606103.6521721263
2024-04-25,649636.744674666,612916.4009580989
2024-04-26,655626.0676746202,617932.5382385631
2024-04-29,657367.2122726274,617118.244131126
2024-04-30,654603.3247012926,609074.7155714412
2024-05-01,651414.3101558519,613978.8081112285
2024-05-02,657943.0086459947,618990.8165874858
2024-05-03,666294.822931273,626280.5170069118
2024-05-06,679213.8643665147,636147.7217045208
2024-05-07,678534.6577167345,639595.7860680004
2024-05-08,684195.7889575792,636752.3174486537
2024-05-09,686897.4933566881,645148.3401136776
2024-05-10,685368.8767566514,649741.9170704265
2024-05-13,674809.2749690843,648450.012130775
2024-05-14,685528.5513706041,651861.7493210216
2024-05-15,700672.5471782518,653554.9284248729
2024-05-16,689250.4334941697,645510.1346702953
2024-05-17,689705.3265453172,649753.0293388744
2024-05-20,694834.4618106675,658974.0721645732
2024-05-21,698860.8476596666,662650.8375358959
2024-05-22,693088.5034480882,656677.7763862987
2024-05-23,695899.2702518296,657471.8232345958
2024-05-24,709842.2385288072,666569.3276348491
2024-05-28,702970.0615115953,664078.3156605144
2024-05-29,697711.2885506883,656411.9704018016
2024-05-30,697011.725035979,659189.0077610393
2024-05-31,679343.7158005969,655032.5604248424
2024-06-03,669122.1367715136,653467.597269096
2024-06-04,665905.3512814776,638275.5763073345
2024-06-05,676868.3056920306,650153.4261684795
2024-06-06,662871.2964642779,642105.7348629375
2024-06-07,660277.250704848,637850.5264183421
2024-06-10,666809.0536442248,639411.9030698772
2024-06-11,663577.3532143084,637346.0928758617
2024-06-12,673057.5363712755,648134.9720834728
2024-06-13,673246.7172394244,647380.1069540019
2024-06-14,666805.5497360674,640296.1474241252
2024-06-17,670322.3764572588,642236.9055608745
2024-06-18,673527.1483040301,650255.9609540935
2024-06-20,665201.9129009692,641968.1623720165
2024-06-21,664156.7098103014,643847.285607719
2024-06-24,664907.0036526171,644737.0920194621
2024-06-25,668396.21436505,647413.3338750835
2024-06-26,665349.3512268511,641339.434958839
2024-06-27,666927.4632835833,641586.1800741191
2024-06-28,669203.5442772356,642376.6331895824
2024-07-01,674424.0218449084,645329.4281305309
2024-07-02,671557.5792980639,644595.3959363933
2024-07-03,675379.4967556444,644932.3749937053
2024-07-05,670516.1905575243,648892.0055250163
2024-07-08,676357.2083530871,657573.102807426
2024-07-09,675804.6696491686,656559.8974927898
2024-07-10,666814.76240544,658761.4652208324
2024-07-11,672014.5552902666,663287.2115453716
2024-07-12,673713.026826903,664937.0521558757
2024-07-15,684920.857326552,677825.4596799846
2024-07-16,699539.0669861285,693238.8436922069
2024-07-17,674854.2709694353,671593.1042531963
2024-07-18,669181.0682507006,660634.9669813152
2024-07-19,671237.4692230669,662430.0805334087
2024-07-22,685976.9213810412,672606.1673387523
2024-07-23,695374.8893005815,682244.9629205699
2024-07-24,673994.5975773302,677879.3074182506
2024-07-25,662528.4355871645,670304.4116205211
2024-07-26,669271.0390194003,668361.070180244
2024-07-29,668794.1523683611,662487.0655663677
2024-07-30,669045.6032264773,660574.1730931469
2024-07-31,678214.8203037325,663592.5383942791
2024-08-01,667794.2758243624,660470.2599785991
2024-08-02,650018.9823759142,642972.3030045696
2024-08-05,628407.387932593,625527.0747292705
2024-08-06,639290.5110891405,633036.2061589428
2024-08-07,630492.6706150118,626434.3067467876
2024-08-08,647612.7894228045,642362.095401115
2024-08-09,648048.3923585955,646200.7775357433
2024-08-12,643357.8276365343,648651.2566502758
2024-08-13,647886.380790526,653545.8166859814
2024-08-14,646733.4336126391,654291.8517430492
2024-08-15,657896.5125330035,664203.6608994671
2024-08-16,663784.5914819781,665741.2952531048
2024-08-19,671886.6149862353,669702.238351173
2024-08-20,662506.7682054583,665078.953944511
2024-08-21,670401.1296175066,672592.1254590221
2024-08-22,668162.8690469805,673801.3514531322
2024-08-23,683821.0164144579,684981.0637810894
2024-08-26,684626.5641920153,685530.7414944835
2024-08-27,684648.2764455859,687609.6910622783
2024-08-28,681125.765733916,685913.7954686352
2024-08-29,681484.2192651812,686647.2260258861
2024-08-30,686540.6482593218,692145.9674002453
2024-09-03,667657.2237913195,679219.7307307048
2024-09-04,666953.5836870257,677827.3821322246
2024-09-05,661250.1405717913,672768.035977058
2024-09-06,654161.924812514,672617.334641151
2024-09-09,656999.1750604693,682504.4747473522
2024-09-10,656679.2135812823,678693.4249178692
2024-09-11,659591.3129198138,677986.1544005199
2024-09-12,671557.4864008013,687667.5266234202
2024-09-13,676548.9072534625,694420.6469308657
2024-09-16,681280.3022597949,699068.2620580669
2024-09-17,679966.3671516101,699432.101567554
2024-09-18,678380.5224231402,696854.171247768
2024-09-19,681900.2692855517,704520.2588999744
2024-09-20,685831.615564696,703246.0655158039
2024-09-23,684110.3365157763,704421.39787178
2024-09-24,690035.7378314654,709958.8009627338
2024-09-25,684224.6886409442,708060.0348031993
2024-09-26,680391.3489726703,705782.5849555011
2024-09-27,681840.504898421,701176.8371932979
2024-09-30,688035.7610475604,707504.5985830683
2024-10-01,684070.2496049944,702159.4769180674
2024-10-02,683514.3444212023,700846.8129018206
2024-10-03,681831.2136591021,700223.8271773715
2024-10-04,686878.9417303149,707251.2992051501
2024-10-07,685850.4691865984,702613.0433758158
2024-10-08,688322.1486852709,706405.502465095
2024-10-09,691499.2563245837,711674.1852105517
2024-10-10,691167.427200133,709829.6507213969
2024-10-11,703108.3584821764,721591.5137871165
2024-10-14,706027.4389646593,725688.1930669207
2024-10-15,708737.997430617,728259.2868407626
2024-10-16,714391.0075815264,732067.2729953189
2024-10-17,714248.6043851916,733257.3628800769
2024-10-18,718114.9807680193,733816.8581746478
2024-10-21,722730.1628358904,727192.4387830157
2024-10-22,716951.6536195818,726270.5304711718
2024-10-23,713890.6360662524,725601.755683269
2024-10-24,705957.1067941729,723847.5426686663
2024-10-25,701773.79751187,722101.4207747836
2024-10-28,704736.7465150896,727132.7227862735
2024-10-29,705609.3230264727,730070.1731847186
2024-10-30,705523.1573713366,727981.314733829
2024-10-31,690886.612954909,722511.6046908755
2024-11-01,697861.6600683276,728968.4900058169
2024-11-04,701002.2828977648,731404.8267203708
2024-11-05,719599.0200021807,758349.8275138278
2024-11-06,751264.7111452166,796177.4854146381
2024-11-07,751242.8578756396,793313.0425282855
2024-11-08,764909.6412904803,800854.3087026019
2024-11-11,772108.281509215,804372.8460141559
2024-11-12,764479.7077138964,792784.0826856036
2024-11-13,745038.6883867327,782211.0421582599
2024-11-14,732020.5933836047,775327.3454610248
2024-11-15,720784.2469971911,768626.9010754962
2024-11-18,728859.4914029376,773670.1229077716
2024-11-19,745042.6782601611,787981.0379271503
2024-11-20,733951.598043456,782421.3632691817
2024-11-21,740059.2716159963,794228.4951508956
2024-11-22,753875.187345519,802675.1693299727
2024-11-25,759917.8455677174,806598.3091157393
2024-11-26,757747.5634517812,812276.5878938155
2024-11-27,759511.4393558644,807494.855288835
2024-11-29,760651.4084568166,810270.07939467
2024-12-02,763388.7640018605,807306.4500611739
2024-12-03,762434.8051395558,806153.4998849349
2024-12-04,761692.6412944936,809628.3073914961
2024-12-05,757462.6444988393,802587.7718575911
2024-12-06,756971.8157940053,798452.4335244612
2024-12-09,740898.3950519704,775362.6754716353
2024-12-10,737911.1610736989,775430.705642839
2024-12-11,742301.4571552419,784095.9503404098
2024-12-12,738310.8397731923,781989.4944001632
2024-12-13,731508.5009250783,779765.6608392196
2024-12-16,731334.7838955068,784785.8535767989
2024-12-17,722807.4241314076,770312.1168900924
2024-12-18,701966.41811563,736739.852630754
2024-12-19,701898.0233364247,742612.8645669417
2024-12-20,710785.3861675404,749549.9054719405
2024-12-23,706245.8227825307,742108.1534367995
2024-12-24,721274.8998050832,752089.688945909
2024-12-26,725560.3304557942,755842.4892445998
2024-12-27,713429.7881183766,741266.4511434035
2024-12-30,705060.6860237264,732172.7012177901
2024-12-31,694758.2814884328,722456.3845559554
2025-01-02,691442.1375503682,722648.8262311416
2025-01-03,701627.0330429219,737783.9679795699
2025-01-06,699629.5464630269,735351.2766267257
2025-01-07,682393.6814785146,725552.4910623031
2025-01-08,682989.3713417195,722013.5248929458
2025-01-10,663620.4777288579,712705.7869636016
2025-01-13,659101.602819457,713385.694799562
2025-01-14,662450.2303829335,715135.3635331588
2025-01-15,671701.9989776753,725812.7328378158
2025-01-16,672700.5431137227,726182.4847299056
2025-01-17,673784.6711773823,722919.6416329818
2025-01-21,685470.1939053487,738939.5474194961
2025-01-22,685396.2175545644,742609.167210527
2025-01-23,691152.5095295857,752849.7732877212
2025-01-24,690913.38132524,754810.8190831619
2025-01-27,669777.4377846669,750994.1340302902
2025-01-28,681504.3395237874,761090.230421968
2025-01-29,679784.3279461812,761739.6250504928
2025-01-30,684030.6035618733,773187.1748361068
2025-01-31,672592.6992268513,760435.0100774246
2025-02-03,667922.2943615864,754691.6305150467
2025-02-04,670596.1388211201,771225.5470857101
2025-02-05,682885.6603016804,777117.9692868667
2025-02-06,684736.5965275716,782074.708773561
2025-02-07,679880.7476563405,776714.8473443466
2025-02-10,674610.53681993,773665.960431047
2025-02-11,668928.1297860097,766505.7203053909
2025-02-12,666387.9290585469,770665.1234330612
2025-02-13,672371.1527428578,780544.9115514236
2025-02-14,687523.6107945393,794844.8636693435
2025-02-18,689630.9806809376,798096.6142110305
2025-02-19,685167.6641545247,801402.3450898605
2025-02-20,674925.2362332295,794669.01873488
2025-02-21,645778.9520268391,761182.4986199813
2025-02-24,651097.4018273305,770007.3290204483
2025-02-25,639143.9167504262,760580.6153192001
2025-02-26,628682.9775395344,762573.5579480606
2025-02-27,623450.1424832295,756318.1531590896
2025-02-28,631322.2720341634,765389.172282167
2025-03-03,619334.1472248982,745815.8156651931
2025-03-04,603297.0367703389,734508.5283574539
2025-03-05,606392.3378741597,750685.4833783584
2025-03-06,588413.5647075032,733106.1734380203
2025-03-07,586258.3722293233,736312.7716245132
2025-03-10,574100.3144938801,714755.1027554946
2025-03-11,567341.7390620564,709546.3452481704
2025-03-12,565688.6745745991,708631.228583284
2025-03-13,561888.3801295613,706674.4791440445
2025-03-14,566460.6237895344,720160.4342984634
2025-03-17,569151.8975398396,721974.6200665908
2025-03-18,567422.6932246541,720035.2224225479
2025-03-19,568431.7341410969,722767.8075208145
2025-03-20,568537.7209803914,722213.7586545425
2025-03-21,567225.35885118,719211.9808682876
2025-03-24,569977.076616988,724154.6740903335
2025-03-25,568703.7515208577,724217.2123593765
2025-03-26,569692.2430751179,720527.8837460952
2025-03-27,568797.8223674153,719160.4145154434
2025-03-28,564534.2436244343,714132.8875836807
2025-03-31,562263.4822108601,707094.2016057449
2025-04-01,557953.0729281758,704235.2515592056
2025-04-02,558174.6552188252,705370.6745816665
2025-04-03,554992.1660716389,694784.8185750442
2025-04-04,549661.5565097188,679805.0263959365
2025-04-07,548033.0039279317,673616.0423642593
2025-04-08,547796.1249606465,673314.7636777358
2025-04-09,549115.8828952168,674993.3210507827
2025-04-10,548371.4052188252,674046.444006105
2025-04-11,548824.0183169697,674622.1079465346
2025-04-14,550249.52625154,676435.1653195815
2025-04-15,550135.3144442891,676289.9030209975
2025-04-16,550638.6854770039,676930.1243344741
2025-04-17,550638.6854770039,676930.1243344741
2025-04-21,550638.6854770039,676930.1243344741
2025-04-22,550638.6854770039,676930.1243344741
2025-04-23,550638.6854770039,676930.1243344741
2025-04-24,550638.6854770039,676930.1243344741
2025-04-25,550638.6854770039,676930.1243344741
2025-04-28,550638.6854770039,676930.1243344741
2025-04-29,550638.6854770039,676930.1243344741
2025-04-30,550638.6854770039,676930.1243344741
2025-05-01,550638.6854770039,676930.1243344741
2025-05-02,550638.6854770039,676930.1243344741
2025-05-05,550638.6854770039,676930.1243344741
2025-05-06,550638.6854770039,676930.1243344741
2025-05-07,550638.6854770039,676930.1243344741
2025-05-08,550638.6854770039,676930.1243344741
2025-05-09,550638.6854770039,676930.1243344741
2025-05-12,550638.6854770039,676930.1243344741
2025-05-13,550638.6854770039,676930.1243344741
2025-05-14,549851.8234509418,675962.8529901748
2025-05-15,552171.5166787098,678813.7724447494
2025-05-16,559019.2574032734,687238.9633989577
2025-05-19,562683.297037978,691743.7329607253
2025-05-20,562465.8250092457,691473.1804571395
2025-05-21,559356.4995221088,687649.7725954299
2025-05-22,556115.329661269,683662.2784052138
2025-05-23,562367.5836285541,691348.8443231826
2025-05-27,570867.1970890949,701800.5996141677
2025-05-28,564943.1750210712,694514.8715906386
2025-05-29,562462.2188195179,691464.2284002547
2025-05-30,569589.8672644948,700229.762123857
2025-06-02,575322.853037505,707279.0213699202
2025-06-03,570581.5861059711,701446.934030519
2025-06-04,566084.6271597431,695917.4597720961
2025-06-05,564945.7960592792,694516.3850688796
2025-06-06,566971.9538275287,697007.3656787734
2025-06-09,564146.3545157001,689339.2911281447
2025-06-10,557018.7187353657,678726.6138782363
2025-06-11,568557.6845747516,691237.8498668532
2025-06-12,578860.7924467609,706438.8491954665
2025-06-13,577084.4584166096,704700.0539684157
2025-06-16,584825.1231123493,713630.2520007949
2025-06-17,580352.4931875751,710773.0366611342
2025-06-18,579080.8696829365,708878.4793033461
2025-06-20,583687.325371413,717267.7256488662
2025-06-23,587603.6238972615,719340.7768758254
2025-06-24,596835.576423354,730005.380509706
2025-06-25,590760.9228131245,720147.9185956435
2025-06-26,602958.6783177326,734245.3144696669
2025-06-27,603939.640876479,742995.6622312026
2025-06-30,625127.6962187337,765894.6668582777
2025-07-01,604360.1331617879,740326.6728549819
2025-07-02,613128.1698858785,750773.3252788405
2025-07-03,623799.8255827473,761614.3094631056
2025-07-07,627972.0206930684,765188.3246188979
2025-07-08,610213.8863813924,741532.1884418349
2025-07-09,611948.306181197,741808.3343234877
2025-07-10,611361.6311705159,740037.581950746
2025-07-11,608245.138036971,736288.9646564345
2025-07-14,618549.3526899861,747206.840884767
2025-07-15,615888.6463339375,743880.5788417677
2025-07-16,627080.2425444173,756600.2614627699
2025-07-17,632099.2106497334,758685.7640605788
2025-07-18,637280.9957525777,766750.4737468581
2025-07-21,631634.1721022176,757648.3630023818
2025-07-22,622634.296037917,747584.9615856032
2025-07-23,632676.8039877461,758071.0663219313
2025-07-24,631090.7644255208,755923.0792346816
2025-07-25,633437.4491102742,759210.5569721083
2025-07-28,629167.6968367146,754229.5465656142
2025-07-29,622884.9290411519,747621.978927217
2025-07-30,630810.3357260274,755746.6214900832
2025-07-31,626135.5398237752,749662.7829166274
2025-08-01,618383.380184798,743294.0880771498
2025-08-04,627720.0624281452,755533.9338336806
2025-08-05,627570.053345351,752387.105338655
2025-08-06,629300.096817641,757160.0059581618
2025-08-07,631651.550850539,754798.5222240309
2025-08-08,635816.27620378,758678.181094728
2025-08-11,636877.0532652424,759770.9920307021
2025-08-12,648077.1081720112,774487.4632787185
2025-08-13,644600.2572580097,774647.5358266311
2025-08-14,639613.7102952717,769432.0794553238
2025-08-15,637315.8602400349,765066.6411929947
2025-08-18,635003.0256453083,765653.0055118423
2025-08-19,624016.1282339619,753396.3478771071
2025-08-20,623761.3382788227,751013.61976584
2025-08-21,624342.6143675373,751178.5687366347
2025-08-22,631725.4086447285,761600.1194606642
2025-08-25,635266.8552122639,765016.2007709364
2025-08-26,637068.508853011,768934.8066669325
2025-08-27,644788.3514128254,774260.4332156996
2025-08-28,652096.0923948811,783229.7514682631
2025-08-29,637597.0442076252,764606.9359317641
2025-09-02,633651.0991316364,761084.3558002333
2025-09-03,631742.7632551716,761003.7848316054
2025-09-04,637075.1472044514,766769.2917705397
2025-09-05,633654.1494284199,772189.5602374892
2025-09-08,638901.5905371235,779606.8602786879
2025-09-09,644526.6109114216,778890.7940517287
2025-09-10,646957.4667845295,792262.1912017683
2025-09-11,667418.8951159046,812314.1082130293
2025-09-12,661522.1728811787,804813.2972617964
2025-09-15,673866.9761171864,815499.2932830672
2025-09-16,672858.8075885915,814177.899604402
2025-09-17,674538.4298172139,814127.8467651228
2025-09-18,684607.5712528371,822700.8218093733
2025-09-19,684867.5269088887,821026.95529326
2025-09-22,691797.953977599,826656.9107139449
2025-09-23,691627.3923530721,830265.4821403365
2025-09-24,681083.7616214894,820816.370503221
2025-09-25,682205.2212791585,825147.9668357711
2025-09-26,688085.3649463796,836597.1574905257
2025-09-29,691146.5748615407,839767.0905235152
2025-09-30,695075.551909499,845953.4549956374
2025-10-01,704436.2073965595,848082.0912871413
2025-10-02,707597.1425428913,850640.4647078566
2025-10-03,704198.3492804096,852451.5802855544
2025-10-06,709040.1687841938,857653.1534743361
2025-10-07,703370.8003225849,844954.9517989211
2025-10-08,724069.7802267597,854442.9228529983
2025-10-09,711533.6379766987,832942.7552428298
2025-10-10,686132.533171706,814629.8880553298
2025-10-13,708947.7836981342,850379.1897902541
2025-10-14,703194.9831610249,854957.8607802443
2025-10-15,707336.5475836323,843395.5766463332
2025-10-16,711637.9960852192,835055.5736479812
2025-10-17,702572.0516729878,826209.8266310744
2025-10-20,707538.0463095234,833434.5442824416
2025-10-21,705333.6991644428,825943.0634627395
2025-10-22,691646.6086187885,809340.3545622878
2025-10-23,713984.5448141621,824268.4686064773
2025-10-24,736955.8256903217,835661.0492339187
2025-10-27,743275.8941374348,837037.0562148147
2025-10-28,746698.9387617634,835150.0300459914
2025-10-29,762500.4782095478,842315.2296309524
2025-10-30,754859.9319448994,836889.4022612624
2025-10-31,750658.2893362568,827954.2147994094
2025-11-03,755856.8733740376,826849.0623335891
2025-11-04,741599.4324865864,809488.6680922561
2025-11-05,741677.9082251118,815930.6203169875
2025-11-06,728186.3654585407,807038.8852477126
2025-11-07,722115.9669256733,802001.299066072
2025-11-10,735085.7718115376,813727.9551100783
2025-11-11,722557.2039938496,811255.3641829543
2025-11-12,722569.9508047627,804289.8938851409
2025-11-13,698661.519097762,780149.2124428801
2025-11-14,696909.3548903035,767198.3948149733
2025-11-17,693277.4587339924,756521.3976721816
2025-11-18,684745.0740294026,754224.9395499282
2025-11-19,689786.948785262,756740.8042655044
2025-11-20,660901.9097490071,732262.4661116652
2025-11-21,669990.7270936726,737434.1022067122
2025-11-24,695901.2058381794,755516.7981123977
2025-11-25,699686.271191573,770160.2771620803
2025-11-26,707558.5205638264,780276.9897551589
2025-11-28,715046.5023066853,785400.7659049087
2025-12-01,705973.9944293355,779811.1727767043
2025-12-02,704895.7529094075,775404.4865241103
2025-12-03,703266.9505832051,776976.2337241225
2025-12-04,707674.2602984761,780562.0254607253
2025-12-05,711146.7656161641,785517.1920027785
2025-12-08,717984.0422007893,785533.3095641189
2025-12-09,715829.081282935,784812.2424902968
2025-12-10,722540.0502980564,797215.9087081008
2025-12-11,729274.7542022084,813489.5925993972
2025-12-12,707265.0843880986,781920.1023573928
2025-12-15,709008.4016269062,779359.1815314345
2025-12-16,704704.4202054356,778181.7479224257
2025-12-17,692075.6140836094,780673.0900664382
2025-12-18,714132.8818934773,791023.1171546035
2025-12-19,735551.808805785,806499.9647307448
2025-12-22,739385.5576566075,817094.5480208449
2025-12-23,740400.5042584751,806415.6953826003
2025-12-24,742530.6505127095,809189.7285077529
2025-12-26,741794.8934888982,811709.6150701003
2025-12-29,733373.915453925,806839.1554486708
2025-12-30,731196.1317253255,801882.5611035781
2025-12-31,722778.6687040471,790261.2687261062
2026-01-02,739211.3473911427,812712.363082643
2026-01-05,741480.2300911092,834186.2157781081
2026-01-06,767938.9005193852,861096.6930005507
2026-01-07,760278.1449260854,845856.9493443923
2026-01-08,731233.6868047856,837583.8018910842
2026-01-09,754263.1647815846,847275.1056134658
2026-01-12,766891.1561718129,854364.1898496108
2026-01-13,775572.3985958241,856857.7617299514
2026-01-14,764908.058149352,863430.0452840285
2026-01-15,785474.0222721242,868940.6080472426
2026-01-16,782165.6191368245,869227.8929364638
2026-01-20,789049.3442344808,866995.5486905532
2026-01-21,813087.4274082326,883792.8016774611
2026-01-22,813595.2537307881,888851.4518201308
2026-01-23,801586.626432433,877984.4582936721
2026-01-26,806562.5939178609,888013.2453839736
2026-01-27,829580.1084079884,897376.9064061599
2026-01-28,866643.5604705953,920957.5572164016
2026-01-29,869180.8465156697,929397.8335301833
2026-01-30,845152.5853634023,909153.5209424453
2026-02-02,869660.5026760243,939565.279174562
2026-02-03,878649.3112812184,940851.1596791701
2026-02-04,858668.4065818929,921540.744395967
2026-02-05,859174.6941795491,911426.575343843
2026-02-06,890629.8821468495,943790.7016866164
2026-02-09,899268.538328185,946077.2978627639
2026-02-10,883001.4737301015,935872.5545155959
2026-02-11,889807.8307571553,940931.6515004592
2026-02-12,884668.1202945851,945142.9732778029
2026-02-13,881037.7925434255,939609.374461885
2026-02-17,886199.5737629079,929803.9365804152
2026-02-18,892182.4465351247,932949.8242299514
2026-02-19,890181.03718698,936155.2173494583
2026-02-20,903804.2303809498,945824.4557680374
2026-02-23,898683.850879607,937524.3231764846
2026-02-24,903339.2084998463,951234.5660658889
2026-02-25,927865.7683753346,958407.6462470107
2026-02-26,907028.0471228932,968715.9951735549
2026-02-27,913362.7433509205,966053.3793402724
2026-03-02,933772.6649360035,963933.6308966689
2026-03-03,895753.2516211842,939316.3263388686
2026-03-04,898472.6588630055,952084.3145133071
2026-03-05,866642.6108435963,908224.3620406203
2026-03-06,838520.2439307545,870058.4214259047
2026-03-09,860019.9881409595,879308.4323632522
2026-03-10,868678.0745362232,890770.7078759475
2026-03-11,866656.4657219837,895880.0570637984
2026-03-12,845497.0210961292,877568.2586457534
2026-03-13,850579.7618531177,878722.7087342544
2026-03-16,864562.7913407276,900663.1261765761
2026-03-17,869066.7745369861,908362.4543034835
2026-03-18,877402.9877098987,914152.277469377
2026-03-19,893413.4442795704,920486.6768300338
2026-03-20,852242.4335030506,873987.44322751
2026-03-23,864043.0549210499,883682.1642033858
2026-03-24,882700.5645951221,897797.2282864852
2026-03-25,881611.9637803028,901192.2695462508
2026-03-26,846442.1195420215,882437.3164746566
2026-03-27,851589.4413193653,880114.0129735274
2026-03-30,826157.8009842823,860812.3340470595
2026-03-31,840690.4774826954,872969.1966054244
2026-04-01,854241.3761033008,882841.1774480147
2026-04-02,867196.0945017383,889151.7706374069
2026-04-06,857680.1472361133,882881.3889998336
2026-04-07,864379.8363840625,891049.8959349532
2026-04-08,881765.7394602344,902746.333072557
2026-04-09,880347.3969309375,900523.3377875228
2026-04-10,882274.9121286914,900038.1314047714
2026-04-13,876415.6335642383,896675.2502402206
2026-04-14,872042.7334787891,893345.8506430526
2026-04-15,870379.1183664844,892626.6912802596
2026-04-16,881439.2546579883,898947.6942099471
2026-04-17,883989.7749826954,905588.7297934432
2026-04-20,883349.131855254,905554.1684531112
2026-04-21,877315.9722483204,905497.2882040878
2026-04-22,876342.1322901294,900402.8135718246
2026-04-23,872547.5208628223,902177.2783240218
2026-04-24,872523.908039336,900501.5230597396
2026-04-27,872691.0816118763,899519.9202994247
2026-04-28,851755.1742746875,884044.5953825851
2026-04-29,847888.7285502002,875123.6974028487
2026-04-30,871388.6354235217,909781.2317694564
2026-05-01,871070.1748522327,913309.5848044296
2026-05-04,864094.4627321765,897048.3925093551
2026-05-05,884232.9811953113,922985.3763464828
2026-05-06,899034.5633104846,945489.0050047775
2026-05-07,876130.7295282886,919688.1794241805
2026-05-08,893916.9087618396,935959.2580908675
2026-05-11,916489.2496775195,946387.5281485458
2026-05-12,895093.0015963123,928611.6593970199
2026-05-13,908949.6417101428,937810.0467413802
2026-05-14,916690.5147150562,950523.8336333175
2026-05-15,890579.0499857471,919360.9324511428
2026-05-18,845574.952772002,885241.2573756118
2026-05-19,839217.1864069507,877741.4617308517
2026-05-20,855018.5870188281,895237.4233435531
2026-05-21,891531.1858347461,914704.929361238
2026-05-22,895384.9178751514,918077.2803210159
2026-05-26,917393.3806360767,943720.90999402
2026-05-27,918489.1088312671,939233.8848475356
2026-05-28,904662.7070292041,917743.0405329604
2026-05-29,895702.4293387744,911171.4288071152
2026-06-01,887487.8094733569,898214.9122131821
2026-06-02,924565.6981910083,945183.6139706131
2026-06-03,946032.4872611377,957031.1520508286
2026-06-04,926654.3150657031,946772.7024029251
2026-06-05,862410.37692636,870826.2336319443
2026-06-08,877245.9968299244,894938.1531380173
2026-06-09,867400.5602759693,892727.3777817246
2026-06-10,853552.0720939015,886360.3500660416
2026-06-11,918666.2449759815,946092.2771252152
2026-06-12,946152.9917792652,963124.1139725205
2026-06-15,997404.8366455982,996601.8018675705
2026-06-16,966568.4941010425,971991.9399443527
2026-06-17,972604.1217255542,979527.0039587875
2026-06-18,1013675.2942185352,1022735.7417422195
2026-06-22,1021174.2127289722,1022394.2474738022
2026-06-23,978670.6258301685,982563.5641928574
2026-06-24,968527.4195221851,978756.4426680466
2026-06-25,995483.3307312916,1005594.7913657089
2026-06-26,960330.6194504688,968912.3543787857
2026-06-29,997843.6315964649,997299.2475481888
2026-06-30,1020090.37334146,1010346.4951449295
2026-07-01,972122.2599533985,972797.1566477676
2026-07-02,895028.6846131275,897902.2204085251
2026-07-06,913341.4524125049,911470.2222834488
2026-07-07,871664.6770399997,873597.6960602661
2026-07-08,873595.192204375,873721.962004747
2026-07-09,890270.0233382175,900598.3497010132
2026-07-10,895626.8315667103,903851.5777932068
2026-07-13,881558.4400004337,880458.4550991913
2026-07-14,889605.857839484,893992.9162274261
2026-07-15,881527.099025626,873882.4433880707
2026-07-16,879866.5950316379,855042.5690117737
2026-07-17,873349.9603308628,848320.9454651733
2026-07-20,865905.4245013187,844869.9762059113
2026-07-21,879763.5459937046,867041.6713753601
2026-07-22,870917.5834292362,870827.3987751862
2026-07-23,858841.8744515369,870423.6543818375
2026-07-24,855078.4138430546,864204.6024876495
2026-07-27,854908.1260670612,859427.631472673
2026-07-28,854804.6911610554,854605.9179478546
2026-07-29,844519.8483265827,841144.0546475311
2026-07-30,838512.98180284,838076.5933628937
2026-07-31,837798.7852629612,838111.2626381775
2026-08-03,834374.4822815845,841535.2101117035
2026-08-04,838428.1687001179,854509.6920071503
2026-08-05,836781.4156035373,854241.4261322876
2026-08-06,818219.4228867481,843095.6826687714
2026-08-07,818872.3953545521,844547.4974900146
2026-08-10,816933.6147921513,844207.779122438
2026-08-11,815748.3352845142,847421.1104164978
2026-08-12,828980.3236935566,841177.6150380035
2026-08-13,836156.2453616093,845238.9359770676
2026-08-14,834249.7358953618,847072.5473743149
2026-08-17,828629.085073676,846954.8862071701
2026-08-18,826743.9190055989,842430.6603456207
2026-08-19,811899.4956581257,833448.7443471618
2026-08-20,808039.1372062825,832104.0181317993
2026-08-21,815892.630961623,844861.9025064178
2026-08-24,814456.7935173176,848008.2892823883
2026-08-25,816524.6389114521,845902.338411264
2026-08-26,829416.7498619221,853686.7074679657
2026-08-27,839443.4468738697,856831.1172370239
