date,period,variant,equity
2007-01-03,dev,tbill,1.0
2007-01-04,dev,tbill,1.0001951422282698
2007-01-05,dev,tbill,1.0003907004516006
2007-01-08,dev,tbill,1.0005874306608775
2007-01-09,dev,tbill,1.0007841995578146
2007-01-10,dev,tbill,1.0009813851437965
2007-01-11,dev,tbill,1.001179365610487
2007-01-12,dev,tbill,1.001376629056461
2007-01-16,dev,tbill,1.001574687697007
2007-01-17,dev,tbill,1.0017731636956566
2007-01-18,dev,tbill,1.0019716790250945
2007-01-19,dev,tbill,1.0021709902549942
2007-01-22,dev,tbill,1.0023699627934257
2007-01-23,dev,tbill,1.0025693532495445
2007-01-24,dev,tbill,1.002768404879565
2007-01-25,dev,tbill,1.0029678745933954
2007-01-26,dev,tbill,1.0031670053464443
2007-01-29,dev,tbill,1.003366554349491
2007-01-30,dev,tbill,1.0035657642570193
2007-01-31,dev,tbill,1.0037646348152693
2007-02-01,dev,tbill,1.0039639237582931
2007-02-02,dev,tbill,1.0041636312835738
2007-02-05,dev,tbill,1.0043637575890925
2007-02-06,dev,tbill,1.004563544648929
2007-02-07,dev,tbill,1.0047637506557852
2007-02-08,dev,tbill,1.0049643758082203
2007-02-09,dev,tbill,1.005164661699327
2007-02-12,dev,tbill,1.0053661255885513
2007-02-13,dev,tbill,1.0055672504562176
2007-02-14,dev,tbill,1.0057680360466363
2007-02-15,dev,tbill,1.0059692413170391
2007-02-16,dev,tbill,1.0061704868388315
2007-02-20,dev,tbill,1.0063725319926264
2007-02-21,dev,tbill,1.0065742379737748
2007-02-22,dev,tbill,1.0067763642032537
2007-02-23,dev,tbill,1.0069781511239841
2007-02-26,dev,tbill,1.0071803584616803
2007-02-27,dev,tbill,1.0073807057970174
2007-02-28,dev,tbill,1.0075818534872372
2007-03-01,dev,tbill,1.0077826610325058
2007-03-02,dev,tbill,1.0079823672276873
2007-03-05,dev,tbill,1.0081813517528042
2007-03-06,dev,tbill,1.0083818982047512
2007-03-07,dev,tbill,1.0085817231471392
2007-03-08,dev,tbill,1.0087808259903506
2007-03-09,dev,tbill,1.0089799681382026
2007-03-12,dev,tbill,1.0091787685452729
2007-03-13,dev,tbill,1.0093776081222008
2007-03-14,dev,tbill,1.009575343049821
2007-03-15,dev,tbill,1.0097727352906647
2007-03-16,dev,tbill,1.0099697845922755
2007-03-19,dev,tbill,1.0101676355260074
2007-03-20,dev,tbill,1.0103655252183166
2007-03-21,dev,tbill,1.0105630719556324
2007-03-22,dev,tbill,1.0107610391130977
2007-03-23,dev,tbill,1.01095980868449
2007-03-26,dev,tbill,1.0111578535618369
2007-03-27,dev,tbill,1.0113567011681306
2007-03-28,dev,tbill,1.0115548237958714
2007-03-29,dev,tbill,1.0117526030649273
2007-03-30,dev,tbill,1.0119500387223472
2007-04-02,dev,tbill,1.012147512907801
2007-04-03,dev,tbill,1.0123454080594732
2007-04-04,dev,tbill,1.0125441068057062
2007-04-05,dev,tbill,1.0127416969189298
2007-04-09,dev,tbill,1.0129385601711163
2007-04-10,dev,tbill,1.013135844492999
2007-04-11,dev,tbill,1.0133335500792333
2007-04-12,dev,tbill,1.0135309113310695
2007-04-13,dev,tbill,1.0137279279958353
2007-04-16,dev,tbill,1.0139245998211712
2007-04-17,dev,tbill,1.0141213098025115
2007-04-18,dev,tbill,1.0143176746254257
2007-04-19,dev,tbill,1.014513694038134
2007-04-20,dev,tbill,1.0147097513320813
2007-04-23,dev,tbill,1.0149054628975576
2007-04-24,dev,tbill,1.0151012122107907
2007-04-25,dev,tbill,1.0152966154776237
2007-04-26,dev,tbill,1.0154916724471261
2007-04-27,dev,tbill,1.0156863828686833
2007-04-30,dev,tbill,1.0158795938771175
2007-05-01,dev,tbill,1.0160724572884932
2007-05-02,dev,tbill,1.0162657417387193
2007-05-03,dev,tbill,1.0164586784597613
2007-05-04,dev,tbill,1.0166516518095874
2007-05-07,dev,tbill,1.0168442771155095
2007-05-08,dev,tbill,1.0170373236707357
2007-05-09,dev,tbill,1.0172296371879093
2007-05-10,dev,tbill,1.017421602098561
2007-05-11,dev,tbill,1.0176136032355725
2007-05-14,dev,tbill,1.0178048702625118
2007-05-15,dev,tbill,1.0179954026048605
2007-05-16,dev,tbill,1.0181828860344473
2007-05-17,dev,tbill,1.0183727180738915
2007-05-18,dev,tbill,1.0185637422674612
2007-05-21,dev,tbill,1.018756344418023
2007-05-22,dev,tbill,1.018950910185196
2007-05-23,dev,tbill,1.0191447421949797
2007-05-24,dev,tbill,1.0193386110768523
2007-05-25,dev,tbill,1.0195313597488276
2007-05-29,dev,tbill,1.019724916443175
2007-05-30,dev,tbill,1.019916580305022
2007-05-31,dev,tbill,1.0201036445887197
2007-06-01,dev,tbill,1.0202930620695896
2007-06-04,dev,tbill,1.020483287534445
2007-06-05,dev,tbill,1.0206743212745875
2007-06-06,dev,tbill,1.020864231290101
2007-06-07,dev,tbill,1.0210541766408958
2007-06-08,dev,tbill,1.0212429970852552
2007-06-11,dev,tbill,1.0214303046488542
2007-06-12,dev,tbill,1.0216172594541097
2007-06-13,dev,tbill,1.021801924603317
2007-06-14,dev,tbill,1.021986235620655
2007-06-15,dev,tbill,1.022167089990117
2007-06-18,dev,tbill,1.022350691464719
2007-06-19,dev,tbill,1.0225351014677568
2007-06-20,dev,tbill,1.0227230335125044
2007-06-21,dev,tbill,1.0229094496131514
2007-06-22,dev,tbill,1.0230970628230693
2007-06-25,dev,tbill,1.023288198484139
2007-06-26,dev,tbill,1.0234793698532978
2007-06-27,dev,tbill,1.0236686387812641
2007-06-28,dev,tbill,1.0238583304867377
2007-06-29,dev,tbill,1.0240496083683295
2007-07-02,dev,tbill,1.0242459596889268
2007-07-03,dev,tbill,1.024442348657936
2007-07-05,dev,tbill,1.0246387752825754
2007-07-06,dev,tbill,1.024835239570065
2007-07-09,dev,tbill,1.0250325166015264
2007-07-10,dev,tbill,1.0252290563849953
2007-07-11,dev,tbill,1.0254256338530117
2007-07-12,dev,tbill,1.025623024533211
2007-07-13,dev,tbill,1.0258204532103934
2007-07-16,dev,tbill,1.0260183077461675
2007-07-17,dev,tbill,1.0262154245480084
2007-07-18,dev,tbill,1.0264125792195768
2007-07-19,dev,tbill,1.026610547961318
2007-07-20,dev,tbill,1.0268081667331448
2007-07-23,dev,tbill,1.027007764316309
2007-07-24,dev,tbill,1.0272074006985366
2007-07-25,dev,tbill,1.0274059110828586
2007-07-26,dev,tbill,1.0276017401374034
2007-07-27,dev,tbill,1.0277948844989655
2007-07-30,dev,tbill,1.0279923426135542
2007-07-31,dev,tbill,1.0281898386634425
2007-08-01,dev,tbill,1.0283846501132305
2007-08-02,dev,tbill,1.028579498474005
2007-08-03,dev,tbill,1.0287728266115401
2007-08-06,dev,tbill,1.0289673592172306
2007-08-07,dev,tbill,1.0291642643127237
2007-08-08,dev,tbill,1.0293615963176952
2007-08-09,dev,tbill,1.0295535125380864
2007-08-10,dev,tbill,1.0297360968261366
2007-08-13,dev,tbill,1.029925352344064
2007-08-14,dev,tbill,1.0301107380230252
2007-08-15,dev,tbill,1.0302793217047137
2007-08-16,dev,tbill,1.0304314194973205
2007-08-17,dev,tbill,1.0305823574894095
2007-08-20,dev,tbill,1.0307080110207196
2007-08-21,dev,tbill,1.03085228184885
2007-08-22,dev,tbill,1.0309997312325776
2007-08-23,dev,tbill,1.0311558759408688
2007-08-24,dev,tbill,1.0313258086632489
2007-08-27,dev,tbill,1.031511055225303
2007-08-28,dev,tbill,1.0316873255997432
2007-08-29,dev,tbill,1.031847120085271
2007-08-30,dev,tbill,1.0320014217022737
2007-08-31,dev,tbill,1.032162446397831
2007-09-04,dev,tbill,1.0323415739196726
2007-09-05,dev,tbill,1.03251641607388
2007-09-06,dev,tbill,1.0326885381797775
2007-09-07,dev,tbill,1.0328520337633698
2007-09-10,dev,tbill,1.033011220101277
2007-09-11,dev,tbill,1.0331763422943292
2007-09-12,dev,tbill,1.0333383387296615
2007-09-13,dev,tbill,1.0335023312517608
2007-09-14,dev,tbill,1.0336635901364366
2007-09-17,dev,tbill,1.0338303925220405
2007-09-18,dev,tbill,1.0339917025945977
2007-09-19,dev,tbill,1.034149880175097
2007-09-20,dev,tbill,1.034302549369446
2007-09-21,dev,tbill,1.0344532630856802
2007-09-24,dev,tbill,1.0346079544232831
2007-09-25,dev,tbill,1.0347606912420915
2007-09-26,dev,tbill,1.0349110758241178
2007-09-27,dev,tbill,1.0350606902478143
2007-09-28,dev,tbill,1.0352146811268463
2007-10-01,dev,tbill,1.0353726504507277
2007-10-02,dev,tbill,1.0355322252738457
2007-10-03,dev,tbill,1.0356918246911269
2007-10-04,dev,tbill,1.0358514487063621
2007-10-05,dev,tbill,1.0360126788422253
2007-10-08,dev,tbill,1.0361739340735372
2007-10-09,dev,tbill,1.036337586285092
2007-10-10,dev,tbill,1.0365012643437037
2007-10-11,dev,tbill,1.0366673395214105
2007-10-12,dev,tbill,1.0368366013893557
2007-10-15,dev,tbill,1.0370098382421087
2007-10-16,dev,tbill,1.0371811305070922
2007-10-17,dev,tbill,1.037342963400212
2007-10-18,dev,tbill,1.03749491379792
2007-10-19,dev,tbill,1.0376508529831594
2007-10-22,dev,tbill,1.0378123631960514
2007-10-23,dev,tbill,1.0379731063674913
2007-10-24,dev,tbill,1.0381287207622756
2007-10-25,dev,tbill,1.0382879276337518
2007-10-26,dev,tbill,1.0384479517683716
2007-10-29,dev,tbill,1.038609982325471
2007-10-30,dev,tbill,1.0387700560961524
2007-10-31,dev,tbill,1.0389293613224762
2007-11-01,dev,tbill,1.0390835305797101
2007-11-02,dev,tbill,1.0392297698753952
2007-11-05,dev,tbill,1.0393800086415466
2007-11-06,dev,tbill,1.0395322574264276
2007-11-07,dev,tbill,1.0396737787653099
2007-11-08,dev,tbill,1.039810931236014
2007-11-09,dev,tbill,1.0399437084323266
2007-11-12,dev,tbill,1.0400765025834369
2007-11-13,dev,tbill,1.0402184968609423
2007-11-14,dev,tbill,1.0403569190425295
2007-11-15,dev,tbill,1.0404909652405707
2007-11-16,dev,tbill,1.0406290243293759
2007-11-19,dev,tbill,1.0407671017367561
2007-11-20,dev,tbill,1.0408992010000933
2007-11-21,dev,tbill,1.041024910416145
2007-11-23,dev,tbill,1.0411562420194156
2007-11-26,dev,tbill,1.0412835854555607
2007-11-27,dev,tbill,1.041412146440623
2007-11-28,dev,tbill,1.0415363138140916
2007-11-29,dev,tbill,1.0416580885553575
2007-11-30,dev,tbill,1.041786295014793
2007-12-03,dev,tbill,1.0419109081978968
2007-12-04,dev,tbill,1.0420359374957797
2007-12-05,dev,tbill,1.0421609817971773
2007-12-06,dev,tbill,1.0422868435985195
2007-12-07,dev,tbill,1.0424139241967703
2007-12-10,dev,tbill,1.0425382110120114
2007-12-11,dev,tbill,1.0426580936980294
2007-12-12,dev,tbill,1.0427755775740875
2007-12-13,dev,tbill,1.042892672407103
2007-12-14,dev,tbill,1.0430101827148512
2007-12-17,dev,tbill,1.0431353439256645
2007-12-18,dev,tbill,1.0432593149973133
2007-12-19,dev,tbill,1.043378073785867
2007-12-20,dev,tbill,1.0434972484506666
2007-12-21,dev,tbill,1.0436196545532859
2007-12-24,dev,tbill,1.0437553238386976
2007-12-26,dev,tbill,1.043890609848892
2007-12-27,dev,tbill,1.0440198942908996
2007-12-28,dev,tbill,1.0441495963389877
2007-12-31,dev,tbill,1.0442865374747736
2008-01-02,dev,tbill,1.0444194848291017
2008-01-03,dev,tbill,1.044551646194028
2008-01-04,dev,tbill,1.0446822177849109
2008-01-07,dev,tbill,1.0448156170133172
2008-01-08,dev,tbill,1.0449482301340625
2008-01-09,dev,tbill,1.0450796549303512
2008-01-10,dev,tbill,1.0452118998335331
2008-01-11,dev,tbill,1.045338130094304
2008-01-14,dev,tbill,1.045468397973828
2008-01-15,dev,tbill,1.0455978778227633
2008-01-16,dev,tbill,1.0457261668704838
2008-01-17,dev,tbill,1.0458516539993667
2008-01-18,dev,tbill,1.0459686907430576
2008-01-22,dev,tbill,1.0460651074590812
2008-01-23,dev,tbill,1.0461558506285935
2008-01-24,dev,tbill,1.0462530958115097
2008-01-25,dev,tbill,1.0463475098277242
2008-01-28,dev,tbill,1.0464435557222078
2008-01-29,dev,tbill,1.046537174934754
2008-01-30,dev,tbill,1.0466279590547758
2008-01-31,dev,tbill,1.04670857906659
2008-02-01,dev,tbill,1.0467949050946925
2008-02-04,dev,tbill,1.0468881495493816
2008-02-05,dev,tbill,1.0469781510671488
2008-02-06,dev,tbill,1.047064499327877
2008-02-07,dev,tbill,1.0471537026627284
2008-02-08,dev,tbill,1.0472453533608286
2008-02-11,dev,tbill,1.0473402631656326
2008-02-12,dev,tbill,1.0474351815719272
2008-02-13,dev,tbill,1.047528889499465
2008-02-14,dev,tbill,1.0476238250005965
2008-02-15,dev,tbill,1.0477147033844172
2008-02-19,dev,tbill,1.0478084363191444
2008-02-20,dev,tbill,1.047900957767832
2008-02-21,dev,tbill,1.0479914532945183
2008-02-22,dev,tbill,1.0480819566362947
2008-02-25,dev,tbill,1.048172467793836
2008-02-26,dev,tbill,1.048260543916278
2008-02-27,dev,tbill,1.048342105626533
2008-02-28,dev,tbill,1.0484204086994044
2008-02-29,dev,tbill,1.0484966755569958
2008-03-03,dev,tbill,1.048566815328322
2008-03-04,dev,tbill,1.0486353227914582
2008-03-05,dev,tbill,1.048698509697658
2008-03-06,dev,tbill,1.0487559578143195
2008-03-07,dev,tbill,1.0488158712923557
2008-03-10,dev,tbill,1.048871683461676
2008-03-11,dev,tbill,1.0489328342500024
2008-03-12,dev,tbill,1.0489939886035111
2008-03-13,dev,tbill,1.049049810251248
2008-03-14,dev,tbill,1.0490986460006877
2008-03-17,dev,tbill,1.049144602719794
2008-03-18,dev,tbill,1.0491827304006802
2008-03-19,dev,tbill,1.0492080504428316
2008-03-20,dev,tbill,1.0492341986901792
2008-03-24,dev,tbill,1.0492855114513293
2008-03-25,dev,tbill,1.0493388827329837
2008-03-26,dev,tbill,1.0493922567293366
2008-03-27,dev,tbill,1.0494460445632485
2008-03-28,dev,tbill,1.0495010683429942
2008-03-31,dev,tbill,1.049558149622328
2008-04-01,dev,tbill,1.0496160556141954
2008-04-02,dev,tbill,1.049674375566945
2008-04-03,dev,tbill,1.0497322879712048
2008-04-04,dev,tbill,1.0497881489071432
2008-04-07,dev,tbill,1.0498481213523374
2008-04-08,dev,tbill,1.0499064541993857
2008-04-09,dev,tbill,1.049960679672823
2008-04-10,dev,tbill,1.050013262484314
2008-04-11,dev,tbill,1.0500625548961764
2008-04-14,dev,tbill,1.0501073172523205
2008-04-15,dev,tbill,1.0501529059842718
2008-04-16,dev,tbill,1.0501993210364002
2008-04-17,dev,tbill,1.0502502693150326
2008-04-18,dev,tbill,1.050306157815068
2008-04-21,dev,tbill,1.0503616380106204
2008-04-22,dev,tbill,1.0504142409024033
2008-04-23,dev,tbill,1.0504664347840396
2008-04-24,dev,tbill,1.05051863125913
2008-04-25,dev,tbill,1.0505741226781418
2008-04-28,dev,tbill,1.0506333180250533
2008-04-29,dev,tbill,1.0506937497155682
2008-04-30,dev,tbill,1.0507529518029501
2008-05-01,dev,tbill,1.05081297936554
2008-05-02,dev,tbill,1.050875065117262
2008-05-05,dev,tbill,1.0509383869820936
2008-05-06,dev,tbill,1.0510058184413613
2008-05-07,dev,tbill,1.0510748955175193
2008-05-08,dev,tbill,1.0511435668445206
2008-05-09,dev,tbill,1.051213473485647
2008-05-12,dev,tbill,1.0512866654335116
2008-05-13,dev,tbill,1.0513623214565924
2008-05-14,dev,tbill,1.0514375731651617
2008-05-15,dev,tbill,1.0515132400483431
2008-05-16,dev,tbill,1.05158932215475
2008-05-19,dev,tbill,1.0516645901109916
2008-05-20,dev,tbill,1.051741502721731
2008-05-21,dev,tbill,1.0518184209574095
2008-05-22,dev,tbill,1.051895344818439
2008-05-23,dev,tbill,1.0519722743052309
2008-05-27,dev,tbill,1.052050438807424
2008-05-28,dev,tbill,1.0521286091174602
2008-05-29,dev,tbill,1.0522071950129497
2008-05-30,dev,tbill,1.052285376970413
2008-06-02,dev,tbill,1.0523619249833331
2008-06-03,dev,tbill,1.0524384785647032
2008-06-04,dev,tbill,1.052514627616625
2008-06-05,dev,tbill,1.0525911923062772
2008-06-06,dev,tbill,1.0526677625655925
2008-06-09,dev,tbill,1.0527459787445221
2008-06-10,dev,tbill,1.0528295278406534
2008-06-11,dev,tbill,1.052910625549002
2008-06-12,dev,tbill,1.0529933684694257
2008-06-13,dev,tbill,1.0530757081787137
2008-06-16,dev,tbill,1.0531613311709604
2008-06-17,dev,tbill,1.053243684014234
2008-06-18,dev,tbill,1.0533235835911021
2008-06-19,dev,tbill,1.0534026689444653
2008-06-20,dev,tbill,1.053480119061889
2008-06-23,dev,tbill,1.053557574873736
2008-06-24,dev,tbill,1.0536333943231997
2008-06-25,dev,tbill,1.0537083979003694
2008-06-26,dev,tbill,1.0537805306956163
2008-06-27,dev,tbill,1.0538502014440776
2008-06-30,dev,tbill,1.0539289159292409
2008-07-01,dev,tbill,1.0540064047383177
2008-07-02,dev,tbill,1.0540818456982808
2008-07-03,dev,tbill,1.054158113655822
2008-07-07,dev,tbill,1.054235619316376
2008-07-08,dev,tbill,1.0543127199571871
2008-07-09,dev,tbill,1.0543881828417931
2008-07-10,dev,tbill,1.0544574822229462
2008-07-11,dev,tbill,1.054524727707258
2008-07-14,dev,tbill,1.0545878572860705
2008-07-15,dev,tbill,1.0546456280235086
2008-07-16,dev,tbill,1.0547025762540514
2008-07-17,dev,tbill,1.054762004221619
2008-07-18,dev,tbill,1.054823498424458
2008-07-21,dev,tbill,1.054884996212501
2008-07-22,dev,tbill,1.0549493842638502
2008-07-23,dev,tbill,1.055015424986452
2008-07-24,dev,tbill,1.05508394189773
2008-07-25,dev,tbill,1.0551565803890113
2008-07-28,dev,tbill,1.0552284007209751
2008-07-29,dev,tbill,1.0552998142728978
2008-07-30,dev,tbill,1.055370409143992
2008-07-31,dev,tbill,1.0554401850073403
2008-08-01,dev,tbill,1.0555091415378255
2008-08-04,dev,tbill,1.0555818093024745
2008-08-05,dev,tbill,1.055654482070021
2008-08-06,dev,tbill,1.0557226283265762
2008-08-07,dev,tbill,1.0557916033103205
2008-08-08,dev,tbill,1.0558622310799173
2008-08-11,dev,tbill,1.0559398620335796
2008-08-12,dev,tbill,1.0560170873127572
2008-08-13,dev,tbill,1.05609390678722
2008-08-14,dev,tbill,1.0561723775383127
2008-08-15,dev,tbill,1.0562492083092907
2008-08-18,dev,tbill,1.05632480979888
2008-08-19,dev,tbill,1.0563995931924541
2008-08-20,dev,tbill,1.0564706738400713
2008-08-21,dev,tbill,1.0565421714639691
2008-08-22,dev,tbill,1.0566128494432423
2008-08-25,dev,tbill,1.0566851810659907
2008-08-26,dev,tbill,1.0567562809296045
2008-08-27,dev,tbill,1.0568257359533706
2008-08-28,dev,tbill,1.056898082149505
2008-08-29,dev,tbill,1.056969608698653
2008-09-02,dev,tbill,1.0570411400884259
2008-09-03,dev,tbill,1.0571118514464843
2008-09-04,dev,tbill,1.0571821550102987
2008-09-05,dev,tbill,1.0572520506573087
2008-09-08,dev,tbill,1.0573231886631724
2008-09-09,dev,tbill,1.0573922682185348
2008-09-10,dev,tbill,1.057460939491496
2008-09-11,dev,tbill,1.0575279635297168
2008-09-12,dev,tbill,1.0575900325295928
2008-09-15,dev,tbill,1.0576326237592784
2008-09-16,dev,tbill,1.0576677315181802
2008-09-17,dev,tbill,1.0576689904583498
2008-09-18,dev,tbill,1.057678632746055
2008-09-19,dev,tbill,1.057719980881596
2008-09-22,dev,tbill,1.057773366751463
2008-09-23,dev,tbill,1.0578068137788113
2008-09-24,dev,tbill,1.057827332214904
2008-09-25,dev,tbill,1.0578591148018013
2008-09-26,dev,tbill,1.0578954788010688
2008-09-29,dev,tbill,1.0579347563973414
2008-09-30,dev,tbill,1.0579732035272087
2008-10-01,dev,tbill,1.0580087389182362
2008-10-02,dev,tbill,1.0580351064953717
2008-10-03,dev,tbill,1.0580564649089703
2008-10-06,dev,tbill,1.0580790767924868
2008-10-07,dev,tbill,1.0581133665111393
2008-10-08,dev,tbill,1.0581418225193646
2008-10-09,dev,tbill,1.0581669413898347
2008-10-10,dev,tbill,1.0581774260294068
2008-10-13,dev,tbill,1.0581879107728638
2008-10-14,dev,tbill,1.0582021637910697
2008-10-15,dev,tbill,1.0582113919569454
2008-10-16,dev,tbill,1.0582306643972916
2008-10-17,dev,tbill,1.058265375538808
2008-10-20,dev,tbill,1.0583171299693406
2008-10-21,dev,tbill,1.0583630751171982
2008-10-22,dev,tbill,1.058406944578877
2008-10-23,dev,tbill,1.0584479052642637
2008-10-24,dev,tbill,1.0584851222423801
2008-10-27,dev,tbill,1.0585202582996822
2008-10-28,dev,tbill,1.0585524785770104
2008-10-29,dev,tbill,1.0585784422434081
2008-10-30,dev,tbill,1.058595630075429
2008-10-31,dev,tbill,1.0586149095136268
2008-11-03,dev,tbill,1.058635443624473
2008-11-04,dev,tbill,1.0586555600597845
2008-11-05,dev,tbill,1.0586723307303687
2008-11-06,dev,tbill,1.0586857528098639
2008-11-07,dev,tbill,1.0586987562601082
2008-11-10,dev,tbill,1.058710922136172
2008-11-11,dev,tbill,1.0587230881520378
2008-11-12,dev,tbill,1.0587306436888493
2008-11-13,dev,tbill,1.0587398764633908
2008-11-14,dev,tbill,1.058746173783397
2008-11-17,dev,tbill,1.058751212421262
2008-11-18,dev,tbill,1.0587562510831061
2008-11-19,dev,tbill,1.058759191047908
2008-11-20,dev,tbill,1.0587604512872402
2008-11-21,dev,tbill,1.0587612914896285
2008-11-24,dev,tbill,1.0587667498203661
2008-11-25,dev,tbill,1.0587709491847224
2008-11-26,dev,tbill,1.0587730493978067
2008-11-28,dev,tbill,1.0587734695249196
2008-12-01,dev,tbill,1.0587764095375338
2008-12-02,dev,tbill,1.05877892968078
2008-12-03,dev,tbill,1.0587797698978323
2008-12-04,dev,tbill,1.0587806101155512
2008-12-05,dev,tbill,1.0587814503339372
2008-12-08,dev,tbill,1.0587827105997647
2008-12-09,dev,tbill,1.058783970867092
2008-12-10,dev,tbill,1.058783970867092
2008-12-11,dev,tbill,1.0587843909985386
2008-12-12,dev,tbill,1.058785231219925
2008-12-15,dev,tbill,1.0587864914902527
2008-12-16,dev,tbill,1.0587881717690313
2008-12-17,dev,tbill,1.058790272016279
2008-12-18,dev,tbill,1.058790272016279
2008-12-19,dev,tbill,1.0587911122423324
2008-12-22,dev,tbill,1.0587915323766126
2008-12-23,dev,tbill,1.058792372603666
2008-12-24,dev,tbill,1.058792372603666
2008-12-26,dev,tbill,1.0587936328824943
2008-12-29,dev,tbill,1.058796153066736
2008-12-30,dev,tbill,1.0588003525477137
2008-12-31,dev,tbill,1.058804971765262
2009-01-02,dev,tbill,1.0588083317124202
2009-01-05,dev,tbill,1.0588142098834974
2009-01-06,dev,tbill,1.0588200880872085
2009-01-07,dev,tbill,1.0588247073908568
2009-01-08,dev,tbill,1.0588284872137532
2009-01-09,dev,tbill,1.058831427379141
2009-01-12,dev,tbill,1.0588364664227332
2009-01-13,dev,tbill,1.058841085797835
2009-01-14,dev,tbill,1.0588461248873922
2009-01-15,dev,tbill,1.0588507443046309
2009-01-16,dev,tbill,1.0588557834401533
2009-01-20,dev,tbill,1.0588612422580341
2009-01-21,dev,tbill,1.0588658617412252
2009-01-22,dev,tbill,1.0588700614986868
2009-01-23,dev,tbill,1.0588746810203535
2009-01-26,dev,tbill,1.0588805595597812
2009-01-27,dev,tbill,1.0588860185053928
2009-01-28,dev,tbill,1.05889399462497
2009-01-29,dev,tbill,1.0589036480804817
2009-01-30,dev,tbill,1.05891372084261
2009-02-02,dev,tbill,1.0589250511184611
2009-02-03,dev,tbill,1.0589384764020007
2009-02-04,dev,tbill,1.0589510640153668
2009-02-05,dev,tbill,1.0589632327907867
2009-02-06,dev,tbill,1.0589749826720378
2009-02-09,dev,tbill,1.0589884085886205
2009-02-10,dev,tbill,1.059001415756275
2009-02-11,dev,tbill,1.0590140041178018
2009-02-12,dev,tbill,1.0590261736164883
2009-02-13,dev,tbill,1.059038343255019
2009-02-17,dev,tbill,1.0590517699749011
2009-02-18,dev,tbill,1.0590647779208004
2009-02-19,dev,tbill,1.059077367035514
2009-02-20,dev,tbill,1.0590886990623638
2009-02-23,dev,tbill,1.059100869419396
2009-02-24,dev,tbill,1.0591142969319984
2009-02-25,dev,tbill,1.059126886635345
2009-02-26,dev,tbill,1.0591382191920498
2009-02-27,dev,tbill,1.0591491326834976
2009-03-02,dev,tbill,1.0591608846274283
2009-03-03,dev,tbill,1.0591722175479081
2009-03-04,dev,tbill,1.0591831313896796
2009-03-05,dev,tbill,1.0591915292432756
2009-03-06,dev,tbill,1.059200346621082
2009-03-09,dev,tbill,1.0592100028694653
2009-03-10,dev,tbill,1.0592200785457768
2009-03-11,dev,tbill,1.0592297349740472
2009-03-12,dev,tbill,1.059238972100968
2009-03-13,dev,tbill,1.0592473703973035
2009-03-16,dev,tbill,1.0592574464290714
2009-03-17,dev,tbill,1.0592675225566872
2009-03-18,dev,tbill,1.0592763405671097
2009-03-19,dev,tbill,1.0592847391597253
2009-03-20,dev,tbill,1.059293976766316
2009-03-23,dev,tbill,1.0593032144534644
2009-03-24,dev,tbill,1.0593120327610086
2009-03-25,dev,tbill,1.059320012089563
2009-03-26,dev,tbill,1.05932631286018
2009-03-27,dev,tbill,1.059332193906926
2009-03-30,dev,tbill,1.0593397537905975
2009-03-31,dev,tbill,1.0593485724023184
2009-04-01,dev,tbill,1.0593578105655737
2009-04-02,dev,tbill,1.0593670488093914
2009-04-03,dev,tbill,1.0593758676483334
2009-04-06,dev,tbill,1.0593842670300608
2009-04-07,dev,tbill,1.0593926664783837
2009-04-08,dev,tbill,1.0594002267936156
2009-04-09,dev,tbill,1.0594077871628012
2009-04-13,dev,tbill,1.0594153475859411
2009-04-14,dev,tbill,1.0594224883916277
2009-04-15,dev,tbill,1.0594287897717676
2009-04-16,dev,tbill,1.0594342515437212
2009-04-17,dev,tbill,1.0594401331897088
2009-04-20,dev,tbill,1.0594460148683493
2009-04-21,dev,tbill,1.0594523163884233
2009-04-22,dev,tbill,1.059458198134701
2009-04-23,dev,tbill,1.0594624002415343
2009-04-24,dev,tbill,1.059466602365034
2009-04-27,dev,tbill,1.0594720643319264
2009-04-28,dev,tbill,1.0594775263269776
2009-04-29,dev,tbill,1.0594821484988248
2009-04-30,dev,tbill,1.0594880304107213
2009-05-01,dev,tbill,1.0594947519643791
2009-05-04,dev,tbill,1.059502732669276
2009-05-05,dev,tbill,1.0595107134342883
2009-05-06,dev,tbill,1.0595186942594161
2009-05-07,dev,tbill,1.0595262554740403
2009-05-08,dev,tbill,1.0595342364162392
2009-05-11,dev,tbill,1.0595422174185551
2009-05-12,dev,tbill,1.0595501984809885
2009-05-13,dev,tbill,1.059557340195614
2009-05-14,dev,tbill,1.0595640621889837
2009-05-15,dev,tbill,1.059571203997055
2009-05-18,dev,tbill,1.0595791852778316
2009-05-19,dev,tbill,1.0595867469241476
2009-05-20,dev,tbill,1.059594308624427
2009-05-21,dev,tbill,1.0596022900792403
2009-05-22,dev,tbill,1.0596098518904429
2009-05-26,dev,tbill,1.0596174137556098
2009-05-27,dev,tbill,1.0596245559232884
2009-05-28,dev,tbill,1.0596308585053138
2009-05-29,dev,tbill,1.0596367412428014
2009-06-01,dev,tbill,1.0596422040868267
2009-06-02,dev,tbill,1.0596480868873013
2009-06-03,dev,tbill,1.0596539697204352
2009-06-04,dev,tbill,1.059659852586229
2009-06-05,dev,tbill,1.0596682542195632
2009-06-08,dev,tbill,1.059676236231376
2009-06-09,dev,tbill,1.0596842183033137
2009-06-10,dev,tbill,1.0596917806991941
2009-06-11,dev,tbill,1.0596997628882214
2009-06-12,dev,tbill,1.0597077451373749
2009-06-15,dev,tbill,1.0597148879139164
2009-06-16,dev,tbill,1.0597220307386026
2009-06-17,dev,tbill,1.0597291736114338
2009-06-18,dev,tbill,1.0597367363281358
2009-06-19,dev,tbill,1.0597447188557938
2009-06-22,dev,tbill,1.059753121162
2009-06-23,dev,tbill,1.0597615235348246
2009-06-24,dev,tbill,1.0597695062491939
2009-06-25,dev,tbill,1.0597770692537283
2009-06-26,dev,tbill,1.0597854718164281
2009-06-29,dev,tbill,1.0597938744457487
2009-06-30,dev,tbill,1.0598018574038028
2009-07-01,dev,tbill,1.0598090008146919
2009-07-02,dev,tbill,1.05981614427373
2009-07-06,dev,tbill,1.059824127399533
2009-07-07,dev,tbill,1.0598321105854693
2009-07-08,dev,tbill,1.0598396740367773
2009-07-09,dev,tbill,1.0598476573398197
2009-07-10,dev,tbill,1.0598552209020762
2009-07-13,dev,tbill,1.0598627845183097
2009-07-14,dev,tbill,1.059870348188521
2009-07-15,dev,tbill,1.05987791191271
2009-07-16,dev,tbill,1.0598858955037813
2009-07-17,dev,tbill,1.0598930394811146
2009-07-20,dev,tbill,1.059901023186135
2009-07-21,dev,tbill,1.0599090069512935
2009-07-22,dev,tbill,1.05991699077659
2009-07-23,dev,tbill,1.0599249746620252
2009-07-24,dev,tbill,1.0599325387760539
2009-07-27,dev,tbill,1.0599405227786052
2009-07-28,dev,tbill,1.0599485068412964
2009-07-29,dev,tbill,1.0599564909641281
2009-07-30,dev,tbill,1.0599640553030716
2009-07-31,dev,tbill,1.0599716196959978
2009-08-03,dev,tbill,1.0599796039929283
2009-08-04,dev,tbill,1.0599871684968172
2009-08-05,dev,tbill,1.05999473305469
2009-08-06,dev,tbill,1.0600018777656237
2009-08-07,dev,tbill,1.060009862290475
2009-08-10,dev,tbill,1.0600178468754702
2009-08-11,dev,tbill,1.0600254116522778
2009-08-12,dev,tbill,1.0600325565699955
2009-08-13,dev,tbill,1.0600397015358722
2009-08-14,dev,tbill,1.060047266468645
2009-08-17,dev,tbill,1.0600548314554046
2009-08-18,dev,tbill,1.0600623964961513
2009-08-19,dev,tbill,1.060069541663159
2009-08-20,dev,tbill,1.0600766868783271
2009-08-21,dev,tbill,1.0600838321416568
2009-08-24,dev,tbill,1.0600909774531477
2009-08-25,dev,tbill,1.0600981228128004
2009-08-26,dev,tbill,1.0601044282115726
2009-08-27,dev,tbill,1.0601107336478488
2009-08-28,dev,tbill,1.0601170391216297
2009-08-31,dev,tbill,1.0601233446329148
2009-09-01,dev,tbill,1.0601292301045306
2009-09-02,dev,tbill,1.0601351156088206
2009-09-03,dev,tbill,1.0601414212276237
2009-09-04,dev,tbill,1.060147306799595
2009-09-08,dev,tbill,1.060153192404241
2009-09-09,dev,tbill,1.0601590780415624
2009-09-10,dev,tbill,1.0601649637115587
2009-09-11,dev,tbill,1.0601708494142306
2009-09-14,dev,tbill,1.0601767351495779
2009-09-15,dev,tbill,1.060182200777484
2009-09-16,dev,tbill,1.0601864057559134
2009-09-17,dev,tbill,1.0601906107510213
2009-09-18,dev,tbill,1.0601939750952818
2009-09-21,dev,tbill,1.060198600392773
2009-09-22,dev,tbill,1.0602032257104428
2009-09-23,dev,tbill,1.0602078510482915
2009-09-24,dev,tbill,1.0602120561284574
2009-09-25,dev,tbill,1.0602162612253017
2009-09-28,dev,tbill,1.0602208866200205
2009-09-29,dev,tbill,1.0602263524755446
2009-09-30,dev,tbill,1.0602322385190275
2009-10-01,dev,tbill,1.0602364436959208
2009-10-02,dev,tbill,1.060240648889493
2009-10-05,dev,tbill,1.0602440133925417
2009-10-06,dev,tbill,1.0602473779062669
2009-10-07,dev,tbill,1.0602511628078533
2009-10-08,dev,tbill,1.060253686461368
2009-10-09,dev,tbill,1.0602566305842631
2009-10-12,dev,tbill,1.0602595747153336
2009-10-13,dev,tbill,1.0602625188545796
2009-10-14,dev,tbill,1.0602654630020005
2009-10-15,dev,tbill,1.060268407157597
2009-10-16,dev,tbill,1.0602713513213686
2009-10-19,dev,tbill,1.0602747159218464
2009-10-20,dev,tbill,1.0602780805330012
2009-10-21,dev,tbill,1.060281024723634
2009-10-22,dev,tbill,1.0602835484482271
2009-10-23,dev,tbill,1.0602864926540434
2009-10-26,dev,tbill,1.0602898573025696
2009-10-27,dev,tbill,1.0602932219617733
2009-10-28,dev,tbill,1.060296166194451
2009-10-29,dev,tbill,1.0602986899550846
2009-10-30,dev,tbill,1.060300793198646
2009-11-02,dev,tbill,1.060303316970293
2009-11-03,dev,tbill,1.0603058407479469
2009-11-04,dev,tbill,1.0603079440056928
2009-11-05,dev,tbill,1.0603096266989946
2009-11-06,dev,tbill,1.0603121504916673
2009-11-09,dev,tbill,1.060315094776906
2009-11-10,dev,tbill,1.0603180390703204
2009-11-11,dev,tbill,1.0603209833719105
2009-11-12,dev,tbill,1.0603239276816765
2009-11-13,dev,tbill,1.060326451508389
2009-11-16,dev,tbill,1.060329395833339
2009-11-17,dev,tbill,1.060331919673067
2009-11-18,dev,tbill,1.0603336024044179
2009-11-19,dev,tbill,1.0603344438552147
2009-11-20,dev,tbill,1.060335285306679
2009-11-23,dev,tbill,1.0603373886228324
2009-11-24,dev,tbill,1.0603394919431577
2009-11-25,dev,tbill,1.0603415952676554
2009-11-27,dev,tbill,1.0603428573905207
2009-11-30,dev,tbill,1.0603453812622905
2009-12-01,dev,tbill,1.0603479051400677
2009-12-02,dev,tbill,1.060350008481254
2009-12-03,dev,tbill,1.0603525323700451
2009-12-04,dev,tbill,1.0603550562648438
2009-12-07,dev,tbill,1.060356739032912
2009-12-08,dev,tbill,1.060358001173803
2009-12-09,dev,tbill,1.060359263316196
2009-12-10,dev,tbill,1.0603601047873568
2009-12-11,dev,tbill,1.0603613669322538
2009-12-14,dev,tbill,1.060363049710337
2009-12-15,dev,tbill,1.0603651530815645
2009-12-16,dev,tbill,1.0603668358656562
2009-12-17,dev,tbill,1.0603685186524185
2009-12-18,dev,tbill,1.0603706220344946
2009-12-21,dev,tbill,1.060373986949992
2009-12-22,dev,tbill,1.0603773518761674
2009-12-23,dev,tbill,1.0603802963424578
2009-12-24,dev,tbill,1.0603823997478965
2009-12-28,dev,tbill,1.060387025867426
2009-12-29,dev,tbill,1.0603912316582491
2009-12-30,dev,tbill,1.0603933350853794
2009-12-31,dev,tbill,1.0603958590772982
2010-01-04,dev,tbill,1.0603992240728812
2010-01-05,dev,tbill,1.0604021685999068
2010-01-06,dev,tbill,1.0604046926128514
2010-01-07,dev,tbill,1.0604067960666834
2010-01-08,dev,tbill,1.0604088995246879
2010-01-11,dev,tbill,1.0604105823782046
2010-01-12,dev,tbill,1.0604126858437195
2010-01-13,dev,tbill,1.060415209881698
2010-01-14,dev,tbill,1.060417313356392
2010-01-15,dev,tbill,1.060419837405385
2010-01-19,dev,tbill,1.0604223614603858
2010-01-20,dev,tbill,1.0604244649492662
2010-01-21,dev,tbill,1.0604269890152815
2010-01-22,dev,tbill,1.060429513087305
2010-01-25,dev,tbill,1.060432037165336
2010-01-26,dev,tbill,1.0604349817834773
2010-01-27,dev,tbill,1.06043834690321
2010-01-28,dev,tbill,1.0604417120336214
2010-01-29,dev,tbill,1.0604450771747114
2010-02-01,dev,tbill,1.0583326179598624
2010-02-02,dev,tbill,1.0707799531191178
2010-02-03,dev,tbill,1.0683345242864186
2010-02-04,dev,tbill,1.047925608558292
2010-02-05,dev,tbill,1.0442563997352106
2010-02-08,dev,tbill,1.04146706422277
2010-02-09,dev,tbill,1.0575484683246374
2010-02-10,dev,tbill,1.0536207548624503
2010-02-11,dev,tbill,1.0661344718822352
2010-02-12,dev,tbill,1.069738381535284
2010-02-16,dev,tbill,1.0786358898936979
2010-02-17,dev,tbill,1.0838568543513236
2010-02-18,dev,tbill,1.0945255657455513
2010-02-19,dev,tbill,1.1021608916799923
2010-02-22,dev,tbill,1.100527028094801
2010-02-23,dev,tbill,1.0945280098381305
2010-02-24,dev,tbill,1.102194457782782
2010-02-25,dev,tbill,1.1029580785414559
2010-02-26,dev,tbill,1.0988683546789655
2010-03-01,dev,tbill,1.1096601217640754
2010-03-02,dev,tbill,1.1208597627291195
2010-03-03,dev,tbill,1.117978207723977
2010-03-04,dev,tbill,1.11401003645441
2010-03-05,dev,tbill,1.1176501525863936
2010-03-08,dev,tbill,1.1142680696565923
2010-03-09,dev,tbill,1.1087287072723897
2010-03-10,dev,tbill,1.108660055555491
2010-03-11,dev,tbill,1.115509611725477
2010-03-12,dev,tbill,1.1162590651652844
2010-03-15,dev,tbill,1.1158733649990846
2010-03-16,dev,tbill,1.1222876306972138
2010-03-17,dev,tbill,1.1185821257469248
2010-03-18,dev,tbill,1.123717248833725
2010-03-19,dev,tbill,1.1241838462931508
2010-03-22,dev,tbill,1.1299763236419358
2010-03-23,dev,tbill,1.1531835033155748
2010-03-24,dev,tbill,1.1464605568889172
2010-03-25,dev,tbill,1.1341525272718145
2010-03-26,dev,tbill,1.1339573276406734
2010-03-29,dev,tbill,1.1430900332766631
2010-03-30,dev,tbill,1.1453760109005042
2010-03-31,dev,tbill,1.1383320548600238
2010-04-01,dev,tbill,1.1464758432521163
2010-04-05,dev,tbill,1.1530539499920671
2010-04-06,dev,tbill,1.1516414834731241
2010-04-07,dev,tbill,1.1469592563846105
2010-04-08,dev,tbill,1.1455463488100477
2010-04-09,dev,tbill,1.1494894436998844
2010-04-12,dev,tbill,1.153325578902009
2010-04-13,dev,tbill,1.1581884974276853
2010-04-14,dev,tbill,1.1612971158222252
2010-04-15,dev,tbill,1.1616680958384817
2010-04-16,dev,tbill,1.1552528995966602
2010-04-19,dev,tbill,1.1533208845517655
2010-04-20,dev,tbill,1.1586292836843184
2010-04-21,dev,tbill,1.155192031404753
2010-04-22,dev,tbill,1.1412142747975915
2010-04-23,dev,tbill,1.139575409842592
2010-04-26,dev,tbill,1.1376218642454072
2010-04-27,dev,tbill,1.128635358222491
2010-04-28,dev,tbill,1.133779620038487
2010-04-29,dev,tbill,1.155040928244228
2010-04-30,dev,tbill,1.1432944093417
2010-05-03,dev,tbill,1.1527582272432593
2010-05-04,dev,tbill,1.1387434350108923
2010-05-05,dev,tbill,1.1440065013766025
2010-05-06,dev,tbill,1.119752122219508
2010-05-07,dev,tbill,1.0981434794780134
2010-05-10,dev,tbill,1.1425191860737438
2010-05-11,dev,tbill,1.1440736080806757
2010-05-12,dev,tbill,1.1489219876356085
2010-05-13,dev,tbill,1.1403770752883144
2010-05-14,dev,tbill,1.1227560723500962
2010-05-17,dev,tbill,1.131482459811037
2010-05-18,dev,tbill,1.1264105084866416
2010-05-19,dev,tbill,1.1183813011237143
2010-05-20,dev,tbill,1.0837261282704873
2010-05-21,dev,tbill,1.087680928076746
2010-05-24,dev,tbill,1.0863665428491716
2010-05-25,dev,tbill,1.0764942612119597
2010-05-26,dev,tbill,1.0762835964330992
2010-05-27,dev,tbill,1.0928249643405192
2010-05-28,dev,tbill,1.085988943628504
2010-06-01,dev,tbill,1.0693085421445552
2010-06-02,dev,tbill,1.0891333982714397
2010-06-03,dev,tbill,1.0984650857866445
2010-06-04,dev,tbill,1.0732877946778356
2010-06-07,dev,tbill,1.0738928857018037
2010-06-08,dev,tbill,1.0895097540065821
2010-06-09,dev,tbill,1.0893767387502553
2010-06-10,dev,tbill,1.1027718368540185
2010-06-11,dev,tbill,1.1071429429525452
2010-06-14,dev,tbill,1.1096020046462989
2010-06-15,dev,tbill,1.1231310012639781
2010-06-16,dev,tbill,1.1197767120330233
2010-06-17,dev,tbill,1.1251076593155447
2010-06-18,dev,tbill,1.1166706469291197
2010-06-21,dev,tbill,1.1190046095992432
2010-06-22,dev,tbill,1.103998202421467
2010-06-23,dev,tbill,1.0952118546389322
2010-06-24,dev,tbill,1.088299143754426
2010-06-25,dev,tbill,1.0924218493003204
2010-06-28,dev,tbill,1.0979303371189335
2010-06-29,dev,tbill,1.0827439011251654
2010-06-30,dev,tbill,1.0736883361778753
2010-07-01,dev,tbill,1.0687689464382832
2010-07-02,dev,tbill,1.067475602026421
2010-07-06,dev,tbill,1.0727459473533951
2010-07-07,dev,tbill,1.089202741025127
2010-07-08,dev,tbill,1.1048704904623332
2010-07-09,dev,tbill,1.107895252388032
2010-07-12,dev,tbill,1.1045635903265705
2010-07-13,dev,tbill,1.1116396706375602
2010-07-14,dev,tbill,1.109147387904597
2010-07-15,dev,tbill,1.1128019328348286
2010-07-16,dev,tbill,1.0944034115892836
2010-07-19,dev,tbill,1.093018043400799
2010-07-20,dev,tbill,1.1021471311704185
2010-07-21,dev,tbill,1.0858723120342917
2010-07-22,dev,tbill,1.100613281359542
2010-07-23,dev,tbill,1.1059203179525348
2010-07-26,dev,tbill,1.1216895258438382
2010-07-27,dev,tbill,1.1260130059755902
2010-07-28,dev,tbill,1.111198455246107
2010-07-29,dev,tbill,1.088011129634503
2010-07-30,dev,tbill,1.0918074481737614
2010-08-02,dev,tbill,1.099683857783046
2010-08-03,dev,tbill,1.0974669336408163
2010-08-04,dev,tbill,1.1089549591722272
2010-08-05,dev,tbill,1.087577682485645
2010-08-06,dev,tbill,1.089022671252488
2010-08-09,dev,tbill,1.0985618291206396
2010-08-10,dev,tbill,1.1043100698178607
2010-08-11,dev,tbill,1.084762253099131
2010-08-12,dev,tbill,1.1010782717089203
2010-08-13,dev,tbill,1.0996474943535195
2010-08-16,dev,tbill,1.1014228798889858
2010-08-17,dev,tbill,1.1118480021665065
2010-08-18,dev,tbill,1.1108784696609784
2010-08-19,dev,tbill,1.1063663248016091
2010-08-20,dev,tbill,1.1007531692907162
2010-08-23,dev,tbill,1.0996491558065524
2010-08-24,dev,tbill,1.0946919808576006
2010-08-25,dev,tbill,1.0976624174189835
2010-08-26,dev,tbill,1.0927747364680473
2010-08-27,dev,tbill,1.1072150716637894
2010-08-30,dev,tbill,1.0946403826113311
2010-08-31,dev,tbill,1.0965475852332733
2010-09-01,dev,tbill,1.1115404204586643
2010-09-02,dev,tbill,1.114676445450659
2010-09-03,dev,tbill,1.117772341059847
2010-09-07,dev,tbill,1.114255737177126
2010-09-08,dev,tbill,1.11764792769988
2010-09-09,dev,tbill,1.1159926046496953
2010-09-10,dev,tbill,1.1225988007784922
2010-09-13,dev,tbill,1.1252631288915094
2010-09-14,dev,tbill,1.1295620996604956
2010-09-15,dev,tbill,1.1426885410013221
2010-09-16,dev,tbill,1.1369374372794105
2010-09-17,dev,tbill,1.1320597081592458
2010-09-20,dev,tbill,1.1452695800418116
2010-09-21,dev,tbill,1.1480855426519267
2010-09-22,dev,tbill,1.1539152316380907
2010-09-23,dev,tbill,1.1438968030105057
2010-09-24,dev,tbill,1.164797941920439
2010-09-27,dev,tbill,1.160789351008623
2010-09-28,dev,tbill,1.1607326590090312
2010-09-29,dev,tbill,1.1565310433030958
2010-09-30,dev,tbill,1.1530866310911736
2010-10-01,dev,tbill,1.1576415003117886
2010-10-04,dev,tbill,1.1624293545169841
2010-10-05,dev,tbill,1.1746466206709116
2010-10-06,dev,tbill,1.1746461229293201
2010-10-07,dev,tbill,1.1754706835940858
2010-10-08,dev,tbill,1.1829567389474989
2010-10-11,dev,tbill,1.1776731187011829
2010-10-12,dev,tbill,1.175384688725004
2010-10-13,dev,tbill,1.1827331436195883
2010-10-14,dev,tbill,1.183589246510437
2010-10-15,dev,tbill,1.1818691863118476
2010-10-18,dev,tbill,1.1837852898439822
2010-10-19,dev,tbill,1.1720218318142128
2010-10-20,dev,tbill,1.1803029552130069
2010-10-21,dev,tbill,1.1857067534598873
2010-10-22,dev,tbill,1.1874997030788665
2010-10-25,dev,tbill,1.191776183248425
2010-10-26,dev,tbill,1.188806730357295
2010-10-27,dev,tbill,1.1836859429381432
2010-10-28,dev,tbill,1.1844523771131639
2010-10-29,dev,tbill,1.1889569480406477
2010-11-01,dev,tbill,1.1891700519566475
2010-11-02,dev,tbill,1.1922334678696267
2010-11-03,dev,tbill,1.184888291249647
2010-11-04,dev,tbill,1.1932834504573335
2010-11-05,dev,tbill,1.1896574706394416
2010-11-08,dev,tbill,1.1912292107953846
2010-11-09,dev,tbill,1.1727974405641906
2010-11-10,dev,tbill,1.1776662158560833
2010-11-11,dev,tbill,1.1808801624914533
2010-11-12,dev,tbill,1.1715692432668645
2010-11-15,dev,tbill,1.1765146324201106
2010-11-16,dev,tbill,1.158875724014722
2010-11-17,dev,tbill,1.1620438562079933
2010-11-18,dev,tbill,1.1767730802036562
2010-11-19,dev,tbill,1.1789416365901533
2010-11-22,dev,tbill,1.1867224782251298
2010-11-23,dev,tbill,1.1765510279033344
2010-11-24,dev,tbill,1.1892769045891498
2010-11-26,dev,tbill,1.1817193000685744
2010-11-29,dev,tbill,1.1801540837570907
2010-11-30,dev,tbill,1.1723642608499092
2010-12-01,dev,tbill,1.1828627796424092
2010-12-02,dev,tbill,1.1917548892853285
2010-12-03,dev,tbill,1.1969252541428395
2010-12-06,dev,tbill,1.1938841787276169
2010-12-07,dev,tbill,1.1967062305292555
2010-12-08,dev,tbill,1.1996692949691663
2010-12-09,dev,tbill,1.196436334005734
2010-12-10,dev,tbill,1.1990551558066265
2010-12-13,dev,tbill,1.2019236390651524
2010-12-14,dev,tbill,1.215151596316634
2010-12-15,dev,tbill,1.2168657734138113
2010-12-16,dev,tbill,1.2266687433852286
2010-12-17,dev,tbill,1.2242739839543466
2010-12-20,dev,tbill,1.2202066282423678
2010-12-21,dev,tbill,1.2111579777023955
2010-12-22,dev,tbill,1.2175504062237161
2010-12-23,dev,tbill,1.220344661706724
2010-12-27,dev,tbill,1.2159528391544159
2010-12-28,dev,tbill,1.2174015647853988
2010-12-29,dev,tbill,1.2179343938291542
2010-12-30,dev,tbill,1.210302556799748
2010-12-31,dev,tbill,1.2060172921700725
2011-01-03,dev,tbill,1.2083625320209583
2011-01-04,dev,tbill,1.1964807844635046
2011-01-05,dev,tbill,1.2011725353870362
2011-01-06,dev,tbill,1.2039935947159288
2011-01-07,dev,tbill,1.2005497187902259
2011-01-10,dev,tbill,1.2001872327410692
2011-01-11,dev,tbill,1.2049407668030947
2011-01-12,dev,tbill,1.2116663854009626
2011-01-13,dev,tbill,1.203653804587248
2011-01-14,dev,tbill,1.2112502147914583
2011-01-18,dev,tbill,1.2144709075917794
2011-01-19,dev,tbill,1.2100097890750432
2011-01-20,dev,tbill,1.2304715575660012
2011-01-21,dev,tbill,1.2209690195958252
2011-01-24,dev,tbill,1.22762302232654
2011-01-25,dev,tbill,1.2395313053677663
2011-01-26,dev,tbill,1.2354031794278335
2011-01-27,dev,tbill,1.2161787387234058
2011-01-28,dev,tbill,1.2023281076690464
2011-01-31,dev,tbill,1.201470188155347
2011-02-01,dev,tbill,1.2084150539888383
2011-02-02,dev,tbill,1.1968029451500326
2011-02-03,dev,tbill,1.19642735355452
2011-02-04,dev,tbill,1.2012490212947156
2011-02-07,dev,tbill,1.2020436834155288
2011-02-08,dev,tbill,1.2089434790471225
2011-02-09,dev,tbill,1.2130736050943844
2011-02-10,dev,tbill,1.2085224261797147
2011-02-11,dev,tbill,1.2274703503332036
2011-02-14,dev,tbill,1.2339609919033085
2011-02-15,dev,tbill,1.2260756316473442
2011-02-16,dev,tbill,1.2366844842396671
2011-02-17,dev,tbill,1.2485664602419322
2011-02-18,dev,tbill,1.249156312769186
2011-02-22,dev,tbill,1.244135648497998
2011-02-23,dev,tbill,1.2406556519928609
2011-02-24,dev,tbill,1.2339073744261104
2011-02-25,dev,tbill,1.2570824567123131
2011-02-28,dev,tbill,1.2638611615771869
2011-03-01,dev,tbill,1.2523564677580123
2011-03-02,dev,tbill,1.2513777724750073
2011-03-03,dev,tbill,1.2715842414649043
2011-03-04,dev,tbill,1.267308771966591
2011-03-07,dev,tbill,1.2610511033816665
2011-03-08,dev,tbill,1.2724293999243217
2011-03-09,dev,tbill,1.274929842121997
2011-03-10,dev,tbill,1.267756113212104
2011-03-11,dev,tbill,1.2717926116142249
2011-03-14,dev,tbill,1.2597399651101857
2011-03-15,dev,tbill,1.2500666306699424
2011-03-16,dev,tbill,1.2371302553054606
2011-03-17,dev,tbill,1.2430338704307502
2011-03-18,dev,tbill,1.254437426684239
2011-03-21,dev,tbill,1.2708545580324744
2011-03-22,dev,tbill,1.2689998004728287
2011-03-23,dev,tbill,1.2619563128546092
2011-03-24,dev,tbill,1.2696496210104382
2011-03-25,dev,tbill,1.2744313946547396
2011-03-28,dev,tbill,1.2779325844605183
2011-03-29,dev,tbill,1.2857669485780365
2011-03-30,dev,tbill,1.2947344078901966
2011-03-31,dev,tbill,1.2966317769914717
2011-04-01,dev,tbill,1.300687559642741
2011-04-04,dev,tbill,1.3050628864594496
2011-04-05,dev,tbill,1.3032654945394904
2011-04-06,dev,tbill,1.3105362556136055
2011-04-07,dev,tbill,1.3037224373246665
2011-04-08,dev,tbill,1.3034628038182783
2011-04-11,dev,tbill,1.3199169417584782
2011-04-12,dev,tbill,1.3227014066716276
2011-04-13,dev,tbill,1.3285860139453354
2011-04-14,dev,tbill,1.3369326919667885
2011-04-15,dev,tbill,1.3483841721457146
2011-04-18,dev,tbill,1.3317689059986797
2011-04-19,dev,tbill,1.3311997511338227
2011-04-20,dev,tbill,1.3476483332983415
2011-04-21,dev,tbill,1.3524098597850596
2011-04-25,dev,tbill,1.3435273736400646
2011-04-26,dev,tbill,1.3570302020038505
2011-04-27,dev,tbill,1.3727385584590748
2011-04-28,dev,tbill,1.378703675943018
2011-04-29,dev,tbill,1.385852194235459
2011-05-02,dev,tbill,1.386840976371178
2011-05-03,dev,tbill,1.3863618853620125
2011-05-04,dev,tbill,1.3772363760400639
2011-05-05,dev,tbill,1.370464417831734
2011-05-06,dev,tbill,1.3680771087951311
2011-05-09,dev,tbill,1.379170541527965
2011-05-10,dev,tbill,1.3928042414850919
2011-05-11,dev,tbill,1.3841329857030287
2011-05-12,dev,tbill,1.4065550145073875
2011-05-13,dev,tbill,1.401243175241692
2011-05-16,dev,tbill,1.4009159946828509
2011-05-17,dev,tbill,1.39963669470132
2011-05-18,dev,tbill,1.4065770135454407
2011-05-19,dev,tbill,1.4212836333844214
2011-05-20,dev,tbill,1.410664827222984
2011-05-23,dev,tbill,1.3991052284690604
2011-05-24,dev,tbill,1.3969148174133585
2011-05-25,dev,tbill,1.3946089939749282
2011-05-26,dev,tbill,1.4055298582428426
2011-05-27,dev,tbill,1.4082971142122243
2011-05-31,dev,tbill,1.4244063859668465
2011-06-01,dev,tbill,1.4050263027936747
2011-06-02,dev,tbill,1.3956079452082304
2011-06-03,dev,tbill,1.3782526428983697
2011-06-06,dev,tbill,1.376003846790808
2011-06-07,dev,tbill,1.3820608696464995
2011-06-08,dev,tbill,1.3794971129329674
2011-06-09,dev,tbill,1.3895169148776136
2011-06-10,dev,tbill,1.371687836191691
2011-06-13,dev,tbill,1.3768129641347835
2011-06-14,dev,tbill,1.3905763497100918
2011-06-15,dev,tbill,1.3733221132704565
2011-06-16,dev,tbill,1.3815224528126544
2011-06-17,dev,tbill,1.387977970854865
2011-06-20,dev,tbill,1.4044353606007332
2011-06-21,dev,tbill,1.4182869738372819
2011-06-22,dev,tbill,1.4069369129620395
2011-06-23,dev,tbill,1.3917442407995475
2011-06-24,dev,tbill,1.3898762754750067
2011-06-27,dev,tbill,1.3935220834733895
2011-06-28,dev,tbill,1.4059188344904707
2011-06-29,dev,tbill,1.4129792979269737
2011-06-30,dev,tbill,1.4173504133847743
2011-07-01,dev,tbill,1.4367178337429882
2011-07-05,dev,tbill,1.4376061370534992
2011-07-06,dev,tbill,1.4466312111030655
2011-07-07,dev,tbill,1.4525569495921713
2011-07-08,dev,tbill,1.4455844510691582
2011-07-11,dev,tbill,1.437519555735313
2011-07-12,dev,tbill,1.4447229790368952
2011-07-13,dev,tbill,1.4512140661904862
2011-07-14,dev,tbill,1.452117363840083
2011-07-15,dev,tbill,1.459981975488253
2011-07-18,dev,tbill,1.4454467612719832
2011-07-19,dev,tbill,1.4676566813524587
2011-07-20,dev,tbill,1.4623407192263402
2011-07-21,dev,tbill,1.4775442166619455
2011-07-22,dev,tbill,1.4732469560075412
2011-07-25,dev,tbill,1.4615253592506285
2011-07-26,dev,tbill,1.4605316669346848
2011-07-27,dev,tbill,1.4356101197622746
2011-07-28,dev,tbill,1.424641892279442
2011-07-29,dev,tbill,1.4175253261288598
2011-08-01,dev,tbill,1.411434134332843
2011-08-02,dev,tbill,1.3877517942043769
2011-08-03,dev,tbill,1.3965921231187282
2011-08-04,dev,tbill,1.3493134698611629
2011-08-05,dev,tbill,1.3587341973383895
2011-08-08,dev,tbill,1.2979118238706464
2011-08-09,dev,tbill,1.3696950241448764
2011-08-10,dev,tbill,1.3371359047274796
2011-08-11,dev,tbill,1.3880507061055083
2011-08-12,dev,tbill,1.39185087899191
2011-08-15,dev,tbill,1.4130866211961004
2011-08-16,dev,tbill,1.4131320956265816
2011-08-17,dev,tbill,1.3972728901077789
2011-08-18,dev,tbill,1.3574778583252158
2011-08-19,dev,tbill,1.3537961308603097
2011-08-22,dev,tbill,1.3640628468267588
2011-08-23,dev,tbill,1.4067113650653813
2011-08-24,dev,tbill,1.418173718056896
2011-08-25,dev,tbill,1.3946334872413853
2011-08-26,dev,tbill,1.413969259789214
2011-08-29,dev,tbill,1.442167266430773
2011-08-30,dev,tbill,1.4567488734514458
2011-08-31,dev,tbill,1.453686588066073
2011-09-01,dev,tbill,1.4433673809669254
2011-09-02,dev,tbill,1.412615923214261
2011-09-06,dev,tbill,1.4150910104592176
2011-09-07,dev,tbill,1.440994394481331
2011-09-08,dev,tbill,1.4355222887617543
2011-09-09,dev,tbill,1.399811960654982
2011-09-12,dev,tbill,1.3986448407514382
2011-09-13,dev,tbill,1.4029549239545882
2011-09-14,dev,tbill,1.4280778956650706
2011-09-15,dev,tbill,1.4412517143631687
2011-09-16,dev,tbill,1.4562681529580195
2011-09-19,dev,tbill,1.4498622176576093
2011-09-20,dev,tbill,1.4561349453687784
2011-09-21,dev,tbill,1.4280805421922154
2011-09-22,dev,tbill,1.4122709352105467
2011-09-23,dev,tbill,1.42100473090079
2011-09-26,dev,tbill,1.4428587161721755
2011-09-27,dev,tbill,1.4675669043128001
2011-09-28,dev,tbill,1.4412210845101139
2011-09-29,dev,tbill,1.461210693444082
2011-09-30,dev,tbill,1.4466532980495947
2011-10-03,dev,tbill,1.3966177495080272
2011-10-04,dev,tbill,1.4148371891411238
2011-10-05,dev,tbill,1.4264915384481829
2011-10-06,dev,tbill,1.4473017980052503
2011-10-07,dev,tbill,1.4403049374909453
2011-10-10,dev,tbill,1.4670233669269894
2011-10-11,dev,tbill,1.467496862430234
2011-10-12,dev,tbill,1.457111285075163
2011-10-13,dev,tbill,1.4638291573859414
2011-10-14,dev,tbill,1.4710541818352847
2011-10-17,dev,tbill,1.4558233967254195
2011-10-18,dev,tbill,1.4700433207321615
2011-10-19,dev,tbill,1.4581340573046149
2011-10-20,dev,tbill,1.4549987485851679
2011-10-21,dev,tbill,1.4816846101620027
2011-10-24,dev,tbill,1.4913908835256147
2011-10-25,dev,tbill,1.4707348480553548
2011-10-26,dev,tbill,1.476805910202214
2011-10-27,dev,tbill,1.4665673313347987
2011-10-28,dev,tbill,1.4581795713332761
2011-10-31,dev,tbill,1.4557609858080507
2011-11-01,dev,tbill,1.4317968131379937
2011-11-02,dev,tbill,1.4455125610110704
2011-11-03,dev,tbill,1.453551196885043
2011-11-04,dev,tbill,1.448170258207092
2011-11-07,dev,tbill,1.4570023112086963
2011-11-08,dev,tbill,1.469204134828354
2011-11-09,dev,tbill,1.4411737816469308
2011-11-10,dev,tbill,1.451319215913531
2011-11-11,dev,tbill,1.465449767305767
2011-11-14,dev,tbill,1.4606197486825343
2011-11-15,dev,tbill,1.4721361481069963
2011-11-16,dev,tbill,1.4557546277951487
2011-11-17,dev,tbill,1.441314392399421
2011-11-18,dev,tbill,1.4444351290477722
2011-11-21,dev,tbill,1.4278813319388828
2011-11-22,dev,tbill,1.4266755715450603
2011-11-23,dev,tbill,1.4115343596307552
2011-11-25,dev,tbill,1.4101927234205873
2011-11-28,dev,tbill,1.4399651694185138
2011-11-29,dev,tbill,1.4547426667694143
2011-11-30,dev,tbill,1.4750681480782506
2011-12-01,dev,tbill,1.4690611773294562
2011-12-02,dev,tbill,1.469776888927828
2011-12-05,dev,tbill,1.4814258298912537
2011-12-06,dev,tbill,1.4830037855225464
2011-12-07,dev,tbill,1.4782342385835163
2011-12-08,dev,tbill,1.4585842428397369
2011-12-09,dev,tbill,1.4770716926943235
2011-12-12,dev,tbill,1.4634068761289718
2011-12-13,dev,tbill,1.4579597424546027
2011-12-14,dev,tbill,1.4481084727546918
2011-12-15,dev,tbill,1.4598370782749392
2011-12-16,dev,tbill,1.4595499448642772
2011-12-19,dev,tbill,1.45407410857819
2011-12-20,dev,tbill,1.4746363954454995
2011-12-21,dev,tbill,1.4882108962315839
2011-12-22,dev,tbill,1.483172046946851
2011-12-23,dev,tbill,1.4883978278513903
2011-12-27,dev,tbill,1.490414022741738
2011-12-28,dev,tbill,1.4797276554388938
2011-12-29,dev,tbill,1.4858178156926853
2011-12-30,dev,tbill,1.4744152631371887
2012-01-03,dev,tbill,1.4753811576113303
2012-01-04,dev,tbill,1.4716723486686025
2012-01-05,dev,tbill,1.4742894166538554
2012-01-06,dev,tbill,1.4740701733786803
2012-01-09,dev,tbill,1.476192195653172
2012-01-10,dev,tbill,1.4850943630940905
2012-01-11,dev,tbill,1.4817912301695522
2012-01-12,dev,tbill,1.4892081459109434
2012-01-13,dev,tbill,1.4852549801719401
2012-01-17,dev,tbill,1.4971622948811192
2012-01-18,dev,tbill,1.49622077487891
2012-01-19,dev,tbill,1.4989673281073264
2012-01-20,dev,tbill,1.4986935917900845
2012-01-23,dev,tbill,1.4989697171088805
2012-01-24,dev,tbill,1.5017798698135294
2012-01-25,dev,tbill,1.510047835042183
2012-01-26,dev,tbill,1.5227758898301635
2012-01-27,dev,tbill,1.5175388091649966
2012-01-30,dev,tbill,1.5049346109772803
2012-01-31,dev,tbill,1.508666248671752
2012-02-01,dev,tbill,1.5188629715055852
2012-02-02,dev,tbill,1.5116785951628318
2012-02-03,dev,tbill,1.5214920683797868
2012-02-06,dev,tbill,1.5196858644794087
2012-02-07,dev,tbill,1.521094802794819
2012-02-08,dev,tbill,1.510505353459579
2012-02-09,dev,tbill,1.5076020451061702
2012-02-10,dev,tbill,1.491966823924789
2012-02-13,dev,tbill,1.5008586215856712
2012-02-14,dev,tbill,1.4956474625082146
2012-02-15,dev,tbill,1.48724384917904
2012-02-16,dev,tbill,1.5020433975721805
2012-02-17,dev,tbill,1.5016976220135079
2012-02-21,dev,tbill,1.4992330154731501
2012-02-22,dev,tbill,1.49499443582516
2012-02-23,dev,tbill,1.5065022394132845
2012-02-24,dev,tbill,1.5052174370719127
2012-02-27,dev,tbill,1.4999454205300875
2012-02-28,dev,tbill,1.5012514972062712
2012-02-29,dev,tbill,1.5012092126372882
2012-03-01,dev,tbill,1.507002930197689
2012-03-02,dev,tbill,1.4984317070569453
2012-03-05,dev,tbill,1.510261787179751
2012-03-06,dev,tbill,1.4973999014507584
2012-03-07,dev,tbill,1.500197152283061
2012-03-08,dev,tbill,1.5043621071770874
2012-03-09,dev,tbill,1.5115009515244306
2012-03-12,dev,tbill,1.5153136651792223
2012-03-13,dev,tbill,1.526809011428228
2012-03-14,dev,tbill,1.5174580717595372
2012-03-15,dev,tbill,1.5227092888629548
2012-03-16,dev,tbill,1.5213971134254638
2012-03-19,dev,tbill,1.5207938989544343
2012-03-20,dev,tbill,1.5177028856277082
2012-03-21,dev,tbill,1.5188401840103887
2012-03-22,dev,tbill,1.5146153492383465
2012-03-23,dev,tbill,1.518628169991993
2012-03-26,dev,tbill,1.5344455929397198
2012-03-27,dev,tbill,1.5311539959405613
2012-03-28,dev,tbill,1.5227307256129106
2012-03-29,dev,tbill,1.5278113782385163
2012-03-30,dev,tbill,1.529504559604116
2012-04-02,dev,tbill,1.5388886520709366
2012-04-03,dev,tbill,1.5404550943796738
2012-04-04,dev,tbill,1.523677158850001
2012-04-05,dev,tbill,1.5149087315993757
2012-04-09,dev,tbill,1.5023122450646296
2012-04-10,dev,tbill,1.4872668628730685
2012-04-11,dev,tbill,1.5001628835889553
2012-04-12,dev,tbill,1.5079610141850655
2012-04-13,dev,tbill,1.4975901250583668
2012-04-16,dev,tbill,1.49455324670245
2012-04-17,dev,tbill,1.512741527123978
2012-04-18,dev,tbill,1.5086685293826745
2012-04-19,dev,tbill,1.5025710284203109
2012-04-20,dev,tbill,1.5168310351228094
2012-04-23,dev,tbill,1.5060453858048042
2012-04-24,dev,tbill,1.5124006443235343
2012-04-25,dev,tbill,1.521007301417002
2012-04-26,dev,tbill,1.5199135153147878
2012-04-27,dev,tbill,1.533720762729871
2012-04-30,dev,tbill,1.532719262951111
2012-05-01,dev,tbill,1.5337115719596142
2012-05-02,dev,tbill,1.5353455027282665
2012-05-03,dev,tbill,1.5416523571837792
2012-05-04,dev,tbill,1.5357454200940783
2012-05-07,dev,tbill,1.540454305753343
2012-05-08,dev,tbill,1.5494218267411184
2012-05-09,dev,tbill,1.544170980371448
2012-05-10,dev,tbill,1.5552868473561372
2012-05-11,dev,tbill,1.5509023380055043
2012-05-14,dev,tbill,1.537421670000238
2012-05-15,dev,tbill,1.5425784223402743
2012-05-16,dev,tbill,1.5432166228019648
2012-05-17,dev,tbill,1.5196890256763549
2012-05-18,dev,tbill,1.5136378357858715
2012-05-21,dev,tbill,1.5190140340620166
2012-05-22,dev,tbill,1.5161860180025182
2012-05-23,dev,tbill,1.5151893700602448
2012-05-24,dev,tbill,1.5240832591906452
2012-05-25,dev,tbill,1.527356117120408
2012-05-29,dev,tbill,1.5306429221012123
2012-05-30,dev,tbill,1.5160085305917215
2012-05-31,dev,tbill,1.514812260527833
2012-06-01,dev,tbill,1.4923136912349455
2012-06-04,dev,tbill,1.4973325922848122
2012-06-05,dev,tbill,1.5063412589505605
2012-06-06,dev,tbill,1.5254413853467614
2012-06-07,dev,tbill,1.520728455787226
2012-06-08,dev,tbill,1.5338884216741926
2012-06-11,dev,tbill,1.5197725897761007
2012-06-12,dev,tbill,1.5301945991970334
2012-06-13,dev,tbill,1.500799059885947
2012-06-14,dev,tbill,1.5106322004991186
2012-06-15,dev,tbill,1.5231891251163456
2012-06-18,dev,tbill,1.5226442575046868
2012-06-19,dev,tbill,1.5332421762695339
2012-06-20,dev,tbill,1.526736807197983
2012-06-21,dev,tbill,1.50880982131604
2012-06-22,dev,tbill,1.526863448742256
2012-06-25,dev,tbill,1.5245436903830676
2012-06-26,dev,tbill,1.525643811178152
2012-06-27,dev,tbill,1.5323549298415546
2012-06-28,dev,tbill,1.5564294398420928
2012-06-29,dev,tbill,1.5850301626333827
2012-07-02,dev,tbill,1.5974642731255628
2012-07-03,dev,tbill,1.608907921054547
2012-07-05,dev,tbill,1.6055611703054624
2012-07-06,dev,tbill,1.6051923783052182
2012-07-09,dev,tbill,1.608168552251914
2012-07-10,dev,tbill,1.6036960792478525
2012-07-11,dev,tbill,1.6020018952836654
2012-07-12,dev,tbill,1.6094430404534619
2012-07-13,dev,tbill,1.6237798178677605
2012-07-16,dev,tbill,1.6170984578235628
2012-07-17,dev,tbill,1.6283022778540135
2012-07-18,dev,tbill,1.6361669467020032
2012-07-19,dev,tbill,1.6278867903411312
2012-07-20,dev,tbill,1.61805249647938
2012-07-23,dev,tbill,1.6016542979198765
2012-07-24,dev,tbill,1.588248899920579
2012-07-25,dev,tbill,1.6008354044766437
2012-07-26,dev,tbill,1.6038634418091768
2012-07-27,dev,tbill,1.6269013571007604
2012-07-30,dev,tbill,1.6220468442970006
2012-07-31,dev,tbill,1.6167777808746824
2012-08-01,dev,tbill,1.6008804615637307
2012-08-02,dev,tbill,1.590174577455399
2012-08-03,dev,tbill,1.6086739562680954
2012-08-06,dev,tbill,1.614726995646494
2012-08-07,dev,tbill,1.6211495920349537
2012-08-08,dev,tbill,1.6172665236344352
2012-08-09,dev,tbill,1.6066536520499988
2012-08-10,dev,tbill,1.6063227731016207
2012-08-13,dev,tbill,1.6095604461526571
2012-08-14,dev,tbill,1.614753047298741
2012-08-15,dev,tbill,1.6200253735989518
2012-08-16,dev,tbill,1.6277254960549958
2012-08-17,dev,tbill,1.641992336099208
2012-08-20,dev,tbill,1.6423777463773477
2012-08-21,dev,tbill,1.642698310840932
2012-08-22,dev,tbill,1.6396179413568055
2012-08-23,dev,tbill,1.643229819306708
2012-08-24,dev,tbill,1.6532318285157006
2012-08-27,dev,tbill,1.6581247790786733
2012-08-28,dev,tbill,1.6581790060003092
2012-08-29,dev,tbill,1.6575154790485354
2012-08-30,dev,tbill,1.6497488286734396
2012-08-31,dev,tbill,1.6534076223162038
2012-09-04,dev,tbill,1.6590062876912284
2012-09-05,dev,tbill,1.6475634550157712
2012-09-06,dev,tbill,1.6632403582075366
2012-09-07,dev,tbill,1.6588268103087718
2012-09-10,dev,tbill,1.6558123626969439
2012-09-11,dev,tbill,1.660616718508876
2012-09-12,dev,tbill,1.6641139072499767
2012-09-13,dev,tbill,1.6686617289213503
2012-09-14,dev,tbill,1.657582149286276
2012-09-17,dev,tbill,1.6576983506104783
2012-09-18,dev,tbill,1.659747678251783
2012-09-19,dev,tbill,1.6634232902321193
2012-09-20,dev,tbill,1.6730304579380484
2012-09-21,dev,tbill,1.6695811589949303
2012-09-24,dev,tbill,1.675001221328002
2012-09-25,dev,tbill,1.6709879941813732
2012-09-26,dev,tbill,1.6709007944132521
2012-09-27,dev,tbill,1.670325964326684
2012-09-28,dev,tbill,1.6681666975046698
2012-10-01,dev,tbill,1.6665358194822637
2012-10-02,dev,tbill,1.6707669944576184
2012-10-03,dev,tbill,1.6688279429090986
2012-10-04,dev,tbill,1.68215111945724
2012-10-05,dev,tbill,1.686178017477055
2012-10-08,dev,tbill,1.6879573100303182
2012-10-09,dev,tbill,1.6769898161475811
2012-10-10,dev,tbill,1.6756640531218725
2012-10-11,dev,tbill,1.67986524221292
2012-10-12,dev,tbill,1.6715542411567756
2012-10-15,dev,tbill,1.6781725152213367
2012-10-16,dev,tbill,1.6802440679318291
2012-10-17,dev,tbill,1.688896102181229
2012-10-18,dev,tbill,1.692584639122161
2012-10-19,dev,tbill,1.6690916587885176
2012-10-22,dev,tbill,1.6559790467553865
2012-10-23,dev,tbill,1.6491870584605257
2012-10-24,dev,tbill,1.6401839951467378
2012-10-25,dev,tbill,1.6502274642072057
2012-10-26,dev,tbill,1.6456343759295227
2012-10-31,dev,tbill,1.6654108505506646
2012-11-01,dev,tbill,1.701540700299705
2012-11-02,dev,tbill,1.6936757096795036
2012-11-05,dev,tbill,1.6941944535309892
2012-11-06,dev,tbill,1.702029674759055
2012-11-07,dev,tbill,1.6766661434871912
2012-11-08,dev,tbill,1.6627583662133079
2012-11-09,dev,tbill,1.6556516508087262
2012-11-12,dev,tbill,1.6536716856244915
2012-11-13,dev,tbill,1.6591165581173515
2012-11-14,dev,tbill,1.6456583098126694
2012-11-15,dev,tbill,1.6375276403623795
2012-11-16,dev,tbill,1.6355602507484859
2012-11-19,dev,tbill,1.6578487090653657
2012-11-20,dev,tbill,1.658935178778519
2012-11-21,dev,tbill,1.6568927908193287
2012-11-23,dev,tbill,1.6708866925638637
2012-11-26,dev,tbill,1.6631453421413058
2012-11-27,dev,tbill,1.661742595819716
2012-11-28,dev,tbill,1.6710185213480064
2012-11-29,dev,tbill,1.6702662066147176
2012-11-30,dev,tbill,1.6698508051832996
2012-12-03,dev,tbill,1.6688149142457582
2012-12-04,dev,tbill,1.662840916754362
2012-12-05,dev,tbill,1.6695702892807172
2012-12-06,dev,tbill,1.6670368014958044
2012-12-07,dev,tbill,1.6708227114686864
2012-12-10,dev,tbill,1.67542627789035
2012-12-11,dev,tbill,1.6797003486186597
2012-12-12,dev,tbill,1.673872342542471
2012-12-13,dev,tbill,1.6676339510928548
2012-12-14,dev,tbill,1.6601591330928636
2012-12-17,dev,tbill,1.6791892286927341
2012-12-18,dev,tbill,1.6851921008358202
2012-12-19,dev,tbill,1.673521332104261
2012-12-20,dev,tbill,1.6779356235896254
2012-12-21,dev,tbill,1.6704708764428222
2012-12-24,dev,tbill,1.6702558859202647
2012-12-26,dev,tbill,1.6572244740004058
2012-12-27,dev,tbill,1.659512492313747
2012-12-28,dev,tbill,1.6479595388022694
2012-12-31,dev,tbill,1.667861207943929
2013-01-02,dev,tbill,1.6941043627169248
2013-01-03,dev,tbill,1.7126659829333686
2013-01-04,dev,tbill,1.7164762056153962
2013-01-07,dev,tbill,1.7069057190292805
2013-01-08,dev,tbill,1.694863961140051
2013-01-09,dev,tbill,1.6982859392187022
2013-01-10,dev,tbill,1.7040715844829155
2013-01-11,dev,tbill,1.701274789553517
2013-01-14,dev,tbill,1.7068750170413434
2013-01-15,dev,tbill,1.7181130952337917
2013-01-16,dev,tbill,1.715598727831547
2013-01-17,dev,tbill,1.7256711373647653
2013-01-18,dev,tbill,1.7303669354666038
2013-01-22,dev,tbill,1.7408321131466125
2013-01-23,dev,tbill,1.7422547987068804
2013-01-24,dev,tbill,1.7598949604384295
2013-01-25,dev,tbill,1.7688974407889595
2013-01-28,dev,tbill,1.7681780639365923
2013-01-29,dev,tbill,1.7686221486386597
2013-01-30,dev,tbill,1.7673275111506377
2013-01-31,dev,tbill,1.7627039189276543
2013-02-01,dev,tbill,1.7734271539759772
2013-02-04,dev,tbill,1.7507317632618362
2013-02-05,dev,tbill,1.7648296275078186
2013-02-06,dev,tbill,1.7635254634051636
2013-02-07,dev,tbill,1.7743926915563364
2013-02-08,dev,tbill,1.7938957972875675
2013-02-11,dev,tbill,1.796273112672907
2013-02-12,dev,tbill,1.807288175867829
2013-02-13,dev,tbill,1.8094212505174585
2013-02-14,dev,tbill,1.8135641600786054
2013-02-15,dev,tbill,1.8181589442840858
2013-02-19,dev,tbill,1.832536403105049
2013-02-20,dev,tbill,1.8179047704598577
2013-02-21,dev,tbill,1.807852127512657
2013-02-22,dev,tbill,1.8223554362145948
2013-02-25,dev,tbill,1.8042918433627329
2013-02-26,dev,tbill,1.8092033949370885
2013-02-27,dev,tbill,1.824065416281143
2013-02-28,dev,tbill,1.8265094640210786
2013-03-01,dev,tbill,1.8277458008728522
2013-03-04,dev,tbill,1.8355038772931358
2013-03-05,dev,tbill,1.8471419362127708
2013-03-06,dev,tbill,1.8446282565560166
2013-03-07,dev,tbill,1.824846824546503
2013-03-08,dev,tbill,1.8364321728644086
2013-03-11,dev,tbill,1.8371784307029868
2013-03-12,dev,tbill,1.8339807509201493
2013-03-13,dev,tbill,1.8375692727044093
2013-03-14,dev,tbill,1.8377586504292958
2013-03-15,dev,tbill,1.8494099954506031
2013-03-18,dev,tbill,1.840936017968478
2013-03-19,dev,tbill,1.8406381598180754
2013-03-20,dev,tbill,1.8523682067974465
2013-03-21,dev,tbill,1.8497388492135807
2013-03-22,dev,tbill,1.8614067547864395
2013-03-25,dev,tbill,1.8595207437681647
2013-03-26,dev,tbill,1.8777187011825873
2013-03-27,dev,tbill,1.8876432086690935
2013-03-28,dev,tbill,1.9026176859078021
2013-04-01,dev,tbill,1.893645388772111
2013-04-02,dev,tbill,1.895649045350368
2013-04-03,dev,tbill,1.8852646237977357
2013-04-04,dev,tbill,1.906511230872143
2013-04-05,dev,tbill,1.900344401902605
2013-04-08,dev,tbill,1.9077580985388383
2013-04-09,dev,tbill,1.9021042661153984
2013-04-10,dev,tbill,1.9278790343626504
2013-04-11,dev,tbill,1.9508754307105167
2013-04-12,dev,tbill,1.9540938653964104
2013-04-15,dev,tbill,1.9192008362738917
2013-04-16,dev,tbill,1.95393591191929
2013-04-17,dev,tbill,1.934601450491911
2013-04-18,dev,tbill,1.9342526176427166
2013-04-19,dev,tbill,1.9522089723854634
2013-04-22,dev,tbill,1.952503899176606
2013-04-23,dev,tbill,1.9650688730532604
2013-04-24,dev,tbill,1.9668308724892105
2013-04-25,dev,tbill,1.978867368331167
2013-04-26,dev,tbill,1.97609031926723
2013-04-29,dev,tbill,1.9908724734887733
2013-04-30,dev,tbill,1.9990709020338973
2013-05-01,dev,tbill,1.970188364688712
2013-05-02,dev,tbill,1.9701046513699956
2013-05-03,dev,tbill,1.977429565414625
2013-05-06,dev,tbill,1.9710411835149986
2013-05-07,dev,tbill,1.992463122941343
2013-05-08,dev,tbill,1.9847036133063174
2013-05-09,dev,tbill,1.968390436715519
2013-05-10,dev,tbill,1.9736873699449398
2013-05-13,dev,tbill,1.9682265517962982
2013-05-14,dev,tbill,1.987179782804511
2013-05-15,dev,tbill,2.003581978343501
2013-05-16,dev,tbill,1.9817630413391236
2013-05-17,dev,tbill,1.9962452586459383
2013-05-20,dev,tbill,1.9928268808893588
2013-05-21,dev,tbill,1.9966232946422098
2013-05-22,dev,tbill,1.969282561303917
2013-05-23,dev,tbill,1.9526901735028344
2013-05-24,dev,tbill,1.9483930688760605
2013-05-28,dev,tbill,1.9510379881811577
2013-05-29,dev,tbill,1.9269870016346182
2013-05-30,dev,tbill,1.9257015646519848
2013-05-31,dev,tbill,1.9073263227414363
2013-06-03,dev,tbill,1.9203133449602772
2013-06-04,dev,tbill,1.9052125454201014
2013-06-05,dev,tbill,1.8921622989808073
2013-06-06,dev,tbill,1.9102938925330482
2013-06-07,dev,tbill,1.9189265239169562
2013-06-10,dev,tbill,1.9135060903825996
2013-06-11,dev,tbill,1.891680860503168
2013-06-12,dev,tbill,1.880197649049002
2013-06-13,dev,tbill,1.9129817373156315
2013-06-14,dev,tbill,1.9120024063087073
2013-06-17,dev,tbill,1.9204539715382076
2013-06-18,dev,tbill,1.9363514636550305
2013-06-19,dev,tbill,1.9095816963376833
2013-06-20,dev,tbill,1.8704790666331312
2013-06-21,dev,tbill,1.868936024984576
2013-06-24,dev,tbill,1.8611779029256852
2013-06-25,dev,tbill,1.8753749124813257
2013-06-26,dev,tbill,1.871804867988195
2013-06-27,dev,tbill,1.8933156160298807
2013-06-28,dev,tbill,1.8980003106901215
2013-07-01,dev,tbill,1.8920449479573436
2013-07-02,dev,tbill,1.883382727615817
2013-07-03,dev,tbill,1.8841503321621005
2013-07-05,dev,tbill,1.8898382024932132
2013-07-08,dev,tbill,1.908942089544941
2013-07-09,dev,tbill,1.9094391253943976
2013-07-10,dev,tbill,1.9188867903795768
2013-07-11,dev,tbill,1.9305352124197779
2013-07-12,dev,tbill,1.9338316147946566
2013-07-15,dev,tbill,1.9467714100526898
2013-07-16,dev,tbill,1.9405496787044059
2013-07-17,dev,tbill,1.9427759304227776
2013-07-18,dev,tbill,1.9640963118350152
2013-07-19,dev,tbill,1.9670757004096135
2013-07-22,dev,tbill,1.97847875806881
2013-07-23,dev,tbill,1.9735904248892762
2013-07-24,dev,tbill,1.9544613754704374
2013-07-25,dev,tbill,1.9692098411071186
2013-07-26,dev,tbill,1.9693437693193443
2013-07-29,dev,tbill,1.9598026862664637
2013-07-30,dev,tbill,1.9554440042695036
2013-07-31,dev,tbill,1.9462898761456378
2013-08-01,dev,tbill,1.9633707531320657
2013-08-02,dev,tbill,1.9578710722789334
2013-08-05,dev,tbill,1.9501677647359268
2013-08-06,dev,tbill,1.9349924854731746
2013-08-07,dev,tbill,1.9325560026201154
2013-08-08,dev,tbill,1.9344884493139531
2013-08-09,dev,tbill,1.9470089794038103
2013-08-12,dev,tbill,1.9435273185402686
2013-08-13,dev,tbill,1.951574754930943
2013-08-14,dev,tbill,1.9331049805761527
2013-08-15,dev,tbill,1.9002116911818263
2013-08-16,dev,tbill,1.8877717120316917
2013-08-19,dev,tbill,1.8761816213819265
2013-08-20,dev,tbill,1.9000562551764961
2013-08-21,dev,tbill,1.8880597726188995
2013-08-22,dev,tbill,1.9067135104966637
2013-08-23,dev,tbill,1.9249461553504026
2013-08-26,dev,tbill,1.913497003202939
2013-08-27,dev,tbill,1.8976272315697003
2013-08-28,dev,tbill,1.8955740154578766
2013-08-29,dev,tbill,1.9005258182700704
2013-08-30,dev,tbill,1.8901601586661492
2013-09-03,dev,tbill,1.8867954220776368
2013-09-04,dev,tbill,1.893260415611505
2013-09-05,dev,tbill,1.8943292196032568
2013-09-06,dev,tbill,1.8934088154975135
2013-09-09,dev,tbill,1.9093060547520768
2013-09-10,dev,tbill,1.9298812302379935
2013-09-11,dev,tbill,1.9360636085264162
2013-09-12,dev,tbill,1.921653123067032
2013-09-13,dev,tbill,1.9255206434890113
2013-09-16,dev,tbill,1.9392064167198746
2013-09-17,dev,tbill,1.9518016841793502
2013-09-18,dev,tbill,1.9851610772320463
2013-09-19,dev,tbill,1.9881541483600484
2013-09-20,dev,tbill,1.9712286352907817
2013-09-23,dev,tbill,1.9744240952068413
2013-09-24,dev,tbill,1.9814164907576322
2013-09-25,dev,tbill,1.978999271446319
2013-09-26,dev,tbill,2.0016159378026246
2013-09-27,dev,tbill,1.9952463027056928
2013-09-30,dev,tbill,1.9992245167879246
2013-10-01,dev,tbill,2.0248437612007453
2013-10-02,dev,tbill,2.0278864199076554
2013-10-03,dev,tbill,2.0070037295584533
2013-10-04,dev,tbill,2.0144842193420884
2013-10-07,dev,tbill,2.0020750090083284
2013-10-08,dev,tbill,1.9947821723149697
2013-10-09,dev,tbill,1.9941602324996106
2013-10-10,dev,tbill,2.0297779862467324
2013-10-11,dev,tbill,2.040426588077991
2013-10-14,dev,tbill,2.039769472343852
2013-10-15,dev,tbill,2.0214715669325884
2013-10-16,dev,tbill,2.0836467558720653
2013-10-17,dev,tbill,2.104993157995805
2013-10-18,dev,tbill,2.1127276830912693
2013-10-21,dev,tbill,2.1150902207289684
2013-10-22,dev,tbill,2.131714806957768
2013-10-23,dev,tbill,2.1346313756610305
2013-10-24,dev,tbill,2.1248992179994177
2013-10-25,dev,tbill,2.1521553502566637
2013-10-28,dev,tbill,2.150166686791753
2013-10-29,dev,tbill,2.1573638495056264
2013-10-30,dev,tbill,2.1518628381255156
2013-10-31,dev,tbill,2.1508726190580956
2013-11-01,dev,tbill,2.1512602273500225
2013-11-04,dev,tbill,2.1521191356508025
2013-11-05,dev,tbill,2.146837628954396
2013-11-06,dev,tbill,2.163602712489695
2013-11-07,dev,tbill,2.143713488144369
2013-11-08,dev,tbill,2.1463520686156636
2013-11-11,dev,tbill,2.150096266848188
2013-11-12,dev,tbill,2.1434836065710856
2013-11-13,dev,tbill,2.1570799764202517
2013-11-14,dev,tbill,2.167704066038954
2013-11-15,dev,tbill,2.1752093814994944
2013-11-18,dev,tbill,2.168594469840467
2013-11-19,dev,tbill,2.1555142932931437
2013-11-20,dev,tbill,2.145197958858242
2013-11-21,dev,tbill,2.1485076590669907
2013-11-22,dev,tbill,2.1388161116100504
2013-11-25,dev,tbill,2.133021392206499
2013-11-26,dev,tbill,2.136171603648672
2013-11-27,dev,tbill,2.141339248361728
2013-11-29,dev,tbill,2.1358866208504246
2013-12-02,dev,tbill,2.1210947741517687
2013-12-03,dev,tbill,2.1106776222315937
2013-12-04,dev,tbill,2.104976347415853
2013-12-05,dev,tbill,2.09360754041434
2013-12-06,dev,tbill,2.119007858245833
2013-12-09,dev,tbill,2.1194018382713544
2013-12-10,dev,tbill,2.104976855686717
2013-12-11,dev,tbill,2.091347860214648
2013-12-12,dev,tbill,2.084207964420629
2013-12-13,dev,tbill,2.0855736668304496
2013-12-16,dev,tbill,2.0975316337153616
2013-12-17,dev,tbill,2.096857649240055
2013-12-18,dev,tbill,2.125913509555138
2013-12-19,dev,tbill,2.1243520059979195
2013-12-20,dev,tbill,2.1366993538543424
2013-12-23,dev,tbill,2.1354401334618984
2013-12-24,dev,tbill,2.1400797756580827
2013-12-26,dev,tbill,2.1442907244075857
2013-12-27,dev,tbill,2.1433350553800734
2013-12-30,dev,tbill,2.159834229121461
2013-12-31,dev,tbill,2.165710490282469
2014-01-02,dev,tbill,2.1380791372711436
2014-01-03,dev,tbill,2.134514188322343
2014-01-06,dev,tbill,2.131045787746478
2014-01-07,dev,tbill,2.142002630703017
2014-01-08,dev,tbill,2.1372466406717385
2014-01-09,dev,tbill,2.1486386416846166
2014-01-10,dev,tbill,2.1579970214808575
2014-01-13,dev,tbill,2.1417389815980026
2014-01-14,dev,tbill,2.1600582173353198
2014-01-15,dev,tbill,2.157819871585958
2014-01-16,dev,tbill,2.1567199786958593
2014-01-17,dev,tbill,2.151242927678194
2014-01-21,dev,tbill,2.1647228598264894
2014-01-22,dev,tbill,2.1718734463374743
2014-01-23,dev,tbill,2.158164127048139
2014-01-24,dev,tbill,2.140827872775563
2014-01-27,dev,tbill,2.137726181486287
2014-01-28,dev,tbill,2.1439169137031913
2014-01-29,dev,tbill,2.104701225363574
2014-01-30,dev,tbill,2.147477700951413
2014-01-31,dev,tbill,2.149186328013824
2014-02-03,dev,tbill,2.1027359952913702
2014-02-04,dev,tbill,2.1207784330392543
2014-02-05,dev,tbill,2.1188323754443967
2014-02-06,dev,tbill,2.135589796592648
2014-02-07,dev,tbill,2.1464043777105397
2014-02-10,dev,tbill,2.1621269705587256
2014-02-11,dev,tbill,2.1731894984622873
2014-02-12,dev,tbill,2.159839187251775
2014-02-13,dev,tbill,2.1806788740936525
2014-02-14,dev,tbill,2.1948007754841554
2014-02-18,dev,tbill,2.198200929110954
2014-02-19,dev,tbill,2.194140617120569
2014-02-20,dev,tbill,2.2109740162525027
2014-02-21,dev,tbill,2.2113740058128424
2014-02-24,dev,tbill,2.2234068450501865
2014-02-25,dev,tbill,2.226155468967948
2014-02-26,dev,tbill,2.2241931303943496
2014-02-27,dev,tbill,2.2343252582464808
2014-02-28,dev,tbill,2.2458339282837096
2014-03-03,dev,tbill,2.239377078060137
2014-03-04,dev,tbill,2.2701272682387157
2014-03-05,dev,tbill,2.261706317058471
2014-03-06,dev,tbill,2.2677439419546883
2014-03-07,dev,tbill,2.265719473982085
2014-03-10,dev,tbill,2.2691561169628383
2014-03-11,dev,tbill,2.267361490144001
2014-03-12,dev,tbill,2.277534495261476
2014-03-13,dev,tbill,2.277336914336536
2014-03-14,dev,tbill,2.2893125147369284
2014-03-17,dev,tbill,2.304434891264915
2014-03-18,dev,tbill,2.306289443958388
2014-03-19,dev,tbill,2.2843442011664976
2014-03-20,dev,tbill,2.2902641670865465
2014-03-21,dev,tbill,2.2830553382276637
2014-03-24,dev,tbill,2.279895973863622
2014-03-25,dev,tbill,2.2956529830922445
2014-03-26,dev,tbill,2.2931958721144987
2014-03-27,dev,tbill,2.29027918380184
2014-03-28,dev,tbill,2.294239340567014
2014-03-31,dev,tbill,2.315159455118299
2014-04-01,dev,tbill,2.3169059029711088
2014-04-02,dev,tbill,2.3184936194082084
2014-04-03,dev,tbill,2.317227793200825
2014-04-04,dev,tbill,2.310299360550415
2014-04-07,dev,tbill,2.3006831879893404
2014-04-08,dev,tbill,2.321027572897053
2014-04-09,dev,tbill,2.320887743029811
2014-04-10,dev,tbill,2.3036866645046996
2014-04-11,dev,tbill,2.2899637074578205
2014-04-14,dev,tbill,2.3174970660338476
2014-04-15,dev,tbill,2.33472126962384
2014-04-16,dev,tbill,2.3481103674230517
2014-04-17,dev,tbill,2.3376254078877583
2014-04-21,dev,tbill,2.3377924798453553
2014-04-22,dev,tbill,2.3491836448863164
2014-04-23,dev,tbill,2.3429521607115635
2014-04-24,dev,tbill,2.346908954014684
2014-04-25,dev,tbill,2.3501898972354196
2014-04-28,dev,tbill,2.3683909735148174
2014-04-29,dev,tbill,2.3736249740365207
2014-04-30,dev,tbill,2.372580261630951
2014-05-01,dev,tbill,2.3674857479656852
2014-05-02,dev,tbill,2.3626415472993703
2014-05-05,dev,tbill,2.3599279246781406
2014-05-06,dev,tbill,2.342814308791777
2014-05-07,dev,tbill,2.369136254381542
2014-05-08,dev,tbill,2.3581066389749603
2014-05-09,dev,tbill,2.348433780717776
2014-05-12,dev,tbill,2.354235358868933
2014-05-13,dev,tbill,2.3491836467251863
2014-05-14,dev,tbill,2.3379510353774746
2014-05-15,dev,tbill,2.3307218824246347
2014-05-16,dev,tbill,2.348124363588553
2014-05-19,dev,tbill,2.3424862884694164
2014-05-20,dev,tbill,2.334653645682909
2014-05-21,dev,tbill,2.338553947766524
2014-05-22,dev,tbill,2.3430198218732325
2014-05-23,dev,tbill,2.351616463337502
2014-05-27,dev,tbill,2.3658339854198935
2014-05-28,dev,tbill,2.35961833831801
2014-05-29,dev,tbill,2.364049576208065
2014-05-30,dev,tbill,2.375200763807089
2014-06-02,dev,tbill,2.374875288655737
2014-06-03,dev,tbill,2.3727939054187446
2014-06-04,dev,tbill,2.3879583322603666
2014-06-05,dev,tbill,2.407845195240789
2014-06-06,dev,tbill,2.4095349095837846
2014-06-09,dev,tbill,2.3995457723789286
2014-06-10,dev,tbill,2.3901285456567933
2014-06-11,dev,tbill,2.3818975433457665
2014-06-12,dev,tbill,2.3794951747049264
2014-06-13,dev,tbill,2.3877407121959835
2014-06-16,dev,tbill,2.38371140608671
2014-06-17,dev,tbill,2.3942689887561643
2014-06-18,dev,tbill,2.422706520665809
2014-06-19,dev,tbill,2.433849149847965
2014-06-20,dev,tbill,2.4348449004878603
2014-06-23,dev,tbill,2.4168582404442125
2014-06-24,dev,tbill,2.411159798805491
2014-06-25,dev,tbill,2.4098535069803626
2014-06-26,dev,tbill,2.4000789365771253
2014-06-27,dev,tbill,2.410288268478395
2014-06-30,dev,tbill,2.4203944857143824
2014-07-01,dev,tbill,2.4244996192528987
2014-07-02,dev,tbill,2.409089547814919
2014-07-03,dev,tbill,2.406342077939976
2014-07-07,dev,tbill,2.4081415917296365
2014-07-08,dev,tbill,2.412383506016992
2014-07-09,dev,tbill,2.4080172965494215
2014-07-10,dev,tbill,2.402581457096936
2014-07-11,dev,tbill,2.3940554714235533
2014-07-14,dev,tbill,2.3869495405271657
2014-07-15,dev,tbill,2.387762265256893
2014-07-16,dev,tbill,2.369136539167539
2014-07-17,dev,tbill,2.354970753279056
2014-07-18,dev,tbill,2.382287849197784
2014-07-21,dev,tbill,2.372586522170683
2014-07-22,dev,tbill,2.3745090514491842
2014-07-23,dev,tbill,2.3766443975335143
2014-07-24,dev,tbill,2.36625484282263
2014-07-25,dev,tbill,2.3547955064688217
2014-07-28,dev,tbill,2.3628046859306946
2014-07-29,dev,tbill,2.3455889248254067
2014-07-30,dev,tbill,2.317264594769333
2014-07-31,dev,tbill,2.280694706134278
2014-08-01,dev,tbill,2.2938140561528115
2014-08-04,dev,tbill,2.2959226532673993
2014-08-05,dev,tbill,2.280664946191775
2014-08-06,dev,tbill,2.278862903078471
2014-08-07,dev,tbill,2.2831286193978135
2014-08-08,dev,tbill,2.3130640069614836
2014-08-11,dev,tbill,2.319995386935126
2014-08-12,dev,tbill,2.3163823557955734
2014-08-13,dev,tbill,2.3262234258713166
2014-08-14,dev,tbill,2.3412609018745756
2014-08-15,dev,tbill,2.3379463903457682
2014-08-18,dev,tbill,2.347013572263033
2014-08-19,dev,tbill,2.3676102170934348
2014-08-20,dev,tbill,2.369021079302623
2014-08-21,dev,tbill,2.3724283952572436
2014-08-22,dev,tbill,2.3789799813639907
2014-08-25,dev,tbill,2.378431124825579
2014-08-26,dev,tbill,2.375744988216559
2014-08-27,dev,tbill,2.3841012068785026
2014-08-28,dev,tbill,2.3884903245978397
2014-08-29,dev,tbill,2.39437134404443
2014-09-02,dev,tbill,2.3958789863567174
2014-09-03,dev,tbill,2.3981314534376765
2014-09-04,dev,tbill,2.395782795907165
2014-09-05,dev,tbill,2.4179550640837535
2014-09-08,dev,tbill,2.413511710204315
2014-09-09,dev,tbill,2.3940894781404047
2014-09-10,dev,tbill,2.386148649580521
2014-09-11,dev,tbill,2.3935714716524994
2014-09-12,dev,tbill,2.3604362761216438
2014-09-15,dev,tbill,2.3580478616808334
2014-09-16,dev,tbill,2.3792448269324606
2014-09-17,dev,tbill,2.376478744818745
2014-09-18,dev,tbill,2.372175200469798
2014-09-19,dev,tbill,2.369705963422275
2014-09-22,dev,tbill,2.347467478018973
2014-09-23,dev,tbill,2.333774267045273
2014-09-24,dev,tbill,2.347199644338103
2014-09-25,dev,tbill,2.3267191215800045
2014-09-26,dev,tbill,2.3431310561284384
2014-09-29,dev,tbill,2.3472483013674412
2014-09-30,dev,tbill,2.345538769805542
2014-10-01,dev,tbill,2.3386314475363945
2014-10-02,dev,tbill,2.352633500053427
2014-10-03,dev,tbill,2.3687746286061184
2014-10-06,dev,tbill,2.3650051100417064
2014-10-07,dev,tbill,2.3524150092149494
2014-10-08,dev,tbill,2.3988476926385016
2014-10-09,dev,tbill,2.381863115263696
2014-10-10,dev,tbill,2.3907695916606717
2014-10-13,dev,tbill,2.39058986065738
2014-10-14,dev,tbill,2.423742058886147
2014-10-15,dev,tbill,2.4087863569516546
2014-10-16,dev,tbill,2.398783729424286
2014-10-17,dev,tbill,2.4058204809781274
2014-10-20,dev,tbill,2.4313307964621
2014-10-21,dev,tbill,2.458188614739164
2014-10-22,dev,tbill,2.4633531630485646
2014-10-23,dev,tbill,2.467271186760919
2014-10-24,dev,tbill,2.475837899140294
2014-10-27,dev,tbill,2.484570903147045
2014-10-28,dev,tbill,2.492357364969276
2014-10-29,dev,tbill,2.480199105062162
2014-10-30,dev,tbill,2.5086638590983408
2014-10-31,dev,tbill,2.527272582186714
2014-11-03,dev,tbill,2.5350706171219826
2014-11-04,dev,tbill,2.5271343066682523
2014-11-05,dev,tbill,2.5441083016435977
2014-11-06,dev,tbill,2.548636783710802
2014-11-07,dev,tbill,2.5452528517301776
2014-11-10,dev,tbill,2.5546878092732666
2014-11-11,dev,tbill,2.5493629853765594
2014-11-12,dev,tbill,2.543028201148983
2014-11-13,dev,tbill,2.541299576246275
2014-11-14,dev,tbill,2.525765048327951
2014-11-17,dev,tbill,2.5259321348465127
2014-11-18,dev,tbill,2.5294978139772826
2014-11-19,dev,tbill,2.5278951928400497
2014-11-20,dev,tbill,2.5284833657020167
2014-11-21,dev,tbill,2.568602872622429
2014-11-24,dev,tbill,2.5646525034872223
2014-11-25,dev,tbill,2.5702373410034487
2014-11-26,dev,tbill,2.581356537398213
2014-11-28,dev,tbill,2.6015438978855205
2014-12-01,dev,tbill,2.583840876290169
2014-12-02,dev,tbill,2.6010868944623624
2014-12-03,dev,tbill,2.6061749056785466
2014-12-04,dev,tbill,2.598528481858586
2014-12-05,dev,tbill,2.5941854063742116
2014-12-08,dev,tbill,2.599951756335567
2014-12-09,dev,tbill,2.6092032981285573
2014-12-10,dev,tbill,2.5852137974664373
2014-12-11,dev,tbill,2.600889686895609
2014-12-12,dev,tbill,2.577347943925628
2014-12-15,dev,tbill,2.5574151586420926
2014-12-16,dev,tbill,2.5505276613440757
2014-12-17,dev,tbill,2.590536185032448
2014-12-18,dev,tbill,2.6288661914716873
2014-12-19,dev,tbill,2.6486288456058906
2014-12-22,dev,tbill,2.660111552894737
2014-12-23,dev,tbill,2.6738289797847625
2014-12-24,dev,tbill,2.682625300423847
2014-12-26,dev,tbill,2.693905687647026
2014-12-29,dev,tbill,2.7193295977963485
2014-12-30,dev,tbill,2.702239357530516
2014-12-31,dev,tbill,2.660308076075681
2015-01-02,dev,tbill,2.6558523366449487
2015-01-05,dev,tbill,2.6385277247283767
2015-01-06,dev,tbill,2.6359071191128804
2015-01-07,dev,tbill,2.670150327250293
2015-01-08,dev,tbill,2.71031928166911
2015-01-09,dev,tbill,2.6908853448653103
2015-01-12,dev,tbill,2.6840859776917654
2015-01-13,dev,tbill,2.6972559980481385
2015-01-14,dev,tbill,2.6933190309854593
2015-01-15,dev,tbill,2.697612694650373
2015-01-16,dev,tbill,2.7243276484989205
2015-01-20,dev,tbill,2.7204890051712125
2015-01-21,dev,tbill,2.7238369664703845
2015-01-22,dev,tbill,2.754512554096065
2015-01-23,dev,tbill,2.7394998203361185
2015-01-26,dev,tbill,2.741548020847895
2015-01-27,dev,tbill,2.7262137946933875
2015-01-28,dev,tbill,2.6978803117789423
2015-01-29,dev,tbill,2.7104798640105847
2015-01-30,dev,tbill,2.6659941185726472
2015-02-02,dev,tbill,2.6877299454396577
2015-02-03,dev,tbill,2.7156549244729873
2015-02-04,dev,tbill,2.7202136341838856
2015-02-05,dev,tbill,2.7504979455838234
2015-02-06,dev,tbill,2.7135007026436915
2015-02-09,dev,tbill,2.6979234518370405
2015-02-10,dev,tbill,2.710222865790664
2015-02-11,dev,tbill,2.698387014133179
2015-02-12,dev,tbill,2.7164356581761937
2015-02-13,dev,tbill,2.714599623736409
2015-02-17,dev,tbill,2.7021366779430496
2015-02-18,dev,tbill,2.719232697029044
2015-02-19,dev,tbill,2.694186510990958
2015-02-20,dev,tbill,2.7130898942769113
2015-02-23,dev,tbill,2.715585363017678
2015-02-24,dev,tbill,2.717547353301616
2015-02-25,dev,tbill,2.7206594864353275
2015-02-26,dev,tbill,2.710589962110687
2015-02-27,dev,tbill,2.70680765897657
2015-03-02,dev,tbill,2.716495983357397
2015-03-03,dev,tbill,2.7159788091229813
2015-03-04,dev,tbill,2.6930252504138057
2015-03-05,dev,tbill,2.7002133950896687
2015-03-06,dev,tbill,2.655969169486744
2015-03-09,dev,tbill,2.6718302468273367
2015-03-10,dev,tbill,2.6398603177800397
2015-03-11,dev,tbill,2.6354790484655144
2015-03-12,dev,tbill,2.680612444900487
2015-03-13,dev,tbill,2.660693355737363
2015-03-16,dev,tbill,2.677995090620025
2015-03-17,dev,tbill,2.6712278833050074
2015-03-18,dev,tbill,2.699487762730904
2015-03-19,dev,tbill,2.694019683659946
2015-03-20,dev,tbill,2.7298929236493397
2015-03-23,dev,tbill,2.730478034689394
2015-03-24,dev,tbill,2.7146489234136846
2015-03-25,dev,tbill,2.6917903392548563
2015-03-26,dev,tbill,2.6847139845674617
2015-03-27,dev,tbill,2.6885642164727614
2015-03-30,dev,tbill,2.7225962359512774
2015-03-31,dev,tbill,2.706832483288979
2015-04-01,dev,tbill,2.7062452743688983
2015-04-02,dev,tbill,2.72787078865499
2015-04-06,dev,tbill,2.74489371675759
2015-04-07,dev,tbill,2.728380476317202
2015-04-08,dev,tbill,2.73743762076775
2015-04-09,dev,tbill,2.731646387397108
2015-04-10,dev,tbill,2.741987042733163
2015-04-13,dev,tbill,2.7250612192633805
2015-04-14,dev,tbill,2.732322514687459
2015-04-15,dev,tbill,2.7332538917943636
2015-04-16,dev,tbill,2.730457371029261
2015-04-17,dev,tbill,2.700852625658
2015-04-20,dev,tbill,2.7191708310161657
2015-04-21,dev,tbill,2.7155936868821104
2015-04-22,dev,tbill,2.7181676464069855
2015-04-23,dev,tbill,2.7185095495092293
2015-04-24,dev,tbill,2.701943214122389
2015-04-27,dev,tbill,2.688313455743021
2015-04-28,dev,tbill,2.7004152855143633
2015-04-29,dev,tbill,2.6765869671135314
2015-04-30,dev,tbill,2.659187711830592
2015-05-01,dev,tbill,2.6786353057448737
2015-05-04,dev,tbill,2.692384616742416
2015-05-05,dev,tbill,2.659683232692474
2015-05-06,dev,tbill,2.661242797609985
2015-05-07,dev,tbill,2.676568197741652
2015-05-08,dev,tbill,2.700538872744754
2015-05-11,dev,tbill,2.691223603571274
2015-05-12,dev,tbill,2.689844336286358
2015-05-13,dev,tbill,2.6804043732215757
2015-05-14,dev,tbill,2.7224099290841273
2015-05-15,dev,tbill,2.738406487501278
2015-05-18,dev,tbill,2.739111522923081
2015-05-19,dev,tbill,2.741827431691111
2015-05-20,dev,tbill,2.7469626903172815
2015-05-21,dev,tbill,2.7414837156751526
2015-05-22,dev,tbill,2.74140952264288
2015-05-26,dev,tbill,2.72969840337904
2015-05-27,dev,tbill,2.7460108778508823
2015-05-28,dev,tbill,2.7447711754631077
2015-05-29,dev,tbill,2.7225319183286243
2015-06-01,dev,tbill,2.727516467235628
2015-06-02,dev,tbill,2.720754913886191
2015-06-03,dev,tbill,2.7263146816611674
2015-06-04,dev,tbill,2.7191706875650814
2015-06-05,dev,tbill,2.699283117947931
2015-06-08,dev,tbill,2.6864191839226943
2015-06-09,dev,tbill,2.676040353459337
2015-06-10,dev,tbill,2.709241357588224
2015-06-11,dev,tbill,2.723068833560018
2015-06-12,dev,tbill,2.70590521896043
2015-06-15,dev,tbill,2.6910317174752265
2015-06-16,dev,tbill,2.718890360716901
2015-06-17,dev,tbill,2.7381511272753842
2015-06-18,dev,tbill,2.77020949749637
2015-06-19,dev,tbill,2.757284867926514
2015-06-22,dev,tbill,2.752658321444257
2015-06-23,dev,tbill,2.7445389293022195
2015-06-24,dev,tbill,2.719831762590107
2015-06-25,dev,tbill,2.709747578924255
2015-06-26,dev,tbill,2.7193778397845016
2015-06-29,dev,tbill,2.6760522964299533
2015-06-30,dev,tbill,2.682292233704553
2015-07-01,dev,tbill,2.7296033900685206
2015-07-02,dev,tbill,2.741533916755333
2015-07-06,dev,tbill,2.7357564647072787
2015-07-07,dev,tbill,2.765972744044407
2015-07-08,dev,tbill,2.7379754413143482
2015-07-09,dev,tbill,2.7361649987639147
2015-07-10,dev,tbill,2.7600049224752445
2015-07-13,dev,tbill,2.781231525007793
2015-07-14,dev,tbill,2.7786088320855007
2015-07-15,dev,tbill,2.785161046629347
2015-07-16,dev,tbill,2.8039572580082277
2015-07-17,dev,tbill,2.7935269935101994
2015-07-20,dev,tbill,2.8006230412695574
2015-07-21,dev,tbill,2.800841095979494
2015-07-22,dev,tbill,2.802042718768864
2015-07-23,dev,tbill,2.7851138237252475
2015-07-24,dev,tbill,2.7814383990085325
2015-07-27,dev,tbill,2.775734009208917
2015-07-28,dev,tbill,2.7893013897404546
2015-07-29,dev,tbill,2.8084928226245114
2015-07-30,dev,tbill,2.8256275949469654
2015-07-31,dev,tbill,2.845144614200777
2015-08-03,dev,tbill,2.850218279348192
2015-08-04,dev,tbill,2.841980823610349
2015-08-05,dev,tbill,2.834811584379191
2015-08-06,dev,tbill,2.8210162359454767
2015-08-07,dev,tbill,2.827891780223371
2015-08-10,dev,tbill,2.8385048461192843
2015-08-11,dev,tbill,2.833513844086951
2015-08-12,dev,tbill,2.8445570299146734
2015-08-13,dev,tbill,2.8479167807019605
2015-08-14,dev,tbill,2.8642908258392885
2015-08-17,dev,tbill,2.8860796118670393
2015-08-18,dev,tbill,2.877588927494715
2015-08-19,dev,tbill,2.8633570721637924
2015-08-20,dev,tbill,2.825963266922546
2015-08-21,dev,tbill,2.7772939214178027
2015-08-24,dev,tbill,2.6632614246838426
2015-08-25,dev,tbill,2.6256585211390866
2015-08-26,dev,tbill,2.6812414900616517
2015-08-27,dev,tbill,2.726529389814283
2015-08-28,dev,tbill,2.723377289902259
2015-08-31,dev,tbill,2.700576362413532
2015-09-01,dev,tbill,2.655217153794416
2015-09-02,dev,tbill,2.680572571069989
2015-09-03,dev,tbill,2.6860520575140194
2015-09-04,dev,tbill,2.64669854169226
2015-09-08,dev,tbill,2.7088808498434194
2015-09-09,dev,tbill,2.6814390733969518
2015-09-10,dev,tbill,2.6759054104796274
2015-09-11,dev,tbill,2.705011414586186
2015-09-14,dev,tbill,2.7086439401430495
2015-09-15,dev,tbill,2.737858433362352
2015-09-16,dev,tbill,2.747864569033423
2015-09-17,dev,tbill,2.757992508401494
2015-09-18,dev,tbill,2.733625167610299
2015-09-21,dev,tbill,2.7580219979207232
2015-09-22,dev,tbill,2.7307810747508108
2015-09-23,dev,tbill,2.7351453689571863
2015-09-24,dev,tbill,2.7230588863372174
2015-09-25,dev,tbill,2.740962695860755
2015-09-28,dev,tbill,2.701555103407438
2015-09-29,dev,tbill,2.7034418981813135
2015-09-30,dev,tbill,2.7319952429572654
2015-10-01,dev,tbill,2.737261803184908
2015-10-02,dev,tbill,2.766117965647839
2015-10-05,dev,tbill,2.804926779233705
2015-10-06,dev,tbill,2.7735582984703533
2015-10-07,dev,tbill,2.788840603951047
2015-10-08,dev,tbill,2.8238148329787194
2015-10-09,dev,tbill,2.816988920888118
2015-10-12,dev,tbill,2.8296761651103126
2015-10-13,dev,tbill,2.81163794907806
2015-10-14,dev,tbill,2.798924913321703
2015-10-15,dev,tbill,2.832835867528887
2015-10-16,dev,tbill,2.8420043040177565
2015-10-19,dev,tbill,2.8523151587673454
2015-10-20,dev,tbill,2.8664921204654883
2015-10-21,dev,tbill,2.848048098853568
2015-10-22,dev,tbill,2.8746244538225114
2015-10-23,dev,tbill,2.86777191177554
2015-10-26,dev,tbill,2.8682812189728275
2015-10-27,dev,tbill,2.8609282170748216
2015-10-28,dev,tbill,2.8755483430239597
2015-10-29,dev,tbill,2.871637938581438
2015-10-30,dev,tbill,2.8526186116993837
2015-11-02,dev,tbill,2.8788363776531405
2015-11-03,dev,tbill,2.8681180995013555
2015-11-04,dev,tbill,2.8589372399717634
2015-11-05,dev,tbill,2.8670148652582585
2015-11-06,dev,tbill,2.829889101264502
2015-11-09,dev,tbill,2.8132246371369045
2015-11-10,dev,tbill,2.831424770566652
2015-11-11,dev,tbill,2.8433590895912872
2015-11-12,dev,tbill,2.8173159687635287
2015-11-13,dev,tbill,2.7874744270742395
2015-11-16,dev,tbill,2.8142605635466076
2015-11-17,dev,tbill,2.8134726031710824
2015-11-18,dev,tbill,2.8430778018323672
2015-11-19,dev,tbill,2.8474652993272365
2015-11-20,dev,tbill,2.869624725056784
2015-11-23,dev,tbill,2.8624628826407514
2015-11-24,dev,tbill,2.853051097912509
2015-11-25,dev,tbill,2.854742205966672
2015-11-27,dev,tbill,2.864919585723665
2015-11-30,dev,tbill,2.857438644128848
2015-12-01,dev,tbill,2.882083108279186
2015-12-02,dev,tbill,2.8512360044909384
2015-12-03,dev,tbill,2.826542442490016
2015-12-04,dev,tbill,2.8723477439884135
2015-12-07,dev,tbill,2.872096162463434
2015-12-08,dev,tbill,2.8562269234415956
2015-12-09,dev,tbill,2.830015348735182
2015-12-10,dev,tbill,2.823944995147908
2015-12-11,dev,tbill,2.7987779488139224
2015-12-14,dev,tbill,2.7897263642189682
2015-12-15,dev,tbill,2.811930565437745
2015-12-16,dev,tbill,2.850447689097908
2015-12-17,dev,tbill,2.825095033504003
2015-12-18,dev,tbill,2.7910230349103333
2015-12-21,dev,tbill,2.8047871916128244
2015-12-22,dev,tbill,2.8288294267025624
2015-12-23,dev,tbill,2.845800499647061
2015-12-24,dev,tbill,2.8485814870925243
2015-12-28,dev,tbill,2.8576375799519105
2015-12-29,dev,tbill,2.8846435504606185
2015-12-30,dev,tbill,2.864423556571824
2015-12-31,dev,tbill,2.834651069377918
2016-01-04,dev,tbill,2.802068229190157
2016-01-05,dev,tbill,2.8372237038047654
2016-01-06,dev,tbill,2.829091106111367
2016-01-07,dev,tbill,2.795670656781166
2016-01-08,dev,tbill,2.7720476617130787
2016-01-11,dev,tbill,2.7776707503943463
2016-01-12,dev,tbill,2.7816012778896284
2016-01-13,dev,tbill,2.7548810726467443
2016-01-14,dev,tbill,2.7673180497054877
2016-01-15,dev,tbill,2.729486565651781
2016-01-19,dev,tbill,2.759418249843593
2016-01-20,dev,tbill,2.7010043352096806
2016-01-21,dev,tbill,2.7097513417458874
2016-01-22,dev,tbill,2.7639515024557264
2016-01-25,dev,tbill,2.765264420348903
2016-01-26,dev,tbill,2.8051413408005135
2016-01-27,dev,tbill,2.7754819090290943
2016-01-28,dev,tbill,2.7856287782938307
2016-01-29,dev,tbill,2.8426740403851674
2016-02-01,dev,tbill,2.844887648446671
2016-02-02,dev,tbill,2.8297484007836946
2016-02-03,dev,tbill,2.8438876513298377
2016-02-04,dev,tbill,2.8306837867637697
2016-02-05,dev,tbill,2.8068519770875864
2016-02-08,dev,tbill,2.783847417371244
2016-02-09,dev,tbill,2.7821049966596063
2016-02-10,dev,tbill,2.765287306727451
2016-02-11,dev,tbill,2.757584612270117
2016-02-12,dev,tbill,2.7984876562320222
2016-02-16,dev,tbill,2.831617346967061
2016-02-17,dev,tbill,2.8546259232474487
2016-02-18,dev,tbill,2.866893057791805
2016-02-19,dev,tbill,2.8711314952907574
2016-02-22,dev,tbill,2.8845232831996723
2016-02-23,dev,tbill,2.871725018057608
2016-02-24,dev,tbill,2.8677593375490527
2016-02-25,dev,tbill,2.901701514143292
2016-02-26,dev,tbill,2.8745794706307626
2016-02-29,dev,tbill,2.860754759190237
2016-03-01,dev,tbill,2.9051840252153562
2016-03-02,dev,tbill,2.904421249011559
2016-03-03,dev,tbill,2.9129130565513255
2016-03-04,dev,tbill,2.92010229669013
2016-03-07,dev,tbill,2.9091342198515435
2016-03-08,dev,tbill,2.8936731969681335
2016-03-09,dev,tbill,2.9016231081836907
2016-03-10,dev,tbill,2.8950529053259113
2016-03-11,dev,tbill,2.923382973683012
2016-03-14,dev,tbill,2.9212183941358103
2016-03-15,dev,tbill,2.9210779348539475
2016-03-16,dev,tbill,2.9350983280795657
2016-03-17,dev,tbill,2.963967815105569
2016-03-18,dev,tbill,2.9519467632173355
2016-03-21,dev,tbill,2.955523894097307
2016-03-22,dev,tbill,2.9535018643674733
2016-03-23,dev,tbill,2.9446184271224753
2016-03-24,dev,tbill,2.9542873786052732
2016-03-28,dev,tbill,2.9642127956209134
2016-03-29,dev,tbill,2.99283957412728
2016-03-30,dev,tbill,3.0002184728319987
2016-03-31,dev,tbill,3.0061881282782523
2016-04-01,dev,tbill,3.018929730396095
2016-04-04,dev,tbill,3.010803282104453
2016-04-05,dev,tbill,2.971432157021001
2016-04-06,dev,tbill,2.984100617945447
2016-04-07,dev,tbill,2.9695924380478904
2016-04-08,dev,tbill,2.9818547374180358
2016-04-11,dev,tbill,2.9559056705128692
2016-04-12,dev,tbill,2.9778674660062525
2016-04-13,dev,tbill,2.9882020770658673
2016-04-14,dev,tbill,2.9697828834451014
2016-04-15,dev,tbill,2.9785230996819334
2016-04-18,dev,tbill,2.988054844402677
2016-04-19,dev,tbill,2.9737000358012224
2016-04-20,dev,tbill,2.946220047024372
2016-04-21,dev,tbill,2.920846073123934
2016-04-22,dev,tbill,2.931641398484814
2016-04-25,dev,tbill,2.9327453409374535
2016-04-26,dev,tbill,2.933998539010187
2016-04-27,dev,tbill,2.9191069205845452
2016-04-28,dev,tbill,2.9081072693227488
2016-04-29,dev,tbill,2.8715098901389586
2016-05-02,dev,tbill,2.8916326958908036
2016-05-03,dev,tbill,2.8881858446954936
2016-05-04,dev,tbill,2.896735631977664
2016-05-05,dev,tbill,2.893564230812187
2016-05-06,dev,tbill,2.9145598948359983
2016-05-09,dev,tbill,2.9430516892464578
2016-05-10,dev,tbill,2.9601486330669817
2016-05-11,dev,tbill,2.935509827438434
2016-05-12,dev,tbill,2.9502810836661193
2016-05-13,dev,tbill,2.935501766078585
2016-05-16,dev,tbill,2.950563967389541
2016-05-17,dev,tbill,2.9117490828510073
2016-05-18,dev,tbill,2.902998001479927
2016-05-19,dev,tbill,2.886513324749022
2016-05-20,dev,tbill,2.9189652681483245
2016-05-23,dev,tbill,2.9174950972935143
2016-05-24,dev,tbill,2.9558065788979424
2016-05-25,dev,tbill,2.952853462002143
2016-05-26,dev,tbill,2.9675269126097312
2016-05-27,dev,tbill,2.9772160541494728
2016-05-31,dev,tbill,2.977601717450837
2016-06-01,dev,tbill,2.9896996092996146
2016-06-02,dev,tbill,2.996206278441257
2016-06-03,dev,tbill,2.9984407893537206
2016-06-06,dev,tbill,2.9979954157688034
2016-06-07,dev,tbill,2.9930911510604643
2016-06-08,dev,tbill,3.002302355399867
2016-06-09,dev,tbill,3.008227408413376
2016-06-10,dev,tbill,2.9931413894473864
2016-06-13,dev,tbill,2.973851083013158
2016-06-14,dev,tbill,2.968923933969757
2016-06-15,dev,tbill,2.967462321985138
2016-06-16,dev,tbill,2.9814519301199254
2016-06-17,dev,tbill,2.974605162258695
2016-06-20,dev,tbill,2.9792733072509043
2016-06-21,dev,tbill,2.984053524434661
2016-06-22,dev,tbill,3.004652358421182
2016-06-23,dev,tbill,3.0265788713263357
2016-06-24,dev,tbill,2.9738979534955874
2016-06-27,dev,tbill,2.979372751583421
2016-06-28,dev,tbill,3.013442580746517
2016-06-29,dev,tbill,3.050617687170681
2016-06-30,dev,tbill,3.096859826172252
2016-07-01,dev,tbill,3.0819958517175654
2016-07-05,dev,tbill,3.073711076839048
2016-07-06,dev,tbill,3.073263124926741
2016-07-07,dev,tbill,3.0817930423208493
2016-07-08,dev,tbill,3.1158513446321816
2016-07-11,dev,tbill,3.129547622390726
2016-07-12,dev,tbill,3.130047536111384
2016-07-13,dev,tbill,3.132396554902472
2016-07-14,dev,tbill,3.1347637334437666
2016-07-15,dev,tbill,3.1295717243738173
2016-07-18,dev,tbill,3.1234820769129454
2016-07-19,dev,tbill,3.1220808749344267
2016-07-20,dev,tbill,3.1222160533252326
2016-07-21,dev,tbill,3.1372979610451948
2016-07-22,dev,tbill,3.167916867909508
2016-07-25,dev,tbill,3.1525786106883835
2016-07-26,dev,tbill,3.14247453137503
2016-07-27,dev,tbill,3.148718558798279
2016-07-28,dev,tbill,3.137204297260834
2016-07-29,dev,tbill,3.1343956680732092
2016-08-01,dev,tbill,3.1422699461914507
2016-08-02,dev,tbill,3.1123215085735487
2016-08-03,dev,tbill,3.093123123670052
2016-08-04,dev,tbill,3.086114732546514
2016-08-05,dev,tbill,3.102615930919814
2016-08-08,dev,tbill,3.1004063252463547
2016-08-09,dev,tbill,3.1065237892985893
2016-08-10,dev,tbill,3.11970857464098
2016-08-11,dev,tbill,3.114192656566797
2016-08-12,dev,tbill,3.113892356092292
2016-08-15,dev,tbill,3.116577814521555
2016-08-16,dev,tbill,3.095900869778495
2016-08-17,dev,tbill,3.1092502484083755
2016-08-18,dev,tbill,3.116146675608603
2016-08-19,dev,tbill,3.0920494358337347
2016-08-22,dev,tbill,3.0993043714560673
2016-08-23,dev,tbill,3.101267389933571
2016-08-24,dev,tbill,3.091190437701063
2016-08-25,dev,tbill,3.0946499888539565
2016-08-26,dev,tbill,3.080771227265331
2016-08-29,dev,tbill,3.103850270261736
2016-08-30,dev,tbill,3.1013265080342785
2016-08-31,dev,tbill,3.10298035874734
2016-09-01,dev,tbill,3.119097946020178
2016-09-02,dev,tbill,3.1387472112950925
2016-09-06,dev,tbill,3.154978396804892
2016-09-07,dev,tbill,3.156821187598485
2016-09-08,dev,tbill,3.149083777077608
2016-09-09,dev,tbill,3.074490698968987
2016-09-12,dev,tbill,3.0888787639865467
2016-09-13,dev,tbill,3.046310438304336
2016-09-14,dev,tbill,3.040731129928044
2016-09-15,dev,tbill,3.0605294420662874
2016-09-16,dev,tbill,3.049849754968508
2016-09-19,dev,tbill,3.0551268342084326
2016-09-20,dev,tbill,3.0511830825029174
2016-09-21,dev,tbill,3.0805441304400025
2016-09-22,dev,tbill,3.114757214421997
2016-09-23,dev,tbill,3.095024707417934
2016-09-26,dev,tbill,3.0952577057955084
2016-09-27,dev,tbill,3.100166750157828
2016-09-28,dev,tbill,3.1251569102312398
2016-09-29,dev,tbill,3.1040936194390603
2016-09-30,dev,tbill,3.0898983052366584
2016-10-03,dev,tbill,3.0683012659172864
2016-10-04,dev,tbill,3.054681589950044
2016-10-05,dev,tbill,3.017562843545182
2016-10-06,dev,tbill,3.0109396186751285
2016-10-07,dev,tbill,3.0239124792318144
2016-10-10,dev,tbill,3.0280513285552497
2016-10-11,dev,tbill,2.998505870231166
2016-10-12,dev,tbill,3.024113032141751
2016-10-13,dev,tbill,3.019168996289226
2016-10-14,dev,tbill,3.01934611646418
2016-10-17,dev,tbill,3.018011371137144
2016-10-18,dev,tbill,3.017500435128914
2016-10-19,dev,tbill,3.0191682770783275
2016-10-20,dev,tbill,3.0009519604481216
2016-10-21,dev,tbill,2.986282864728204
2016-10-24,dev,tbill,3.003318959137234
2016-10-25,dev,tbill,3.0004195351577008
2016-10-26,dev,tbill,2.9820463102373975
2016-10-27,dev,tbill,2.912811266499498
2016-10-28,dev,tbill,2.9273316019245295
2016-10-31,dev,tbill,2.960578324305779
2016-11-01,dev,tbill,2.9387542862093317
2016-11-02,dev,tbill,2.926433425872595
2016-11-03,dev,tbill,2.895720359157418
2016-11-04,dev,tbill,2.903902820150042
2016-11-07,dev,tbill,2.95088302090255
2016-11-08,dev,tbill,2.9928575239327246
2016-11-09,dev,tbill,2.997651010780569
2016-11-10,dev,tbill,2.998839809825993
2016-11-11,dev,tbill,3.0131053923761284
2016-11-14,dev,tbill,3.034462542475727
2016-11-15,dev,tbill,3.0409921459221487
2016-11-16,dev,tbill,3.0281553694577634
2016-11-17,dev,tbill,3.0312149553170133
2016-11-18,dev,tbill,3.0322342749654196
2016-11-21,dev,tbill,3.0144588049607175
2016-11-22,dev,tbill,3.0455990799766535
2016-11-23,dev,tbill,3.047082276575228
2016-11-25,dev,tbill,3.061920735836666
2016-11-28,dev,tbill,3.0511712557676063
2016-11-29,dev,tbill,3.0666740080445534
2016-11-30,dev,tbill,3.03928533571849
2016-12-01,dev,tbill,3.035678800402073
2016-12-02,dev,tbill,3.0355140662622553
2016-12-05,dev,tbill,3.0362820322986073
2016-12-06,dev,tbill,3.054546774946526
2016-12-07,dev,tbill,3.1014824871928908
2016-12-08,dev,tbill,3.109365636768733
2016-12-09,dev,tbill,3.104358423870697
2016-12-12,dev,tbill,3.100579090157889
2016-12-13,dev,tbill,3.097392676870078
2016-12-14,dev,tbill,3.072812952056612
2016-12-15,dev,tbill,3.0673959713027763
2016-12-16,dev,tbill,3.081577961693875
2016-12-19,dev,tbill,3.1074254549194005
2016-12-20,dev,tbill,3.1203688057274417
2016-12-21,dev,tbill,3.1119975212248163
2016-12-22,dev,tbill,3.110273313317762
2016-12-23,dev,tbill,3.1081766879361257
2016-12-27,dev,tbill,3.1117912494917093
2016-12-28,dev,tbill,3.0890936639966364
2016-12-29,dev,tbill,3.102893774739333
2016-12-30,dev,tbill,3.112938350693257
2017-01-03,dev,tbill,3.1158143766658846
2017-01-04,dev,tbill,3.142265145400199
2017-01-05,dev,tbill,3.1481950290919047
2017-01-06,dev,tbill,3.159756891535128
2017-01-09,dev,tbill,3.137490654417168
2017-01-10,dev,tbill,3.135319838207229
2017-01-11,dev,tbill,3.1254164934816853
2017-01-12,dev,tbill,3.1103226997251867
2017-01-13,dev,tbill,3.1017209629843303
2017-01-17,dev,tbill,3.100824800900201
2017-01-18,dev,tbill,3.1073232029920583
2017-01-19,dev,tbill,3.0909545313311044
2017-01-20,dev,tbill,3.092817945419119
2017-01-23,dev,tbill,3.113246927179577
2017-01-24,dev,tbill,3.1262990052305084
2017-01-25,dev,tbill,3.1130465842731
2017-01-26,dev,tbill,3.1236470229852062
2017-01-27,dev,tbill,3.10929653282459
2017-01-30,dev,tbill,3.0919785439537257
2017-01-31,dev,tbill,3.10900873213516
2017-02-01,dev,tbill,3.0903095403052867
2017-02-02,dev,tbill,3.1073316189497993
2017-02-03,dev,tbill,3.1371055108897274
2017-02-06,dev,tbill,3.1259260318176953
2017-02-07,dev,tbill,3.1273816601190956
2017-02-08,dev,tbill,3.143142150676621
2017-02-09,dev,tbill,3.169478950367227
2017-02-10,dev,tbill,3.200293517266292
2017-02-13,dev,tbill,3.2016424400816157
2017-02-14,dev,tbill,3.1807168925957208
2017-02-15,dev,tbill,3.187243672896857
2017-02-16,dev,tbill,3.201661837835363
2017-02-17,dev,tbill,3.2354483068938644
2017-02-21,dev,tbill,3.2568257786392243
2017-02-22,dev,tbill,3.2454541480676644
2017-02-23,dev,tbill,3.2596667015015814
2017-02-24,dev,tbill,3.261799026454664
2017-02-27,dev,tbill,3.2741507361305864
2017-02-28,dev,tbill,3.25939831469697
2017-03-01,dev,tbill,3.2780590289916844
2017-03-02,dev,tbill,3.2652746537176593
2017-03-03,dev,tbill,3.2618023228160005
2017-03-06,dev,tbill,3.2540016241652117
2017-03-07,dev,tbill,3.2420157849496807
2017-03-08,dev,tbill,3.224193926250991
2017-03-09,dev,tbill,3.1987208792807347
2017-03-10,dev,tbill,3.215972688143155
2017-03-13,dev,tbill,3.207829035522585
2017-03-14,dev,tbill,3.209851594635227
2017-03-15,dev,tbill,3.2532238972443865
2017-03-16,dev,tbill,3.2497055630129164
2017-03-17,dev,tbill,3.2766801129156287
2017-03-20,dev,tbill,3.272612324419843
2017-03-21,dev,tbill,3.2493156189593653
2017-03-22,dev,tbill,3.26662718804232
2017-03-23,dev,tbill,3.2698897278801313
2017-03-24,dev,tbill,3.262784777649803
2017-03-27,dev,tbill,3.259103928355602
2017-03-28,dev,tbill,3.282345506044979
2017-03-29,dev,tbill,3.2819306033174946
2017-03-30,dev,tbill,3.2865361311185723
2017-03-31,dev,tbill,3.2957218949017175
2017-04-03,dev,tbill,3.2812093133474023
2017-04-04,dev,tbill,3.28692285640503
2017-04-05,dev,tbill,3.2785904130546504
2017-04-06,dev,tbill,3.2882346687275037
2017-04-07,dev,tbill,3.2860846317943047
2017-04-10,dev,tbill,3.298549689407657
2017-04-11,dev,tbill,3.3121058385924282
2017-04-12,dev,tbill,3.2923336597972086
2017-04-13,dev,tbill,3.2827512827313923
2017-04-17,dev,tbill,3.332536460903476
2017-04-18,dev,tbill,3.3666735239914822
2017-04-19,dev,tbill,3.36872602120841
2017-04-20,dev,tbill,3.384548594169122
2017-04-21,dev,tbill,3.3903910956296146
2017-04-24,dev,tbill,3.383384025936135
2017-04-25,dev,tbill,3.3889693162229553
2017-04-26,dev,tbill,3.386553193902983
2017-04-27,dev,tbill,3.354646719239043
2017-04-28,dev,tbill,3.3051793415777864
2017-05-01,dev,tbill,3.306822174503953
2017-05-02,dev,tbill,3.282884616340608
2017-05-03,dev,tbill,3.2838762581436263
2017-05-04,dev,tbill,3.2900506071532534
2017-05-05,dev,tbill,3.2989721962785246
2017-05-08,dev,tbill,3.2827775344804873
2017-05-09,dev,tbill,3.266916945158378
2017-05-10,dev,tbill,3.2849077912509963
2017-05-11,dev,tbill,3.259021124369192
2017-05-12,dev,tbill,3.2459242211995485
2017-05-15,dev,tbill,3.275550670396344
2017-05-16,dev,tbill,3.261749617013881
2017-05-17,dev,tbill,3.265244998830298
2017-05-18,dev,tbill,3.273561437256883
2017-05-19,dev,tbill,3.306317114804561
2017-05-22,dev,tbill,3.321111798405251
2017-05-23,dev,tbill,3.3191301590584494
2017-05-24,dev,tbill,3.327072420176156
2017-05-25,dev,tbill,3.334217570606992
2017-05-26,dev,tbill,3.324987622188241
2017-05-30,dev,tbill,3.313130309307131
2017-05-31,dev,tbill,3.3238878345887195
2017-06-01,dev,tbill,3.3326237960465024
2017-06-02,dev,tbill,3.3464489602230185
2017-06-05,dev,tbill,3.336525065072326
2017-06-06,dev,tbill,3.3092572395435575
2017-06-07,dev,tbill,3.329934259350259
2017-06-08,dev,tbill,3.311200952098276
2017-06-09,dev,tbill,3.3117465321932653
2017-06-12,dev,tbill,3.347405683424654
2017-06-13,dev,tbill,3.3717312516039186
2017-06-14,dev,tbill,3.3809024592013497
2017-06-15,dev,tbill,3.400327111858434
2017-06-16,dev,tbill,3.4210024207749012
2017-06-19,dev,tbill,3.4315433301690503
2017-06-20,dev,tbill,3.417004888203582
2017-06-21,dev,tbill,3.414156785756135
2017-06-22,dev,tbill,3.4091923690377386
2017-06-23,dev,tbill,3.4202092268898823
2017-06-26,dev,tbill,3.4243607673603518
2017-06-27,dev,tbill,3.410112335575169
2017-06-28,dev,tbill,3.423155218424937
2017-06-29,dev,tbill,3.404237339101484
2017-06-30,dev,tbill,3.4192741701737406
2017-07-03,dev,tbill,3.4282684383744155
2017-07-05,dev,tbill,3.4245048942420455
2017-07-06,dev,tbill,3.3838179514784885
2017-07-07,dev,tbill,3.4060169773599456
2017-07-10,dev,tbill,3.3871018021768027
2017-07-11,dev,tbill,3.376612890791562
2017-07-12,dev,tbill,3.403448493815102
2017-07-13,dev,tbill,3.4073374621585346
2017-07-14,dev,tbill,3.4279455317350345
2017-07-17,dev,tbill,3.4417608010758793
2017-07-18,dev,tbill,3.4553231205914177
2017-07-19,dev,tbill,3.4758041448186394
2017-07-20,dev,tbill,3.462740469081998
2017-07-21,dev,tbill,3.4850156775309116
2017-07-24,dev,tbill,3.46719296762157
2017-07-25,dev,tbill,3.467839280600549
2017-07-26,dev,tbill,3.471620687532829
2017-07-27,dev,tbill,3.424738052971107
2017-07-28,dev,tbill,3.428623906545479
2017-07-31,dev,tbill,3.4452018257296686
2017-08-01,dev,tbill,3.444696017216388
2017-08-02,dev,tbill,3.4415277925748877
2017-08-03,dev,tbill,3.439914038368508
2017-08-04,dev,tbill,3.462865870115725
2017-08-07,dev,tbill,3.4662463715042997
2017-08-08,dev,tbill,3.4589980878054774
2017-08-09,dev,tbill,3.448374059932521
2017-08-10,dev,tbill,3.4169402047156567
2017-08-11,dev,tbill,3.410328425413791
2017-08-14,dev,tbill,3.4338142078902347
2017-08-15,dev,tbill,3.4129835834805498
2017-08-16,dev,tbill,3.4163846895092913
2017-08-17,dev,tbill,3.383019471741658
2017-08-18,dev,tbill,3.3637788066822027
2017-08-21,dev,tbill,3.385888329991721
2017-08-22,dev,tbill,3.412342990552764
2017-08-23,dev,tbill,3.422915247016941
2017-08-24,dev,tbill,3.415297707445938
2017-08-25,dev,tbill,3.423366734832799
2017-08-28,dev,tbill,3.412158763212367
2017-08-29,dev,tbill,3.4098298479612414
2017-08-30,dev,tbill,3.4286511213092856
2017-08-31,dev,tbill,3.455769599226626
2017-09-01,dev,tbill,3.4601800255287727
2017-09-05,dev,tbill,3.461347424235242
2017-09-06,dev,tbill,3.4660602660349427
2017-09-07,dev,tbill,3.490297253873598
2017-09-08,dev,tbill,3.4641438245308054
2017-09-11,dev,tbill,3.4187169690061103
2017-09-12,dev,tbill,3.419218855321574
2017-09-13,dev,tbill,3.3705725210034716
2017-09-14,dev,tbill,3.3760808558609607
2017-09-15,dev,tbill,3.376338072576855
2017-09-18,dev,tbill,3.3791279339020797
2017-09-19,dev,tbill,3.370782324969915
2017-09-20,dev,tbill,3.3859611623883348
2017-09-21,dev,tbill,3.4022079734433786
2017-09-22,dev,tbill,3.427505521638662
2017-09-25,dev,tbill,3.422829009753906
2017-09-26,dev,tbill,3.435662175232704
2017-09-27,dev,tbill,3.438100703402171
2017-09-28,dev,tbill,3.4355569210804946
2017-09-29,dev,tbill,3.457716143483273
2017-10-02,dev,tbill,3.450361791646378
2017-10-03,dev,tbill,3.4576126336907778
2017-10-04,dev,tbill,3.478713345355607
2017-10-05,dev,tbill,3.4934175406860626
2017-10-06,dev,tbill,3.4965070733321046
2017-10-09,dev,tbill,3.4960987175076115
2017-10-10,dev,tbill,3.5071975528625425
2017-10-11,dev,tbill,3.501601618108894
2017-10-12,dev,tbill,3.504711011327325
2017-10-13,dev,tbill,3.5211494084350607
2017-10-16,dev,tbill,3.5058281362454693
2017-10-17,dev,tbill,3.5058417088403404
2017-10-18,dev,tbill,3.509434496800597
2017-10-19,dev,tbill,3.5156597730865626
2017-10-20,dev,tbill,3.5175598549714784
2017-10-23,dev,tbill,3.549999665741357
2017-10-24,dev,tbill,3.539392095975561
2017-10-25,dev,tbill,3.509185899221411
2017-10-26,dev,tbill,3.512640426333789
2017-10-27,dev,tbill,3.5325550738398435
2017-10-30,dev,tbill,3.526029597941099
2017-10-31,dev,tbill,3.529278271828995
2017-11-01,dev,tbill,3.5355622692359616
2017-11-02,dev,tbill,3.5577863391720257
2017-11-03,dev,tbill,3.5751374937141795
2017-11-06,dev,tbill,3.5831768897761203
2017-11-07,dev,tbill,3.5902725086949974
2017-11-08,dev,tbill,3.6059894888456685
2017-11-09,dev,tbill,3.580648405104278
2017-11-10,dev,tbill,3.566263585533784
2017-11-13,dev,tbill,3.570947850271953
2017-11-14,dev,tbill,3.5792746971413565
2017-11-15,dev,tbill,3.575470673596665
2017-11-16,dev,tbill,3.606627862075273
2017-11-17,dev,tbill,3.601997288058981
2017-11-20,dev,tbill,3.593996941917385
2017-11-21,dev,tbill,3.6004864390310565
2017-11-22,dev,tbill,3.599252106652047
2017-11-24,dev,tbill,3.61225299019183
2017-11-27,dev,tbill,3.6147551912741647
2017-11-28,dev,tbill,3.6322798129678286
2017-11-29,dev,tbill,3.642874732152854
2017-11-30,dev,tbill,3.7056535828005375
2017-12-01,dev,tbill,3.6853106338655395
2017-12-04,dev,tbill,3.691211123378454
2017-12-05,dev,tbill,3.684468553624934
2017-12-06,dev,tbill,3.6778415592316778
2017-12-07,dev,tbill,3.69704060586891
2017-12-08,dev,tbill,3.712159649147038
2017-12-11,dev,tbill,3.7270638873371857
2017-12-12,dev,tbill,3.722247674140657
2017-12-13,dev,tbill,3.725978520477626
2017-12-14,dev,tbill,3.715717577869005
2017-12-15,dev,tbill,3.752228588011817
2017-12-18,dev,tbill,3.765363502637408
2017-12-19,dev,tbill,3.73453536481986
2017-12-20,dev,tbill,3.716592720762034
2017-12-21,dev,tbill,3.716589021944928
2017-12-22,dev,tbill,3.713930948892001
2017-12-26,dev,tbill,3.7189387162511607
2017-12-27,dev,tbill,3.7292785265712523
2017-12-28,dev,tbill,3.7410121119332094
2017-12-29,dev,tbill,3.729991113955095
2018-01-02,dev,tbill,3.7020195426133555
2018-01-03,dev,tbill,3.7218678284532594
2018-01-04,dev,tbill,3.6990333996272446
2018-01-05,dev,tbill,3.713695523307573
2018-01-08,dev,tbill,3.7206451709207338
2018-01-09,dev,tbill,3.7110138292181336
2018-01-10,dev,tbill,3.689261964551203
2018-01-11,dev,tbill,3.7030649228811465
2018-01-12,dev,tbill,3.7037481939258834
2018-01-16,dev,tbill,3.6989541553973564
2018-01-17,dev,tbill,3.725675166649722
2018-01-18,dev,tbill,3.699747944377871
2018-01-19,dev,tbill,3.733641046150399
2018-01-22,dev,tbill,3.758122820393138
2018-01-23,dev,tbill,3.781784220956833
2018-01-24,dev,tbill,3.776145133899301
2018-01-25,dev,tbill,3.7901922866813003
2018-01-26,dev,tbill,3.7942468938094627
2018-01-29,dev,tbill,3.7560192927370606
2018-01-30,dev,tbill,3.7310830642688853
2018-01-31,dev,tbill,3.7531667426245225
2018-02-01,dev,tbill,3.7278886909711284
2018-02-02,dev,tbill,3.6810434872044673
2018-02-05,dev,tbill,3.596020953200728
2018-02-06,dev,tbill,3.5997499074480306
2018-02-07,dev,tbill,3.595156251884141
2018-02-08,dev,tbill,3.5274506510836185
2018-02-09,dev,tbill,3.5495500608637
2018-02-12,dev,tbill,3.570115511810239
2018-02-13,dev,tbill,3.5876264531646993
2018-02-14,dev,tbill,3.5693848039259986
2018-02-15,dev,tbill,3.622161268298674
2018-02-16,dev,tbill,3.6311190019259527
2018-02-20,dev,tbill,3.588766300473665
2018-02-21,dev,tbill,3.5651430158820547
2018-02-22,dev,tbill,3.589740373841668
2018-02-23,dev,tbill,3.6348630987318367
2018-02-26,dev,tbill,3.6364517619550356
2018-02-27,dev,tbill,3.5820015630710684
2018-02-28,dev,tbill,3.553011905350048
2018-03-01,dev,tbill,3.5575838824615262
2018-03-02,dev,tbill,3.5737325809240286
2018-03-05,dev,tbill,3.616444825912741
2018-03-06,dev,tbill,3.625084350958821
2018-03-07,dev,tbill,3.6339786613092713
2018-03-08,dev,tbill,3.661335692792276
2018-03-09,dev,tbill,3.683895094029922
2018-03-12,dev,tbill,3.6744903236133064
2018-03-13,dev,tbill,3.656995184495441
2018-03-14,dev,tbill,3.655037799636554
2018-03-15,dev,tbill,3.6621312094967458
2018-03-16,dev,tbill,3.6863947066580045
2018-03-19,dev,tbill,3.664710370404802
2018-03-20,dev,tbill,3.6719025894662765
2018-03-21,dev,tbill,3.6626084058724375
2018-03-22,dev,tbill,3.6242328034866915
2018-03-23,dev,tbill,3.576479654901464
2018-03-26,dev,tbill,3.626148137829527
2018-03-27,dev,tbill,3.6355663596968344
2018-03-28,dev,tbill,3.6865764013730447
2018-03-29,dev,tbill,3.6813582827764533
2018-04-02,dev,tbill,3.634781249188519
2018-04-03,dev,tbill,3.6709558694036377
2018-04-04,dev,tbill,3.6996481455579944
2018-04-05,dev,tbill,3.7095189656765144
2018-04-06,dev,tbill,3.6716547869402487
2018-04-09,dev,tbill,3.669267458981791
2018-04-10,dev,tbill,3.6730581976082397
2018-04-11,dev,tbill,3.676012998048771
2018-04-12,dev,tbill,3.6464021043864427
2018-04-13,dev,tbill,3.655692184536439
2018-04-16,dev,tbill,3.6613539828753123
2018-04-17,dev,tbill,3.697831251849072
2018-04-18,dev,tbill,3.671993115089412
2018-04-19,dev,tbill,3.6667433951846897
2018-04-20,dev,tbill,3.6519624777312143
2018-04-23,dev,tbill,3.664988438570124
2018-04-24,dev,tbill,3.6776046678985423
2018-04-25,dev,tbill,3.6714964915038797
2018-04-26,dev,tbill,3.6919343679967906
2018-04-27,dev,tbill,3.7187166864994934
2018-04-30,dev,tbill,3.6995605788471453
2018-05-01,dev,tbill,3.701508991145629
2018-05-02,dev,tbill,3.651703953501666
2018-05-03,dev,tbill,3.6706254736746224
2018-05-04,dev,tbill,3.705304345484804
2018-05-07,dev,tbill,3.726620126879343
2018-05-08,dev,tbill,3.7335234718743076
2018-05-09,dev,tbill,3.7425289070436203
2018-05-10,dev,tbill,3.769073749113903
2018-05-11,dev,tbill,3.772946961087481
2018-05-14,dev,tbill,3.7471525991752754
2018-05-15,dev,tbill,3.7105174336391182
2018-05-16,dev,tbill,3.7065089355677467
2018-05-17,dev,tbill,3.7072560156586216
2018-05-18,dev,tbill,3.7126679596081598
2018-05-21,dev,tbill,3.7429726585850993
2018-05-22,dev,tbill,3.7222541893951377
2018-05-23,dev,tbill,3.7513331986597347
2018-05-24,dev,tbill,3.749547489374844
2018-05-25,dev,tbill,3.772052300545372
2018-05-29,dev,tbill,3.770322449376148
2018-05-30,dev,tbill,3.8020905703591357
2018-05-31,dev,tbill,3.773579895385576
2018-06-01,dev,tbill,3.8010798512356128
2018-06-04,dev,tbill,3.8563724630411222
2018-06-05,dev,tbill,3.86231633714541
2018-06-06,dev,tbill,3.9023539287692226
2018-06-07,dev,tbill,3.9428179997614965
2018-06-08,dev,tbill,3.9748171046122405
2018-06-11,dev,tbill,3.948611779876853
2018-06-12,dev,tbill,4.001435609853028
2018-06-13,dev,tbill,3.9609170772832445
2018-06-14,dev,tbill,3.9981608348084623
2018-06-15,dev,tbill,3.9906229187693127
2018-06-18,dev,tbill,4.00005072669334
2018-06-19,dev,tbill,3.980224829795275
2018-06-20,dev,tbill,4.006691087414426
2018-06-21,dev,tbill,4.006454822057388
2018-06-22,dev,tbill,4.006673968319354
2018-06-25,dev,tbill,3.9855241022224974
2018-06-26,dev,tbill,3.9929451594408807
2018-06-27,dev,tbill,3.979052940550526
2018-06-28,dev,tbill,3.999494974223753
2018-06-29,dev,tbill,4.011692036225813
2018-07-02,dev,tbill,4.014128974446643
2018-07-03,dev,tbill,4.02395294186378
2018-07-05,dev,tbill,4.066709729624182
2018-07-06,dev,tbill,4.080209091741252
2018-07-09,dev,tbill,4.084681113788665
2018-07-10,dev,tbill,4.08243780426235
2018-07-11,dev,tbill,4.082266522224573
2018-07-12,dev,tbill,4.087542466156825
2018-07-13,dev,tbill,4.075952130647505
2018-07-16,dev,tbill,4.051116596935552
2018-07-17,dev,tbill,4.031625841603776
2018-07-18,dev,tbill,3.9868111285928927
2018-07-19,dev,tbill,4.0099605485259975
2018-07-20,dev,tbill,3.9969829850624863
2018-07-23,dev,tbill,3.9863118703490885
2018-07-24,dev,tbill,3.958191685049644
2018-07-25,dev,tbill,3.9717042510871763
2018-07-26,dev,tbill,3.9776725064121523
2018-07-27,dev,tbill,3.936011759516471
2018-07-30,dev,tbill,3.95051931073467
2018-07-31,dev,tbill,3.9815700086813717
2018-08-01,dev,tbill,3.9692576113025195
2018-08-02,dev,tbill,3.977655393118307
2018-08-03,dev,tbill,4.006174620322206
2018-08-06,dev,tbill,4.024313134083597
2018-08-07,dev,tbill,4.019620217349066
2018-08-08,dev,tbill,4.006276361404332
2018-08-09,dev,tbill,4.019491846944063
2018-08-10,dev,tbill,4.012646536597644
2018-08-13,dev,tbill,4.006183672612132
2018-08-14,dev,tbill,4.034028938382941
2018-08-15,dev,tbill,4.053918344492683
2018-08-16,dev,tbill,4.079753482264551
2018-08-17,dev,tbill,4.117734586141276
2018-08-20,dev,tbill,4.113887872180974
2018-08-21,dev,tbill,4.108781424550667
2018-08-22,dev,tbill,4.082135711134249
2018-08-23,dev,tbill,4.078558313211349
2018-08-24,dev,tbill,4.08450365196955
2018-08-27,dev,tbill,4.08818330510926
2018-08-28,dev,tbill,4.105476564039975
2018-08-29,dev,tbill,4.098502176798196
2018-08-30,dev,tbill,4.0922335879055725
2018-08-31,dev,tbill,4.1054986799440885
2018-09-04,dev,tbill,4.10246365338304
2018-09-05,dev,tbill,4.08472917661714
2018-09-06,dev,tbill,4.096986575145988
2018-09-07,dev,tbill,4.085252625691246
2018-09-10,dev,tbill,4.090682969211743
2018-09-11,dev,tbill,4.083735882938206
2018-09-12,dev,tbill,4.09456666255482
2018-09-13,dev,tbill,4.107696224319696
2018-09-14,dev,tbill,4.0896268851494195
2018-09-17,dev,tbill,4.085818758412007
2018-09-18,dev,tbill,4.093674166337259
2018-09-19,dev,tbill,4.040028717258885
2018-09-20,dev,tbill,4.05434807716538
2018-09-21,dev,tbill,4.037853677346401
2018-09-24,dev,tbill,4.005522327717304
2018-09-25,dev,tbill,4.019113827240544
2018-09-26,dev,tbill,4.001815733473515
2018-09-27,dev,tbill,3.9754634981170884
2018-09-28,dev,tbill,3.977983367687592
2018-10-01,dev,tbill,3.937019037032032
2018-10-02,dev,tbill,3.9261015194269446
2018-10-03,dev,tbill,3.9058672432087516
2018-10-04,dev,tbill,3.8655303111714088
2018-10-05,dev,tbill,3.8671460918499863
2018-10-08,dev,tbill,3.8728684189139293
2018-10-09,dev,tbill,3.87888918009293
2018-10-10,dev,tbill,3.8112799854478796
2018-10-11,dev,tbill,3.764787339346063
2018-10-12,dev,tbill,3.7784608510443043
2018-10-15,dev,tbill,3.8006615292517143
2018-10-16,dev,tbill,3.8679559176764013
2018-10-17,dev,tbill,3.8509452185497657
2018-10-18,dev,tbill,3.8343136218234632
2018-10-19,dev,tbill,3.8296019632261182
2018-10-22,dev,tbill,3.8151976758018886
2018-10-23,dev,tbill,3.824284185348585
2018-10-24,dev,tbill,3.801186841597316
2018-10-25,dev,tbill,3.8016973978639057
2018-10-26,dev,tbill,3.7498565236828902
2018-10-29,dev,tbill,3.7855842410070917
2018-10-30,dev,tbill,3.8456511684705985
2018-10-31,dev,tbill,3.8363073705475426
2018-11-01,dev,tbill,3.8779892682692796
2018-11-02,dev,tbill,3.8621599777035565
2018-11-05,dev,tbill,3.8781661377363688
2018-11-06,dev,tbill,3.8878193846061118
2018-11-07,dev,tbill,3.9380105376671857
2018-11-08,dev,tbill,3.9447477780074456
2018-11-09,dev,tbill,3.935476454357462
2018-11-12,dev,tbill,3.9161781821292916
2018-11-13,dev,tbill,3.9281576321960525
2018-11-14,dev,tbill,3.9075377198773054
2018-11-15,dev,tbill,3.9294149714734457
2018-11-16,dev,tbill,3.9783298435248065
2018-11-19,dev,tbill,3.976633280707228
2018-11-20,dev,tbill,3.949015629052726
2018-11-21,dev,tbill,3.971079194159866
2018-11-23,dev,tbill,3.965267908537486
2018-11-26,dev,tbill,3.993393177967008
2018-11-27,dev,tbill,3.9993083107408167
2018-11-28,dev,tbill,4.057026295254448
2018-11-29,dev,tbill,4.0528962900243455
2018-11-30,dev,tbill,4.093229473169992
2018-12-03,dev,tbill,4.115825878961198
2018-12-04,dev,tbill,4.034264115495611
2018-12-06,dev,tbill,4.05207654572978
2018-12-07,dev,tbill,3.9281005697679197
2018-12-10,dev,tbill,3.9327430161269956
2018-12-11,dev,tbill,3.9409905526599935
2018-12-12,dev,tbill,3.8998670238168174
2018-12-13,dev,tbill,3.910268868306529
2018-12-14,dev,tbill,3.9127196300067992
2018-12-17,dev,tbill,3.842374990399559
2018-12-18,dev,tbill,3.8608146164898365
2018-12-19,dev,tbill,3.815784796577724
2018-12-20,dev,tbill,3.7674035201809186
2018-12-21,dev,tbill,3.710680669986069
2018-12-24,dev,tbill,3.6297876760590717
2018-12-26,dev,tbill,3.7379845942567322
2018-12-27,dev,tbill,3.7576783034641354
2018-12-28,dev,tbill,3.7443848723877875
2018-12-31,dev,tbill,3.755039353391254
2007-01-03,dev,spy_always,1.0
2007-01-04,dev,spy_always,1.002122227887087
2007-01-05,dev,spy_always,0.9941290327210626
2007-01-08,dev,spy_always,0.9987268330336325
2007-01-09,dev,spy_always,0.9978782351107798
2007-01-10,dev,spy_always,1.0012021739601822
2007-01-11,dev,spy_always,1.0055884614141053
2007-01-12,dev,spy_always,1.0132280033764895
2007-01-16,dev,spy_always,1.0112470670049745
2007-01-17,dev,spy_always,1.0116717132148005
2007-01-18,dev,spy_always,1.008276318361346
2007-01-19,dev,spy_always,1.0102566374023723
2007-01-22,dev,spy_always,1.0071441342453056
2007-01-23,dev,spy_always,1.0101148057226228
2007-01-24,dev,spy_always,1.0182498325683966
2007-01-25,dev,spy_always,1.006295690655075
2007-01-26,dev,spy_always,1.0053757910607923
2007-01-29,dev,spy_always,1.0048101620006387
2007-01-30,dev,spy_always,1.010044584379548
2007-01-31,dev,spy_always,1.016834988254902
2007-02-01,dev,spy_always,1.022918317221908
2007-02-02,dev,spy_always,1.0243336245332695
2007-02-05,dev,spy_always,1.024616439063346
2007-02-06,dev,spy_always,1.024899253593423
2007-02-07,dev,spy_always,1.0271626186634595
2007-02-08,dev,spy_always,1.025818381524595
2007-02-09,dev,spy_always,1.0181792253937663
2007-02-12,dev,spy_always,1.0147132233656813
2007-02-13,dev,spy_always,1.0232721247581704
2007-02-14,dev,spy_always,1.0299922301241382
2007-02-15,dev,spy_always,1.0313360814314474
2007-02-16,dev,spy_always,1.0308411367122352
2007-02-20,dev,spy_always,1.0330339717739523
2007-02-21,dev,spy_always,1.0326094027304373
2007-02-22,dev,spy_always,1.031831334815904
2007-02-23,dev,spy_always,1.0277990863971767
2007-02-26,dev,spy_always,1.0268799584660047
2007-02-27,dev,spy_always,0.9867722281224441
2007-02-28,dev,spy_always,0.9968874968429331
2007-03-01,dev,spy_always,0.9939163623677494
2007-03-02,dev,spy_always,0.9809013380098174
2007-03-05,dev,spy_always,0.9715640600375505
2007-03-06,dev,spy_always,0.9881869181033167
2007-03-07,dev,spy_always,0.987196642833337
2007-03-08,dev,spy_always,0.995543568369313
2007-03-09,dev,spy_always,0.9958268458972563
2007-03-12,dev,spy_always,0.9973122973853815
2007-03-13,dev,spy_always,0.9779300492020114
2007-03-14,dev,spy_always,0.9852161694596883
2007-03-15,dev,spy_always,0.9865599436006864
2007-03-16,dev,spy_always,0.9837973896643288
2007-03-19,dev,spy_always,0.9956576201770765
2007-03-20,dev,spy_always,1.0011257021459101
2007-03-21,dev,spy_always,1.0176013268901518
2007-03-22,dev,spy_always,1.0168203266557978
2007-03-23,dev,spy_always,1.01831202861512
2007-03-26,dev,spy_always,1.0169626213334135
2007-03-27,dev,spy_always,1.0145474701294994
2007-03-28,dev,spy_always,1.0071620368294736
2007-03-29,dev,spy_always,1.008227240587504
2007-03-30,dev,spy_always,1.0084403739386831
2007-04-02,dev,spy_always,1.0095770337007655
2007-04-03,dev,spy_always,1.0204425132974912
2007-04-04,dev,spy_always,1.021578324230152
2007-04-05,dev,spy_always,1.0243483632986834
2007-04-09,dev,spy_always,1.025768069089776
2007-04-10,dev,spy_always,1.0269758761906662
2007-04-11,dev,spy_always,1.0227856683331757
2007-04-12,dev,spy_always,1.0273306868889727
2007-04-13,dev,spy_always,1.0320177686234524
2007-04-16,dev,spy_always,1.041818275961081
2007-04-17,dev,spy_always,1.0445882378633018
2007-04-18,dev,spy_always,1.0458664206398889
2007-04-19,dev,spy_always,1.0455819856172794
2007-04-20,dev,spy_always,1.0554537174600274
2007-04-23,dev,spy_always,1.0514772602842046
2007-04-24,dev,spy_always,1.0519026781571414
2007-04-25,dev,spy_always,1.061561199482399
2007-04-26,dev,spy_always,1.0627681577538675
2007-04-27,dev,spy_always,1.0619160101807055
2007-04-30,dev,spy_always,1.053110485258032
2007-05-01,dev,spy_always,1.055808528158334
2007-05-02,dev,spy_always,1.0619872346858246
2007-05-03,dev,spy_always,1.067739443012023
2007-05-04,dev,spy_always,1.0717875105245198
2007-05-07,dev,spy_always,1.0720006438756993
2007-05-08,dev,spy_always,1.0705801664214962
2007-05-09,dev,spy_always,1.073491960003466
2007-05-10,dev,spy_always,1.0622711295442562
2007-05-11,dev,spy_always,1.0713613981547834
2007-05-14,dev,spy_always,1.0690179344538548
2007-05-15,dev,spy_always,1.0693016749796644
2007-05-16,dev,spy_always,1.0766162696061266
2007-05-17,dev,spy_always,1.0744864794205549
2007-05-18,dev,spy_always,1.0838602570579585
2007-05-21,dev,spy_always,1.0832923901747837
2007-05-22,dev,spy_always,1.0824400882689997
2007-05-23,dev,spy_always,1.0825816884498156
2007-05-24,dev,spy_always,1.072781489777431
2007-05-25,dev,spy_always,1.077256132657531
2007-05-29,dev,spy_always,1.08116175115979
2007-05-30,dev,spy_always,1.0899676619140186
2007-05-31,dev,spy_always,1.0888313879834917
2007-06-01,dev,spy_always,1.0942285541124506
2007-06-04,dev,spy_always,1.0943713117879328
2007-06-05,dev,spy_always,1.0900389635854486
2007-06-06,dev,spy_always,1.0783208734176946
2007-06-07,dev,spy_always,1.058862462085297
2007-06-08,dev,spy_always,1.0726396580976818
2007-06-11,dev,spy_always,1.0744864794205546
2007-06-12,dev,spy_always,1.062768157753867
2007-06-13,dev,spy_always,1.0786760699475564
2007-06-14,dev,spy_always,1.0855645522042818
2007-06-15,dev,spy_always,1.0917413295739955
2007-06-18,dev,spy_always,1.0904573593240778
2007-06-19,dev,spy_always,1.093167363002596
2007-06-20,dev,spy_always,1.0779757856745829
2007-06-21,dev,spy_always,1.0839668237335476
2007-06-22,dev,spy_always,1.0737679067318568
2007-06-25,dev,spy_always,1.068633106060541
2007-06-26,dev,spy_always,1.0576495620078759
2007-06-27,dev,spy_always,1.0726979186625403
2007-06-28,dev,spy_always,1.0725557783175468
2007-06-29,dev,spy_always,1.0729123638410079
2007-07-02,dev,spy_always,1.0826118604774442
2007-07-03,dev,spy_always,1.0865347642333831
2007-07-05,dev,spy_always,1.0853937831578806
2007-07-06,dev,spy_always,1.0910999231963696
2007-07-09,dev,spy_always,1.0919554660872188
2007-07-10,dev,spy_always,1.0764068402378781
2007-07-11,dev,spy_always,1.0840387427354663
2007-07-12,dev,spy_always,1.1011554651920898
2007-07-13,dev,spy_always,1.1044365767388478
2007-07-16,dev,spy_always,1.1042943592275432
2007-07-17,dev,spy_always,1.1037237915234808
2007-07-18,dev,spy_always,1.1017271132245072
2007-07-19,dev,spy_always,1.1060059080071076
2007-07-20,dev,spy_always,1.0948082274412194
2007-07-23,dev,spy_always,1.098160409160474
2007-07-24,dev,spy_always,1.079117461246885
2007-07-25,dev,spy_always,1.0813281988927708
2007-07-26,dev,spy_always,1.0557231050519773
2007-07-27,dev,spy_always,1.0349679138620242
2007-07-30,dev,spy_always,1.0511589492510345
2007-07-31,dev,spy_always,1.0393190134780985
2007-08-01,dev,spy_always,1.0443826668106067
2007-08-02,dev,spy_always,1.0527278946877392
2007-08-03,dev,spy_always,1.0256250799153603
2007-08-06,dev,spy_always,1.0428137213739024
2007-08-07,dev,spy_always,1.0539404089336049
2007-08-08,dev,spy_always,1.0686331060605412
2007-08-09,dev,spy_always,1.0369653638241088
2007-08-10,dev,spy_always,1.0321149981754019
2007-08-13,dev,spy_always,1.0358237654181177
2007-08-14,dev,spy_always,1.0199903958809236
2007-08-15,dev,spy_always,1.005939799628413
2007-08-16,dev,spy_always,1.0135002461219487
2007-08-17,dev,spy_always,1.032114998175402
2007-08-20,dev,spy_always,1.0316162723069473
2007-08-21,dev,spy_always,1.0336843294436622
2007-08-22,dev,spy_always,1.045951843746245
2007-08-23,dev,spy_always,1.0450246133524104
2007-08-24,dev,spy_always,1.057934460028352
2007-08-27,dev,spy_always,1.0480918970511892
2007-08-28,dev,spy_always,1.0250545893776093
2007-08-29,dev,spy_always,1.0451676796931368
2007-08-30,dev,spy_always,1.0423859113453224
2007-08-31,dev,spy_always,1.0526562843510652
2007-09-04,dev,spy_always,1.0632833972128912
2007-09-05,dev,spy_always,1.05408262644491
2007-09-06,dev,spy_always,1.056507809269263
2007-09-07,dev,spy_always,1.041815189308638
2007-09-10,dev,spy_always,1.0398184338433534
2007-09-11,dev,spy_always,1.0519428818052097
2007-09-12,dev,spy_always,1.0546535028142163
2007-09-13,dev,spy_always,1.0620708829670256
2007-09-14,dev,spy_always,1.0619996584619067
2007-09-17,dev,spy_always,1.0562941357539062
2007-09-18,dev,spy_always,1.0873904614568548
2007-09-19,dev,spy_always,1.0938095410433328
2007-09-20,dev,spy_always,1.0861066455395592
2007-09-21,dev,spy_always,1.0890377306992969
2007-09-24,dev,spy_always,1.0870313294451284
2007-09-25,dev,spy_always,1.0848811673534335
2007-09-26,dev,spy_always,1.0906143156007977
2007-09-27,dev,spy_always,1.0970635672149047
2007-09-28,dev,spy_always,1.0934089707225612
2007-10-01,dev,spy_always,1.1057352857541805
2007-10-02,dev,spy_always,1.1042300025241099
2007-10-03,dev,spy_always,1.102008461594674
2007-10-04,dev,spy_always,1.1037278041716567
2007-10-05,dev,spy_always,1.1168424502371819
2007-10-08,dev,spy_always,1.1108948568113504
2007-10-09,dev,spy_always,1.1213568337674835
2007-10-10,dev,spy_always,1.1194943476834631
2007-10-11,dev,spy_always,1.1141192511194706
2007-10-12,dev,spy_always,1.120281598389014
2007-10-15,dev,spy_always,1.1108232464746761
2007-10-16,dev,spy_always,1.102008461594674
2007-10-17,dev,spy_always,1.1053768482392534
2007-10-18,dev,spy_always,1.1013635055667388
2007-10-19,dev,spy_always,1.0725559326501695
2007-10-22,dev,spy_always,1.0787903532542535
2007-10-23,dev,spy_always,1.087532987633404
2007-10-24,dev,spy_always,1.0855264320466131
2007-10-25,dev,spy_always,1.0881058703267983
2007-10-26,dev,spy_always,1.1008620017110855
2007-10-29,dev,spy_always,1.1045169840349842
2007-10-30,dev,spy_always,1.0968488133711929
2007-10-31,dev,spy_always,1.1082431136976911
2007-11-01,dev,spy_always,1.0823016519069373
2007-11-02,dev,spy_always,1.0835200307924444
2007-11-05,dev,spy_always,1.0752786687700142
2007-11-06,dev,spy_always,1.0897545285628396
2007-11-07,dev,spy_always,1.0599431762718527
2007-11-08,dev,spy_always,1.0545686198720376
2007-11-09,dev,spy_always,1.0400926829129011
2007-11-12,dev,spy_always,1.0297738494638056
2007-11-13,dev,spy_always,1.0611615551573597
2007-11-14,dev,spy_always,1.0582232163643812
2007-11-15,dev,spy_always,1.0429596428681385
2007-11-16,dev,spy_always,1.0447511359459731
2007-11-19,dev,spy_always,1.0302036658164733
2007-11-20,dev,spy_always,1.0365100825887872
2007-11-21,dev,spy_always,1.0152982983362244
2007-11-23,dev,spy_always,1.0328556404290659
2007-11-26,dev,spy_always,1.0100672712750023
2007-11-27,dev,spy_always,1.0216764026115237
2007-11-28,dev,spy_always,1.0543535573630816
2007-11-29,dev,spy_always,1.0547121492106306
2007-11-30,dev,spy_always,1.0653178870042899
2007-12-03,dev,spy_always,1.0582951353662997
2007-12-04,dev,spy_always,1.0488354716246735
2007-12-05,dev,spy_always,1.0663925050522707
2007-12-06,dev,spy_always,1.081656695879002
2007-12-07,dev,spy_always,1.081442096367912
2007-12-10,dev,spy_always,1.0898259845668914
2007-12-11,dev,spy_always,1.0599431762718523
2007-12-12,dev,spy_always,1.0704058477247853
2007-12-13,dev,spy_always,1.0681844611279714
2007-12-14,dev,spy_always,1.0546402302087117
2007-12-17,dev,spy_always,1.0395914105561808
2007-12-18,dev,spy_always,1.04539624630653
2007-12-19,dev,spy_always,1.04539624630653
2007-12-20,dev,spy_always,1.051989181591852
2007-12-21,dev,spy_always,1.06715375071099
2007-12-24,dev,spy_always,1.0750778820286055
2007-12-26,dev,spy_always,1.0773838429023537
2007-12-27,dev,spy_always,1.0638395348167828
2007-12-28,dev,spy_always,1.061173901767131
2007-12-31,dev,spy_always,1.0533216894514341
2008-01-02,dev,spy_always,1.0441003924447076
2008-01-03,dev,spy_always,1.0435961106018556
2008-01-04,dev,spy_always,1.0180214974539354
2008-01-07,dev,spy_always,1.0171565402731357
2008-01-08,dev,spy_always,1.0007311507974013
2008-01-09,dev,spy_always,1.011248918996439
2008-01-10,dev,spy_always,1.0178768877869877
2008-01-11,dev,spy_always,1.0096644631312093
2008-01-14,dev,spy_always,1.0178053546166244
2008-01-15,dev,spy_always,0.995400502028586
2008-01-16,dev,spy_always,0.9868268618706821
2008-01-17,dev,spy_always,0.9612524802216952
2008-01-18,dev,spy_always,0.951382446037791
2008-01-22,dev,spy_always,0.9417292491879977
2008-01-23,dev,spy_always,0.9643501674470363
2008-01-24,dev,spy_always,0.9724912132650737
2008-01-25,dev,spy_always,0.9584429320018951
2008-01-28,dev,spy_always,0.9742917348013038
2008-01-29,dev,spy_always,0.979118796224067
2008-01-30,dev,spy_always,0.9719145494224368
2008-01-31,dev,spy_always,0.9896370274209711
2008-02-01,dev,spy_always,1.0055577492222985
2008-02-04,dev,spy_always,0.9928787069827715
2008-02-05,dev,spy_always,0.9662952214839032
2008-02-06,dev,spy_always,0.9585149281701248
2008-02-07,dev,spy_always,0.9648543721235773
2008-02-08,dev,spy_always,0.9586590748392064
2008-02-11,dev,spy_always,0.9635576694323327
2008-02-12,dev,spy_always,0.9724912132650738
2008-02-13,dev,spy_always,0.9824325491204079
2008-02-14,dev,spy_always,0.9737876844573851
2008-02-15,dev,spy_always,0.9735715416200739
2008-02-19,dev,spy_always,0.9763092480042665
2008-02-20,dev,spy_always,0.9791904837270522
2008-02-21,dev,spy_always,0.9710500552395034
2008-02-22,dev,spy_always,0.9770294411854964
2008-02-25,dev,spy_always,0.9893489655817415
2008-02-26,dev,spy_always,0.9967683520586385
2008-02-27,dev,spy_always,0.995760097038179
2008-02-28,dev,spy_always,0.9860344410222895
2008-02-29,dev,spy_always,0.9640621056078066
2008-03-03,dev,spy_always,0.9617568392308582
2008-03-04,dev,spy_always,0.9580830283270578
2008-03-05,dev,spy_always,0.9641341017760363
2008-03-06,dev,spy_always,0.9441783535687832
2008-03-07,dev,spy_always,0.9344530062181381
2008-03-10,dev,spy_always,0.9221333274892709
2008-03-11,dev,spy_always,0.955272785610458
2008-03-12,dev,spy_always,0.9463397047755835
2008-03-13,dev,spy_always,0.9484289826478428
2008-03-14,dev,spy_always,0.933732427205353
2008-03-17,dev,spy_always,0.9242952188602486
2008-03-18,dev,spy_always,0.9626931752493992
2008-03-19,dev,spy_always,0.9388473189684127
2008-03-20,dev,spy_always,0.9562375959977845
2008-03-24,dev,spy_always,0.9753506880881373
2008-03-25,dev,spy_always,0.9762918855842756
2008-03-26,dev,spy_always,0.9643460776325495
2008-03-27,dev,spy_always,0.961304876146913
2008-03-28,dev,spy_always,0.9521108188479946
2008-03-31,dev,spy_always,0.955441162501216
2008-04-01,dev,spy_always,0.9890340498662589
2008-04-02,dev,spy_always,0.9896857965295682
2008-04-03,dev,spy_always,0.9921472475201251
2008-04-04,dev,spy_always,0.9910608230265501
2008-04-07,dev,spy_always,0.9915678056902895
2008-04-08,dev,spy_always,0.9905543805269882
2008-04-09,dev,spy_always,0.9833867105568059
2008-04-10,dev,spy_always,0.9847624315505877
2008-04-11,dev,spy_always,0.9656489536286796
2008-04-14,dev,spy_always,0.9623909919752431
2008-04-15,dev,spy_always,0.9646356827980005
2008-04-16,dev,spy_always,0.9907715265263433
2008-04-17,dev,spy_always,0.9922192436883548
2008-04-18,dev,spy_always,1.002572184646944
2008-04-21,dev,spy_always,1.0030793988096165
2008-04-22,dev,spy_always,0.9986629393280646
2008-04-23,dev,spy_always,0.9970698408359947
2008-04-24,dev,spy_always,1.0014141498166949
2008-04-25,dev,spy_always,1.0106808206143314
2008-04-28,dev,spy_always,1.0108985067778637
2008-04-29,dev,spy_always,1.0069165707939551
2008-04-30,dev,spy_always,1.0009797034853627
2008-05-01,dev,spy_always,1.0216858940677853
2008-05-02,dev,spy_always,1.0245092550572674
2008-05-05,dev,spy_always,1.0195861215772204
2008-05-06,dev,spy_always,1.0284184232098357
2008-05-07,dev,spy_always,1.0101019961149846
2008-05-08,dev,spy_always,1.0074957811248577
2008-05-09,dev,spy_always,1.0056130774673366
2008-05-12,dev,spy_always,1.016907061589442
2008-05-13,dev,spy_always,1.0170518255890122
2008-05-14,dev,spy_always,1.0191516752458882
2008-05-15,dev,spy_always,1.0318937623615603
2008-05-16,dev,spy_always,1.0328348826913876
2008-05-19,dev,spy_always,1.0356586295124248
2008-05-20,dev,spy_always,1.0272603112132752
2008-05-21,dev,spy_always,1.0098847729493183
2008-05-22,dev,spy_always,1.0100296141151994
2008-05-23,dev,spy_always,0.9964907076714034
2008-05-27,dev,spy_always,1.0038752921420073
2008-05-28,dev,spy_always,1.0085092062881587
2008-05-29,dev,spy_always,1.013576563603598
2008-05-30,dev,spy_always,1.0161110910907396
2008-06-02,dev,spy_always,1.0056130774673362
2008-06-03,dev,spy_always,0.9997486693248395
2008-06-04,dev,spy_always,0.999242535490522
2008-06-05,dev,spy_always,1.0192244430772281
2008-06-06,dev,spy_always,0.9867174400415826
2008-06-09,dev,spy_always,0.9891065090323545
2008-06-10,dev,spy_always,0.9841833755523075
2008-06-11,dev,spy_always,0.9697036574439284
2008-06-12,dev,spy_always,0.973395988262386
2008-06-13,dev,spy_always,0.9857038605456594
2008-06-16,dev,spy_always,0.9862828393776286
2008-06-17,dev,spy_always,0.9815046242297736
2008-06-18,dev,spy_always,0.9719480396014417
2008-06-19,dev,spy_always,0.9731787650967202
2008-06-20,dev,spy_always,0.9573820495572849
2008-06-23,dev,spy_always,0.9564364535814154
2008-06-24,dev,spy_always,0.9545448757981211
2008-06-25,dev,spy_always,0.9590558640107356
2008-06-26,dev,spy_always,0.9330076040454588
2008-06-27,dev,spy_always,0.9279144731821213
2008-06-30,dev,spy_always,0.9311884854282607
2008-07-01,dev,spy_always,0.9340994301808088
2008-07-02,dev,spy_always,0.9180918962795264
2008-07-03,dev,spy_always,0.9190374150890847
2008-07-07,dev,spy_always,0.9096512908419095
2008-07-08,dev,spy_always,0.9258045147384949
2008-07-09,dev,spy_always,0.9079781708852585
2008-07-10,dev,spy_always,0.91168879011944
2008-07-11,dev,spy_always,0.9010659214047229
2008-07-14,dev,spy_always,0.892916850290334
2008-07-15,dev,spy_always,0.8803290957968046
2008-07-16,dev,spy_always,0.901938981048185
2008-07-17,dev,spy_always,0.9109611118060361
2008-07-18,dev,spy_always,0.9166365396527186
2008-07-21,dev,spy_always,0.9171458373057901
2008-07-22,dev,spy_always,0.9275505568591085
2008-07-23,dev,spy_always,0.9325710742237276
2008-07-24,dev,spy_always,0.9132166059123434
2008-07-25,dev,spy_always,0.9129986110835665
2008-07-28,dev,spy_always,0.8996105647779153
2008-07-29,dev,spy_always,0.9188194202603078
2008-07-30,dev,spy_always,0.9351902531541147
2008-07-31,dev,spy_always,0.9228211879861619
2008-08-01,dev,spy_always,0.9179461291179122
2008-08-04,dev,spy_always,0.9094329101815771
2008-08-05,dev,spy_always,0.9339534315202614
2008-08-06,dev,spy_always,0.9381008120751073
2008-08-07,dev,spy_always,0.9241309317839773
2008-08-08,dev,spy_always,0.9413025194877725
2008-08-11,dev,spy_always,0.9510521742264051
2008-08-12,dev,spy_always,0.9411568294924696
2008-08-13,dev,spy_always,0.935481401645787
2008-08-14,dev,spy_always,0.9425393411216256
2008-08-15,dev,spy_always,0.9471227885003362
2008-08-18,dev,spy_always,0.9341718121805936
2008-08-19,dev,spy_always,0.9239851646223634
2008-08-20,dev,spy_always,0.9282783895051342
2008-08-21,dev,spy_always,0.9298788187967559
2008-08-22,dev,spy_always,0.9433398644326807
2008-08-25,dev,spy_always,0.9242034681163843
2008-08-26,dev,spy_always,0.926895569210734
2008-08-27,dev,spy_always,0.9359183172990736
2008-08-28,dev,spy_always,0.9472687871608835
2008-08-29,dev,spy_always,0.9370822167689643
2008-09-02,dev,spy_always,0.9312614847585341
2008-09-03,dev,spy_always,0.93046103861379
2008-09-04,dev,spy_always,0.9024480472023234
2008-09-05,dev,spy_always,0.9052858382919758
2008-09-08,dev,spy_always,0.9239851646223635
2008-09-09,dev,spy_always,0.8965547016931751
2008-09-10,dev,spy_always,0.9001928617612605
2008-09-11,dev,spy_always,0.9132166059123435
2008-09-12,dev,spy_always,0.9174368314648407
2008-09-15,dev,spy_always,0.8737806854729707
2008-09-16,dev,spy_always,0.8884052447472308
2008-09-17,dev,spy_always,0.8484600266547866
2008-09-18,dev,spy_always,0.87363514981029
2008-09-19,dev,spy_always,0.9083305122616105
2008-09-22,dev,spy_always,0.8877661533589373
2008-09-23,dev,spy_always,0.867568257267542
2008-09-24,dev,spy_always,0.8703493311185568
2008-09-25,dev,spy_always,0.8839608510610711
2008-09-26,dev,spy_always,0.8844000817036899
2008-09-29,dev,spy_always,0.8150968633978036
2008-09-30,dev,spy_always,0.8488334344340616
2008-10-01,dev,spy_always,0.8493457415732649
2008-10-02,dev,spy_always,0.8185367060464355
2008-10-03,dev,spy_always,0.8074859501368271
2008-10-06,dev,spy_always,0.7663578496619687
2008-10-07,dev,spy_always,0.7320360493225452
2008-10-08,dev,spy_always,0.7135941498058916
2008-10-09,dev,spy_always,0.6637572137961323
2008-10-10,dev,spy_always,0.6476578519846747
2008-10-13,dev,spy_always,0.7416958053087794
2008-10-14,dev,spy_always,0.7307185888936223
2008-10-15,dev,spy_always,0.6587809898940681
2008-10-16,dev,spy_always,0.6862241080982723
2008-10-17,dev,spy_always,0.6821260368162011
2008-10-20,dev,spy_always,0.7231075984663349
2008-10-21,dev,spy_always,0.7015191654494323
2008-10-22,dev,spy_always,0.6633183689850692
2008-10-23,dev,spy_always,0.6710025130752527
2008-10-24,dev,spy_always,0.6369730187221676
2008-10-27,dev,spy_always,0.6143599714268584
2008-10-28,dev,spy_always,0.6861508772690657
2008-10-29,dev,spy_always,0.6811748076996236
2008-10-30,dev,spy_always,0.7047391612778217
2008-10-31,dev,spy_always,0.7086173085733394
2008-11-03,dev,spy_always,0.7106668457953969
2008-11-04,dev,spy_always,0.7348165830093828
2008-11-05,dev,spy_always,0.7039340851544134
2008-11-06,dev,spy_always,0.6649283668992642
2008-11-07,dev,spy_always,0.6868831855611339
2008-11-10,dev,spy_always,0.677881889707272
2008-11-11,dev,spy_always,0.6569516081574978
2008-11-12,dev,spy_always,0.6280446450322683
2008-11-13,dev,spy_always,0.6671969021121423
2008-11-14,dev,spy_always,0.6338993302195699
2008-11-17,dev,spy_always,0.6254835723341182
2008-11-18,dev,spy_always,0.6372659420389948
2008-11-19,dev,spy_always,0.5964304947988749
2008-11-20,dev,spy_always,0.5521553592427455
2008-11-21,dev,spy_always,0.5819402434890347
2008-11-24,dev,spy_always,0.6222634993394178
2008-11-25,dev,spy_always,0.6268741092596255
2008-11-26,dev,spy_always,0.6510970001365072
2008-11-28,dev,spy_always,0.6592934513658939
2008-12-01,dev,spy_always,0.6008944887280468
2008-12-02,dev,spy_always,0.6240196116636262
2008-12-03,dev,spy_always,0.6390220543632031
2008-12-04,dev,spy_always,0.6242390726523134
2008-12-05,dev,spy_always,0.6434860868755307
2008-12-08,dev,spy_always,0.6659525953461152
2008-12-09,dev,spy_always,0.6549756104298913
2008-12-10,dev,spy_always,0.6594397586916855
2008-12-11,dev,spy_always,0.6435590862058044
2008-12-12,dev,spy_always,0.6512431531296766
2008-12-15,dev,spy_always,0.6421686650297634
2008-12-16,dev,spy_always,0.6723926641692046
2008-12-17,dev,spy_always,0.6658796731821526
2008-12-18,dev,spy_always,0.6534387661785923
2008-12-19,dev,spy_always,0.6506282147967481
2008-12-22,dev,spy_always,0.6422911665485894
2008-12-23,dev,spy_always,0.6356515842282247
2008-12-24,dev,spy_always,0.6393402882300618
2008-12-26,dev,spy_always,0.6430289536487435
2008-12-29,dev,spy_always,0.6411849874793802
2008-12-30,dev,spy_always,0.6563825066133457
2008-12-31,dev,spy_always,0.6657519629373294
2009-01-02,dev,spy_always,0.6858189849651475
2009-01-05,dev,spy_always,0.6850076583705423
2009-01-06,dev,spy_always,0.6895815371266801
2009-01-07,dev,spy_always,0.6689241928191655
2009-01-08,dev,spy_always,0.6716542597385622
2009-01-09,dev,spy_always,0.6572675270350242
2009-01-12,dev,spy_always,0.6414794927055845
2009-01-13,dev,spy_always,0.6426604073470663
2009-01-14,dev,spy_always,0.6224456118335465
2009-01-15,dev,spy_always,0.6226666933147663
2009-01-16,dev,spy_always,0.627536080459152
2009-01-20,dev,spy_always,0.59441066660658
2009-01-21,dev,spy_always,0.6200847471294713
2009-01-22,dev,spy_always,0.6104941321579568
2009-01-23,dev,spy_always,0.6131500036692583
2009-01-26,dev,spy_always,0.6173551432079412
2009-01-27,dev,spy_always,0.6236258319782289
2009-01-28,dev,spy_always,0.6447257636628937
2009-01-29,dev,spy_always,0.6237736826302417
2009-01-30,dev,spy_always,0.6110842615218758
2009-02-02,dev,spy_always,0.6092397937714906
2009-02-03,dev,spy_always,0.6177978463345579
2009-02-04,dev,spy_always,0.6147728111910907
2009-02-05,dev,spy_always,0.6239210317012326
2009-02-06,dev,spy_always,0.6417010757678263
2009-02-09,dev,spy_always,0.6425866363536822
2009-02-10,dev,spy_always,0.6131500036692583
2009-02-11,dev,spy_always,0.6167649752608667
2009-02-12,dev,spy_always,0.617207562638017
2009-02-13,dev,spy_always,0.6105681732334299
2009-02-17,dev,spy_always,0.5844513510007663
2009-02-18,dev,spy_always,0.5830493934612203
2009-02-19,dev,spy_always,0.5767784731919994
2009-02-20,dev,spy_always,0.5711714532800816
2009-02-23,dev,spy_always,0.5507358077842753
2009-02-24,dev,spy_always,0.5716143879056317
2009-02-25,dev,spy_always,0.5671136628123896
2009-02-26,dev,spy_always,0.5578917870583301
2009-02-27,dev,spy_always,0.5454239104290503
2009-03-02,dev,spy_always,0.5208565491395455
2009-03-03,dev,spy_always,0.5169464935743999
2009-03-04,dev,spy_always,0.5291930958066824
2009-03-05,dev,spy_always,0.5075768829177941
2009-03-06,dev,spy_always,0.5084621348384057
2009-03-09,dev,spy_always,0.5024864142921885
2009-03-10,dev,spy_always,0.5324392895976804
2009-03-11,dev,spy_always,0.5359067192025202
2009-03-12,dev,spy_always,0.5570066894703405
2009-03-13,dev,spy_always,0.5613592166631698
2009-03-16,dev,spy_always,0.5596622908995531
2009-03-17,dev,spy_always,0.576778473191999
2009-03-18,dev,spy_always,0.58968936161314
2009-03-19,dev,spy_always,0.58238572460285
2009-03-20,dev,spy_always,0.5699841724179361
2009-03-23,dev,spy_always,0.6109254146705348
2009-03-24,dev,spy_always,0.5988883961391224
2009-03-25,dev,spy_always,0.6052041114519203
2009-03-26,dev,spy_always,0.6175386446956687
2009-03-27,dev,spy_always,0.6063931285560646
2009-03-30,dev,spy_always,0.5854394270308803
2009-03-31,dev,spy_always,0.5908634856192475
2009-04-01,dev,spy_always,0.6023060534733211
2009-04-02,dev,spy_always,0.6199163702387132
2009-04-03,dev,spy_always,0.6260837333184761
2009-04-06,dev,spy_always,0.6211794670014861
2009-04-07,dev,spy_always,0.6066898716052899
2009-04-08,dev,spy_always,0.6132288290560175
2009-04-09,dev,spy_always,0.6376004579974894
2009-04-13,dev,spy_always,0.6377493503947017
2009-04-14,dev,spy_always,0.6267522636544436
2009-04-15,dev,spy_always,0.633439573338206
2009-04-16,dev,spy_always,0.6427275420376982
2009-04-17,dev,spy_always,0.647037319094194
2009-04-20,dev,spy_always,0.6199163702387132
2009-04-21,dev,spy_always,0.6320279314266206
2009-04-22,dev,spy_always,0.628164252814429
2009-04-23,dev,spy_always,0.6343312686457921
2009-04-24,dev,spy_always,0.6439165977249982
2009-04-27,dev,spy_always,0.6378237387185747
2009-04-28,dev,spy_always,0.6358174917970282
2009-04-29,dev,spy_always,0.649340540563899
2009-04-30,dev,spy_always,0.6495631653713401
2009-05-01,dev,spy_always,0.6530558669430557
2009-05-04,dev,spy_always,0.6752721250668356
2009-05-05,dev,spy_always,0.6729691736792194
2009-05-06,dev,spy_always,0.6846347907554451
2009-05-07,dev,spy_always,0.6751240429158896
2009-05-08,dev,spy_always,0.69087646499277
2009-05-11,dev,spy_always,0.6779473267390606
2009-05-12,dev,spy_always,0.6759413884827584
2009-05-13,dev,spy_always,0.6589258310599496
2009-05-14,dev,spy_always,0.6645725530389137
2009-05-15,dev,spy_always,0.659148610200013
2009-05-18,dev,spy_always,0.6778729384151878
2009-05-19,dev,spy_always,0.6770555156820081
2009-05-20,dev,spy_always,0.6725233067338489
2009-05-21,dev,spy_always,0.6628637050802365
2009-05-22,dev,spy_always,0.6614521017518066
2009-05-26,dev,spy_always,0.6783932708507425
2009-05-27,dev,spy_always,0.6662817868291462
2009-05-28,dev,spy_always,0.6755699098612605
2009-05-29,dev,spy_always,0.6875327715677333
2009-06-01,dev,spy_always,0.7041766188701111
2009-06-02,dev,spy_always,0.7047707994653613
2009-06-03,dev,spy_always,0.6958547723852333
2009-06-04,dev,spy_always,0.702393459753872
2009-06-05,dev,spy_always,0.7025419277363735
2009-06-08,dev,spy_always,0.6996442555893296
2009-06-09,dev,spy_always,0.7032109596533629
2009-06-10,dev,spy_always,0.7014272603729464
2009-06-11,dev,spy_always,0.70454817465792
2009-06-12,dev,spy_always,0.7064799560892825
2009-06-15,dev,spy_always,0.6902819757322756
2009-06-16,dev,spy_always,0.6809196958752216
2009-06-17,dev,spy_always,0.6802509726234766
2009-06-18,dev,spy_always,0.6852294343485619
2009-06-19,dev,spy_always,0.6877550877099302
2009-06-22,dev,spy_always,0.6671310792487987
2009-06-23,dev,spy_always,0.6676543440041741
2009-06-24,dev,spy_always,0.6734080184902832
2009-06-25,dev,spy_always,0.6880537985000879
2009-06-26,dev,spy_always,0.6862602990981654
2009-06-29,dev,spy_always,0.6926866323178842
2009-06-30,dev,spy_always,0.6870824289763207
2009-07-01,dev,spy_always,0.6899216090595723
2009-07-02,dev,spy_always,0.6710913314992963
2009-07-06,dev,spy_always,0.6710168660091125
2009-07-07,dev,spy_always,0.6580150370903738
2009-07-08,dev,spy_always,0.6575666236567376
2009-07-09,dev,spy_always,0.6588366268043515
2009-07-10,dev,spy_always,0.6572677585339579
2009-07-13,dev,spy_always,0.6732587016783601
2009-07-14,dev,spy_always,0.6770691741190681
2009-07-15,dev,spy_always,0.6968712070346667
2009-07-16,dev,spy_always,0.6957503663663539
2009-07-17,dev,spy_always,0.7033723144098136
2009-07-20,dev,spy_always,0.7108440968119284
2009-07-21,dev,spy_always,0.714132539158238
2009-07-22,dev,spy_always,0.7139830680136927
2009-07-23,dev,spy_always,0.7297496886918101
2009-07-24,dev,spy_always,0.7327382627532961
2009-07-27,dev,spy_always,0.7349054014334266
2009-07-28,dev,spy_always,0.7314681052730602
2009-07-29,dev,spy_always,0.7296747602037599
2009-07-30,dev,spy_always,0.7372967082472196
2009-07-31,dev,spy_always,0.7383426975937929
2009-08-03,dev,spy_always,0.7505226281333096
2009-08-04,dev,spy_always,0.7524655215134664
2009-08-05,dev,spy_always,0.7502986914985803
2009-08-06,dev,spy_always,0.7464128275719556
2009-08-07,dev,spy_always,0.7562015284639904
2009-08-10,dev,spy_always,0.7546327373599079
2009-08-11,dev,spy_always,0.7452172127482146
2009-08-12,dev,spy_always,0.7532128772361933
2009-08-13,dev,spy_always,0.7589666288886135
2009-08-14,dev,spy_always,0.7531381030807652
2009-08-17,dev,spy_always,0.7346065363106469
2009-08-18,dev,spy_always,0.740434984952184
2009-08-19,dev,spy_always,0.74693601516102
2009-08-20,dev,spy_always,0.7546327373599081
2009-08-21,dev,spy_always,0.7694279113479471
2009-08-24,dev,spy_always,0.7693529828598968
2009-08-25,dev,spy_always,0.7708473856401064
2009-08-26,dev,spy_always,0.7709221597955345
2009-08-27,dev,spy_always,0.7726409622083398
2009-08-28,dev,spy_always,0.7724911823985501
2009-08-31,dev,spy_always,0.7656168987430616
2009-09-01,dev,spy_always,0.7487296688955646
2009-09-02,dev,spy_always,0.7458895628165801
2009-09-03,dev,spy_always,0.7520918822352585
2009-09-04,dev,spy_always,0.7626279388500202
2009-09-08,dev,spy_always,0.7692037432142843
2009-09-09,dev,spy_always,0.7751066573460055
2009-09-10,dev,spy_always,0.7830273161796227
2009-09-11,dev,spy_always,0.7828778450350774
2009-09-14,dev,spy_always,0.7866888576399628
2009-09-15,dev,spy_always,0.7899766826557838
2009-09-16,dev,spy_always,0.801932290729016
2009-09-17,dev,spy_always,0.800736675905275
2009-09-18,dev,spy_always,0.801247748383501
2009-09-21,dev,spy_always,0.7992205122253431
2009-09-22,dev,spy_always,0.8038749526102393
2009-09-23,dev,spy_always,0.7971931217345631
2009-09-24,dev,spy_always,0.7884091262126784
2009-09-25,dev,spy_always,0.7842041024234622
2009-09-28,dev,spy_always,0.798244126891356
2009-09-29,dev,spy_always,0.7958415537961467
2009-09-30,dev,spy_always,0.7927636983127511
2009-10-01,dev,spy_always,0.773092925292285
2009-10-02,dev,spy_always,0.76948864123476
2009-10-05,dev,spy_always,0.7809757726334774
2009-10-06,dev,spy_always,0.7921625727495045
2009-10-07,dev,spy_always,0.7943402832142519
2009-10-08,dev,spy_always,0.800421451524548
2009-10-09,dev,spy_always,0.8053020663671948
2009-10-12,dev,spy_always,0.8084547731723297
2009-10-13,dev,spy_always,0.8068032597827787
2009-10-14,dev,spy_always,0.8206932729419496
2009-10-15,dev,spy_always,0.8236961227709838
2009-10-16,dev,spy_always,0.8175395629747707
2009-10-19,dev,spy_always,0.8242967853363639
2009-10-20,dev,spy_always,0.8199423675689134
2009-10-21,dev,spy_always,0.81258448264194
2009-10-22,dev,spy_always,0.8208432070843614
2009-10-23,dev,spy_always,0.8114585489970967
2009-10-26,dev,spy_always,0.8026739361447236
2009-10-27,dev,spy_always,0.7989948779317703
2009-10-28,dev,spy_always,0.7839040026397054
2009-10-29,dev,spy_always,0.8007215513083048
2009-10-30,dev,spy_always,0.7775224258804079
2009-11-02,dev,spy_always,0.7832284115862749
2009-11-03,dev,spy_always,0.78570629900109
2009-11-04,dev,spy_always,0.7877331493276926
2009-11-05,dev,spy_always,0.8022232077217553
2009-11-06,dev,spy_always,0.8043258353658299
2009-11-09,dev,spy_always,0.8226451947805019
2009-11-10,dev,spy_always,0.8227952832555359
2009-11-11,dev,spy_always,0.8269997668805745
2009-11-12,dev,spy_always,0.8185904909652528
2009-11-13,dev,spy_always,0.823020145885998
2009-11-16,dev,spy_always,0.8349579285413725
2009-11-17,dev,spy_always,0.8359342367090484
2009-11-18,dev,spy_always,0.8354084254654076
2009-11-19,dev,spy_always,0.8245221109646925
2009-11-20,dev,spy_always,0.8215941896237087
2009-11-23,dev,spy_always,0.8320298528677665
2009-11-24,dev,spy_always,0.8333062608191993
2009-11-25,dev,spy_always,0.8362344908254273
2009-11-27,dev,spy_always,0.8226451947805017
2009-11-30,dev,spy_always,0.8254230276464516
2009-12-01,dev,spy_always,0.8356339054263582
2009-12-02,dev,spy_always,0.8352584141566846
2009-12-03,dev,spy_always,0.8287263630907978
2009-12-04,dev,spy_always,0.8334568122920996
2009-12-07,dev,spy_always,0.8321803271743557
2009-12-08,dev,spy_always,0.8229455260631916
2009-12-09,dev,spy_always,0.8260235358792094
2009-12-10,dev,spy_always,0.8306782849293498
2009-12-11,dev,spy_always,0.8342074089998912
2009-12-14,dev,spy_always,0.8399131632068249
2009-12-15,dev,spy_always,0.8360090108644763
2009-12-16,dev,spy_always,0.8372855731485312
2009-12-17,dev,spy_always,0.8272250925089027
2009-12-18,dev,spy_always,0.8319047662775193
2009-12-21,dev,spy_always,0.8403591073185067
2009-12-22,dev,spy_always,0.843378316405488
2009-12-23,dev,spy_always,0.8450387810871234
2009-12-24,dev,spy_always,0.8490396228172445
2009-12-28,dev,spy_always,0.8508514106348909
2009-12-29,dev,spy_always,0.8496432948687563
2009-12-30,dev,spy_always,0.8493413430935337
2009-12-31,dev,spy_always,0.8411893396593242
2010-01-04,dev,spy_always,0.8554556929175906
2010-01-05,dev,spy_always,0.8577202154822933
2010-01-06,dev,spy_always,0.8583239647001164
2010-01-07,dev,spy_always,0.861947154503854
2010-01-08,dev,spy_always,0.864815889284246
2010-01-11,dev,spy_always,0.8660234648862032
2010-01-12,dev,spy_always,0.8579465442726661
2010-01-13,dev,spy_always,0.8651932325453856
2010-01-14,dev,spy_always,0.8675329150970716
2010-01-15,dev,spy_always,0.8577959156334547
2010-01-19,dev,spy_always,0.8685143162412783
2010-01-20,dev,spy_always,0.8596830177707068
2010-01-21,dev,spy_always,0.8431518332824934
2010-01-22,dev,spy_always,0.8243565892274438
2010-01-25,dev,spy_always,0.8285835282490043
2010-01-26,dev,spy_always,0.8251114300823447
2010-01-27,dev,spy_always,0.8290365716613048
2010-01-28,dev,spy_always,0.819525437990194
2010-01-29,dev,spy_always,0.8106184393684613
2010-02-01,dev,spy_always,0.8215808575647187
2010-02-02,dev,spy_always,0.8312436914611642
2010-02-03,dev,spy_always,0.8293453114212903
2010-02-04,dev,spy_always,0.8135019232450824
2010-02-05,dev,spy_always,0.8106535259829225
2010-02-08,dev,spy_always,0.8084881720824028
2010-02-09,dev,spy_always,0.8209721242432332
2010-02-10,dev,spy_always,0.8179230505023588
2010-02-11,dev,spy_always,0.8276374164644092
2010-02-12,dev,spy_always,0.8304351221507797
2010-02-16,dev,spy_always,0.8373422347383008
2010-02-17,dev,spy_always,0.8413952558619243
2010-02-18,dev,spy_always,0.8496773487575177
2010-02-19,dev,spy_always,0.8556046324134787
2010-02-22,dev,spy_always,0.854336268363571
2010-02-23,dev,spy_always,0.8496792461002274
2010-02-24,dev,spy_always,0.8556306896917364
2010-02-25,dev,spy_always,0.8562234864997711
2010-02-26,dev,spy_always,0.8530486445066885
2010-03-01,dev,spy_always,0.8614262652149256
2010-03-02,dev,spy_always,0.8701205173548773
2010-03-03,dev,spy_always,0.8678835737021258
2010-03-04,dev,spy_always,0.8648030926706528
2010-03-05,dev,spy_always,0.8676289053524118
2010-03-08,dev,spy_always,0.8650034031741105
2010-03-09,dev,spy_always,0.8607032105685496
2010-03-10,dev,spy_always,0.8606499164193513
2010-03-11,dev,spy_always,0.8659672090517212
2010-03-12,dev,spy_always,0.8665490078069832
2010-03-15,dev,spy_always,0.866249589771545
2010-03-16,dev,spy_always,0.8712289675432288
2010-03-17,dev,spy_always,0.8683523936919594
2010-03-18,dev,spy_always,0.8723387763827682
2010-03-19,dev,spy_always,0.8727009947764445
2010-03-22,dev,spy_always,0.877197679870411
2010-03-23,dev,spy_always,0.8952133530665007
2010-03-24,dev,spy_always,0.8899943472484411
2010-03-25,dev,spy_always,0.8804396558818988
2010-03-26,dev,spy_always,0.8802881229161489
2010-03-29,dev,spy_always,0.8873778185382745
2010-03-30,dev,spy_always,0.8891524170196001
2010-03-31,dev,spy_always,0.8836842122735893
2010-04-01,dev,spy_always,0.8900062140124176
2010-04-05,dev,spy_always,0.8951127811585564
2010-04-06,dev,spy_always,0.8940162870751069
2010-04-07,dev,spy_always,0.8903814863693429
2010-04-08,dev,spy_always,0.8892846498955633
2010-04-09,dev,spy_always,0.8923456641986999
2010-04-12,dev,spy_always,0.8953236459745721
2010-04-13,dev,spy_always,0.8990987169728508
2010-04-14,dev,spy_always,0.9015119293439774
2010-04-15,dev,spy_always,0.9017999201653156
2010-04-16,dev,spy_always,0.8968198200149851
2010-04-19,dev,spy_always,0.8953200017626927
2010-04-20,dev,spy_always,0.8994408981969592
2010-04-21,dev,spy_always,0.8967725681959852
2010-04-22,dev,spy_always,0.885921672111652
2010-04-23,dev,spy_always,0.8846494255113758
2010-04-26,dev,spy_always,0.8831328931473623
2010-04-27,dev,spy_always,0.8761566919044577
2010-04-28,dev,spy_always,0.8801501689669629
2010-04-29,dev,spy_always,0.8966552672056366
2010-04-30,dev,spy_always,0.8875364751457803
2010-05-03,dev,spy_always,0.8948832123581208
2010-05-04,dev,spy_always,0.8840035656143069
2010-05-05,dev,spy_always,0.8880892703396279
2010-05-06,dev,spy_always,0.8692606589093211
2010-05-07,dev,spy_always,0.8524859257742983
2010-05-10,dev,spy_always,0.8869346713399796
2010-05-11,dev,spy_always,0.8881413650993899
2010-05-12,dev,spy_always,0.8919051495325102
2010-05-13,dev,spy_always,0.8852717563109747
2010-05-14,dev,spy_always,0.8715926175794867
2010-05-17,dev,spy_always,0.8783668894595522
2010-05-18,dev,spy_always,0.8744295468435267
2010-05-19,dev,spy_always,0.8681964940595019
2010-05-20,dev,spy_always,0.8412937735455178
2010-05-21,dev,spy_always,0.8443638743448164
2010-05-24,dev,spy_always,0.843343520512651
2010-05-25,dev,spy_always,0.8356796939651372
2010-05-26,dev,spy_always,0.8355161554454524
2010-05-27,dev,spy_always,0.8483571763117177
2010-05-28,dev,spy_always,0.8430503912201512
2010-06-01,dev,spy_always,0.8301014389501892
2010-06-02,dev,spy_always,0.8454914231776628
2010-06-03,dev,spy_always,0.8527355879148764
2010-06-04,dev,spy_always,0.8331905223378495
2010-06-07,dev,spy_always,0.833660252925323
2010-06-08,dev,spy_always,0.8457835871555849
2010-06-09,dev,spy_always,0.8456803277582006
2010-06-10,dev,spy_always,0.85607890756241
2010-06-11,dev,spy_always,0.8594721858531772
2010-06-14,dev,spy_always,0.8613811490476152
2010-06-15,dev,spy_always,0.8718836739197767
2010-06-16,dev,spy_always,0.8692797479175709
2010-06-17,dev,spy_always,0.8734181484219882
2010-06-18,dev,spy_always,0.8668685176593216
2010-06-21,dev,spy_always,0.8686803668072206
2010-06-22,dev,spy_always,0.8570309319614448
2010-06-23,dev,spy_always,0.8502101130397414
2010-06-24,dev,spy_always,0.8448437935668162
2010-06-25,dev,spy_always,0.8480442391549076
2010-06-28,dev,spy_always,0.8523204639155362
2010-06-29,dev,spy_always,0.840531273168337
2010-06-30,dev,spy_always,0.833501461662131
2010-07-01,dev,spy_always,0.8296825522074261
2010-07-02,dev,spy_always,0.8286785323057504
2010-07-06,dev,spy_always,0.8327698876697611
2010-07-07,dev,spy_always,0.8455452537769218
2010-07-08,dev,spy_always,0.8577080868978955
2010-07-09,dev,spy_always,0.8600562017104535
2010-07-12,dev,spy_always,0.85746984112105
2010-07-13,dev,spy_always,0.8629629838546703
2010-07-14,dev,spy_always,0.8610282312539346
2010-07-15,dev,spy_always,0.8638652449742301
2010-07-16,dev,spy_always,0.8495825208038493
2010-07-19,dev,spy_always,0.8485070630838256
2010-07-20,dev,spy_always,0.8555939501657015
2010-07-21,dev,spy_always,0.8429598504170372
2010-07-22,dev,spy_always,0.8544032265485603
2010-07-23,dev,spy_always,0.8585230652469117
2010-07-26,dev,spy_always,0.8707646603018087
2010-07-27,dev,spy_always,0.87412096667849
2010-07-28,dev,spy_always,0.8626204694943178
2010-07-29,dev,spy_always,0.8446202089549263
2010-07-30,dev,spy_always,0.8475672811590178
2010-08-02,dev,spy_always,0.8536817174444655
2010-08-03,dev,spy_always,0.8519607250012393
2010-08-04,dev,spy_always,0.860878849329691
2010-08-05,dev,spy_always,0.8442837250610874
2010-08-06,dev,spy_always,0.8454054660809595
2010-08-09,dev,spy_always,0.8528106895133328
2010-08-10,dev,spy_always,0.8572730338097934
2010-08-11,dev,spy_always,0.8420981145540202
2010-08-12,dev,spy_always,0.8547641973468882
2010-08-13,dev,spy_always,0.8536534886087409
2010-08-16,dev,spy_always,0.8550317157804106
2010-08-17,dev,spy_always,0.8631247110785177
2010-08-18,dev,spy_always,0.8623720655171779
2010-08-19,dev,spy_always,0.858869299203348
2010-08-20,dev,spy_always,0.8545118211855459
2010-08-23,dev,spy_always,0.8536547783904074
2010-08-24,dev,spy_always,0.8498065363759931
2010-08-25,dev,spy_always,0.852112478549586
2010-08-26,dev,spy_always,0.8483181845450096
2010-08-27,dev,spy_always,0.8595281791840388
2010-08-30,dev,spy_always,0.8497664807916717
2010-08-31,dev,spy_always,0.8512470372245876
2010-09-01,dev,spy_always,0.8628859361990405
2010-09-02,dev,spy_always,0.8653204242404597
2010-09-03,dev,spy_always,0.8677237599464224
2010-09-07,dev,spy_always,0.8649938295023896
2010-09-08,dev,spy_always,0.8676271781788008
2010-09-09,dev,spy_always,0.8663421552020552
2010-09-10,dev,spy_always,0.8714705280676676
2010-09-13,dev,spy_always,0.8735388390492812
2010-09-14,dev,spy_always,0.8768761188714207
2010-09-15,dev,spy_always,0.887066141129601
2010-09-16,dev,spy_always,0.8826015742745228
2010-09-17,dev,spy_always,0.8788150058502796
2010-09-20,dev,spy_always,0.8890697950209278
2010-09-21,dev,spy_always,0.8912558194680891
2010-09-22,dev,spy_always,0.8957813918593296
2010-09-23,dev,spy_always,0.8880041117834597
2010-09-24,dev,spy_always,0.9042296115349504
2010-09-27,dev,spy_always,0.9011177528403704
2010-09-28,dev,spy_always,0.9010737429885987
2010-09-29,dev,spy_always,0.8978120396485901
2010-09-30,dev,spy_always,0.8951381514107578
2010-10-01,dev,spy_always,0.8986740845350544
2010-10-04,dev,spy_always,0.9023908832966592
2010-10-05,dev,spy_always,0.911875115222903
2010-10-06,dev,spy_always,0.9118747288274007
2010-10-07,dev,spy_always,0.91251483312597
2010-10-08,dev,spy_always,0.918326238418278
2010-10-11,dev,spy_always,0.9142245777689233
2010-10-12,dev,spy_always,0.9124480755328586
2010-10-13,dev,spy_always,0.9181526619470112
2010-10-14,dev,spy_always,0.9188172523936167
2010-10-15,dev,spy_always,0.9174819741370093
2010-10-18,dev,spy_always,0.9189694403233474
2010-10-19,dev,spy_always,0.909837498463089
2010-10-20,dev,spy_always,0.916266113010277
2010-10-21,dev,spy_always,0.9204610675287698
2010-10-22,dev,spy_always,0.921852929652769
2010-10-25,dev,spy_always,0.9251727500810927
2010-10-26,dev,spy_always,0.9228675715281576
2010-10-27,dev,spy_always,0.9188923175788428
2010-10-28,dev,spy_always,0.9194872984346673
2010-10-29,dev,spy_always,0.9229841851248812
2010-11-01,dev,spy_always,0.9231496171403804
2010-11-02,dev,spy_always,0.9255277389426873
2010-11-03,dev,spy_always,0.9198256974445803
2010-11-04,dev,spy_always,0.926342837693493
2010-11-05,dev,spy_always,0.9235279989955809
2010-11-08,dev,spy_always,0.924748136789007
2010-11-09,dev,spy_always,0.9104396015175802
2010-11-10,dev,spy_always,0.9142192191082337
2010-11-11,dev,spy_always,0.9167141975186548
2010-11-12,dev,spy_always,0.9094861551514077
2010-11-15,dev,spy_always,0.913325247883282
2010-11-16,dev,spy_always,0.8996322091842194
2010-11-17,dev,spy_always,0.9020916219624475
2010-11-18,dev,spy_always,0.9135258802251732
2010-11-19,dev,spy_always,0.9152093249054762
2010-11-22,dev,spy_always,0.9212495720211344
2010-11-23,dev,spy_always,0.9133535016022085
2010-11-24,dev,spy_always,0.9232325665609635
2010-11-26,dev,spy_always,0.9173656178363568
2010-11-29,dev,spy_always,0.9161505444864096
2010-11-30,dev,spy_always,0.9101033252325077
2010-12-01,dev,spy_always,0.9182532980542168
2010-12-02,dev,spy_always,0.9251562196329469
2010-12-03,dev,spy_always,0.9291699604186604
2010-12-06,dev,spy_always,0.9268091814866327
2010-12-07,dev,spy_always,0.9289999329573296
2010-12-08,dev,spy_always,0.931300152172206
2010-12-09,dev,spy_always,0.9287904129883846
2010-12-10,dev,spy_always,0.9308233975383028
2010-12-13,dev,spy_always,0.9330501936281677
2010-12-14,dev,spy_always,0.9433190224236475
2010-12-15,dev,spy_always,0.9446497336439361
2010-12-16,dev,spy_always,0.9522597537256415
2010-12-17,dev,spy_always,0.9504007082105572
2010-12-20,dev,spy_always,0.947243230554516
2010-12-21,dev,spy_always,0.9402187866847191
2010-12-22,dev,spy_always,0.9451812123128661
2010-12-23,dev,spy_always,0.9473503855737355
2010-12-27,dev,spy_always,0.9439410251538016
2010-12-28,dev,spy_always,0.9450656670915825
2010-12-29,dev,spy_always,0.9454793008918408
2010-12-30,dev,spy_always,0.9395547256637801
2010-12-31,dev,spy_always,0.9362280858819244
2011-01-03,dev,spy_always,0.938048689475906
2011-01-04,dev,spy_always,0.9288249197630929
2011-01-05,dev,spy_always,0.9324671137972007
2011-01-06,dev,spy_always,0.9346570948138876
2011-01-07,dev,spy_always,0.9319836228936516
2011-01-10,dev,spy_always,0.9317022259168718
2011-01-11,dev,spy_always,0.9353923820406342
2011-01-12,dev,spy_always,0.9406134622582516
2011-01-13,dev,spy_always,0.9343933166211191
2011-01-14,dev,spy_always,0.9402903900969599
2011-01-18,dev,spy_always,0.9427906055376793
2011-01-19,dev,spy_always,0.9393274508408666
2011-01-20,dev,spy_always,0.9552118684793388
2011-01-21,dev,spy_always,0.9478350729784797
2011-01-24,dev,spy_always,0.9530005579847693
2011-01-25,dev,spy_always,0.9622449271245902
2011-01-26,dev,spy_always,0.9590402736987105
2011-01-27,dev,spy_always,0.9441163904014229
2011-01-28,dev,spy_always,0.9333641815529524
2011-01-31,dev,spy_always,0.9326981808667546
2011-02-01,dev,spy_always,0.93808946214291
2011-02-02,dev,spy_always,0.9290750122657898
2011-02-03,dev,spy_always,0.928783441487474
2011-02-04,dev,spy_always,0.9325264896083175
2011-02-07,dev,spy_always,0.933143383745012
2011-02-08,dev,spy_always,0.9384996771407063
2011-02-09,dev,spy_always,0.9417058832447011
2011-02-10,dev,spy_always,0.9381728148953076
2011-02-11,dev,spy_always,0.9528820391135912
2011-02-14,dev,spy_always,0.9579207072759611
2011-02-15,dev,spy_always,0.951799322626785
2011-02-16,dev,spy_always,0.9600349472902109
2011-02-17,dev,spy_always,0.9692588943441368
2011-02-18,dev,spy_always,0.9697167953262605
2011-02-22,dev,spy_always,0.9658192667161923
2011-02-23,dev,spy_always,0.9631177544841266
2011-02-24,dev,spy_always,0.9578790841679236
2011-02-25,dev,spy_always,0.9758698402456633
2011-02-28,dev,spy_always,0.9811321311942279
2011-03-01,dev,spy_always,0.9722010673173559
2011-03-02,dev,spy_always,0.9714413087157019
2011-03-03,dev,spy_always,0.9871275380157839
2011-03-04,dev,spy_always,0.9838085021689182
2011-03-07,dev,spy_always,0.9789506903287534
2011-03-08,dev,spy_always,0.9877836323287464
2011-03-09,dev,spy_always,0.9897247191007078
2011-03-10,dev,spy_always,0.9841557720138383
2011-03-11,dev,spy_always,0.987289295220527
2011-03-14,dev,spy_always,0.9779328571001548
2011-03-15,dev,spy_always,0.9704234727439913
2011-03-16,dev,spy_always,0.9603809982087
2011-03-17,dev,spy_always,0.9649639592693893
2011-03-18,dev,spy_always,0.9738165103171775
2011-03-21,dev,spy_always,0.9865610866658084
2011-03-22,dev,spy_always,0.9851212431982926
2011-03-23,dev,spy_always,0.9796534020872644
2011-03-24,dev,spy_always,0.9856256971908205
2011-03-25,dev,spy_always,0.9893377756288252
2011-03-28,dev,spy_always,0.9920557401650343
2011-03-29,dev,spy_always,0.9981375366446257
2011-03-30,dev,spy_always,1.0050989519755293
2011-03-31,dev,spy_always,1.0065718746719379
2011-04-01,dev,spy_always,1.0097203681910634
2011-04-04,dev,spy_always,1.0131169230143724
2011-04-05,dev,spy_always,1.0117216123436816
2011-04-06,dev,spy_always,1.0173658852471612
2011-04-07,dev,spy_always,1.0120763358388591
2011-04-08,dev,spy_always,1.0118747830234103
2011-04-11,dev,spy_always,1.0246480874930928
2011-04-12,dev,spy_always,1.0268096603600558
2011-04-13,dev,spy_always,1.0313778656750205
2011-04-14,dev,spy_always,1.0378573701052074
2011-04-15,dev,spy_always,1.0467471243716153
2011-04-18,dev,spy_always,1.0338487364942184
2011-04-19,dev,spy_always,1.0334069030535582
2011-04-20,dev,spy_always,1.0461758945890354
2011-04-21,dev,spy_always,1.0498722552112905
2011-04-25,dev,spy_always,1.042976804328959
2011-04-26,dev,spy_always,1.053459014853712
2011-04-27,dev,spy_always,1.0656533710971148
2011-04-28,dev,spy_always,1.0702840762787993
2011-04-29,dev,spy_always,1.075833452428938
2011-05-02,dev,spy_always,1.076601041428108
2011-05-03,dev,spy_always,1.0762291243242768
2011-05-04,dev,spy_always,1.069145015182017
2011-05-05,dev,spy_always,1.0638879616453725
2011-05-06,dev,spy_always,1.0620346998519818
2011-05-09,dev,spy_always,1.0706465028176197
2011-05-10,dev,spy_always,1.0812303086197583
2011-05-11,dev,spy_always,1.0744988353185543
2011-05-12,dev,spy_always,1.0919049979377664
2011-05-13,dev,spy_always,1.0877814309370926
2011-05-16,dev,spy_always,1.0875274415205807
2011-05-17,dev,spy_always,1.0865343242736278
2011-05-18,dev,spy_always,1.0919220757337662
2011-05-19,dev,spy_always,1.103338786448475
2011-05-20,dev,spy_always,1.095095434855244
2011-05-23,dev,spy_always,1.086121748420388
2011-05-24,dev,spy_always,1.0844213380172463
2011-05-25,dev,spy_always,1.0826313332816935
2011-05-26,dev,spy_always,1.0911091717970334
2011-05-27,dev,spy_always,1.093257385405727
2011-05-31,dev,spy_always,1.10576297115288
2011-06-01,dev,spy_always,1.0907182630120844
2011-06-02,dev,spy_always,1.0834068165248576
2011-06-03,dev,spy_always,1.0699339404998163
2011-06-06,dev,spy_always,1.0681882059328327
2011-06-07,dev,spy_always,1.0728902570154695
2011-06-08,dev,spy_always,1.0709000193495917
2011-06-09,dev,spy_always,1.0786783655279228
2011-06-10,dev,spy_always,1.0648376981349004
2011-06-13,dev,spy_always,1.0688163216216562
2011-06-14,dev,spy_always,1.0795008020317498
2011-06-15,dev,spy_always,1.0661063831787938
2011-06-16,dev,spy_always,1.0724722854283042
2011-06-17,dev,spy_always,1.0774836872873603
2011-06-20,dev,spy_always,1.0902595161253221
2011-06-21,dev,spy_always,1.1010124874392708
2011-06-22,dev,spy_always,1.0922014647144218
2011-06-23,dev,spy_always,1.0804074328456683
2011-06-24,dev,spy_always,1.078957336224631
2011-06-27,dev,spy_always,1.0817875674874653
2011-06-28,dev,spy_always,1.09141113304596
2011-06-29,dev,spy_always,1.096892152440551
2011-06-30,dev,spy_always,1.100285437996898
2011-07-01,dev,spy_always,1.1153203160273901
2011-07-05,dev,spy_always,1.1160099035759947
2011-07-06,dev,spy_always,1.1230160450776345
2011-07-07,dev,spy_always,1.1276161804480898
2011-07-08,dev,spy_always,1.1222034479869583
2011-07-11,dev,spy_always,1.1159426907239696
2011-07-12,dev,spy_always,1.1215346894898433
2011-07-13,dev,spy_always,1.126573703557514
2011-07-14,dev,spy_always,1.1272749311725363
2011-07-15,dev,spy_always,1.1333802087314688
2011-07-18,dev,spy_always,1.122096559755677
2011-07-19,dev,spy_always,1.1393380629244407
2011-07-20,dev,spy_always,1.135211295357948
2011-07-21,dev,spy_always,1.1470137308580521
2011-07-22,dev,spy_always,1.1436777785934127
2011-07-25,dev,spy_always,1.1345783335303514
2011-07-26,dev,spy_always,1.133806932771049
2011-07-27,dev,spy_always,1.1144604005464092
2011-07-28,dev,spy_always,1.1059457940905657
2011-07-29,dev,spy_always,1.100421222305013
2011-08-01,dev,spy_always,1.095692645962908
2011-08-02,dev,spy_always,1.077308106942093
2011-08-03,dev,spy_always,1.0841708312759681
2011-08-04,dev,spy_always,1.0474685357701061
2011-08-05,dev,spy_always,1.0547818219981573
2011-08-08,dev,spy_always,1.007565571733588
2011-08-09,dev,spy_always,1.0632906833282099
2011-08-10,dev,spy_always,1.0380151236425768
2011-08-11,dev,spy_always,1.0775401514731793
2011-08-12,dev,spy_always,1.0804902157969292
2011-08-15,dev,spy_always,1.0969754672151215
2011-08-16,dev,spy_always,1.0970107688971806
2011-08-17,dev,spy_always,1.0846993089182277
2011-08-18,dev,spy_always,1.0538065292911962
2011-08-19,dev,spy_always,1.0509484138399614
2011-08-22,dev,spy_always,1.0589184387309531
2011-08-23,dev,spy_always,1.0920263724691166
2011-08-24,dev,spy_always,1.100924567271646
2011-08-25,dev,spy_always,1.082650347340713
2011-08-26,dev,spy_always,1.0976606572583496
2011-08-29,dev,spy_always,1.119550696443617
2011-08-30,dev,spy_always,1.1308703600327539
2011-08-31,dev,spy_always,1.1284931158560862
2011-09-01,dev,spy_always,1.1204823422353611
2011-09-02,dev,spy_always,1.096610065596565
2011-09-06,dev,spy_always,1.0985314693847037
2011-09-07,dev,spy_always,1.1186401990010515
2011-09-08,dev,spy_always,1.1143922175692391
2011-09-09,dev,spy_always,1.0866703827774173
2011-09-12,dev,spy_always,1.085764350633116
2011-09-13,dev,spy_always,1.0891102570089823
2011-09-14,dev,spy_always,1.1086131545784261
2011-09-15,dev,spy_always,1.1188399557557815
2011-09-16,dev,spy_always,1.1304971779645305
2011-09-19,dev,spy_always,1.1255242670589212
2011-09-20,dev,spy_always,1.130393769259606
2011-09-21,dev,spy_always,1.1086152090705623
2011-09-22,dev,spy_always,1.0963422523069328
2011-09-23,dev,spy_always,1.1031222751761296
2011-09-26,dev,spy_always,1.1200874670787315
2011-09-27,dev,spy_always,1.1392683692421515
2011-09-28,dev,spy_always,1.1188161778805537
2011-09-29,dev,spy_always,1.1343340592834827
2011-09-30,dev,spy_always,1.1230331911167555
2011-10-03,dev,spy_always,1.0841907249753016
2011-10-04,dev,spy_always,1.1015955487814786
2011-10-05,dev,spy_always,1.113457373614283
2011-10-06,dev,spy_always,1.1324134225092672
2011-10-07,dev,spy_always,1.125926236576283
2011-10-10,dev,spy_always,1.1519044634272622
2011-10-11,dev,spy_always,1.1524342635646287
2011-10-12,dev,spy_always,1.1457927140468807
2011-10-13,dev,spy_always,1.1506828660925486
2011-10-14,dev,spy_always,1.1590791133586755
2011-10-17,dev,spy_always,1.1440888115507737
2011-10-18,dev,spy_always,1.1583074589322429
2011-10-19,dev,spy_always,1.147100038848798
2011-10-20,dev,spy_always,1.1453831222979534
2011-10-21,dev,spy_always,1.1692249897030464
2011-10-24,dev,spy_always,1.1788167250778383
2011-10-25,dev,spy_always,1.159479660620308
2011-10-26,dev,spy_always,1.1658839813256336
2011-10-27,dev,spy_always,1.1637950200323444
2011-10-28,dev,spy_always,1.1572429517795018
2011-10-31,dev,spy_always,1.1511703545896133
2011-11-01,dev,spy_always,1.1278309405264693
2011-11-02,dev,spy_always,1.143710496318807
2011-11-03,dev,spy_always,1.1558929288222592
2011-11-04,dev,spy_always,1.1496911590506993
2011-11-07,dev,spy_always,1.1585980737632844
2011-11-08,dev,spy_always,1.1723297790687661
2011-11-09,dev,spy_always,1.1381593920665682
2011-11-10,dev,spy_always,1.1490851355185592
2011-11-11,dev,spy_always,1.166207147990609
2011-11-14,dev,spy_always,1.1593022463842722
2011-11-15,dev,spy_always,1.1698724404379877
2011-11-16,dev,spy_always,1.1518968114110446
2011-11-17,dev,spy_always,1.1355069364806174
2011-11-18,dev,spy_always,1.1375876461228087
2011-11-21,dev,spy_always,1.1186367808155915
2011-11-22,dev,spy_always,1.1164647268636607
2011-11-23,dev,spy_always,1.0977953398077573
2011-11-25,dev,spy_always,1.0961751668667432
2011-11-28,dev,spy_always,1.1281477706683027
2011-11-29,dev,spy_always,1.1405133861330052
2011-11-30,dev,spy_always,1.169280448325923
2011-12-01,dev,spy_always,1.1645645148106174
2011-12-02,dev,spy_always,1.164830757883263
2011-12-05,dev,spy_always,1.1774495273334842
2011-12-06,dev,spy_always,1.178779447369048
2011-12-07,dev,spy_always,1.1763124285691968
2011-12-08,dev,spy_always,1.153748624895987
2011-12-09,dev,spy_always,1.1736218727012966
2011-12-12,dev,spy_always,1.1581757335573462
2011-12-13,dev,spy_always,1.150897130952861
2011-12-14,dev,spy_always,1.1398049689191465
2011-12-15,dev,spy_always,1.1500668560532303
2011-12-16,dev,spy_always,1.1503202619236625
2011-12-19,dev,spy_always,1.1426295184609103
2011-12-20,dev,spy_always,1.168223191156428
2011-12-21,dev,spy_always,1.179395909096883
2011-12-22,dev,spy_always,1.1783947303062299
2011-12-23,dev,spy_always,1.185414859990267
2011-12-27,dev,spy_always,1.1872444030057117
2011-12-28,dev,spy_always,1.1745561762593264
2011-12-29,dev,spy_always,1.1826970300104105
2011-12-30,dev,spy_always,1.1722044071383886
2012-01-03,dev,spy_always,1.1782213442393505
2012-01-04,dev,spy_always,1.1757424697421994
2012-01-05,dev,spy_always,1.1785356216811802
2012-01-06,dev,spy_always,1.1777258609425045
2012-01-09,dev,spy_always,1.1800453606435564
2012-01-10,dev,spy_always,1.1892864953914506
2012-01-11,dev,spy_always,1.186777363867514
2012-01-12,dev,spy_always,1.1932294777998629
2012-01-13,dev,spy_always,1.1888398831287954
2012-01-17,dev,spy_always,1.1990674400034518
2012-01-18,dev,spy_always,1.201077773076729
2012-01-19,dev,spy_always,1.2045759330898471
2012-01-20,dev,spy_always,1.2053634434250966
2012-01-23,dev,spy_always,1.2049620623934676
2012-01-24,dev,spy_always,1.2068704237154684
2012-01-25,dev,spy_always,1.215506005996632
2012-01-26,dev,spy_always,1.2241020596734882
2012-01-27,dev,spy_always,1.2199372036071894
2012-01-30,dev,spy_always,1.2092104127699703
2012-01-31,dev,spy_always,1.2120081293454248
2012-02-01,dev,spy_always,1.222285414044171
2012-02-02,dev,spy_always,1.2166696611490002
2012-02-03,dev,spy_always,1.2258849833361074
2012-02-06,dev,spy_always,1.224385159969381
2012-02-07,dev,spy_always,1.2257982028033316
2012-02-08,dev,spy_always,1.2176570878381785
2012-02-09,dev,spy_always,1.215474198982647
2012-02-10,dev,spy_always,1.2024164510045425
2012-02-13,dev,spy_always,1.2102863643111168
2012-02-14,dev,spy_always,1.2060123110682899
2012-02-15,dev,spy_always,1.1987948760607317
2012-02-16,dev,spy_always,1.2116529452407898
2012-02-17,dev,spy_always,1.2116883849630862
2012-02-21,dev,spy_always,1.2097376279963823
2012-02-22,dev,spy_always,1.2060612184601858
2012-02-23,dev,spy_always,1.2156378117589848
2012-02-24,dev,spy_always,1.214804634205731
2012-02-27,dev,spy_always,1.2108689321856905
2012-02-28,dev,spy_always,1.2122691941832737
2012-02-29,dev,spy_always,1.2118876427526604
2012-03-01,dev,spy_always,1.217068131396179
2012-03-02,dev,spy_always,1.2098878227707348
2012-03-05,dev,spy_always,1.2187454315450401
2012-03-06,dev,spy_always,1.2066955648044462
2012-03-07,dev,spy_always,1.2098036362010924
2012-03-08,dev,spy_always,1.2142922219187797
2012-03-09,dev,spy_always,1.2204699333432436
2012-03-12,dev,spy_always,1.2234589942214174
2012-03-13,dev,spy_always,1.2349095708243765
2012-03-14,dev,spy_always,1.2273532275175105
2012-03-15,dev,spy_always,1.2322323067059795
2012-03-16,dev,spy_always,1.2313876525729959
2012-03-19,dev,spy_always,1.2314335722733605
2012-03-20,dev,spy_always,1.228544442892554
2012-03-21,dev,spy_always,1.2292132843923183
2012-03-22,dev,spy_always,1.2249156310527234
2012-03-23,dev,spy_always,1.2285371487664185
2012-03-26,dev,spy_always,1.242866202732066
2012-03-27,dev,spy_always,1.2398168017271873
2012-03-28,dev,spy_always,1.2325697084752012
2012-03-29,dev,spy_always,1.2363454864662926
2012-03-30,dev,spy_always,1.2382088748460136
2012-04-02,dev,spy_always,1.2465310097714226
2012-04-03,dev,spy_always,1.2474272130654172
2012-04-04,dev,spy_always,1.233201792797925
2012-04-05,dev,spy_always,1.2261750948433021
2012-04-09,dev,spy_always,1.215197612217947
2012-04-10,dev,spy_always,1.2017580969093007
2012-04-11,dev,spy_always,1.2128101200377195
2012-04-12,dev,spy_always,1.2201486309496115
2012-04-13,dev,spy_always,1.210849973762319
2012-04-16,dev,spy_always,1.208544388552501
2012-04-17,dev,spy_always,1.2243766644649627
2012-04-18,dev,spy_always,1.2208652983302148
2012-04-19,dev,spy_always,1.2154113189866402
2012-04-20,dev,spy_always,1.2268592310296598
2012-04-23,dev,spy_always,1.2175211491385962
2012-04-24,dev,spy_always,1.2228882053147894
2012-04-25,dev,spy_always,1.2309580708737042
2012-04-26,dev,spy_always,1.2307201919569741
2012-04-27,dev,spy_always,1.241964133149078
2012-04-30,dev,spy_always,1.2407601824120442
2012-05-01,dev,spy_always,1.242076384784408
2012-05-02,dev,spy_always,1.24318059652524
2012-05-03,dev,spy_always,1.2474967741848166
2012-05-04,dev,spy_always,1.2414044789357974
2012-05-07,dev,spy_always,1.2452088926907903
2012-05-08,dev,spy_always,1.2520141716135444
2012-05-09,dev,spy_always,1.2473390521558476
2012-05-10,dev,spy_always,1.2563569990104688
2012-05-11,dev,spy_always,1.2526593293090171
2012-05-14,dev,spy_always,1.240944295844823
2012-05-15,dev,spy_always,1.244539057822972
2012-05-16,dev,spy_always,1.2447266779159494
2012-05-17,dev,spy_always,1.2246352678004764
2012-05-18,dev,spy_always,1.2192112307006007
2012-05-21,dev,spy_always,1.224890218083596
2012-05-22,dev,spy_always,1.2228055306674042
2012-05-23,dev,spy_always,1.2220734300727332
2012-05-24,dev,spy_always,1.22931100498815
2012-05-25,dev,spy_always,1.2316891259489386
2012-05-29,dev,spy_always,1.2353471833750185
2012-05-30,dev,spy_always,1.2224492483463814
2012-05-31,dev,spy_always,1.221317778676049
2012-06-01,dev,spy_always,1.201199460021907
2012-06-04,dev,spy_always,1.205248309078895
2012-06-05,dev,spy_always,1.2130558536253748
2012-06-06,dev,spy_always,1.230113685348451
2012-06-07,dev,spy_always,1.2263885520178055
2012-06-08,dev,spy_always,1.2374992558244076
2012-06-11,dev,spy_always,1.225145532712462
2012-06-12,dev,spy_always,1.2344611335091034
2012-06-13,dev,spy_always,1.210187156171434
2012-06-14,dev,spy_always,1.2190061250894781
2012-06-15,dev,spy_always,1.229910227187805
2012-06-18,dev,spy_always,1.2295968176349503
2012-06-19,dev,spy_always,1.2388485556858617
2012-06-20,dev,spy_always,1.2335322875452734
2012-06-21,dev,spy_always,1.2172733282409771
2012-06-22,dev,spy_always,1.2324011703356543
2012-06-25,dev,spy_always,1.2292481816709884
2012-06-26,dev,spy_always,1.2305846834151375
2012-06-27,dev,spy_always,1.2365646305734528
2012-06-28,dev,spy_always,1.2556314318581472
2012-06-29,dev,spy_always,1.2805226400963847
2012-07-02,dev,spy_always,1.2906460859540556
2012-07-03,dev,spy_always,1.3004049463075218
2012-07-05,dev,spy_always,1.297348708663484
2012-07-06,dev,spy_always,1.296233448480735
2012-07-09,dev,spy_always,1.2984437566698654
2012-07-10,dev,spy_always,1.2941055461347042
2012-07-11,dev,spy_always,1.2927287762169504
2012-07-12,dev,spy_always,1.2983406583010288
2012-07-13,dev,spy_always,1.3112000417560026
2012-07-16,dev,spy_always,1.3055924827613756
2012-07-17,dev,spy_always,1.315146105441057
2012-07-18,dev,spy_always,1.322110966769843
2012-07-19,dev,spy_always,1.3157229986324932
2012-07-20,dev,spy_always,1.30698332141611
2012-07-23,dev,spy_always,1.292959663240673
2012-07-24,dev,spy_always,1.2815008429000567
2012-07-25,dev,spy_always,1.2915070144283496
2012-07-26,dev,spy_always,1.2952561616392457
2012-07-27,dev,spy_always,1.315156968983737
2012-07-30,dev,spy_always,1.3113904778499976
2012-07-31,dev,spy_always,1.3065590657561101
2012-08-01,dev,spy_always,1.2937319960073772
2012-08-02,dev,spy_always,1.2843938415808314
2012-08-03,dev,spy_always,1.3014134306785956
2012-08-06,dev,spy_always,1.306534120986973
2012-08-07,dev,spy_always,1.312275616017365
2012-08-08,dev,spy_always,1.3092914135123697
2012-08-09,dev,spy_always,1.3008432740901095
2012-08-10,dev,spy_always,1.30079615634794
2012-08-13,dev,spy_always,1.3033749966608204
2012-08-14,dev,spy_always,1.3075318178252373
2012-08-15,dev,spy_always,1.311905286544904
2012-08-16,dev,spy_always,1.3189733928632568
2012-08-17,dev,spy_always,1.3306214385796906
2012-08-20,dev,spy_always,1.3309600469570952
2012-08-21,dev,spy_always,1.3308606686774183
2012-08-22,dev,spy_always,1.3285005991217622
2012-08-23,dev,spy_always,1.3304325060784266
2012-08-24,dev,spy_always,1.3391607461635848
2012-08-27,dev,spy_always,1.3431187054972886
2012-08-28,dev,spy_always,1.3430462441475288
2012-08-29,dev,spy_always,1.3426038529403035
2012-08-30,dev,spy_always,1.335564335914313
2012-08-31,dev,spy_always,1.339105363676222
2012-09-04,dev,spy_always,1.3434370379668106
2012-09-05,dev,spy_always,1.3341658925984983
2012-09-06,dev,spy_always,1.34939221791336
2012-09-07,dev,spy_always,1.3463399306838875
2012-09-10,dev,spy_always,1.3431083603625922
2012-09-11,dev,spy_always,1.347298708064005
2012-09-12,dev,spy_always,1.350482075370368
2012-09-13,dev,spy_always,1.3560890385493145
2012-09-14,dev,spy_always,1.3478054746357184
2012-09-17,dev,spy_always,1.3474123127421567
2012-09-18,dev,spy_always,1.348902811807827
2012-09-19,dev,spy_always,1.3519612816097595
2012-09-20,dev,spy_always,1.3596434573811058
2012-09-21,dev,spy_always,1.356781035412281
2012-09-24,dev,spy_always,1.3608709843057196
2012-09-25,dev,spy_always,1.3562635071365001
2012-09-26,dev,spy_always,1.355530259468199
2012-09-27,dev,spy_always,1.3563715629404423
2012-09-28,dev,spy_always,1.3540080758987867
2012-10-01,dev,spy_always,1.3531121517538514
2012-10-02,dev,spy_always,1.3566193892810228
2012-10-03,dev,spy_always,1.3555963842291998
2012-10-04,dev,spy_always,1.3672419832431775
2012-10-05,dev,spy_always,1.3704924354281929
2012-10-08,dev,spy_always,1.3714548846133987
2012-10-09,dev,spy_always,1.361381830903018
2012-10-10,dev,spy_always,1.3594034463641442
2012-10-11,dev,spy_always,1.3628666877964002
2012-10-12,dev,spy_always,1.3557812059058147
2012-10-15,dev,spy_always,1.3622440497288537
2012-10-16,dev,spy_always,1.365233968065549
2012-10-17,dev,spy_always,1.3726966053591902
2012-10-18,dev,spy_always,1.3752248559089464
2012-10-19,dev,spy_always,1.3540660539015774
2012-10-22,dev,spy_always,1.3435615147541036
2012-10-23,dev,spy_always,1.3363391504489657
2012-10-24,dev,spy_always,1.3286525062636807
2012-10-25,dev,spy_always,1.3371163885503439
2012-10-26,dev,spy_always,1.3333777589897362
2012-10-31,dev,spy_always,1.34926523769192
2012-11-01,dev,spy_always,1.3797431555345239
2012-11-02,dev,spy_always,1.3722150591572189
2012-11-05,dev,spy_always,1.3728738854741782
2012-11-06,dev,spy_always,1.3801464864208124
2012-11-07,dev,spy_always,1.3568971527558276
2012-11-08,dev,spy_always,1.3441835465810272
2012-11-09,dev,spy_always,1.3386082257518828
2012-11-12,dev,spy_always,1.3371112275895207
2012-11-13,dev,spy_always,1.3410148109101416
2012-11-14,dev,spy_always,1.3285577460630429
2012-11-15,dev,spy_always,1.3218114359702142
2012-11-16,dev,spy_always,1.320859964137455
2012-11-19,dev,spy_always,1.341330713095808
2012-11-20,dev,spy_always,1.3422722757235641
2012-11-21,dev,spy_always,1.3409169524331315
2012-11-23,dev,spy_always,1.3538217513673723
2012-11-26,dev,spy_always,1.3473673983522223
2012-11-27,dev,spy_always,1.345535948906407
2012-11-28,dev,spy_always,1.3540738655278473
2012-11-29,dev,spy_always,1.3539433906084724
2012-11-30,dev,spy_always,1.3537342132231962
2012-12-03,dev,spy_always,1.352171672116214
2012-12-04,dev,spy_always,1.3472416075215503
2012-12-05,dev,spy_always,1.3528717573677629
2012-12-06,dev,spy_always,1.3512979711800834
2012-12-07,dev,spy_always,1.354715971630286
2012-12-10,dev,spy_always,1.3585151226247574
2012-12-11,dev,spy_always,1.3628470555015875
2012-12-12,dev,spy_always,1.3582273915344245
2012-12-13,dev,spy_always,1.3524597727612366
2012-12-14,dev,spy_always,1.3459662400387273
2012-12-17,dev,spy_always,1.3627285199114842
2012-12-18,dev,spy_always,1.3690767598166766
2012-12-19,dev,spy_always,1.3587474174530767
2012-12-20,dev,spy_always,1.3629709712268494
2012-12-21,dev,spy_always,1.3557831671070881
2012-12-24,dev,spy_always,1.3551813407793845
2012-12-26,dev,spy_always,1.3441873280560312
2012-12-27,dev,spy_always,1.345887170307415
2012-12-28,dev,spy_always,1.335197853680423
2012-12-31,dev,spy_always,1.353364377283431
2013-01-02,dev,spy_always,1.3779060754386476
2013-01-03,dev,spy_always,1.392763922575418
2013-01-04,dev,spy_always,1.3961890616277137
2013-01-07,dev,spy_always,1.3882931847855324
2013-01-08,dev,spy_always,1.3783245594857332
2013-01-09,dev,spy_always,1.3813217821194175
2013-01-10,dev,spy_always,1.386746684180111
2013-01-11,dev,spy_always,1.3844656234220738
2013-01-14,dev,spy_always,1.3888289609229219
2013-01-15,dev,spy_always,1.3979913895530132
2013-01-16,dev,spy_always,1.3958990334169872
2013-01-17,dev,spy_always,1.4046430142500266
2013-01-18,dev,spy_always,1.4086248999962285
2013-01-22,dev,spy_always,1.4175592230368492
2013-01-23,dev,spy_always,1.4189275203576899
2013-01-24,dev,spy_always,1.4331947042062174
2013-01-25,dev,spy_always,1.4409508819415666
2013-01-28,dev,spy_always,1.440197657537255
2013-01-29,dev,spy_always,1.440893480308832
2013-01-30,dev,spy_always,1.4395213080781153
2013-01-31,dev,spy_always,1.4355905215413627
2013-02-01,dev,spy_always,1.445172950274184
2013-02-04,dev,spy_always,1.4258548000748
2013-02-05,dev,spy_always,1.4382062341927395
2013-02-06,dev,spy_always,1.4372117222791712
2013-02-07,dev,spy_always,1.4460594152282957
2013-02-08,dev,spy_always,1.4621446431664538
2013-02-11,dev,spy_always,1.463976641068065
2013-02-12,dev,spy_always,1.4729306267503042
2013-02-13,dev,spy_always,1.4746799475480576
2013-02-14,dev,spy_always,1.478129363575567
2013-02-15,dev,spy_always,1.4817139844245424
2013-02-19,dev,spy_always,1.4940263435225924
2013-02-20,dev,spy_always,1.4809948268676603
2013-02-21,dev,spy_always,1.472283647693448
2013-02-22,dev,spy_always,1.4848819307524073
2013-02-25,dev,spy_always,1.4684217482806037
2013-02-26,dev,spy_always,1.4729829168174375
2013-02-27,dev,spy_always,1.486248247753421
2013-02-28,dev,spy_always,1.4880119774599905
2013-03-01,dev,spy_always,1.4892638868418044
2013-03-04,dev,spy_always,1.4961987592541144
2013-03-05,dev,spy_always,1.506415473064915
2013-03-06,dev,spy_always,1.5045420248234531
2013-03-07,dev,spy_always,1.4886224672881618
2013-03-08,dev,spy_always,1.4983809521681661
2013-03-11,dev,spy_always,1.4993868589447903
2013-03-12,dev,spy_always,1.4965885794642206
2013-03-13,dev,spy_always,1.4996364453431137
2013-03-14,dev,spy_always,1.5003094097319463
2013-03-15,dev,spy_always,1.5095901948501855
2013-03-18,dev,spy_always,1.5022442417891235
2013-03-19,dev,spy_always,1.5016870316089632
2013-03-20,dev,spy_always,1.5118365784170218
2013-03-21,dev,spy_always,1.508934111113057
2013-03-22,dev,spy_always,1.5191288385464532
2013-03-25,dev,spy_always,1.517214134147189
2013-03-26,dev,spy_always,1.5326597523103884
2013-03-27,dev,spy_always,1.5407249330603126
2013-03-28,dev,spy_always,1.5532213362094878
2013-04-01,dev,spy_always,1.5455273459659147
2013-04-02,dev,spy_always,1.5475906577733116
2013-04-03,dev,spy_always,1.5382424557983636
2013-04-04,dev,spy_always,1.5558663663348131
2013-04-05,dev,spy_always,1.5503693560836231
2013-04-08,dev,spy_always,1.557009367970116
2013-04-09,dev,spy_always,1.5527925004423897
2013-04-10,dev,spy_always,1.5747161508271637
2013-04-11,dev,spy_always,1.5937528258618303
2013-04-12,dev,spy_always,1.5961584262955253
2013-04-15,dev,spy_always,1.565717717157733
2013-04-16,dev,spy_always,1.595244505920539
2013-04-17,dev,spy_always,1.5781995099393196
2013-04-18,dev,spy_always,1.5772615296052115
2013-04-19,dev,spy_always,1.592545889560249
2013-04-22,dev,spy_always,1.5932530369023474
2013-04-23,dev,spy_always,1.6044358908246978
2013-04-24,dev,spy_always,1.6059926260940123
2013-04-25,dev,spy_always,1.6161822528637297
2013-04-26,dev,spy_always,1.613809401624123
2013-04-29,dev,spy_always,1.6264303948535235
2013-04-30,dev,spy_always,1.633232096948182
2013-05-01,dev,spy_always,1.6091470181739607
2013-05-02,dev,spy_always,1.609634975854469
2013-05-03,dev,spy_always,1.6162975794461967
2013-05-06,dev,spy_always,1.6113002953175677
2013-05-07,dev,spy_always,1.628956375752942
2013-05-08,dev,spy_always,1.6230005486596688
2013-05-09,dev,spy_always,1.6096331248683147
2013-05-10,dev,spy_always,1.6141539982468347
2013-05-13,dev,spy_always,1.6097812357819807
2013-05-14,dev,spy_always,1.625908161106345
2013-05-15,dev,spy_always,1.6396035954411112
2013-05-16,dev,spy_always,1.621458778098624
2013-05-17,dev,spy_always,1.6339114342365102
2013-05-20,dev,spy_always,1.6310705104279213
2013-05-21,dev,spy_always,1.6342287770182544
2013-05-22,dev,spy_always,1.611532421486698
2013-05-23,dev,spy_always,1.5978396774163743
2013-05-24,dev,spy_always,1.5942733124855388
2013-05-28,dev,spy_always,1.5968632231914337
2013-05-29,dev,spy_always,1.5769228568185572
2013-05-30,dev,spy_always,1.5760515041741217
2013-05-31,dev,spy_always,1.5600352359435947
2013-06-03,dev,spy_always,1.570877029256007
2013-06-04,dev,spy_always,1.5583842709793296
2013-06-05,dev,spy_always,1.5469198244614135
2013-06-06,dev,spy_always,1.5621892224036051
2013-06-07,dev,spy_always,1.5699655220167033
2013-06-10,dev,spy_always,1.5655449286336574
2013-06-11,dev,spy_always,1.5472071393641451
2013-06-12,dev,spy_always,1.5374249755883176
2013-06-13,dev,spy_always,1.5649396158540605
2013-06-14,dev,spy_always,1.5638430015623004
2013-06-17,dev,spy_always,1.5712876348873233
2013-06-18,dev,spy_always,1.5846703738954404
2013-06-19,dev,spy_always,1.5621242493459555
2013-06-20,dev,spy_always,1.5289585182479346
2013-06-21,dev,spy_always,1.5279343946476698
2013-06-24,dev,spy_always,1.520951559370051
2013-06-25,dev,spy_always,1.533070309862556
2013-06-26,dev,spy_always,1.5308101420331939
2013-06-27,dev,spy_always,1.5486778791842961
2013-06-28,dev,spy_always,1.5522254726652396
2013-07-01,dev,spy_always,1.547755394900062
2013-07-02,dev,spy_always,1.54051004717011
2013-07-03,dev,spy_always,1.5411159913039922
2013-07-05,dev,spy_always,1.5463915182998764
2013-07-08,dev,spy_always,1.5622256261972776
2013-07-09,dev,spy_always,1.5630533604175707
2013-07-10,dev,spy_always,1.5708111029148464
2013-07-11,dev,spy_always,1.5811255974323877
2013-07-12,dev,spy_always,1.5838103713239806
2013-07-15,dev,spy_always,1.5945461076974095
2013-07-16,dev,spy_always,1.589172810737854
2013-07-17,dev,spy_always,1.5910928975772813
2013-07-18,dev,spy_always,1.6086243571833037
2013-07-19,dev,spy_always,1.6111673595093852
2013-07-22,dev,spy_always,1.6206320668773164
2013-07-23,dev,spy_always,1.616512827379946
2013-07-24,dev,spy_always,1.6008092180650826
2013-07-25,dev,spy_always,1.6128294171793207
2013-07-26,dev,spy_always,1.6130912853471424
2013-07-29,dev,spy_always,1.6050921006128218
2013-07-30,dev,spy_always,1.6015683788866584
2013-07-31,dev,spy_always,1.5941658540037835
2013-08-01,dev,spy_always,1.608718115966393
2013-08-02,dev,spy_always,1.6042511991706412
2013-08-05,dev,spy_always,1.597934756346047
2013-08-06,dev,spy_always,1.585460847380217
2013-08-07,dev,spy_always,1.5834555177895226
2013-08-08,dev,spy_always,1.5851156586139064
2013-08-09,dev,spy_always,1.5952529118346728
2013-08-12,dev,spy_always,1.5923958766536008
2013-08-13,dev,spy_always,1.5989615175552403
2013-08-14,dev,spy_always,1.5838243280662017
2013-08-15,dev,spy_always,1.5567818242808171
2013-08-16,dev,spy_always,1.5465881909410228
2013-08-19,dev,spy_always,1.5370135961310807
2013-08-20,dev,spy_always,1.5565288876551504
2013-08-21,dev,spy_always,1.5466119738196509
2013-08-22,dev,spy_always,1.5619795204556586
2013-08-23,dev,spy_always,1.5768917938431495
2013-08-26,dev,spy_always,1.5674808226236296
2013-08-27,dev,spy_always,1.5543230459949922
2013-08-28,dev,spy_always,1.55270968038859
2013-08-29,dev,spy_always,1.5567827814404114
2013-08-30,dev,spy_always,1.5483031074211464
2013-09-03,dev,spy_always,1.5456091669433747
2013-09-04,dev,spy_always,1.5510061430864568
2013-09-05,dev,spy_always,1.5518907388676257
2013-09-06,dev,spy_always,1.551185486906676
2013-09-09,dev,spy_always,1.564307940463864
2013-09-10,dev,spy_always,1.5811987492808814
2013-09-11,dev,spy_always,1.5862820589753803
2013-09-12,dev,spy_always,1.574490584998672
2013-09-13,dev,spy_always,1.5777243090829822
2013-09-16,dev,spy_always,1.5889831414440054
2013-09-17,dev,spy_always,1.599346209003
2013-09-18,dev,spy_always,1.626779138141441
2013-09-19,dev,spy_always,1.6291896548212357
2013-09-20,dev,spy_always,1.6152556863791576
2013-09-23,dev,spy_always,1.6178179653826448
2013-09-24,dev,spy_always,1.6234891288897086
2013-09-25,dev,spy_always,1.6214138143068033
2013-09-26,dev,spy_always,1.6399548070021372
2013-09-27,dev,spy_always,1.6346540956055224
2013-09-30,dev,spy_always,1.6377936383205787
2013-10-01,dev,spy_always,1.6588318158037452
2013-10-02,dev,spy_always,1.661287191250939
2013-10-03,dev,spy_always,1.6437496539698169
2013-10-04,dev,spy_always,1.6502240779240205
2013-10-07,dev,spy_always,1.6396688321933537
2013-10-08,dev,spy_always,1.6331414966152193
2013-10-09,dev,spy_always,1.6326955739209774
2013-10-10,dev,spy_always,1.6629004500060982
2013-10-11,dev,spy_always,1.6719323903731875
2013-10-14,dev,spy_always,1.6715655796386955
2013-10-15,dev,spy_always,1.6562418362246383
2013-10-16,dev,spy_always,1.707415542669939
2013-10-17,dev,spy_always,1.7252079292173532
2013-10-18,dev,spy_always,1.7318546599744604
2013-10-21,dev,spy_always,1.7337930084392519
2013-10-22,dev,spy_always,1.7477077059452464
2013-10-23,dev,spy_always,1.7497845593078392
2013-10-24,dev,spy_always,1.742019821914337
2013-10-25,dev,spy_always,1.7644580476302458
2013-10-28,dev,spy_always,1.7629699117662936
2013-10-29,dev,spy_always,1.7691681756936903
2013-10-30,dev,spy_always,1.7643802296398552
2013-10-31,dev,spy_always,1.7634339527931964
2013-11-01,dev,spy_always,1.7638677595526218
2013-11-04,dev,spy_always,1.7648147572681532
2013-11-05,dev,spy_always,1.7602672783130184
2013-11-06,dev,spy_always,1.7743411899912616
2013-11-07,dev,spy_always,1.7571880859635152
2013-11-08,dev,spy_always,1.7602652250792823
2013-11-11,dev,spy_always,1.7633323909572292
2013-11-12,dev,spy_always,1.7577757548727795
2013-11-13,dev,spy_always,1.7694371346443034
2013-11-14,dev,spy_always,1.7784580584519012
2013-11-15,dev,spy_always,1.7848927467161477
2013-11-18,dev,spy_always,1.7792467856442091
2013-11-19,dev,spy_always,1.7683935418962973
2013-11-20,dev,spy_always,1.7597293213817575
2013-11-21,dev,spy_always,1.7630163516586068
2013-11-22,dev,spy_always,1.7555288733490775
2013-11-25,dev,spy_always,1.7507153594506575
2013-11-26,dev,spy_always,1.753296185298653
2013-11-27,dev,spy_always,1.7576954827511226
2013-11-29,dev,spy_always,1.753187421697604
2013-12-02,dev,spy_always,1.7409433788865223
2013-12-03,dev,spy_always,1.73214099319479
2013-12-04,dev,spy_always,1.7274800467230516
2013-12-05,dev,spy_always,1.7178783355345866
2013-12-06,dev,spy_always,1.7394551138605603
2013-12-09,dev,spy_always,1.7399676449430195
2013-12-10,dev,spy_always,1.727904718136123
2013-12-11,dev,spy_always,1.715999257022934
2013-12-12,dev,spy_always,1.7099179042100094
2013-12-13,dev,spy_always,1.7110063031810843
2013-12-16,dev,spy_always,1.7212171952679838
2013-12-17,dev,spy_always,1.7204487932932069
2013-12-18,dev,spy_always,1.7453938420545483
2013-12-19,dev,spy_always,1.744041323790012
2013-12-20,dev,spy_always,1.754548639229851
2013-12-23,dev,spy_always,1.753907364371637
2013-12-24,dev,spy_always,1.7578596474776087
2013-12-26,dev,spy_always,1.7616675250345004
2013-12-27,dev,spy_always,1.7608990854219886
2013-12-30,dev,spy_always,1.7743626346666226
2013-12-31,dev,spy_always,1.7794945803681248
2014-01-02,dev,spy_always,1.756200521203911
2014-01-03,dev,spy_always,1.7532831144391838
2014-01-06,dev,spy_always,1.7502278143827437
2014-01-07,dev,spy_always,1.7596864243632162
2014-01-08,dev,spy_always,1.755800235559528
2014-01-09,dev,spy_always,1.765171030360188
2014-01-10,dev,spy_always,1.7730319364031137
2014-01-13,dev,spy_always,1.7587453409372982
2014-01-14,dev,spy_always,1.7745580335576152
2014-01-15,dev,spy_always,1.7731322513496368
2014-01-16,dev,spy_always,1.7721579137028547
2014-01-17,dev,spy_always,1.7673746374212802
2014-01-21,dev,spy_always,1.7786739271772627
2014-01-22,dev,spy_always,1.7846077389474297
2014-01-23,dev,spy_always,1.772789122034996
2014-01-24,dev,spy_always,1.7570140504054366
2014-01-27,dev,spy_always,1.7540888886805195
2014-01-28,dev,spy_always,1.759618670746224
2014-01-29,dev,spy_always,1.7267621627186656
2014-01-30,dev,spy_always,1.7626050255226027
2014-01-31,dev,spy_always,1.7636000337209328
2014-02-03,dev,spy_always,1.7239172735831705
2014-02-04,dev,spy_always,1.7393740741915937
2014-02-05,dev,spy_always,1.737641692609958
2014-02-06,dev,spy_always,1.7525405011956248
2014-02-07,dev,spy_always,1.7625719094189867
2014-02-10,dev,spy_always,1.7756376025169873
2014-02-11,dev,spy_always,1.7857592872704684
2014-02-12,dev,spy_always,1.7748812313176936
2014-02-13,dev,spy_always,1.7924400724638494
2014-02-14,dev,spy_always,1.8045669827485384
2014-02-18,dev,spy_always,1.8074939063877797
2014-02-19,dev,spy_always,1.8035215191814342
2014-02-20,dev,spy_always,1.8179027326510475
2014-02-21,dev,spy_always,1.8181227232474584
2014-02-24,dev,spy_always,1.8285017439329967
2014-02-25,dev,spy_always,1.8306840687484007
2014-02-26,dev,spy_always,1.8290396763014658
2014-02-27,dev,spy_always,1.8378465130136392
2014-02-28,dev,spy_always,1.8475179836998248
2014-03-03,dev,spy_always,1.8415409004387024
2014-03-04,dev,spy_always,1.8683171025953889
2014-03-05,dev,spy_always,1.8615269522471274
2014-03-06,dev,spy_always,1.86673477770591
2014-03-07,dev,spy_always,1.86512234638277
2014-03-10,dev,spy_always,1.8678672330398973
2014-03-11,dev,spy_always,1.8658516064842736
2014-03-12,dev,spy_always,1.8742085930278964
2014-03-13,dev,spy_always,1.8727952228955873
2014-03-14,dev,spy_always,1.8823036697468047
2014-03-17,dev,spy_always,1.8956622780664552
2014-03-18,dev,spy_always,1.897995177141195
2014-03-19,dev,spy_always,1.8794392074630142
2014-03-20,dev,spy_always,1.884943199653723
2014-03-21,dev,spy_always,1.8785638673627931
2014-03-24,dev,spy_always,1.8754996954455572
2014-03-25,dev,spy_always,1.888989981307716
2014-03-26,dev,spy_always,1.8861981643747723
2014-03-27,dev,spy_always,1.88354803789866
2014-03-28,dev,spy_always,1.8873129089733853
2014-03-31,dev,spy_always,1.905407132876524
2014-04-01,dev,spy_always,1.9075561300867612
2014-04-02,dev,spy_always,1.9092227561560275
2014-04-03,dev,spy_always,1.9080198385136962
2014-04-04,dev,spy_always,1.9009713279934726
2014-04-07,dev,spy_always,1.8918241788137595
2014-04-08,dev,spy_always,1.9089503369090188
2014-04-09,dev,spy_always,1.9100726571528637
2014-04-10,dev,spy_always,1.8935700371569766
2014-04-11,dev,spy_always,1.8812958958025312
2014-04-14,dev,spy_always,1.9047684481019047
2014-04-15,dev,spy_always,1.9196864789680723
2014-04-16,dev,spy_always,1.9318694409678394
2014-04-17,dev,spy_always,1.923441675479906
2014-04-21,dev,spy_always,1.9239909111629012
2014-04-22,dev,spy_always,1.9338598467736159
2014-04-23,dev,spy_always,1.9284810631115983
2014-04-24,dev,spy_always,1.9319790061804587
2014-04-25,dev,spy_always,1.9337380772297303
2014-04-28,dev,spy_always,1.9490145108493429
2014-04-29,dev,spy_always,1.9538426371850512
2014-04-30,dev,spy_always,1.9533743351184747
2014-05-01,dev,spy_always,1.9491844263208076
2014-05-02,dev,spy_always,1.9450133661906084
2014-05-05,dev,spy_always,1.9430567304556778
2014-05-06,dev,spy_always,1.9278853125956925
2014-05-07,dev,spy_always,1.9502205392927439
2014-05-08,dev,spy_always,1.940975428735568
2014-05-09,dev,spy_always,1.9332487725128764
2014-05-12,dev,spy_always,1.9392608855798044
2014-05-13,dev,spy_always,1.935229876140697
2014-05-14,dev,spy_always,1.9254062720415674
2014-05-15,dev,spy_always,1.9183683422573405
2014-05-16,dev,spy_always,1.9330666375532004
2014-05-19,dev,spy_always,1.9289190241816567
2014-05-20,dev,spy_always,1.921754553764725
2014-05-21,dev,spy_always,1.9259891558344384
2014-05-22,dev,spy_always,1.9299709949103219
2014-05-23,dev,spy_always,1.9375237624939259
2014-05-27,dev,spy_always,1.9500056729945114
2014-05-28,dev,spy_always,1.944834514853853
2014-05-29,dev,spy_always,1.9491235065924724
2014-05-30,dev,spy_always,1.958473405697479
2014-06-02,dev,spy_always,1.9583383576405544
2014-06-03,dev,spy_always,1.956553978430471
2014-06-04,dev,spy_always,1.9692572629567398
2014-06-05,dev,spy_always,1.9864399883751414
2014-06-06,dev,spy_always,1.9884485504206884
2014-06-09,dev,spy_always,1.9803922482265235
2014-06-10,dev,spy_always,1.9727155932782634
2014-06-11,dev,spy_always,1.9655244720656972
2014-06-12,dev,spy_always,1.9626329220564958
2014-06-13,dev,spy_always,1.9697967293050342
2014-06-16,dev,spy_always,1.966621010321189
2014-06-17,dev,spy_always,1.9756433705894607
2014-06-18,dev,spy_always,1.9999331868653947
2014-06-19,dev,spy_always,2.0092575707337152
2014-06-20,dev,spy_always,2.0103510718338096
2014-06-23,dev,spy_always,1.9955435546307168
2014-06-24,dev,spy_always,1.9900913590060785
2014-06-25,dev,spy_always,1.989625136762575
2014-06-26,dev,spy_always,1.981533597921657
2014-06-27,dev,spy_always,1.9901694747245635
2014-06-30,dev,spy_always,1.9983812190193593
2014-07-01,dev,spy_always,2.0026080016880403
2014-07-02,dev,spy_always,1.9900989085869512
2014-07-03,dev,spy_always,1.988493061661982
2014-07-07,dev,spy_always,1.9895119772653884
2014-07-08,dev,spy_always,1.9921151254523541
2014-07-09,dev,spy_always,1.9890968173797843
2014-07-10,dev,spy_always,1.9841323678945286
2014-07-11,dev,spy_always,1.9773451587958901
2014-07-14,dev,spy_always,1.9721945317994238
2014-07-15,dev,spy_always,1.9725792636336308
2014-07-16,dev,spy_always,1.9578691384134999
2014-07-17,dev,spy_always,1.9447127449264678
2014-07-18,dev,spy_always,1.96848649257381
2014-07-21,dev,spy_always,1.9602780388424907
2014-07-22,dev,spy_always,1.9624416017252524
2014-07-23,dev,spy_always,1.964472007715126
2014-07-24,dev,spy_always,1.955925381862582
2014-07-25,dev,spy_always,1.9458863396052484
2014-07-28,dev,spy_always,1.9525046333999103
2014-07-29,dev,spy_always,1.937817590221521
2014-07-30,dev,spy_always,1.9146064314892468
2014-07-31,dev,spy_always,1.8819195258374612
2014-08-01,dev,spy_always,1.892269448271656
2014-08-04,dev,spy_always,1.8949552468543251
2014-08-05,dev,spy_always,1.8811549330037531
2014-08-06,dev,spy_always,1.8797209953301341
2014-08-07,dev,spy_always,1.8825234782625135
2014-08-08,dev,spy_always,1.9085468738249933
2014-08-11,dev,spy_always,1.9146252177471226
2014-08-12,dev,spy_always,1.9114919996405593
2014-08-13,dev,spy_always,1.9204813747686813
2014-08-14,dev,spy_always,1.9334373927355943
2014-08-15,dev,spy_always,1.9306942753906295
2014-08-18,dev,spy_always,1.9392365852078857
2014-08-19,dev,spy_always,1.956771975384834
2014-08-20,dev,spy_always,1.95828040464112
2014-08-21,dev,spy_always,1.9614802728713756
2014-08-22,dev,spy_always,1.966505453729439
2014-08-25,dev,spy_always,1.96674073396733
2014-08-26,dev,spy_always,1.9646037399499239
2014-08-27,dev,spy_always,1.9713709178472705
2014-08-28,dev,spy_always,1.9748958597916613
2014-08-29,dev,spy_always,1.9800907964204661
2014-09-02,dev,spy_always,1.9812556285636538
2014-09-03,dev,spy_always,1.98302613458144
2014-09-04,dev,spy_always,1.9808761792331822
2014-09-05,dev,spy_always,1.9996995219596931
2014-09-08,dev,spy_always,1.9957362733683512
2014-09-09,dev,spy_always,1.9789409333034658
2014-09-10,dev,spy_always,1.9729439249476308
2014-09-11,dev,spy_always,1.9791884405557991
2014-09-12,dev,spy_always,1.9511991761595309
2014-09-15,dev,spy_always,1.949129430937335
2014-09-16,dev,spy_always,1.967549286270228
2014-09-17,dev,spy_always,1.9654656111396356
2014-09-18,dev,spy_always,1.9626638408735486
2014-09-19,dev,spy_always,1.9605250551561475
2014-09-22,dev,spy_always,1.9412484018221507
2014-09-23,dev,spy_always,1.9292455101433237
2014-09-24,dev,spy_always,1.9412886859549698
2014-09-25,dev,spy_always,1.9222937358280205
2014-09-26,dev,spy_always,1.9367901299018284
2014-09-29,dev,spy_always,1.9399588608161882
2014-09-30,dev,spy_always,1.9381979496804254
2014-10-01,dev,spy_always,1.9307224702734012
2014-10-02,dev,spy_always,1.9422025039669168
2014-10-03,dev,spy_always,1.956867650408052
2014-10-06,dev,spy_always,1.953661041087261
2014-10-07,dev,spy_always,1.9412726588235056
2014-10-08,dev,spy_always,1.9816701246632096
2014-10-09,dev,spy_always,1.9650654028254562
2014-10-10,dev,spy_always,1.9708338438621513
2014-10-13,dev,spy_always,1.9685519488568997
2014-10-14,dev,spy_always,1.9959471185666584
2014-10-15,dev,spy_always,1.982876727767988
2014-10-16,dev,spy_always,1.9745513050878025
2014-10-17,dev,spy_always,1.9818157534491119
2014-10-20,dev,spy_always,2.0039720819057583
2014-10-21,dev,spy_always,2.0285527688385265
2014-10-22,dev,spy_always,2.031844522043603
2014-10-23,dev,spy_always,2.0365851665526042
2014-10-24,dev,spy_always,2.044623492681957
2014-10-27,dev,spy_always,2.05161731322256
2014-10-28,dev,spy_always,2.0595584034260175
2014-10-29,dev,spy_always,2.0493844617126684
2014-10-30,dev,spy_always,2.0735825069209226
2014-10-31,dev,spy_always,2.090433794196521
2014-11-03,dev,spy_always,2.096904095519057
2014-11-04,dev,spy_always,2.0890773012961055
2014-11-05,dev,spy_always,2.1054087016082623
2014-11-06,dev,spy_always,2.11059419312638
2014-11-07,dev,spy_always,2.1081813379485723
2014-11-10,dev,spy_always,2.1170707219253626
2014-11-11,dev,spy_always,2.113070301638142
2014-11-12,dev,spy_always,2.107441624864032
2014-11-13,dev,spy_always,2.106440481770695
2014-11-14,dev,spy_always,2.0938100573234593
2014-11-17,dev,spy_always,2.0942027970954658
2014-11-18,dev,spy_always,2.099306116056508
2014-11-19,dev,spy_always,2.0973228272061277
2014-11-20,dev,spy_always,2.09843076946509
2014-11-21,dev,spy_always,2.133236869858102
2014-11-24,dev,spy_always,2.1310993947652013
2014-11-25,dev,spy_always,2.1354141655149848
2014-11-26,dev,spy_always,2.1455336106745446
2014-11-28,dev,spy_always,2.161258154823418
2014-12-01,dev,spy_always,2.144107314793091
2014-12-02,dev,spy_always,2.1591612656509067
2014-12-03,dev,spy_always,2.163866380666041
2014-12-04,dev,spy_always,2.1573921281643673
2014-12-05,dev,spy_always,2.154033277903213
2014-12-08,dev,spy_always,2.157899325889224
2014-12-09,dev,spy_always,2.1654509923412872
2014-12-10,dev,spy_always,2.1435403893873675
2014-12-11,dev,spy_always,2.1571145412003245
2014-12-12,dev,spy_always,2.135593449760067
2014-12-15,dev,spy_always,2.1183227238923164
2014-12-16,dev,spy_always,2.1116275566753493
2014-12-17,dev,spy_always,2.147094664106051
2014-12-18,dev,spy_always,2.1818986436201224
2014-12-19,dev,spy_always,2.1987392717237153
2014-12-22,dev,spy_always,2.208794718779199
2014-12-23,dev,spy_always,2.2202799941038287
2014-12-24,dev,spy_always,2.2275796603258335
2014-12-26,dev,spy_always,2.237344485266377
2014-12-29,dev,spy_always,2.2585202945221505
2014-12-30,dev,spy_always,2.243655765729568
2014-12-31,dev,spy_always,2.2077947689150283
2015-01-02,dev,spy_always,2.204014081266057
2015-01-05,dev,spy_always,2.1872782284959116
2015-01-06,dev,spy_always,2.1838196689065525
2015-01-07,dev,spy_always,2.2136147459374484
2015-01-08,dev,spy_always,2.249078663848522
2015-01-09,dev,spy_always,2.2320056492179763
2015-01-12,dev,spy_always,2.2253866404145737
2015-01-13,dev,spy_always,2.2358473031580974
2015-01-14,dev,spy_always,2.231756291218379
2015-01-15,dev,spy_always,2.2340747331265502
2015-01-16,dev,spy_always,2.2577395758651306
2015-01-20,dev,spy_always,2.2548695800431795
2015-01-21,dev,spy_always,2.258312958007145
2015-01-22,dev,spy_always,2.285551554247117
2015-01-23,dev,spy_always,2.2724885317119967
2015-01-26,dev,spy_always,2.2744613390714474
2015-01-27,dev,spy_always,2.260011051847694
2015-01-28,dev,spy_always,2.2349330670232805
2015-01-29,dev,spy_always,2.2464888848906046
2015-01-30,dev,spy_always,2.208172971923263
2015-02-02,dev,spy_always,2.2277133840405408
2015-02-03,dev,spy_always,2.2526044314770695
2015-02-04,dev,spy_always,2.255841048789678
2015-02-05,dev,spy_always,2.2821103155393856
2015-02-06,dev,spy_always,2.251299588441783
2015-02-09,dev,spy_always,2.237887828997583
2015-02-10,dev,spy_always,2.249452345395121
2015-02-11,dev,spy_always,2.23987937731484
2015-02-12,dev,spy_always,2.25609896047479
2015-02-13,dev,spy_always,2.255207765415606
2015-02-17,dev,spy_always,2.2451617869872003
2015-02-18,dev,spy_always,2.2591980567000984
2015-02-19,dev,spy_always,2.2385155379848043
2015-02-20,dev,spy_always,2.2549240377337854
2015-02-23,dev,spy_always,2.256933986697038
2015-02-24,dev,spy_always,2.2589802964059613
2015-02-25,dev,spy_always,2.2614630337525097
2015-02-26,dev,spy_always,2.2530095261400187
2015-02-27,dev,spy_always,2.24940762053186
2015-03-02,dev,spy_always,2.258330350416955
2015-03-03,dev,spy_always,2.2573197976327384
2015-03-04,dev,spy_always,2.237891441007817
2015-03-05,dev,spy_always,2.2439343612633937
2015-03-06,dev,spy_always,2.2055834249344275
2015-03-09,dev,spy_always,2.219180796082659
2015-03-10,dev,spy_always,2.190574725955183
2015-03-11,dev,spy_always,2.186578019948228
2015-03-12,dev,spy_always,2.225544736794046
2015-03-13,dev,spy_always,2.208300252688247
2015-03-16,dev,spy_always,2.2243606165974086
2015-03-17,dev,spy_always,2.218357388603383
2015-03-18,dev,spy_always,2.243249340044961
2015-03-19,dev,spy_always,2.2381111527532886
2015-03-20,dev,spy_always,2.2688843429709054
2015-03-23,dev,spy_always,2.2690673642815073
2015-03-24,dev,spy_always,2.255169648843583
2015-03-25,dev,spy_always,2.2342942657612026
2015-03-26,dev,spy_always,2.228169167684104
2015-03-27,dev,spy_always,2.2316765670949827
2015-03-30,dev,spy_always,2.261392508994735
2015-03-31,dev,spy_always,2.247233959197557
2015-04-01,dev,spy_always,2.246251966548377
2015-04-02,dev,spy_always,2.264614696532487
2015-04-06,dev,spy_always,2.279536907632007
2015-04-07,dev,spy_always,2.265623474970109
2015-04-08,dev,spy_always,2.273546688875564
2015-04-09,dev,spy_always,2.26947430049546
2015-04-10,dev,spy_always,2.278714035656696
2015-04-13,dev,spy_always,2.2640890943944103
2015-04-14,dev,spy_always,2.270325545671747
2015-04-15,dev,spy_always,2.2717542587937523
2015-04-16,dev,spy_always,2.2694105071046518
2015-04-17,dev,spy_always,2.243395800579999
2015-04-20,dev,spy_always,2.259723957593114
2015-04-21,dev,spy_always,2.2566540570861338
2015-04-22,dev,spy_always,2.2594173442125705
2015-04-23,dev,spy_always,2.260031853620806
2015-04-24,dev,spy_always,2.2466010482456626
2015-04-27,dev,spy_always,2.234791924796728
2015-04-28,dev,spy_always,2.2451932973566224
2015-04-29,dev,spy_always,2.2249703051520737
2015-04-30,dev,spy_always,2.209226302429531
2015-05-01,dev,spy_always,2.226742706189829
2015-05-04,dev,spy_always,2.2384734160732456
2015-05-05,dev,spy_always,2.20995243601473
2015-05-06,dev,spy_always,2.210628926467234
2015-05-07,dev,spy_always,2.2237826339069677
2015-05-08,dev,spy_always,2.2453507629114684
2015-05-11,dev,spy_always,2.236999265742007
2015-05-12,dev,spy_always,2.2353932393878195
2015-05-13,dev,spy_always,2.227625736691215
2015-05-14,dev,spy_always,2.2636551843142514
2015-05-15,dev,spy_always,2.276979633157063
2015-05-18,dev,spy_always,2.2780277299379925
2015-05-19,dev,spy_always,2.280253822055089
2015-05-20,dev,spy_always,2.2844250917658595
2015-05-21,dev,spy_always,2.2803323193004683
2015-05-22,dev,spy_always,2.279957454369178
2015-05-26,dev,spy_always,2.2688610327140126
2015-05-27,dev,spy_always,2.283607402793822
2015-05-28,dev,spy_always,2.28244117856434
2015-05-29,dev,spy_always,2.26325644050506
2015-06-01,dev,spy_always,2.2676032202724867
2015-06-02,dev,spy_always,2.261962551652698
2015-06-03,dev,spy_always,2.2669526499963526
2015-06-04,dev,spy_always,2.260108505181122
2015-06-05,dev,spy_always,2.243527015476079
2015-06-08,dev,spy_always,2.2322138875507793
2015-06-09,dev,spy_always,2.223681378795812
2015-06-10,dev,spy_always,2.252404738145845
2015-06-11,dev,spy_always,2.2641160415668433
2015-06-12,dev,spy_always,2.2490898795497167
2015-06-15,dev,spy_always,2.236310263935712
2015-06-16,dev,spy_always,2.259931131127705
2015-06-17,dev,spy_always,2.2760219578314693
2015-06-18,dev,spy_always,2.3036539547024164
2015-06-19,dev,spy_always,2.2924781902775115
2015-06-22,dev,spy_always,2.289284696269821
2015-06-23,dev,spy_always,2.2827152872655545
2015-06-24,dev,spy_always,2.261498995020095
2015-06-25,dev,spy_always,2.25287971481386
2015-06-26,dev,spy_always,2.260846810063188
2015-06-29,dev,spy_always,2.222680344852944
2015-06-30,dev,spy_always,2.228112899673761
2015-07-01,dev,spy_always,2.268087480568095
2015-07-02,dev,spy_always,2.2777612398655864
2015-07-06,dev,spy_always,2.2725183888459504
2015-07-07,dev,spy_always,2.2983617905593783
2015-07-08,dev,spy_always,2.2726971188772005
2015-07-09,dev,spy_always,2.2715113278062304
2015-07-10,dev,spy_always,2.2930402763619844
2015-07-13,dev,spy_always,2.3122354606624484
2015-07-14,dev,spy_always,2.31067715351396
2015-07-15,dev,spy_always,2.3160101685797674
2015-07-16,dev,spy_always,2.3328000040917027
2015-07-17,dev,spy_always,2.324302874571499
2015-07-20,dev,spy_always,2.330217296487202
2015-07-21,dev,spy_always,2.3298356178923108
2015-07-22,dev,spy_always,2.3305493542397295
2015-07-23,dev,spy_always,2.315738139303769
2015-07-24,dev,spy_always,2.311134635377175
2015-07-27,dev,spy_always,2.3055289943700745
2015-07-28,dev,spy_always,2.3185671596756556
2015-07-29,dev,spy_always,2.335387799368127
2015-07-30,dev,spy_always,2.3495675712801107
2015-07-31,dev,spy_always,2.3654539226019464
2015-08-03,dev,spy_always,2.3691102503565813
2015-08-04,dev,spy_always,2.3620540997199426
2015-08-05,dev,spy_always,2.356563722111596
2015-08-06,dev,spy_always,2.343817005110599
2015-08-07,dev,spy_always,2.349125213263308
2015-08-10,dev,spy_always,2.359899187166574
2015-08-11,dev,spy_always,2.3542775270358294
2015-08-12,dev,spy_always,2.3635611732479984
2015-08-13,dev,spy_always,2.3661026976730932
2015-08-14,dev,spy_always,2.3801375907467794
2015-08-17,dev,spy_always,2.3990437512527523
2015-08-18,dev,spy_always,2.3915608551787875
2015-08-19,dev,spy_always,2.378577725842725
2015-08-20,dev,spy_always,2.344399936408915
2015-08-21,dev,spy_always,2.29956655518844
2015-08-24,dev,spy_always,2.1991665549150725
2015-08-25,dev,spy_always,2.166493663173406
2015-08-26,dev,spy_always,2.2177385883981136
2015-08-27,dev,spy_always,2.258790090432863
2015-08-28,dev,spy_always,2.2561807784276344
2015-08-31,dev,spy_always,2.236155353095303
2015-09-01,dev,spy_always,2.194227287249519
2015-09-02,dev,spy_always,2.2179446638752642
2015-09-03,dev,spy_always,2.2225806814386693
2015-09-04,dev,spy_always,2.187839653808623
2015-09-08,dev,spy_always,2.2428234265115363
2015-09-09,dev,spy_always,2.21819288989319
2015-09-10,dev,spy_always,2.2143752967862484
2015-09-11,dev,spy_always,2.238998784493445
2015-09-14,dev,spy_always,2.241452200243271
2015-09-15,dev,spy_always,2.2674412734399554
2015-09-16,dev,spy_always,2.277004367013995
2015-09-17,dev,spy_always,2.2849882524888576
2015-09-18,dev,spy_always,2.262349720082416
2015-09-21,dev,spy_always,2.283215284770979
2015-09-22,dev,spy_always,2.258796557008101
2015-09-23,dev,spy_always,2.262127836734249
2015-09-24,dev,spy_always,2.251565801740135
2015-09-25,dev,spy_always,2.266270290410674
2015-09-28,dev,spy_always,2.229990477705263
2015-09-29,dev,spy_always,2.2315516510158897
2015-09-30,dev,spy_always,2.2578432129638384
2015-10-01,dev,spy_always,2.262625033883028
2015-10-02,dev,spy_always,2.288654131455567
2015-10-05,dev,spy_always,2.3233516647261108
2015-10-06,dev,spy_always,2.2969220086920368
2015-10-07,dev,spy_always,2.310768107470303
2015-10-08,dev,spy_always,2.341026957870379
2015-10-09,dev,spy_always,2.335458532709941
2015-10-12,dev,spy_always,2.3460272977695293
2015-10-13,dev,spy_always,2.3301702630937213
2015-10-14,dev,spy_always,2.318929071817044
2015-10-15,dev,spy_always,2.349260676949211
2015-10-16,dev,spy_always,2.3575035713590116
2015-10-19,dev,spy_always,2.3659757206550918
2015-10-20,dev,spy_always,2.3774375373109145
2015-10-21,dev,spy_always,2.3612545061805825
2015-10-22,dev,spy_always,2.3857966742590024
2015-10-23,dev,spy_always,2.3818976037039574
2015-10-26,dev,spy_always,2.3819146855920748
2015-10-27,dev,spy_always,2.3755241467851214
2015-10-28,dev,spy_always,2.389416814370453
2015-10-29,dev,spy_always,2.3861471375605023
2015-10-30,dev,spy_always,2.369845927747743
2015-11-02,dev,spy_always,2.39332176007164
2015-11-03,dev,spy_always,2.3849649817513243
2015-11-04,dev,spy_always,2.3769107461008327
2015-11-05,dev,spy_always,2.383387916975532
2015-11-06,dev,spy_always,2.3527590172288573
2015-11-09,dev,spy_always,2.3374805688153515
2015-11-10,dev,spy_always,2.352858023619274
2015-11-11,dev,spy_always,2.3620444367893474
2015-11-12,dev,spy_always,2.338314474614164
2015-11-13,dev,spy_always,2.3119411585153884
2015-11-16,dev,spy_always,2.3364049884893188
2015-11-17,dev,spy_always,2.3356119715860797
2015-11-18,dev,spy_always,2.362588320132981
2015-11-19,dev,spy_always,2.366060510044182
2015-11-20,dev,spy_always,2.38490539735868
2015-11-23,dev,spy_always,2.3787797004899676
2015-11-24,dev,spy_always,2.3712348768239457
2015-11-25,dev,spy_always,2.372595095267319
2015-11-27,dev,spy_always,2.381147508060296
2015-11-30,dev,spy_always,2.374327690574918
2015-12-01,dev,spy_always,2.3962036881416364
2015-12-02,dev,spy_always,2.3691181568977195
2015-12-03,dev,spy_always,2.3465035249935777
2015-12-04,dev,spy_always,2.3873062456052527
2015-12-07,dev,spy_always,2.386099718288791
2015-12-08,dev,spy_always,2.3719018630308386
2015-12-09,dev,spy_always,2.3490162244368102
2015-12-10,dev,spy_always,2.34447926792039
2015-12-11,dev,spy_always,2.3205488717373743
2015-12-14,dev,spy_always,2.313729998175748
2015-12-15,dev,spy_always,2.333693979217148
2015-12-16,dev,spy_always,2.367750991424936
2015-12-17,dev,spy_always,2.344284159908441
2015-12-18,dev,spy_always,2.3133355885591964
2015-12-21,dev,spy_always,2.3259512219339364
2015-12-22,dev,spy_always,2.3472103860191607
2015-12-23,dev,spy_always,2.3631666114187126
2015-12-24,dev,spy_always,2.3652156671422055
2015-12-28,dev,spy_always,2.3723192633999943
2015-12-29,dev,spy_always,2.396279654169303
2015-12-30,dev,spy_always,2.37846238911744
2015-12-31,dev,spy_always,2.3523826457337913
2016-01-04,dev,spy_always,2.323244759609864
2016-01-05,dev,spy_always,2.3524610090749447
2016-01-06,dev,spy_always,2.343732188183165
2016-01-07,dev,spy_always,2.312511571576049
2016-01-08,dev,spy_always,2.291375259835943
2016-01-11,dev,spy_always,2.2961055500629803
2016-01-12,dev,spy_always,2.3005563649034033
2016-01-13,dev,spy_always,2.2748132126523792
2016-01-14,dev,spy_always,2.2876048943520617
2016-01-15,dev,spy_always,2.2531763038809913
2016-01-19,dev,spy_always,2.27799601600338
2016-01-20,dev,spy_always,2.227997560313933
2016-01-21,dev,spy_always,2.2360189410139286
2016-01-22,dev,spy_always,2.2836509561988523
2016-01-25,dev,spy_always,2.2826697808434098
2016-01-26,dev,spy_always,2.317451345876198
2016-01-27,dev,spy_always,2.291418849446348
2016-01-28,dev,spy_always,2.3005039914162206
2016-01-29,dev,spy_always,2.3511545847613
2016-02-01,dev,spy_always,2.352859482978511
2016-02-02,dev,spy_always,2.337658038092466
2016-02-03,dev,spy_always,2.350325760550592
2016-02-04,dev,spy_always,2.339780524550863
2016-02-05,dev,spy_always,2.3174263633488965
2016-02-08,dev,spy_always,2.2964794687998658
2016-02-09,dev,spy_always,2.2950312632033105
2016-02-10,dev,spy_always,2.2809990202404125
2016-02-11,dev,spy_always,2.272879886952224
2016-02-12,dev,spy_always,2.3095833589669916
2016-02-16,dev,spy_always,2.3392836628766984
2016-02-17,dev,spy_always,2.3606490807251923
2016-02-18,dev,spy_always,2.3701294094526983
2016-02-19,dev,spy_always,2.3734838554108437
2016-02-22,dev,spy_always,2.3866621975129747
2016-02-23,dev,spy_always,2.3741815724627675
2016-02-24,dev,spy_always,2.371674984471661
2016-02-25,dev,spy_always,2.4014115478901332
2016-02-26,dev,spy_always,2.3787483625444152
2016-02-29,dev,spy_always,2.3662007718115263
2016-03-01,dev,spy_always,2.4063216303618216
2016-03-02,dev,spy_always,2.4081858701175474
2016-03-03,dev,spy_always,2.417459045566426
2016-03-04,dev,spy_always,2.425313849355272
2016-03-07,dev,spy_always,2.416649086540096
2016-03-08,dev,spy_always,2.3974447666322325
2016-03-09,dev,spy_always,2.406871210879911
2016-03-10,dev,spy_always,2.401885670829101
2016-03-11,dev,spy_always,2.4347419871281146
2016-03-14,dev,spy_always,2.432161636282431
2016-03-15,dev,spy_always,2.4310783057725307
2016-03-16,dev,spy_always,2.446045345096685
2016-03-17,dev,spy_always,2.4736884145445157
2016-03-18,dev,spy_always,2.4660609549664207
2016-03-21,dev,spy_always,2.4698918206131353
2016-03-22,dev,spy_always,2.4678685545101025
2016-03-23,dev,spy_always,2.4565383787223056
2016-03-24,dev,spy_always,2.4643171734841207
2016-03-28,dev,spy_always,2.4728075817154402
2016-03-29,dev,spy_always,2.5019455070732746
2016-03-30,dev,spy_always,2.5107019859655453
2016-03-31,dev,spy_always,2.5141411468637327
2016-04-01,dev,spy_always,2.528745531326133
2016-04-04,dev,spy_always,2.521115466724244
2016-04-05,dev,spy_always,2.4856770633181045
2016-04-06,dev,spy_always,2.4993244464216873
2016-04-07,dev,spy_always,2.483895298280531
2016-04-08,dev,spy_always,2.4948258743518736
2016-04-11,dev,spy_always,2.472597663428844
2016-04-12,dev,spy_always,2.4933715479964995
2016-04-13,dev,spy_always,2.5047866112517942
2016-04-14,dev,spy_always,2.4894750273677055
2016-04-15,dev,spy_always,2.496389475979865
2016-04-18,dev,spy_always,2.506266249991981
2016-04-19,dev,spy_always,2.495189317289439
2016-04-20,dev,spy_always,2.472759975043182
2016-04-21,dev,spy_always,2.4503554986836664
2016-04-22,dev,spy_always,2.4592404533970127
2016-04-25,dev,spy_always,2.4596901951070413
2016-04-26,dev,spy_always,2.461258332698246
2016-04-27,dev,spy_always,2.449529949181834
2016-04-28,dev,spy_always,2.437743026553246
2016-04-29,dev,spy_always,2.4056776136355045
2016-05-02,dev,spy_always,2.42451152691655
2016-05-03,dev,spy_always,2.419178811040722
2016-05-04,dev,spy_always,2.424638396197809
2016-05-05,dev,spy_always,2.42201786019255
2016-05-06,dev,spy_always,2.4405014055837357
2016-05-09,dev,spy_always,2.464376147898505
2016-05-10,dev,spy_always,2.48207155996694
2016-05-11,dev,spy_always,2.459002856261704
2016-05-12,dev,spy_always,2.471410013448046
2016-05-13,dev,spy_always,2.4567165745021207
2016-05-16,dev,spy_always,2.471928189729339
2016-05-17,dev,spy_always,2.4370713631652783
2016-05-18,dev,spy_always,2.429919684704869
2016-05-19,dev,spy_always,2.4151355304031106
2016-05-20,dev,spy_always,2.443814660459325
2016-05-23,dev,spy_always,2.4422766534618936
2016-05-24,dev,spy_always,2.477617273596149
2016-05-25,dev,spy_always,2.4770984800975597
2016-05-26,dev,spy_always,2.4894039396023486
2016-05-27,dev,spy_always,2.4986365033314493
2016-05-31,dev,spy_always,2.4983629188891388
2016-06-01,dev,spy_always,2.5089296989646215
2016-06-02,dev,spy_always,2.5151972734842323
2016-06-03,dev,spy_always,2.5161066919882624
2016-06-06,dev,spy_always,2.517167660762102
2016-06-07,dev,spy_always,2.5135603211330944
2016-06-08,dev,spy_always,2.522007034564005
2016-06-09,dev,spy_always,2.526409443447733
2016-06-10,dev,spy_always,2.5110871265806467
2016-06-13,dev,spy_always,2.4928696971259914
2016-06-14,dev,spy_always,2.488155406753941
2016-06-15,dev,spy_always,2.4865840862105237
2016-06-16,dev,spy_always,2.4989862089943364
2016-06-17,dev,spy_always,2.492160783911206
2016-06-20,dev,spy_always,2.497893617044692
2016-06-21,dev,spy_always,2.5026146891619736
2016-06-22,dev,spy_always,2.5193995918981678
2016-06-23,dev,spy_always,2.541226507274931
2016-06-24,dev,spy_always,2.4870004405268693
2016-06-27,dev,spy_always,2.4865653555295846
2016-06-28,dev,spy_always,2.519755144758836
2016-06-29,dev,spy_always,2.5553535278990185
2016-06-30,dev,spy_always,2.5975355867868717
2016-07-01,dev,spy_always,2.5857861628745007
2016-07-05,dev,spy_always,2.5743619593357208
2016-07-06,dev,spy_always,2.5777161604713554
2016-07-07,dev,spy_always,2.5844487897235346
2016-07-08,dev,spy_always,2.622119477707628
2016-07-11,dev,spy_always,2.6357301127728734
2016-07-12,dev,spy_always,2.6407915673719846
2016-07-13,dev,spy_always,2.6426188444631573
2016-07-14,dev,spy_always,2.6482148729019577
2016-07-15,dev,spy_always,2.6429672900070127
2016-07-18,dev,spy_always,2.6396533487673963
2016-07-19,dev,spy_always,2.637806485267184
2016-07-20,dev,spy_always,2.6406026215716394
2016-07-21,dev,spy_always,2.6506392792402127
2016-07-22,dev,spy_always,2.6789638085714933
2016-07-25,dev,spy_always,2.664452924499294
2016-07-26,dev,spy_always,2.6563491638502827
2016-07-27,dev,spy_always,2.6607914658498193
2016-07-28,dev,spy_always,2.651813236948133
2016-07-29,dev,spy_always,2.6504552900329776
2016-08-01,dev,spy_always,2.6565052905857574
2016-08-02,dev,spy_always,2.629492073862223
2016-08-03,dev,spy_always,2.6143974280584428
2016-08-04,dev,spy_always,2.6087943451970386
2016-08-05,dev,spy_always,2.6251361874927084
2016-08-08,dev,spy_always,2.6231687333671148
2016-08-09,dev,spy_always,2.6284396381043647
2016-08-10,dev,spy_always,2.638629561007643
2016-08-11,dev,spy_always,2.635607400396452
2016-08-12,dev,spy_always,2.6350780965841425
2016-08-15,dev,spy_always,2.638223544067494
2016-08-16,dev,spy_always,2.6193962755752387
2016-08-17,dev,spy_always,2.6311090085019173
2016-08-18,dev,spy_always,2.637431554881567
2016-08-19,dev,spy_always,2.616943595004412
2016-08-22,dev,spy_always,2.6229485611036343
2016-08-23,dev,spy_always,2.625274086019874
2016-08-24,dev,spy_always,2.615206123575304
2016-08-25,dev,spy_always,2.617816394501277
2016-08-26,dev,spy_always,2.605653520936941
2016-08-29,dev,spy_always,2.6263458505854382
2016-08-30,dev,spy_always,2.6236975420211524
2016-08-31,dev,spy_always,2.624179448570687
2016-09-01,dev,spy_always,2.6377044988809217
2016-09-02,dev,spy_always,2.6554519470152074
2016-09-06,dev,spy_always,2.669820085759555
2016-09-07,dev,spy_always,2.6713805537114315
2016-09-08,dev,spy_always,2.664176957299428
2016-09-09,dev,spy_always,2.5945308356729777
2016-09-12,dev,spy_always,2.610902742675343
2016-09-13,dev,spy_always,2.570994976648876
2016-09-14,dev,spy_always,2.5662070636212166
2016-09-15,dev,spy_always,2.5858397517744227
2016-09-16,dev,spy_always,2.5757576142363425
2016-09-19,dev,spy_always,2.5801576541133913
2016-09-20,dev,spy_always,2.5768757499938477
2016-09-21,dev,spy_always,2.6047030294005573
2016-09-22,dev,spy_always,2.635254771479575
2016-09-23,dev,spy_always,2.6171523251812836
2016-09-26,dev,spy_always,2.6149020286188454
2016-09-27,dev,spy_always,2.6208634320209945
2016-09-28,dev,spy_always,2.6432030041736803
2016-09-29,dev,spy_always,2.622932933415982
2016-09-30,dev,spy_always,2.613318144648371
2016-10-03,dev,spy_always,2.594620450131224
2016-10-04,dev,spy_always,2.581541234966354
2016-10-05,dev,spy_always,2.551989295673631
2016-10-06,dev,spy_always,2.5468333129686025
2016-10-07,dev,spy_always,2.556496434557002
2016-10-10,dev,spy_always,2.561514573964309
2016-10-11,dev,spy_always,2.5329449952479934
2016-10-12,dev,spy_always,2.554630905211012
2016-10-13,dev,spy_always,2.549423541487321
2016-10-14,dev,spy_always,2.549693705596139
2016-10-17,dev,spy_always,2.5475374740585286
2016-10-18,dev,spy_always,2.5490173749847393
2016-10-19,dev,spy_always,2.5512296340814027
2016-10-20,dev,spy_always,2.535515957283191
2016-10-21,dev,spy_always,2.5233765185622286
2016-10-24,dev,spy_always,2.5388945687410436
2016-10-25,dev,spy_always,2.5354167660312052
2016-10-26,dev,spy_always,2.519713698628377
2016-10-27,dev,spy_always,2.4609839905437743
2016-10-28,dev,spy_always,2.472265276260966
2016-10-31,dev,spy_always,2.499959558938786
2016-11-01,dev,spy_always,2.4794339466940154
2016-11-02,dev,spy_always,2.4673157732115407
2016-11-03,dev,spy_always,2.4403817101021263
2016-11-04,dev,spy_always,2.4468663905837875
2016-11-07,dev,spy_always,2.492774147782494
2016-11-08,dev,spy_always,2.5291671807464997
2016-11-09,dev,spy_always,2.536455143403019
2016-11-10,dev,spy_always,2.537924024976751
2016-11-11,dev,spy_always,2.549108147862599
2016-11-14,dev,spy_always,2.567102895800064
2016-11-15,dev,spy_always,2.5748329092105373
2016-11-16,dev,spy_always,2.5634276716735744
2016-11-17,dev,spy_always,2.5676171035380944
2016-11-18,dev,spy_always,2.567783930621537
2016-11-21,dev,spy_always,2.5553567083641537
2016-11-22,dev,spy_always,2.581989695750679
2016-11-23,dev,spy_always,2.583349219225449
2016-11-25,dev,spy_always,2.596823790513157
2016-11-28,dev,spy_always,2.5864610655025437
2016-11-29,dev,spy_always,2.5999695202168573
2016-11-30,dev,spy_always,2.57644089800298
2016-12-01,dev,spy_always,2.572149860397786
2016-12-02,dev,spy_always,2.5722421576129695
2016-12-05,dev,spy_always,2.5748497887689847
2016-12-06,dev,spy_always,2.591071524356838
2016-12-07,dev,spy_always,2.634449138978498
2016-12-08,dev,spy_always,2.641858968661719
2016-12-09,dev,spy_always,2.6396866247692428
2016-12-12,dev,spy_always,2.636123980320965
2016-12-13,dev,spy_always,2.6357243028048356
2016-12-14,dev,spy_always,2.612569370065887
2016-12-15,dev,spy_always,2.6094544540036835
2016-12-16,dev,spy_always,2.620748909444632
2016-12-19,dev,spy_always,2.6427640235750074
2016-12-20,dev,spy_always,2.6547269648977854
2016-12-21,dev,spy_always,2.6468432649946636
2016-12-22,dev,spy_always,2.6448311032786496
2016-12-23,dev,spy_always,2.6435864504472786
2016-12-27,dev,spy_always,2.6474223602957223
2016-12-28,dev,spy_always,2.625745891709597
2016-12-29,dev,spy_always,2.6372451602256706
2016-12-30,dev,spy_always,2.6444114945405905
2017-01-03,dev,spy_always,2.6492354623911565
2017-01-04,dev,spy_always,2.67303885544802
2017-01-05,dev,spy_always,2.6778477308832427
2017-01-06,dev,spy_always,2.688599484529219
2017-01-09,dev,spy_always,2.6690297825964597
2017-01-10,dev,spy_always,2.6671939499316197
2017-01-11,dev,spy_always,2.659673001240727
2017-01-12,dev,spy_always,2.64627963773998
2017-01-13,dev,spy_always,2.6396765836664584
2017-01-17,dev,spy_always,2.637823495256991
2017-01-18,dev,spy_always,2.6439249399113103
2017-01-19,dev,spy_always,2.629221502926214
2017-01-20,dev,spy_always,2.6317899754983776
2017-01-23,dev,spy_always,2.6480956452329907
2017-01-24,dev,spy_always,2.661022873681293
2017-01-25,dev,spy_always,2.6525621455797475
2017-01-26,dev,spy_always,2.6609352329008162
2017-01-27,dev,spy_always,2.648516706307652
2017-01-30,dev,spy_always,2.632049961640223
2017-01-31,dev,spy_always,2.6460922406374197
2017-02-01,dev,spy_always,2.630714236671991
2017-02-02,dev,spy_always,2.64522476530182
2017-02-03,dev,spy_always,2.6726565905750346
2017-02-06,dev,spy_always,2.662661881342975
2017-02-07,dev,spy_always,2.664076857404752
2017-02-08,dev,spy_always,2.6777402790660223
2017-02-09,dev,spy_always,2.7020265366095937
2017-02-10,dev,spy_always,2.729309118941284
2017-02-13,dev,spy_always,2.732377387362729
2017-02-14,dev,spy_always,2.716240103929192
2017-02-15,dev,spy_always,2.7237233136547334
2017-02-16,dev,spy_always,2.735533516351478
2017-02-17,dev,spy_always,2.7644828109591355
2017-02-21,dev,spy_always,2.784414690449853
2017-02-22,dev,spy_always,2.77464427206362
2017-02-23,dev,spy_always,2.7868428821391817
2017-02-24,dev,spy_always,2.7891187005757665
2017-02-27,dev,spy_always,2.8000427776276546
2017-02-28,dev,spy_always,2.7868205496919263
2017-03-01,dev,spy_always,2.8076561234646302
2017-03-02,dev,spy_always,2.794617734425475
2017-03-03,dev,spy_always,2.7920450552773337
2017-03-06,dev,spy_always,2.784399251398157
2017-03-07,dev,spy_always,2.7732870268678167
2017-03-08,dev,spy_always,2.7577967755815314
2017-03-09,dev,spy_always,2.7369920436999116
2017-03-10,dev,spy_always,2.7529771190726655
2017-03-13,dev,spy_always,2.746235033981566
2017-03-14,dev,spy_always,2.7464849664098425
2017-03-15,dev,spy_always,2.785866080803842
2017-03-16,dev,spy_always,2.7821381031599643
2017-03-17,dev,spy_always,2.8041998678525553
2017-03-20,dev,spy_always,2.800357723163196
2017-03-21,dev,spy_always,2.7760648000404347
2017-03-22,dev,spy_always,2.791598230779091
2017-03-23,dev,spy_always,2.7939330229072565
2017-03-24,dev,spy_always,2.7876237995709765
2017-03-27,dev,spy_always,2.784158503832196
2017-03-28,dev,spy_always,2.806280270625002
2017-03-29,dev,spy_always,2.8060968537083157
2017-03-30,dev,spy_always,2.811155320155678
2017-03-31,dev,spy_always,2.81816514561531
2017-04-03,dev,spy_always,2.8052785331851275
2017-04-04,dev,spy_always,2.8103278058400316
2017-04-05,dev,spy_always,2.802310049648476
2017-04-06,dev,spy_always,2.8114491969624353
2017-04-07,dev,spy_always,2.8092698796720517
2017-04-10,dev,spy_always,2.8199410741677338
2017-04-11,dev,spy_always,2.8308700022889046
2017-04-12,dev,spy_always,2.812529547395537
2017-04-13,dev,spy_always,2.8021334758092067
2017-04-17,dev,spy_always,2.8472578457211717
2017-04-18,dev,spy_always,2.874625663573741
2017-04-19,dev,spy_always,2.875619109410162
2017-04-20,dev,spy_always,2.8919620993865705
2017-04-21,dev,spy_always,2.8958191197438388
2017-04-24,dev,spy_always,2.893889764174906
2017-04-25,dev,spy_always,2.9007104891197426
2017-04-26,dev,spy_always,2.8984694275090446
2017-04-27,dev,spy_always,2.8718595930206843
2017-04-28,dev,spy_always,2.829497172384315
2017-05-01,dev,spy_always,2.83174131546058
2017-05-02,dev,spy_always,2.8121844379657612
2017-05-03,dev,spy_always,2.8125505911946798
2017-05-04,dev,spy_always,2.8183721602947553
2017-05-05,dev,spy_always,2.827373097957393
2017-05-08,dev,spy_always,2.813830767874161
2017-05-09,dev,spy_always,2.80018381154421
2017-05-10,dev,spy_always,2.8159031758923736
2017-05-11,dev,spy_always,2.793502396391479
2017-05-12,dev,spy_always,2.7818866619663773
2017-05-15,dev,spy_always,2.808889619879407
2017-05-16,dev,spy_always,2.797181025363134
2017-05-17,dev,spy_always,2.7933687057310435
2017-05-18,dev,spy_always,2.801886328259354
2017-05-19,dev,spy_always,2.8318185186578746
2017-05-22,dev,spy_always,2.8461686941356086
2017-05-23,dev,spy_always,2.8453747493007384
2017-05-24,dev,spy_always,2.8528328559656733
2017-05-25,dev,spy_always,2.8606904873407153
2017-05-26,dev,spy_always,2.8527791065602304
2017-05-30,dev,spy_always,2.8425688494379124
2017-05-31,dev,spy_always,2.851512283935232
2017-06-01,dev,spy_always,2.8617825588737027
2017-06-02,dev,spy_always,2.874737082579144
2017-06-05,dev,spy_always,2.8662297674257458
2017-06-06,dev,spy_always,2.8420432292882936
2017-06-07,dev,spy_always,2.860075464429847
2017-06-08,dev,spy_always,2.8445884505146712
2017-06-09,dev,spy_always,2.8442950599953414
2017-06-12,dev,spy_always,2.8741703776315153
2017-06-13,dev,spy_always,2.8966579278536106
2017-06-14,dev,spy_always,2.9039228429031767
2017-06-15,dev,spy_always,2.919546151107229
2017-06-16,dev,spy_always,2.937159708920499
2017-06-19,dev,spy_always,2.9491857917695445
2017-06-20,dev,spy_always,2.9343429074639826
2017-06-21,dev,spy_always,2.9319673120972434
2017-06-22,dev,spy_always,2.9273513916158236
2017-06-23,dev,spy_always,2.9370619993506546
2017-06-26,dev,spy_always,2.940594891807118
2017-06-27,dev,spy_always,2.9252443236390024
2017-06-28,dev,spy_always,2.9395495806786345
2017-06-29,dev,spy_always,2.9202222789988164
2017-06-30,dev,spy_always,2.9335821545054057
2017-07-03,dev,spy_always,2.941689197350552
2017-07-05,dev,spy_always,2.9396992339003654
2017-07-06,dev,spy_always,2.9018796324472516
2017-07-07,dev,spy_always,2.9230380704165784
2017-07-10,dev,spy_always,2.907520635917021
2017-07-11,dev,spy_always,2.8983786469076955
2017-07-12,dev,spy_always,2.9238237518958363
2017-07-13,dev,spy_always,2.927585572201668
2017-07-14,dev,spy_always,2.9466292731395423
2017-07-17,dev,spy_always,2.9582006066113573
2017-07-18,dev,spy_always,2.969788205956495
2017-07-19,dev,spy_always,2.9891149074772985
2017-07-20,dev,spy_always,2.978230960874797
2017-07-21,dev,spy_always,2.996425427143518
2017-07-24,dev,spy_always,2.9811772680683366
2017-07-25,dev,spy_always,2.9824842455023743
2017-07-26,dev,spy_always,2.985685161003385
2017-07-27,dev,spy_always,2.945965216335489
2017-07-28,dev,spy_always,2.9490628484236194
2017-07-31,dev,spy_always,2.962776844136296
2017-08-01,dev,spy_always,2.9631560170372473
2017-08-02,dev,spy_always,2.9608144884256453
2017-08-03,dev,spy_always,2.9586453628657576
2017-08-04,dev,spy_always,2.978690147151839
2017-08-07,dev,spy_always,2.982302333670263
2017-08-08,dev,spy_always,2.975077313031163
2017-08-09,dev,spy_always,2.9661537859824456
2017-08-10,dev,spy_always,2.933627990491681
2017-08-11,dev,spy_always,2.9289216154877153
2017-08-14,dev,spy_always,2.9530711421906277
2017-08-15,dev,spy_always,2.9356178876764156
2017-08-16,dev,spy_always,2.9393467008761553
2017-08-17,dev,spy_always,2.9045326906062385
2017-08-18,dev,spy_always,2.8877030327646964
2017-08-21,dev,spy_always,2.906500289324895
2017-08-22,dev,spy_always,2.933297837903982
2017-08-23,dev,spy_always,2.9405088113656292
2017-08-24,dev,spy_always,2.9329765047057546
2017-08-25,dev,spy_always,2.9406878772342533
2017-08-28,dev,spy_always,2.931315065846909
2017-08-29,dev,spy_always,2.92991704505532
2017-08-30,dev,spy_always,2.9478934130898007
2017-08-31,dev,spy_always,2.9734585826815834
2017-09-01,dev,spy_always,2.9777285923401617
2017-09-05,dev,spy_always,2.97541494624652
2017-09-06,dev,spy_always,2.9807040054993137
2017-09-07,dev,spy_always,3.00117789640595
2017-09-08,dev,spy_always,2.977755613687853
2017-09-11,dev,spy_always,2.943622371028339
2017-09-12,dev,spy_always,2.94577989465452
2017-09-13,dev,spy_always,2.903807701707467
2017-09-14,dev,spy_always,2.9079750089520036
2017-09-15,dev,spy_always,2.908506521041946
2017-09-18,dev,spy_always,2.911978837383926
2017-09-19,dev,spy_always,2.9055630129942127
2017-09-20,dev,spy_always,2.91862771992479
2017-09-21,dev,spy_always,2.9312440549389827
2017-09-22,dev,spy_always,2.953125819181533
2017-09-25,dev,spy_always,2.947906670696377
2017-09-26,dev,spy_always,2.958793886100402
2017-09-27,dev,spy_always,2.9628136673709933
2017-09-28,dev,spy_always,2.961060758757096
2017-09-29,dev,spy_always,2.9816540589336644
2017-10-02,dev,spy_always,2.9772082270082367
2017-10-03,dev,spy_always,2.984344559131105
2017-10-04,dev,spy_always,3.0028276891121486
2017-10-05,dev,spy_always,3.0179462246909927
2017-10-06,dev,spy_always,3.0200426891097294
2017-10-09,dev,spy_always,3.0190755626351087
2017-10-10,dev,spy_always,3.0296057654530943
2017-10-11,dev,spy_always,3.025430427806465
2017-10-12,dev,spy_always,3.027358912465434
2017-10-13,dev,spy_always,3.041709064328361
2017-10-16,dev,spy_always,3.0293323073561553
2017-10-17,dev,spy_always,3.0296418241687917
2017-10-18,dev,spy_always,3.0333460201995486
2017-10-19,dev,spy_always,3.0386354127411743
2017-10-20,dev,spy_always,3.0426324316126188
2017-10-23,dev,spy_always,3.068493866400662
2017-10-24,dev,spy_always,3.0604081402697716
2017-10-25,dev,spy_always,3.032623850943153
2017-10-26,dev,spy_always,3.0362513015281887
2017-10-27,dev,spy_always,3.0569488486469965
2017-10-30,dev,spy_always,3.0495443918811227
2017-10-31,dev,spy_always,3.053135232661347
2017-11-01,dev,spy_always,3.0590982049708635
2017-11-02,dev,spy_always,3.077994015554087
2017-11-03,dev,spy_always,3.0944626021625594
2017-11-06,dev,spy_always,3.1019159778612875
2017-11-07,dev,spy_always,3.107611358274312
2017-11-08,dev,spy_always,3.1216127933218036
2017-11-09,dev,spy_always,3.098551896051796
2017-11-10,dev,spy_always,3.0862176342198007
2017-11-13,dev,spy_always,3.0906681122345696
2017-11-14,dev,spy_always,3.096693677253274
2017-11-15,dev,spy_always,3.091104256794506
2017-11-16,dev,spy_always,3.1212782512311334
2017-11-17,dev,spy_always,3.11598807568265
2017-11-20,dev,spy_always,3.11013848663034
2017-11-21,dev,spy_always,3.1187984233654316
2017-11-22,dev,spy_always,3.117102032478494
2017-11-24,dev,spy_always,3.1290882467758103
2017-11-27,dev,spy_always,3.1310183529065383
2017-11-28,dev,spy_always,3.15065952444919
2017-11-29,dev,spy_always,3.1592837316131512
2017-11-30,dev,spy_always,3.2166512367439477
2017-12-01,dev,spy_always,3.1983124934084723
2017-12-04,dev,spy_always,3.202559727548641
2017-12-05,dev,spy_always,3.1946266555582676
2017-12-06,dev,spy_always,3.1890651719167664
2017-12-07,dev,spy_always,3.207650439202824
2017-12-08,dev,spy_always,3.223706086179452
2017-12-11,dev,spy_always,3.23804024135108
2017-12-12,dev,spy_always,3.234542888511867
2017-12-13,dev,spy_always,3.2377922275884115
2017-12-14,dev,spy_always,3.226406062230147
2017-12-15,dev,spy_always,3.262919418320556
2017-12-18,dev,spy_always,3.2782008724681426
2017-12-19,dev,spy_always,3.249412186087648
2017-12-20,dev,spy_always,3.2338923786357827
2017-12-21,dev,spy_always,3.2351242389459554
2017-12-22,dev,spy_always,3.2324304743712333
2017-12-26,dev,spy_always,3.235657861194659
2017-12-27,dev,spy_always,3.244590931058175
2017-12-28,dev,spy_always,3.2558488852716447
2017-12-29,dev,spy_always,3.2438739880673233
2018-01-02,dev,spy_always,3.2245323490114814
2018-01-03,dev,spy_always,3.2448652639072804
2018-01-04,dev,spy_always,3.2279237628050583
2018-01-05,dev,spy_always,3.2440274041094277
2018-01-08,dev,spy_always,3.250747785402193
2018-01-09,dev,spy_always,3.244419163166756
2018-01-10,dev,spy_always,3.2250123632066723
2018-01-11,dev,spy_always,3.2407100548122747
2018-01-12,dev,spy_always,3.2447464508298225
2018-01-16,dev,spy_always,3.2388062391213053
2018-01-17,dev,spy_always,3.2667619216328867
2018-01-18,dev,spy_always,3.243653548689331
2018-01-19,dev,spy_always,3.2752422362767795
2018-01-22,dev,spy_always,3.300263676270165
2018-01-23,dev,spy_always,3.3216391563793173
2018-01-24,dev,spy_always,3.3169892487094814
2018-01-25,dev,spy_always,3.3292660571774517
2018-01-26,dev,spy_always,3.3391385646083678
2018-01-29,dev,spy_always,3.302710598197498
2018-01-30,dev,spy_always,3.2755873119982293
2018-01-31,dev,spy_always,3.294528653826407
2018-02-01,dev,spy_always,3.2727903447462716
2018-02-02,dev,spy_always,3.2202043249223355
2018-02-05,dev,spy_always,3.124106411832413
2018-02-06,dev,spy_always,3.1375421838056017
2018-02-07,dev,spy_always,3.130578775784336
2018-02-08,dev,spy_always,3.052883810576305
2018-02-09,dev,spy_always,3.079171243539044
2018-02-12,dev,spy_always,3.1043118257030127
2018-02-13,dev,spy_always,3.120381861956479
2018-02-14,dev,spy_always,3.1126121713353254
2018-02-15,dev,spy_always,3.1648706421407016
2018-02-16,dev,spy_always,3.172706477681238
2018-02-20,dev,spy_always,3.1327604753293317
2018-02-21,dev,spy_always,3.1096475386380553
2018-02-22,dev,spy_always,3.130875804937024
2018-02-23,dev,spy_always,3.1781285829969828
2018-02-26,dev,spy_always,3.1855276825957843
2018-02-27,dev,spy_always,3.1320534925988204
2018-02-28,dev,spy_always,3.101173871673453
2018-03-01,dev,spy_always,3.09708218711826
2018-03-02,dev,spy_always,3.1136719738467225
2018-03-05,dev,spy_always,3.156530811913627
2018-03-06,dev,spy_always,3.1652710015382706
2018-03-07,dev,spy_always,3.172671986727139
2018-03-08,dev,spy_always,3.199116230070331
2018-03-09,dev,spy_always,3.2282260024554716
2018-03-12,dev,spy_always,3.2193218682631595
2018-03-13,dev,spy_always,3.2004526678162253
2018-03-14,dev,spy_always,3.1960557085392787
2018-03-15,dev,spy_always,3.201804066047286
2018-03-16,dev,spy_always,3.2234238012409184
2018-03-19,dev,spy_always,3.197522651952691
2018-03-20,dev,spy_always,3.2045404373499937
2018-03-21,dev,spy_always,3.1954565249026774
2018-03-22,dev,spy_always,3.14887998265521
2018-03-23,dev,spy_always,3.096475314952424
2018-03-26,dev,spy_always,3.153178276593493
2018-03-27,dev,spy_always,3.152144736642521
2018-03-28,dev,spy_always,3.194168025181615
2018-03-29,dev,spy_always,3.1965555216670785
2018-04-02,dev,spy_always,3.1450128523830276
2018-04-03,dev,spy_always,3.18253765696595
2018-04-04,dev,spy_always,3.2125005258470254
2018-04-05,dev,spy_always,3.22511818835086
2018-04-06,dev,spy_always,3.1808200897880248
2018-04-09,dev,spy_always,3.1813269372554216
2018-04-10,dev,spy_always,3.192488920511685
2018-04-11,dev,spy_always,3.192343540010778
2018-04-12,dev,spy_always,3.17138853210855
2018-04-13,dev,spy_always,3.177639161670148
2018-04-16,dev,spy_always,3.186917128101128
2018-04-17,dev,spy_always,3.2238635647091045
2018-04-18,dev,spy_always,3.201790586887819
2018-04-19,dev,spy_always,3.194910395819294
2018-04-20,dev,spy_always,3.1779985290329846
2018-04-23,dev,spy_always,3.1893260399356436
2018-04-24,dev,spy_always,3.192974664780678
2018-04-25,dev,spy_always,3.1890291534990567
2018-04-26,dev,spy_always,3.2115168080903587
2018-04-27,dev,spy_always,3.23463830243367
2018-04-30,dev,spy_always,3.213908526553493
2018-05-01,dev,spy_always,3.2161724795060107
2018-05-02,dev,spy_always,3.1699840412284077
2018-05-03,dev,spy_always,3.184759549082422
2018-05-04,dev,spy_always,3.2219027882111955
2018-05-07,dev,spy_always,3.2419338367132653
2018-05-08,dev,spy_always,3.2479578702853376
2018-05-09,dev,spy_always,3.260984127718545
2018-05-10,dev,spy_always,3.2892061190720274
2018-05-11,dev,spy_always,3.2945506584415565
2018-05-14,dev,spy_always,3.272809649106346
2018-05-15,dev,spy_always,3.2373908647121645
2018-05-16,dev,spy_always,3.2363832482102093
2018-05-17,dev,spy_always,3.236582473228422
2018-05-18,dev,spy_always,3.239727279843106
2018-05-21,dev,spy_always,3.269916931607378
2018-05-22,dev,spy_always,3.2504097410075943
2018-05-23,dev,spy_always,3.2768773496290877
2018-05-24,dev,spy_always,3.2738850029332145
2018-05-25,dev,spy_always,3.291848790535771
2018-05-29,dev,spy_always,3.2833722874065323
2018-05-30,dev,spy_always,3.3182359564678894
2018-05-31,dev,spy_always,3.29004992787736
2018-06-01,dev,spy_always,3.319400775752747
2018-06-04,dev,spy_always,3.3695746035770546
2018-06-05,dev,spy_always,3.375154849726756
2018-06-06,dev,spy_always,3.414800608719917
2018-06-07,dev,spy_always,3.449709873483604
2018-06-08,dev,spy_always,3.479005658290427
2018-06-11,dev,spy_always,3.4570077295774784
2018-06-12,dev,spy_always,3.5033548122267133
2018-06-13,dev,spy_always,3.4667756517688955
2018-06-14,dev,spy_always,3.500309445766115
2018-06-15,dev,spy_always,3.4930663564344964
2018-06-18,dev,spy_always,3.4998025461043185
2018-06-19,dev,spy_always,3.4802317053148175
2018-06-20,dev,spy_always,3.503704577960834
2018-06-21,dev,spy_always,3.499319375722158
2018-06-22,dev,spy_always,3.500367657763329
2018-06-25,dev,spy_always,3.4737217648823693
2018-06-26,dev,spy_always,3.4811935490477937
2018-06-27,dev,spy_always,3.464366480135721
2018-06-28,dev,spy_always,3.4852135878415593
2018-06-29,dev,spy_always,3.496906441725131
2018-07-02,dev,spy_always,3.5004765907135442
2018-07-03,dev,spy_always,3.5066279763597867
2018-07-05,dev,spy_always,3.547904448135754
2018-07-06,dev,spy_always,3.5645219813566134
2018-07-09,dev,spy_always,3.574235143439072
2018-07-10,dev,spy_always,3.574420900065795
2018-07-11,dev,spy_always,3.5699319515797905
2018-07-12,dev,spy_always,3.5800789659038905
2018-07-13,dev,spy_always,3.5709283173601984
2018-07-16,dev,spy_always,3.5489949003315147
2018-07-17,dev,spy_always,3.535063584382256
2018-07-18,dev,spy_always,3.497501446783551
2018-07-19,dev,spy_always,3.514790095680006
2018-07-20,dev,spy_always,3.502977602724899
2018-07-23,dev,spy_always,3.4947650484473733
2018-07-24,dev,spy_always,3.4736035592829158
2018-07-25,dev,spy_always,3.490285190985789
2018-07-26,dev,spy_always,3.4938997372105534
2018-07-27,dev,spy_always,3.454249063507711
2018-07-30,dev,spy_always,3.4631445110789176
2018-07-31,dev,spy_always,3.4928824115294113
2018-08-01,dev,spy_always,3.481221936003249
2018-08-02,dev,spy_always,3.4921931271756113
2018-08-03,dev,spy_always,3.5189794613590135
2018-08-06,dev,spy_always,3.5367840899495824
2018-08-07,dev,spy_always,3.5348865958903195
2018-08-08,dev,spy_always,3.5230694772159716
2018-08-09,dev,spy_always,3.5336715174787523
2018-08-10,dev,spy_always,3.5236477301654756
2018-08-13,dev,spy_always,3.515722055197395
2018-08-14,dev,spy_always,3.543548677203703
2018-08-15,dev,spy_always,3.5560854024272697
2018-08-16,dev,spy_always,3.5829955903555875
2018-08-17,dev,spy_always,3.6176274005389644
2018-08-20,dev,spy_always,3.6155986767213135
2018-08-21,dev,spy_always,3.6127508187978683
2018-08-22,dev,spy_always,3.589924669992338
2018-08-23,dev,spy_always,3.5859231761505357
2018-08-24,dev,spy_always,3.5946666893114156
2018-08-27,dev,spy_always,3.603091685922464
2018-08-28,dev,spy_always,3.6180127952315693
2018-08-29,dev,spy_always,3.6153933424030913
2018-08-30,dev,spy_always,3.607503158949577
2018-08-31,dev,spy_always,3.6188860324227576
2018-09-04,dev,spy_always,3.6155214172563888
2018-09-05,dev,spy_always,3.598225490914954
2018-09-06,dev,spy_always,3.606764131160688
2018-09-07,dev,spy_always,3.59604986178928
2018-09-10,dev,spy_always,3.6015793233808577
2018-09-11,dev,spy_always,3.5978104506722692
2018-09-12,dev,spy_always,3.6073253227467657
2018-09-13,dev,spy_always,3.622290188964236
2018-09-14,dev,spy_always,3.6070528218512674
2018-09-17,dev,spy_always,3.600061943798662
2018-09-18,dev,spy_always,3.6105581687712305
2018-09-19,dev,spy_always,3.5652145208578294
2018-09-20,dev,spy_always,3.582426795090786
2018-09-21,dev,spy_always,3.567372624135694
2018-09-24,dev,spy_always,3.5376703024995666
2018-09-25,dev,spy_always,3.5486351839328343
2018-09-26,dev,spy_always,3.53191778219865
2018-09-27,dev,spy_always,3.511107342331136
2018-09-28,dev,spy_always,3.512845695542569
2018-10-01,dev,spy_always,3.4799491157383184
2018-10-02,dev,spy_always,3.4701386168880703
2018-10-03,dev,spy_always,3.453171932182799
2018-10-04,dev,spy_always,3.4135052311414706
2018-10-05,dev,spy_always,3.411046274522336
2018-10-08,dev,spy_always,3.415604675776037
2018-10-09,dev,spy_always,3.419806110543763
2018-10-10,dev,spy_always,3.341592434068694
2018-10-11,dev,spy_always,3.288164434646013
2018-10-12,dev,spy_always,3.3081777396093743
2018-10-15,dev,spy_always,3.3237871997933857
2018-10-16,dev,spy_always,3.3948618863192808
2018-10-17,dev,spy_always,3.3803679818208123
2018-10-18,dev,spy_always,3.357013921866643
2018-10-19,dev,spy_always,3.3522389533944996
2018-10-22,dev,spy_always,3.3374156168237428
2018-10-23,dev,spy_always,3.342134801353691
2018-10-24,dev,spy_always,3.3036940997774655
2018-10-25,dev,spy_always,3.314567849667596
2018-10-26,dev,spy_always,3.2593761458379933
2018-10-29,dev,spy_always,3.286078897960639
2018-10-30,dev,spy_always,3.346352353349129
2018-10-31,dev,spy_always,3.3449443491012145
2018-11-01,dev,spy_always,3.3871807056948975
2018-11-02,dev,spy_always,3.370298098511336
2018-11-05,dev,spy_always,3.3870773135205527
2018-11-06,dev,spy_always,3.3991606173377655
2018-11-07,dev,spy_always,3.4551863190139724
2018-11-08,dev,spy_always,3.4596829105425977
2018-11-09,dev,spy_always,3.44549510067298
2018-11-12,dev,spy_always,3.4172069576025637
2018-11-13,dev,spy_always,3.4263005983523365
2018-11-14,dev,spy_always,3.4041785112283205
2018-11-15,dev,spy_always,3.429421039260033
2018-11-16,dev,spy_always,3.472752015686175
2018-11-19,dev,spy_always,3.4609486868523676
2018-11-20,dev,spy_always,3.426323932566077
2018-11-21,dev,spy_always,3.447642008311765
2018-11-23,dev,spy_always,3.4386651281039
2018-11-26,dev,spy_always,3.4724563923137275
2018-11-27,dev,spy_always,3.4792282699336243
2018-11-28,dev,spy_always,3.542660028357394
2018-11-29,dev,spy_always,3.5375657474432645
2018-11-30,dev,spy_always,3.575752403392324
2018-12-03,dev,spy_always,3.602978261569845
2018-12-04,dev,spy_always,3.5126132759160105
2018-12-06,dev,spy_always,3.52604849535797
2018-12-07,dev,spy_always,3.40484929272556
2018-12-10,dev,spy_always,3.4104926670068307
2018-12-11,dev,spy_always,3.4174250721125996
2018-12-12,dev,spy_always,3.3853347149872564
2018-12-13,dev,spy_always,3.3938385716971795
2018-12-14,dev,spy_always,3.3851652295209567
2018-12-17,dev,spy_always,3.314409555504638
2018-12-18,dev,spy_always,3.329665381880736
2018-12-19,dev,spy_always,3.2827895459021788
2018-12-20,dev,spy_always,3.232273073942063
2018-12-21,dev,spy_always,3.1720912622990123
2018-12-24,dev,spy_always,3.088968088712569
2018-12-26,dev,spy_always,3.207858828693706
2018-12-27,dev,spy_always,3.2290933693185684
2018-12-28,dev,spy_always,3.216999988724119
2018-12-31,dev,spy_always,3.231129439334812
2007-01-03,dev,spy_green,1.0
2007-01-04,dev,spy_green,1.002122227887087
2007-01-05,dev,spy_green,0.9941290327210626
2007-01-08,dev,spy_green,0.9987268330336325
2007-01-09,dev,spy_green,0.9978782351107798
2007-01-10,dev,spy_green,1.0012021739601822
2007-01-11,dev,spy_green,1.0055884614141053
2007-01-12,dev,spy_green,1.0132280033764895
2007-01-16,dev,spy_green,1.0112470670049745
2007-01-17,dev,spy_green,1.0116717132148005
2007-01-18,dev,spy_green,1.008276318361346
2007-01-19,dev,spy_green,1.0102566374023723
2007-01-22,dev,spy_green,1.0071441342453056
2007-01-23,dev,spy_green,1.0101148057226228
2007-01-24,dev,spy_green,1.0182498325683966
2007-01-25,dev,spy_green,1.006295690655075
2007-01-26,dev,spy_green,1.0053757910607923
2007-01-29,dev,spy_green,1.0048101620006387
2007-01-30,dev,spy_green,1.010044584379548
2007-01-31,dev,spy_green,1.016834988254902
2007-02-01,dev,spy_green,1.022918317221908
2007-02-02,dev,spy_green,1.0243336245332695
2007-02-05,dev,spy_green,1.024616439063346
2007-02-06,dev,spy_green,1.024899253593423
2007-02-07,dev,spy_green,1.0271626186634595
2007-02-08,dev,spy_green,1.025818381524595
2007-02-09,dev,spy_green,1.0181792253937663
2007-02-12,dev,spy_green,1.0147132233656813
2007-02-13,dev,spy_green,1.0232721247581704
2007-02-14,dev,spy_green,1.0299922301241382
2007-02-15,dev,spy_green,1.0313360814314474
2007-02-16,dev,spy_green,1.0308411367122352
2007-02-20,dev,spy_green,1.0330339717739523
2007-02-21,dev,spy_green,1.0326094027304373
2007-02-22,dev,spy_green,1.031831334815904
2007-02-23,dev,spy_green,1.0277990863971767
2007-02-26,dev,spy_green,1.0268799584660047
2007-02-27,dev,spy_green,0.9867722281224441
2007-02-28,dev,spy_green,0.9968874968429331
2007-03-01,dev,spy_green,0.9939163623677494
2007-03-02,dev,spy_green,0.9809013380098174
2007-03-05,dev,spy_green,0.9715640600375505
2007-03-06,dev,spy_green,0.9881869181033167
2007-03-07,dev,spy_green,0.987196642833337
2007-03-08,dev,spy_green,0.995543568369313
2007-03-09,dev,spy_green,0.9958268458972563
2007-03-12,dev,spy_green,0.9973122973853815
2007-03-13,dev,spy_green,0.9779300492020114
2007-03-14,dev,spy_green,0.9852161694596883
2007-03-15,dev,spy_green,0.9865599436006864
2007-03-16,dev,spy_green,0.9837973896643288
2007-03-19,dev,spy_green,0.9956576201770765
2007-03-20,dev,spy_green,1.0011257021459101
2007-03-21,dev,spy_green,1.0176013268901518
2007-03-22,dev,spy_green,1.0168203266557978
2007-03-23,dev,spy_green,1.01831202861512
2007-03-26,dev,spy_green,1.0169626213334135
2007-03-27,dev,spy_green,1.0145474701294994
2007-03-28,dev,spy_green,1.0071620368294736
2007-03-29,dev,spy_green,1.008227240587504
2007-03-30,dev,spy_green,1.0084403739386831
2007-04-02,dev,spy_green,1.0095770337007655
2007-04-03,dev,spy_green,1.0204425132974912
2007-04-04,dev,spy_green,1.021578324230152
2007-04-05,dev,spy_green,1.0243483632986834
2007-04-09,dev,spy_green,1.025768069089776
2007-04-10,dev,spy_green,1.0269758761906662
2007-04-11,dev,spy_green,1.0227856683331757
2007-04-12,dev,spy_green,1.0273306868889727
2007-04-13,dev,spy_green,1.0320177686234524
2007-04-16,dev,spy_green,1.041818275961081
2007-04-17,dev,spy_green,1.0445882378633018
2007-04-18,dev,spy_green,1.0458664206398889
2007-04-19,dev,spy_green,1.0455819856172794
2007-04-20,dev,spy_green,1.0554537174600274
2007-04-23,dev,spy_green,1.0514772602842046
2007-04-24,dev,spy_green,1.0519026781571414
2007-04-25,dev,spy_green,1.061561199482399
2007-04-26,dev,spy_green,1.0627681577538675
2007-04-27,dev,spy_green,1.0619160101807055
2007-04-30,dev,spy_green,1.053110485258032
2007-05-01,dev,spy_green,1.055808528158334
2007-05-02,dev,spy_green,1.0619872346858246
2007-05-03,dev,spy_green,1.067739443012023
2007-05-04,dev,spy_green,1.0717875105245198
2007-05-07,dev,spy_green,1.0720006438756993
2007-05-08,dev,spy_green,1.0705801664214962
2007-05-09,dev,spy_green,1.073491960003466
2007-05-10,dev,spy_green,1.0622711295442562
2007-05-11,dev,spy_green,1.0713613981547834
2007-05-14,dev,spy_green,1.0690179344538548
2007-05-15,dev,spy_green,1.0693016749796644
2007-05-16,dev,spy_green,1.0766162696061266
2007-05-17,dev,spy_green,1.0744864794205549
2007-05-18,dev,spy_green,1.0838602570579585
2007-05-21,dev,spy_green,1.0832923901747837
2007-05-22,dev,spy_green,1.0824400882689997
2007-05-23,dev,spy_green,1.0825816884498156
2007-05-24,dev,spy_green,1.072781489777431
2007-05-25,dev,spy_green,1.077256132657531
2007-05-29,dev,spy_green,1.08116175115979
2007-05-30,dev,spy_green,1.0899676619140186
2007-05-31,dev,spy_green,1.0888313879834917
2007-06-01,dev,spy_green,1.0942285541124506
2007-06-04,dev,spy_green,1.0943713117879328
2007-06-05,dev,spy_green,1.0900389635854486
2007-06-06,dev,spy_green,1.0783208734176946
2007-06-07,dev,spy_green,1.058862462085297
2007-06-08,dev,spy_green,1.0726396580976818
2007-06-11,dev,spy_green,1.0744864794205546
2007-06-12,dev,spy_green,1.062768157753867
2007-06-13,dev,spy_green,1.0786760699475564
2007-06-14,dev,spy_green,1.0855645522042818
2007-06-15,dev,spy_green,1.0917413295739955
2007-06-18,dev,spy_green,1.0904573593240778
2007-06-19,dev,spy_green,1.093167363002596
2007-06-20,dev,spy_green,1.0779757856745829
2007-06-21,dev,spy_green,1.0839668237335476
2007-06-22,dev,spy_green,1.0737679067318568
2007-06-25,dev,spy_green,1.068633106060541
2007-06-26,dev,spy_green,1.0576495620078759
2007-06-27,dev,spy_green,1.0726979186625403
2007-06-28,dev,spy_green,1.0725557783175468
2007-06-29,dev,spy_green,1.0729123638410079
2007-07-02,dev,spy_green,1.0826118604774442
2007-07-03,dev,spy_green,1.0865347642333831
2007-07-05,dev,spy_green,1.0853937831578806
2007-07-06,dev,spy_green,1.0910999231963696
2007-07-09,dev,spy_green,1.0919554660872188
2007-07-10,dev,spy_green,1.0764068402378781
2007-07-11,dev,spy_green,1.0840387427354663
2007-07-12,dev,spy_green,1.1011554651920898
2007-07-13,dev,spy_green,1.1044365767388478
2007-07-16,dev,spy_green,1.1042943592275432
2007-07-17,dev,spy_green,1.1037237915234808
2007-07-18,dev,spy_green,1.1017271132245072
2007-07-19,dev,spy_green,1.1060059080071076
2007-07-20,dev,spy_green,1.0948082274412194
2007-07-23,dev,spy_green,1.098160409160474
2007-07-24,dev,spy_green,1.079117461246885
2007-07-25,dev,spy_green,1.0813281988927708
2007-07-26,dev,spy_green,1.0557231050519773
2007-07-27,dev,spy_green,1.0349679138620242
2007-07-30,dev,spy_green,1.0511589492510345
2007-07-31,dev,spy_green,1.0393190134780985
2007-08-01,dev,spy_green,1.0443826668106067
2007-08-02,dev,spy_green,1.0527278946877392
2007-08-03,dev,spy_green,1.0508199101484383
2007-08-06,dev,spy_green,1.0662939348596487
2007-08-07,dev,spy_green,1.0776711532609928
2007-08-08,dev,spy_green,1.092694674252394
2007-08-09,dev,spy_green,1.060313894458934
2007-08-10,dev,spy_green,1.055354316955242
2007-08-13,dev,spy_green,1.0591465915826834
2007-08-14,dev,spy_green,1.0572185625854944
2007-08-15,dev,spy_green,1.0573915826221287
2007-08-16,dev,spy_green,1.0575476829361403
2007-08-17,dev,spy_green,1.0748175023760915
2007-08-20,dev,spy_green,1.0727986521693507
2007-08-21,dev,spy_green,1.0727993681313854
2007-08-22,dev,spy_green,1.0855310902030906
2007-08-23,dev,spy_green,1.0845687730311226
2007-08-24,dev,spy_green,1.0979671335964578
2007-08-27,dev,spy_green,1.0877521240022072
2007-08-28,dev,spy_green,1.0857621291544928
2007-08-29,dev,spy_green,1.1048522585946148
2007-08-30,dev,spy_green,1.1019116366239161
2007-08-31,dev,spy_green,1.1127685020173577
2007-09-04,dev,spy_green,1.1240024789914407
2007-09-05,dev,spy_green,1.1142762957566126
2007-09-06,dev,spy_green,1.1168399692924975
2007-09-07,dev,spy_green,1.1013083233532208
2007-09-10,dev,spy_green,1.0991975426349263
2007-09-11,dev,spy_green,1.1120143604289887
2007-09-12,dev,spy_green,1.1148797721731352
2007-09-13,dev,spy_green,1.1227207237964119
2007-09-14,dev,spy_green,1.1226454319969457
2007-09-17,dev,spy_green,1.116614093894099
2007-09-18,dev,spy_green,1.1494861835639436
2007-09-19,dev,spy_green,1.156271826400987
2007-09-20,dev,spy_green,1.148129054996535
2007-09-21,dev,spy_green,1.1512275205554972
2007-09-24,dev,spy_green,1.149106543222974
2007-09-25,dev,spy_green,1.1468335955519828
2007-09-26,dev,spy_green,1.1528941367579812
2007-09-27,dev,spy_green,1.1597116746043326
2007-09-28,dev,spy_green,1.15584838140529
2007-10-01,dev,spy_green,1.1688785939419346
2007-10-02,dev,spy_green,1.1672873511118307
2007-10-03,dev,spy_green,1.164938948495546
2007-10-04,dev,spy_green,1.1667564745886174
2007-10-05,dev,spy_green,1.180620036012961
2007-10-08,dev,spy_green,1.174332803679426
2007-10-09,dev,spy_green,1.1853922146179106
2007-10-10,dev,spy_green,1.183423370769682
2007-10-11,dev,spy_green,1.1777413278838602
2007-10-12,dev,spy_green,1.1842555776365873
2007-10-15,dev,spy_green,1.1742571040153909
2007-10-16,dev,spy_green,1.164938948495546
2007-10-17,dev,spy_green,1.168499687757189
2007-10-18,dev,spy_green,1.1642571620817452
2007-10-19,dev,spy_green,1.1338045250361322
2007-10-22,dev,spy_green,1.1403949638903776
2007-10-23,dev,spy_green,1.1496368487357904
2007-10-24,dev,spy_green,1.1475157082574394
2007-10-25,dev,spy_green,1.150242446048073
2007-10-26,dev,spy_green,1.163727019714757
2007-10-29,dev,spy_green,1.167590720778369
2007-10-30,dev,spy_green,1.159484657185141
2007-10-31,dev,spy_green,1.1715296320685331
2007-11-01,dev,spy_green,1.1441067761884363
2007-11-02,dev,spy_green,1.145394730924916
2007-11-05,dev,spy_green,1.1366827437277502
2007-11-06,dev,spy_green,1.1519852513520752
2007-11-07,dev,spy_green,1.1204715138433465
2007-11-08,dev,spy_green,1.1183780864005834
2007-11-09,dev,spy_green,1.1185208961194169
2007-11-12,dev,spy_green,1.118663724074137
2007-11-13,dev,spy_green,1.1504552886822959
2007-11-14,dev,spy_green,1.1472696970182434
2007-11-15,dev,spy_green,1.145122683501069
2007-11-16,dev,spy_green,1.1452746258047848
2007-11-19,dev,spy_green,1.145426588269191
2007-11-20,dev,spy_green,1.1455719714276944
2007-11-21,dev,spy_green,1.1457103221761964
2007-11-23,dev,spy_green,1.1458548604787766
2007-11-26,dev,spy_green,1.1459950095643487
2007-11-27,dev,spy_green,1.1461364986354952
2007-11-28,dev,spy_green,1.1462731522736906
2007-11-29,dev,spy_green,1.1464071726767115
2007-11-30,dev,spy_green,1.155619086801116
2007-12-03,dev,spy_green,1.1480010547247501
2007-12-04,dev,spy_green,1.1458425372094077
2007-12-05,dev,spy_green,1.1626933783750586
2007-12-06,dev,spy_green,1.1793360062221323
2007-12-07,dev,spy_green,1.1791020272421935
2007-12-10,dev,spy_green,1.1882430248090434
2007-12-11,dev,spy_green,1.1556616411559486
2007-12-12,dev,spy_green,1.16706914707971
2007-12-13,dev,spy_green,1.1646471575451909
2007-12-14,dev,spy_green,1.1624488300432956
2007-12-17,dev,spy_green,1.1625883238905157
2007-12-18,dev,spy_green,1.1627264913116833
2007-12-19,dev,spy_green,1.1628588495734715
2007-12-20,dev,spy_green,1.1629916713349107
2007-12-21,dev,spy_green,1.1773968439373397
2007-12-24,dev,spy_green,1.1861395833955382
2007-12-26,dev,spy_green,1.1886837632320286
2007-12-27,dev,spy_green,1.1737402505632668
2007-12-28,dev,spy_green,1.1715382960643013
2007-12-31,dev,spy_green,1.171691944339838
2008-01-02,dev,spy_green,1.171841111583212
2008-01-03,dev,spy_green,1.1719893969446336
2008-01-04,dev,spy_green,1.1721358985758494
2008-01-07,dev,spy_green,1.1722855728229988
2008-01-08,dev,spy_green,1.172434365055509
2008-01-09,dev,spy_green,1.1725818239851915
2008-01-10,dev,spy_green,1.1727302030767317
2008-01-11,dev,spy_green,1.17287183372538
2008-01-14,dev,spy_green,1.173017994591739
2008-01-15,dev,spy_green,1.1731632712859295
2008-01-16,dev,spy_green,1.1733072118983638
2008-01-17,dev,spy_green,1.1734480087512908
2008-01-18,dev,spy_green,1.1735793242522128
2008-01-22,dev,spy_green,1.1736875040337293
2008-01-23,dev,spy_green,1.1737893180827532
2008-01-24,dev,spy_green,1.1738984274060662
2008-01-25,dev,spy_green,1.1740043601536994
2008-01-28,dev,spy_green,1.1741121238725782
2008-01-29,dev,spy_green,1.174217164848632
2008-01-30,dev,spy_green,1.1743190248442235
2008-01-31,dev,spy_green,1.1744094806865668
2008-02-01,dev,spy_green,1.174506338692569
2008-02-04,dev,spy_green,1.1746109591894276
2008-02-05,dev,spy_green,1.174711941103454
2008-02-06,dev,spy_green,1.1748088240545143
2008-02-07,dev,spy_green,1.174908910405437
2008-02-08,dev,spy_green,1.1750117427036648
2008-02-11,dev,spy_green,1.1751182317272586
2008-02-12,dev,spy_green,1.175224730401745
2008-02-13,dev,spy_green,1.1753298709162272
2008-02-14,dev,spy_green,1.1754363887711605
2008-02-15,dev,spy_green,1.1755383545309557
2008-02-19,dev,spy_green,1.1756435231035627
2008-02-20,dev,spy_green,1.1757473323859922
2008-02-21,dev,spy_green,1.1758488685791846
2008-02-22,dev,spy_green,1.1759504135409262
2008-02-25,dev,spy_green,1.1760519672719745
2008-02-26,dev,spy_green,1.17615078888793
2008-02-27,dev,spy_green,1.176242301318133
2008-02-28,dev,spy_green,1.1763301575495484
2008-02-29,dev,spy_green,1.176415729142644
2008-03-03,dev,spy_green,1.1764944261305794
2008-03-04,dev,spy_green,1.1765712916648974
2008-03-05,dev,spy_green,1.1766421875218536
2008-03-06,dev,spy_green,1.176706644443488
2008-03-07,dev,spy_green,1.1767738675063668
2008-03-10,dev,spy_green,1.1768364888912475
2008-03-11,dev,spy_green,1.176905100219174
2008-03-12,dev,spy_green,1.1769737155472437
2008-03-13,dev,spy_green,1.1770363475669297
2008-03-14,dev,spy_green,1.1770911413923417
2008-03-17,dev,spy_green,1.1771427049389667
2008-03-18,dev,spy_green,1.1771854842863467
2008-03-19,dev,spy_green,1.1772138934330265
2008-03-20,dev,spy_green,1.1772432318278794
2008-03-24,dev,spy_green,1.17730080486624
2008-03-25,dev,spy_green,1.1773606875694345
2008-03-26,dev,spy_green,1.177420573318527
2008-03-27,dev,spy_green,1.1774809233943313
2008-03-28,dev,spy_green,1.1775426602042598
2008-03-31,dev,spy_green,1.177606705533552
2008-04-01,dev,spy_green,1.1776716761922412
2008-04-02,dev,spy_green,1.1777371113160113
2008-04-03,dev,spy_green,1.1778020891694196
2008-04-04,dev,spy_green,1.17786476527056
2008-04-07,dev,spy_green,1.1779320544947287
2008-04-08,dev,spy_green,1.177997504085932
2008-04-09,dev,spy_green,1.1780583451943103
2008-04-10,dev,spy_green,1.1781173432321321
2008-04-11,dev,spy_green,1.1781726494338536
2008-04-14,dev,spy_green,1.1782228729024338
2008-04-15,dev,spy_green,1.178274023566608
2008-04-16,dev,spy_green,1.1783261013639588
2008-04-17,dev,spy_green,1.1783832654520796
2008-04-18,dev,spy_green,1.1784459724802017
2008-04-21,dev,spy_green,1.178508221389736
2008-04-22,dev,spy_green,1.178567241957692
2008-04-23,dev,spy_green,1.1786258036153048
2008-04-24,dev,spy_green,1.1786843681827792
2008-04-25,dev,spy_green,1.178746629685061
2008-04-28,dev,spy_green,1.178813047003134
2008-04-29,dev,spy_green,1.1788808515016294
2008-04-30,dev,spy_green,1.1789472763825262
2008-05-01,dev,spy_green,1.179014627448542
2008-05-02,dev,spy_green,1.1790842878075913
2008-05-05,dev,spy_green,1.1791553350884487
2008-05-06,dev,spy_green,1.1869911865984593
2008-05-07,dev,spy_green,1.1846950628739954
2008-05-08,dev,spy_green,1.1847724641918334
2008-05-09,dev,spy_green,1.184851257865774
2008-05-12,dev,spy_green,1.1849337544981706
2008-05-13,dev,spy_green,1.1850190284566704
2008-05-14,dev,spy_green,1.1851038467013029
2008-05-15,dev,spy_green,1.1975209326256422
2008-05-16,dev,spy_green,1.1986131102665927
2008-05-19,dev,spy_green,1.2018900909500387
2008-05-20,dev,spy_green,1.1921437756519717
2008-05-21,dev,spy_green,1.1898465001663414
2008-05-22,dev,spy_green,1.18993351859557
2008-05-23,dev,spy_green,1.1900205433888185
2008-05-27,dev,spy_green,1.1901089652661303
2008-05-28,dev,spy_green,1.1901973937134367
2008-05-29,dev,spy_green,1.1902862922826642
2008-05-30,dev,spy_green,1.190374733905867
2008-06-02,dev,spy_green,1.190461327165172
2008-06-03,dev,spy_green,1.1905479267236636
2008-06-04,dev,spy_green,1.1906340686670969
2008-06-05,dev,spy_green,1.190720680791589
2008-06-06,dev,spy_green,1.1908072992166403
2008-06-09,dev,spy_green,1.1908957795521253
2008-06-10,dev,spy_green,1.1909902926331317
2008-06-11,dev,spy_green,1.1910820326355194
2008-06-12,dev,spy_green,1.1911756337479529
2008-06-13,dev,spy_green,1.19126877873664
2008-06-16,dev,spy_green,1.1913656378671027
2008-06-17,dev,spy_green,1.1914587977133229
2008-06-18,dev,spy_green,1.1915491823557736
2008-06-19,dev,spy_green,1.1916386459257573
2008-06-20,dev,spy_green,1.19172625967098
2008-06-23,dev,spy_green,1.1918138798578939
2008-06-24,dev,spy_green,1.1918996489457816
2008-06-25,dev,spy_green,1.1919844950960459
2008-06-26,dev,spy_green,1.1920660937372767
2008-06-27,dev,spy_green,1.192144907242126
2008-06-30,dev,spy_green,1.1922339512755995
2008-07-01,dev,spy_green,1.1923216087899053
2008-07-02,dev,spy_green,1.1924069497198535
2008-07-03,dev,spy_green,1.1924932261726588
2008-07-07,dev,spy_green,1.1925809027498282
2008-07-08,dev,spy_green,1.1926681211573038
2008-07-09,dev,spy_green,1.192753486889023
2008-07-10,dev,spy_green,1.1928318802927569
2008-07-11,dev,spy_green,1.1929079502707742
2008-07-14,dev,spy_green,1.1929793642210442
2008-07-15,dev,spy_green,1.1930447160996411
2008-07-16,dev,spy_green,1.193109137535368
2008-07-17,dev,spy_green,1.1931763641191713
2008-07-18,dev,spy_green,1.193245928086269
2008-07-21,dev,spy_green,1.1933154961090504
2008-07-22,dev,spy_green,1.1933883336787525
2008-07-23,dev,spy_green,1.193463040796531
2008-07-24,dev,spy_green,1.1935405490483948
2008-07-25,dev,spy_green,1.193622719747164
2008-07-28,dev,spy_green,1.1937039649211645
2008-07-29,dev,spy_green,1.1937847499341732
2008-07-30,dev,spy_green,1.1938646088324654
2008-07-31,dev,spy_green,1.1939435412462232
2008-08-01,dev,spy_green,1.1940215468076647
2008-08-04,dev,spy_green,1.1941037506212886
2008-08-05,dev,spy_green,1.1941859600943305
2008-08-06,dev,spy_green,1.194263049051175
2008-08-07,dev,spy_green,1.194341075487461
2008-08-08,dev,spy_green,1.1944209716014622
2008-08-11,dev,spy_green,1.1945087899137101
2008-08-12,dev,spy_green,1.194596149315602
2008-08-13,dev,spy_green,1.194683049659818
2008-08-14,dev,spy_green,1.1947718179744746
2008-08-15,dev,spy_green,1.194858731097626
2008-08-18,dev,spy_green,1.1949442536231902
2008-08-19,dev,spy_green,1.1950288506955953
2008-08-20,dev,spy_green,1.1951092591179158
2008-08-21,dev,spy_green,1.1951901392355007
2008-08-22,dev,spy_green,1.1952700921480959
2008-08-25,dev,spy_green,1.1953519157085737
2008-08-26,dev,spy_green,1.1954323458685685
2008-08-27,dev,spy_green,1.1955109153395918
2008-08-28,dev,spy_green,1.1955927553858923
2008-08-29,dev,spy_green,1.1956736682245315
2008-09-02,dev,spy_green,1.1957545865390216
2008-09-03,dev,spy_green,1.195834577210635
2008-09-04,dev,spy_green,1.1959141065739611
2008-09-05,dev,spy_green,1.195993174490357
2008-09-08,dev,spy_green,1.196073647797935
2008-09-09,dev,spy_green,1.1961517925285683
2008-09-10,dev,spy_green,1.196229475398698
2008-09-11,dev,spy_green,1.1963052948706856
2008-09-12,dev,spy_green,1.1963755090643142
2008-09-15,dev,spy_green,1.1964236894579727
2008-09-16,dev,spy_green,1.1964634043395777
2008-09-17,dev,spy_green,1.1964648284880095
2008-09-18,dev,spy_green,1.1964757361143172
2008-09-19,dev,spy_green,1.196522510285012
2008-09-22,dev,spy_green,1.1965829018784222
2008-09-23,dev,spy_green,1.1966207380939118
2008-09-24,dev,spy_green,1.1966439491243401
2008-09-25,dev,spy_green,1.1966799024781059
2008-09-26,dev,spy_green,1.1967210384540485
2008-09-29,dev,spy_green,1.1967654703726467
2008-09-30,dev,spy_green,1.1968089628443535
2008-10-01,dev,spy_green,1.1968491614754133
2008-10-02,dev,spy_green,1.1968789892182512
2008-10-03,dev,spy_green,1.1969031504547945
2008-10-06,dev,spy_green,1.1969287296516677
2008-10-07,dev,spy_green,1.1969675191431972
2008-10-08,dev,spy_green,1.1969997093778624
2008-10-09,dev,spy_green,1.1970281245486953
2008-10-10,dev,spy_green,1.1970399850670623
2008-10-13,dev,spy_green,1.1970518457029466
2008-10-14,dev,spy_green,1.197067969116923
2008-10-15,dev,spy_green,1.1970784082770016
2008-10-16,dev,spy_green,1.1971002098020929
2008-10-17,dev,spy_green,1.1971394760189866
2008-10-20,dev,spy_green,1.1971980220824612
2008-10-21,dev,spy_green,1.1972499965224301
2008-10-22,dev,spy_green,1.1972996228879726
2008-10-23,dev,spy_green,1.1973459587641853
2008-10-24,dev,spy_green,1.197388059653727
2008-10-27,dev,spy_green,1.1974278065472759
2008-10-28,dev,spy_green,1.1974642550287338
2008-10-29,dev,spy_green,1.197493625856416
2008-10-30,dev,spy_green,1.197513069214098
2008-10-31,dev,spy_green,1.197534878655355
2008-11-03,dev,spy_green,1.197558107417504
2008-11-04,dev,spy_green,1.1975808636933727
2008-11-05,dev,spy_green,1.1975998351463368
2008-11-06,dev,spy_green,1.1976150185791368
2008-11-07,dev,spy_green,1.1976297284467858
2008-11-10,dev,spy_green,1.197643490827029
2008-11-11,dev,spy_green,1.1976572533654202
2008-11-12,dev,spy_green,1.1976658004005862
2008-11-13,dev,spy_green,1.197676244774117
2008-11-14,dev,spy_green,1.1976833684791408
2008-11-17,dev,spy_green,1.1976890683276222
2008-11-18,dev,spy_green,1.1976947682032293
2008-11-19,dev,spy_green,1.197698093973876
2008-11-20,dev,spy_green,1.1976995195919569
2008-11-21,dev,spy_green,1.1977004700524656
2008-11-24,dev,spy_green,1.1977066446692963
2008-11-25,dev,spy_green,1.1977113951080436
2008-11-26,dev,spy_green,1.1977137709279935
2008-11-28,dev,spy_green,1.1977142461875678
2008-12-01,dev,spy_green,1.1977175720123012
2008-12-02,dev,spy_green,1.1977204228690284
2008-12-03,dev,spy_green,1.1977213733461254
2008-12-04,dev,spy_green,1.1977223238239765
2008-12-05,dev,spy_green,1.1977232743025819
2008-12-08,dev,spy_green,1.1977246999506348
2008-12-09,dev,spy_green,1.1977261256003848
2008-12-10,dev,spy_green,1.1977261256003848
2008-12-11,dev,spy_green,1.1977266008648615
2008-12-12,dev,spy_green,1.197727551346861
2008-12-15,dev,spy_green,1.197728977000005
2008-12-16,dev,spy_green,1.1977308777784894
2008-12-17,dev,spy_green,1.1977332536370855
2008-12-18,dev,spy_green,1.1977332536370855
2008-12-19,dev,spy_green,1.1977342041243646
2008-12-22,dev,spy_green,1.197734679392047
2008-12-23,dev,spy_green,1.1977356298804573
2008-12-24,dev,spy_green,1.1977356298804573
2008-12-26,dev,spy_green,1.1977370555432172
2008-12-29,dev,spy_green,1.19773990644632
2008-12-30,dev,spy_green,1.1977446570169927
2008-12-31,dev,spy_green,1.1977498824054476
2009-01-02,dev,spy_green,1.1977536832719158
2009-01-05,dev,spy_green,1.1977603328239148
2009-01-06,dev,spy_green,1.19776698241283
2009-01-07,dev,spy_green,1.1977722078986837
2009-01-08,dev,spy_green,1.197776483740364
2009-01-09,dev,spy_green,1.1977798097379193
2009-01-12,dev,spy_green,1.1977855100453703
2009-01-13,dev,spy_green,1.197790735612054
2009-01-14,dev,spy_green,1.197796435971502
2009-01-15,dev,spy_green,1.1978016615858524
2009-01-16,dev,spy_green,1.1978073619972978
2009-01-20,dev,spy_green,1.1978135371651986
2009-01-21,dev,spy_green,1.197818762854156
2009-01-22,dev,spy_green,1.1978235137375952
2009-01-23,dev,spy_green,1.1978287394700773
2009-01-26,dev,spy_green,1.1978353894387648
2009-01-27,dev,spy_green,1.1978415647511578
2009-01-28,dev,spy_green,1.1978505875613454
2009-01-29,dev,spy_green,1.197861507820989
2009-01-30,dev,spy_green,1.1978729024120391
2009-02-02,dev,spy_green,1.1978857195378838
2009-02-03,dev,spy_green,1.1979009065951889
2009-02-04,dev,spy_green,1.1979151460564974
2009-02-05,dev,spy_green,1.1979289117165735
2009-02-06,dev,spy_green,1.1979422035118164
2009-02-09,dev,spy_green,1.1979573912852375
2009-02-10,dev,spy_green,1.1979721053581254
2009-02-11,dev,spy_green,1.1979863456657744
2009-02-12,dev,spy_green,1.19800011214403
2009-02-13,dev,spy_green,1.198013878780481
2009-02-17,dev,spy_green,1.198029067462617
2009-02-18,dev,spy_green,1.1980437824158772
2009-02-19,dev,spy_green,1.1980580235755522
2009-02-20,dev,spy_green,1.1980708426821758
2009-02-23,dev,spy_green,1.1980846101314162
2009-02-24,dev,spy_green,1.1980997997102996
2009-02-25,dev,spy_green,1.1981140415358527
2009-02-26,dev,spy_green,1.1981268612418632
2009-02-27,dev,spy_green,1.198139206889501
2009-03-02,dev,spy_green,1.1981525010181047
2009-03-03,dev,spy_green,1.1981653211356278
2009-03-04,dev,spy_green,1.198177667179561
2009-03-05,dev,spy_green,1.1981871670670998
2009-03-06,dev,spy_green,1.1981971415321924
2009-03-09,dev,spy_green,1.1982080649512112
2009-03-10,dev,spy_green,1.1982194628388665
2009-03-11,dev,spy_green,1.1982303864613786
2009-03-12,dev,spy_green,1.1982408357584429
2009-03-13,dev,spy_green,1.1982503361468209
2009-03-16,dev,spy_green,1.1982617344365787
2009-03-17,dev,spy_green,1.198273132834762
2009-03-18,dev,spy_green,1.1982831080154879
2009-03-19,dev,spy_green,1.1982926087390262
2009-03-20,dev,spy_green,1.1983030585787064
2009-03-23,dev,spy_green,1.1983135085095158
2009-03-24,dev,spy_green,1.1983234840263541
2009-03-25,dev,spy_green,1.1983325104666263
2009-03-26,dev,spy_green,1.1983396380750784
2009-03-27,dev,spy_green,1.1983462908801144
2009-03-30,dev,spy_green,1.1983548428325703
2009-03-31,dev,spy_green,1.1983648186935016
2009-04-01,dev,spy_green,1.1983752691628966
2009-04-02,dev,spy_green,1.198385719723426
2009-04-03,dev,spy_green,1.1983956958413962
2009-04-06,dev,spy_green,1.1984051974576
2009-04-07,dev,spy_green,1.1984146991491382
2009-04-08,dev,spy_green,1.1984232515897872
2009-04-09,dev,spy_green,1.19843180409147
2009-04-13,dev,spy_green,1.1984403566541877
2009-04-14,dev,spy_green,1.1984484345338724
2009-04-15,dev,spy_green,1.1984555628318336
2009-04-16,dev,spy_green,1.1984617413414644
2009-04-17,dev,spy_green,1.1984683948243793
2009-04-20,dev,spy_green,1.1984750483442324
2009-04-21,dev,spy_green,1.198482176800491
2009-04-22,dev,spy_green,1.198488830396857
2009-04-23,dev,spy_green,1.1984935839379713
2009-04-24,dev,spy_green,1.1984983374979392
2009-04-27,dev,spy_green,1.1985045162280903
2009-04-28,dev,spy_green,1.198510694990095
2009-04-29,dev,spy_green,1.1985159237205358
2009-04-30,dev,spy_green,1.1985225775042543
2009-05-01,dev,spy_green,1.1985301811142843
2009-05-04,dev,spy_green,1.1985392091115141
2009-05-05,dev,spy_green,1.1985482371767477
2009-05-06,dev,spy_green,1.1985572653099859
2009-05-07,dev,spy_green,1.1985658187680528
2009-05-08,dev,spy_green,1.1985748470337252
2009-05-11,dev,spy_green,1.1985838753674034
2009-05-12,dev,spy_green,1.1985929037690883
2009-05-13,dev,spy_green,1.1986009826769901
2009-05-14,dev,spy_green,1.1986085867844347
2009-05-15,dev,spy_green,1.1986166657980453
2009-05-18,dev,spy_green,1.198625694446726
2009-05-19,dev,spy_green,1.1986342483931347
2009-05-20,dev,spy_green,1.1986428024005882
2009-05-21,dev,spy_green,1.1986518312461443
2009-05-22,dev,spy_green,1.1986603853790774
2009-05-26,dev,spy_green,1.1986689395730565
2009-05-27,dev,spy_green,1.1986770189934646
2009-05-28,dev,spy_green,1.1986841486510322
2009-05-29,dev,spy_green,1.2174703960029118
2009-06-01,dev,spy_green,1.246943014915364
2009-06-02,dev,spy_green,1.247995178993226
2009-06-03,dev,spy_green,1.2322068421038233
2009-06-04,dev,spy_green,1.2437854295242947
2009-06-05,dev,spy_green,1.2440483338990747
2009-06-08,dev,spy_green,1.2389171893162445
2009-06-09,dev,spy_green,1.2452330433218102
2009-06-10,dev,spy_green,1.2420745014179426
2009-06-11,dev,spy_green,1.247600959075741
2009-06-12,dev,spy_green,1.2510217221309614
2009-06-15,dev,spy_green,1.2223386362109623
2009-06-16,dev,spy_green,1.2057600831056798
2009-06-17,dev,spy_green,1.2045759202616861
2009-06-18,dev,spy_green,1.2133916887873146
2009-06-19,dev,spy_green,1.217864069341655
2009-06-22,dev,spy_green,1.1813434541990677
2009-06-23,dev,spy_green,1.1822700418110135
2009-06-24,dev,spy_green,1.1924585428465382
2009-06-25,dev,spy_green,1.21839302091898
2009-06-26,dev,spy_green,1.215217125140062
2009-06-29,dev,spy_green,1.2265967578985377
2009-06-30,dev,spy_green,1.2166729376187038
2009-07-01,dev,spy_green,1.2217005055299732
2009-07-02,dev,spy_green,1.1883561961003604
2009-07-06,dev,spy_green,1.188224333978914
2009-07-07,dev,spy_green,1.1652009342850136
2009-07-08,dev,spy_green,1.1644068920179416
2009-07-09,dev,spy_green,1.1666557902508574
2009-07-10,dev,spy_green,1.1638776671512456
2009-07-13,dev,spy_green,1.1921941353802186
2009-07-14,dev,spy_green,1.1989416499470784
2009-07-15,dev,spy_green,1.2340067259003946
2009-07-16,dev,spy_green,1.232021961844428
2009-07-17,dev,spy_green,1.2455187673590582
2009-07-20,dev,spy_green,1.258749662315829
2009-07-21,dev,spy_green,1.2645727755857104
2009-07-22,dev,spy_green,1.2643080948300196
2009-07-23,dev,spy_green,1.2922273369584283
2009-07-24,dev,spy_green,1.2975194489807027
2009-07-27,dev,spy_green,1.3013569783265047
2009-07-28,dev,spy_green,1.2952702774584162
2009-07-29,dev,spy_green,1.2920946549688694
2009-07-30,dev,spy_green,1.3055914604835
2009-07-31,dev,spy_green,1.3074436791945931
2009-08-03,dev,spy_green,1.3290116763439082
2009-08-04,dev,spy_green,1.3324521162338312
2009-08-05,dev,spy_green,1.328615133466771
2009-08-06,dev,spy_green,1.3217341170422396
2009-08-07,dev,spy_green,1.3390677686792445
2009-08-10,dev,spy_green,1.3362897822243183
2009-08-11,dev,spy_green,1.3196169442860846
2009-08-12,dev,spy_green,1.3337755200122845
2009-08-13,dev,spy_green,1.3439641576924948
2009-08-14,dev,spy_green,1.3336431113120963
2009-08-17,dev,spy_green,1.3008277534598085
2009-08-18,dev,spy_green,1.3111486631955214
2009-08-19,dev,spy_green,1.3226605680094998
2009-08-20,dev,spy_green,1.3362897822243185
2009-08-21,dev,spy_green,1.3624888044077654
2009-08-24,dev,spy_green,1.3623561224182066
2009-08-25,dev,spy_green,1.365002383396372
2009-08-26,dev,spy_green,1.3651347920965597
2009-08-27,dev,spy_green,1.3681784158199748
2009-08-28,dev,spy_green,1.3679131884855422
2009-08-31,dev,spy_green,1.355740333328107
2009-09-01,dev,spy_green,1.3258367370777882
2009-09-02,dev,spy_green,1.3208075294302934
2009-09-03,dev,spy_green,1.3317904826669464
2009-09-04,dev,spy_green,1.350447538082405
2009-09-08,dev,spy_green,1.3620918515965714
2009-09-09,dev,spy_green,1.3725446234537304
2009-09-10,dev,spy_green,1.386570380545686
2009-09-11,dev,spy_green,1.3863056997899952
2009-09-14,dev,spy_green,1.393054170869653
2009-09-15,dev,spy_green,1.3988761909820506
2009-09-16,dev,spy_green,1.4200469620308014
2009-09-17,dev,spy_green,1.4179297892746463
2009-09-18,dev,spy_green,1.418834787026293
2009-09-21,dev,spy_green,1.4152449944951877
2009-09-22,dev,spy_green,1.423486991986668
2009-09-23,dev,spy_green,1.411654928674712
2009-09-24,dev,spy_green,1.3961003908420915
2009-09-25,dev,spy_green,1.3886542119985943
2009-09-28,dev,spy_green,1.4135160292903586
2009-09-29,dev,spy_green,1.4092615970092897
2009-09-30,dev,spy_green,1.403811387085965
2009-10-01,dev,spy_green,1.3689787437425764
2009-10-02,dev,spy_green,1.3625963437752033
2009-10-05,dev,spy_green,1.3829375449386683
2009-10-06,dev,spy_green,1.402746924986414
2009-10-07,dev,spy_green,1.4066031746541205
2009-10-08,dev,spy_green,1.4173715957346382
2009-10-09,dev,spy_green,1.4260140987991332
2009-10-12,dev,spy_green,1.4315968540673312
2009-10-13,dev,spy_green,1.428672384509617
2009-10-14,dev,spy_green,1.4532685645328927
2009-10-15,dev,spy_green,1.458585955821973
2009-10-16,dev,spy_green,1.4476840328837837
2009-10-19,dev,spy_green,1.4596495980534114
2009-10-20,dev,spy_green,1.451938875098909
2009-10-21,dev,spy_green,1.4389096676978426
2009-10-22,dev,spy_green,1.4535340651566961
2009-10-23,dev,spy_green,1.4369158850926373
2009-10-26,dev,spy_green,1.4213602541025334
2009-10-27,dev,spy_green,1.4148454454349721
2009-10-28,dev,spy_green,1.3881228008169317
2009-10-29,dev,spy_green,1.4179030069163014
2009-10-30,dev,spy_green,1.3768224219760092
2009-11-02,dev,spy_green,1.3869264765959344
2009-11-03,dev,spy_green,1.3913142740899893
2009-11-04,dev,spy_green,1.3949033833976674
2009-11-05,dev,spy_green,1.4205621124948984
2009-11-06,dev,spy_green,1.4242854068836752
2009-11-09,dev,spy_green,1.4567249918510123
2009-11-10,dev,spy_green,1.4569907657641867
2009-11-11,dev,spy_green,1.4644359880948858
2009-11-12,dev,spy_green,1.4495449968547458
2009-11-13,dev,spy_green,1.457388948377549
2009-11-16,dev,spy_green,1.478528154503964
2009-11-17,dev,spy_green,1.480256983064108
2009-11-18,dev,spy_green,1.479325886177543
2009-11-19,dev,spy_green,1.4600486005348872
2009-11-20,dev,spy_green,1.454863891235366
2009-11-23,dev,spy_green,1.4733431719150716
2009-11-24,dev,spy_green,1.4756034116568786
2009-11-25,dev,spy_green,1.4807886675351416
2009-11-27,dev,spy_green,1.4567249918510123
2009-11-30,dev,spy_green,1.4616439272373594
2009-12-01,dev,spy_green,1.479725161948388
2009-12-02,dev,spy_green,1.4790602489090536
2009-12-03,dev,spy_green,1.4674934129315298
2009-12-04,dev,spy_green,1.475870005438165
2009-12-07,dev,spy_green,1.4736096290516727
2009-12-08,dev,spy_green,1.4572568129667314
2009-12-09,dev,spy_green,1.4627072961794272
2009-12-10,dev,spy_green,1.4709498402496488
2009-12-11,dev,spy_green,1.4771991482934068
2009-12-14,dev,spy_green,1.4873027929792755
2009-12-15,dev,spy_green,1.4803893917642956
2009-12-16,dev,spy_green,1.4826499047954735
2009-12-17,dev,spy_green,1.464834990576361
2009-12-18,dev,spy_green,1.4731216708799786
2009-12-21,dev,spy_green,1.4880924626164138
2009-12-22,dev,spy_green,1.493438822578807
2009-12-23,dev,spy_green,1.4963791429200322
2009-12-24,dev,spy_green,1.503463759925864
2009-12-28,dev,spy_green,1.50667204049523
2009-12-29,dev,spy_green,1.5045327313000345
2009-12-30,dev,spy_green,1.503998040645921
2009-12-31,dev,spy_green,1.4895626227870262
2010-01-04,dev,spy_green,1.5148252189411764
2010-01-05,dev,spy_green,1.518835193879999
2010-01-06,dev,spy_green,1.5199043018988554
2010-01-07,dev,spy_green,1.5263201798141608
2010-01-08,dev,spy_green,1.5314000826399525
2010-01-11,dev,spy_green,1.53353843532235
2010-01-12,dev,spy_green,1.5192359727423854
2010-01-13,dev,spy_green,1.5320682751517378
2010-01-14,dev,spy_green,1.5362113420141756
2010-01-15,dev,spy_green,1.5189692423164127
2010-01-19,dev,spy_green,1.537949189123558
2010-01-20,dev,spy_green,1.522310888098765
2010-01-21,dev,spy_green,1.4930377704270505
2010-01-22,dev,spy_green,1.4597554976846256
2010-01-25,dev,spy_green,1.467240483618787
2010-01-26,dev,spy_green,1.4610921559975667
2010-01-27,dev,spy_green,1.4680427245669854
2010-01-28,dev,spy_green,1.4512005838634956
2010-01-29,dev,spy_green,1.435428234402289
2010-02-01,dev,spy_green,1.4548402830703315
2010-02-02,dev,spy_green,1.4719510517448062
2010-02-03,dev,spy_green,1.4685894352597635
2010-02-04,dev,spy_green,1.4405342546566156
2010-02-05,dev,spy_green,1.4354903651343345
2010-02-08,dev,spy_green,1.4316559962434652
2010-02-09,dev,spy_green,1.4537623492923106
2010-02-10,dev,spy_green,1.4483631055496746
2010-02-11,dev,spy_green,1.4655651262588354
2010-02-12,dev,spy_green,1.4705192520703487
2010-02-16,dev,spy_green,1.4827502400972774
2010-02-17,dev,spy_green,1.4899272554141392
2010-02-18,dev,spy_green,1.5045930333003907
2010-02-19,dev,spy_green,1.5150889582631957
2010-02-22,dev,spy_green,1.5128429625143736
2010-02-23,dev,spy_green,1.5045963930799902
2010-02-24,dev,spy_green,1.515135100012638
2010-02-25,dev,spy_green,1.516184813705531
2010-02-26,dev,spy_green,1.5105628618533289
2010-03-01,dev,spy_green,1.525397798634542
2010-03-02,dev,spy_green,1.5407934205357927
2010-03-03,dev,spy_green,1.5368322818273916
2010-03-04,dev,spy_green,1.5313774226317856
2010-03-05,dev,spy_green,1.5363813197941656
2010-03-08,dev,spy_green,1.5317321287898813
2010-03-09,dev,spy_green,1.5241174267554707
2010-03-10,dev,spy_green,1.5240230544555424
2010-03-11,dev,spy_green,1.5334388185245529
2010-03-12,dev,spy_green,1.5344690570677242
2010-03-15,dev,spy_green,1.5339388531134548
2010-03-16,dev,spy_green,1.542756243757564
2010-03-17,dev,spy_green,1.5376624596491344
2010-03-18,dev,spy_green,1.5447214728538892
2010-03-19,dev,spy_green,1.5453628825283443
2010-03-22,dev,spy_green,1.5533255298499673
2010-03-23,dev,spy_green,1.5852273528427663
2010-03-24,dev,spy_green,1.5759856332581619
2010-03-25,dev,spy_green,1.5590663613881321
2010-03-26,dev,spy_green,1.5587980295973456
2010-03-29,dev,spy_green,1.5713523323063314
2010-03-30,dev,spy_green,1.5744947586824287
2010-03-31,dev,spy_green,1.564811762216136
2010-04-01,dev,spy_green,1.5760066467057177
2010-04-05,dev,spy_green,1.5850492619565495
2010-04-06,dev,spy_green,1.583107610385602
2010-04-07,dev,spy_green,1.5766711720983804
2010-04-08,dev,spy_green,1.5747289142289296
2010-04-09,dev,spy_green,1.5801493020997688
2010-04-12,dev,spy_green,1.58542265749735
2010-04-13,dev,spy_green,1.592107483840585
2010-04-14,dev,spy_green,1.5963807559559127
2010-04-15,dev,spy_green,1.596890724809471
2010-04-16,dev,spy_green,1.5880720549905305
2010-04-19,dev,spy_green,1.585416204393929
2010-04-20,dev,spy_green,1.5927134120634248
2010-04-21,dev,spy_green,1.5879883823378675
2010-04-22,dev,spy_green,1.568773814976
2010-04-23,dev,spy_green,1.5665209440783414
2010-04-26,dev,spy_green,1.5638354964398864
2010-04-27,dev,spy_green,1.5514821674917576
2010-04-28,dev,spy_green,1.5585537432795276
2010-04-29,dev,spy_green,1.5877806678999857
2010-04-30,dev,spy_green,1.5716332785110168
2010-05-03,dev,spy_green,1.584642745743891
2010-05-04,dev,spy_green,1.5653772672426116
2010-05-05,dev,spy_green,1.5726121580806809
2010-05-06,dev,spy_green,1.539270799003396
2010-05-07,dev,spy_green,1.509566409863994
2010-05-10,dev,spy_green,1.5705676153920154
2010-05-11,dev,spy_green,1.5727044065238385
2010-05-12,dev,spy_green,1.5793692468249227
2010-05-13,dev,spy_green,1.5676229560207025
2010-05-14,dev,spy_green,1.5434001885583912
2010-05-17,dev,spy_green,1.5553959447019836
2010-05-18,dev,spy_green,1.5484237707603679
2010-05-19,dev,spy_green,1.5373863954451954
2010-05-20,dev,spy_green,1.4897475523933492
2010-05-21,dev,spy_green,1.4951840304645956
2010-05-24,dev,spy_green,1.493377206651271
2010-05-25,dev,spy_green,1.4798062434513295
2010-05-26,dev,spy_green,1.479516652446281
2010-05-27,dev,spy_green,1.502255296196288
2010-05-28,dev,spy_green,1.4928581386874187
2010-06-01,dev,spy_green,1.469928371991373
2010-06-02,dev,spy_green,1.4971806732150317
2010-06-03,dev,spy_green,1.5100085069940892
2010-06-04,dev,spy_green,1.4753984640812168
2010-06-07,dev,spy_green,1.4762302543725243
2010-06-08,dev,spy_green,1.4976980318175714
2010-06-09,dev,spy_green,1.4975151819744463
2010-06-10,dev,spy_green,1.5159287959804102
2010-06-11,dev,spy_green,1.5219375508139987
2010-06-14,dev,spy_green,1.52531790775464
2010-06-15,dev,spy_green,1.5439155857765692
2010-06-16,dev,spy_green,1.5393046014683753
2010-06-17,dev,spy_green,1.5466328050235933
2010-06-18,dev,spy_green,1.5350348392421018
2010-06-21,dev,spy_green,1.538243228413952
2010-06-22,dev,spy_green,1.5176146232893462
2010-06-23,dev,spy_green,1.5055364424998903
2010-06-24,dev,spy_green,1.4960338626026697
2010-06-25,dev,spy_green,1.5017011528303552
2010-06-28,dev,spy_green,1.509273413045456
2010-06-29,dev,spy_green,1.4883973307391263
2010-06-30,dev,spy_green,1.475949069722025
2010-07-01,dev,spy_green,1.4691866150458395
2010-07-02,dev,spy_green,1.4674087150564317
2010-07-06,dev,spy_green,1.4746536119416414
2010-07-07,dev,spy_green,1.4972759954508685
2010-07-08,dev,spy_green,1.518813716805654
2010-07-09,dev,spy_green,1.5229717153606706
2010-07-12,dev,spy_green,1.5183918355626396
2010-07-13,dev,spy_green,1.5281189917590663
2010-07-14,dev,spy_green,1.5246929674117256
2010-07-15,dev,spy_green,1.529716699167287
2010-07-16,dev,spy_green,1.5044251137028393
2010-07-19,dev,spy_green,1.5025207129376277
2010-07-20,dev,spy_green,1.5150700423351562
2010-07-21,dev,spy_green,1.4926978106972766
2010-07-22,dev,spy_green,1.512961530837755
2010-07-23,dev,spy_green,1.5202568654879316
2010-07-26,dev,spy_green,1.541934057027774
2010-07-27,dev,spy_green,1.547877342675392
2010-07-28,dev,spy_green,1.5275124736246875
2010-07-29,dev,spy_green,1.4956379430811066
2010-07-30,dev,spy_green,1.500856564377053
2010-08-02,dev,spy_green,1.5116838957765502
2010-08-03,dev,spy_green,1.5086363939875156
2010-08-04,dev,spy_green,1.5244284446457055
2010-08-05,dev,spy_green,1.4950421035859993
2010-08-06,dev,spy_green,1.4970284619679604
2010-08-09,dev,spy_green,1.510141495524374
2010-08-10,dev,spy_green,1.5180433327929086
2010-08-11,dev,spy_green,1.4911718646685446
2010-08-12,dev,spy_green,1.5136007312932964
2010-08-13,dev,spy_green,1.511633908673056
2010-08-16,dev,spy_green,1.5140744480187636
2010-08-17,dev,spy_green,1.5284053753547349
2010-08-18,dev,spy_green,1.5270726044272858
2010-08-19,dev,spy_green,1.5208699702146942
2010-08-20,dev,spy_green,1.5131538282251111
2010-08-23,dev,spy_green,1.5116361925947264
2010-08-24,dev,spy_green,1.5048217963608994
2010-08-25,dev,spy_green,1.5089051163819105
2010-08-26,dev,spy_green,1.5021862502924153
2010-08-27,dev,spy_green,1.52203670277521
2010-08-30,dev,spy_green,1.5047508666683482
2010-08-31,dev,spy_green,1.5073726087892025
2010-09-01,dev,spy_green,1.5279825571865049
2010-09-02,dev,spy_green,1.5322935038677703
2010-09-03,dev,spy_green,1.5365492865659447
2010-09-07,dev,spy_green,1.531715175907949
2010-09-08,dev,spy_green,1.5363782613468777
2010-09-09,dev,spy_green,1.5341027662765792
2010-09-10,dev,spy_green,1.5431839946946961
2010-09-13,dev,spy_green,1.5468465217682794
2010-09-14,dev,spy_green,1.5527561155427956
2010-09-15,dev,spy_green,1.5708004196792467
2010-09-16,dev,spy_green,1.5628946467447589
2010-09-17,dev,spy_green,1.5561894609709326
2010-09-20,dev,spy_green,1.5743484531656562
2010-09-21,dev,spy_green,1.5782194250806225
2010-09-22,dev,spy_green,1.58623322549735
2010-09-23,dev,spy_green,1.572461360874513
2010-09-24,dev,spy_green,1.6011931776324964
2010-09-27,dev,spy_green,1.595682755447738
2010-09-28,dev,spy_green,1.5956048236110598
2010-09-29,dev,spy_green,1.5898290592821107
2010-09-30,dev,spy_green,1.5850941871328774
2010-10-01,dev,spy_green,1.5913555525238845
2010-10-04,dev,spy_green,1.5979371914613798
2010-10-05,dev,spy_green,1.6147316950494754
2010-10-06,dev,spy_green,1.6147310108274213
2010-10-07,dev,spy_green,1.6158644957551072
2010-10-08,dev,spy_green,1.6261552254412377
2010-10-11,dev,spy_green,1.6188920801461375
2010-10-12,dev,spy_green,1.6157462826361364
2010-10-13,dev,spy_green,1.6258478594160106
2010-10-14,dev,spy_green,1.6270247039646184
2010-10-15,dev,spy_green,1.624660217768362
2010-10-18,dev,spy_green,1.6272941955535847
2010-10-19,dev,spy_green,1.611123520739738
2010-10-20,dev,spy_green,1.6225071932309685
2010-10-21,dev,spy_green,1.629935541594928
2010-10-22,dev,spy_green,1.6324002254636296
2010-10-25,dev,spy_green,1.6382789024644566
2010-10-26,dev,spy_green,1.6341969346488718
2010-10-27,dev,spy_green,1.627157628015024
2010-10-28,dev,spy_green,1.6282112091796033
2010-10-29,dev,spy_green,1.6344034318627554
2010-11-01,dev,spy_green,1.6346963758353925
2010-11-02,dev,spy_green,1.6389075102163702
2010-11-03,dev,spy_green,1.6288104399270573
2010-11-04,dev,spy_green,1.6403508721039237
2010-11-05,dev,spy_green,1.6353664074704533
2010-11-08,dev,spy_green,1.6375270050506283
2010-11-09,dev,spy_green,1.6121897137628205
2010-11-10,dev,spy_green,1.618882591128273
2010-11-11,dev,spy_green,1.6233006530432386
2010-11-12,dev,spy_green,1.6105013684606106
2010-11-15,dev,spy_green,1.6172995633130673
2010-11-16,dev,spy_green,1.593052182043637
2010-11-17,dev,spy_green,1.5974072649907618
2010-11-18,dev,spy_green,1.617654839376747
2010-11-19,dev,spy_green,1.6206358522772726
2010-11-22,dev,spy_green,1.6313318108583996
2010-11-23,dev,spy_green,1.6173495944792784
2010-11-24,dev,spy_green,1.634843261144867
2010-11-26,dev,spy_green,1.624454176169632
2010-11-29,dev,spy_green,1.6223025466128917
2010-11-30,dev,spy_green,1.6115942418975011
2010-12-01,dev,spy_green,1.6260260639851
2010-12-02,dev,spy_green,1.6382496306506866
2010-12-03,dev,spy_green,1.6453570890670945
2010-12-06,dev,spy_green,1.6411766651220696
2010-12-07,dev,spy_green,1.6450560075634368
2010-12-08,dev,spy_green,1.6491291934743326
2010-12-09,dev,spy_green,1.6446849934531127
2010-12-10,dev,spy_green,1.648284965130699
2010-12-13,dev,spy_green,1.6522281347212393
2010-12-14,dev,spy_green,1.6704119880255863
2010-12-15,dev,spy_green,1.6727683869978651
2010-12-16,dev,spy_green,1.6862440706970403
2010-12-17,dev,spy_green,1.6829521070655815
2010-12-20,dev,spy_green,1.6773609036622805
2010-12-21,dev,spy_green,1.6649221475570823
2010-12-22,dev,spy_green,1.673709519656973
2010-12-23,dev,spy_green,1.6775506518009553
2010-12-27,dev,spy_green,1.6715134190286045
2010-12-28,dev,spy_green,1.6735049143026834
2010-12-29,dev,spy_green,1.6742373694341712
2010-12-30,dev,spy_green,1.6637462405057142
2010-12-31,dev,spy_green,1.657855487918984
2011-01-03,dev,spy_green,1.6610793793030627
2011-01-04,dev,spy_green,1.6447460974155794
2011-01-05,dev,spy_green,1.6511956276727533
2011-01-06,dev,spy_green,1.6550736058083193
2011-01-07,dev,spy_green,1.6503394708666344
2011-01-10,dev,spy_green,1.649841178271835
2011-01-11,dev,spy_green,1.6563756389158928
2011-01-12,dev,spy_green,1.6656210318091091
2011-01-13,dev,spy_green,1.6546065122324385
2011-01-14,dev,spy_green,1.6650489415635072
2011-01-18,dev,spy_green,1.669476277115476
2011-01-19,dev,spy_green,1.6633437864262919
2011-01-20,dev,spy_green,1.6914716212471541
2011-01-21,dev,spy_green,1.6784089273494005
2011-01-24,dev,spy_green,1.6875558732641593
2011-01-25,dev,spy_green,1.703925632238399
2011-01-26,dev,spy_green,1.6982508908488922
2011-01-27,dev,spy_green,1.6718239525861245
2011-01-28,dev,spy_green,1.6527841387677895
2011-01-31,dev,spy_green,1.6516047969928302
2011-02-01,dev,spy_green,1.6611515787924491
2011-02-02,dev,spy_green,1.6451889566230056
2011-02-03,dev,spy_green,1.6446726484474266
2011-02-04,dev,spy_green,1.651300769267835
2011-02-07,dev,spy_green,1.652393154067444
2011-02-08,dev,spy_green,1.6618779799713694
2011-02-09,dev,spy_green,1.6675554708147464
2011-02-10,dev,spy_green,1.6612991783144873
2011-02-11,dev,spy_green,1.6873460022252882
2011-02-14,dev,spy_green,1.6962683832035501
2011-02-15,dev,spy_green,1.6854287477692642
2011-02-16,dev,spy_green,1.7000122405640141
2011-02-17,dev,spy_green,1.71634583648388
2011-02-18,dev,spy_green,1.7171566791274466
2011-02-22,dev,spy_green,1.7102550070958538
2011-02-23,dev,spy_green,1.7054712188853223
2011-02-24,dev,spy_green,1.696194677768812
2011-02-25,dev,spy_green,1.7280523779863781
2011-02-28,dev,spy_green,1.7373707460845607
2011-03-01,dev,spy_green,1.7215557823118388
2011-03-02,dev,spy_green,1.7202104157433282
2011-03-03,dev,spy_green,1.7479873022969927
2011-03-04,dev,spy_green,1.7421100146185926
2011-03-07,dev,spy_green,1.7335078906918053
2011-03-08,dev,spy_green,1.7491491020482923
2011-03-09,dev,spy_green,1.7525863428296262
2011-03-10,dev,spy_green,1.7427249536776441
2011-03-11,dev,spy_green,1.7482737389822813
2011-03-14,dev,spy_green,1.7317055303169524
2011-03-15,dev,spy_green,1.7184080505110233
2011-03-16,dev,spy_green,1.7006250211705434
2011-03-17,dev,spy_green,1.7087404443884078
2011-03-18,dev,spy_green,1.7244163790863434
2011-03-21,dev,spy_green,1.7469842406570386
2011-03-22,dev,spy_green,1.7444345923070679
2011-03-23,dev,spy_green,1.734752239758919
2011-03-24,dev,spy_green,1.7453278701658785
2011-03-25,dev,spy_green,1.7519011504410946
2011-03-28,dev,spy_green,1.7567140720894339
2011-03-29,dev,spy_green,1.7674836055205942
2011-03-30,dev,spy_green,1.7798107518474964
2011-03-31,dev,spy_green,1.7824189762880402
2011-04-01,dev,spy_green,1.787994270746808
2011-04-04,dev,spy_green,1.7940088276040043
2011-04-05,dev,spy_green,1.7915380371121998
2011-04-06,dev,spy_green,1.8015328118358525
2011-04-07,dev,spy_green,1.7921661749581392
2011-04-08,dev,spy_green,1.791809268936801
2011-04-11,dev,spy_green,1.814428001736272
2011-04-12,dev,spy_green,1.8182556752424093
2011-04-13,dev,spy_green,1.8263449692569338
2011-04-14,dev,spy_green,1.8378187566176938
2011-04-15,dev,spy_green,1.8535605700914186
2011-04-18,dev,spy_green,1.830720341892425
2011-04-19,dev,spy_green,1.8299379513559832
2011-04-20,dev,spy_green,1.8525490468908294
2011-04-21,dev,spy_green,1.859094494346788
2011-04-25,dev,spy_green,1.846884156653084
2011-04-26,dev,spy_green,1.86544586240197
2011-04-27,dev,spy_green,1.8870394043226026
2011-04-28,dev,spy_green,1.895239371952455
2011-04-29,dev,spy_green,1.9050661052493607
2011-05-02,dev,spy_green,1.9064253377418805
2011-05-03,dev,spy_green,1.9057667537697316
2011-05-04,dev,spy_green,1.8932223434966198
2011-05-05,dev,spy_green,1.88391324971121
2011-05-06,dev,spy_green,1.8806315277878294
2011-05-09,dev,spy_green,1.8958811502065063
2011-05-10,dev,spy_green,1.9146227590054086
2011-05-11,dev,spy_green,1.902702789798686
2011-05-12,dev,spy_green,1.9335253026639005
2011-05-13,dev,spy_green,1.9262233660044927
2011-05-16,dev,spy_green,1.9257736062137032
2011-05-17,dev,spy_green,1.924015012444903
2011-05-18,dev,spy_green,1.9335555437111913
2011-05-19,dev,spy_green,1.9537720452216472
2011-05-20,dev,spy_green,1.9391748697216096
2011-05-23,dev,spy_green,1.9232844307065515
2011-05-24,dev,spy_green,1.92027337521583
2011-05-25,dev,spy_green,1.9171036677278923
2011-05-26,dev,spy_green,1.932116068360061
2011-05-27,dev,spy_green,1.9359200855371788
2011-05-31,dev,spy_green,1.958064746943089
2011-06-01,dev,spy_green,1.9314238542680289
2011-06-02,dev,spy_green,1.9184768792025915
2011-06-03,dev,spy_green,1.8946193579500368
2011-06-06,dev,spy_green,1.8915280432629784
2011-06-07,dev,spy_green,1.8998543489029998
2011-06-08,dev,spy_green,1.8963300726220436
2011-06-09,dev,spy_green,1.910103825079525
2011-06-10,dev,spy_green,1.8855950256320395
2011-06-13,dev,spy_green,1.8926402989808604
2011-06-14,dev,spy_green,1.9115601805252713
2011-06-15,dev,spy_green,1.8878415897911125
2011-06-16,dev,spy_green,1.8991142124981795
2011-06-17,dev,spy_green,1.9079883108076499
2011-06-20,dev,spy_green,1.9306115137120752
2011-06-21,dev,spy_green,1.9496526776902656
2011-06-22,dev,spy_green,1.9340502805833582
2011-06-23,dev,spy_green,1.9131656257079543
2011-06-24,dev,spy_green,1.9105978212621655
2011-06-27,dev,spy_green,1.9156095427667066
2011-06-28,dev,spy_green,1.932650775790035
2011-06-29,dev,spy_green,1.9423564642005187
2011-06-30,dev,spy_green,1.948365231899862
2011-07-01,dev,spy_green,1.974988717596261
2011-07-05,dev,spy_green,1.9762098265536772
2011-07-06,dev,spy_green,1.988616173161714
2011-07-07,dev,spy_green,1.9967620083316722
2011-07-08,dev,spy_green,1.987177241167941
2011-07-11,dev,spy_green,1.9760908072705887
2011-07-12,dev,spy_green,1.9859930159120935
2011-07-13,dev,spy_green,1.9949160094131058
2011-07-14,dev,spy_green,1.9961577303862055
2011-07-15,dev,spy_green,2.0069688436811144
2011-07-18,dev,spy_green,1.986987965452444
2011-07-19,dev,spy_green,2.017518902389015
2011-07-20,dev,spy_green,2.0102112982264764
2011-07-21,dev,spy_green,2.03111083409783
2011-07-22,dev,spy_green,2.025203591137736
2011-07-25,dev,spy_green,2.0090904610551203
2011-07-26,dev,spy_green,2.0077244787678126
2011-07-27,dev,spy_green,1.9734659950665816
2011-07-28,dev,spy_green,1.9583884864411127
2011-07-29,dev,spy_green,1.9486056762571469
2011-08-01,dev,spy_green,1.9402324001751567
2011-08-02,dev,spy_green,1.9076773963591709
2011-08-03,dev,spy_green,1.919829782482338
2011-08-04,dev,spy_green,1.8548380321373352
2011-08-05,dev,spy_green,1.8677882649820121
2011-08-08,dev,spy_green,1.784178596782051
2011-08-09,dev,spy_green,1.882855600244317
2011-08-10,dev,spy_green,1.8380981036823782
2011-08-11,dev,spy_green,1.9080882965501653
2011-08-12,dev,spy_green,1.9133122162366119
2011-08-15,dev,spy_green,1.942503996472119
2011-08-16,dev,spy_green,1.9425665080419139
2011-08-17,dev,spy_green,1.9207656009785725
2011-08-18,dev,spy_green,1.866061234581039
2011-08-19,dev,spy_green,1.8610001362681505
2011-08-22,dev,spy_green,1.8751133098672261
2011-08-23,dev,spy_green,1.9337402304533218
2011-08-24,dev,spy_green,1.9494969902732857
2011-08-25,dev,spy_green,1.9171373374741527
2011-08-26,dev,spy_green,1.9437173184078345
2011-08-29,dev,spy_green,1.9824797974888495
2011-08-30,dev,spy_green,2.002524449732933
2011-08-31,dev,spy_green,1.9983148694353077
2011-09-01,dev,spy_green,1.9841295387345252
2011-09-02,dev,spy_green,1.9418569500015486
2011-09-06,dev,spy_green,1.9452593365168749
2011-09-07,dev,spy_green,1.9808675053512221
2011-09-08,dev,spy_green,1.973345257903717
2011-09-09,dev,spy_green,1.9242559423428487
2011-09-12,dev,spy_green,1.922651557273322
2011-09-13,dev,spy_green,1.9285764267906333
2011-09-14,dev,spy_green,1.963111799370667
2011-09-15,dev,spy_green,1.9812212309412487
2011-09-16,dev,spy_green,2.001863625785087
2011-09-19,dev,spy_green,1.99305768654857
2011-09-20,dev,spy_green,2.001680511550914
2011-09-21,dev,spy_green,1.9631154374275837
2011-09-22,dev,spy_green,1.9413827111503013
2011-09-23,dev,spy_green,1.9533886510397525
2011-09-26,dev,spy_green,1.9834303010644172
2011-09-27,dev,spy_green,2.017395490097289
2011-09-28,dev,spy_green,1.9811791255167985
2011-09-29,dev,spy_green,2.0086579047081834
2011-09-30,dev,spy_green,1.9886465350526694
2011-10-03,dev,spy_green,1.9198650098794987
2011-10-04,dev,spy_green,1.9449104202385725
2011-10-05,dev,spy_green,1.960931108401399
2011-10-06,dev,spy_green,1.9895379975693175
2011-10-07,dev,spy_green,1.9799197411171463
2011-10-10,dev,spy_green,2.0166483147095025
2011-10-11,dev,spy_green,2.017299206801726
2011-10-12,dev,spy_green,2.0030226400185667
2011-10-13,dev,spy_green,2.0122573844537177
2011-10-14,dev,spy_green,2.0221892871813636
2011-10-17,dev,spy_green,2.0012522402222195
2011-10-18,dev,spy_green,2.020799703766418
2011-10-19,dev,spy_green,2.00442859710102
2011-10-20,dev,spy_green,2.000118635046079
2011-10-21,dev,spy_green,2.03680243912769
2011-10-24,dev,spy_green,2.0501451985288854
2011-10-25,dev,spy_green,2.0217503139900406
2011-10-26,dev,spy_green,2.030095918786102
2011-10-27,dev,spy_green,2.024652258988551
2011-10-28,dev,spy_green,2.0130584174130406
2011-10-31,dev,spy_green,2.009189732375331
2011-11-01,dev,spy_green,1.9762473097476871
2011-11-02,dev,spy_green,1.9951017091576315
2011-11-03,dev,spy_green,2.0061520485890423
2011-11-04,dev,spy_green,1.998755127387555
2011-11-07,dev,spy_green,2.0108961401847587
2011-11-08,dev,spy_green,2.0335811136489896
2011-11-09,dev,spy_green,1.993943026172547
2011-11-10,dev,spy_green,2.0078894845896396
2011-11-11,dev,spy_green,2.0365780570297027
2011-11-14,dev,spy_green,2.02881606904039
2011-11-15,dev,spy_green,2.0446471322816864
2011-11-16,dev,spy_green,2.022128231856096
2011-11-17,dev,spy_green,2.0022779332053235
2011-11-18,dev,spy_green,2.0065678720378384
2011-11-21,dev,spy_green,1.9838121590883275
2011-11-22,dev,spy_green,1.9821546733881839
2011-11-23,dev,spy_green,1.961340775147493
2011-11-25,dev,spy_green,1.9594965073263682
2011-11-28,dev,spy_green,2.000423319413257
2011-11-29,dev,spy_green,2.02073726956152
2011-11-30,dev,spy_green,2.048677765097383
2011-12-01,dev,spy_green,2.040420272065809
2011-12-02,dev,spy_green,2.041404143921588
2011-12-05,dev,spy_green,2.062385333686154
2011-12-06,dev,spy_green,2.0647331694058018
2011-12-07,dev,spy_green,2.0602803836401455
2011-12-08,dev,spy_green,2.0321338018446076
2011-12-09,dev,spy_green,2.065988677492597
2011-12-12,dev,spy_green,2.0460550304539846
2011-12-13,dev,spy_green,2.0385671245489028
2011-12-14,dev,spy_green,2.0250250591165218
2011-12-15,dev,spy_green,2.0411478238178398
2011-12-16,dev,spy_green,2.0407531149660505
2011-12-19,dev,spy_green,2.033225752924933
2011-12-20,dev,spy_green,2.0614917792914573
2011-12-21,dev,spy_green,2.080152023403972
2011-12-22,dev,spy_green,2.077148478177477
2011-12-23,dev,spy_green,2.0894943788578373
2011-12-27,dev,spy_green,2.0927264908516614
2011-12-28,dev,spy_green,2.070384714056839
2011-12-29,dev,spy_green,2.084702237354594
2011-12-30,dev,spy_green,2.066169269766414
2012-01-03,dev,spy_green,2.0766790399628294
2012-01-04,dev,spy_green,2.07227676423363
2012-01-05,dev,spy_green,2.0771772978255023
2012-01-06,dev,spy_green,2.0757581128821805
2012-01-09,dev,spy_green,2.079830515785119
2012-01-10,dev,spy_green,2.096091990360569
2012-01-11,dev,spy_green,2.0916694417187554
2012-01-12,dev,spy_green,2.1030532043926438
2012-01-13,dev,spy_green,2.0953166345063896
2012-01-17,dev,spy_green,2.11340055782098
2012-01-18,dev,spy_green,2.1169052466433453
2012-01-19,dev,spy_green,2.123060249545803
2012-01-20,dev,spy_green,2.1244178425081675
2012-01-23,dev,spy_green,2.1237094743274034
2012-01-24,dev,spy_green,2.127090191039243
2012-01-25,dev,spy_green,2.14230743153907
2012-01-26,dev,spy_green,2.157549663359749
2012-01-27,dev,spy_green,2.1501721491671586
2012-01-30,dev,spy_green,2.131218013719641
2012-01-31,dev,spy_green,2.1361749003987254
2012-02-01,dev,spy_green,2.1542822921352425
2012-02-02,dev,spy_green,2.1443840704527988
2012-02-03,dev,spy_green,2.1605979441554055
2012-02-06,dev,spy_green,2.1579543637078737
2012-02-07,dev,spy_green,2.160433296108752
2012-02-08,dev,spy_green,2.1460675662515354
2012-02-09,dev,spy_green,2.1422148193488972
2012-02-10,dev,spy_green,2.119164995596685
2012-02-13,dev,spy_green,2.133017395056263
2012-02-14,dev,spy_green,2.125482113527076
2012-02-15,dev,spy_green,2.1127782852452923
2012-02-16,dev,spy_green,2.1354389913467955
2012-02-17,dev,spy_green,2.135483959273699
2012-02-21,dev,spy_green,2.132050453561848
2012-02-22,dev,spy_green,2.1255691853370395
2012-02-23,dev,spy_green,2.1424594668686563
2012-02-24,dev,spy_green,2.1409952146505153
2012-02-27,dev,spy_green,2.134030722325928
2012-02-28,dev,spy_green,2.1364829290771215
2012-02-29,dev,spy_green,2.135813572143197
2012-03-01,dev,spy_green,2.144937192448975
2012-03-02,dev,spy_green,2.1322782663382127
2012-03-05,dev,spy_green,2.147931405968793
2012-03-06,dev,spy_green,2.1267256033992714
2012-03-07,dev,spy_green,2.132177092346862
2012-03-08,dev,spy_green,2.140075276955736
2012-03-09,dev,spy_green,2.1509540400431426
2012-03-12,dev,spy_green,2.156239798191884
2012-03-13,dev,spy_green,2.176359995293373
2012-03-14,dev,spy_green,2.163030239870903
2012-03-15,dev,spy_green,2.171627582396805
2012-03-16,dev,spy_green,2.170128346548637
2012-03-19,dev,spy_green,2.170187554760075
2012-03-20,dev,spy_green,2.165118635487784
2012-03-21,dev,spy_green,2.1663090840355927
2012-03-22,dev,spy_green,2.158758828583423
2012-03-23,dev,spy_green,2.165132360288681
2012-03-26,dev,spy_green,2.1903727704555416
2012-03-27,dev,spy_green,2.185012226114766
2012-03-28,dev,spy_green,2.1722217394235783
2012-03-29,dev,spy_green,2.1788998551927565
2012-03-30,dev,spy_green,2.182179623326857
2012-04-02,dev,spy_green,2.1968552196885383
2012-04-03,dev,spy_green,2.198446595743459
2012-04-04,dev,spy_green,2.173358915757307
2012-04-05,dev,spy_green,2.160963188046637
2012-04-09,dev,spy_green,2.1416047454473173
2012-04-10,dev,spy_green,2.1179230445419868
2012-04-11,dev,spy_green,2.137393725148312
2012-04-12,dev,spy_green,2.1503138255208887
2012-04-13,dev,spy_green,2.1339312813972873
2012-04-16,dev,spy_green,2.129820562805057
2012-04-17,dev,spy_green,2.157707443009951
2012-04-18,dev,spy_green,2.1515112767833333
2012-04-19,dev,spy_green,2.141904541451774
2012-04-20,dev,spy_green,2.1621070571200884
2012-04-23,dev,spy_green,2.1456476207328348
2012-04-24,dev,spy_green,2.155111093149323
2012-04-25,dev,spy_green,2.169312983507623
2012-04-26,dev,spy_green,2.1688752565573566
2012-04-27,dev,spy_green,2.1886949540921137
2012-04-30,dev,spy_green,2.1865916980715605
2012-05-01,dev,spy_green,2.1889064631551918
2012-05-02,dev,spy_green,2.1908489383095655
2012-05-03,dev,spy_green,2.1984744054299155
2012-05-04,dev,spy_green,2.187749831475267
2012-05-07,dev,spy_green,2.194464766350507
2012-05-08,dev,spy_green,2.2064767756132158
2012-05-09,dev,spy_green,2.198235740319731
2012-05-10,dev,spy_green,2.214145091289752
2012-05-11,dev,spy_green,2.207616782939096
2012-05-14,dev,spy_green,2.1869700862453714
2012-05-15,dev,spy_green,2.193330112771647
2012-05-16,dev,spy_green,2.1936691299267137
2012-05-17,dev,spy_green,2.1582694405696397
2012-05-18,dev,spy_green,2.1487007393500863
2012-05-21,dev,spy_green,2.1586813352731613
2012-05-22,dev,spy_green,2.1549940495599413
2012-05-23,dev,spy_green,2.1536935106186306
2012-05-24,dev,spy_green,2.166462159408748
2012-05-25,dev,spy_green,2.170656087905404
2012-05-29,dev,spy_green,2.1770732955001844
2012-05-30,dev,spy_green,2.154347186669188
2012-05-31,dev,spy_green,2.152350757592625
2012-06-01,dev,spy_green,2.1169282272084984
2012-06-04,dev,spy_green,2.124057343666824
2012-06-05,dev,spy_green,2.1378170576771236
2012-06-06,dev,spy_green,2.167866021328561
2012-06-07,dev,spy_green,2.1613009485569448
2012-06-08,dev,spy_green,2.180890148789731
2012-06-11,dev,spy_green,2.1591257101627983
2012-06-12,dev,spy_green,2.175530540096051
2012-06-13,dev,spy_green,2.1327548011969046
2012-06-14,dev,spy_green,2.1482751825998503
2012-06-15,dev,spy_green,2.1674867887189637
2012-06-18,dev,spy_green,2.1669412637671237
2012-06-19,dev,spy_green,2.1832487867286448
2012-06-20,dev,spy_green,2.1738693539101
2012-06-21,dev,spy_green,2.1452394657876397
2012-06-22,dev,spy_green,2.171891948087292
2012-06-25,dev,spy_green,2.1663531001934606
2012-06-26,dev,spy_green,2.168694336735327
2012-06-27,dev,spy_green,2.17925121492249
2012-06-28,dev,spy_green,2.212854519925188
2012-06-29,dev,spy_green,2.256713638080281
2012-07-02,dev,spy_green,2.274575491356351
2012-07-03,dev,spy_green,2.2917709749638058
2012-07-05,dev,spy_green,2.2863870227447305
2012-07-06,dev,spy_green,2.2844331311002954
2012-07-09,dev,spy_green,2.2883517094306067
2012-07-10,dev,spy_green,2.280727195666877
2012-07-11,dev,spy_green,2.278305947350102
2012-07-12,dev,spy_green,2.2882020254017545
2012-07-13,dev,spy_green,2.310861079442471
2012-07-16,dev,spy_green,2.300983240057508
2012-07-17,dev,spy_green,2.3178260969172033
2012-07-18,dev,spy_green,2.3301004283862103
2012-07-19,dev,spy_green,2.3188389783708043
2012-07-20,dev,spy_green,2.3034517698380705
2012-07-23,dev,spy_green,2.2787304421758705
2012-07-24,dev,spy_green,2.2585328032457883
2012-07-25,dev,spy_green,2.276196672417754
2012-07-26,dev,spy_green,2.2827961218225354
2012-07-27,dev,spy_green,2.317888587821577
2012-07-30,dev,spy_green,2.3112276668280063
2012-07-31,dev,spy_green,2.302718387534208
2012-08-01,dev,spy_green,2.280106104237747
2012-08-02,dev,spy_green,2.263642016928241
2012-08-03,dev,spy_green,2.2936244983140037
2012-08-06,dev,spy_green,2.3026448380924034
2012-08-07,dev,spy_green,2.3127550868297075
2012-08-08,dev,spy_green,2.307489557991039
2012-08-09,dev,spy_green,2.2925944761619332
2012-08-10,dev,spy_green,2.2925019941806952
2012-08-13,dev,spy_green,2.297043870548683
2012-08-14,dev,spy_green,2.304383151533324
2012-08-15,dev,spy_green,2.312093100422577
2012-08-16,dev,spy_green,2.324535489743395
2012-08-17,dev,spy_green,2.3450682753962186
2012-08-20,dev,spy_green,2.3456627422657204
2012-08-21,dev,spy_green,2.3454906409806626
2012-08-22,dev,spy_green,2.3413172908356152
2012-08-23,dev,spy_green,2.3447308654113517
2012-08-24,dev,spy_green,2.3601091568755197
2012-08-27,dev,spy_green,2.367088849546094
2012-08-28,dev,spy_green,2.3669626465125826
2012-08-29,dev,spy_green,2.366181025135336
2012-08-30,dev,spy_green,2.3537755724239027
2012-08-31,dev,spy_green,2.3600012130133505
2012-09-04,dev,spy_green,2.3676515536015508
2012-09-05,dev,spy_green,2.3512982030760003
2012-09-06,dev,spy_green,2.3781145283747955
2012-09-07,dev,spy_green,2.37272907363071
2012-09-10,dev,spy_green,2.367052324495134
2012-09-11,dev,spy_green,2.374444696082547
2012-09-12,dev,spy_green,2.3800645990719373
2012-09-13,dev,spy_green,2.389943214680548
2012-09-14,dev,spy_green,2.375323005712831
2012-09-17,dev,spy_green,2.374641227210457
2012-09-18,dev,spy_green,2.3772801553331524
2012-09-19,dev,spy_green,2.382664749034082
2012-09-20,dev,spy_green,2.3962187298374147
2012-09-21,dev,spy_green,2.391180772747613
2012-09-24,dev,spy_green,2.3984045804498573
2012-09-25,dev,spy_green,2.3902913303419004
2012-09-26,dev,spy_green,2.388990663260492
2012-09-27,dev,spy_green,2.3904444562970157
2012-09-28,dev,spy_green,2.386288599457478
2012-10-01,dev,spy_green,2.384694305154612
2012-10-02,dev,spy_green,2.3908804727367103
2012-10-03,dev,spy_green,2.3890738311100335
2012-10-04,dev,spy_green,2.4096019644421123
2012-10-05,dev,spy_green,2.4153342351376006
2012-10-08,dev,spy_green,2.4170363390051204
2012-10-09,dev,spy_green,2.399277874558958
2012-10-10,dev,spy_green,2.3958109303291706
2012-10-11,dev,spy_green,2.401917012587043
2012-10-12,dev,spy_green,2.3894246086048136
2012-10-15,dev,spy_green,2.400797009536057
2012-10-16,dev,spy_green,2.4060565814593464
2012-10-17,dev,spy_green,2.4192253715429257
2012-10-18,dev,spy_green,2.4237035064940624
2012-10-19,dev,spy_green,2.386429277947991
2012-10-22,dev,spy_green,2.367901480654345
2012-10-23,dev,spy_green,2.355170745462067
2012-10-24,dev,spy_green,2.3416391102189147
2012-10-25,dev,spy_green,2.3565511216230344
2012-10-26,dev,spy_green,2.349954120662569
2012-10-31,dev,spy_green,2.3779736793192847
2012-11-01,dev,spy_green,2.4316775192069247
2012-11-02,dev,spy_green,2.41842788452464
2012-11-05,dev,spy_green,2.419592260949284
2012-11-06,dev,spy_green,2.4324086216381082
2012-11-07,dev,spy_green,2.391426058481399
2012-11-08,dev,spy_green,2.3690200880697234
2012-11-09,dev,spy_green,2.359180532221534
2012-11-12,dev,spy_green,2.35654254099102
2012-11-13,dev,spy_green,2.363438520503372
2012-11-14,dev,spy_green,2.34409753995472
2012-11-15,dev,spy_green,2.3325850011406044
2012-11-16,dev,spy_green,2.329795583189993
2012-11-19,dev,spy_green,2.3654260986087308
2012-11-20,dev,spy_green,2.3670813476912236
2012-11-21,dev,spy_green,2.364682977598427
2012-11-23,dev,spy_green,2.387456298201047
2012-11-26,dev,spy_green,2.3760631956833502
2012-11-27,dev,spy_green,2.372840736554898
2012-11-28,dev,spy_green,2.387887607767227
2012-11-29,dev,spy_green,2.387685091637609
2012-11-30,dev,spy_green,2.3872954205082806
2012-12-03,dev,spy_green,2.384551903539008
2012-12-04,dev,spy_green,2.3758452603421847
2012-12-05,dev,spy_green,2.3857765244618636
2012-12-06,dev,spy_green,2.382997131155198
2012-12-07,dev,spy_green,2.3890293022311115
2012-12-10,dev,spy_green,2.395722221640393
2012-12-11,dev,spy_green,2.403362795774452
2012-12-12,dev,spy_green,2.395219815197247
2012-12-13,dev,spy_green,2.3850395125042496
2012-12-14,dev,spy_green,2.3735928394675767
2012-12-17,dev,spy_green,2.4031612532001776
2012-12-18,dev,spy_green,2.4143489112107632
2012-12-19,dev,spy_green,2.3961276192995298
2012-12-20,dev,spy_green,2.4035932964883195
2012-12-21,dev,spy_green,2.390915723166488
2012-12-24,dev,spy_green,2.3898536831718933
2012-12-26,dev,spy_green,2.3704652767025993
2012-12-27,dev,spy_green,2.3734537101461086
2012-12-28,dev,spy_green,2.3545975214197394
2012-12-31,dev,spy_green,2.3866362087722353
2013-01-02,dev,spy_green,2.4298945680769504
2013-01-03,dev,spy_green,2.4560935999506084
2013-01-04,dev,spy_green,2.462140981057751
2013-01-07,dev,spy_green,2.448206371999953
2013-01-08,dev,spy_green,2.430621701825455
2013-01-09,dev,spy_green,2.435905507994907
2013-01-10,dev,spy_green,2.445473987859577
2013-01-11,dev,spy_green,2.4414521863447596
2013-01-14,dev,spy_green,2.449160151245727
2013-01-15,dev,spy_green,2.465317225832339
2013-01-16,dev,spy_green,2.4616329052559043
2013-01-17,dev,spy_green,2.477055000812109
2013-01-18,dev,spy_green,2.484079277670778
2013-01-22,dev,spy_green,2.4998422124358295
2013-01-23,dev,spy_green,2.502243812087707
2013-01-24,dev,spy_green,2.5274017842453964
2013-01-25,dev,spy_green,2.541083945797602
2013-01-28,dev,spy_green,2.5397618868186584
2013-01-29,dev,spy_green,2.5409926284819124
2013-01-30,dev,spy_green,2.5385637789346642
2013-01-31,dev,spy_green,2.531635319426967
2013-02-01,dev,spy_green,2.548538898814445
2013-02-04,dev,spy_green,2.5144584880837986
2013-02-05,dev,spy_green,2.536242110091965
2013-02-06,dev,spy_green,2.534486443389937
2013-02-07,dev,spy_green,2.5500487779015555
2013-02-08,dev,spy_green,2.578447620293443
2013-02-11,dev,spy_green,2.5816886875379383
2013-02-12,dev,spy_green,2.5974904410674258
2013-02-13,dev,spy_green,2.6005820401564934
2013-02-14,dev,spy_green,2.606654811604128
2013-02-15,dev,spy_green,2.6129744960031793
2013-02-19,dev,spy_green,2.6346839687745316
2013-02-20,dev,spy_green,2.611701233297152
2013-02-21,dev,spy_green,2.5963380747326488
2013-02-22,dev,spy_green,2.61855907623528
2013-02-25,dev,spy_green,2.5895340433417013
2013-02-26,dev,spy_green,2.5975845348215088
2013-02-27,dev,spy_green,2.6209739438792963
2013-02-28,dev,spy_green,2.6240875095787777
2013-03-01,dev,spy_green,2.626307889799555
2013-03-04,dev,spy_green,2.638524290849842
2013-03-05,dev,spy_green,2.656545016644807
2013-03-06,dev,spy_green,2.6532391214148476
2013-03-07,dev,spy_green,2.6251632043684934
2013-03-08,dev,spy_green,2.6423709379291034
2013-03-11,dev,spy_green,2.644142418644915
2013-03-12,dev,spy_green,2.6392009979424884
2013-03-13,dev,spy_green,2.64456574417352
2013-03-14,dev,spy_green,2.645755096094525
2013-03-15,dev,spy_green,2.662119140247771
2013-03-18,dev,spy_green,2.649148803123253
2013-03-19,dev,spy_green,2.648179719272397
2013-03-20,dev,spy_green,2.6660807025636952
2013-03-21,dev,spy_green,2.6609670600353184
2013-03-22,dev,spy_green,2.67894232318855
2013-03-25,dev,spy_green,2.675558829271552
2013-03-26,dev,spy_green,2.7027990818030925
2013-03-27,dev,spy_green,2.717014687428594
2013-03-28,dev,spy_green,2.739049202896392
2013-04-01,dev,spy_green,2.7254831259704644
2013-04-02,dev,spy_green,2.729119376241225
2013-04-03,dev,spy_green,2.7126332425047237
2013-04-04,dev,spy_green,2.7437147188240427
2013-04-05,dev,spy_green,2.7340326593653925
2013-04-08,dev,spy_green,2.7457494717990505
2013-04-09,dev,spy_green,2.738317276693485
2013-04-10,dev,spy_green,2.776982415171
2013-04-11,dev,spy_green,2.81054198955542
2013-04-12,dev,spy_green,2.8147810889148652
2013-04-15,dev,spy_green,2.761093246283035
2013-04-16,dev,spy_green,2.813177428430967
2013-04-17,dev,spy_green,2.783115824838271
2013-04-18,dev,spy_green,2.7814771157331153
2013-04-19,dev,spy_green,2.8084463860982765
2013-04-22,dev,spy_green,2.8096888781362024
2013-04-23,dev,spy_green,2.829403983808029
2013-04-24,dev,spy_green,2.832151735059328
2013-04-25,dev,spy_green,2.8501115714805048
2013-04-26,dev,spy_green,2.8459176532448978
2013-04-29,dev,spy_green,2.8681759885713882
2013-04-30,dev,spy_green,2.880179502073829
2013-05-01,dev,spy_green,2.837674679037103
2013-05-02,dev,spy_green,2.838536347921345
2013-05-03,dev,spy_green,2.850275097349665
2013-05-06,dev,spy_green,2.8414629521048287
2013-05-07,dev,spy_green,2.8726043361316274
2013-05-08,dev,spy_green,2.8620951995786825
2013-05-09,dev,spy_green,2.8385047644040253
2013-05-10,dev,spy_green,2.846476528392694
2013-05-13,dev,spy_green,2.8387615429166226
2013-05-14,dev,spy_green,2.867200365439995
2013-05-15,dev,spy_green,2.8913512464102267
2013-05-16,dev,spy_green,2.859353867505265
2013-05-17,dev,spy_green,2.8813167742462205
2013-05-20,dev,spy_green,2.8763160370616134
2013-05-21,dev,spy_green,2.8818860361275047
2013-05-22,dev,spy_green,2.8418500168307914
2013-05-23,dev,spy_green,2.817702118606581
2013-05-24,dev,spy_green,2.8114121298812185
2013-05-28,dev,spy_green,2.8159673733218074
2013-05-29,dev,spy_green,2.7807993099460986
2013-05-30,dev,spy_green,2.7792773499823538
2013-05-31,dev,spy_green,2.7510397465881544
2013-06-03,dev,spy_green,2.7701660797667493
2013-06-04,dev,spy_green,2.748123994530456
2013-06-05,dev,spy_green,2.7279162220783855
2013-06-06,dev,spy_green,2.7548375600149786
2013-06-07,dev,spy_green,2.768536686392212
2013-06-10,dev,spy_green,2.760744401050686
2013-06-11,dev,spy_green,2.7284052869873467
2013-06-12,dev,spy_green,2.7111499582677587
2013-06-13,dev,spy_green,2.759678292724445
2013-06-14,dev,spy_green,2.757740946131909
2013-06-17,dev,spy_green,2.770854275921763
2013-06-18,dev,spy_green,2.7944507254640194
2013-06-19,dev,spy_green,2.7546782088491595
2013-06-20,dev,spy_green,2.6961821923014817
2013-06-21,dev,spy_green,2.6943802933330265
2013-06-24,dev,spy_green,2.682066413407926
2013-06-25,dev,spy_green,2.7034269408549276
2013-06-26,dev,spy_green,2.699433211031269
2013-06-27,dev,spy_green,2.730941749877959
2013-06-28,dev,spy_green,2.7371980744040836
2013-07-01,dev,spy_green,2.729298230509923
2013-07-02,dev,spy_green,2.716539100775296
2013-07-03,dev,spy_green,2.717610622124167
2013-07-05,dev,spy_green,2.726902060561412
2013-07-08,dev,spy_green,2.754829387807073
2013-07-09,dev,spy_green,2.7562884105644327
2013-07-10,dev,spy_green,2.769968127335375
2013-07-11,dev,spy_green,2.788150299597089
2013-07-12,dev,spy_green,2.7928905228750107
2013-07-15,dev,spy_green,2.811826435620493
2013-07-16,dev,spy_green,2.8023692929012305
2013-07-17,dev,spy_green,2.8057675757558433
2013-07-18,dev,spy_green,2.8367040597358306
2013-07-19,dev,spy_green,2.841189113580589
2013-07-22,dev,spy_green,2.8578699818010898
2013-07-23,dev,spy_green,2.85060788931266
2013-07-24,dev,spy_green,2.822904847154808
2013-07-25,dev,spy_green,2.844120348514799
2013-07-26,dev,spy_green,2.844566429439804
2013-07-29,dev,spy_green,2.830465910436569
2013-07-30,dev,spy_green,2.824247612788577
2013-07-31,dev,spy_green,2.8111866496110847
2013-08-01,dev,spy_green,2.8368474673871926
2013-08-02,dev,spy_green,2.8289704163766918
2013-08-05,dev,spy_green,2.817831578235595
2013-08-06,dev,spy_green,2.7958340367107253
2013-08-07,dev,spy_green,2.7922995300972593
2013-08-08,dev,spy_green,2.7952292912900525
2013-08-09,dev,spy_green,2.8131015904195795
2013-08-12,dev,spy_green,2.808065107238965
2013-08-13,dev,spy_green,2.8196384809146706
2013-08-14,dev,spy_green,2.7929463288368384
2013-08-15,dev,spy_green,2.7452601902066114
2013-08-16,dev,spy_green,2.727286558169934
2013-08-19,dev,spy_green,2.7104024386160126
2013-08-20,dev,spy_green,2.744814301401918
2013-08-21,dev,spy_green,2.7273252130905337
2013-08-22,dev,spy_green,2.754426560507582
2013-08-23,dev,spy_green,2.780720950895348
2013-08-26,dev,spy_green,2.7641243021341824
2013-08-27,dev,spy_green,2.7409225799098293
2013-08-28,dev,spy_green,2.7380792954514135
2013-08-29,dev,spy_green,2.745261715181136
2013-08-30,dev,spy_green,2.730310758884858
2013-09-03,dev,spy_green,2.7255617439479227
2013-09-04,dev,spy_green,2.7350804284227537
2013-09-05,dev,spy_green,2.7366398634471185
2013-09-06,dev,spy_green,2.7353986227843414
2013-09-09,dev,spy_green,2.7585397145612545
2013-09-10,dev,spy_green,2.7883232634429977
2013-09-11,dev,spy_green,2.797287013331157
2013-09-12,dev,spy_green,2.7764956932449887
2013-09-13,dev,spy_green,2.7822011229830457
2013-09-16,dev,spy_green,2.8020556873927043
2013-09-17,dev,spy_green,2.820330654467309
2013-09-18,dev,spy_green,2.868707960260919
2013-09-19,dev,spy_green,2.872957588000009
2013-09-20,dev,spy_green,2.848384585029875
2013-09-23,dev,spy_green,2.852904506565624
2013-09-24,dev,spy_green,2.862904166213777
2013-09-25,dev,spy_green,2.8592405369750606
2013-09-26,dev,spy_green,2.8919367936999687
2013-09-27,dev,spy_green,2.882587549603011
2013-09-30,dev,spy_green,2.88812157871992
2013-10-01,dev,spy_green,2.925220644954537
2013-10-02,dev,spy_green,2.9295527068260605
2013-10-03,dev,spy_green,2.8986264354938145
2013-10-04,dev,spy_green,2.9100418078189807
2013-10-07,dev,spy_green,2.8914296753904347
2013-10-08,dev,spy_green,2.879918687081914
2013-10-09,dev,spy_green,2.8791344571434223
2013-10-10,dev,spy_green,2.9323995023450955
2013-10-11,dev,spy_green,2.948326474767985
2013-10-14,dev,spy_green,2.947677037153171
2013-10-15,dev,spy_green,2.920656131107662
2013-10-16,dev,spy_green,3.010865115292809
2013-10-17,dev,spy_green,3.042239447141128
2013-10-18,dev,spy_green,3.0539579161557304
2013-10-21,dev,spy_green,3.0573767775280505
2013-10-22,dev,spy_green,3.0819148009271307
2013-10-23,dev,spy_green,3.0855736162916454
2013-10-24,dev,spy_green,3.071882476280628
2013-10-25,dev,spy_green,3.111443475321644
2013-10-28,dev,spy_green,3.1088238185147574
2013-10-29,dev,spy_green,3.119756886984655
2013-10-30,dev,spy_green,3.1113136806238884
2013-10-31,dev,spy_green,3.1096465983940544
2013-11-01,dev,spy_green,3.110410604660993
2013-11-04,dev,spy_green,3.1120803776119383
2013-11-05,dev,spy_green,3.104061451347095
2013-11-06,dev,spy_green,3.1288794873661776
2013-11-07,dev,spy_green,3.098632089031236
2013-11-08,dev,spy_green,3.104057396497401
2013-11-11,dev,spy_green,3.1094661824616248
2013-11-12,dev,spy_green,3.0996675506413753
2013-11-13,dev,spy_green,3.1202311856215865
2013-11-14,dev,spy_green,3.1361388014168803
2013-11-15,dev,spy_green,3.1474857583246316
2013-11-18,dev,spy_green,3.1375296435509203
2013-11-19,dev,spy_green,3.118390720188084
2013-11-20,dev,spy_green,3.1031120873247664
2013-11-21,dev,spy_green,3.1089079697184667
2013-11-22,dev,spy_green,3.0957034344456065
2013-11-25,dev,spy_green,3.087215218683829
2013-11-26,dev,spy_green,3.091766334212166
2013-11-27,dev,spy_green,3.099524072916759
2013-11-29,dev,spy_green,3.0915744664003033
2013-12-02,dev,spy_green,3.069982713318223
2013-12-03,dev,spy_green,3.0544604274553997
2013-12-04,dev,spy_green,3.0462410831791398
2013-12-05,dev,spy_green,3.02930929149766
2013-12-06,dev,spy_green,3.0673577075446534
2013-12-09,dev,spy_green,3.0682612029845386
2013-12-10,dev,spy_green,3.046989382774153
2013-12-11,dev,spy_green,3.0259951833501635
2013-12-12,dev,spy_green,3.0152713989002575
2013-12-13,dev,spy_green,3.017190833718717
2013-12-16,dev,spy_green,3.0351966436611697
2013-12-17,dev,spy_green,3.0338418578469954
2013-12-18,dev,spy_green,3.0778298600782548
2013-12-19,dev,spy_green,3.0754447413768067
2013-12-20,dev,spy_green,3.093973343357102
2013-12-23,dev,spy_green,3.0928420253614775
2013-12-24,dev,spy_green,3.099811489939473
2013-12-26,dev,spy_green,3.1065260433789064
2013-12-27,dev,spy_green,3.1051708263289415
2013-12-30,dev,spy_green,3.1289132245454634
2013-12-31,dev,spy_green,3.1379629356596404
2014-01-02,dev,spy_green,3.096885883720511
2014-01-03,dev,spy_green,3.091741051819978
2014-01-06,dev,spy_green,3.0863534097708385
2014-01-07,dev,spy_green,3.103032401752596
2014-01-08,dev,spy_green,3.0961794924424857
2014-01-09,dev,spy_green,3.112704147592323
2014-01-10,dev,spy_green,3.1265662217478356
2014-01-13,dev,spy_green,3.1013733492125612
2014-01-14,dev,spy_green,3.1292573694812615
2014-01-15,dev,spy_green,3.12674284820133
2014-01-16,dev,spy_green,3.1250245557572445
2014-01-17,dev,spy_green,3.1165896848561134
2014-01-21,dev,spy_green,3.136514704775846
2014-01-22,dev,spy_green,3.1469783833772835
2014-01-23,dev,spy_green,3.1261373226783156
2014-01-24,dev,spy_green,3.098320119530401
2014-01-27,dev,spy_green,3.0931622564119996
2014-01-28,dev,spy_green,3.1029130915989462
2014-01-29,dev,spy_green,3.0449739858129043
2014-01-30,dev,spy_green,3.108179454189488
2014-01-31,dev,spy_green,3.1099341437541272
2014-02-03,dev,spy_green,3.039957775554697
2014-02-04,dev,spy_green,3.0672141298644386
2014-02-05,dev,spy_green,3.064159482990027
2014-02-06,dev,spy_green,3.0904320889644663
2014-02-07,dev,spy_green,3.108121133096788
2014-02-10,dev,spy_green,3.131161375007263
2014-02-11,dev,spy_green,3.1490095573739825
2014-02-12,dev,spy_green,3.1298268005275904
2014-02-13,dev,spy_green,3.160790365195854
2014-02-14,dev,spy_green,3.182174795055009
2014-02-18,dev,spy_green,3.1873360194984293
2014-02-19,dev,spy_green,3.1803314112896057
2014-02-20,dev,spy_green,3.2056911540405695
2014-02-21,dev,spy_green,3.206079142831591
2014-02-24,dev,spy_green,3.2243815501675916
2014-02-25,dev,spy_green,3.228230177234427
2014-02-26,dev,spy_green,3.2253307025308904
2014-02-27,dev,spy_green,3.2408606578967
2014-02-28,dev,spy_green,3.257915421492575
2014-03-03,dev,spy_green,3.2473755307460586
2014-03-04,dev,spy_green,3.294592409682031
2014-03-05,dev,spy_green,3.2826184263597558
2014-03-06,dev,spy_green,3.2918019589537177
2014-03-07,dev,spy_green,3.288958488095314
2014-03-10,dev,spy_green,3.2937990184594685
2014-03-11,dev,spy_green,3.2902447763270417
2014-03-12,dev,spy_green,3.304981771682883
2014-03-13,dev,spy_green,3.3024899681015554
2014-03-14,dev,spy_green,3.319257425397929
2014-03-17,dev,spy_green,3.342814054816906
2014-03-18,dev,spy_green,3.3469274806876803
2014-03-19,dev,spy_green,3.3142055788212117
2014-03-20,dev,spy_green,3.3239111407511035
2014-03-21,dev,spy_green,3.312662123988688
2014-03-24,dev,spy_green,3.307258899906112
2014-03-25,dev,spy_green,3.331047220913133
2014-03-26,dev,spy_green,3.3261241729549913
2014-03-27,dev,spy_green,3.3214511896782684
2014-03-28,dev,spy_green,3.328090185992571
2014-03-31,dev,spy_green,3.3599972796165125
2014-04-01,dev,spy_green,3.363786686307919
2014-04-02,dev,spy_green,3.3667256727188986
2014-04-03,dev,spy_green,3.364604527396527
2014-04-04,dev,spy_green,3.3521754658826346
2014-04-07,dev,spy_green,3.3360455988576665
2014-04-08,dev,spy_green,3.3662461847482703
2014-04-09,dev,spy_green,3.3682248606008476
2014-04-10,dev,spy_green,3.339124446904483
2014-04-11,dev,spy_green,3.3174803454574344
2014-04-14,dev,spy_green,3.3588720094135454
2014-04-15,dev,spy_green,3.3851785382986583
2014-04-16,dev,spy_green,3.406661706762239
2014-04-17,dev,spy_green,3.3917998447438578
2014-04-21,dev,spy_green,3.3927681740411892
2014-04-22,dev,spy_green,3.4101710529364304
2014-04-23,dev,spy_green,3.4006861255072853
2014-04-24,dev,spy_green,3.4068542827006567
2014-04-25,dev,spy_green,3.409956316717388
2014-04-28,dev,spy_green,3.4368949590562687
2014-04-29,dev,spy_green,3.445408870386
2014-04-30,dev,spy_green,3.4445826562911903
2014-05-01,dev,spy_green,3.4371942499132184
2014-05-02,dev,spy_green,3.4298391262654397
2014-05-05,dev,spy_green,3.426388492181693
2014-05-06,dev,spy_green,3.399635454431514
2014-05-07,dev,spy_green,3.4390216181503996
2014-05-08,dev,spy_green,3.422719073992379
2014-05-09,dev,spy_green,3.4090934670668314
2014-05-12,dev,spy_green,3.4196948060592685
2014-05-13,dev,spy_green,3.4125864188237034
2014-05-14,dev,spy_green,3.395263433228886
2014-05-15,dev,spy_green,3.382852932402287
2014-05-16,dev,spy_green,3.4087722040632866
2014-05-19,dev,spy_green,3.4014580117397664
2014-05-20,dev,spy_green,3.38882397618896
2014-05-21,dev,spy_green,3.3962911545693317
2014-05-22,dev,spy_green,3.403312644235474
2014-05-23,dev,spy_green,3.416631277971119
2014-05-27,dev,spy_green,3.43864168871814
2014-05-28,dev,spy_green,3.4295226721185976
2014-05-29,dev,spy_green,3.437085776295338
2014-05-30,dev,spy_green,3.4535735442281936
2014-06-02,dev,spy_green,3.453335534818918
2014-06-03,dev,spy_green,3.4501889670364876
2014-06-04,dev,spy_green,3.4725901161021255
2014-06-05,dev,spy_green,3.5028901903707217
2014-06-06,dev,spy_green,3.5064318892789297
2014-06-09,dev,spy_green,3.4922251403192583
2014-06-10,dev,spy_green,3.478687790562771
2014-06-11,dev,spy_green,3.466006848395792
2014-06-12,dev,spy_green,3.4609081006201694
2014-06-13,dev,spy_green,3.47354080053323
2014-06-16,dev,spy_green,3.4679404449552833
2014-06-17,dev,spy_green,3.4838505957879553
2014-06-18,dev,spy_green,3.5266834031312206
2014-06-19,dev,spy_green,3.5431259823830548
2014-06-20,dev,spy_green,3.545054141208814
2014-06-23,dev,spy_green,3.5189423609931194
2014-06-24,dev,spy_green,3.5093279983118397
2014-06-25,dev,spy_green,3.5085056082974737
2014-06-26,dev,spy_green,3.494236707643124
2014-06-27,dev,spy_green,3.509465232192159
2014-06-30,dev,spy_green,3.523946098970687
2014-07-01,dev,spy_green,3.531399645350437
2014-07-02,dev,spy_green,3.5093407736262177
2014-07-03,dev,spy_green,3.506508797454434
2014-07-07,dev,spy_green,3.508305681112334
2014-07-08,dev,spy_green,3.512896568366677
2014-07-09,dev,spy_green,3.507574005535019
2014-07-10,dev,spy_green,3.4988196370284776
2014-07-11,dev,spy_green,3.486850705794906
2014-07-14,dev,spy_green,3.4777677635130733
2014-07-15,dev,spy_green,3.478446547837416
2014-07-16,dev,spy_green,3.452505779828491
2014-07-17,dev,spy_green,3.4293060792102126
2014-07-18,dev,spy_green,3.471228653604437
2014-07-21,dev,spy_green,3.456753765702649
2014-07-22,dev,spy_green,3.4605688719034275
2014-07-23,dev,spy_green,3.46414944987296
2014-07-24,dev,spy_green,3.449078230149137
2014-07-25,dev,spy_green,3.4313754154306912
2014-07-28,dev,spy_green,3.443046274578986
2014-07-29,dev,spy_green,3.417146918035243
2014-07-30,dev,spy_green,3.37621568279877
2014-07-31,dev,spy_green,3.3185761360366683
2014-08-01,dev,spy_green,3.336827624115819
2014-08-04,dev,spy_green,3.341563393986875
2014-08-05,dev,spy_green,3.317228124460474
2014-08-06,dev,spy_green,3.314699378363097
2014-08-07,dev,spy_green,3.3196415580123455
2014-08-08,dev,spy_green,3.365531386504051
2014-08-11,dev,spy_green,3.376249892490729
2014-08-12,dev,spy_green,3.370724655128703
2014-08-13,dev,spy_green,3.3865763066349515
2014-08-14,dev,spy_green,3.40942301391668
2014-08-15,dev,spy_green,3.4045857559814903
2014-08-18,dev,spy_green,3.41964907109858
2014-08-19,dev,spy_green,3.4505713940343514
2014-08-20,dev,spy_green,3.4532312917442285
2014-08-21,dev,spy_green,3.458873819171781
2014-08-22,dev,spy_green,3.4677361450750652
2014-08-25,dev,spy_green,3.468150798363634
2014-08-26,dev,spy_green,3.464382460494326
2014-08-27,dev,spy_green,3.476316082376414
2014-08-28,dev,spy_green,3.482532077794989
2014-08-29,dev,spy_green,3.491692914812385
2014-09-02,dev,spy_green,3.493747097682594
2014-09-03,dev,spy_green,3.496869233228379
2014-09-04,dev,spy_green,3.493078181582312
2014-09-05,dev,spy_green,3.526271312677891
2014-09-08,dev,spy_green,3.5192823795758916
2014-09-09,dev,spy_green,3.4896654521837815
2014-09-10,dev,spy_green,3.4790899142700944
2014-09-11,dev,spy_green,3.4901015777538085
2014-09-12,dev,spy_green,3.4407450231935353
2014-09-15,dev,spy_green,3.4370952757147646
2014-09-16,dev,spy_green,3.469576814648539
2014-09-17,dev,spy_green,3.465902406664147
2014-09-18,dev,spy_green,3.4609613783419757
2014-09-19,dev,spy_green,3.4571897505397424
2014-09-22,dev,spy_green,3.4231971295181416
2014-09-23,dev,spy_green,3.4020311944643016
2014-09-24,dev,spy_green,3.423268150911326
2014-09-25,dev,spy_green,3.389772847973059
2014-09-26,dev,spy_green,3.41533596994577
2014-09-29,dev,spy_green,3.4209236225001045
2014-09-30,dev,spy_green,3.4178184962612193
2014-10-01,dev,spy_green,3.404636726079184
2014-10-02,dev,spy_green,3.424880914222847
2014-10-03,dev,spy_green,3.450741407439083
2014-10-06,dev,spy_green,3.445086637174274
2014-10-07,dev,spy_green,3.423241379663583
2014-10-08,dev,spy_green,3.4944783083406894
2014-10-09,dev,spy_green,3.4651981907844496
2014-10-10,dev,spy_green,3.475371094829105
2014-10-13,dev,spy_green,3.4746722149847677
2014-10-14,dev,spy_green,3.5226308433569313
2014-10-15,dev,spy_green,3.501118201585022
2014-10-16,dev,spy_green,3.486630716423755
2014-10-17,dev,spy_green,3.496780296343739
2014-10-20,dev,spy_green,3.5354063668373734
2014-10-21,dev,spy_green,3.573729512712124
2014-10-22,dev,spy_green,3.5812036511577774
2014-10-23,dev,spy_green,3.5868541721919898
2014-10-24,dev,spy_green,3.5992150875905287
2014-10-27,dev,spy_green,3.611874822299401
2014-10-28,dev,spy_green,3.6231570124170878
2014-10-29,dev,spy_green,3.605579118078796
2014-10-30,dev,spy_green,3.6467146598905003
2014-10-31,dev,spy_green,3.6736727968897576
2014-11-03,dev,spy_green,3.6849497780740186
2014-11-04,dev,spy_green,3.6699082904982188
2014-11-05,dev,spy_green,3.6986183329035516
2014-11-06,dev,spy_green,3.707706138279578
2014-11-07,dev,spy_green,3.7034379284287073
2014-11-10,dev,spy_green,3.7190692244552706
2014-11-11,dev,spy_green,3.7120008373443687
2014-11-12,dev,spy_green,3.702090527828165
2014-11-13,dev,spy_green,3.700309114552153
2014-11-14,dev,spy_green,3.678032773874567
2014-11-17,dev,spy_green,3.6787161480357673
2014-11-18,dev,spy_green,3.6876331750786426
2014-11-19,dev,spy_green,3.6841591664646356
2014-11-20,dev,spy_green,3.686088084400926
2014-11-21,dev,spy_green,3.747389949704113
2014-11-24,dev,spy_green,3.7435799496468385
2014-11-25,dev,spy_green,3.751199077279238
2014-11-26,dev,spy_green,3.7690068320858576
2014-11-28,dev,spy_green,3.796766535514322
2014-12-01,dev,spy_green,3.7666297077016733
2014-12-02,dev,spy_green,3.7930838047656525
2014-12-03,dev,spy_green,3.801329451010521
2014-12-04,dev,spy_green,3.789955089631305
2014-12-05,dev,spy_green,3.7840178501955144
2014-12-08,dev,spy_green,3.790883824607151
2014-12-09,dev,spy_green,3.8041932260925244
2014-12-10,dev,spy_green,3.7657663706977536
2014-12-11,dev,spy_green,3.789626505511388
2014-12-12,dev,spy_green,3.751883237208468
2014-12-15,dev,spy_green,3.7215191133183088
2014-12-16,dev,spy_green,3.7098036098788136
2014-12-17,dev,spy_green,3.772087562722948
2014-12-18,dev,spy_green,3.833143355523868
2014-12-19,dev,spy_green,3.862761464349315
2014-12-22,dev,spy_green,3.880440515048638
2014-12-23,dev,spy_green,3.900654428117298
2014-12-24,dev,spy_green,3.9134902931094016
2014-12-26,dev,spy_green,3.9306421662361637
2014-12-29,dev,spy_green,3.9679047340846942
2014-12-30,dev,spy_green,3.9417965743426935
2014-12-31,dev,spy_green,3.8787273420220543
2015-01-02,dev,spy_green,3.8721013213243194
2015-01-05,dev,spy_green,3.8464495527206806
2015-01-06,dev,spy_green,3.8425734139827727
2015-01-07,dev,spy_green,3.892213925278269
2015-01-08,dev,spy_green,3.950551469172008
2015-01-09,dev,spy_green,3.9223647998255995
2015-01-12,dev,spy_green,3.9125330140127876
2015-01-13,dev,spy_green,3.9316107088151857
2015-01-14,dev,spy_green,3.925847158255067
2015-01-15,dev,spy_green,3.932048177693086
2015-01-16,dev,spy_green,3.970766431847741
2015-01-20,dev,spy_green,3.965255692408179
2015-01-21,dev,spy_green,3.9712785942302644
2015-01-22,dev,spy_green,4.019150210566428
2015-01-23,dev,spy_green,3.9961715649516916
2015-01-26,dev,spy_green,3.999641812318946
2015-01-27,dev,spy_green,3.9743015320322863
2015-01-28,dev,spy_green,3.932684977263607
2015-01-29,dev,spy_green,3.9509475104390455
2015-01-30,dev,spy_green,3.8863741619156853
2015-02-02,dev,spy_green,3.9179409686222435
2015-02-03,dev,spy_green,3.9584376835211166
2015-02-04,dev,spy_green,3.9650118158302803
2015-02-05,dev,spy_green,4.0089381769672805
2015-02-06,dev,spy_green,3.9542076024850257
2015-02-09,dev,spy_green,3.9306102900724147
2015-02-10,dev,spy_green,3.9508659173074707
2015-02-11,dev,spy_green,3.933947932838125
2015-02-12,dev,spy_green,3.9623811012050707
2015-02-13,dev,spy_green,3.960725936597678
2015-02-17,dev,spy_green,3.9430075056888994
2015-02-18,dev,spy_green,3.9677761627393338
2015-02-19,dev,spy_green,3.931333681733282
2015-02-20,dev,spy_green,3.9601719516951177
2015-02-23,dev,spy_green,3.9637345820405803
2015-02-24,dev,spy_green,3.9672783504838427
2015-02-25,dev,spy_green,3.9716444370203763
2015-02-26,dev,spy_green,3.9567642305767654
2015-02-27,dev,spy_green,3.9504761257907175
2015-03-02,dev,spy_green,3.9660805338618705
2015-03-03,dev,spy_green,3.964359208862809
2015-03-04,dev,spy_green,3.9301587435564835
2015-03-05,dev,spy_green,3.940803994058385
2015-03-06,dev,spy_green,3.873382817572745
2015-03-09,dev,spy_green,3.897291270109529
2015-03-10,dev,spy_green,3.8471277369304495
2015-03-11,dev,spy_green,3.8401432661712325
2015-03-12,dev,spy_green,3.908600322901701
2015-03-13,dev,spy_green,3.8783038186653496
2015-03-16,dev,spy_green,3.9064370160003405
2015-03-17,dev,spy_green,3.8959144148118887
2015-03-18,dev,spy_green,3.9396521242764218
2015-03-19,dev,spy_green,3.9306634071351336
2015-03-20,dev,spy_green,3.984779698481531
2015-03-23,dev,spy_green,3.9851405714046297
2015-03-24,dev,spy_green,3.960766681770399
2015-03-25,dev,spy_green,3.924169143036684
2015-03-26,dev,spy_green,3.913399838938763
2015-03-27,dev,spy_green,3.9195362514745007
2015-03-30,dev,spy_green,3.9717247311899317
2015-03-31,dev,spy_green,3.946880034571366
2015-04-01,dev,spy_green,3.945191902884327
2015-04-02,dev,spy_green,3.9774560690075944
2015-04-06,dev,spy_green,4.003673044682706
2015-04-07,dev,spy_green,3.979170398556701
2015-04-08,dev,spy_green,3.9930791750688246
2015-04-09,dev,spy_green,3.985798054357845
2015-04-10,dev,spy_green,4.0020198199900845
2015-04-13,dev,spy_green,3.9763447315608484
2015-04-14,dev,spy_green,3.9873097515499
2015-04-15,dev,spy_green,3.9897388670753893
2015-04-16,dev,spy_green,3.9856145203279976
2015-04-17,dev,spy_green,3.9399545084959735
2015-04-20,dev,spy_green,3.968620407742487
2015-04-21,dev,spy_green,3.963214732456525
2015-04-22,dev,spy_green,3.9680415555516455
2015-04-23,dev,spy_green,3.969104163618558
2015-04-24,dev,spy_green,3.945495366218211
2015-04-27,dev,spy_green,3.9247443877634054
2015-04-28,dev,spy_green,3.9430286458278303
2015-04-29,dev,spy_green,3.90745301579321
2015-04-30,dev,spy_green,3.8798605867667617
2015-05-01,dev,spy_green,3.910575444201449
2015-05-04,dev,spy_green,3.931199189373335
2015-05-05,dev,spy_green,3.881089637321222
2015-05-06,dev,spy_green,3.8823413113808543
2015-05-07,dev,spy_green,3.9054805018603336
2015-05-08,dev,spy_green,3.9433193202444374
2015-05-11,dev,spy_green,3.928665750282711
2015-05-12,dev,spy_green,3.9259126016864387
2015-05-13,dev,spy_green,3.912237088366033
2015-05-14,dev,spy_green,3.9755955802844567
2015-05-15,dev,spy_green,3.999068380133858
2015-05-18,dev,spy_green,4.000860022423004
2015-05-19,dev,spy_green,4.004756848835662
2015-05-20,dev,spy_green,4.012087710394571
2015-05-21,dev,spy_green,4.004843240075405
2015-05-22,dev,spy_green,4.0042024786407255
2015-05-26,dev,spy_green,3.9847552199815066
2015-05-27,dev,spy_green,4.0106246426489545
2015-05-28,dev,spy_green,4.008572515713807
2015-05-29,dev,spy_green,3.974855197716363
2015-06-01,dev,spy_green,3.98250307285142
2015-06-02,dev,spy_green,3.9725336121940007
2015-06-03,dev,spy_green,3.9812215332093603
2015-06-04,dev,spy_green,3.969238338410507
2015-06-05,dev,spy_green,3.9400421302677655
2015-06-08,dev,spy_green,3.920192891074042
2015-06-09,dev,spy_green,3.905151023361319
2015-06-10,dev,spy_green,3.9556331810045076
2015-06-11,dev,spy_green,3.976251139422262
2015-06-12,dev,spy_green,3.949863475186966
2015-06-15,dev,spy_green,3.9274196897885063
2015-06-16,dev,spy_green,3.9689425019000093
2015-06-17,dev,spy_green,3.9972436256052886
2015-06-18,dev,spy_green,4.045788446246407
2015-06-19,dev,spy_green,4.026151943629012
2015-06-22,dev,spy_green,4.020454569343173
2015-06-23,dev,spy_green,4.008847881051531
2015-06-24,dev,spy_green,3.9715672906857287
2015-06-25,dev,spy_green,3.956394355123353
2015-06-26,dev,spy_green,3.970399944440825
2015-06-29,dev,spy_green,3.903435964298335
2015-06-30,dev,spy_green,3.9129524576201713
2015-07-01,dev,spy_green,3.9832193630304835
2015-07-02,dev,spy_green,4.000288674280235
2015-07-06,dev,spy_green,3.991118866535988
2015-07-07,dev,spy_green,4.036571914635821
2015-07-08,dev,spy_green,3.9916033432941957
2015-07-09,dev,spy_green,3.989469395283728
2015-07-10,dev,spy_green,4.027239365250364
2015-07-13,dev,spy_green,4.060893385578917
2015-07-14,dev,spy_green,4.058124126668728
2015-07-15,dev,spy_green,4.067517756178408
2015-07-16,dev,spy_green,4.096979639796476
2015-07-17,dev,spy_green,4.08201847409869
2015-07-20,dev,spy_green,4.092431869247234
2015-07-21,dev,spy_green,4.091770416826425
2015-07-22,dev,spy_green,4.093058238642589
2015-07-23,dev,spy_green,4.0670501624266855
2015-07-24,dev,spy_green,4.059070766713825
2015-07-27,dev,spy_green,4.049299629829603
2015-07-28,dev,spy_green,4.072112418959876
2015-07-29,dev,spy_green,4.101666587518295
2015-07-30,dev,spy_green,4.126641195269907
2015-07-31,dev,spy_green,4.154617320715342
2015-08-03,dev,spy_green,4.161106032071636
2015-08-04,dev,spy_green,4.148674642773017
2015-08-05,dev,spy_green,4.139044574520895
2015-08-06,dev,spy_green,4.116728509141249
2015-08-07,dev,spy_green,4.1261258541976185
2015-08-10,dev,spy_green,4.144946113201598
2015-08-11,dev,spy_green,4.135182469842673
2015-08-12,dev,spy_green,4.151533020424973
2015-08-13,dev,spy_green,4.156037619669908
2015-08-14,dev,spy_green,4.1807500619375375
2015-08-17,dev,spy_green,4.213950715459135
2015-08-18,dev,spy_green,4.200805489381685
2015-08-19,dev,spy_green,4.178022835768035
2015-08-20,dev,spy_green,4.123121434605394
2015-08-21,dev,spy_green,4.052360662826507
2015-08-24,dev,spy_green,3.8866692496821087
2015-08-25,dev,spy_green,3.8320619304696057
2015-08-26,dev,spy_green,3.912765214367109
2015-08-27,dev,spy_green,3.9786285688485954
2015-08-28,dev,spy_green,3.9740342451450306
2015-08-31,dev,spy_green,3.9409120249971936
2015-09-01,dev,spy_green,3.8749407612526907
2015-09-02,dev,spy_green,3.911843103324339
2015-09-03,dev,spy_green,3.9198091861590374
2015-09-04,dev,spy_green,3.862585769868675
2015-09-08,dev,spy_green,3.9529401961185093
2015-09-09,dev,spy_green,3.913073364017724
2015-09-10,dev,spy_green,3.904961145370295
2015-09-11,dev,spy_green,3.9471704421610667
2015-09-14,dev,spy_green,3.952454825793062
2015-09-15,dev,spy_green,3.994950901978707
2015-09-16,dev,spy_green,4.009489333940775
2015-09-17,dev,spy_green,4.024176050947389
2015-09-18,dev,spy_green,3.9886969795771106
2015-09-21,dev,spy_green,4.024102293391948
2015-09-22,dev,spy_green,3.9845170287044307
2015-09-23,dev,spy_green,3.990819448146693
2015-09-24,dev,spy_green,3.973199639795494
2015-09-25,dev,spy_green,3.9991710309947703
2015-09-28,dev,spy_green,3.9418139840278874
2015-09-29,dev,spy_green,3.9444619319772314
2015-09-30,dev,spy_green,3.986038550383486
2015-10-01,dev,spy_green,3.9937486544485306
2015-10-02,dev,spy_green,4.035720386972311
2015-10-05,dev,spy_green,4.092157956424143
2015-10-06,dev,spy_green,4.046543323693369
2015-10-07,dev,spy_green,4.0687341835531035
2015-10-08,dev,spy_green,4.119594460245156
2015-10-09,dev,spy_green,4.1096405077525775
2015-10-12,dev,spy_green,4.128025263342848
2015-10-13,dev,spy_green,4.101799674246116
2015-10-14,dev,spy_green,4.083294195717321
2015-10-15,dev,spy_green,4.132607647735308
2015-10-16,dev,spy_green,4.145897872596836
2015-10-19,dev,spy_green,4.160754312201699
2015-10-20,dev,spy_green,4.181306716655888
2015-10-21,dev,spy_green,4.154507714712687
2015-10-22,dev,spy_green,4.193140393148435
2015-10-23,dev,spy_green,4.1832538808351405
2015-10-26,dev,spy_green,4.182784508029116
2015-10-27,dev,spy_green,4.171574441347543
2015-10-28,dev,spy_green,4.195863091889995
2015-10-29,dev,spy_green,4.190081135433377
2015-10-30,dev,spy_green,4.161391922723974
2015-11-02,dev,spy_green,4.202599744683803
2015-11-03,dev,spy_green,4.187846957055913
2015-11-04,dev,spy_green,4.173712304724359
2015-11-05,dev,spy_green,4.185123399499454
2015-11-06,dev,spy_green,4.131144708089679
2015-11-09,dev,spy_green,4.104364528261342
2015-11-10,dev,spy_green,4.131427987713387
2015-11-11,dev,spy_green,4.147668726093457
2015-11-12,dev,spy_green,4.109254786706728
2015-11-13,dev,spy_green,4.065912500735359
2015-11-16,dev,spy_green,4.108370461341742
2015-11-17,dev,spy_green,4.107006870126295
2015-11-18,dev,spy_green,4.154365200878977
2015-11-19,dev,spy_green,4.160492028118423
2015-11-20,dev,spy_green,4.193676946726396
2015-11-23,dev,spy_green,4.182918656254846
2015-11-24,dev,spy_green,4.169631815099097
2015-11-25,dev,spy_green,4.1720469605119295
2015-11-27,dev,spy_green,4.1871108390733935
2015-11-30,dev,spy_green,4.175125234252778
2015-12-01,dev,spy_green,4.213593416182459
2015-12-02,dev,spy_green,4.165965444286839
2015-12-03,dev,spy_green,4.1262252376027355
2015-12-04,dev,spy_green,4.197983499996268
2015-12-07,dev,spy_green,4.195915418703117
2015-12-08,dev,spy_green,4.170979782890913
2015-12-09,dev,spy_green,4.130746450013026
2015-12-10,dev,spy_green,4.122693497509511
2015-12-11,dev,spy_green,4.085435325417066
2015-12-14,dev,spy_green,4.07215282352745
2015-12-15,dev,spy_green,4.104456141124464
2015-12-16,dev,spy_green,4.163823474951147
2015-12-17,dev,spy_green,4.1262688060361095
2015-12-18,dev,spy_green,4.076683526103169
2015-12-21,dev,spy_green,4.0966829692076985
2015-12-22,dev,spy_green,4.131634720070805
2015-12-23,dev,spy_green,4.156319996179846
2015-12-24,dev,spy_green,4.160374886768361
2015-12-28,dev,spy_green,4.173527463471188
2015-12-29,dev,spy_green,4.212774323934453
2015-12-30,dev,spy_green,4.183389507782715
2015-12-31,dev,spy_green,4.1402057211447945
2016-01-04,dev,spy_green,4.092768266133613
2016-01-05,dev,spy_green,4.143789938268798
2016-01-06,dev,spy_green,4.131883890115655
2016-01-07,dev,spy_green,4.083317050774676
2016-01-08,dev,spy_green,4.048975485305517
2016-01-11,dev,spy_green,4.057091330457004
2016-01-12,dev,spy_green,4.062836740142204
2016-01-13,dev,spy_green,4.0240053983757
2016-01-14,dev,spy_green,4.04227054585248
2016-01-15,dev,spy_green,3.9872118355893424
2016-01-19,dev,spy_green,4.030626895717425
2016-01-20,dev,spy_green,3.9457937045263782
2016-01-21,dev,spy_green,3.958496798219408
2016-01-22,dev,spy_green,4.037238203629617
2016-01-25,dev,spy_green,4.039304611097533
2016-01-26,dev,spy_green,4.0971567539151685
2016-01-27,dev,spy_green,4.054098402209597
2016-01-28,dev,spy_green,4.068814091795242
2016-01-29,dev,spy_green,4.151775457693398
2016-02-01,dev,spy_green,4.154885680406211
2016-02-02,dev,spy_green,4.13286791306866
2016-02-03,dev,spy_green,4.153545627455431
2016-02-04,dev,spy_green,4.134503105911042
2016-02-05,dev,spy_green,4.09994828880688
2016-02-08,dev,spy_green,4.066454987992514
2016-02-09,dev,spy_green,4.063920887801676
2016-02-10,dev,spy_green,4.039476592498752
2016-02-11,dev,spy_green,4.028390472930681
2016-02-12,dev,spy_green,4.087893783943225
2016-02-16,dev,spy_green,4.135987007399737
2016-02-17,dev,spy_green,4.169444389645433
2016-02-18,dev,spy_green,4.187209850464088
2016-02-19,dev,spy_green,4.193297676362212
2016-02-22,dev,spy_green,4.21276757568794
2016-02-23,dev,spy_green,4.194125531269746
2016-02-24,dev,spy_green,4.188451076376538
2016-02-25,dev,spy_green,4.237706990173461
2016-02-26,dev,spy_green,4.198370974392064
2016-02-29,dev,spy_green,4.178325163054064
2016-03-01,dev,spy_green,4.242858455572527
2016-03-02,dev,spy_green,4.2416200369486665
2016-03-03,dev,spy_green,4.253943271218695
2016-03-04,dev,spy_green,4.26442614784919
2016-03-07,dev,spy_green,4.248413014353308
2016-03-08,dev,spy_green,4.225923489124578
2016-03-09,dev,spy_green,4.237478621177022
2016-03-10,dev,spy_green,4.227898695563087
2016-03-11,dev,spy_green,4.283607486784696
2016-03-14,dev,spy_green,4.279076317717639
2016-03-15,dev,spy_green,4.277168320576883
2016-03-16,dev,spy_green,4.303512237086586
2016-03-17,dev,spy_green,4.352124711096275
2016-03-18,dev,spy_green,4.338719534855924
2016-03-21,dev,spy_green,4.345448888230202
2016-03-22,dev,spy_green,4.341896954321187
2016-03-23,dev,spy_green,4.321976206081984
2016-03-24,dev,spy_green,4.335638017092052
2016-03-28,dev,spy_green,4.3505913303168855
2016-03-29,dev,spy_green,4.401869561385617
2016-03-30,dev,spy_green,4.4172562684705055
2016-03-31,dev,spy_green,4.423316978258884
2016-04-01,dev,spy_green,4.449012089326468
2016-04-04,dev,spy_green,4.435596569087505
2016-04-05,dev,spy_green,4.373239288146932
2016-04-06,dev,spy_green,4.397213311918114
2016-04-07,dev,spy_green,4.370079476856598
2016-04-08,dev,spy_green,4.389308061326165
2016-04-11,dev,spy_green,4.350206962475921
2016-04-12,dev,spy_green,4.3867592580673564
2016-04-13,dev,spy_green,4.406810539883725
2016-04-14,dev,spy_green,4.379858048437512
2016-04-15,dev,spy_green,4.392042750316862
2016-04-18,dev,spy_green,4.409414586915977
2016-04-19,dev,spy_green,4.3899281667593755
2016-04-20,dev,spy_green,4.350407460817729
2016-04-21,dev,spy_green,4.310880374269939
2016-04-22,dev,spy_green,4.3265252259876075
2016-04-25,dev,spy_green,4.327317987836484
2016-04-26,dev,spy_green,4.3300568116483
2016-04-27,dev,spy_green,4.30938901509235
2016-04-28,dev,spy_green,4.288687999269586
2016-04-29,dev,spy_green,4.232284714380135
2016-05-02,dev,spy_green,4.265434866051672
2016-05-03,dev,spy_green,4.256070467343872
2016-05-04,dev,spy_green,4.265723263522956
2016-05-05,dev,spy_green,4.261091048972422
2016-05-06,dev,spy_green,4.293603757531782
2016-05-09,dev,spy_green,4.335616220238416
2016-05-10,dev,spy_green,4.366723484258165
2016-05-11,dev,spy_green,4.32611550941014
2016-05-12,dev,spy_green,4.347934561337764
2016-05-13,dev,spy_green,4.3220916497808775
2016-05-16,dev,spy_green,4.348813886445761
2016-05-17,dev,spy_green,4.287481075751585
2016-05-18,dev,spy_green,4.274874864224931
2016-05-19,dev,spy_green,4.248895757074682
2016-05-20,dev,spy_green,4.299312111560511
2016-05-23,dev,spy_green,4.296575120052847
2016-05-24,dev,spy_green,4.3587485685677905
2016-05-25,dev,spy_green,4.357820862695843
2016-05-26,dev,spy_green,4.379471953404433
2016-05-27,dev,spy_green,4.395722486956801
2016-05-31,dev,spy_green,4.395233515888204
2016-06-01,dev,spy_green,4.413829381415027
2016-06-02,dev,spy_green,4.424860756798761
2016-06-03,dev,spy_green,4.426490615636467
2016-06-06,dev,spy_green,4.428333102285981
2016-06-07,dev,spy_green,4.4219771764028435
2016-06-08,dev,spy_green,4.43687106889364
2016-06-09,dev,spy_green,4.444636887314084
2016-06-10,dev,spy_green,4.417696586158505
2016-06-13,dev,spy_green,4.385663511982119
2016-06-14,dev,spy_green,4.37737664809425
2016-06-15,dev,spy_green,4.374620587704053
2016-06-16,dev,spy_green,4.396445047952566
2016-06-17,dev,spy_green,4.384460597746241
2016-06-20,dev,spy_green,4.39453142506552
2016-06-21,dev,spy_green,4.40284497972305
2016-06-22,dev,spy_green,4.432361635850419
2016-06-23,dev,spy_green,4.4707480406647315
2016-06-24,dev,spy_green,4.375460326922248
2016-06-27,dev,spy_green,4.382579475619374
2016-06-28,dev,spy_green,4.440065033137169
2016-06-29,dev,spy_green,4.493297833549805
2016-06-30,dev,spy_green,4.560680068687913
2016-07-01,dev,spy_green,4.538928518987213
2016-07-05,dev,spy_green,4.526841859468228
2016-07-06,dev,spy_green,4.526165240922131
2016-07-07,dev,spy_green,4.53868905822235
2016-07-08,dev,spy_green,4.588505912512335
2016-07-11,dev,spy_green,4.608511369481094
2016-07-12,dev,spy_green,4.609250668774081
2016-07-13,dev,spy_green,4.612648032109326
2016-07-14,dev,spy_green,4.616163264039244
2016-07-15,dev,spy_green,4.608485797376349
2016-07-18,dev,spy_green,4.599611544518198
2016-07-19,dev,spy_green,4.597537313111941
2016-07-20,dev,spy_green,4.597719368274122
2016-07-21,dev,spy_green,4.619680232304902
2016-07-22,dev,spy_green,4.6670905690375815
2016-07-25,dev,spy_green,4.641680258201517
2016-07-26,dev,spy_green,4.627400353301549
2016-07-27,dev,spy_green,4.6352615357953395
2016-07-28,dev,spy_green,4.619433023257349
2016-07-29,dev,spy_green,4.61698903563271
2016-08-01,dev,spy_green,4.627669171383227
2016-08-02,dev,spy_green,4.580486090785888
2016-08-03,dev,spy_green,4.553895618213479
2016-08-04,dev,spy_green,4.5442387669245745
2016-08-05,dev,spy_green,4.572627707486871
2016-08-08,dev,spy_green,4.569156922326088
2016-08-09,dev,spy_green,4.578440005614568
2016-08-10,dev,spy_green,4.596432727009536
2016-08-11,dev,spy_green,4.59090227183514
2016-08-12,dev,spy_green,4.589992212303536
2016-08-15,dev,spy_green,4.595437899043073
2016-08-16,dev,spy_green,4.562568473997826
2016-08-17,dev,spy_green,4.583066583188676
2016-08-18,dev,spy_green,4.594152029892442
2016-08-19,dev,spy_green,4.558236191204647
2016-08-22,dev,spy_green,4.568792491105007
2016-08-23,dev,spy_green,4.572767596959772
2016-08-24,dev,spy_green,4.5553081792497
2016-08-25,dev,spy_green,4.559965724157346
2016-08-26,dev,spy_green,4.538661370639279
2016-08-29,dev,spy_green,4.574841350772526
2016-08-30,dev,spy_green,4.57025436028966
2016-08-31,dev,spy_green,4.571187235782848
2016-09-01,dev,spy_green,4.594875957554473
2016-09-02,dev,spy_green,4.625870923470238
2016-09-06,dev,spy_green,4.6510472586394975
2016-09-07,dev,spy_green,4.65374133469435
2016-09-08,dev,spy_green,4.641218922041628
2016-09-09,dev,spy_green,4.519811119032506
2016-09-12,dev,spy_green,4.5480670704049535
2016-09-13,dev,spy_green,4.478508971881204
2016-09-14,dev,spy_green,4.470150345289598
2016-09-15,dev,spy_green,4.504252168413991
2016-09-16,dev,spy_green,4.486667554537864
2016-09-19,dev,spy_green,4.494377851027351
2016-09-20,dev,spy_green,4.488618752155269
2016-09-21,dev,spy_green,4.537087464859817
2016-09-22,dev,spy_green,4.590436844231767
2016-09-23,dev,spy_green,4.558828004399151
2016-09-26,dev,spy_green,4.555119155050185
2016-09-27,dev,spy_green,4.565388813168538
2016-09-28,dev,spy_green,4.604451763801905
2016-09-29,dev,spy_green,4.569119187525179
2016-09-30,dev,spy_green,4.55204057073752
2016-10-03,dev,spy_green,4.519271887037588
2016-10-04,dev,spy_green,4.4965328354355165
2016-10-05,dev,spy_green,4.444495844368082
2016-10-06,dev,spy_green,4.435369977304504
2016-10-07,dev,spy_green,4.452471975009146
2016-10-10,dev,spy_green,4.461143938628432
2016-10-11,dev,spy_green,4.411439716888228
2016-10-12,dev,spy_green,4.449459125566223
2016-10-13,dev,spy_green,4.440468550087676
2016-10-14,dev,spy_green,4.440945366496667
2016-10-17,dev,spy_green,4.437286726059582
2016-10-18,dev,spy_green,4.43964204210867
2016-10-19,dev,spy_green,4.44343628779994
2016-10-20,dev,spy_green,4.415922562019877
2016-10-21,dev,spy_green,4.394612943136261
2016-10-24,dev,spy_green,4.421681781991054
2016-10-25,dev,spy_green,4.415673944007125
2016-10-26,dev,spy_green,4.3880993624352795
2016-10-27,dev,spy_green,4.285168384618949
2016-10-28,dev,spy_green,4.304972129780875
2016-10-31,dev,spy_green,4.35357008695131
2016-11-01,dev,spy_green,4.317842359781238
2016-11-02,dev,spy_green,4.296804640914188
2016-11-03,dev,spy_green,4.249661686352554
2016-11-04,dev,spy_green,4.261122464519635
2016-11-07,dev,spy_green,4.340881454502164
2016-11-08,dev,spy_green,4.404578053722923
2016-11-09,dev,spy_green,4.41701539000094
2016-11-10,dev,spy_green,4.41965197157831
2016-11-11,dev,spy_green,4.439366712802913
2016-11-14,dev,spy_green,4.470978887682559
2016-11-15,dev,spy_green,4.484395845771246
2016-11-16,dev,spy_green,4.4644798279665965
2016-11-17,dev,spy_green,4.471665826460304
2016-11-18,dev,spy_green,4.4720914910157745
2016-11-21,dev,spy_green,4.449989228624198
2016-11-22,dev,spy_green,4.49663284905525
2016-11-23,dev,spy_green,4.499054667632316
2016-11-25,dev,spy_green,4.522620145516219
2016-11-28,dev,spy_green,4.5045446894835885
2016-11-29,dev,spy_green,4.528171100668543
2016-11-30,dev,spy_green,4.486914362106522
2016-12-01,dev,spy_green,4.479544041875645
2016-12-02,dev,spy_green,4.479645018664155
2016-12-05,dev,spy_green,4.483981817933735
2016-12-06,dev,spy_green,4.5123801927343
2016-12-07,dev,spy_green,4.588025110317465
2016-12-08,dev,spy_green,4.600922154089853
2016-12-09,dev,spy_green,4.596854729213576
2016-12-12,dev,spy_green,4.590622955120961
2016-12-13,dev,spy_green,4.589634503408978
2016-12-14,dev,spy_green,4.549288115164477
2016-12-15,dev,spy_green,4.543645753943014
2016-12-16,dev,spy_green,4.563473508294732
2016-12-19,dev,spy_green,4.602139753708301
2016-12-20,dev,spy_green,4.62301692198688
2016-12-21,dev,spy_green,4.609278085404263
2016-12-22,dev,spy_green,4.605794325921603
2016-12-23,dev,spy_green,4.603525787804819
2016-12-27,dev,spy_green,4.610169668873004
2016-12-28,dev,spy_green,4.572454932443485
2016-12-29,dev,spy_green,4.5925777386723645
2016-12-30,dev,spy_green,4.6053045776017365
2017-01-03,dev,spy_green,4.613493102304022
2017-01-04,dev,spy_green,4.655067382026985
2017-01-05,dev,spy_green,4.6634781361319515
2017-01-06,dev,spy_green,4.682183234509905
2017-01-09,dev,spy_green,4.647916391595888
2017-01-10,dev,spy_green,4.644691948332402
2017-01-11,dev,spy_green,4.631426794485772
2017-01-12,dev,spy_green,4.608009964297187
2017-01-13,dev,spy_green,4.596448189004298
2017-01-17,dev,spy_green,4.593290671599702
2017-01-18,dev,spy_green,4.6039179972828705
2017-01-19,dev,spy_green,4.578211610475251
2017-01-20,dev,spy_green,4.5826758821377
2017-01-23,dev,spy_green,4.611344093527988
2017-01-24,dev,spy_green,4.6337755913563345
2017-01-25,dev,spy_green,4.618716602864865
2017-01-26,dev,spy_green,4.633510646861899
2017-01-27,dev,spy_green,4.6117500150961614
2017-01-30,dev,spy_green,4.583079805003261
2017-01-31,dev,spy_green,4.6077971478829705
2017-02-01,dev,spy_green,4.58074942261597
2017-02-02,dev,spy_green,4.606160557789391
2017-02-03,dev,spy_green,4.653981376730347
2017-02-06,dev,spy_green,4.636519375500985
2017-02-07,dev,spy_green,4.638892470731359
2017-02-08,dev,spy_green,4.6628079172335575
2017-02-09,dev,spy_green,4.705098750695919
2017-02-10,dev,spy_green,4.752769350730094
2017-02-13,dev,spy_green,4.7580237225031645
2017-02-14,dev,spy_green,4.729656958183111
2017-02-15,dev,spy_green,4.742619519140322
2017-02-16,dev,spy_green,4.76332204987272
2017-02-17,dev,spy_green,4.81393503705977
2017-02-21,dev,spy_green,4.848788385568986
2017-02-22,dev,spy_green,4.8316454937821085
2017-02-23,dev,spy_green,4.852953810787565
2017-02-24,dev,spy_green,4.85683116309954
2017-02-27,dev,spy_green,4.87592144611701
2017-02-28,dev,spy_green,4.8527327742000965
2017-03-01,dev,spy_green,4.888812507371488
2017-03-02,dev,spy_green,4.866140991478196
2017-03-03,dev,spy_green,4.861547379805001
2017-03-06,dev,spy_green,4.848255303165402
2017-03-07,dev,spy_green,4.828859868665526
2017-03-08,dev,spy_green,4.8017310879025406
2017-03-09,dev,spy_green,4.765174172732034
2017-03-10,dev,spy_green,4.792951420673407
2017-03-13,dev,spy_green,4.781151679916469
2017-03-14,dev,spy_green,4.78174918220185
2017-03-15,dev,spy_green,4.850548320695711
2017-03-16,dev,spy_green,4.844097821217209
2017-03-17,dev,spy_green,4.8827619108445965
2017-03-20,dev,spy_green,4.876043235564892
2017-03-21,dev,spy_green,4.8338685902400504
2017-03-22,dev,spy_green,4.86090365687987
2017-03-23,dev,spy_green,4.865067772510544
2017-03-24,dev,spy_green,4.854066989918727
2017-03-27,dev,spy_green,4.848060771991169
2017-03-28,dev,spy_green,4.886623214268232
2017-03-29,dev,spy_green,4.886363134335944
2017-03-30,dev,spy_green,4.895106265272865
2017-03-31,dev,spy_green,4.907355484190317
2017-04-03,dev,spy_green,4.8848757148551885
2017-04-04,dev,spy_green,4.89367671126969
2017-04-05,dev,spy_green,4.879667334483664
2017-04-06,dev,spy_green,4.895608203387625
2017-04-07,dev,spy_green,4.891813426767841
2017-04-10,dev,spy_green,4.910504426270578
2017-04-11,dev,spy_green,4.929689815823315
2017-04-12,dev,spy_green,4.8976950831016515
2017-04-13,dev,spy_green,4.879616187906774
2017-04-17,dev,spy_green,4.958372136176198
2017-04-18,dev,spy_green,5.006587367542277
2017-04-19,dev,spy_green,5.008428119009148
2017-04-20,dev,spy_green,5.036826866660722
2017-04-21,dev,spy_green,5.043607845178379
2017-04-24,dev,spy_green,5.0399710316063775
2017-04-25,dev,spy_green,5.051769255599966
2017-04-26,dev,spy_green,5.047916922007497
2017-04-27,dev,spy_green,5.001363159979171
2017-04-28,dev,spy_green,4.927223583393431
2017-05-01,dev,spy_green,4.931102946644053
2017-05-02,dev,spy_green,4.8966479334300494
2017-05-03,dev,spy_green,4.897343229869682
2017-05-04,dev,spy_green,4.907408005270306
2017-05-05,dev,spy_green,4.92300683961467
2017-05-08,dev,spy_green,4.899262374879909
2017-05-09,dev,spy_green,4.87538659888947
2017-05-10,dev,spy_green,4.902908608381248
2017-05-11,dev,spy_green,4.863623884042343
2017-05-12,dev,spy_green,4.843329385409394
2017-05-15,dev,spy_green,4.890472098707897
2017-05-16,dev,spy_green,4.869847646661879
2017-05-17,dev,spy_green,4.863673538638713
2017-05-18,dev,spy_green,4.878442679368264
2017-05-19,dev,spy_green,4.930762648397558
2017-05-22,dev,spy_green,4.955743288210404
2017-05-23,dev,spy_green,4.954293794017176
2017-05-24,dev,spy_green,4.967349162533927
2017-05-25,dev,spy_green,4.980944301152139
2017-05-26,dev,spy_green,4.967140292227689
2017-05-30,dev,spy_green,4.9492074195120415
2017-05-31,dev,spy_green,4.964871098632355
2017-06-01,dev,spy_green,4.98271317777907
2017-06-02,dev,spy_green,5.005307528344676
2017-06-05,dev,spy_green,4.990339028422457
2017-06-06,dev,spy_green,4.948121176321248
2017-06-07,dev,spy_green,4.9796809871981536
2017-06-08,dev,spy_green,4.952556241548817
2017-06-09,dev,spy_green,4.952131413326332
2017-06-12,dev,spy_green,5.00452226445076
2017-06-13,dev,spy_green,5.043631149808781
2017-06-14,dev,spy_green,5.05633359606777
2017-06-15,dev,spy_green,5.083710795034074
2017-06-16,dev,spy_green,5.114562838966381
2017-06-19,dev,spy_green,5.135364871416409
2017-06-20,dev,spy_green,5.10959113420121
2017-06-21,dev,spy_green,5.105427937518909
2017-06-22,dev,spy_green,5.097470848617415
2017-06-23,dev,spy_green,5.1144690396066155
2017-06-26,dev,spy_green,5.120716428832618
2017-06-27,dev,spy_green,5.094173870995687
2017-06-28,dev,spy_green,5.119018441851929
2017-06-29,dev,spy_green,5.085442705592782
2017-06-30,dev,spy_green,5.108793530064637
2017-07-03,dev,spy_green,5.122958705403978
2017-07-05,dev,spy_green,5.119222235608841
2017-07-06,dev,spy_green,5.053334624019103
2017-07-07,dev,spy_green,5.09018640481778
2017-07-10,dev,spy_green,5.062964696466985
2017-07-11,dev,spy_green,5.046972015419294
2017-07-12,dev,spy_green,5.091340806726718
2017-07-13,dev,spy_green,5.097931505611928
2017-07-14,dev,spy_green,5.131167001531214
2017-07-17,dev,spy_green,5.151416010398514
2017-07-18,dev,spy_green,5.171719984456127
2017-07-19,dev,spy_green,5.205387760715871
2017-07-20,dev,spy_green,5.186350210977333
2017-07-21,dev,spy_green,5.218330339226833
2017-07-24,dev,spy_green,5.191740291934759
2017-07-25,dev,spy_green,5.1940832640335435
2017-07-26,dev,spy_green,5.199657414214861
2017-07-27,dev,spy_green,5.130181537007188
2017-07-28,dev,spy_green,5.135447389322754
2017-07-31,dev,spy_green,5.1594487470357775
2017-08-01,dev,spy_green,5.160099809187261
2017-08-02,dev,spy_green,5.155922045722332
2017-08-03,dev,spy_green,5.1521515751177995
2017-08-04,dev,spy_green,5.1872722721126046
2017-08-07,dev,spy_green,5.193511661404567
2017-08-08,dev,spy_green,5.180952406356246
2017-08-09,dev,spy_green,5.1653078509010735
2017-08-10,dev,spy_green,5.1087731395972575
2017-08-11,dev,spy_green,5.10042926092267
2017-08-14,dev,spy_green,5.142326773579793
2017-08-15,dev,spy_green,5.11168221466007
2017-08-16,dev,spy_green,5.118106275024214
2017-08-17,dev,spy_green,5.057586853769295
2017-08-18,dev,spy_green,5.028157055651843
2017-08-21,dev,spy_green,5.0610852947386205
2017-08-22,dev,spy_green,5.107698760665457
2017-08-23,dev,spy_green,5.120447082324556
2017-08-24,dev,spy_green,5.1074161494591745
2017-08-25,dev,spy_green,5.1209012100059
2017-08-28,dev,spy_green,5.104472293342409
2017-08-29,dev,spy_green,5.101934863789055
2017-08-30,dev,spy_green,5.133220630453495
2017-08-31,dev,spy_green,5.177757032920195
2017-09-01,dev,spy_green,5.185181315614807
2017-09-05,dev,spy_green,5.181384431513266
2017-09-06,dev,spy_green,5.190603233707265
2017-09-07,dev,spy_green,5.226372228977316
2017-09-08,dev,spy_green,5.185773347550899
2017-09-11,dev,spy_green,5.125990700735816
2017-09-12,dev,spy_green,5.129579838176397
2017-09-13,dev,spy_green,5.056649844880953
2017-09-14,dev,spy_green,5.064082960877521
2017-09-15,dev,spy_green,5.065120178556923
2017-09-18,dev,spy_green,5.071065156210659
2017-09-19,dev,spy_green,5.059726832731918
2017-09-20,dev,spy_green,5.082472626044456
2017-09-21,dev,spy_green,5.1045641929579455
2017-09-22,dev,spy_green,5.142637995392341
2017-09-25,dev,spy_green,5.133713969386566
2017-09-26,dev,spy_green,5.152819607552383
2017-09-27,dev,spy_green,5.1597495633636274
2017-09-28,dev,spy_green,5.156688738289873
2017-09-29,dev,spy_green,5.192460321652081
2017-10-02,dev,spy_green,5.184656456143122
2017-10-03,dev,spy_green,5.1970801875125865
2017-10-04,dev,spy_green,5.229319292708039
2017-10-05,dev,spy_green,5.255649468703791
2017-10-06,dev,spy_green,5.2593132705248085
2017-10-09,dev,spy_green,5.25756820311867
2017-10-10,dev,spy_green,5.275975633079672
2017-10-11,dev,spy_green,5.268724747524342
2017-10-12,dev,spy_green,5.272152447550194
2017-10-13,dev,spy_green,5.297272706013188
2017-10-16,dev,spy_green,5.275617049679486
2017-10-17,dev,spy_green,5.276148284095122
2017-10-18,dev,spy_green,5.282492396281376
2017-10-19,dev,spy_green,5.291765895839922
2017-10-20,dev,spy_green,5.298609051070674
2017-10-23,dev,spy_green,5.3437497058033845
2017-10-24,dev,spy_green,5.329525763047273
2017-10-25,dev,spy_green,5.280988553085288
2017-10-26,dev,spy_green,5.287196454242535
2017-10-27,dev,spy_green,5.32319742913225
2017-10-30,dev,spy_green,5.310349878849345
2017-10-31,dev,spy_green,5.316588528630777
2017-11-01,dev,spy_green,5.326957408771316
2017-11-02,dev,spy_green,5.3600225592364525
2017-11-03,dev,spy_green,5.38873758011507
2017-11-06,dev,spy_green,5.401741266946588
2017-11-07,dev,spy_green,5.411682389228504
2017-11-08,dev,spy_green,5.436126564033274
2017-11-09,dev,spy_green,5.395865672692047
2017-11-10,dev,spy_green,5.3742844652876745
2017-11-13,dev,spy_green,5.382050447478719
2017-11-14,dev,spy_green,5.39257780639068
2017-11-15,dev,spy_green,5.382929322018731
2017-11-16,dev,spy_green,5.435569328459026
2017-11-17,dev,spy_green,5.426405292303474
2017-11-20,dev,spy_green,5.416079963565205
2017-11-21,dev,spy_green,5.431025956420617
2017-11-22,dev,spy_green,5.428116806878699
2017-11-24,dev,spy_green,5.449111041868167
2017-11-27,dev,spy_green,5.452430430248015
2017-11-28,dev,spy_green,5.486557594452908
2017-11-29,dev,spy_green,5.501676029001665
2017-11-30,dev,spy_green,5.6019186260156335
2017-12-01,dev,spy_green,5.569880808238981
2017-12-04,dev,spy_green,5.577317610922867
2017-12-05,dev,spy_green,5.563490683894139
2017-12-06,dev,spy_green,5.553770905303217
2017-12-07,dev,spy_green,5.586100067385736
2017-12-08,dev,spy_green,5.61414965121372
2017-12-11,dev,spy_green,5.6391924414297145
2017-12-12,dev,spy_green,5.633219228851592
2017-12-13,dev,spy_green,5.638842849577159
2017-12-14,dev,spy_green,5.619015616413075
2017-12-15,dev,spy_green,5.682629630223881
2017-12-18,dev,spy_green,5.709186124775686
2017-12-19,dev,spy_green,5.658980017790098
2017-12-20,dev,spy_green,5.63184283834879
2017-12-21,dev,spy_green,5.633984402039404
2017-12-22,dev,spy_green,5.629365468330499
2017-12-26,dev,spy_green,5.6350925028415535
2017-12-27,dev,spy_green,5.650743908456302
2017-12-28,dev,spy_green,5.6704003854691125
2017-12-29,dev,spy_green,5.649572244098614
2018-01-02,dev,spy_green,5.61564665032743
2018-01-03,dev,spy_green,5.651006608064992
2018-01-04,dev,spy_green,5.6212730587005995
2018-01-05,dev,spy_green,5.649269662806497
2018-01-08,dev,spy_green,5.661056749143307
2018-01-09,dev,spy_green,5.649698811115769
2018-01-10,dev,spy_green,5.615845423727983
2018-01-11,dev,spy_green,5.643144512922019
2018-01-12,dev,spy_green,5.6501456418130935
2018-01-16,dev,spy_green,5.639807682610108
2018-01-17,dev,spy_green,5.688507399907728
2018-01-18,dev,spy_green,5.648193677474522
2018-01-19,dev,spy_green,5.703243437107507
2018-01-22,dev,spy_green,5.746950856552912
2018-01-23,dev,spy_green,5.78423217411317
2018-01-24,dev,spy_green,5.775977336121076
2018-01-25,dev,spy_green,5.797375362176344
2018-01-26,dev,spy_green,5.814429881971814
2018-01-29,dev,spy_green,5.750928688104398
2018-01-30,dev,spy_green,5.70376110546402
2018-01-31,dev,spy_green,5.736839884047783
2018-02-01,dev,spy_green,5.698741171996178
2018-02-02,dev,spy_green,5.607316760814659
2018-02-05,dev,spy_green,5.440196760058634
2018-02-06,dev,spy_green,5.443859416456382
2018-02-07,dev,spy_green,5.436875787745222
2018-02-08,dev,spy_green,5.336019547370043
2018-02-09,dev,spy_green,5.368678728771464
2018-02-12,dev,spy_green,5.399339684879686
2018-02-13,dev,spy_green,5.425245135961154
2018-02-14,dev,spy_green,5.399033989420135
2018-02-15,dev,spy_green,5.478316368728235
2018-02-16,dev,spy_green,5.491807082134636
2018-02-20,dev,spy_green,5.428112717182747
2018-02-21,dev,spy_green,5.392552239390575
2018-02-22,dev,spy_green,5.4286268103743485
2018-02-23,dev,spy_green,5.4962486645664645
2018-02-26,dev,spy_green,5.498251205570499
2018-02-27,dev,spy_green,5.416931187855487
2018-02-28,dev,spy_green,5.3728508133403565
2018-03-01,dev,spy_green,5.379511189822985
2018-03-02,dev,spy_green,5.4036672098911
2018-03-05,dev,spy_green,5.467724092184285
2018-03-06,dev,spy_green,5.48062958104991
2018-03-07,dev,spy_green,5.493917790548792
2018-03-08,dev,spy_green,5.5354220123679765
2018-03-09,dev,spy_green,5.583470404959963
2018-03-12,dev,spy_green,5.568022893917271
2018-03-13,dev,spy_green,5.535515605468943
2018-03-14,dev,spy_green,5.5280529638219305
2018-03-15,dev,spy_green,5.53805122330125
2018-03-16,dev,spy_green,5.5756570547463715
2018-03-19,dev,spy_green,5.531084348914171
2018-03-20,dev,spy_green,5.5432565978103066
2018-03-21,dev,spy_green,5.527523000514859
2018-03-22,dev,spy_green,5.44752208711669
2018-03-23,dev,spy_green,5.357117859034365
2018-03-26,dev,spy_green,5.454820898691478
2018-03-27,dev,spy_green,5.453873035822443
2018-03-28,dev,spy_green,5.527385557057915
2018-03-29,dev,spy_green,5.5308725808092944
2018-04-02,dev,spy_green,5.459061375414783
2018-04-03,dev,spy_green,5.513120506426301
2018-04-04,dev,spy_green,5.5558308295351875
2018-04-05,dev,spy_green,5.57067214040575
2018-04-06,dev,spy_green,5.514006336342576
2018-04-09,dev,spy_green,5.510489120911038
2018-04-10,dev,spy_green,5.515689810880316
2018-04-11,dev,spy_green,5.520300438888905
2018-04-12,dev,spy_green,5.476167351127871
2018-04-13,dev,spy_green,5.489929061222329
2018-04-16,dev,spy_green,5.498597770716258
2018-04-17,dev,spy_green,5.553213792252539
2018-04-18,dev,spy_green,5.514163684302299
2018-04-19,dev,spy_green,5.507207845441174
2018-04-20,dev,spy_green,5.485559869156524
2018-04-23,dev,spy_green,5.503528552310375
2018-04-24,dev,spy_green,5.510741645292538
2018-04-25,dev,spy_green,5.503687632763211
2018-04-26,dev,spy_green,5.542474416090642
2018-04-27,dev,spy_green,5.582860909869818
2018-04-30,dev,spy_green,5.547179510146687
2018-05-01,dev,spy_green,5.551137244390288
2018-05-02,dev,spy_green,5.470823163438347
2018-05-03,dev,spy_green,5.496756105359299
2018-05-04,dev,spy_green,5.560708941273314
2018-05-07,dev,spy_green,5.595470173666156
2018-05-08,dev,spy_green,5.605868815372213
2018-05-09,dev,spy_green,5.628181208436402
2018-05-10,dev,spy_green,5.676829247507499
2018-05-11,dev,spy_green,5.6859015573078855
2018-05-14,dev,spy_green,5.6479698868579415
2018-05-15,dev,spy_green,5.586596756034272
2018-05-16,dev,spy_green,5.584586624716932
2018-05-17,dev,spy_green,5.584863834489284
2018-05-18,dev,spy_green,5.590466684248295
2018-05-21,dev,spy_green,5.6426894320851675
2018-05-22,dev,spy_green,5.608915825629789
2018-05-23,dev,spy_green,5.654907303686492
2018-05-24,dev,spy_green,5.649912848893812
2018-05-25,dev,spy_green,5.681285528075227
2018-05-29,dev,spy_green,5.667227046219786
2018-05-30,dev,spy_green,5.727353692794963
2018-05-31,dev,spy_green,5.6786582201012585
2018-06-01,dev,spy_green,5.729239036587761
2018-06-04,dev,spy_green,5.8165085060298996
2018-06-05,dev,spy_green,5.826113083711695
2018-06-06,dev,spy_green,5.8946919208903426
2018-06-07,dev,spy_green,5.955431736168683
2018-06-08,dev,spy_green,6.006195033489211
2018-06-11,dev,spy_green,5.967943829321017
2018-06-12,dev,spy_green,6.048600194990093
2018-06-13,dev,spy_green,5.985013692276862
2018-06-14,dev,spy_green,6.0432707007134585
2018-06-15,dev,spy_green,6.030697351869319
2018-06-18,dev,spy_green,6.042656587842985
2018-06-19,dev,spy_green,6.00888797510558
2018-06-20,dev,spy_green,6.049845449691688
2018-06-21,dev,spy_green,6.042780598908402
2018-06-22,dev,spy_green,6.044637396843324
2018-06-25,dev,spy_green,5.999114841968303
2018-06-26,dev,spy_green,6.0120688882280415
2018-06-27,dev,spy_green,5.983242176230451
2018-06-28,dev,spy_green,6.019263948968299
2018-06-29,dev,spy_green,6.039253810730556
2018-07-02,dev,spy_green,6.0452304555291345
2018-07-03,dev,spy_green,6.056200261471721
2018-07-05,dev,spy_green,6.127660506580728
2018-07-06,dev,spy_green,6.15614667070799
2018-07-09,dev,spy_green,6.172241422374593
2018-07-10,dev,spy_green,6.172356993803552
2018-07-11,dev,spy_green,6.164934382647798
2018-07-12,dev,spy_green,6.181973794593276
2018-07-13,dev,spy_green,6.16581998044083
2018-07-16,dev,spy_green,6.127714519817324
2018-07-17,dev,spy_green,6.103035463463135
2018-07-18,dev,spy_green,6.037470970591436
2018-07-19,dev,spy_green,6.06785165233781
2018-07-20,dev,spy_green,6.047302351417608
2018-07-23,dev,spy_green,6.033151798389478
2018-07-24,dev,spy_green,5.995924990445893
2018-07-25,dev,spy_green,6.024702430057815
2018-07-26,dev,spy_green,6.031044277824485
2018-07-27,dev,spy_green,5.962137381979887
2018-07-30,dev,spy_green,5.97793924460898
2018-07-31,dev,spy_green,6.029401873544328
2018-08-01,dev,spy_green,6.009250326947663
2018-08-02,dev,spy_green,6.027798591755887
2018-08-03,dev,spy_green,6.074317500950843
2018-08-06,dev,spy_green,6.105106529868397
2018-08-07,dev,spy_green,6.1015806227053835
2018-08-08,dev,spy_green,6.081141936036524
2018-08-09,dev,spy_green,6.099639092358312
2018-08-10,dev,spy_green,6.082557051770215
2018-08-13,dev,spy_green,6.069014095845992
2018-08-14,dev,spy_green,6.117035092053823
2018-08-15,dev,spy_green,6.139155405236978
2018-08-16,dev,spy_green,6.185711387934435
2018-08-17,dev,spy_green,6.24588333085616
2018-08-20,dev,spy_green,6.242158292578148
2018-08-21,dev,spy_green,6.237089229686533
2018-08-22,dev,spy_green,6.197166976217153
2018-08-23,dev,spy_green,6.190312045082701
2018-08-24,dev,spy_green,6.205279360106281
2018-08-27,dev,spy_green,6.2193405945938505
2018-08-28,dev,spy_green,6.245336588210115
2018-08-29,dev,spy_green,6.240448413945198
2018-08-30,dev,spy_green,6.2269039697018025
2018-08-31,dev,spy_green,6.24676805499806
2018-09-04,dev,spy_green,6.240844697163313
2018-09-05,dev,spy_green,6.210876221301991
2018-09-06,dev,spy_green,6.225962019242355
2018-09-07,dev,spy_green,6.207140217675369
2018-09-10,dev,spy_green,6.216782966782855
2018-09-11,dev,spy_green,6.209883426568836
2018-09-12,dev,spy_green,6.226399982752644
2018-09-13,dev,spy_green,6.252133447474012
2018-09-14,dev,spy_green,6.225554792889429
2018-09-17,dev,spy_green,6.213863423387455
2018-09-18,dev,spy_green,6.231738809984714
2018-09-19,dev,spy_green,6.152638055703271
2018-09-20,dev,spy_green,6.182264581757973
2018-09-21,dev,spy_green,6.156254863656579
2018-09-24,dev,spy_green,6.104598146382324
2018-09-25,dev,spy_green,6.123793091117192
2018-09-26,dev,spy_green,6.094777862702772
2018-09-27,dev,spy_green,6.058264106337502
2018-09-28,dev,spy_green,6.06137853063963
2018-10-01,dev,spy_green,6.003781947660036
2018-10-02,dev,spy_green,5.9866736180458435
2018-10-03,dev,spy_green,5.95699889992511
2018-10-04,dev,spy_green,5.888394223517164
2018-10-05,dev,spy_green,5.884519228730011
2018-10-08,dev,spy_green,5.892549077406048
2018-10-09,dev,spy_green,5.9001252443954
2018-10-10,dev,spy_green,5.765882031756404
2018-10-11,dev,spy_green,5.694370230288808
2018-10-12,dev,spy_green,5.726716081099263
2018-10-15,dev,spy_green,5.754092061473106
2018-10-16,dev,spy_green,5.877055792067614
2018-10-17,dev,spy_green,5.85184054872091
2018-10-18,dev,spy_green,5.811853139431734
2018-10-19,dev,spy_green,5.8037830810777145
2018-10-22,dev,spy_green,5.77793380256373
2018-10-23,dev,spy_green,5.7895201254735476
2018-10-24,dev,spy_green,5.754329570451315
2018-10-25,dev,spy_green,5.755117417167604
2018-10-26,dev,spy_green,5.677300920523393
2018-10-29,dev,spy_green,5.729780361238555
2018-10-30,dev,spy_green,5.81977501726579
2018-10-31,dev,spy_green,5.806296831121438
2018-11-01,dev,spy_green,5.868958421731585
2018-11-02,dev,spy_green,5.845718571910709
2018-11-05,dev,spy_green,5.869348778251845
2018-11-06,dev,spy_green,5.883937009326738
2018-11-07,dev,spy_green,5.959157928200302
2018-11-08,dev,spy_green,5.969140227106473
2018-11-09,dev,spy_green,5.955105922654553
2018-11-12,dev,spy_green,5.925757815150188
2018-11-13,dev,spy_green,5.943485280850144
2018-11-14,dev,spy_green,5.912297058215224
2018-11-15,dev,spy_green,5.945557642577881
2018-11-16,dev,spy_green,6.018549889105615
2018-11-19,dev,spy_green,6.015755555071569
2018-11-20,dev,spy_green,5.9745423104433595
2018-11-21,dev,spy_green,6.00818346230611
2018-11-23,dev,spy_green,5.999463860942417
2018-11-26,dev,spy_green,6.0420452266375415
2018-11-27,dev,spy_green,6.050597070626997
2018-11-28,dev,spy_green,6.158578297814254
2018-11-29,dev,spy_green,6.1500270136681445
2018-11-30,dev,spy_green,6.214404512041788
2018-12-03,dev,spy_green,6.261722019704515
2018-12-04,dev,spy_green,6.137094230479143
2018-12-06,dev,spy_green,6.1624332624081015
2018-12-07,dev,spy_green,5.975488989458839
2018-12-10,dev,spy_green,5.983397605524676
2018-12-11,dev,spy_green,5.995482898480287
2018-12-12,dev,spy_green,5.934258724149343
2018-12-13,dev,spy_green,5.949487472458496
2018-12-14,dev,spy_green,5.953274010865772
2018-12-17,dev,spy_green,5.849256197843668
2018-12-18,dev,spy_green,5.876907622694859
2018-12-19,dev,spy_green,5.809822674751877
2018-12-20,dev,spy_green,5.73746686205929
2018-12-21,dev,spy_green,5.652140770568724
2018-12-24,dev,spy_green,5.531547148693194
2018-12-26,dev,spy_green,5.693289672905201
2018-12-27,dev,spy_green,5.722991615011484
2018-12-28,dev,spy_green,5.703188257406416
2018-12-31,dev,spy_green,5.71951177663969
2019-01-02,test,tbill,1.0
2019-01-03,test,tbill,1.0000945051720755
2019-01-04,test,tbill,1.0001894068167365
2019-01-07,test,tbill,1.000285479975156
2019-01-08,test,tbill,1.00038194982651
2019-01-09,test,tbill,1.0004780414796415
2019-01-10,test,tbill,1.0005733671713686
2019-01-11,test,tbill,1.0006687019457412
2019-01-14,test,tbill,1.0007648211428373
2019-01-15,test,tbill,1.0008609495726597
2019-01-16,test,tbill,1.000956311747925
2019-01-17,test,tbill,1.0010512951717188
2019-01-18,test,tbill,1.0011458996966254
2019-01-22,test,tbill,1.0012412890219793
2019-01-23,test,tbill,1.0013359115022875
2019-01-24,test,tbill,1.001428990457795
2019-01-25,test,tbill,1.0015228544466654
2019-01-28,test,tbill,1.0016178916312124
2019-01-29,test,tbill,1.0017129378340925
2019-01-30,test,tbill,1.001807993056161
2019-01-31,test,tbill,1.0019026690929314
2019-02-01,test,tbill,1.0019969657972851
2019-02-04,test,tbill,1.0020920479715274
2019-02-05,test,tbill,1.0021871391683717
2019-02-06,test,tbill,1.0022822393886743
2019-02-07,test,tbill,1.0023773486332912
2019-02-08,test,tbill,1.0024728552912772
2019-02-11,test,tbill,1.0025691477862597
2019-02-12,test,tbill,1.0026646727188964
2019-02-13,test,tbill,1.0027605952149132
2019-02-14,test,tbill,1.0028561383886885
2019-02-15,test,tbill,1.0029516906658311
2019-02-19,test,tbill,1.0030480291553288
2019-02-20,test,tbill,1.0031443768986168
2019-02-21,test,tbill,1.0032407338965839
2019-02-22,test,tbill,1.0033374887594795
2019-02-25,test,tbill,1.003434641562698
2019-02-26,test,tbill,1.0035310264420272
2019-02-27,test,tbill,1.0036274205796025
2019-02-28,test,tbill,1.0037238239763133
2019-03-01,test,tbill,1.0018162153680246
2019-03-04,test,tbill,0.9900482967385837
2019-03-05,test,tbill,0.9914664073207665
2019-03-06,test,tbill,0.984209193482856
2019-03-07,test,tbill,0.9776802083340737
2019-03-08,test,tbill,0.976364248387275
2019-03-11,test,tbill,0.9892636161792493
2019-03-12,test,tbill,0.9924856739642961
2019-03-13,test,tbill,1.000119757023409
2019-03-14,test,tbill,1.0012656372746866
2019-03-15,test,tbill,1.002044594150746
2019-03-18,test,tbill,1.0086951925292418
2019-03-19,test,tbill,1.0054532899237547
2019-03-20,test,tbill,0.9979767798217196
2019-03-21,test,tbill,1.0108369589335728
2019-03-22,test,tbill,0.9914344245063849
2019-03-25,test,tbill,0.9964048770075601
2019-03-26,test,tbill,1.0029923047272762
2019-03-27,test,tbill,1.0042241478521374
2019-03-28,test,tbill,1.01287435502015
2019-03-29,test,tbill,1.017425048184979
2019-04-01,test,tbill,1.023397776577596
2019-04-02,test,tbill,1.0250246507870262
2019-04-03,test,tbill,1.0301016269234835
2019-04-04,test,tbill,1.0307111315451314
2019-04-05,test,tbill,1.0347446163466143
2019-04-08,test,tbill,1.0319061220430938
2019-04-09,test,tbill,1.0217451343910928
2019-04-10,test,tbill,1.0280738856706009
2019-04-11,test,tbill,1.022950664661572
2019-04-12,test,tbill,1.0205062168819616
2019-04-15,test,tbill,1.0291554465166284
2019-04-16,test,tbill,1.0245901419706034
2019-04-17,test,tbill,1.0151743417786194
2019-04-18,test,tbill,1.0287116108476437
2019-04-22,test,tbill,1.0286482839723639
2019-04-23,test,tbill,1.036992733515073
2019-04-24,test,tbill,1.043098289063002
2019-04-25,test,tbill,1.0451156012224805
2019-04-26,test,tbill,1.0551816534234737
2019-04-29,test,tbill,1.0607774530174423
2019-04-30,test,tbill,1.0657936543774813
2019-05-01,test,tbill,1.0490707130584542
2019-05-02,test,tbill,1.0521588087675608
2019-05-03,test,tbill,1.0591356043813378
2019-05-06,test,tbill,1.067858120274578
2019-05-07,test,tbill,1.0513832303837551
2019-05-08,test,tbill,1.0521978378251222
2019-05-09,test,tbill,1.051729468681578
2019-05-10,test,tbill,1.0575974947674684
2019-05-13,test,tbill,1.0425878834998399
2019-05-14,test,tbill,1.046041329747637
2019-05-15,test,tbill,1.050535359866179
2019-05-16,test,tbill,1.0590287289204678
2019-05-17,test,tbill,1.062100266266821
2019-05-20,test,tbill,1.066878099576452
2019-05-21,test,tbill,1.0764751101593613
2019-05-22,test,tbill,1.0757067278122243
2019-05-23,test,tbill,1.0666137576129413
2019-05-24,test,tbill,1.0702893772047841
2019-05-28,test,tbill,1.061083875186921
2019-05-29,test,tbill,1.0601602074788181
2019-05-30,test,tbill,1.0683181610210712
2019-05-31,test,tbill,1.06551415825956
2019-06-03,test,tbill,1.0648059576330762
2019-06-04,test,tbill,1.0798664181019049
2019-06-05,test,tbill,1.0862227474085426
2019-06-06,test,tbill,1.0873189449763736
2019-06-07,test,tbill,1.0948675310560838
2019-06-10,test,tbill,1.0953001504191011
2019-06-11,test,tbill,1.0861205355612562
2019-06-12,test,tbill,1.0905596112355989
2019-06-13,test,tbill,1.0925779354483396
2019-06-14,test,tbill,1.0932665693339383
2019-06-17,test,tbill,1.089029033486088
2019-06-18,test,tbill,1.0916201193305783
2019-06-19,test,tbill,1.0975169289375735
2019-06-20,test,tbill,1.1069933397016374
2019-06-21,test,tbill,1.1035393214683515
2019-06-24,test,tbill,1.0973144472268979
2019-06-25,test,tbill,1.0942039338386322
2019-06-26,test,tbill,1.079848548921625
2019-06-27,test,tbill,1.092559851062867
2019-06-28,test,tbill,1.0950073349726415
2019-07-01,test,tbill,1.0974542643096958
2019-07-02,test,tbill,1.1081835828842794
2019-07-03,test,tbill,1.1207957214654856
2019-07-05,test,tbill,1.1236621141276613
2019-07-08,test,tbill,1.1249549346413201
2019-07-09,test,tbill,1.1279602145190046
2019-07-10,test,tbill,1.1343628087532724
2019-07-11,test,tbill,1.1359591720124782
2019-07-12,test,tbill,1.1403058705993057
2019-07-15,test,tbill,1.1410815422192149
2019-07-16,test,tbill,1.1406642905595987
2019-07-17,test,tbill,1.1386158796793633
2019-07-18,test,tbill,1.1406874169744055
2019-07-19,test,tbill,1.1255322192631816
2019-07-22,test,tbill,1.122631967821566
2019-07-23,test,tbill,1.12776731924066
2019-07-24,test,tbill,1.105375319590167
2019-07-25,test,tbill,1.1055130007156992
2019-07-26,test,tbill,1.1134604283587524
2019-07-29,test,tbill,1.1106628477932128
2019-07-30,test,tbill,1.1087657843921097
2019-07-31,test,tbill,1.1031543915724296
2019-08-01,test,tbill,1.115149873145772
2019-08-02,test,tbill,1.117247989710773
2019-08-05,test,tbill,1.0963807228276976
2019-08-06,test,tbill,1.1152340393824491
2019-08-07,test,tbill,1.1253811177151258
2019-08-08,test,tbill,1.1409470533258737
2019-08-09,test,tbill,1.1463951116404492
2019-08-12,test,tbill,1.1358854932889284
2019-08-13,test,tbill,1.1445578545159392
2019-08-14,test,tbill,1.1283435729853417
2019-08-15,test,tbill,1.1398525655939389
2019-08-16,test,tbill,1.152998403360859
2019-08-19,test,tbill,1.1599925233403867
2019-08-20,test,tbill,1.152052564716952
2019-08-21,test,tbill,1.1555976451431016
2019-08-22,test,tbill,1.155349183283638
2019-08-23,test,tbill,1.1342947934255099
2019-08-26,test,tbill,1.1402471042382296
2019-08-27,test,tbill,1.138502484319754
2019-08-28,test,tbill,1.1418643986671757
2019-08-29,test,tbill,1.1485100002734248
2019-08-30,test,tbill,1.149912959431584
2019-09-03,test,tbill,1.1499095379175726
2019-09-04,test,tbill,1.1610604432410505
2019-09-05,test,tbill,1.168252903221188
2019-09-06,test,tbill,1.1619580626124162
2019-09-09,test,tbill,1.1470697280867022
2019-09-10,test,tbill,1.1391278994464442
2019-09-11,test,tbill,1.143477180326308
2019-09-12,test,tbill,1.1444733900689885
2019-09-13,test,tbill,1.1455175192716436
2019-09-16,test,tbill,1.144604502509615
2019-09-17,test,tbill,1.1509710077957485
2019-09-18,test,tbill,1.1472476854552283
2019-09-19,test,tbill,1.1538799177119656
2019-09-20,test,tbill,1.1509307874987835
2019-09-23,test,tbill,1.1510662527606814
2019-09-24,test,tbill,1.1479996331647715
2019-09-25,test,tbill,1.1514381157130968
2019-09-26,test,tbill,1.1473533807480207
2019-09-27,test,tbill,1.1410475237379707
2019-09-30,test,tbill,1.1515019016562116
2019-10-01,test,tbill,1.140725036306507
2019-10-02,test,tbill,1.129848382780906
2019-10-03,test,tbill,1.1334535052126467
2019-10-04,test,tbill,1.153217744230387
2019-10-07,test,tbill,1.1461391002079
2019-10-08,test,tbill,1.133000297692471
2019-10-09,test,tbill,1.1390091398423159
2019-10-10,test,tbill,1.142820561381233
2019-10-11,test,tbill,1.1493916489201896
2019-10-14,test,tbill,1.1449470297460493
2019-10-15,test,tbill,1.1588762515910074
2019-10-16,test,tbill,1.1545107310710188
2019-10-17,test,tbill,1.177372082345131
2019-10-18,test,tbill,1.1906137399105607
2019-10-21,test,tbill,1.1813908168432974
2019-10-22,test,tbill,1.1754148322073656
2019-10-23,test,tbill,1.1734935339904642
2019-10-24,test,tbill,1.1707346485665915
2019-10-25,test,tbill,1.161711240270108
2019-10-28,test,tbill,1.1623713219705754
2019-10-29,test,tbill,1.177130899401428
2019-10-30,test,tbill,1.1866959207309868
2019-10-31,test,tbill,1.178433965582235
2019-11-01,test,tbill,1.1799940893805285
2019-11-04,test,tbill,1.1697456358503402
2019-11-05,test,tbill,1.160744041772447
2019-11-06,test,tbill,1.1679900679625363
2019-11-07,test,tbill,1.1650754580339788
2019-11-08,test,tbill,1.1644525716167982
2019-11-11,test,tbill,1.165046174753169
2019-11-12,test,tbill,1.1656899537644658
2019-11-13,test,tbill,1.171250127046532
2019-11-14,test,tbill,1.1773210741232216
2019-11-15,test,tbill,1.181084654276451
2019-11-18,test,tbill,1.1816757762612233
2019-11-19,test,tbill,1.183933159395531
2019-11-20,test,tbill,1.1860381035512824
2019-11-21,test,tbill,1.171561703731816
2019-11-22,test,tbill,1.1735053798003268
2019-11-25,test,tbill,1.1790904342247368
2019-11-26,test,tbill,1.1898720616183907
2019-11-27,test,tbill,1.187787852297001
2019-11-29,test,tbill,1.1828488313173815
2019-12-02,test,tbill,1.172416855134868
2019-12-03,test,tbill,1.1686001949031908
2019-12-04,test,tbill,1.1750851518563212
2019-12-05,test,tbill,1.183646694486756
2019-12-06,test,tbill,1.1865136833186078
2019-12-09,test,tbill,1.1813558818748295
2019-12-10,test,tbill,1.1759416576347477
2019-12-11,test,tbill,1.177809334739578
2019-12-12,test,tbill,1.174510224140897
2019-12-13,test,tbill,1.1739606299764827
2019-12-16,test,tbill,1.1844537625819955
2019-12-17,test,tbill,1.1899271615118165
2019-12-18,test,tbill,1.1788001316680388
2019-12-19,test,tbill,1.1778126329325802
2019-12-20,test,tbill,1.1856953133700687
2019-12-23,test,tbill,1.1795937148860225
2019-12-24,test,tbill,1.1796661243955002
2019-12-26,test,tbill,1.1793105316749963
2019-12-27,test,tbill,1.1812013570333328
2019-12-30,test,tbill,1.1814201561400617
2019-12-31,test,tbill,1.1827626284133164
2020-01-02,test,tbill,1.182382460526188
2020-01-03,test,tbill,1.185972618747666
2020-01-06,test,tbill,1.1904425059545318
2020-01-07,test,tbill,1.1839546842509947
2020-01-08,test,tbill,1.187956964044264
2020-01-09,test,tbill,1.1970332811390096
2020-01-10,test,tbill,1.2020736879353613
2020-01-13,test,tbill,1.2046865645173992
2020-01-14,test,tbill,1.1998444275873745
2020-01-15,test,tbill,1.2152669003838295
2020-01-16,test,tbill,1.2266680006471604
2020-01-17,test,tbill,1.229905270419918
2020-01-21,test,tbill,1.2342137071209693
2020-01-22,test,tbill,1.232082170259045
2020-01-23,test,tbill,1.2358798923231689
2020-01-24,test,tbill,1.2291823282228158
2020-01-27,test,tbill,1.2219451196578364
2020-01-28,test,tbill,1.2279015264187787
2020-01-29,test,tbill,1.238026185508113
2020-01-30,test,tbill,1.2478206541814811
2020-01-31,test,tbill,1.2332469585035002
2020-02-03,test,tbill,1.2390118586184622
2020-02-04,test,tbill,1.2526358026636661
2020-02-05,test,tbill,1.2666329305760382
2020-02-06,test,tbill,1.2674309989729016
2020-02-07,test,tbill,1.2660110659527504
2020-02-10,test,tbill,1.271693926474315
2020-02-11,test,tbill,1.279988151311112
2020-02-12,test,tbill,1.2915229199628802
2020-02-13,test,tbill,1.3023655833705468
2020-02-14,test,tbill,1.3095801521587964
2020-02-18,test,tbill,1.306336476256938
2020-02-19,test,tbill,1.3008327617803181
2020-02-20,test,tbill,1.299220956670363
2020-02-21,test,tbill,1.3021854592160629
2020-02-24,test,tbill,1.2735963462977935
2020-02-25,test,tbill,1.245954140139936
2020-02-26,test,tbill,1.2452328734083988
2020-02-27,test,tbill,1.1931459928979444
2020-02-28,test,tbill,1.1667937802484516
2020-03-02,test,tbill,1.2260633658669915
2020-03-03,test,tbill,1.211162275776604
2020-03-04,test,tbill,1.2671654824735081
2020-03-05,test,tbill,1.2534381304304711
2020-03-06,test,tbill,1.2482731530990507
2020-03-09,test,tbill,1.1971743696670367
2020-03-10,test,tbill,1.2191818336901927
2020-03-11,test,tbill,1.1763286651009326
2020-03-12,test,tbill,1.0837928651698354
2020-03-13,test,tbill,1.1563968467047205
2020-03-16,test,tbill,1.0490995531528233
2020-03-17,test,tbill,1.114731084947885
2020-03-18,test,tbill,1.075985350903996
2020-03-19,test,tbill,1.0655960751168974
2020-03-20,test,tbill,1.0240743253926254
2020-03-23,test,tbill,0.9929282987984903
2020-03-24,test,tbill,1.0422341059579963
2020-03-25,test,tbill,1.0510126543412681
2020-03-26,test,tbill,1.1035870033361637
2020-03-27,test,tbill,1.0893146747461508
2020-03-30,test,tbill,1.1273758275106256
2020-03-31,test,tbill,1.1083146911899535
2020-04-01,test,tbill,1.0686889196610951
2020-04-02,test,tbill,1.0884203449896104
2020-04-03,test,tbill,1.0711593932787855
2020-04-06,test,tbill,1.1101853907402826
2020-04-07,test,tbill,1.1039883334675498
2020-04-08,test,tbill,1.141256560825054
2020-04-09,test,tbill,1.1724620739305338
2020-04-13,test,tbill,1.1453329951894513
2020-04-14,test,tbill,1.1738030779107456
2020-04-15,test,tbill,1.151998045826125
2020-04-16,test,tbill,1.1683054077652149
2020-04-17,test,tbill,1.1793290800453888
2020-04-20,test,tbill,1.1536560976522758
2020-04-21,test,tbill,1.1380917415673169
2020-04-22,test,tbill,1.1482676074125409
2020-04-23,test,tbill,1.1471476841701855
2020-04-24,test,tbill,1.1526130997373483
2020-04-27,test,tbill,1.1731792864038848
2020-04-28,test,tbill,1.1756923688663057
2020-04-29,test,tbill,1.1805837168342743
2020-04-30,test,tbill,1.163644013531441
2020-05-01,test,tbill,1.1448251170661845
2020-05-04,test,tbill,1.1476370044955548
2020-05-05,test,tbill,1.1662095513975428
2020-05-06,test,tbill,1.1445498256960567
2020-05-07,test,tbill,1.141944189490358
2020-05-08,test,tbill,1.15049085568133
2020-05-11,test,tbill,1.1444230735009793
2020-05-12,test,tbill,1.1190730957702184
2020-05-13,test,tbill,1.0989418447304076
2020-05-14,test,tbill,1.1135595913264382
2020-05-15,test,tbill,1.1193937726831946
2020-05-18,test,tbill,1.1472392042593298
2020-05-19,test,tbill,1.1336760544088742
2020-05-20,test,tbill,1.1345554669604423
2020-05-21,test,tbill,1.1360636740154506
2020-05-22,test,tbill,1.1403411241265629
2020-05-26,test,tbill,1.1597656456056087
2020-05-27,test,tbill,1.1803502444815352
2020-05-28,test,tbill,1.1856512826466252
2020-05-29,test,tbill,1.1924972729612107
2020-06-01,test,tbill,1.1957933508904386
2020-06-02,test,tbill,1.1998698409112534
2020-06-03,test,tbill,1.2186412990672892
2020-06-04,test,tbill,1.2028533418101737
2020-06-05,test,tbill,1.2432571541185897
2020-06-08,test,tbill,1.2468224419011538
2020-06-09,test,tbill,1.2362346437524
2020-06-10,test,tbill,1.2213723321247003
2020-06-11,test,tbill,1.1628066397407135
2020-06-12,test,tbill,1.1659656460680918
2020-06-15,test,tbill,1.1947089543479388
2020-06-16,test,tbill,1.2114217300282217
2020-06-17,test,tbill,1.207917226902761
2020-06-18,test,tbill,1.205684421653483
2020-06-19,test,tbill,1.1965954579591145
2020-06-22,test,tbill,1.1983113853711362
2020-06-23,test,tbill,1.2010137499883435
2020-06-24,test,tbill,1.1747439455806616
2020-06-25,test,tbill,1.1925809145966206
2020-06-26,test,tbill,1.172129033526452
2020-06-29,test,tbill,1.191075694846549
2020-06-30,test,tbill,1.2069052074268263
2020-07-01,test,tbill,1.2154965704076286
2020-07-02,test,tbill,1.2149554214903817
2020-07-06,test,tbill,1.2215555785939973
2020-07-07,test,tbill,1.2115878518305767
2020-07-08,test,tbill,1.2192223135085802
2020-07-09,test,tbill,1.2095943584481874
2020-07-10,test,tbill,1.2216356757678923
2020-07-13,test,tbill,1.2226693971628926
2020-07-14,test,tbill,1.2459596544110643
2020-07-15,test,tbill,1.2525236259182366
2020-07-16,test,tbill,1.26022395796962
2020-07-17,test,tbill,1.2667942120276061
2020-07-20,test,tbill,1.2685009738347175
2020-07-21,test,tbill,1.2729212008813118
2020-07-22,test,tbill,1.2889088265496145
2020-07-23,test,tbill,1.2911716761782106
2020-07-24,test,tbill,1.2885799197119399
2020-07-27,test,tbill,1.2881980830937243
2020-07-28,test,tbill,1.2873681959869046
2020-07-29,test,tbill,1.3095044270523455
2020-07-30,test,tbill,1.301579123583006
2020-07-31,test,tbill,1.3043249072529979
2020-08-03,test,tbill,1.3017125908027047
2020-08-04,test,tbill,1.3116404612164683
2020-08-05,test,tbill,1.3101099783829155
2020-08-06,test,tbill,1.3146243801135562
2020-08-07,test,tbill,1.329917893916533
2020-08-10,test,tbill,1.319224015973182
2020-08-11,test,tbill,1.297989817868201
2020-08-12,test,tbill,1.3133472204090462
2020-08-13,test,tbill,1.310151210345587
2020-08-14,test,tbill,1.3111221921353964
2020-08-17,test,tbill,1.3157724487960158
2020-08-18,test,tbill,1.3182472777439473
2020-08-19,test,tbill,1.306547646580152
2020-08-20,test,tbill,1.3099341938273903
2020-08-21,test,tbill,1.316649469341692
2020-08-24,test,tbill,1.3153315432764012
2020-08-25,test,tbill,1.316853466308848
2020-08-26,test,tbill,1.310667413886508
2020-08-27,test,tbill,1.3222072452579239
2020-08-28,test,tbill,1.3284548699922798
2020-08-31,test,tbill,1.330197648706337
2020-09-01,test,tbill,1.3267832375488116
2020-09-02,test,tbill,1.349635315419796
2020-09-03,test,tbill,1.3240418189473349
2020-09-04,test,tbill,1.3089566187803425
2020-09-08,test,tbill,1.2903438207761397
2020-09-09,test,tbill,1.3142149134590173
2020-09-10,test,tbill,1.2911753183368195
2020-09-11,test,tbill,1.2887100994334786
2020-09-14,test,tbill,1.304657031827117
2020-09-15,test,tbill,1.308610127941199
2020-09-16,test,tbill,1.3094757503769325
2020-09-17,test,tbill,1.293182484047504
2020-09-18,test,tbill,1.2826823829340677
2020-09-21,test,tbill,1.2638143062150964
2020-09-22,test,tbill,1.263507572991278
2020-09-23,test,tbill,1.2355414108696072
2020-09-24,test,tbill,1.244650261326446
2020-09-25,test,tbill,1.2656688346019467
2020-09-28,test,tbill,1.2792468485603055
2020-09-29,test,tbill,1.2767122490324248
2020-09-30,test,tbill,1.28717770661417
2020-10-01,test,tbill,1.2969743382129533
2020-10-02,test,tbill,1.3036603469011094
2020-10-05,test,tbill,1.3197280308836081
2020-10-06,test,tbill,1.313335050777513
2020-10-07,test,tbill,1.3241477788432539
2020-10-08,test,tbill,1.3357146752099
2020-10-09,test,tbill,1.346062048598176
2020-10-12,test,tbill,1.364161677872049
2020-10-13,test,tbill,1.347382994087477
2020-10-14,test,tbill,1.3294389048221553
2020-10-15,test,tbill,1.3314659862817897
2020-10-16,test,tbill,1.3321248822804608
2020-10-19,test,tbill,1.313749140795343
2020-10-20,test,tbill,1.3216100097331136
2020-10-21,test,tbill,1.3189729056301402
2020-10-22,test,tbill,1.3237184525776955
2020-10-23,test,tbill,1.3299200558546698
2020-10-26,test,tbill,1.3149915475455376
2020-10-27,test,tbill,1.305563632016249
2020-10-28,test,tbill,1.2719644345246066
2020-10-29,test,tbill,1.2791497977006545
2020-10-30,test,tbill,1.2695170597329297
2020-11-02,test,tbill,1.2964748063432947
2020-11-03,test,tbill,1.3152319307583806
2020-11-04,test,tbill,1.3418283376453235
2020-11-05,test,tbill,1.352409602539741
2020-11-06,test,tbill,1.3477261853672846
2020-11-09,test,tbill,1.3207325348638737
2020-11-10,test,tbill,1.334200550179279
2020-11-11,test,tbill,1.346082323297186
2020-11-12,test,tbill,1.3422829230006035
2020-11-13,test,tbill,1.3599538252353875
2020-11-16,test,tbill,1.3688806077047644
2020-11-17,test,tbill,1.3567986948270168
2020-11-18,test,tbill,1.3340774308107197
2020-11-19,test,tbill,1.3283482712581325
2020-11-20,test,tbill,1.3240153786384719
2020-11-23,test,tbill,1.3238836439005708
2020-11-24,test,tbill,1.316996712220345
2020-11-25,test,tbill,1.3255846820563504
2020-11-27,test,tbill,1.3257339126959846
2020-11-30,test,tbill,1.3131115306009025
2020-12-01,test,tbill,1.3304299050217037
2020-12-02,test,tbill,1.322239438693602
2020-12-03,test,tbill,1.3129625356159813
2020-12-04,test,tbill,1.3266765546109291
2020-12-07,test,tbill,1.3230947880174044
2020-12-08,test,tbill,1.3307530787812467
2020-12-09,test,tbill,1.3271392405273905
2020-12-10,test,tbill,1.3246361215038704
2020-12-11,test,tbill,1.3233306783715557
2020-12-14,test,tbill,1.3219423237749317
2020-12-15,test,tbill,1.3466765839903874
2020-12-16,test,tbill,1.3517032612579372
2020-12-17,test,tbill,1.3645574979583253
2020-12-18,test,tbill,1.36296205476159
2020-12-21,test,tbill,1.3500151958284636
2020-12-22,test,tbill,1.3535825940602335
2020-12-23,test,tbill,1.3471015325517375
2020-12-24,test,tbill,1.3579368921518131
2020-12-28,test,tbill,1.3667218453743328
2020-12-29,test,tbill,1.358340744418347
2020-12-30,test,tbill,1.3601743807358195
2020-12-31,test,tbill,1.3763474134836517
2021-01-04,test,tbill,1.3475360049743075
2021-01-05,test,tbill,1.3486097027163244
2021-01-06,test,tbill,1.3641755054286588
2021-01-07,test,tbill,1.370927405502725
2021-01-08,test,tbill,1.3749125578940617
2021-01-11,test,tbill,1.3636707043312117
2021-01-12,test,tbill,1.3586522171384319
2021-01-13,test,tbill,1.3549779684066097
2021-01-14,test,tbill,1.3444352039248575
2021-01-15,test,tbill,1.3587366136047023
2021-01-19,test,tbill,1.3587106242147204
2021-01-20,test,tbill,1.371340620928802
2021-01-21,test,tbill,1.367244667081318
2021-01-22,test,tbill,1.3640679918498217
2021-01-25,test,tbill,1.37892654446701
2021-01-26,test,tbill,1.3791556918700347
2021-01-27,test,tbill,1.343889309639436
2021-01-28,test,tbill,1.3481792481148878
2021-01-29,test,tbill,1.3350455551354246
2021-02-01,test,tbill,1.3480674335705536
2021-02-02,test,tbill,1.353844428047429
2021-02-03,test,tbill,1.346291731671103
2021-02-04,test,tbill,1.3513225150451118
2021-02-05,test,tbill,1.3485564568056891
2021-02-08,test,tbill,1.346807986551119
2021-02-09,test,tbill,1.3474883716516737
2021-02-10,test,tbill,1.350024400077092
2021-02-11,test,tbill,1.35660578078527
2021-02-12,test,tbill,1.3534246200802116
2021-02-16,test,tbill,1.3335430909371895
2021-02-17,test,tbill,1.3378511084877325
2021-02-18,test,tbill,1.3446798614904267
2021-02-19,test,tbill,1.3309740595559143
2021-02-22,test,tbill,1.329026690124882
2021-02-23,test,tbill,1.3365323364967088
2021-02-24,test,tbill,1.3296684307096949
2021-02-25,test,tbill,1.3085049200542072
2021-02-26,test,tbill,1.2929142529421624
2021-03-01,test,tbill,1.3049119767742257
2021-03-02,test,tbill,1.2974261415615371
2021-03-03,test,tbill,1.28079016787194
2021-03-04,test,tbill,1.2706971977482562
2021-03-05,test,tbill,1.3026295447442162
2021-03-08,test,tbill,1.3111620023731008
2021-03-09,test,tbill,1.31811560332564
2021-03-10,test,tbill,1.3279838114666571
2021-03-11,test,tbill,1.3460939421328961
2021-03-12,test,tbill,1.3592396844400927
2021-03-15,test,tbill,1.3755205020936128
2021-03-16,test,tbill,1.3765451595631701
2021-03-17,test,tbill,1.3666093046611558
2021-03-18,test,tbill,1.370032243316089
2021-03-19,test,tbill,1.3629868882249119
2021-03-22,test,tbill,1.3692581715168597
2021-03-23,test,tbill,1.3838196305735193
2021-03-24,test,tbill,1.3853319723859991
2021-03-25,test,tbill,1.3930318207929757
2021-03-26,test,tbill,1.4162256054749394
2021-03-29,test,tbill,1.4224134846714076
2021-03-30,test,tbill,1.4081237251204717
2021-03-31,test,tbill,1.4040042483965782
2021-04-01,test,tbill,1.4129210007561812
2021-04-05,test,tbill,1.422098316817853
2021-04-06,test,tbill,1.4191668011658203
2021-04-07,test,tbill,1.4201312070982766
2021-04-08,test,tbill,1.4139009765524133
2021-04-09,test,tbill,1.4251592788252843
2021-04-12,test,tbill,1.4317508829791525
2021-04-13,test,tbill,1.4391840768407766
2021-04-14,test,tbill,1.4356575459894414
2021-04-15,test,tbill,1.4666687033353256
2021-04-16,test,tbill,1.4709193222000627
2021-04-19,test,tbill,1.4717742473566404
2021-04-20,test,tbill,1.4882436398242287
2021-04-21,test,tbill,1.4932834783746431
2021-04-22,test,tbill,1.4811737510202396
2021-04-23,test,tbill,1.4875985827499867
2021-04-26,test,tbill,1.4822026330205378
2021-04-27,test,tbill,1.4764699124229022
2021-04-28,test,tbill,1.4804151917401576
2021-04-29,test,tbill,1.4955012273631951
2021-04-30,test,tbill,1.4949873357240666
2021-05-03,test,tbill,1.50265617770474
2021-05-04,test,tbill,1.4962361640570627
2021-05-05,test,tbill,1.485898238334816
2021-05-06,test,tbill,1.4967232156281873
2021-05-07,test,tbill,1.5072799542450295
2021-05-10,test,tbill,1.5089183386891316
2021-05-11,test,tbill,1.4921964185250134
2021-05-12,test,tbill,1.4709334839957249
2021-05-13,test,tbill,1.4883254134427528
2021-05-14,test,tbill,1.4988770071079474
2021-05-17,test,tbill,1.4918600525773809
2021-05-18,test,tbill,1.4956041080313236
2021-05-19,test,tbill,1.4875758480567856
2021-05-20,test,tbill,1.5043195600730903
2021-05-21,test,tbill,1.496725651911668
2021-05-24,test,tbill,1.4968671532156266
2021-05-25,test,tbill,1.4914506770338098
2021-05-26,test,tbill,1.49157212900101
2021-05-27,test,tbill,1.4883798748315564
2021-05-28,test,tbill,1.49264998407272
2021-06-01,test,tbill,1.4832934137849587
2021-06-02,test,tbill,1.498637468415188
2021-06-03,test,tbill,1.5051623893966162
2021-06-04,test,tbill,1.5084222425121434
2021-06-07,test,tbill,1.4989378823038009
2021-06-08,test,tbill,1.4966532473755108
2021-06-09,test,tbill,1.4940007947111267
2021-06-10,test,tbill,1.5058284063833802
2021-06-11,test,tbill,1.501411918028065
2021-06-14,test,tbill,1.505608364451178
2021-06-15,test,tbill,1.502239130338763
2021-06-16,test,tbill,1.4844251844398977
2021-06-17,test,tbill,1.4925365962653374
2021-06-18,test,tbill,1.4714470899920813
2021-06-21,test,tbill,1.4987331155622032
2021-06-22,test,tbill,1.4956717213392867
2021-06-23,test,tbill,1.490782409140855
2021-06-24,test,tbill,1.4954525148514723
2021-06-25,test,tbill,1.5086546235988891
2021-06-28,test,tbill,1.5142871924998023
2021-06-29,test,tbill,1.517667837203255
2021-06-30,test,tbill,1.5055398867989982
2021-07-01,test,tbill,1.5146619768404652
2021-07-02,test,tbill,1.5189933287812787
2021-07-06,test,tbill,1.5206192815919135
2021-07-07,test,tbill,1.5322554296739903
2021-07-08,test,tbill,1.5217874901797284
2021-07-09,test,tbill,1.5336874745908815
2021-07-12,test,tbill,1.5390373198178213
2021-07-13,test,tbill,1.5239406539731435
2021-07-14,test,tbill,1.51961016210554
2021-07-15,test,tbill,1.5214340572262228
2021-07-16,test,tbill,1.5306255675444347
2021-07-19,test,tbill,1.517904528552349
2021-07-20,test,tbill,1.5315544303059683
2021-07-21,test,tbill,1.5212960972220608
2021-07-22,test,tbill,1.5208037494794555
2021-07-23,test,tbill,1.5393005737386136
2021-07-26,test,tbill,1.5346191744799407
2021-07-27,test,tbill,1.5454001151024443
2021-07-28,test,tbill,1.5312237622217286
2021-07-29,test,tbill,1.5462420652157502
2021-07-30,test,tbill,1.5509926048589746
2021-08-02,test,tbill,1.5489436887686698
2021-08-03,test,tbill,1.5585279962821703
2021-08-04,test,tbill,1.5485422051301074
2021-08-05,test,tbill,1.5595732240059468
2021-08-06,test,tbill,1.5635030973808524
2021-08-09,test,tbill,1.5707207066459126
2021-08-10,test,tbill,1.5607804360492459
2021-08-11,test,tbill,1.5607258914012923
2021-08-12,test,tbill,1.5648568801171656
2021-08-13,test,tbill,1.5701252339365253
2021-08-16,test,tbill,1.5825449562597291
2021-08-17,test,tbill,1.5835311434807358
2021-08-18,test,tbill,1.5660869882457538
2021-08-19,test,tbill,1.5792609685235799
2021-08-20,test,tbill,1.5897369654063065
2021-08-23,test,tbill,1.5822894386103896
2021-08-24,test,tbill,1.570441261101687
2021-08-25,test,tbill,1.5661478590806055
2021-08-26,test,tbill,1.567698605796092
2021-08-27,test,tbill,1.5770112741932383
2021-08-30,test,tbill,1.586407078815027
2021-08-31,test,tbill,1.5863194065336375
2021-09-01,test,tbill,1.601831522279782
2021-09-02,test,tbill,1.6105325467346896
2021-09-03,test,tbill,1.609529380552629
2021-09-07,test,tbill,1.590896252007012
2021-09-08,test,tbill,1.6036326814905264
2021-09-09,test,tbill,1.586405830506509
2021-09-10,test,tbill,1.578220076755516
2021-09-13,test,tbill,1.5698808257330732
2021-09-14,test,tbill,1.5672748966420913
2021-09-15,test,tbill,1.5672007932889336
2021-09-16,test,tbill,1.5636571699122312
2021-09-17,test,tbill,1.5635222467245833
2021-09-20,test,tbill,1.5508280201528128
2021-09-21,test,tbill,1.5527814334769032
2021-09-22,test,tbill,1.5616394128686972
2021-09-23,test,tbill,1.5592170092064217
2021-09-24,test,tbill,1.557030426370831
2021-09-27,test,tbill,1.5380455702163094
2021-09-28,test,tbill,1.5179039925533215
2021-09-29,test,tbill,1.5287071204991907
2021-09-30,test,tbill,1.5121862665181032
2021-10-01,test,tbill,1.5137323949400663
2021-10-04,test,tbill,1.5065609952341923
2021-10-05,test,tbill,1.5084542408648531
2021-10-06,test,tbill,1.518753887059083
2021-10-07,test,tbill,1.5263662724440972
2021-10-08,test,tbill,1.5203894439258976
2021-10-11,test,tbill,1.5084155227210425
2021-10-12,test,tbill,1.5185027962425575
2021-10-13,test,tbill,1.5243790406892488
2021-10-14,test,tbill,1.5384443984227407
2021-10-15,test,tbill,1.5490592288589364
2021-10-18,test,tbill,1.5550773583132422
2021-10-19,test,tbill,1.5682850461646571
2021-10-20,test,tbill,1.5962049071570235
2021-10-21,test,tbill,1.6122575658741503
2021-10-22,test,tbill,1.6158370863173246
2021-10-25,test,tbill,1.6144582705133241
2021-10-26,test,tbill,1.6221383625534371
2021-10-27,test,tbill,1.608047437912436
2021-10-28,test,tbill,1.6250032721132768
2021-10-29,test,tbill,1.6392455555672425
2021-11-01,test,tbill,1.6443463537911591
2021-11-02,test,tbill,1.6494898797968995
2021-11-03,test,tbill,1.6618222969581606
2021-11-04,test,tbill,1.6668826128710983
2021-11-05,test,tbill,1.649620607349223
2021-11-08,test,tbill,1.6503394725976455
2021-11-09,test,tbill,1.6471914914652166
2021-11-10,test,tbill,1.6557542417792135
2021-11-11,test,tbill,1.6588373186336893
2021-11-12,test,tbill,1.6684097244190517
2021-11-15,test,tbill,1.6748599241592603
2021-11-16,test,tbill,1.6818709343685596
2021-11-17,test,tbill,1.6726426380751713
2021-11-18,test,tbill,1.669282889446309
2021-11-19,test,tbill,1.6707918108467121
2021-11-22,test,tbill,1.6722682010094567
2021-11-23,test,tbill,1.6781926095240132
2021-11-24,test,tbill,1.680506291507408
2021-11-26,test,tbill,1.655044877477695
2021-11-29,test,tbill,1.6647700301206438
2021-11-30,test,tbill,1.6353999319419374
2021-12-01,test,tbill,1.6365261836378746
2021-12-02,test,tbill,1.6539337647882724
2021-12-03,test,tbill,1.6644051766000572
2021-12-06,test,tbill,1.6835262123761856
2021-12-07,test,tbill,1.7004040371069227
2021-12-08,test,tbill,1.707084688150414
2021-12-09,test,tbill,1.7021643698159403
2021-12-10,test,tbill,1.7171730547641502
2021-12-13,test,tbill,1.737281166381157
2021-12-14,test,tbill,1.7172810343558822
2021-12-15,test,tbill,1.746280985369651
2021-12-16,test,tbill,1.7422754434732697
2021-12-17,test,tbill,1.728199810690714
2021-12-20,test,tbill,1.717064318846459
2021-12-21,test,tbill,1.7213740453537267
2021-12-22,test,tbill,1.7335265629734329
2021-12-23,test,tbill,1.7375953216001956
2021-12-27,test,tbill,1.7656620044279745
2021-12-28,test,tbill,1.7700746056778331
2021-12-29,test,tbill,1.7879042325005174
2021-12-30,test,tbill,1.7888507771423334
2021-12-31,test,tbill,1.7911342439399773
2022-01-03,test,tbill,1.7675394957665318
2022-01-04,test,tbill,1.7330908412534307
2022-01-05,test,tbill,1.7153052074590247
2022-01-06,test,tbill,1.7155895681357003
2022-01-07,test,tbill,1.7028079617432137
2022-01-10,test,tbill,1.7054549151322658
2022-01-11,test,tbill,1.6934982995933583
2022-01-12,test,tbill,1.6908096902691327
2022-01-13,test,tbill,1.6756427989193765
2022-01-14,test,tbill,1.6593121558579333
2022-01-18,test,tbill,1.6390438020732647
2022-01-19,test,tbill,1.6425906290363628
2022-01-20,test,tbill,1.6315776878328794
2022-01-21,test,tbill,1.6261640944246825
2022-01-24,test,tbill,1.6288649745705757
2022-01-25,test,tbill,1.6094893416286402
2022-01-26,test,tbill,1.5865604063148155
2022-01-27,test,tbill,1.5744215567586717
2022-01-28,test,tbill,1.615537683900531
2022-01-31,test,tbill,1.638670769788162
2022-02-01,test,tbill,1.6332639150046788
2022-02-02,test,tbill,1.6474662578694192
2022-02-03,test,tbill,1.6296635214003754
2022-02-04,test,tbill,1.6181515403233295
2022-02-07,test,tbill,1.6070139393795841
2022-02-08,test,tbill,1.6224348805376252
2022-02-09,test,tbill,1.6379189795111926
2022-02-10,test,tbill,1.6080359797007713
2022-02-11,test,tbill,1.5859292492457049
2022-02-14,test,tbill,1.5731166140386834
2022-02-15,test,tbill,1.5826558718446186
2022-02-16,test,tbill,1.574674448000034
2022-02-17,test,tbill,1.5514908081693228
2022-02-18,test,tbill,1.5486948907789304
2022-02-22,test,tbill,1.5407711302212899
2022-02-23,test,tbill,1.5222199895481838
2022-02-24,test,tbill,1.5468458736190966
2022-02-25,test,tbill,1.5933982979033114
2022-02-28,test,tbill,1.5825590595762582
2022-03-01,test,tbill,1.574974459631151
2022-03-02,test,tbill,1.5970682458258294
2022-03-03,test,tbill,1.5999327507451133
2022-03-04,test,tbill,1.6050730449668622
2022-03-07,test,tbill,1.5765421449774155
2022-03-08,test,tbill,1.5509757070603714
2022-03-09,test,tbill,1.580649176740169
2022-03-10,test,tbill,1.5767860016734279
2022-03-11,test,tbill,1.5624399565999147
2022-03-14,test,tbill,1.575363074529744
2022-03-15,test,tbill,1.6029605314508935
2022-03-16,test,tbill,1.6140730324710468
2022-03-17,test,tbill,1.637834689596035
2022-03-18,test,tbill,1.6596043657454234
2022-03-21,test,tbill,1.6573660394569283
2022-03-22,test,tbill,1.65664742630037
2022-03-23,test,tbill,1.631106378147143
2022-03-24,test,tbill,1.637814777308377
2022-03-25,test,tbill,1.6462730184172598
2022-03-28,test,tbill,1.6718370301689618
2022-03-29,test,tbill,1.695774965471671
2022-03-30,test,tbill,1.7012056704721397
2022-03-31,test,tbill,1.6796032334554174
2022-04-01,test,tbill,1.698735657648042
2022-04-04,test,tbill,1.69252274949882
2022-04-05,test,tbill,1.6951717278712153
2022-04-06,test,tbill,1.7064349659898723
2022-04-07,test,tbill,1.725218628246825
2022-04-08,test,tbill,1.7197293605661779
2022-04-11,test,tbill,1.6829193536849378
2022-04-12,test,tbill,1.6731159586652387
2022-04-13,test,tbill,1.687935886315398
2022-04-14,test,tbill,1.6721508042687305
2022-04-18,test,tbill,1.6707502365867761
2022-04-19,test,tbill,1.6985247346968335
2022-04-20,test,tbill,1.7271984539261467
2022-04-21,test,tbill,1.711272074698156
2022-04-22,test,tbill,1.6719421237417378
2022-04-25,test,tbill,1.6716708409298795
2022-04-26,test,tbill,1.635776227179468
2022-04-27,test,tbill,1.6473113212210728
2022-04-28,test,tbill,1.6804092296607662
2022-04-29,test,tbill,1.6282260069262116
2022-05-02,test,tbill,1.6177617576140029
2022-05-03,test,tbill,1.6218958238241579
2022-05-04,test,tbill,1.6540654065106202
2022-05-05,test,tbill,1.6089679949237516
2022-05-06,test,tbill,1.6034389676611642
2022-05-09,test,tbill,1.5658014631979242
2022-05-10,test,tbill,1.5634406320727097
2022-05-11,test,tbill,1.5458464982098152
2022-05-12,test,tbill,1.5521702072232286
2022-05-13,test,tbill,1.5685731812337804
2022-05-16,test,tbill,1.5652185632877045
2022-05-17,test,tbill,1.5834190601914329
2022-05-18,test,tbill,1.5277461405160504
2022-05-19,test,tbill,1.525529317165289
2022-05-20,test,tbill,1.5167873296530492
2022-05-23,test,tbill,1.5342821956041188
2022-05-24,test,tbill,1.5371888053866072
2022-05-25,test,tbill,1.5338687701338063
2022-05-26,test,tbill,1.569277905783543
2022-05-27,test,tbill,1.6011307399627823
2022-05-31,test,tbill,1.5836328930124222
2022-06-01,test,tbill,1.568718171904545
2022-06-02,test,tbill,1.5967603349610109
2022-06-03,test,tbill,1.5793049079371342
2022-06-06,test,tbill,1.5818582792873908
2022-06-07,test,tbill,1.5959730487596742
2022-06-08,test,tbill,1.5736133529381484
2022-06-09,test,tbill,1.5539258098858744
2022-06-10,test,tbill,1.5236825920915942
2022-06-13,test,tbill,1.4880032955306466
2022-06-14,test,tbill,1.4751176997644706
2022-06-15,test,tbill,1.4928378580288952
2022-06-16,test,tbill,1.4669249638102935
2022-06-17,test,tbill,1.474124844384792
2022-06-21,test,tbill,1.4977615134773954
2022-06-22,test,tbill,1.5092270522368225
2022-06-23,test,tbill,1.5353977267919987
2022-06-24,test,tbill,1.5679587904677408
2022-06-27,test,tbill,1.5681633103882042
2022-06-28,test,tbill,1.554082359896877
2022-06-29,test,tbill,1.5655047534514555
2022-06-30,test,tbill,1.562965586865179
2022-07-01,test,tbill,1.5804395019162523
2022-07-05,test,tbill,1.5680757872093725
2022-07-06,test,tbill,1.5796776647117377
2022-07-07,test,tbill,1.5868255579521338
2022-07-08,test,tbill,1.584992379149058
2022-07-11,test,tbill,1.5844084147910464
2022-07-12,test,tbill,1.564333048197896
2022-07-13,test,tbill,1.5542837906643265
2022-07-14,test,tbill,1.5422889635616641
2022-07-15,test,tbill,1.5630101424557483
2022-07-18,test,tbill,1.5380460576929753
2022-07-19,test,tbill,1.5638003345074416
2022-07-20,test,tbill,1.561617118921416
2022-07-21,test,tbill,1.5889771127841847
2022-07-22,test,tbill,1.5817772451366765
2022-07-25,test,tbill,1.5887634566259081
2022-07-26,test,tbill,1.594516309038513
2022-07-27,test,tbill,1.611338282095222
2022-07-28,test,tbill,1.6119537887792186
2022-07-29,test,tbill,1.6128219383404567
2022-08-01,test,tbill,1.602954527789842
2022-08-02,test,tbill,1.5945197130110438
2022-08-03,test,tbill,1.6010869698243932
2022-08-04,test,tbill,1.6007073249015396
2022-08-05,test,tbill,1.607652547347966
2022-08-08,test,tbill,1.605672386616182
2022-08-09,test,tbill,1.6100726008609758
2022-08-10,test,tbill,1.6280087413397573
2022-08-11,test,tbill,1.6319795343028305
2022-08-12,test,tbill,1.6509070932896175
2022-08-15,test,tbill,1.6601276448774025
2022-08-16,test,tbill,1.656196211338847
2022-08-17,test,tbill,1.6503361670409924
2022-08-18,test,tbill,1.6479477596769327
2022-08-19,test,tbill,1.644033596371072
2022-08-22,test,tbill,1.617447673840518
2022-08-23,test,tbill,1.6062859080800354
2022-08-24,test,tbill,1.607237356573019
2022-08-25,test,tbill,1.6223832135776708
2022-08-26,test,tbill,1.5887174523659915
2022-08-29,test,tbill,1.5823684180900814
2022-08-30,test,tbill,1.5708509093878549
2022-08-31,test,tbill,1.5680540497799298
2022-09-01,test,tbill,1.57619695645644
2022-09-02,test,tbill,1.5594857470134624
2022-09-06,test,tbill,1.5583491437254813
2022-09-07,test,tbill,1.5826581759303633
2022-09-08,test,tbill,1.594254789768218
2022-09-09,test,tbill,1.6085367602453995
2022-09-12,test,tbill,1.6178740971713297
2022-09-13,test,tbill,1.5800032575989493
2022-09-14,test,tbill,1.5771401408506722
2022-09-15,test,tbill,1.5634602743097912
2022-09-16,test,tbill,1.555945627553855
2022-09-19,test,tbill,1.5595429031989378
2022-09-20,test,tbill,1.5438624752105485
2022-09-21,test,tbill,1.5308316536390592
2022-09-22,test,tbill,1.5265286570448795
2022-09-23,test,tbill,1.5194702305389918
2022-09-26,test,tbill,1.5002137859501612
2022-09-27,test,tbill,1.487629750952225
2022-09-28,test,tbill,1.5025416136701801
2022-09-29,test,tbill,1.4882800374662633
2022-09-30,test,tbill,1.4723911440561754
2022-10-03,test,tbill,1.5040138783774677
2022-10-04,test,tbill,1.5320454357673605
2022-10-05,test,tbill,1.523933404186547
2022-10-06,test,tbill,1.5089411530478758
2022-10-07,test,tbill,1.4812573934582458
2022-10-10,test,tbill,1.4774869140116533
2022-10-11,test,tbill,1.478448064071621
2022-10-12,test,tbill,1.4675798912016162
2022-10-13,test,tbill,1.4967482497823674
2022-10-14,test,tbill,1.4799411710324393
2022-10-17,test,tbill,1.5066897828433148
2022-10-18,test,tbill,1.5224505955648406
2022-10-19,test,tbill,1.4994495547790423
2022-10-20,test,tbill,1.4776489466117932
2022-10-21,test,tbill,1.489507914127616
2022-10-24,test,tbill,1.5079132556372337
2022-10-25,test,tbill,1.5241153472260682
2022-10-26,test,tbill,1.512971447581304
2022-10-27,test,tbill,1.5083877524600524
2022-10-28,test,tbill,1.5350549650577328
2022-10-31,test,tbill,1.5373733786692048
2022-11-01,test,tbill,1.5362769348451846
2022-11-02,test,tbill,1.5173144902086149
2022-11-03,test,tbill,1.5047524162153225
2022-11-04,test,tbill,1.515553880878126
2022-11-07,test,tbill,1.5256439012310534
2022-11-08,test,tbill,1.5309566811596054
2022-11-09,test,tbill,1.5208687387251425
2022-11-10,test,tbill,1.5771895608126798
2022-11-11,test,tbill,1.574868085691443
2022-11-14,test,tbill,1.5634341818164992
2022-11-15,test,tbill,1.5754619856581256
2022-11-16,test,tbill,1.574612598413027
2022-11-17,test,tbill,1.5668840478131874
2022-11-18,test,tbill,1.581171333264644
2022-11-21,test,tbill,1.58439657450771
2022-11-22,test,tbill,1.5941647619215213
2022-11-23,test,tbill,1.6004432510930755
2022-11-25,test,tbill,1.6071732169825812
2022-11-28,test,tbill,1.5870123211493576
2022-11-29,test,tbill,1.5870138490923715
2022-11-30,test,tbill,1.6189947058775296
2022-12-01,test,tbill,1.617529210984274
2022-12-02,test,tbill,1.6224635555468097
2022-12-05,test,tbill,1.6035961851156182
2022-12-06,test,tbill,1.586319623393432
2022-12-07,test,tbill,1.5853250088448616
2022-12-08,test,tbill,1.602884505113384
2022-12-09,test,tbill,1.5954968310684796
2022-12-12,test,tbill,1.6138243053439465
2022-12-13,test,tbill,1.6278637747067815
2022-12-14,test,tbill,1.6218535106892271
2022-12-15,test,tbill,1.5856500381911898
2022-12-16,test,tbill,1.5629056926419254
2022-12-19,test,tbill,1.5508450322779361
2022-12-20,test,tbill,1.5537153017874246
2022-12-21,test,tbill,1.5791668903063896
2022-12-22,test,tbill,1.5696598726072586
2022-12-23,test,tbill,1.578739063769665
2022-12-27,test,tbill,1.5812227789938973
2022-12-28,test,tbill,1.5668775413619835
2022-12-29,test,tbill,1.5948539487132192
2022-12-30,test,tbill,1.5803511269191182
2023-01-03,test,tbill,1.5767429547754288
2023-01-04,test,tbill,1.585542926964581
2023-01-05,test,tbill,1.5591692966182693
2023-01-06,test,tbill,1.5745888905039187
2023-01-09,test,tbill,1.57827246286856
2023-01-10,test,tbill,1.5886533555508657
2023-01-11,test,tbill,1.617695601795726
2023-01-12,test,tbill,1.6125273686056354
2023-01-13,test,tbill,1.6228245081512458
2023-01-17,test,tbill,1.6233785732398764
2023-01-18,test,tbill,1.6026907158917933
2023-01-19,test,tbill,1.6008095818834616
2023-01-20,test,tbill,1.6189054799076281
2023-01-23,test,tbill,1.6307434085993906
2023-01-24,test,tbill,1.6041437790620843
2023-01-25,test,tbill,1.5996470539243979
2023-01-26,test,tbill,1.6095536682356621
2023-01-27,test,tbill,1.6042596647669098
2023-01-30,test,tbill,1.5931696593999054
2023-01-31,test,tbill,1.6105939616677252
2023-02-01,test,tbill,1.625204848377871
2023-02-02,test,tbill,1.6336626603542674
2023-02-03,test,tbill,1.6205624959944498
2023-02-06,test,tbill,1.6201213474390312
2023-02-07,test,tbill,1.6361444620124463
2023-02-08,test,tbill,1.6239858001136878
2023-02-09,test,tbill,1.6117002469040462
2023-02-10,test,tbill,1.6166800590170927
2023-02-13,test,tbill,1.6251841507306026
2023-02-14,test,tbill,1.6103711355829846
2023-02-15,test,tbill,1.6206075433659186
2023-02-16,test,tbill,1.6146377575343474
2023-02-17,test,tbill,1.6198329257366662
2023-02-21,test,tbill,1.5971758522376065
2023-02-22,test,tbill,1.5930757419230253
2023-02-23,test,tbill,1.5941938809011762
2023-02-24,test,tbill,1.589801586778831
2023-02-27,test,tbill,1.5881341258401427
2023-02-28,test,tbill,1.5836101340225748
2023-03-01,test,tbill,1.5758920934314462
2023-03-02,test,tbill,1.5893954227490936
2023-03-03,test,tbill,1.603506334296904
2023-03-06,test,tbill,1.6035115206589683
2023-03-07,test,tbill,1.5816545754963531
2023-03-08,test,tbill,1.5854532422996543
2023-03-09,test,tbill,1.5682618115202211
2023-03-10,test,tbill,1.548887654538172
2023-03-13,test,tbill,1.5580243500845499
2023-03-14,test,tbill,1.5857912860357182
2023-03-15,test,tbill,1.579651307619735
2023-03-16,test,tbill,1.603533663300841
2023-03-17,test,tbill,1.5836110569929083
2023-03-20,test,tbill,1.5952841237736044
2023-03-21,test,tbill,1.59673603614732
2023-03-22,test,tbill,1.5730063694251333
2023-03-23,test,tbill,1.5741729803799405
2023-03-24,test,tbill,1.601412196642083
2023-03-27,test,tbill,1.6028629750475893
2023-03-28,test,tbill,1.6037225118859089
2023-03-29,test,tbill,1.6209251078346574
2023-03-30,test,tbill,1.631504941123458
2023-03-31,test,tbill,1.6509985194930759
2023-04-03,test,tbill,1.6546949749926079
2023-04-04,test,tbill,1.6585601142095852
2023-04-05,test,tbill,1.669376494632175
2023-04-06,test,tbill,1.6810494428272151
2023-04-10,test,tbill,1.671414463006995
2023-04-11,test,tbill,1.6722807017173777
2023-04-12,test,tbill,1.6723695295201617
2023-04-13,test,tbill,1.6869311688377429
2023-04-14,test,tbill,1.6804491369907713
2023-04-17,test,tbill,1.6909472067989693
2023-04-18,test,tbill,1.6895979442367803
2023-04-19,test,tbill,1.7046953683928359
2023-04-20,test,tbill,1.7079913213867162
2023-04-21,test,tbill,1.7148961441457757
2023-04-24,test,tbill,1.7086624480764763
2023-04-25,test,tbill,1.7070167857891592
2023-04-26,test,tbill,1.7059146100947304
2023-04-27,test,tbill,1.7205660032498138
2023-04-28,test,tbill,1.7362155136393254
2023-05-01,test,tbill,1.7425249564732885
2023-05-02,test,tbill,1.736111705669107
2023-05-03,test,tbill,1.7388195461404274
2023-05-04,test,tbill,1.7391674600543876
2023-05-05,test,tbill,1.7561076581190467
2023-05-08,test,tbill,1.7541028898477393
2023-05-09,test,tbill,1.7511295928262163
2023-05-10,test,tbill,1.7641530905007894
2023-05-11,test,tbill,1.7556805018321897
2023-05-12,test,tbill,1.7563152808303997
2023-05-15,test,tbill,1.748517657906286
2023-05-16,test,tbill,1.7400020295094603
2023-05-17,test,tbill,1.7369390127467075
2023-05-18,test,tbill,1.7378908628630583
2023-05-19,test,tbill,1.7434153015340863
2023-05-22,test,tbill,1.7381875003857723
2023-05-23,test,tbill,1.706379934330883
2023-05-24,test,tbill,1.6971301165245343
2023-05-25,test,tbill,1.6975859567769496
2023-05-26,test,tbill,1.7055623627012777
2023-05-30,test,tbill,1.6988780590513464
2023-05-31,test,tbill,1.6960645502232337
2023-06-01,test,tbill,1.7009376211015659
2023-06-02,test,tbill,1.7252809386149346
2023-06-05,test,tbill,1.7234190161300125
2023-06-06,test,tbill,1.71760811921846
2023-06-07,test,tbill,1.714727451605239
2023-06-08,test,tbill,1.7172512820659154
2023-06-09,test,tbill,1.710113683255911
2023-06-12,test,tbill,1.7104904813650328
2023-06-13,test,tbill,1.7151660793325803
2023-06-14,test,tbill,1.7203072847462384
2023-06-15,test,tbill,1.7418987424467642
2023-06-16,test,tbill,1.749005468837496
2023-06-20,test,tbill,1.7377056432918243
2023-06-21,test,tbill,1.744686429881789
2023-06-22,test,tbill,1.7465158421754692
2023-06-23,test,tbill,1.7373154183686383
2023-06-26,test,tbill,1.7443728073827753
2023-06-27,test,tbill,1.753224927458798
2023-06-28,test,tbill,1.740558836961724
2023-06-29,test,tbill,1.7549686819515553
2023-06-30,test,tbill,1.7769960928871384
2023-07-03,test,tbill,1.7627465968847829
2023-07-05,test,tbill,1.752656770574468
2023-07-06,test,tbill,1.7478984347914817
2023-07-07,test,tbill,1.7439886272268939
2023-07-10,test,tbill,1.7449008818139915
2023-07-11,test,tbill,1.7558356285499905
2023-07-12,test,tbill,1.7612062277983997
2023-07-13,test,tbill,1.7639307840231093
2023-07-14,test,tbill,1.7645725871687012
2023-07-17,test,tbill,1.7647944747056823
2023-07-18,test,tbill,1.7633825189512427
2023-07-19,test,tbill,1.7692050100516135
2023-07-20,test,tbill,1.792958161795046
2023-07-21,test,tbill,1.807185195570034
2023-07-24,test,tbill,1.8095903321199986
2023-07-25,test,tbill,1.8153117080298888
2023-07-26,test,tbill,1.78117433438181
2023-07-27,test,tbill,1.747548951557999
2023-07-28,test,tbill,1.755531934518813
2023-07-31,test,tbill,1.7523071412293079
2023-08-01,test,tbill,1.7485756127639012
2023-08-02,test,tbill,1.7433545616079889
2023-08-03,test,tbill,1.752202320900016
2023-08-04,test,tbill,1.7350873545006453
2023-08-07,test,tbill,1.7403974763499428
2023-08-08,test,tbill,1.731217899750289
2023-08-09,test,tbill,1.7327518642913375
2023-08-10,test,tbill,1.7319647486091208
2023-08-11,test,tbill,1.7432919419030946
2023-08-14,test,tbill,1.7426064179356284
2023-08-15,test,tbill,1.722682098484608
2023-08-16,test,tbill,1.722738748188974
2023-08-17,test,tbill,1.706573431016564
2023-08-18,test,tbill,1.709533606728693
2023-08-21,test,tbill,1.7040736563484686
2023-08-22,test,tbill,1.7038544241780926
2023-08-23,test,tbill,1.7074771576370662
2023-08-24,test,tbill,1.7041981600125677
2023-08-25,test,tbill,1.7125340555221946
2023-08-28,test,tbill,1.715026323171017
2023-08-29,test,tbill,1.7294990164337876
2023-08-30,test,tbill,1.7270873869502796
2023-08-31,test,tbill,1.7140330275483746
2023-09-01,test,tbill,1.7082953515024935
2023-09-05,test,tbill,1.6729473190801114
2023-09-06,test,tbill,1.6758268837350534
2023-09-07,test,tbill,1.6791726187072815
2023-09-08,test,tbill,1.6832518880057046
2023-09-11,test,tbill,1.6815742575029473
2023-09-12,test,tbill,1.685053933424325
2023-09-13,test,tbill,1.6835231362056846
2023-09-14,test,tbill,1.6976885524029015
2023-09-15,test,tbill,1.6907671407580087
2023-09-18,test,tbill,1.6975773925135682
2023-09-19,test,tbill,1.6998532825962824
2023-09-20,test,tbill,1.7049913202142006
2023-09-21,test,tbill,1.6854600917536222
2023-09-22,test,tbill,1.68080643622897
2023-09-25,test,tbill,1.6838997155490012
2023-09-26,test,tbill,1.666635086052119
2023-09-27,test,tbill,1.665028058187236
2023-09-28,test,tbill,1.6693252553921847
2023-09-29,test,tbill,1.6628403130161906
2023-10-02,test,tbill,1.6419910851003003
2023-10-03,test,tbill,1.6357209954761591
2023-10-04,test,tbill,1.6461332745494472
2023-10-05,test,tbill,1.6484528246900618
2023-10-06,test,tbill,1.6541027717163772
2023-10-09,test,tbill,1.6712958412802859
2023-10-10,test,tbill,1.6731358747215004
2023-10-11,test,tbill,1.666778764523075
2023-10-12,test,tbill,1.6385943000958838
2023-10-13,test,tbill,1.6462759524089936
2023-10-16,test,tbill,1.6586059953351149
2023-10-17,test,tbill,1.6646645921055894
2023-10-18,test,tbill,1.6572050213067209
2023-10-19,test,tbill,1.6428161089758246
2023-10-20,test,tbill,1.6366088654651754
2023-10-23,test,tbill,1.6215137487308149
2023-10-24,test,tbill,1.6336626515908632
2023-10-25,test,tbill,1.6246662577692004
2023-10-26,test,tbill,1.6494675500459726
2023-10-27,test,tbill,1.6416679692783605
2023-10-30,test,tbill,1.648734046280262
2023-10-31,test,tbill,1.6628499045896263
2023-11-01,test,tbill,1.6847397526885097
2023-11-02,test,tbill,1.694469183821183
2023-11-03,test,tbill,1.7068251990089842
2023-11-06,test,tbill,1.6987483866895092
2023-11-07,test,tbill,1.693688188379152
2023-11-08,test,tbill,1.696776050160984
2023-11-09,test,tbill,1.6878625260075213
2023-11-10,test,tbill,1.6947358563623949
2023-11-13,test,tbill,1.6901354258840056
2023-11-14,test,tbill,1.7090784500200449
2023-11-15,test,tbill,1.7068869556078214
2023-11-16,test,tbill,1.712515438983966
2023-11-17,test,tbill,1.7086570878156804
2023-11-20,test,tbill,1.7066130886376296
2023-11-21,test,tbill,1.7062865693199063
2023-11-22,test,tbill,1.712729762954516
2023-11-24,test,tbill,1.7187080730628062
2023-11-27,test,tbill,1.7148864362561265
2023-11-28,test,tbill,1.7082464154675663
2023-11-29,test,tbill,1.7061228997423739
2023-11-30,test,tbill,1.72638223399345
2023-12-01,test,tbill,1.7420834864325454
2023-12-04,test,tbill,1.74810440471124
2023-12-05,test,tbill,1.7272327454071377
2023-12-06,test,tbill,1.7349685651046622
2023-12-07,test,tbill,1.7343930307609767
2023-12-08,test,tbill,1.728033422074607
2023-12-11,test,tbill,1.7411223359708992
2023-12-12,test,tbill,1.7408591993250162
2023-12-13,test,tbill,1.7683011426703756
2023-12-14,test,tbill,1.7497065799731666
2023-12-15,test,tbill,1.7364424070491973
2023-12-18,test,tbill,1.7497531946193772
2023-12-19,test,tbill,1.763686781623633
2023-12-20,test,tbill,1.7475666640163072
2023-12-21,test,tbill,1.7610592174794666
2023-12-22,test,tbill,1.7704561295626344
2023-12-26,test,tbill,1.773471617389541
2023-12-27,test,tbill,1.7747088733606855
2023-12-28,test,tbill,1.7740145319248894
2023-12-29,test,tbill,1.7712940588960644
2024-01-02,test,tbill,1.7872225370408727
2024-01-03,test,tbill,1.7740755250382794
2024-01-04,test,tbill,1.7697484387601583
2024-01-05,test,tbill,1.770990537604699
2024-01-08,test,tbill,1.7840540154112712
2024-01-09,test,tbill,1.7787798385912739
2024-01-10,test,tbill,1.7812556886015738
2024-01-11,test,tbill,1.779764359473027
2024-01-12,test,tbill,1.7794775619233787
2024-01-16,test,tbill,1.7731391508913967
2024-01-17,test,tbill,1.7692134781111966
2024-01-18,test,tbill,1.7730117300507315
2024-01-19,test,tbill,1.772532963301571
2024-01-22,test,tbill,1.7822645864953863
2024-01-23,test,tbill,1.7813915843391872
2024-01-24,test,tbill,1.761510379463265
2024-01-25,test,tbill,1.7739599905198065
2024-01-26,test,tbill,1.7718841215438934
2024-01-29,test,tbill,1.7785937348594834
2024-01-30,test,tbill,1.7906869682371929
2024-01-31,test,tbill,1.7948023949215188
2024-02-01,test,tbill,1.8124210262505849
2024-02-02,test,tbill,1.8023892137124564
2024-02-05,test,tbill,1.7855513570385046
2024-02-06,test,tbill,1.7982447020595023
2024-02-07,test,tbill,1.8017748044399837
2024-02-08,test,tbill,1.7985252504042435
2024-02-09,test,tbill,1.7998699067998376
2024-02-12,test,tbill,1.803226089396228
2024-02-13,test,tbill,1.7810444298219636
2024-02-14,test,tbill,1.7862538714069738
2024-02-15,test,tbill,1.8322407953902993
2024-02-16,test,tbill,1.829664436374382
2024-02-20,test,tbill,1.8314555549699414
2024-02-21,test,tbill,1.8397589417791105
2024-02-22,test,tbill,1.8461839546262266
2024-02-23,test,tbill,1.8610415568131162
2024-02-26,test,tbill,1.8541163330619397
2024-02-27,test,tbill,1.8488015687804917
2024-02-28,test,tbill,1.8656533870375902
2024-02-29,test,tbill,1.8623400896963087
2024-03-01,test,tbill,1.8617526843937446
2024-03-04,test,tbill,1.8780458990324138
2024-03-05,test,tbill,1.8671701812983634
2024-03-06,test,tbill,1.8717063328983716
2024-03-07,test,tbill,1.8817954426349892
2024-03-08,test,tbill,1.8826496764337701
2024-03-11,test,tbill,1.8881387582785119
2024-03-12,test,tbill,1.8900719374075174
2024-03-13,test,tbill,1.8883255998148947
2024-03-14,test,tbill,1.8814733482338997
2024-03-15,test,tbill,1.8807332951152966
2024-03-18,test,tbill,1.8751347909276364
2024-03-19,test,tbill,1.8872174942823279
2024-03-20,test,tbill,1.88886793298315
2024-03-21,test,tbill,1.8974225028872307
2024-03-22,test,tbill,1.8957795943402873
2024-03-25,test,tbill,1.8941994000357953
2024-03-26,test,tbill,1.893580238499451
2024-03-27,test,tbill,1.926088085295294
2024-03-28,test,tbill,1.9344210342071617
2024-04-01,test,tbill,1.9230150261957275
2024-04-02,test,tbill,1.9166691820269466
2024-04-03,test,tbill,1.9141082462269166
2024-04-04,test,tbill,1.9099755424604525
2024-04-05,test,tbill,1.9178847712317053
2024-04-08,test,tbill,1.9147028727694677
2024-04-09,test,tbill,1.925414089783481
2024-04-10,test,tbill,1.9017822085758456
2024-04-11,test,tbill,1.8881499943450866
2024-04-12,test,tbill,1.8699126267337658
2024-04-15,test,tbill,1.8663897664029239
2024-04-16,test,tbill,1.8608154769391725
2024-04-17,test,tbill,1.8468414361982273
2024-04-18,test,tbill,1.839019900187297
2024-04-19,test,tbill,1.8560278316550536
2024-04-22,test,tbill,1.8604218428728279
2024-04-23,test,tbill,1.8667996372602504
2024-04-24,test,tbill,1.868307912919196
2024-04-25,test,tbill,1.8329810243904026
2024-04-26,test,tbill,1.825055715817121
2024-04-29,test,tbill,1.8298020645568762
2024-04-30,test,tbill,1.8157638579843316
2024-05-01,test,tbill,1.8043427825431797
2024-05-02,test,tbill,1.8112511162945688
2024-05-03,test,tbill,1.811947006743627
2024-05-06,test,tbill,1.8158537258687135
2024-05-07,test,tbill,1.837070784364812
2024-05-08,test,tbill,1.8232705859235216
2024-05-09,test,tbill,1.8381995094175434
2024-05-10,test,tbill,1.844873581814427
2024-05-13,test,tbill,1.8379144325793655
2024-05-14,test,tbill,1.8359564448053205
2024-05-15,test,tbill,1.8411661357357878
2024-05-16,test,tbill,1.853973673025843
2024-05-17,test,tbill,1.855661952718599
2024-05-20,test,tbill,1.8552418177088164
2024-05-21,test,tbill,1.843145293162407
2024-05-22,test,tbill,1.843622769330027
2024-05-23,test,tbill,1.8346303694634611
2024-05-24,test,tbill,1.8309593810114506
2024-05-28,test,tbill,1.8107704616885687
2024-05-29,test,tbill,1.7983644806941046
2024-05-30,test,tbill,1.8152835984573703
2024-05-31,test,tbill,1.8400651207316268
2024-06-03,test,tbill,1.8322107195589938
2024-06-04,test,tbill,1.824180619030923
2024-06-05,test,tbill,1.8180663140988593
2024-06-06,test,tbill,1.8191830444986086
2024-06-07,test,tbill,1.8202492543716309
2024-06-10,test,tbill,1.8203128273514355
2024-06-11,test,tbill,1.8165430276984957
2024-06-12,test,tbill,1.8115104600175271
2024-06-13,test,tbill,1.8060664609032435
2024-06-14,test,tbill,1.7998916628246129
2024-06-17,test,tbill,1.8128704835609009
2024-06-18,test,tbill,1.8100824306645702
2024-06-20,test,tbill,1.8176674319994002
2024-06-21,test,tbill,1.8200061595148291
2024-06-24,test,tbill,1.827382555145365
2024-06-25,test,tbill,1.8118851050063671
2024-06-26,test,tbill,1.7979679657403904
2024-06-27,test,tbill,1.8021841540363204
2024-06-28,test,tbill,1.8019480051090435
2024-07-01,test,tbill,1.7920453846200879
2024-07-02,test,tbill,1.8043090058336475
2024-07-03,test,tbill,1.7988984907947527
2024-07-05,test,tbill,1.796783180799771
2024-07-08,test,tbill,1.7994272354644716
2024-07-09,test,tbill,1.792799217165987
2024-07-10,test,tbill,1.8073904489168662
2024-07-11,test,tbill,1.8347525487724257
2024-07-12,test,tbill,1.848804548651889
2024-07-15,test,tbill,1.8602835905487003
2024-07-16,test,tbill,1.8887159677048828
2024-07-17,test,tbill,1.8981471754625858
2024-07-18,test,tbill,1.8858294202185548
2024-07-19,test,tbill,1.8778745250342357
2024-07-22,test,tbill,1.8891090486689839
2024-07-23,test,tbill,1.8871843559063166
2024-07-24,test,tbill,1.8910629023112837
2024-07-25,test,tbill,1.9068139589277158
2024-07-26,test,tbill,1.9211933799898093
2024-07-29,test,tbill,1.9217833062413325
2024-07-30,test,tbill,1.9375887446904192
2024-07-31,test,tbill,1.9528579267855715
2024-08-01,test,tbill,1.9615243691632276
2024-08-02,test,tbill,1.9551557495404097
2024-08-05,test,tbill,1.9056342949146354
2024-08-06,test,tbill,1.9198359621200969
2024-08-07,test,tbill,1.9126758673813762
2024-08-08,test,tbill,1.9328454982380807
2024-08-09,test,tbill,1.9257531755876953
2024-08-12,test,tbill,1.911836083556552
2024-08-13,test,tbill,1.927283077845979
2024-08-14,test,tbill,1.9287323154017117
2024-08-15,test,tbill,1.9363141512632047
2024-08-16,test,tbill,1.941943885532942
2024-08-19,test,tbill,1.9471219815761576
2024-08-20,test,tbill,1.944611584518664
2024-08-21,test,tbill,1.9581365682312264
2024-08-22,test,tbill,1.9554317144212168
2024-08-23,test,tbill,1.9695005421814191
2024-08-26,test,tbill,1.9743604102202401
2024-08-27,test,tbill,1.9670949231109318
2024-08-28,test,tbill,1.9660155900057936
2024-08-29,test,tbill,1.9706038075681016
2024-08-30,test,tbill,1.9901513659803123
2024-09-03,test,tbill,1.9765428741851492
2024-09-04,test,tbill,1.9799384363639831
2024-09-05,test,tbill,1.9667576539181155
2024-09-06,test,tbill,1.9645490174762181
2024-09-09,test,tbill,1.9718800548866433
2024-09-10,test,tbill,1.9735925102558423
2024-09-11,test,tbill,1.9631373431346073
2024-09-12,test,tbill,1.969407404289408
2024-09-13,test,tbill,1.9831609477624161
2024-09-16,test,tbill,2.00057597071871
2024-09-17,test,tbill,1.998622160954344
2024-09-18,test,tbill,1.9862267927322268
2024-09-19,test,tbill,1.9999416345413512
2024-09-20,test,tbill,1.992152520768055
2024-09-23,test,tbill,2.003114370844669
2024-09-24,test,tbill,2.0043537789525807
2024-09-25,test,tbill,1.997489742414816
2024-09-26,test,tbill,2.0072892772419473
2024-09-27,test,tbill,2.006568607742577
2024-09-30,test,tbill,2.0130630908562765
2024-10-01,test,tbill,2.0054792558692776
2024-10-02,test,tbill,1.994148577226673
2024-10-03,test,tbill,1.9785892026607377
2024-10-04,test,tbill,1.9850204867879286
2024-10-07,test,tbill,1.9767908045664269
2024-10-08,test,tbill,1.9799379594962097
2024-10-09,test,tbill,1.9852599682559913
2024-10-10,test,tbill,1.9762244469965051
2024-10-11,test,tbill,1.9885652624294632
2024-10-14,test,tbill,2.0026207724037457
2024-10-15,test,tbill,2.0033604522062465
2024-10-16,test,tbill,2.0213605635227214
2024-10-17,test,tbill,2.0193074790570047
2024-10-18,test,tbill,2.0239734088724664
2024-10-21,test,tbill,2.0010810151397216
2024-10-22,test,tbill,1.9875879084938843
2024-10-23,test,tbill,1.98462992627673
2024-10-24,test,tbill,1.9915317569738427
2024-10-25,test,tbill,1.9717395393481425
2024-10-28,test,tbill,1.9894474271235596
2024-10-29,test,tbill,1.9759634908534116
2024-10-30,test,tbill,1.957608111151165
2024-10-31,test,tbill,1.9384293483335324
2024-11-01,test,tbill,1.9476342868500636
2024-11-04,test,tbill,1.9501187375092979
2024-11-05,test,tbill,1.9577787104548072
2024-11-06,test,tbill,1.9893887705421323
2024-11-07,test,tbill,1.9799121374052615
2024-11-08,test,tbill,1.9946194274550262
2024-11-11,test,tbill,1.9991340875345318
2024-11-12,test,tbill,1.9955030405186889
2024-11-13,test,tbill,1.995714750611365
2024-11-14,test,tbill,1.9760559608372228
2024-11-15,test,tbill,1.9703597637336265
2024-11-18,test,tbill,1.9759299086585809
2024-11-19,test,tbill,1.968779384426644
2024-11-20,test,tbill,1.9795754926037228
2024-11-21,test,tbill,2.0000166409448936
2024-11-22,test,tbill,2.013910639216368
2024-11-25,test,tbill,2.0244641614132264
2024-11-26,test,tbill,2.025484236209988
2024-11-27,test,tbill,2.0331449898969605
2024-11-29,test,tbill,2.031727910272471
2024-12-02,test,tbill,2.0226398973647997
2024-12-03,test,tbill,2.01308683408776
2024-12-04,test,tbill,2.002951598633344
2024-12-05,test,tbill,1.9901135189055146
2024-12-06,test,tbill,1.9780598532201987
2024-12-09,test,tbill,1.989700187554399
2024-12-10,test,tbill,1.986854114837936
2024-12-11,test,tbill,1.978048434931959
2024-12-12,test,tbill,1.9740620401417306
2024-12-13,test,tbill,1.9644754077112447
2024-12-16,test,tbill,1.9441211450468998
2024-12-17,test,tbill,1.932229329538499
2024-12-18,test,tbill,1.8888653742797104
2024-12-19,test,tbill,1.887016422053964
2024-12-20,test,tbill,1.8998076837458344
2024-12-23,test,tbill,1.8998406134437575
2024-12-24,test,tbill,1.909774730996894
2024-12-26,test,tbill,1.9120759013743427
2024-12-27,test,tbill,1.9058239276625806
2024-12-30,test,tbill,1.8911643701222525
2024-12-31,test,tbill,1.89766076943514
2025-01-02,test,tbill,1.8819387090637205
2025-01-03,test,tbill,1.8899729371659018
2025-01-06,test,tbill,1.8779806225913824
2025-01-07,test,tbill,1.87897311606117
2025-01-08,test,tbill,1.8850237445999154
2025-01-10,test,tbill,1.8620856230994876
2025-01-13,test,tbill,1.887510937389714
2025-01-14,test,tbill,1.8993037150791467
2025-01-15,test,tbill,1.910664383755203
2025-01-16,test,tbill,1.9366783955276548
2025-01-17,test,tbill,1.9424655189005255
2025-01-21,test,tbill,1.972286710637937
2025-01-22,test,tbill,1.9565846746281883
2025-01-23,test,tbill,1.9649713397385409
2025-01-24,test,tbill,1.9780113638426051
2025-01-27,test,tbill,2.003338400215123
2025-01-28,test,tbill,1.9872628454129302
2025-01-29,test,tbill,1.9974616914729415
2025-01-30,test,tbill,2.01674243011018
2025-01-31,test,tbill,2.002217142467764
2025-02-03,test,tbill,2.0028240642235167
2025-02-04,test,tbill,1.9957384533424392
2025-02-05,test,tbill,2.010012644046126
2025-02-06,test,tbill,2.001420076480072
2025-02-07,test,tbill,1.9932187849466512
2025-02-10,test,tbill,1.99717530992372
2025-02-11,test,tbill,2.0016274522983513
2025-02-12,test,tbill,1.9842187252474148
2025-02-13,test,tbill,2.0058663634483955
2025-02-14,test,tbill,2.0031384041269944
2025-02-18,test,tbill,2.007258124522483
2025-02-19,test,tbill,2.0088989816135343
2025-02-20,test,tbill,2.0178864186115177
2025-02-21,test,tbill,2.0150702209592133
2025-02-24,test,tbill,2.0190333695343967
2025-02-25,test,tbill,2.034559563932
2025-02-26,test,tbill,2.0176850191783973
2025-02-27,test,tbill,2.030304452510083
2025-02-28,test,tbill,2.055169534327956
2025-03-03,test,tbill,2.043122942847229
2025-03-04,test,tbill,2.026213589481004
2025-03-05,test,tbill,2.030461681663411
2025-03-06,test,tbill,2.0209101758224315
2025-03-07,test,tbill,2.0437134726760307
2025-03-10,test,tbill,2.0487373371577338
2025-03-11,test,tbill,2.0301770561985353
2025-03-12,test,tbill,1.9926773626588776
2025-03-13,test,tbill,1.9880935906930417
2025-03-14,test,tbill,2.0048327956807706
2025-03-17,test,tbill,2.0208425856890315
2025-03-18,test,tbill,2.0137246334379864
2025-03-19,test,tbill,2.016562020632741
2025-03-20,test,tbill,2.009239237005406
2025-03-21,test,tbill,1.9960903596328117
2025-03-24,test,tbill,2.008121199975055
2025-03-25,test,tbill,2.005111014968326
2025-03-26,test,tbill,2.0272303210101135
2025-03-27,test,tbill,2.03700816200079
2025-03-28,test,tbill,2.0281936241397656
2025-03-31,test,tbill,2.0501938898185847
2025-04-01,test,tbill,2.056097466514914
2025-04-02,test,tbill,2.0629637567220125
2025-04-03,test,tbill,2.053425709298717
2025-04-04,test,tbill,1.980664752291851
2025-04-07,test,tbill,1.933749526256157
2025-04-08,test,tbill,1.9144858994742724
2025-04-09,test,tbill,1.9810529668434316
2025-04-10,test,tbill,1.9721080526419454
2025-04-11,test,tbill,2.0135788206633665
2025-04-14,test,tbill,2.0344490192348106
2025-04-15,test,tbill,2.022831107883431
2025-04-16,test,tbill,2.012051286314588
2025-04-17,test,tbill,2.027958774809987
2025-04-21,test,tbill,1.9935733022288855
2025-04-22,test,tbill,2.0330201272745474
2025-04-23,test,tbill,2.0235254089140033
2025-04-24,test,tbill,2.003358761545592
2025-04-25,test,tbill,2.007629115401842
2025-04-28,test,tbill,2.016598044578287
2025-04-29,test,tbill,2.0322180083863874
2025-04-30,test,tbill,2.0339705904661294
2025-05-01,test,tbill,2.0255781678361404
2025-05-02,test,tbill,2.0475127504422055
2025-05-05,test,tbill,2.041546896438171
2025-05-06,test,tbill,2.032515413431645
2025-05-07,test,tbill,2.0459354005958654
2025-05-08,test,tbill,2.0217834842155367
2025-05-09,test,tbill,2.02140043407663
2025-05-12,test,tbill,2.0254238969131495
2025-05-13,test,tbill,2.011375609080471
2025-05-14,test,tbill,2.0041697756950945
2025-05-15,test,tbill,2.0318657525828097
2025-05-16,test,tbill,2.051921194787762
2025-05-19,test,tbill,2.0590683454398286
2025-05-20,test,tbill,2.0578533821461553
2025-05-21,test,tbill,2.029431143804745
2025-05-22,test,tbill,2.0232927784455503
2025-05-23,test,tbill,2.0269939824729297
2025-05-27,test,tbill,2.049650664248457
2025-05-28,test,tbill,2.031082821431396
2025-05-29,test,tbill,2.0403071067579877
2025-05-30,test,tbill,2.0437731172944305
2025-06-02,test,tbill,2.037030280983294
2025-06-03,test,tbill,2.042192349535425
2025-06-04,test,tbill,2.0328470261404825
2025-06-05,test,tbill,2.0317871182697504
2025-06-06,test,tbill,2.0418596576430676
2025-06-09,test,tbill,2.0338106209265074
2025-06-10,test,tbill,2.039176734515327
2025-06-11,test,tbill,2.036530651982547
2025-06-12,test,tbill,2.0613657322673746
2025-06-13,test,tbill,2.0423784081401384
2025-06-16,test,tbill,2.035629897614095
2025-06-17,test,tbill,2.0272548760708453
2025-06-18,test,tbill,2.0296385256070004
2025-06-20,test,tbill,2.0237697935716077
2025-06-23,test,tbill,2.0360521844460457
2025-06-24,test,tbill,2.0424018072425856
2025-06-25,test,tbill,2.016852450674329
2025-06-26,test,tbill,2.028209752636351
2025-06-27,test,tbill,2.031874389836073
2025-06-30,test,tbill,2.0166874237590173
2025-07-01,test,tbill,2.02698115685167
2025-07-02,test,tbill,2.0209687310404085
2025-07-03,test,tbill,2.0286569958548335
2025-07-07,test,tbill,2.0199178762360006
2025-07-08,test,tbill,2.0136541700477073
2025-07-09,test,tbill,2.0039896600430223
2025-07-10,test,tbill,2.011403094288697
2025-07-11,test,tbill,2.005425830246121
2025-07-14,test,tbill,2.0105013131900926
2025-07-15,test,tbill,1.9804896960462754
2025-07-16,test,tbill,1.9976353390714687
2025-07-17,test,tbill,1.9967876045456268
2025-07-18,test,tbill,1.998266227711165
2025-07-21,test,tbill,1.9939691304459102
2025-07-22,test,tbill,2.015447435578134
2025-07-23,test,tbill,2.0213143165295615
2025-07-24,test,tbill,2.0090734729595936
2025-07-25,test,tbill,2.0178351846299534
2025-07-28,test,tbill,1.99420982365618
2025-07-29,test,tbill,2.0110119633858226
2025-07-30,test,tbill,1.916917048277612
2025-07-31,test,tbill,1.9056130488420366
2025-08-01,test,tbill,1.8970986383745576
2025-08-04,test,tbill,1.91454514484636
2025-08-05,test,tbill,1.9191342629594361
2025-08-06,test,tbill,1.9101401220168923
2025-08-07,test,tbill,1.9051043691802247
2025-08-08,test,tbill,1.9092770786210913
2025-08-11,test,tbill,1.9084079754686227
2025-08-12,test,tbill,1.9181830512681086
2025-08-13,test,tbill,1.9371627597027705
2025-08-14,test,tbill,1.9334679714231688
2025-08-15,test,tbill,1.9231293537235776
2025-08-18,test,tbill,1.9114898504336935
2025-08-19,test,tbill,1.9330170950674115
2025-08-20,test,tbill,1.9476520626701432
2025-08-21,test,tbill,1.943731076768898
2025-08-22,test,tbill,1.9514826517053805
2025-08-25,test,tbill,1.932725731990574
2025-08-26,test,tbill,1.931264468826336
2025-08-27,test,tbill,1.9384655065634524
2025-08-28,test,tbill,1.9321960228995139
2025-08-29,test,tbill,1.9395442168684611
2025-09-02,test,tbill,1.9343536871827107
2025-09-03,test,tbill,1.9381255339306702
2025-09-04,test,tbill,1.9435719753653236
2025-09-05,test,tbill,1.9537085240091239
2025-09-08,test,tbill,1.95518986422674
2025-09-09,test,tbill,1.9497479076753577
2025-09-10,test,tbill,1.9400708928643728
2025-09-11,test,tbill,1.970347833520569
2025-09-12,test,tbill,1.9610392605627516
2025-09-15,test,tbill,1.9368574622347126
2025-09-16,test,tbill,1.93090244615283
2025-09-17,test,tbill,1.9380288308745743
2025-09-18,test,tbill,1.9449199834500934
2025-09-19,test,tbill,1.944064965533423
2025-09-22,test,tbill,1.9412704590740584
2025-09-23,test,tbill,1.9596047383073334
2025-09-24,test,tbill,1.96260483017854
2025-09-25,test,tbill,1.9421943941756268
2025-09-26,test,tbill,1.970175295916492
2025-09-29,test,tbill,1.9672098851788091
2025-09-30,test,tbill,1.9766157208872148
2025-10-01,test,tbill,1.972380982546226
2025-10-02,test,tbill,1.9678388655978114
2025-10-03,test,tbill,1.9673254099428825
2025-10-06,test,tbill,1.9687532603386098
2025-10-07,test,tbill,1.9751550175825539
2025-10-08,test,tbill,1.9724202948107572
2025-10-09,test,tbill,1.9548738223294826
2025-10-10,test,tbill,1.9487187328580666
2025-10-13,test,tbill,1.9472129281542643
2025-10-14,test,tbill,1.9659617132285756
2025-10-15,test,tbill,1.9652503484643438
2025-10-16,test,tbill,1.9557639936848181
2025-10-17,test,tbill,1.9781374357449943
2025-10-20,test,tbill,1.9906249661057247
2025-10-21,test,tbill,1.9917746323273757
2025-10-22,test,tbill,1.9952514740067977
2025-10-23,test,tbill,1.9856436241190658
2025-10-24,test,tbill,1.986658452711595
2025-10-27,test,tbill,1.9935392529688616
2025-10-28,test,tbill,1.9827355953192067
2025-10-29,test,tbill,1.9419689537554512
2025-10-30,test,tbill,1.9419774080528633
2025-10-31,test,tbill,1.9183489386109969
2025-11-03,test,tbill,1.9192734678670746
2025-11-04,test,tbill,1.9266149384781668
2025-11-05,test,tbill,1.9264021682578372
2025-11-06,test,tbill,1.9169755746899153
2025-11-07,test,tbill,1.9472820758950362
2025-11-10,test,tbill,1.9482053808315047
2025-11-11,test,tbill,1.9700367176791906
2025-11-12,test,tbill,1.9654361877944562
2025-11-13,test,tbill,1.969080235122468
2025-11-14,test,tbill,1.9646412250607383
2025-11-17,test,tbill,1.9520078933524527
2025-11-18,test,tbill,1.955013447489674
2025-11-19,test,tbill,1.9369916837077923
2025-11-20,test,tbill,1.9353696123245667
2025-11-21,test,tbill,1.961921240787505
2025-11-24,test,tbill,1.9436673544895722
2025-11-25,test,tbill,1.9536876509465724
2025-11-26,test,tbill,1.959241598741879
2025-11-28,test,tbill,1.9636422923059067
2025-12-01,test,tbill,1.953049771103448
2025-12-02,test,tbill,1.9354649987054022
2025-12-03,test,tbill,1.9436251551989367
2025-12-04,test,tbill,1.934763975184584
2025-12-05,test,tbill,1.9280093136656486
2025-12-08,test,tbill,1.9132361836908438
2025-12-09,test,tbill,1.915647499677877
2025-12-10,test,tbill,1.9204917144315368
2025-12-11,test,tbill,1.9341792781879206
2025-12-12,test,tbill,1.9507577544018928
2025-12-15,test,tbill,1.9582980175934999
2025-12-16,test,tbill,1.9499492920128991
2025-12-17,test,tbill,1.9597940145766004
2025-12-18,test,tbill,1.9612428511721147
2025-12-19,test,tbill,1.9572437706118875
2025-12-22,test,tbill,1.965031676710903
2025-12-23,test,tbill,1.9656702137863535
2025-12-24,test,tbill,1.9712705058292634
2025-12-26,test,tbill,1.9683943670589792
2025-12-29,test,tbill,1.9727933755442988
2025-12-30,test,tbill,1.9703023300580116
2025-12-31,test,tbill,1.9571078827637152
2026-01-02,test,tbill,1.9614899499437202
2026-01-05,test,tbill,1.9669329366279855
2026-01-06,test,tbill,1.9642255600624532
2026-01-07,test,tbill,1.9476080004937062
2026-01-08,test,tbill,1.9733882003671706
2026-01-09,test,tbill,1.981985065147144
2026-01-12,test,tbill,1.9843111102226367
2026-01-13,test,tbill,1.9832807646002608
2026-01-14,test,tbill,1.9953257423952149
2026-01-15,test,tbill,2.0003431777869056
2026-01-16,test,tbill,2.008829853010415
2026-01-20,test,tbill,1.9945877885139116
2026-01-21,test,tbill,2.0031407548823976
2026-01-22,test,tbill,2.0055591353627498
2026-01-23,test,tbill,2.013669108091357
2026-01-26,test,tbill,2.0144937887407655
2026-01-27,test,tbill,1.997886820900067
2026-01-28,test,tbill,1.9889406434170263
2026-01-29,test,tbill,2.00149740303302
2026-01-30,test,tbill,2.0137009631395175
2026-02-02,test,tbill,2.006145664124689
2026-02-03,test,tbill,2.0238661011795354
2026-02-04,test,tbill,2.0708079658081635
2026-02-05,test,tbill,2.0680315001894973
2026-02-06,test,tbill,2.0648327686363994
2026-02-09,test,tbill,2.051261189793186
2026-02-10,test,tbill,2.055848709159529
2026-02-11,test,tbill,2.064145577804964
2026-02-12,test,tbill,2.0773102868721836
2026-02-13,test,tbill,2.10410144711859
2026-02-17,test,tbill,2.0968187651597563
2026-02-18,test,tbill,2.085001318621518
2026-02-19,test,tbill,2.093143792603638
2026-02-20,test,tbill,2.1083653210783546
2026-02-23,test,tbill,2.1134306862560095
2026-02-24,test,tbill,2.120308920116588
2026-02-25,test,tbill,2.1240830425600326
2026-02-26,test,tbill,2.1030546203467635
2026-02-27,test,tbill,2.123338829889673
2026-03-02,test,tbill,2.1360827209656166
2026-03-03,test,tbill,2.117567003862886
2026-03-04,test,tbill,2.107399274865099
2026-03-05,test,tbill,2.08949730717941
2026-03-06,test,tbill,2.0734402430150722
2026-03-09,test,tbill,2.0548985756341493
2026-03-10,test,tbill,2.040325735401413
2026-03-11,test,tbill,2.026830421032973
2026-03-12,test,tbill,2.0159199829729713
2026-03-13,test,tbill,2.0313819285987393
2026-03-16,test,tbill,2.0415171367826006
2026-03-17,test,tbill,2.035890264929888
2026-03-18,test,tbill,2.0051424026130356
2026-03-19,test,tbill,2.0000272109783883
2026-03-20,test,tbill,1.9805470746217795
2026-03-23,test,tbill,1.9868892847348525
2026-03-24,test,tbill,1.9897900770465768
2026-03-25,test,tbill,1.9975169684637637
2026-03-26,test,tbill,1.9982340013983575
2026-03-27,test,tbill,1.983745746374126
2026-03-30,test,tbill,2.0029872437103196
2026-03-31,test,tbill,2.0101165066833113
2026-04-01,test,tbill,2.0188791389946608
2026-04-02,test,tbill,2.0316475243521195
2026-04-06,test,tbill,2.037620277564561
2026-04-07,test,tbill,2.034633193207877
2026-04-08,test,tbill,2.0627929915554297
2026-04-09,test,tbill,2.074475446472068
2026-04-10,test,tbill,2.0606032138770844
2026-04-13,test,tbill,2.0672942797194427
2026-04-14,test,tbill,2.0573219463830132
2026-04-15,test,tbill,2.051461899516357
2026-04-16,test,tbill,2.0618964497864543
2026-04-17,test,tbill,2.070712466482735
2026-04-20,test,tbill,2.0688640021079125
2026-04-21,test,tbill,2.0511763687748426
2026-04-22,test,tbill,2.0371619774704066
2026-04-23,test,tbill,2.0611260749451508
2026-04-24,test,tbill,2.0574222724493323
2026-04-27,test,tbill,2.0604830410389448
2026-04-28,test,tbill,2.0609896626408255
2026-04-29,test,tbill,2.04410007771909
2026-04-30,test,tbill,2.054755213827554
2026-05-01,test,tbill,2.054710189661278
2026-05-04,test,tbill,2.036611923883638
2026-05-05,test,tbill,2.044062207229807
2026-05-06,test,tbill,2.038617107407514
2026-05-07,test,tbill,2.039681585424436
2026-05-08,test,tbill,2.032661433606781
2026-05-11,test,tbill,2.0279443635878143
2026-05-12,test,tbill,2.0260837360149218
2026-05-13,test,tbill,2.0251810922674838
2026-05-14,test,tbill,2.027057289199384
2026-05-15,test,tbill,2.008462153739338
2026-05-18,test,tbill,2.0347295274416948
2026-05-19,test,tbill,2.027280340532647
2026-05-20,test,tbill,2.0383342889873592
2026-05-21,test,tbill,2.0498414079881
2026-05-22,test,tbill,2.0512515586374915
2026-05-26,test,tbill,2.0498418725726895
2026-05-27,test,tbill,2.0459627604554678
2026-05-28,test,tbill,2.039414942799185
2026-05-29,test,tbill,2.021982780682939
2026-06-01,test,tbill,2.0056852461383
2026-06-02,test,tbill,2.0109022728223174
2026-06-03,test,tbill,2.007851708265194
2026-06-04,test,tbill,2.027180565484438
2026-06-05,test,tbill,2.048159103902053
2026-06-08,test,tbill,2.032584282441061
2026-06-09,test,tbill,2.0772255091644785
2026-06-10,test,tbill,2.0779038794372955
2026-06-11,test,tbill,2.080403313673381
2026-06-12,test,tbill,2.0963533532381597
2026-06-15,test,tbill,2.0854920029232438
2026-06-16,test,tbill,2.0934729144014756
2026-06-17,test,tbill,2.0763334348740385
2026-06-18,test,tbill,2.0736504898690336
2026-06-22,test,tbill,2.0753154792680744
2026-06-23,test,tbill,2.1009320631265953
2026-06-24,test,tbill,2.1287047275290623
2026-06-25,test,tbill,2.142286064355937
2026-06-26,test,tbill,2.1739343526530535
2026-06-29,test,tbill,2.1564140855009266
2026-06-30,test,tbill,2.1562309598302707
2026-07-01,test,tbill,2.1959079866450066
2026-07-02,test,tbill,2.22935605050717
2026-07-06,test,tbill,2.2133855313474866
2026-07-07,test,tbill,2.2167684581986666
2026-07-08,test,tbill,2.191900971772948
2026-07-09,test,tbill,2.193981022397548
2026-07-10,test,tbill,2.2086706318573897
2026-07-13,test,tbill,2.2226162263503393
2026-07-14,test,tbill,2.214812310989179
2026-07-15,test,tbill,2.212389970423571
2026-07-16,test,tbill,2.2627007385313447
2026-07-17,test,tbill,2.2482368408109026
2026-07-20,test,tbill,2.236837091351386
2026-07-21,test,tbill,2.2196073030838983
2026-07-22,test,tbill,2.2230875392806846
2026-07-23,test,tbill,2.212443960888597
2026-07-24,test,tbill,2.238236766047284
2026-07-27,test,tbill,2.249778541958563
2026-07-28,test,tbill,2.280494311566215
2026-07-29,test,tbill,2.2575465630567066
2026-07-30,test,tbill,2.227063462729994
2026-07-31,test,tbill,2.1960837353336746
2026-08-03,test,tbill,2.205781166145002
2026-08-04,test,tbill,2.210083723113215
2026-08-05,test,tbill,2.231428195973439
2026-08-06,test,tbill,2.2200846570550934
2026-08-07,test,tbill,2.223799903504228
2026-08-10,test,tbill,2.2249136765800577
2026-08-11,test,tbill,2.23174148018568
2026-08-12,test,tbill,2.2232537159049013
2026-08-13,test,tbill,2.2228998911888933
2026-08-14,test,tbill,2.2276729102166835
2026-08-17,test,tbill,2.2055793019924437
2026-08-18,test,tbill,2.2121796388783728
2026-08-19,test,tbill,2.225802435449129
2026-08-20,test,tbill,2.2195417055827447
2026-08-21,test,tbill,2.2366979782860303
2026-08-24,test,tbill,2.259823338198059
2026-08-25,test,tbill,2.2577481502265995
2019-01-02,test,spy_always,1.0
2019-01-03,test,spy_always,0.9761368601783458
2019-01-04,test,spy_always,1.008833361775192
2019-01-07,test,spy_always,1.0167876962633124
2019-01-08,test,spy_always,1.0263408881864065
2019-01-09,test,spy_always,1.0311372559553877
2019-01-10,test,spy_always,1.034775063987364
2019-01-11,test,spy_always,1.0351747272121228
2019-01-14,test,spy_always,1.0288590664884296
2019-01-15,test,spy_always,1.0406505633703813
2019-01-16,test,spy_always,1.0431689462083433
2019-01-17,test,spy_always,1.051082850759193
2019-01-18,test,spy_always,1.0650729044491953
2019-01-22,test,spy_always,1.0506833920703735
2019-01-23,test,spy_always,1.052881744342485
2019-01-24,test,spy_always,1.0534413546715227
2019-01-25,test,spy_always,1.0623550308920857
2019-01-28,test,spy_always,1.0542807019864326
2019-01-29,test,spy_always,1.052881744342485
2019-01-30,test,spy_always,1.0695495825455577
2019-01-31,test,spy_always,1.0789429637216652
2019-02-01,test,spy_always,1.0794624168280174
2019-02-04,test,spy_always,1.0870571771354187
2019-02-05,test,spy_always,1.0916139651412131
2019-02-06,test,spy_always,1.0901750548105187
2019-02-07,test,spy_always,1.0797827882870998
2019-02-08,test,spy_always,1.0811014314856766
2019-02-11,test,spy_always,1.0817009263228148
2019-02-12,test,spy_always,1.0956112109966163
2019-02-13,test,spy_always,1.0991687045832215
2019-02-14,test,spy_always,1.0967301589401062
2019-02-15,test,spy_always,1.108681398390398
2019-02-19,test,spy_always,1.1106001500339298
2019-02-20,test,spy_always,1.1128384549927877
2019-02-21,test,spy_always,1.1088814345387163
2019-02-22,test,spy_always,1.1157563646982156
2019-02-25,test,spy_always,1.1172755894742814
2019-02-26,test,spy_always,1.1164759221315326
2019-02-27,test,spy_always,1.1159964898905734
2019-02-28,test,spy_always,1.1139177229641164
2019-03-01,test,spy_always,1.1186357642191949
2019-03-04,test,spy_always,1.1054956149109925
2019-03-05,test,spy_always,1.1070790881973225
2019-03-06,test,spy_always,1.0989756268806268
2019-03-07,test,spy_always,1.091685311372207
2019-03-08,test,spy_always,1.0902159002784484
2019-03-11,test,spy_always,1.1046194345061495
2019-03-12,test,spy_always,1.1082172092451126
2019-03-13,test,spy_always,1.1167414856602296
2019-03-14,test,spy_always,1.1180209844454643
2019-03-15,test,spy_always,1.1188907737411231
2019-03-18,test,spy_always,1.1263168835260504
2019-03-19,test,spy_always,1.1226969499065083
2019-03-20,test,spy_always,1.1143486206786666
2019-03-21,test,spy_always,1.1287083965218827
2019-03-22,test,spy_always,1.1070433759384681
2019-03-25,test,spy_always,1.1125934217920626
2019-03-26,test,spy_always,1.1199489947289376
2019-03-27,test,spy_always,1.1213244803262348
2019-03-28,test,spy_always,1.1309833688105753
2019-03-29,test,spy_always,1.1360647081301785
2019-04-01,test,spy_always,1.1427339030258652
2019-04-02,test,spy_always,1.1445531508725029
2019-04-03,test,spy_always,1.1502321228070136
2019-04-04,test,spy_always,1.1509300040931016
2019-04-05,test,spy_always,1.155466005575198
2019-04-08,test,spy_always,1.1523010744639401
2019-04-09,test,spy_always,1.140919642358622
2019-04-10,test,spy_always,1.1480088783427798
2019-04-11,test,spy_always,1.1422857141018725
2019-04-12,test,spy_always,1.1396016312473085
2019-04-15,test,spy_always,1.149254298061353
2019-04-16,test,spy_always,1.144160486156855
2019-04-17,test,spy_always,1.1336293168101768
2019-04-18,test,spy_always,1.1487579568625244
2019-04-22,test,spy_always,1.1486925051747863
2019-04-23,test,spy_always,1.1580709755579564
2019-04-24,test,spy_always,1.1648724880796828
2019-04-25,test,spy_always,1.1671201357402425
2019-04-26,test,spy_always,1.178391447305057
2019-04-29,test,spy_always,1.184649977125055
2019-04-30,test,spy_always,1.1902540052292572
2019-05-01,test,spy_always,1.1715281663797263
2019-05-02,test,spy_always,1.174960305424063
2019-05-03,test,spy_always,1.182820381091419
2019-05-06,test,spy_always,1.192529378394551
2019-05-07,test,spy_always,1.1740118090857696
2019-05-08,test,spy_always,1.1749108613020378
2019-05-09,test,spy_always,1.1743656911719933
2019-05-10,test,spy_always,1.1809527813857446
2019-05-13,test,spy_always,1.164013457029179
2019-05-14,test,spy_always,1.1679317349536726
2019-05-15,test,spy_always,1.172990139197051
2019-05-16,test,spy_always,1.1825385666987651
2019-05-17,test,spy_always,1.1859217409084757
2019-05-20,test,spy_always,1.1912095082609828
2019-05-21,test,spy_always,1.2019882774137518
2019-05-22,test,spy_always,1.201107922376461
2019-05-23,test,spy_always,1.1908676651259609
2019-05-24,test,spy_always,1.194987087876127
2019-05-28,test,spy_always,1.1846424614307371
2019-05-29,test,spy_always,1.183564227492255
2019-05-30,test,spy_always,1.192691882578306
2019-05-31,test,spy_always,1.1894674951786843
2019-06-03,test,spy_always,1.1886586931422372
2019-06-04,test,spy_always,1.212154495641773
2019-06-05,test,spy_always,1.2219582904873345
2019-06-06,test,spy_always,1.2252246827950581
2019-06-07,test,spy_always,1.2368334666743246
2019-06-10,test,spy_always,1.2387743316922823
2019-06-11,test,spy_always,1.2284175494830036
2019-06-12,test,spy_always,1.2327732631072938
2019-06-13,test,spy_always,1.23633948156957
2019-06-14,test,spy_always,1.2367216101528458
2019-06-17,test,spy_always,1.2320864680325219
2019-06-18,test,spy_always,1.2383628634126103
2019-06-19,test,spy_always,1.2456635440530808
2019-06-20,test,spy_always,1.2593702141756309
2019-06-21,test,spy_always,1.2550035738947394
2019-06-24,test,spy_always,1.2476194818043262
2019-06-25,test,spy_always,1.2408634978398563
2019-06-26,test,spy_always,1.2244794106096044
2019-06-27,test,spy_always,1.2398123119281284
2019-06-28,test,spy_always,1.2442154424061214
2019-07-01,test,spy_always,1.2499046248921877
2019-07-02,test,spy_always,1.2620625640833618
2019-07-03,test,spy_always,1.2764673705439376
2019-07-05,test,spy_always,1.2796189000687461
2019-07-08,test,spy_always,1.2809810946897195
2019-07-09,test,spy_always,1.2844493880683794
2019-07-10,test,spy_always,1.2917891957606624
2019-07-11,test,spy_always,1.293508194513327
2019-07-12,test,spy_always,1.2984562347554764
2019-07-15,test,spy_always,1.2993454480670041
2019-07-16,test,spy_always,1.2988093387711288
2019-07-17,test,spy_always,1.2963522889034256
2019-07-18,test,spy_always,1.298801965974931
2019-07-19,test,spy_always,1.2815505276619183
2019-07-22,test,spy_always,1.2783122441028256
2019-07-23,test,spy_always,1.284310871300593
2019-07-24,test,spy_always,1.2593112362606926
2019-07-25,test,spy_always,1.259404215927325
2019-07-26,test,spy_always,1.268504682407411
2019-07-29,test,spy_always,1.2653955229054363
2019-07-30,test,spy_always,1.2631513201936413
2019-07-31,test,spy_always,1.256608753308313
2019-08-01,test,spy_always,1.269932312167303
2019-08-02,test,spy_always,1.272101487338663
2019-08-05,test,spy_always,1.2478713714407503
2019-08-06,test,spy_always,1.2694619997445593
2019-08-07,test,spy_always,1.2810059749028564
2019-08-08,test,spy_always,1.2990200817841822
2019-08-09,test,spy_always,1.305044100757181
2019-08-12,test,spy_always,1.2929804013779296
2019-08-13,test,spy_always,1.3030833881870891
2019-08-14,test,spy_always,1.2842053721137259
2019-08-15,test,spy_always,1.2972538430836207
2019-08-16,test,spy_always,1.3123919707294767
2019-08-19,test,spy_always,1.3205924681115002
2019-08-20,test,spy_always,1.3114802532303087
2019-08-21,test,spy_always,1.3156465982219891
2019-08-22,test,spy_always,1.3154519889139755
2019-08-23,test,spy_always,1.291135045695321
2019-08-26,test,spy_always,1.2980884465275266
2019-08-27,test,spy_always,1.296092465845305
2019-08-28,test,spy_always,1.2999861384566558
2019-08-29,test,spy_always,1.3077620549318807
2019-08-30,test,spy_always,1.3092715634898997
2019-09-03,test,spy_always,1.3091789841025963
2019-09-04,test,spy_always,1.3225469158908876
2019-09-05,test,spy_always,1.3314131511402894
2019-09-06,test,spy_always,1.3243471326364882
2019-09-09,test,spy_always,1.3074860196142273
2019-09-10,test,spy_always,1.298425144829669
2019-09-11,test,spy_always,1.3037547213808807
2019-09-12,test,spy_always,1.305146058190934
2019-09-13,test,spy_always,1.3062640720746448
2019-09-16,test,spy_always,1.3050207685186588
2019-09-17,test,spy_always,1.312389380126203
2019-09-18,test,spy_always,1.308252353544062
2019-09-19,test,spy_always,1.315758718810595
2019-09-20,test,spy_always,1.3121618400031265
2019-09-23,test,spy_always,1.3123575407998984
2019-09-24,test,spy_always,1.3084184765754572
2019-09-25,test,spy_always,1.3127102670011226
2019-09-26,test,spy_always,1.3079944881325598
2019-09-27,test,spy_always,1.3005740622996778
2019-09-30,test,spy_always,1.3126571467074581
2019-10-01,test,spy_always,1.2997315803424896
2019-10-02,test,spy_always,1.2862655338541924
2019-10-03,test,spy_always,1.2908127868858563
2019-10-04,test,spy_always,1.313977833362935
2019-10-07,test,spy_always,1.305684265010331
2019-10-08,test,spy_always,1.2898493567567753
2019-10-09,test,spy_always,1.297194342953556
2019-10-10,test,spy_always,1.301898053280704
2019-10-11,test,spy_always,1.310021841959032
2019-10-14,test,spy_always,1.3049319901406207
2019-10-15,test,spy_always,1.3211817098493555
2019-10-16,test,spy_always,1.3161029463497707
2019-10-17,test,spy_always,1.3421984817221762
2019-10-18,test,spy_always,1.3569447048093366
2019-10-21,test,spy_always,1.3468151959848658
2019-10-22,test,spy_always,1.33991294629323
2019-10-23,test,spy_always,1.3377280471651494
2019-10-24,test,spy_always,1.3347327058866323
2019-10-25,test,spy_always,1.3247440508859811
2019-10-28,test,spy_always,1.325870274078869
2019-10-29,test,spy_always,1.3425795960321585
2019-10-30,test,spy_always,1.353639560139947
2019-10-31,test,spy_always,1.34419373104788
2019-11-01,test,spy_always,1.3465111595279464
2019-11-04,test,spy_always,1.335143601975948
2019-11-05,test,spy_always,1.324806642943397
2019-11-06,test,spy_always,1.3330944078542186
2019-11-07,test,spy_always,1.3299096466866593
2019-11-08,test,spy_always,1.3293641990609073
2019-11-11,test,spy_always,1.3299943574939035
2019-11-12,test,spy_always,1.3309130684281592
2019-11-13,test,spy_always,1.3373049572780944
2019-11-14,test,spy_always,1.3442928729370445
2019-11-15,test,spy_always,1.3489949303261939
2019-11-18,test,spy_always,1.3496735188041498
2019-11-19,test,spy_always,1.3522251791366195
2019-11-20,test,spy_always,1.3544019600922688
2019-11-21,test,spy_always,1.3378929607113323
2019-11-22,test,spy_always,1.340280246980029
2019-11-25,test,spy_always,1.347048208996989
2019-11-26,test,spy_always,1.3594102768299754
2019-11-27,test,spy_always,1.3573413536106573
2019-11-29,test,spy_always,1.3515069411519953
2019-12-02,test,spy_always,1.3391051019025497
2019-12-03,test,spy_always,1.3343550645071522
2019-12-04,test,spy_always,1.3421260732677913
2019-12-05,test,spy_always,1.3520114816745903
2019-12-06,test,spy_always,1.355887052805196
2019-12-09,test,spy_always,1.349797546497244
2019-12-10,test,spy_always,1.3435991829767506
2019-12-11,test,spy_always,1.3459095466540805
2019-12-12,test,spy_always,1.3427459087985785
2019-12-13,test,spy_always,1.3421723197979676
2019-12-16,test,spy_always,1.3544921545184676
2019-12-17,test,spy_always,1.3607026323651326
2019-12-18,test,spy_always,1.3480448682107986
2019-12-19,test,spy_always,1.3472024658557575
2019-12-20,test,spy_always,1.3564683205847543
2019-12-23,test,spy_always,1.3496323831644181
2019-12-24,test,spy_always,1.3497585766300164
2019-12-26,test,spy_always,1.3497434418488905
2019-12-27,test,spy_always,1.3518934099820332
2019-12-30,test,spy_always,1.3517525327584907
2019-12-31,test,spy_always,1.3534095746719204
2020-01-02,test,spy_always,1.353623556781056
2020-01-03,test,spy_always,1.3571326289078318
2020-01-06,test,spy_always,1.3624874294144986
2020-01-07,test,spy_always,1.3549030454524098
2020-01-08,test,spy_always,1.3598005202345873
2020-01-09,test,spy_always,1.370655507737001
2020-01-10,test,spy_always,1.3761028765003207
2020-01-13,test,spy_always,1.379761598054068
2020-01-14,test,spy_always,1.3740486352162775
2020-01-15,test,spy_always,1.3917117945759052
2020-01-16,test,spy_always,1.405252497354346
2020-01-17,test,spy_always,1.4092166606521137
2020-01-21,test,spy_always,1.4139415122487458
2020-01-22,test,spy_always,1.4114903859956776
2020-01-23,test,spy_always,1.4159676499079377
2020-01-24,test,spy_always,1.4076933303004058
2020-01-27,test,spy_always,1.3982306987453477
2020-01-28,test,spy_always,1.4058100044106199
2020-01-29,test,spy_always,1.4172996437707703
2020-01-30,test,spy_always,1.4286715182068341
2020-01-31,test,spy_always,1.4106949112347509
2020-02-03,test,spy_always,1.417766525354385
2020-02-04,test,spy_always,1.4344552832126385
2020-02-05,test,spy_always,1.451270322256932
2020-02-06,test,spy_always,1.4524601510665522
2020-02-07,test,spy_always,1.4504597206466154
2020-02-10,test,spy_always,1.4575765068614752
2020-02-11,test,spy_always,1.467073624238878
2020-02-12,test,spy_always,1.4806562720496717
2020-02-13,test,spy_always,1.4928852988111374
2020-02-14,test,spy_always,1.5013039809281838
2020-02-18,test,spy_always,1.4974482360960788
2020-02-19,test,spy_always,1.4915556662300362
2020-02-20,test,spy_always,1.4894001726084687
2020-02-21,test,spy_always,1.4918452598483012
2020-02-24,test,spy_always,1.456675821900431
2020-02-25,test,spy_always,1.4228634813101844
2020-02-26,test,spy_always,1.4217257013219071
2020-02-27,test,spy_always,1.358893823349918
2020-02-28,test,spy_always,1.328677551491133
2020-03-02,test,spy_always,1.399259198599621
2020-03-03,test,spy_always,1.3750469035673747
2020-03-04,test,spy_always,1.4489804999454243
2020-03-05,test,spy_always,1.424715820884872
2020-03-06,test,spy_always,1.414657840788571
2020-03-09,test,spy_always,1.3371940659019355
2020-03-10,test,spy_always,1.3738726090907192
2020-03-11,test,spy_always,1.3133969520196598
2020-03-12,test,spy_always,1.1865480199050862
2020-03-13,test,spy_always,1.2865870232592607
2020-03-16,test,spy_always,1.1405064540236034
2020-03-17,test,spy_always,1.2255996314583595
2020-03-18,test,spy_always,1.1710544955962754
2020-03-19,test,spy_always,1.1596026453843356
2020-03-20,test,spy_always,1.103830621730886
2020-03-23,test,spy_always,1.0638339746535883
2020-03-24,test,spy_always,1.136501746473159
2020-03-25,test,spy_always,1.1496720695928093
2020-03-26,test,spy_always,1.2214664237671904
2020-03-27,test,spy_always,1.1986798905584841
2020-03-30,test,spy_always,1.2487692189548365
2020-03-31,test,spy_always,1.223789589656431
2020-04-01,test,spy_always,1.169006183681397
2020-04-02,test,spy_always,1.1962745572041356
2020-04-03,test,spy_always,1.1736797838434685
2020-04-06,test,spy_always,1.2319284219780717
2020-04-07,test,spy_always,1.2252304334810151
2020-04-08,test,spy_always,1.2749896437570858
2020-04-09,test,spy_always,1.3140428187719346
2020-04-13,test,spy_always,1.2809667766936512
2020-04-14,test,spy_always,1.3200605947291608
2020-04-15,test,spy_always,1.29016447726534
2020-04-16,test,spy_always,1.3095437216876005
2020-04-17,test,spy_always,1.3285562122091985
2020-04-20,test,spy_always,1.2952118941192738
2020-04-21,test,spy_always,1.2704210735289974
2020-04-22,test,spy_always,1.2871066060566883
2020-04-23,test,spy_always,1.2857402238107531
2020-04-24,test,spy_always,1.295154914744251
2020-04-27,test,spy_always,1.321833614336412
2020-04-28,test,spy_always,1.323515464011992
2020-04-29,test,spy_always,1.3354132795849505
2020-04-30,test,spy_always,1.313819815110578
2020-05-01,test,spy_always,1.2860372311638377
2020-05-04,test,spy_always,1.289768334608948
2020-05-05,test,spy_always,1.313021277140211
2020-05-06,test,spy_always,1.2868845326869933
2020-05-07,test,spy_always,1.2867673292468373
2020-05-08,test,spy_always,1.3003769221587642
2020-05-11,test,spy_always,1.293492736563249
2020-05-12,test,spy_always,1.259832420013184
2020-05-13,test,spy_always,1.2328861933240194
2020-05-14,test,spy_always,1.2521746758257295
2020-05-15,test,spy_always,1.259861835375113
2020-05-18,test,spy_always,1.298829934739237
2020-05-19,test,spy_always,1.2809454477403406
2020-05-20,test,spy_always,1.2860977704571717
2020-05-21,test,spy_always,1.2860744216687876
2020-05-22,test,spy_always,1.2913529414847866
2020-05-26,test,spy_always,1.3164817935399225
2020-05-27,test,spy_always,1.3435018323936427
2020-05-28,test,spy_always,1.3491164676805496
2020-05-29,test,spy_always,1.3579434358562872
2020-06-01,test,spy_always,1.3627217137787033
2020-06-02,test,spy_always,1.3680330371019371
2020-06-03,test,spy_always,1.3905409599273537
2020-06-04,test,spy_always,1.3724094689546729
2020-06-05,test,spy_always,1.4204733807775014
2020-06-08,test,spy_always,1.425633182871541
2020-06-09,test,spy_always,1.4129535788377674
2020-06-10,test,spy_always,1.3956174347876436
2020-06-11,test,spy_always,1.3240478796986352
2020-06-12,test,spy_always,1.3286756275309235
2020-06-15,test,spy_always,1.362184852994638
2020-06-16,test,spy_always,1.3828381808501313
2020-06-17,test,spy_always,1.378505697682213
2020-06-18,test,spy_always,1.376007147816774
2020-06-19,test,spy_always,1.3651536778756639
2020-06-22,test,spy_always,1.3676505697879775
2020-06-23,test,spy_always,1.3710413197947302
2020-06-24,test,spy_always,1.3389550476800158
2020-06-25,test,spy_always,1.360114771013997
2020-06-26,test,spy_always,1.3348721521472817
2020-06-29,test,spy_always,1.357591403419757
2020-06-30,test,spy_always,1.3766846268818818
2020-07-01,test,spy_always,1.3871245636220355
2020-07-02,test,spy_always,1.387991495335839
2020-07-06,test,spy_always,1.3996676718410608
2020-07-07,test,spy_always,1.3855061628437626
2020-07-08,test,spy_always,1.3962316999134425
2020-07-09,test,spy_always,1.3838188130019091
2020-07-10,test,spy_always,1.4003084496691673
2020-07-13,test,spy_always,1.3989686246929893
2020-07-14,test,spy_always,1.428989367995268
2020-07-15,test,spy_always,1.4390073927897602
2020-07-16,test,spy_always,1.446774369698065
2020-07-17,test,spy_always,1.455139814796552
2020-07-20,test,spy_always,1.4594140990992064
2020-07-21,test,spy_always,1.4650501418076003
2020-07-22,test,spy_always,1.4848717486218643
2020-07-23,test,spy_always,1.4840136584688006
2020-07-24,test,spy_always,1.4792410718272717
2020-07-27,test,spy_always,1.4809001454271473
2020-07-28,test,spy_always,1.4781736505589353
2020-07-29,test,spy_always,1.5067746247024054
2020-07-30,test,spy_always,1.4968785295242568
2020-07-31,test,spy_always,1.5023429153461794
2020-08-03,test,spy_always,1.5013014437894316
2020-08-04,test,spy_always,1.5130264064081203
2020-08-05,test,spy_always,1.511726724818222
2020-08-06,test,spy_always,1.5174680744734912
2020-08-07,test,spy_always,1.5348873607283189
2020-08-10,test,spy_always,1.522890255008827
2020-08-11,test,spy_always,1.4977492260498797
2020-08-12,test,spy_always,1.5166388405570648
2020-08-13,test,spy_always,1.5128302706664614
2020-08-14,test,spy_always,1.5139175324623975
2020-08-17,test,spy_always,1.5196287379770645
2020-08-18,test,spy_always,1.5226366287391349
2020-08-19,test,spy_always,1.508842116156896
2020-08-20,test,spy_always,1.5130886711980354
2020-08-21,test,spy_always,1.5210625011122114
2020-08-24,test,spy_always,1.5205356586180374
2020-08-25,test,spy_always,1.522561005195094
2020-08-26,test,spy_always,1.5165366483772464
2020-08-27,test,spy_always,1.5298616707722683
2020-08-28,test,spy_always,1.5375978640604737
2020-08-31,test,spy_always,1.5392362223217704
2020-09-01,test,spy_always,1.5362456088900318
2020-09-02,test,spy_always,1.563785936442879
2020-09-03,test,spy_always,1.531026498935377
2020-09-04,test,spy_always,1.5130532988705154
2020-09-08,test,spy_always,1.489165620069388
2020-09-09,test,spy_always,1.5183256329795254
2020-09-10,test,spy_always,1.4905078380386674
2020-09-11,test,spy_always,1.4878459553180094
2020-09-14,test,spy_always,1.5073133727130545
2020-09-15,test,spy_always,1.5124723465522951
2020-09-16,test,spy_always,1.513043496684458
2020-09-17,test,spy_always,1.4935470974336684
2020-09-18,test,spy_always,1.480422961241849
2020-09-21,test,spy_always,1.4579120647422874
2020-09-22,test,spy_always,1.4586171232172955
2020-09-23,test,spy_always,1.4244337699403955
2020-09-24,test,spy_always,1.4350281352371124
2020-09-25,test,spy_always,1.4604953916949632
2020-09-28,test,spy_always,1.4775831960859336
2020-09-29,test,spy_always,1.4741172834523308
2020-09-30,test,spy_always,1.486675576573332
2020-10-01,test,spy_always,1.498463192340939
2020-10-02,test,spy_always,1.5052264587649578
2020-10-05,test,spy_always,1.5251692460772355
2020-10-06,test,spy_always,1.516523755369588
2020-10-07,test,spy_always,1.5304427931767677
2020-10-08,test,spy_always,1.5445772576110344
2020-10-09,test,spy_always,1.5572226959546869
2020-10-12,test,spy_always,1.5794310928040236
2020-10-13,test,spy_always,1.559660189933357
2020-10-14,test,spy_always,1.5385943505767343
2020-10-15,test,spy_always,1.5407470108166132
2020-10-16,test,spy_always,1.5413787030806334
2020-10-19,test,spy_always,1.5189877158933711
2020-10-20,test,spy_always,1.5283644575480313
2020-10-21,test,spy_always,1.5250051118290995
2020-10-22,test,spy_always,1.530803682413682
2020-10-23,test,spy_always,1.5381630064803644
2020-10-26,test,spy_always,1.5193392386544553
2020-10-27,test,spy_always,1.5083135712502322
2020-10-28,test,spy_always,1.4667740635610242
2020-10-29,test,spy_always,1.475991075389329
2020-10-30,test,spy_always,1.4640420258192643
2020-11-02,test,spy_always,1.4957996114509917
2020-11-03,test,spy_always,1.518789138632519
2020-11-04,test,spy_always,1.5509587853732363
2020-11-05,test,spy_always,1.5649548708013892
2020-11-06,test,spy_always,1.5596686036473228
2020-11-09,test,spy_always,1.5297415929873925
2020-11-10,test,spy_always,1.5447783343244879
2020-11-11,test,spy_always,1.5592392319889588
2020-11-12,test,spy_always,1.5539807076297703
2020-11-13,test,spy_always,1.5755197216381691
2020-11-16,test,spy_always,1.5867951993811966
2020-11-17,test,spy_always,1.5725498881519815
2020-11-18,test,spy_always,1.5454214211821635
2020-11-19,test,spy_always,1.5394443089117054
2020-11-20,test,spy_always,1.5337477532034556
2020-11-23,test,spy_always,1.5341211339044358
2020-11-24,test,spy_always,1.5277397844699332
2020-11-25,test,spy_always,1.5374769015388048
2020-11-27,test,spy_always,1.5379461418759852
2020-11-30,test,spy_always,1.5231505051035068
2020-12-01,test,spy_always,1.5439735218690436
2020-12-02,test,spy_always,1.5345681716944573
2020-12-03,test,spy_always,1.523869607786178
2020-12-04,test,spy_always,1.540384951562004
2020-12-07,test,spy_always,1.5361046697307557
2020-12-08,test,spy_always,1.5451583605889263
2020-12-09,test,spy_always,1.540104875226492
2020-12-10,test,spy_always,1.5372725527197424
2020-12-11,test,spy_always,1.5357350167548562
2020-12-14,test,spy_always,1.5336972437520622
2020-12-15,test,spy_always,1.563260449090867
2020-12-16,test,spy_always,1.5692377575828733
2020-12-17,test,spy_always,1.5845768900216832
2020-12-18,test,spy_always,1.5824762970827988
2020-12-21,test,spy_always,1.5673177282831188
2020-12-22,test,spy_always,1.5713213037546938
2020-12-23,test,spy_always,1.5639412121059435
2020-12-24,test,spy_always,1.5766992299106741
2020-12-28,test,spy_always,1.5875680714025708
2020-12-29,test,spy_always,1.5777559651289297
2020-12-30,test,spy_always,1.5799934954769908
2020-12-31,test,spy_always,1.598981692108936
2021-01-04,test,spy_always,1.5646559627653147
2021-01-05,test,spy_always,1.5666627493855778
2021-01-06,test,spy_always,1.5846173346999164
2021-01-07,test,spy_always,1.5938570797024147
2021-01-08,test,spy_always,1.599118132431679
2021-01-11,test,spy_always,1.5855079637333753
2021-01-12,test,spy_always,1.579749109446414
2021-01-13,test,spy_always,1.5758562724213405
2021-01-14,test,spy_always,1.5635194371767684
2021-01-15,test,spy_always,1.579235105478
2021-01-19,test,spy_always,1.5799904274824008
2021-01-20,test,spy_always,1.5960028129668835
2021-01-21,test,spy_always,1.5914535297976138
2021-01-22,test,spy_always,1.5876059714283193
2021-01-25,test,spy_always,1.6050157615524665
2021-01-26,test,spy_always,1.6051891778451153
2021-01-27,test,spy_always,1.5622684029318608
2021-01-28,test,spy_always,1.5679904200646295
2021-01-29,test,spy_always,1.5510616011510143
2021-02-01,test,spy_always,1.5677377442204177
2021-02-02,test,spy_always,1.5757335247586803
2021-02-03,test,spy_always,1.567212365530849
2021-02-04,test,spy_always,1.574224040543504
2021-02-05,test,spy_always,1.5715296893339994
2021-02-08,test,spy_always,1.5702675557490533
2021-02-09,test,spy_always,1.5708622661497167
2021-02-10,test,spy_always,1.5736520959692049
2021-02-11,test,spy_always,1.5811974405984797
2021-02-12,test,spy_always,1.578208739765573
2021-02-16,test,spy_always,1.5554092014697456
2021-02-17,test,spy_always,1.5602321694725165
2021-02-18,test,spy_always,1.5676174141001697
2021-02-19,test,spy_always,1.5517311353535774
2021-02-22,test,spy_always,1.5485152603446457
2021-02-23,test,spy_always,1.5572208609769076
2021-02-24,test,spy_always,1.550373869937288
2021-02-25,test,spy_always,1.523518036296523
2021-02-26,test,spy_always,1.5050221358276152
2021-03-01,test,spy_always,1.5211053816378162
2021-03-02,test,spy_always,1.5117272234965693
2021-03-03,test,spy_always,1.4911403470835158
2021-03-04,test,spy_always,1.4782582593592082
2021-03-05,test,spy_always,1.516425971004523
2021-03-08,test,spy_always,1.5253869870829206
2021-03-09,test,spy_always,1.5348929742034345
2021-03-10,test,spy_always,1.5467844677368365
2021-03-11,test,spy_always,1.5686629631530093
2021-03-12,test,spy_always,1.5838333866403085
2021-03-15,test,spy_always,1.6031657901907141
2021-03-16,test,spy_always,1.6042114872462954
2021-03-17,test,spy_always,1.5931921784077443
2021-03-18,test,spy_always,1.5954638181617786
2021-03-19,test,spy_always,1.5872395685098357
2021-03-22,test,spy_always,1.5954607796795828
2021-03-23,test,spy_always,1.6113030197820255
2021-03-24,test,spy_always,1.6123912842220651
2021-03-25,test,spy_always,1.6217085307301653
2021-03-26,test,spy_always,1.6499866863435155
2021-03-29,test,spy_always,1.657096595589747
2021-03-30,test,spy_always,1.6404375758440148
2021-03-31,test,spy_always,1.6362296861504453
2021-04-01,test,spy_always,1.6477231107354893
2021-04-05,test,spy_always,1.6597636356084124
2021-04-06,test,spy_always,1.6563665065838635
2021-04-07,test,spy_always,1.6575947483951228
2021-04-08,test,spy_always,1.650952662654859
2021-04-09,test,spy_always,1.6644877948328602
2021-04-12,test,spy_always,1.6720798633682754
2021-04-13,test,spy_always,1.680993102668755
2021-04-14,test,spy_always,1.6764510107467048
2021-04-15,test,spy_always,1.713020389068276
2021-04-16,test,spy_always,1.7182589064412075
2021-04-19,test,spy_always,1.71872829689891
2021-04-20,test,spy_always,1.7366971763680419
2021-04-21,test,spy_always,1.7434594169385744
2021-04-22,test,spy_always,1.72862776506775
2021-04-23,test,spy_always,1.7370979305563998
2021-04-26,test,spy_always,1.7312096080919583
2021-04-27,test,spy_always,1.7246276527934528
2021-04-28,test,spy_always,1.729250168122737
2021-04-29,test,spy_always,1.7470903058547156
2021-04-30,test,spy_always,1.7458396212087866
2021-05-03,test,spy_always,1.7547154470349573
2021-05-04,test,spy_always,1.7465300061603095
2021-05-05,test,spy_always,1.7347191838290155
2021-05-06,test,spy_always,1.7481310812815474
2021-05-07,test,spy_always,1.761246782885792
2021-05-10,test,spy_always,1.7618156880034532
2021-05-11,test,spy_always,1.7414721315737731
2021-05-12,test,spy_always,1.7143149517303196
2021-05-13,test,spy_always,1.7356737730354994
2021-05-14,test,spy_always,1.7498133330573262
2021-05-17,test,spy_always,1.7413516731205203
2021-05-18,test,spy_always,1.744581663052261
2021-05-19,test,spy_always,1.7350887608282413
2021-05-20,test,spy_always,1.755768265451788
2021-05-21,test,spy_always,1.7468351884167979
2021-05-24,test,spy_always,1.748397364540811
2021-05-25,test,spy_always,1.7420432747361227
2021-05-26,test,spy_always,1.7424192023068563
2021-05-27,test,spy_always,1.7387713766185775
2021-05-28,test,spy_always,1.743942407532422
2021-06-01,test,spy_always,1.732719425412332
2021-06-02,test,spy_always,1.7505915360456001
2021-06-03,test,spy_always,1.7576660907122343
2021-06-04,test,spy_always,1.7626309930254138
2021-06-07,test,spy_always,1.7516676390232402
2021-06-08,test,spy_always,1.7489464835337678
2021-06-09,test,spy_always,1.745818617881164
2021-06-10,test,spy_always,1.760068555921857
2021-06-11,test,spy_always,1.7550763278615178
2021-06-14,test,spy_always,1.76026133073885
2021-06-15,test,spy_always,1.756011483118415
2021-06-16,test,spy_always,1.7348150119304007
2021-06-17,test,spy_always,1.7442377387806274
2021-06-18,test,spy_always,1.7182719364204244
2021-06-21,test,spy_always,1.7514080985374147
2021-06-22,test,spy_always,1.7485763899874902
2021-06-23,test,spy_always,1.7427865093006294
2021-06-24,test,spy_always,1.7489252782415758
2021-06-25,test,spy_always,1.7645667367391067
2021-06-28,test,spy_always,1.7714141239323282
2021-06-29,test,spy_always,1.775354903504924
2021-06-30,test,spy_always,1.7614422980324786
2021-07-01,test,spy_always,1.7726762494198312
2021-07-02,test,spy_always,1.7786997138600946
2021-07-06,test,spy_always,1.7804913679460728
2021-07-07,test,spy_always,1.7942590898726944
2021-07-08,test,spy_always,1.7813306621377252
2021-07-09,test,spy_always,1.7961794070092334
2021-07-12,test,spy_always,1.8027401921477142
2021-07-13,test,spy_always,1.785079807678169
2021-07-14,test,spy_always,1.7801961755318663
2021-07-15,test,spy_always,1.7818723237312406
2021-07-16,test,spy_always,1.7915020556433694
2021-07-19,test,spy_always,1.775369273756196
2021-07-20,test,spy_always,1.792607598730547
2021-07-21,test,spy_always,1.7817453549085267
2021-07-22,test,spy_always,1.7815936638321994
2021-07-23,test,spy_always,1.804137127292468
2021-07-26,test,spy_always,1.7989720870215655
2021-07-27,test,spy_always,1.810770807022866
2021-07-28,test,spy_always,1.7943657962698016
2021-07-29,test,spy_always,1.8121178829636053
2021-07-30,test,spy_always,1.8169936005822762
2021-08-02,test,spy_always,1.8143587244968236
2021-08-03,test,spy_always,1.8263872714366702
2021-08-04,test,spy_always,1.814423864089007
2021-08-05,test,spy_always,1.8277691703201047
2021-08-06,test,spy_always,1.8322914476820773
2021-08-09,test,spy_always,1.8405058937973047
2021-08-10,test,spy_always,1.8291692351728384
2021-08-11,test,spy_always,1.8292695099592464
2021-08-12,test,spy_always,1.8344800167418567
2021-08-13,test,spy_always,1.8408016729834311
2021-08-16,test,spy_always,1.8554429451878682
2021-08-17,test,spy_always,1.855789960444853
2021-08-18,test,spy_always,1.834331556082406
2021-08-19,test,spy_always,1.84974202558441
2021-08-20,test,spy_always,1.862753770320071
2021-08-23,test,spy_always,1.8552922187765877
2021-08-24,test,spy_always,1.8418815088137253
2021-08-25,test,spy_always,1.8371871979562624
2021-08-26,test,spy_always,1.838371232267027
2021-08-27,test,spy_always,1.8500029713484043
2021-08-30,test,spy_always,1.8615020168213001
2021-08-31,test,spy_always,1.8612700280865617
2021-09-01,test,spy_always,1.8791998392503149
2021-09-02,test,spy_always,1.8897057446721106
2021-09-03,test,spy_always,1.8885454114336828
2021-09-07,test,spy_always,1.8667674505927365
2021-09-08,test,spy_always,1.8812838897792195
2021-09-09,test,spy_always,1.8609751463582573
2021-09-10,test,spy_always,1.8507246257500964
2021-09-13,test,spy_always,1.8413188304146226
2021-09-14,test,spy_always,1.8377601480716508
2021-09-15,test,spy_always,1.8387787911491151
2021-09-16,test,spy_always,1.8345503173240367
2021-09-17,test,spy_always,1.833510751314392
2021-09-20,test,spy_always,1.81687045944744
2021-09-21,test,spy_always,1.8190919394284648
2021-09-22,test,spy_always,1.830400404952113
2021-09-23,test,spy_always,1.8290417451988372
2021-09-24,test,spy_always,1.826646706041802
2021-09-27,test,spy_always,1.8042700834524603
2021-09-28,test,spy_always,1.7786354254554346
2021-09-29,test,spy_always,1.7912601315035692
2021-09-30,test,spy_always,1.770820939447174
2021-10-01,test,spy_always,1.77392710058208
2021-10-04,test,spy_always,1.764083474667114
2021-10-05,test,spy_always,1.7673352250964338
2021-10-06,test,spy_always,1.7796036329607638
2021-10-07,test,spy_always,1.7893744951175499
2021-10-08,test,spy_always,1.7823548616318008
2021-10-11,test,spy_always,1.7677512814709495
2021-10-12,test,spy_always,1.7789956354641216
2021-10-13,test,spy_always,1.7861035350156478
2021-10-14,test,spy_always,1.8043130862752903
2021-10-15,test,spy_always,1.81750583662888
2021-10-18,test,spy_always,1.8249192337563322
2021-10-19,test,spy_always,1.84115625321865
2021-10-20,test,spy_always,1.8738967371941149
2021-10-21,test,spy_always,1.8927639976680697
2021-10-22,test,spy_always,1.8967427441736753
2021-10-25,test,spy_always,1.895684922220124
2021-10-26,test,spy_always,1.9046334537468428
2021-10-27,test,spy_always,1.8880836296754475
2021-10-28,test,spy_always,1.908886238317528
2021-10-29,test,spy_always,1.9257167948470497
2021-11-01,test,spy_always,1.9318475728912055
2021-11-02,test,spy_always,1.9381284946740047
2021-11-03,test,spy_always,1.9530882212907623
2021-11-04,test,spy_always,1.9595905878154336
2021-11-05,test,spy_always,1.9397408503242601
2021-11-08,test,spy_always,1.940840712334622
2021-11-09,test,spy_always,1.9367602195495284
2021-11-10,test,spy_always,1.9457210799179627
2021-11-11,test,spy_always,1.9493230773355958
2021-11-12,test,spy_always,1.9613641337486332
2021-11-15,test,spy_always,1.9688411131866526
2021-11-16,test,spy_always,1.977620069586963
2021-11-17,test,spy_always,1.966486048988284
2021-11-18,test,spy_always,1.9630089617052546
2021-11-19,test,spy_always,1.964569851715209
2021-11-22,test,spy_always,1.9657258423694666
2021-11-23,test,spy_always,1.9725415597938707
2021-11-24,test,spy_always,1.9755333342333339
2021-11-26,test,spy_always,1.9438515526793216
2021-11-29,test,spy_always,1.9566606591927618
2021-11-30,test,spy_always,1.9204210256181165
2021-12-01,test,spy_always,1.9204696822414256
2021-12-02,test,spy_always,1.9419529264785984
2021-12-03,test,spy_always,1.9532469155911494
2021-12-06,test,spy_always,1.9765201954493745
2021-12-07,test,spy_always,1.998347111238611
2021-12-08,test,spy_always,2.006357194628086
2021-12-09,test,spy_always,1.9998444178426487
2021-12-10,test,spy_always,2.0183477729324077
2021-12-13,test,spy_always,2.0404801280445977
2021-12-14,test,spy_always,2.0164617660436175
2021-12-15,test,spy_always,2.05189139817509
2021-12-16,test,spy_always,2.0462219670450312
2021-12-17,test,spy_always,2.0288440923795754
2021-12-20,test,spy_always,2.0147718321009416
2021-12-21,test,spy_always,2.021704170656936
2021-12-22,test,spy_always,2.0370771399107706
2021-12-23,test,spy_always,2.0425801514297484
2021-12-27,test,spy_always,2.0767738086831344
2021-12-28,test,spy_always,2.0816331183947243
2021-12-29,test,spy_always,2.1024661765690777
2021-12-30,test,spy_always,2.103301391878551
2021-12-31,test,spy_always,2.105575091325405
2022-01-03,test,spy_always,2.0790422701021494
2022-01-04,test,spy_always,2.039050769713866
2022-01-05,test,spy_always,2.016327544236164
2022-01-06,test,spy_always,2.016501368482415
2022-01-07,test,spy_always,2.0012446298565645
2022-01-10,test,spy_always,2.0042422797621424
2022-01-11,test,spy_always,1.9913981387212334
2022-01-12,test,spy_always,1.9886072076712358
2022-01-13,test,spy_always,1.968961230105133
2022-01-14,test,spy_always,1.950085427412021
2022-01-18,test,spy_always,1.9246404096338445
2022-01-19,test,spy_always,1.927644750550991
2022-01-20,test,spy_always,1.9133802998939362
2022-01-21,test,spy_always,1.9048307172987062
2022-01-24,test,spy_always,1.908355566273254
2022-01-25,test,spy_always,1.8845729495456722
2022-01-26,test,spy_always,1.8576574025252726
2022-01-27,test,spy_always,1.8431190176259544
2022-01-28,test,spy_always,1.89332769703493
2022-01-31,test,spy_always,1.9221669976679079
2022-02-01,test,spy_always,1.9168026452736462
2022-02-02,test,spy_always,1.9348447241442166
2022-02-03,test,spy_always,1.9103177157171156
2022-02-04,test,spy_always,1.8980274294804296
2022-02-07,test,spy_always,1.884427594056552
2022-02-08,test,spy_always,1.9034491198207455
2022-02-09,test,spy_always,1.9238975945782149
2022-02-10,test,spy_always,1.8863894364762526
2022-02-11,test,spy_always,1.8575742312292984
2022-02-14,test,spy_always,1.8422351769325467
2022-02-15,test,spy_always,1.8557203621231302
2022-02-16,test,spy_always,1.8465346382807144
2022-02-17,test,spy_always,1.8162798355834089
2022-02-18,test,spy_always,1.8118154908260933
2022-02-22,test,spy_always,1.8008514204066137
2022-02-23,test,spy_always,1.7766481461562982
2022-02-24,test,spy_always,1.8075453353815907
2022-02-25,test,spy_always,1.8645202665262532
2022-02-28,test,spy_always,1.8516209654048803
2022-03-01,test,spy_always,1.840568800196935
2022-03-02,test,spy_always,1.869068448882638
2022-03-03,test,spy_always,1.8714534428260952
2022-03-04,test,spy_always,1.8760280779221932
2022-03-07,test,spy_always,1.8382574243598329
2022-03-08,test,spy_always,1.8074140653856754
2022-03-09,test,spy_always,1.8461326957793873
2022-03-10,test,spy_always,1.840787523842991
2022-03-11,test,spy_always,1.822098253227735
2022-03-14,test,spy_always,1.8358386864263694
2022-03-15,test,spy_always,1.8712513665134747
2022-03-16,test,spy_always,1.8876423260161488
2022-03-17,test,spy_always,1.9171708639408522
2022-03-18,test,spy_always,1.9443456076885248
2022-03-21,test,spy_always,1.9415425769139347
2022-03-22,test,spy_always,1.9425560536549118
2022-03-23,test,spy_always,1.9106832159395915
2022-03-24,test,spy_always,1.920780062661079
2022-03-25,test,spy_always,1.9311891640351204
2022-03-28,test,spy_always,1.9620160469131662
2022-03-29,test,spy_always,1.991742968151935
2022-03-30,test,spy_always,1.9969074558638378
2022-03-31,test,spy_always,1.969402597288606
2022-04-01,test,spy_always,1.9917891156036325
2022-04-04,test,spy_always,1.9863028763838186
2022-04-05,test,spy_always,1.987287212380343
2022-04-06,test,spy_always,1.9986998990137779
2022-04-07,test,spy_always,2.0215076796768736
2022-04-08,test,spy_always,2.0147775332739544
2022-04-11,test,spy_always,1.9692082469761407
2022-04-12,test,spy_always,1.9572484961404126
2022-04-13,test,spy_always,1.9762503092109516
2022-04-14,test,spy_always,1.956028927331678
2022-04-18,test,spy_always,1.954442976159233
2022-04-19,test,spy_always,1.9891684046300075
2022-04-20,test,spy_always,2.022333181145779
2022-04-21,test,spy_always,2.00145347357346
2022-04-22,test,spy_always,1.9515537785973127
2022-04-25,test,spy_always,1.9520700954067154
2022-04-26,test,spy_always,1.90586687684663
2022-04-27,test,spy_always,1.919690367770382
2022-04-28,test,spy_always,1.9619978913738514
2022-04-29,test,spy_always,1.8960618794762603
2022-05-02,test,spy_always,1.8848970372732559
2022-05-03,test,spy_always,1.8902725097924804
2022-05-04,test,spy_always,1.9321229582329713
2022-05-05,test,spy_always,1.8746748519390626
2022-05-06,test,spy_always,1.8673004536847844
2022-05-09,test,spy_always,1.8188885602902534
2022-05-10,test,spy_always,1.8166976178734988
2022-05-11,test,spy_always,1.7940581356249674
2022-05-12,test,spy_always,1.8012963779254267
2022-05-13,test,spy_always,1.8237449498408704
2022-05-16,test,spy_always,1.8193302717774702
2022-05-17,test,spy_always,1.8432723654715641
2022-05-18,test,spy_always,1.772518834647529
2022-05-19,test,spy_always,1.769197956818037
2022-05-20,test,spy_always,1.7589422950033162
2022-05-23,test,spy_always,1.7819723430877576
2022-05-24,test,spy_always,1.7840722900618602
2022-05-25,test,spy_always,1.7814026279031154
2022-05-26,test,spy_always,1.8256877117853991
2022-05-27,test,spy_always,1.8662842112267306
2022-05-31,test,spy_always,1.8450470873585136
2022-06-01,test,spy_always,1.826597977973809
2022-06-02,test,spy_always,1.86179641900459
2022-06-03,test,spy_always,1.8393045444946778
2022-06-06,test,spy_always,1.8427193987497472
2022-06-07,test,spy_always,1.860425186266016
2022-06-08,test,spy_always,1.833081175187136
2022-06-09,test,spy_always,1.8069806907806136
2022-06-10,test,spy_always,1.7676086862357006
2022-06-13,test,spy_always,1.7209605434691424
2022-06-14,test,spy_always,1.7055547546126673
2022-06-15,test,spy_always,1.7281054510678944
2022-06-16,test,spy_always,1.693664159048031
2022-06-17,test,spy_always,1.702142874471083
2022-06-21,test,spy_always,1.732954810898403
2022-06-22,test,spy_always,1.7459328358869282
2022-06-23,test,spy_always,1.777639113438356
2022-06-24,test,spy_always,1.819437908629718
2022-06-27,test,spy_always,1.818978402862305
2022-06-28,test,spy_always,1.7995039817156564
2022-06-29,test,spy_always,1.8127532199658847
2022-06-30,test,spy_always,1.8085272865922233
2022-07-01,test,spy_always,1.830141725695791
2022-07-05,test,spy_always,1.8168029208572063
2022-07-06,test,spy_always,1.8315867548780944
2022-07-07,test,spy_always,1.8459314748315945
2022-07-08,test,spy_always,1.8434452926752583
2022-07-11,test,spy_always,1.837998413209943
2022-07-12,test,spy_always,1.8109342439438154
2022-07-13,test,spy_always,1.7970319848565939
2022-07-14,test,spy_always,1.7826766155641243
2022-07-15,test,spy_always,1.8143125906591324
2022-07-18,test,spy_always,1.7821338110055285
2022-07-19,test,spy_always,1.8229248941044072
2022-07-20,test,spy_always,1.823057729351403
2022-07-21,test,spy_always,1.859095046518722
2022-07-22,test,spy_always,1.8466235774170787
2022-07-25,test,spy_always,1.8550323633630392
2022-07-26,test,spy_always,1.8564985680460242
2022-07-27,test,spy_always,1.887049050022361
2022-07-28,test,spy_always,1.8933519807732409
2022-07-29,test,spy_always,1.900695244147897
2022-08-01,test,spy_always,1.8879338642288936
2022-08-02,test,spy_always,1.8753330098589596
2022-08-03,test,spy_always,1.8898357687540208
2022-08-04,test,spy_always,1.889096451738865
2022-08-05,test,spy_always,1.8961580969770209
2022-08-08,test,spy_always,1.893225998736668
2022-08-09,test,spy_always,1.8963704855721375
2022-08-10,test,spy_always,1.926386155328173
2022-08-11,test,spy_always,1.9307783460028405
2022-08-12,test,spy_always,1.9601650219387536
2022-08-15,test,spy_always,1.9725471769317364
2022-08-16,test,spy_always,1.9688130550506548
2022-08-17,test,spy_always,1.958666578964574
2022-08-18,test,spy_always,1.957161029319839
2022-08-19,test,spy_always,1.9463766775078128
2022-08-22,test,spy_always,1.906305993808703
2022-08-23,test,spy_always,1.8923377199260942
2022-08-24,test,spy_always,1.8947182065746089
2022-08-25,test,spy_always,1.9183582029583248
2022-08-26,test,spy_always,1.864088104613153
2022-08-29,test,spy_always,1.8538051163708191
2022-08-30,test,spy_always,1.8358685376315083
2022-08-31,test,spy_always,1.8293298260969542
2022-09-01,test,spy_always,1.8400115861265312
2022-09-02,test,spy_always,1.8161508074127737
2022-09-06,test,spy_always,1.8131706726227432
2022-09-07,test,spy_always,1.8485412891326967
2022-09-08,test,spy_always,1.8647287684044984
2022-09-09,test,spy_always,1.8878604733859752
2022-09-12,test,spy_always,1.9033584073186938
2022-09-13,test,spy_always,1.8403569831316933
2022-09-14,test,spy_always,1.8386196607798138
2022-09-15,test,spy_always,1.8179404566026371
2022-09-16,test,spy_always,1.8059740529395196
2022-09-19,test,spy_always,1.8131733574271778
2022-09-20,test,spy_always,1.790159020615533
2022-09-21,test,spy_always,1.7677797580838834
2022-09-22,test,spy_always,1.7594664070374921
2022-09-23,test,spy_always,1.744552833667691
2022-09-26,test,spy_always,1.7185543675472477
2022-09-27,test,spy_always,1.7029002964582705
2022-09-28,test,spy_always,1.7276640099091873
2022-09-29,test,spy_always,1.7029592430593259
2022-09-30,test,spy_always,1.6784933559856157
2022-10-03,test,spy_always,1.7250535338084385
2022-10-04,test,spy_always,1.7695946018780162
2022-10-05,test,spy_always,1.7594495970978294
2022-10-06,test,spy_always,1.7378946764426313
2022-10-07,test,spy_always,1.6946312360486973
2022-10-10,test,spy_always,1.6869377329445743
2022-10-11,test,spy_always,1.6853641401222146
2022-10-12,test,spy_always,1.6716067787158237
2022-10-13,test,spy_always,1.7152166217373863
2022-10-14,test,spy_always,1.6866880493934941
2022-10-17,test,spy_always,1.7275857384135198
2022-10-18,test,spy_always,1.750262592100596
2022-10-19,test,spy_always,1.7204839620841164
2022-10-20,test,spy_always,1.6920322875053657
2022-10-21,test,spy_always,1.715050876521973
2022-10-24,test,spy_always,1.7412151770943032
2022-10-25,test,spy_always,1.7663571601964252
2022-10-26,test,spy_always,1.7500130833761876
2022-10-27,test,spy_always,1.742208558926396
2022-10-28,test,spy_always,1.7825118924244157
2022-10-31,test,spy_always,1.7820743934430285
2022-11-01,test,spy_always,1.7791188274748282
2022-11-02,test,spy_always,1.7412444415101394
2022-11-03,test,spy_always,1.7202433248847482
2022-11-04,test,spy_always,1.741465855207652
2022-11-07,test,spy_always,1.7589235360056568
2022-11-08,test,spy_always,1.7682723978786525
2022-11-09,test,spy_always,1.7436746148132565
2022-11-10,test,spy_always,1.8423443945560996
2022-11-11,test,spy_always,1.8460087807026906
2022-11-14,test,spy_always,1.8270980752338886
2022-11-15,test,spy_always,1.8464196475139545
2022-11-16,test,spy_always,1.8403269350333542
2022-11-17,test,spy_always,1.829308304755941
2022-11-18,test,spy_always,1.8485709922650773
2022-11-21,test,spy_always,1.8498438517905937
2022-11-22,test,spy_always,1.8697337699161414
2022-11-23,test,spy_always,1.881043066855103
2022-11-25,test,spy_always,1.8885774071359673
2022-11-28,test,spy_always,1.8546629610013405
2022-11-29,test,spy_always,1.8534224624508482
2022-11-30,test,spy_always,1.9107533196146989
2022-12-01,test,spy_always,1.9085037631482633
2022-12-02,test,spy_always,1.914056769564908
2022-12-05,test,spy_always,1.8887390640751758
2022-12-06,test,spy_always,1.8658423653467113
2022-12-07,test,spy_always,1.864322974230477
2022-12-08,test,spy_always,1.8861160048947125
2022-12-09,test,spy_always,1.876107529259982
2022-12-12,test,spy_always,1.8999875741809396
2022-12-13,test,spy_always,1.9176838077188245
2022-12-14,test,spy_always,1.90948693349876
2022-12-15,test,spy_always,1.862822018504786
2022-12-16,test,spy_always,1.8341440029988652
2022-12-19,test,spy_always,1.8185661746423873
2022-12-20,test,spy_always,1.8221263387077926
2022-12-21,test,spy_always,1.85432641684388
2022-12-22,test,spy_always,1.8406298484201415
2022-12-23,test,spy_always,1.8521265238529705
2022-12-27,test,spy_always,1.8543131315629275
2022-12-28,test,spy_always,1.8354408465444887
2022-12-29,test,spy_always,1.871094435468508
2022-12-30,test,spy_always,1.8537341664383822
2023-01-03,test,spy_always,1.848785892424631
2023-01-04,test,spy_always,1.8602105265052589
2023-01-05,test,spy_always,1.8276072996757124
2023-01-06,test,spy_always,1.8494015672123367
2023-01-09,test,spy_always,1.8535449523230676
2023-01-10,test,spy_always,1.8669360199230098
2023-01-11,test,spy_always,1.9029390841249079
2023-01-12,test,spy_always,1.8974453532127196
2023-01-13,test,spy_always,1.9100921209482151
2023-01-17,test,spy_always,1.9104531624460706
2023-01-18,test,spy_always,1.8834429584425763
2023-01-19,test,spy_always,1.879885022258273
2023-01-20,test,spy_always,1.904394387573719
2023-01-23,test,spy_always,1.920352787179727
2023-01-24,test,spy_always,1.8889234339900822
2023-01-25,test,spy_always,1.8837645755038421
2023-01-26,test,spy_always,1.897183819569967
2023-01-27,test,spy_always,1.8913394057780926
2023-01-30,test,spy_always,1.876095327702554
2023-01-31,test,spy_always,1.899083624014948
2023-02-01,test,spy_always,1.918035186394145
2023-02-02,test,spy_always,1.9307779683903195
2023-02-03,test,spy_always,1.9133669584570565
2023-02-06,test,spy_always,1.9116074919892745
2023-02-07,test,spy_always,1.9330712494927988
2023-02-08,test,spy_always,1.916623588568305
2023-02-09,test,spy_always,1.900495151765857
2023-02-10,test,spy_always,1.9067962367533537
2023-02-13,test,spy_always,1.919002869898078
2023-02-14,test,spy_always,1.9014397459551031
2023-02-15,test,spy_always,1.914006052439324
2023-02-16,test,spy_always,1.9042371472942254
2023-02-17,test,spy_always,1.9096974997268696
2023-02-21,test,spy_always,1.8791584556241896
2023-02-22,test,spy_always,1.8740780408008344
2023-02-23,test,spy_always,1.876365258946467
2023-02-24,test,spy_always,1.8691426434830036
2023-02-27,test,spy_always,1.8678213954365288
2023-02-28,test,spy_always,1.8619685013085834
2023-03-01,test,spy_always,1.8522863774838367
2023-03-02,test,spy_always,1.8694022466554532
2023-03-03,test,spy_always,1.8889182384327363
2023-03-06,test,spy_always,1.8890865008397753
2023-03-07,test,spy_always,1.860533105820957
2023-03-08,test,spy_always,1.8652354657869175
2023-03-09,test,spy_always,1.8415173505861957
2023-03-10,test,spy_always,1.8161930201180199
2023-03-13,test,spy_always,1.8263417241132285
2023-03-14,test,spy_always,1.861849197435348
2023-03-15,test,spy_always,1.8532381357144894
2023-03-16,test,spy_always,1.8846525414269888
2023-03-17,test,spy_always,1.859074942445869
2023-03-20,test,spy_always,1.874413446048087
2023-03-21,test,spy_always,1.8788429049136202
2023-03-22,test,spy_always,1.8478960431218563
2023-03-23,test,spy_always,1.8498952880399315
2023-03-24,test,spy_always,1.8826612357897459
2023-03-27,test,spy_always,1.8846561896922223
2023-03-28,test,spy_always,1.8851561974631552
2023-03-29,test,spy_always,1.908033147933502
2023-03-30,test,spy_always,1.9215075068896508
2023-03-31,test,spy_always,1.9470255734120652
2023-04-03,test,spy_always,1.9521644579696094
2023-04-04,test,spy_always,1.9555214307525497
2023-04-05,test,spy_always,1.9674586895833386
2023-04-06,test,spy_always,1.9818626729411657
2023-04-10,test,spy_always,1.9707326018041278
2023-04-11,test,spy_always,1.9717556542593722
2023-04-12,test,spy_always,1.9710734697387344
2023-04-13,test,spy_always,1.9907747206078539
2023-04-14,test,spy_always,1.9827331772800751
2023-04-17,test,spy_always,1.9957741996590295
2023-04-18,test,spy_always,1.994473934911161
2023-04-19,test,spy_always,2.0119028454904107
2023-04-20,test,spy_always,2.0146620007624483
2023-04-21,test,spy_always,2.0228083730088633
2023-04-24,test,spy_always,2.015690998074934
2023-04-25,test,spy_always,2.0105974570439953
2023-04-26,test,spy_always,2.0086152650498525
2023-04-27,test,spy_always,2.029748735565134
2023-04-28,test,spy_always,2.049860142592884
2023-05-01,test,spy_always,2.057115041339084
2023-05-02,test,spy_always,2.047292806906986
2023-05-03,test,spy_always,2.04895895017532
2023-05-04,test,spy_always,2.047810779184769
2023-05-05,test,spy_always,2.071289069871343
2023-05-08,test,spy_always,2.0690938113982464
2023-05-09,test,spy_always,2.0647371484311856
2023-05-10,test,spy_always,2.080799467850824
2023-05-11,test,spy_always,2.070609995339805
2023-05-12,test,spy_always,2.0711249920093895
2023-05-15,test,spy_always,2.062851200873191
2023-05-16,test,spy_always,2.05163505369227
2023-05-17,test,spy_always,2.05039767070818
2023-05-18,test,spy_always,2.0535302714075625
2023-05-19,test,spy_always,2.0596212287013875
2023-05-22,test,spy_always,2.0535362494813705
2023-05-23,test,spy_always,2.0138948627686117
2023-05-24,test,spy_always,2.0016431752579806
2023-05-25,test,spy_always,2.003988182958218
2023-05-26,test,spy_always,2.0158374063358657
2023-05-30,test,spy_always,2.008139562284421
2023-05-31,test,spy_always,2.003480622407549
2023-06-01,test,spy_always,2.011270322253554
2023-06-02,test,spy_always,2.042769010605705
2023-06-05,test,spy_always,2.040128322435636
2023-06-06,test,spy_always,2.033713877739001
2023-06-07,test,spy_always,2.029324279508125
2023-06-08,test,spy_always,2.0337088832366215
2023-06-09,test,spy_always,2.025998663031743
2023-06-12,test,spy_always,2.028486598781074
2023-06-13,test,spy_always,2.0353374023671615
2023-06-14,test,spy_always,2.0416221100052905
2023-06-15,test,spy_always,2.0696606729744254
2023-06-16,test,spy_always,2.077142429669977
2023-06-20,test,spy_always,2.0628608066266514
2023-06-21,test,spy_always,2.0697802729622072
2023-06-22,test,spy_always,2.07285158960449
2023-06-23,test,spy_always,2.0604612082664007
2023-06-26,test,spy_always,2.067545091387944
2023-06-27,test,spy_always,2.080327988703329
2023-06-28,test,spy_always,2.0656529047971084
2023-06-29,test,spy_always,2.0833870761327464
2023-06-30,test,spy_always,2.11180962257513
2023-07-03,test,spy_always,2.0951122334600725
2023-07-05,test,spy_always,2.082724187771362
2023-07-06,test,spy_always,2.075408667028512
2023-07-07,test,spy_always,2.0703878260294224
2023-07-10,test,spy_always,2.0720012083162342
2023-07-11,test,spy_always,2.086156694091766
2023-07-12,test,spy_always,2.0942170422160897
2023-07-13,test,spy_always,2.099114178021555
2023-07-14,test,spy_always,2.099635886808054
2023-07-17,test,spy_always,2.1007114710627803
2023-07-18,test,spy_always,2.1009726126383956
2023-07-19,test,spy_always,2.108189397408675
2023-07-20,test,spy_always,2.134315134243305
2023-07-21,test,spy_always,2.150728366260248
2023-07-24,test,spy_always,2.154598378577131
2023-07-25,test,spy_always,2.1619712235760433
2023-07-26,test,spy_always,2.1213104671803023
2023-07-27,test,spy_always,2.0805917496290003
2023-07-28,test,spy_always,2.092530897654722
2023-07-31,test,spy_always,2.089148926032126
2023-08-01,test,spy_always,2.0841716388020926
2023-08-02,test,spy_always,2.0747294940421654
2023-08-03,test,spy_always,2.084605159188133
2023-08-04,test,spy_always,2.0633097416976836
2023-08-07,test,spy_always,2.071540787396941
2023-08-08,test,spy_always,2.0597351497363765
2023-08-09,test,spy_always,2.0599880829039137
2023-08-10,test,spy_always,2.0592169156392166
2023-08-11,test,spy_always,2.0722862832917697
2023-08-14,test,spy_always,2.072816696020351
2023-08-15,test,spy_always,2.046621506200841
2023-08-16,test,spy_always,2.044891506557959
2023-08-17,test,spy_always,2.0241044032333506
2023-08-18,test,spy_always,2.0275504557424764
2023-08-21,test,spy_always,2.022616484719482
2023-08-22,test,spy_always,2.0214786921329426
2023-08-23,test,spy_always,2.028135588257625
2023-08-24,test,spy_always,2.0211151960210945
2023-08-25,test,spy_always,2.0324059920139623
2023-08-28,test,spy_always,2.0367826877036097
2023-08-29,test,spy_always,2.057109376242049
2023-08-30,test,spy_always,2.0552077789469663
2023-08-31,test,spy_always,2.0395094116278227
2023-09-01,test,spy_always,2.0331626528526874
2023-09-05,test,spy_always,1.9905286709973964
2023-09-06,test,spy_always,1.9921764145139176
2023-09-07,test,spy_always,1.9951900207525954
2023-09-08,test,spy_always,2.000325406886893
2023-09-11,test,spy_always,1.9997089861880988
2023-09-12,test,spy_always,2.0025197114547124
2023-09-13,test,spy_always,2.000828307358472
2023-09-14,test,spy_always,2.019435210335032
2023-09-15,test,spy_always,2.0083775198993523
2023-09-18,test,spy_always,2.0165676413958544
2023-09-19,test,spy_always,2.018853443919448
2023-09-20,test,spy_always,2.0226174944936703
2023-09-21,test,spy_always,1.996029735886127
2023-09-22,test,spy_always,1.9899744257374268
2023-09-25,test,spy_always,1.994655278874062
2023-09-26,test,spy_always,1.9711406798559046
2023-09-27,test,spy_always,1.9693481649226705
2023-09-28,test,spy_always,1.9757162865118103
2023-09-29,test,spy_always,1.9674365282691637
2023-10-02,test,spy_always,1.9431069783543458
2023-10-03,test,spy_always,1.9326450545000071
2023-10-04,test,spy_always,1.9463836089600182
2023-10-05,test,spy_always,1.9487792588307573
2023-10-06,test,spy_always,1.9579734843169687
2023-10-09,test,spy_always,1.9796488757252821
2023-10-10,test,spy_always,1.9828901247118516
2023-10-11,test,spy_always,1.9762604714942629
2023-10-12,test,spy_always,1.941790471045993
2023-10-13,test,spy_always,1.9496189965594142
2023-10-16,test,spy_always,1.9663937021952649
2023-10-17,test,spy_always,1.9735115942281953
2023-10-18,test,spy_always,1.9616360224489453
2023-10-19,test,spy_always,1.9427690759093243
2023-10-20,test,spy_always,1.932714782174055
2023-10-23,test,spy_always,1.9146243554667248
2023-10-24,test,spy_always,1.930599478859597
2023-10-25,test,spy_always,1.916773578648946
2023-10-26,test,spy_always,1.9429248955400464
2023-10-27,test,spy_always,1.932812441973926
2023-10-30,test,spy_always,1.9436572890948993
2023-10-31,test,spy_always,1.961512688147592
2023-11-01,test,spy_always,1.9894599829602582
2023-11-02,test,spy_always,2.004994288699189
2023-11-03,test,spy_always,2.0214776894234316
2023-11-06,test,spy_always,2.0126547884933648
2023-11-07,test,spy_always,2.0073141451949077
2023-11-08,test,spy_always,2.011051872968669
2023-11-09,test,spy_always,1.998953453952511
2023-11-10,test,spy_always,2.010591014807927
2023-11-13,test,spy_always,2.0050607028018925
2023-11-14,test,spy_always,2.031371834836244
2023-11-15,test,spy_always,2.0291848162273523
2023-11-16,test,spy_always,2.0360992829625313
2023-11-17,test,spy_always,2.031879997113477
2023-11-20,test,spy_always,2.031199675932683
2023-11-21,test,spy_always,2.030271270965876
2023-11-22,test,spy_always,2.038695219790714
2023-11-24,test,spy_always,2.0458562605054174
2023-11-27,test,spy_always,2.040792777217389
2023-11-28,test,spy_always,2.0331335326868136
2023-11-29,test,spy_always,2.0304346418890975
2023-11-30,test,spy_always,2.055277574846367
2023-12-01,test,spy_always,2.07492736551233
2023-12-04,test,spy_always,2.0806167311364816
2023-12-05,test,spy_always,2.056092468559345
2023-12-06,test,spy_always,2.0639993775935945
2023-12-07,test,spy_always,2.065160330449887
2023-12-08,test,spy_always,2.058641513920098
2023-12-11,test,spy_always,2.074963767322264
2023-12-12,test,spy_always,2.0756151424984393
2023-12-13,test,spy_always,2.1109508180413483
2023-12-14,test,spy_always,2.0901170774697353
2023-12-15,test,spy_always,2.0742305652664643
2023-12-18,test,spy_always,2.0913819416993453
2023-12-19,test,spy_always,2.109144153822435
2023-12-20,test,spy_always,2.0865375469615226
2023-12-21,test,spy_always,2.1048381493751376
2023-12-22,test,spy_always,2.1163506339676266
2023-12-26,test,spy_always,2.120963483310367
2023-12-27,test,spy_always,2.122847977599407
2023-12-28,test,spy_always,2.122028030723193
2023-12-29,test,spy_always,2.1181434293558192
2024-01-02,test,spy_always,2.135410397272627
2024-01-03,test,spy_always,2.1180014007198995
2024-01-04,test,spy_always,2.1119220379691073
2024-01-05,test,spy_always,2.113753522991332
2024-01-08,test,spy_always,2.1324715431765813
2024-01-09,test,spy_always,2.1258472817997167
2024-01-10,test,spy_always,2.1299794926893254
2024-01-11,test,spy_always,2.1283063970945726
2024-01-12,test,spy_always,2.1280808174657535
2024-01-16,test,spy_always,2.1196609576772456
2024-01-17,test,spy_always,2.1136902986544506
2024-01-18,test,spy_always,2.120487147272944
2024-01-19,test,spy_always,2.122932500071009
2024-01-22,test,spy_always,2.134921729071022
2024-01-23,test,spy_always,2.1347567296873957
2024-01-24,test,spy_always,2.111827044175238
2024-01-25,test,spy_always,2.1277209584062535
2024-01-26,test,spy_always,2.1249180402346792
2024-01-29,test,spy_always,2.1347619128167823
2024-01-30,test,spy_always,2.148838994630984
2024-01-31,test,spy_always,2.1496315692328056
2024-02-01,test,spy_always,2.1734610313625824
2024-02-02,test,spy_always,2.1644670546852764
2024-02-05,test,spy_always,2.1438749343788523
2024-02-06,test,spy_always,2.1594017731622346
2024-02-07,test,spy_always,2.1658336418564135
2024-02-08,test,spy_always,2.161725335622611
2024-02-09,test,spy_always,2.16481049148527
2024-02-12,test,spy_always,2.1685733723183493
2024-02-13,test,spy_always,2.1389351863138715
2024-02-14,test,spy_always,2.1473538621355153
2024-02-15,test,spy_always,2.2034674090220334
2024-02-16,test,spy_always,2.1990665465323067
2024-02-20,test,spy_always,2.1995414838886287
2024-02-21,test,spy_always,2.2093205761628587
2024-02-22,test,spy_always,2.222339643691051
2024-02-23,test,spy_always,2.2400446681241886
2024-02-26,test,spy_always,2.230913988810713
2024-02-27,test,spy_always,2.225019209875783
2024-02-28,test,spy_always,2.2441531501945255
2024-02-29,test,spy_always,2.2411424003747262
2024-03-01,test,spy_always,2.2428927267759895
2024-03-04,test,spy_always,2.261575144585868
2024-03-05,test,spy_always,2.2461472115541445
2024-03-06,test,spy_always,2.2527147931341838
2024-03-07,test,spy_always,2.267175198432431
2024-03-08,test,spy_always,2.2665479935983974
2024-03-11,test,spy_always,2.272663442547914
2024-03-12,test,spy_always,2.2779128094490417
2024-03-13,test,spy_always,2.2753558542166625
2024-03-14,test,spy_always,2.2668611080794294
2024-03-15,test,spy_always,2.264267381499093
2024-03-18,test,spy_always,2.2592518872384706
2024-03-19,test,spy_always,2.2750427921573357
2024-03-20,test,spy_always,2.2795169393816512
2024-03-21,test,spy_always,2.290462774967446
2024-03-22,test,spy_always,2.287940295525843
2024-03-25,test,spy_always,2.2853796747702626
2024-03-26,test,spy_always,2.2841633967389945
2024-03-27,test,spy_always,2.324478392861787
2024-03-28,test,spy_always,2.3340746865108666
2024-04-01,test,spy_always,2.320430492714088
2024-04-02,test,spy_always,2.311216715086713
2024-04-03,test,spy_always,2.3085940346909193
2024-04-04,test,spy_always,2.300302693226945
2024-04-05,test,spy_always,2.3124404168606247
2024-04-08,test,spy_always,2.308641879845004
2024-04-09,test,spy_always,2.321378716377971
2024-04-10,test,spy_always,2.291233979118675
2024-04-11,test,spy_always,2.277102319798004
2024-04-12,test,spy_always,2.2517451845637333
2024-04-15,test,spy_always,2.2443088918451353
2024-04-16,test,spy_always,2.2374611818849446
2024-04-17,test,spy_always,2.21960234898582
2024-04-18,test,spy_always,2.2098375325803805
2024-04-19,test,spy_always,2.2274085543390143
2024-04-22,test,spy_always,2.234922000165258
2024-04-23,test,spy_always,2.2453391482958787
2024-04-24,test,spy_always,2.2470528016397866
2024-04-25,test,spy_always,2.204540341898499
2024-04-26,test,spy_always,2.197882630087002
2024-04-29,test,spy_always,2.204190096938614
2024-04-30,test,spy_always,2.183317362508233
2024-05-01,test,spy_always,2.1687771083263137
2024-05-02,test,spy_always,2.179445853198644
2024-05-03,test,spy_always,2.1835907557011307
2024-05-06,test,spy_always,2.191051369106814
2024-05-07,test,spy_always,2.216265081111367
2024-05-08,test,spy_always,2.2000332784255727
2024-05-09,test,spy_always,2.219189598130558
2024-05-10,test,spy_always,2.2274514413518793
2024-05-13,test,spy_always,2.2192458093838083
2024-05-14,test,spy_always,2.218081803908585
2024-05-15,test,spy_always,2.227460879542844
2024-05-16,test,spy_always,2.241918724594402
2024-05-17,test,spy_always,2.244330536769552
2024-05-20,test,spy_always,2.244213408613731
2024-05-21,test,spy_always,2.230528960587352
2024-05-22,test,spy_always,2.2303751593531698
2024-05-23,test,spy_always,2.217912497801853
2024-05-24,test,spy_always,2.2154734686590367
2024-05-28,test,spy_always,2.191822219808259
2024-05-29,test,spy_always,2.175307436654524
2024-05-30,test,spy_always,2.1931562102803297
2024-05-31,test,spy_always,2.224776603640718
2024-06-03,test,spy_always,2.2157000099633053
2024-06-04,test,spy_always,2.2064796858746303
2024-06-05,test,spy_always,2.2036068881948734
2024-06-06,test,spy_always,2.204803354292489
2024-06-07,test,spy_always,2.205680343033546
2024-06-10,test,spy_always,2.2067270180170784
2024-06-11,test,spy_always,2.203040294587728
2024-06-12,test,spy_always,2.2000861870584627
2024-06-13,test,spy_always,2.1944032183243545
2024-06-14,test,spy_always,2.1872041222670933
2024-06-17,test,spy_always,2.2054781711036604
2024-06-18,test,spy_always,2.203193867880901
2024-06-20,test,spy_always,2.21101761155976
2024-06-21,test,spy_always,2.213249535509296
2024-06-24,test,spy_always,2.220553340651279
2024-06-25,test,spy_always,2.203613060834467
2024-06-26,test,spy_always,2.187333650161497
2024-06-27,test,spy_always,2.1928033135752725
2024-06-28,test,spy_always,2.1909129829633716
2024-07-01,test,spy_always,2.179885744511332
2024-07-02,test,spy_always,2.1969276223873115
2024-07-03,test,spy_always,2.192313833738227
2024-07-05,test,spy_always,2.191879798994961
2024-07-08,test,spy_always,2.195523764081005
2024-07-09,test,spy_always,2.1878905924469523
2024-07-10,test,spy_always,2.208723469203019
2024-07-11,test,spy_always,2.2371711922895288
2024-07-12,test,spy_always,2.256258160717305
2024-07-15,test,spy_always,2.2710497219483887
2024-07-16,test,spy_always,2.3071695899398006
2024-07-17,test,spy_always,2.3125108211543908
2024-07-18,test,spy_always,2.294814618310532
2024-07-19,test,spy_always,2.2825087324258715
2024-07-22,test,spy_always,2.2994905516481277
2024-07-23,test,spy_always,2.296550858526436
2024-07-24,test,spy_always,2.2918636469253753
2024-07-25,test,spy_always,2.3088050236779174
2024-07-26,test,spy_always,2.3298728170958474
2024-07-29,test,spy_always,2.3306982164184
2024-07-30,test,spy_always,2.3471238707690425
2024-07-31,test,spy_always,2.3715512714460885
2024-08-01,test,spy_always,2.375450781903645
2024-08-02,test,spy_always,2.3608125464776317
2024-08-05,test,spy_always,2.291981888955008
2024-08-06,test,spy_always,2.311810722470524
2024-08-07,test,spy_always,2.300870960435019
2024-08-08,test,spy_always,2.332631753770828
2024-08-09,test,spy_always,2.3258759558470103
2024-08-12,test,spy_always,2.3096506519063995
2024-08-13,test,spy_always,2.3338038844686
2024-08-14,test,spy_always,2.3367068465647596
2024-08-15,test,spy_always,2.3520089529487884
2024-08-16,test,spy_always,2.359384756020341
2024-08-19,test,spy_always,2.369021137886273
2024-08-20,test,spy_always,2.3654298299310597
2024-08-21,test,spy_always,2.3826550613731317
2024-08-22,test,spy_always,2.3763560489545923
2024-08-23,test,spy_always,2.39686036210412
2024-08-26,test,spy_always,2.4017311977735147
2024-08-27,test,spy_always,2.393750598442866
2024-08-28,test,spy_always,2.390268757200444
2024-08-29,test,spy_always,2.3956980767875433
2024-08-30,test,spy_always,2.422368774881831
2024-09-03,test,spy_always,2.3980126425872887
2024-09-04,test,spy_always,2.4011223775696933
2024-09-05,test,spy_always,2.384637618008197
2024-09-06,test,spy_always,2.37552568903298
2024-09-09,test,spy_always,2.3882142006716855
2024-09-10,test,spy_always,2.391725389381642
2024-09-11,test,spy_always,2.383313302242779
2024-09-12,test,spy_always,2.393881256139365
2024-09-13,test,spy_always,2.411976233302663
2024-09-16,test,spy_always,2.4330191251690483
2024-09-17,test,spy_always,2.4308434713580227
2024-09-18,test,spy_always,2.4151153424150356
2024-09-19,test,spy_always,2.437881034872932
2024-09-20,test,spy_always,2.4279007726752937
2024-09-23,test,spy_always,2.441696266662779
2024-09-24,test,spy_always,2.444357378176241
2024-09-25,test,spy_always,2.435307745774243
2024-09-26,test,spy_always,2.4485544688490464
2024-09-27,test,spy_always,2.4469895738315492
2024-09-30,test,spy_always,2.4560252788352934
2024-10-01,test,spy_always,2.4436377999144323
2024-10-02,test,spy_always,2.430415655220263
2024-10-03,test,spy_always,2.4110813490328677
2024-10-04,test,spy_always,2.422177229839053
2024-10-07,test,spy_always,2.408856393660197
2024-10-08,test,spy_always,2.4162857644573523
2024-10-09,test,spy_always,2.425367056320672
2024-10-10,test,spy_always,2.4141234323821585
2024-10-11,test,spy_always,2.43099039677355
2024-10-14,test,spy_always,2.450681062130447
2024-10-15,test,spy_always,2.448286872658531
2024-10-16,test,spy_always,2.470820149359822
2024-10-17,test,spy_always,2.4687016177108374
2024-10-18,test,spy_always,2.4756582654333474
2024-10-21,test,spy_always,2.4480921621064127
2024-10-22,test,spy_always,2.431912061752275
2024-10-23,test,spy_always,2.4243844376362444
2024-10-24,test,spy_always,2.43339883038093
2024-10-25,test,spy_always,2.4100654272208843
2024-10-28,test,spy_always,2.432174036541167
2024-10-29,test,spy_always,2.4170585878433255
2024-10-30,test,spy_always,2.394556521616042
2024-10-31,test,spy_always,2.3637800727702274
2024-11-01,test,spy_always,2.3763741577576774
2024-11-04,test,spy_always,2.378415296798326
2024-11-05,test,spy_always,2.3919158198573856
2024-11-06,test,spy_always,2.4394009052333914
2024-11-07,test,spy_always,2.4313124371565107
2024-11-08,test,spy_always,2.44976689983886
2024-11-11,test,spy_always,2.4551605089389175
2024-11-12,test,spy_always,2.449639476555777
2024-11-13,test,spy_always,2.450034169317151
2024-11-14,test,spy_always,2.424286013780665
2024-11-15,test,spy_always,2.412041302319636
2024-11-18,test,spy_always,2.420114787915835
2024-11-19,test,spy_always,2.4131081231002214
2024-11-20,test,spy_always,2.4261492649558978
2024-11-21,test,spy_always,2.4522631987734558
2024-11-22,test,spy_always,2.4698882797417525
2024-11-25,test,spy_always,2.4836952671224006
2024-11-26,test,spy_always,2.487014950385959
2024-11-27,test,spy_always,2.4946235619233583
2024-11-29,test,spy_always,2.495632866776734
2024-12-02,test,spy_always,2.485814324747278
2024-12-03,test,spy_always,2.4747146423270774
2024-12-04,test,spy_always,2.4652756160646914
2024-12-05,test,spy_always,2.449264168075855
2024-12-06,test,spy_always,2.4358278691823934
2024-12-09,test,spy_always,2.4469898114144737
2024-12-10,test,spy_always,2.4423200943185606
2024-12-11,test,spy_always,2.435034869430576
2024-12-12,test,spy_always,2.4280840168620568
2024-12-13,test,spy_always,2.416579364868701
2024-12-16,test,spy_always,2.394269627549955
2024-12-17,test,spy_always,2.3785194862612298
2024-12-18,test,spy_always,2.315085596071824
2024-12-19,test,spy_always,2.312521297467515
2024-12-20,test,spy_always,2.332382658394375
2024-12-23,test,spy_always,2.3348096835396563
2024-12-24,test,spy_always,2.350999541641135
2024-12-26,test,spy_always,2.3535904459970287
2024-12-27,test,spy_always,2.3418530876389068
2024-12-30,test,spy_always,2.319704772742592
2024-12-31,test,spy_always,2.325903503196312
2025-01-02,test,spy_always,2.306368512891565
2025-01-03,test,spy_always,2.3206824678665012
2025-01-06,test,spy_always,2.3090047397321234
2025-01-07,test,spy_always,2.3054293012579206
2025-01-08,test,spy_always,2.313007858448671
2025-01-10,test,spy_always,2.2797650738236306
2025-01-13,test,spy_always,2.310338576866639
2025-01-14,test,spy_always,2.324704328369196
2025-01-15,test,spy_always,2.345225494886587
2025-01-16,test,spy_always,2.3746926201581156
2025-01-17,test,spy_always,2.385649867958632
2025-01-21,test,spy_always,2.4241015150235383
2025-01-22,test,spy_always,2.408128243144494
2025-01-23,test,spy_always,2.4201339138634634
2025-01-24,test,spy_always,2.434047572724305
2025-01-27,test,spy_always,2.4576028644183356
2025-01-28,test,spy_always,2.4422602892012955
2025-01-29,test,spy_always,2.4527047136691875
2025-01-30,test,spy_always,2.4776105138925266
2025-01-31,test,spy_always,2.458104452702985
2025-02-03,test,spy_always,2.455934433655642
2025-02-04,test,spy_always,2.449704135282604
2025-02-05,test,spy_always,2.467879778873966
2025-02-06,test,spy_always,2.458635449418521
2025-02-07,test,spy_always,2.4455565375376116
2025-02-10,test,spy_always,2.4526962251306963
2025-02-11,test,spy_always,2.4581115830507403
2025-02-12,test,spy_always,2.4362593977239224
2025-02-13,test,spy_always,2.4654964677795865
2025-02-14,test,spy_always,2.4622613676020926
2025-02-18,test,spy_always,2.468199088525461
2025-02-19,test,spy_always,2.471080673975945
2025-02-20,test,spy_always,2.480262903644292
2025-02-21,test,spy_always,2.4703434388384617
2025-02-24,test,spy_always,2.4734515767024163
2025-02-25,test,spy_always,2.490282217034016
2025-02-26,test,spy_always,2.470418471008755
2025-02-27,test,spy_always,2.4790535249340806
2025-02-28,test,spy_always,2.513922407021648
2025-03-03,test,spy_always,2.493239210208957
2025-03-04,test,spy_always,2.4697247883054207
2025-03-05,test,spy_always,2.4780085791657065
2025-03-06,test,spy_always,2.4608823586783535
2025-03-07,test,spy_always,2.4896936012025144
2025-03-10,test,spy_always,2.4875151245295823
2025-03-11,test,spy_always,2.4628582491212008
2025-03-12,test,spy_always,2.419531666863533
2025-03-13,test,spy_always,2.4101719160243076
2025-03-14,test,spy_always,2.436073968069631
2025-03-17,test,spy_always,2.457029526645231
2025-03-18,test,spy_always,2.4453998026810173
2025-03-19,test,spy_always,2.452328378141764
2025-03-20,test,spy_always,2.4428191198221287
2025-03-21,test,spy_always,2.4278103097868513
2025-03-24,test,spy_always,2.4474616823514244
2025-03-25,test,spy_always,2.4450448253987993
2025-03-26,test,spy_always,2.467395552033859
2025-03-27,test,spy_always,2.478388799768086
2025-03-28,test,spy_always,2.4615199692395473
2025-03-31,test,spy_always,2.4898013859448276
2025-04-01,test,spy_always,2.4976548198327118
2025-04-02,test,spy_always,2.507882620784781
2025-04-03,test,spy_always,2.482179267008295
2025-04-04,test,spy_always,2.3784404206593233
2025-04-07,test,spy_always,2.3223514466375126
2025-04-08,test,spy_always,2.295369161570308
2025-04-09,test,spy_always,2.402784741946999
2025-04-10,test,spy_always,2.3791532146076584
2025-04-11,test,spy_always,2.43423538674306
2025-04-14,test,spy_always,2.4616416543342154
2025-04-15,test,spy_always,2.4469700889735506
2025-04-16,test,spy_always,2.427444902304352
2025-04-17,test,spy_always,2.4467268898528207
2025-04-21,test,spy_always,2.3990598190338632
2025-04-22,test,spy_always,2.453132473177797
2025-04-23,test,spy_always,2.4460661974768483
2025-04-24,test,spy_always,2.428312285270014
2025-04-25,test,spy_always,2.4357706305088676
2025-04-28,test,spy_always,2.4464120897432653
2025-04-29,test,spy_always,2.466999007500312
2025-04-30,test,spy_always,2.469218885461042
2025-05-01,test,spy_always,2.4613687993088518
2025-05-02,test,spy_always,2.4967088889125653
2025-05-05,test,spy_always,2.4858366965044083
2025-05-06,test,spy_always,2.469562524642883
2025-05-07,test,spy_always,2.4886506332541174
2025-05-08,test,spy_always,2.4638703479500026
2025-05-09,test,spy_always,2.4623798667006556
2025-05-12,test,spy_always,2.488258706916617
2025-05-13,test,spy_always,2.476169783762787
2025-05-14,test,spy_always,2.4684500893496253
2025-05-15,test,spy_always,2.5045012046999156
2025-05-16,test,spy_always,2.532451727879442
2025-05-19,test,spy_always,2.5416455374218763
2025-05-20,test,spy_always,2.5378967680580296
2025-05-21,test,spy_always,2.4930625280805336
2025-05-22,test,spy_always,2.4861556150236304
2025-05-23,test,spy_always,2.485844493113578
2025-05-27,test,spy_always,2.5263494236623236
2025-05-28,test,spy_always,2.5002167634454424
2025-05-29,test,spy_always,2.5136573478143527
2025-05-30,test,spy_always,2.5169772930749903
2025-06-02,test,spy_always,2.5126436063855553
2025-06-03,test,spy_always,2.5207288989380703
2025-06-04,test,spy_always,2.5094416043842336
2025-06-05,test,spy_always,2.5063000138097817
2025-06-06,test,spy_always,2.5218951155220743
2025-06-09,test,spy_always,2.5123736118762516
2025-06-10,test,spy_always,2.520702855601388
2025-06-11,test,spy_always,2.51675704118891
2025-06-12,test,spy_always,2.5480093445282583
2025-06-13,test,spy_always,2.5214591250419827
2025-06-16,test,spy_always,2.516813808185151
2025-06-17,test,spy_always,2.5037439374544075
2025-06-18,test,spy_always,2.5066792761401486
2025-06-20,test,spy_always,2.49851142404885
2025-06-23,test,spy_always,2.516516934259099
2025-06-24,test,spy_always,2.52803556517927
2025-06-25,test,spy_always,2.498232072620839
2025-06-26,test,spy_always,2.5147710581214158
2025-06-27,test,spy_always,2.5210810048080714
2025-06-30,test,spy_always,2.505639884211261
2025-07-01,test,spy_always,2.5174237862844984
2025-07-02,test,spy_always,2.5118915527584154
2025-07-03,test,spy_always,2.524191584705083
2025-07-07,test,spy_always,2.511134028974374
2025-07-08,test,spy_always,2.5031805214355365
2025-07-09,test,spy_always,2.493817233039244
2025-07-10,test,spy_always,2.503470398043503
2025-07-11,test,spy_always,2.494786681437284
2025-07-14,test,spy_always,2.5017648932032626
2025-07-15,test,spy_always,2.464125629240113
2025-07-16,test,spy_always,2.485825840695668
2025-07-17,test,spy_always,2.487283025902251
2025-07-18,test,spy_always,2.488580398343925
2025-07-21,test,spy_always,2.483935831778111
2025-07-22,test,spy_always,2.5092858082292913
2025-07-23,test,spy_always,2.519450947705472
2025-07-24,test,spy_always,2.5049221583770906
2025-07-25,test,spy_always,2.5171114495919156
2025-07-28,test,spy_always,2.488966011115694
2025-07-29,test,spy_always,2.5078734707398387
2025-07-30,test,spy_always,2.3944574047660767
2025-07-31,test,spy_always,2.3792922392326266
2025-08-01,test,spy_always,2.362417668207346
2025-08-04,test,spy_always,2.389052187230753
2025-08-05,test,spy_always,2.3924666601065696
2025-08-06,test,spy_always,2.3846510578394153
2025-08-07,test,spy_always,2.3776057796285426
2025-08-08,test,spy_always,2.386224544039634
2025-08-11,test,spy_always,2.3846746689491063
2025-08-12,test,spy_always,2.4003644984742283
2025-08-13,test,spy_always,2.424194291844165
2025-08-14,test,spy_always,2.4201480702153817
2025-08-15,test,spy_always,2.4065792074748464
2025-08-18,test,spy_always,2.3926073239136114
2025-08-19,test,spy_always,2.4156584138930475
2025-08-20,test,spy_always,2.4323489541262613
2025-08-21,test,spy_always,2.426099800987312
2025-08-22,test,spy_always,2.440619628049946
2025-08-25,test,spy_always,2.4163300078620553
2025-08-26,test,spy_always,2.4165473664944903
2025-08-27,test,spy_always,2.425843408414785
2025-08-28,test,spy_always,2.4198897661809053
2025-08-29,test,spy_always,2.426190496812812
2025-09-02,test,spy_always,2.4172984619303004
2025-09-03,test,spy_always,2.4242037811260753
2025-09-04,test,spy_always,2.4337329748612686
2025-09-05,test,spy_always,2.444445627898079
2025-09-08,test,spy_always,2.4475346743283297
2025-09-09,test,spy_always,2.442060623109034
2025-09-10,test,spy_always,2.431816993767154
2025-09-11,test,spy_always,2.4713913516580543
2025-09-12,test,spy_always,2.460192379330347
2025-09-15,test,spy_always,2.4331606686788048
2025-09-16,test,spy_always,2.4253530255110216
2025-09-17,test,spy_always,2.433439907123441
2025-09-18,test,spy_always,2.4436373090838086
2025-09-19,test,spy_always,2.4446411821788088
2025-09-22,test,spy_always,2.4430425090951338
2025-09-23,test,spy_always,2.463064673906692
2025-09-24,test,spy_always,2.4655805728102522
2025-09-25,test,spy_always,2.4390412590036377
2025-09-26,test,spy_always,2.474878826727559
2025-09-29,test,spy_always,2.4724286214373867
2025-09-30,test,spy_always,2.4852473116236213
2025-10-01,test,spy_always,2.4815808275222966
2025-10-02,test,spy_always,2.4766282057415068
2025-10-03,test,spy_always,2.4757015713813884
2025-10-06,test,spy_always,2.478743765168046
2025-10-07,test,spy_always,2.4848672271361405
2025-10-08,test,spy_always,2.484284806799271
2025-10-09,test,spy_always,2.4620809972158284
2025-10-10,test,spy_always,2.443513526657115
2025-10-13,test,spy_always,2.4477305462370618
2025-10-14,test,spy_always,2.4695280559875963
2025-10-15,test,spy_always,2.4699067451552015
2025-10-16,test,spy_always,2.4553167608540725
2025-10-17,test,spy_always,2.4844925497325616
2025-10-20,test,spy_always,2.5035257339450423
2025-10-21,test,spy_always,2.505225407239972
2025-10-22,test,spy_always,2.507169605051837
2025-10-23,test,spy_always,2.4983147045591343
2025-10-24,test,spy_always,2.5030056087607577
2025-10-27,test,spy_always,2.516112114684353
2025-10-28,test,spy_always,2.5043869642110637
2025-10-29,test,spy_always,2.456031669885958
2025-10-30,test,spy_always,2.4513581443892254
2025-10-31,test,spy_always,2.424836861025282
2025-11-03,test,spy_always,2.4263982630330965
2025-11-04,test,spy_always,2.4293656858114083
2025-11-05,test,spy_always,2.4306504984380126
2025-11-06,test,spy_always,2.413549165072785
2025-11-07,test,spy_always,2.4503237019642237
2025-11-10,test,spy_always,2.459436069513708
2025-11-11,test,spy_always,2.4867272768844675
2025-11-12,test,spy_always,2.481538401902758
2025-11-13,test,spy_always,2.477448583478654
2025-11-14,test,spy_always,2.472486789909687
2025-11-17,test,spy_always,2.4524305719010733
2025-11-18,test,spy_always,2.451684498328431
2025-11-19,test,spy_always,2.431782310383541
2025-11-20,test,spy_always,2.4216893753790902
2025-11-21,test,spy_always,2.45794980934259
2025-11-24,test,spy_always,2.4430135684430394
2025-11-25,test,spy_always,2.459694683463398
2025-11-26,test,spy_always,2.469640652163068
2025-11-28,test,spy_always,2.4777790470684904
2025-12-01,test,spy_always,2.463133564142945
2025-12-02,test,spy_always,2.4429207385756033
2025-12-03,test,spy_always,2.454777229554933
2025-12-04,test,spy_always,2.444770081211951
2025-12-05,test,spy_always,2.4376432650816153
2025-12-08,test,spy_always,2.418780081899323
2025-12-09,test,spy_always,2.4211091459236305
2025-12-10,test,spy_always,2.4297534883371474
2025-12-11,test,spy_always,2.447719295012087
2025-12-12,test,spy_always,2.4625657045332225
2025-12-15,test,spy_always,2.4706502176470444
2025-12-16,test,spy_always,2.4588643471960743
2025-12-17,test,spy_always,2.464618114372577
2025-12-18,test,spy_always,2.4701803597113243
2025-12-19,test,spy_always,2.469904106280405
2025-12-22,test,spy_always,2.482759171423762
2025-12-23,test,spy_always,2.4864301721370947
2025-12-24,test,spy_always,2.4946412993802296
2025-12-26,test,spy_always,2.4910753320018
2025-12-29,test,spy_always,2.4945954998951754
2025-12-30,test,spy_always,2.4909327635583574
2025-12-31,test,spy_always,2.471308403316937
2026-01-02,test,spy_always,2.4772708408212702
2026-01-05,test,spy_always,2.4874558637726345
2026-01-06,test,spy_always,2.4865881928649336
2026-01-07,test,spy_always,2.4649784522822924
2026-01-08,test,spy_always,2.4959380647800224
2026-01-09,test,spy_always,2.5095822286698364
2026-01-12,test,spy_always,2.513333916767996
2026-01-13,test,spy_always,2.5103478580223446
2026-01-14,test,spy_always,2.521794482951991
2026-01-15,test,spy_always,2.5289044366301834
2026-01-16,test,spy_always,2.538926114835839
2026-01-20,test,spy_always,2.5112110983089733
2026-01-21,test,spy_always,2.5270116070907855
2026-01-22,test,spy_always,2.5331061066929568
2026-01-23,test,spy_always,2.5431147478207663
2026-01-26,test,spy_always,2.5469111298210967
2026-01-27,test,spy_always,2.5282344674564228
2026-01-28,test,spy_always,2.517886871225806
2026-01-29,test,spy_always,2.5318998409150044
2026-01-30,test,spy_always,2.5452505832523333
2026-02-02,test,spy_always,2.5382175974828582
2026-02-03,test,spy_always,2.55487339399076
2026-02-04,test,spy_always,2.608025683939544
2026-02-05,test,spy_always,2.5974911300058934
2026-02-06,test,spy_always,2.603377604918081
2026-02-09,test,spy_always,2.5887129418947965
2026-02-10,test,spy_always,2.59243422402724
2026-02-11,test,spy_always,2.6020920008671222
2026-02-12,test,spy_always,2.609901272002104
2026-02-13,test,spy_always,2.642498000381829
2026-02-17,test,spy_always,2.6350816862531845
2026-02-18,test,spy_always,2.623520568278897
2026-02-19,test,spy_always,2.6321455867815335
2026-02-20,test,spy_always,2.654222696527896
2026-02-23,test,spy_always,2.6546750138814508
2026-02-24,test,spy_always,2.6673067708739944
2026-02-25,test,spy_always,2.676361878857935
2026-02-26,test,spy_always,2.6495240097984882
2026-02-27,test,spy_always,2.6713163861532427
2026-03-02,test,spy_always,2.6870475333052055
2026-03-03,test,spy_always,2.65969387311495
2026-03-04,test,spy_always,2.651681873428395
2026-03-05,test,spy_always,2.6273404684196118
2026-03-06,test,spy_always,2.600479121140168
2026-03-09,test,spy_always,2.582521941776456
2026-03-10,test,spy_always,2.563828039595307
2026-03-11,test,spy_always,2.547005250091385
2026-03-12,test,spy_always,2.5250170920121615
2026-03-13,test,spy_always,2.540286997930721
2026-03-16,test,spy_always,2.558106859644376
2026-03-17,test,spy_always,2.552523430254142
2026-03-18,test,spy_always,2.5082386206200327
2026-03-19,test,spy_always,2.5011192559683417
2026-03-20,test,spy_always,2.4707489528094246
2026-03-23,test,spy_always,2.4841955446387196
2026-03-24,test,spy_always,2.4856115161181487
2026-03-25,test,spy_always,2.49773381053338
2026-03-26,test,spy_always,2.488550215798572
2026-03-27,test,spy_always,2.4614174860992524
2026-03-30,test,spy_always,2.48310066644823
2026-03-31,test,spy_always,2.5069103147547773
2026-04-01,test,spy_always,2.52139012814099
2026-04-02,test,spy_always,2.5372575365555994
2026-04-06,test,spy_always,2.5470714763446645
2026-04-07,test,spy_always,2.5436990239639905
2026-04-08,test,spy_always,2.5915374560507307
2026-04-09,test,spy_always,2.6085252993720633
2026-04-10,test,spy_always,2.591206051954611
2026-04-13,test,spy_always,2.6054990537892033
2026-04-14,test,spy_always,2.600669837641821
2026-04-15,test,spy_always,2.598512909462027
2026-04-16,test,spy_always,2.6121593464699
2026-04-17,test,spy_always,2.629525592835533
2026-04-20,test,spy_always,2.626188687829928
2026-04-21,test,spy_always,2.601482985030094
2026-04-22,test,spy_always,2.590548543517977
2026-04-23,test,spy_always,2.6165470364696235
2026-04-24,test,spy_always,2.6160743888581557
2026-04-27,test,spy_always,2.6204195240546793
2026-04-28,test,spy_always,2.618058745461362
2026-04-29,test,spy_always,2.597192461523625
2026-04-30,test,spy_always,2.6152760849767036
2026-05-01,test,spy_always,2.617186747868387
2026-05-04,test,spy_always,2.593116921350395
2026-05-05,test,spy_always,2.6070417295692163
2026-05-06,test,spy_always,2.608368624480985
2026-05-07,test,spy_always,2.6079121496315367
2026-05-08,test,spy_always,2.6044748396953197
2026-05-11,test,spy_always,2.6000621108806423
2026-05-12,test,spy_always,2.5968506815980295
2026-05-13,test,spy_always,2.598876382044217
2026-05-14,test,spy_always,2.6065229618329067
2026-05-15,test,spy_always,2.5770638176435217
2026-05-18,test,spy_always,2.6083443015800367
2026-05-19,test,spy_always,2.59483492941407
2026-05-20,test,spy_always,2.6143180491523457
2026-05-21,test,spy_always,2.6294914018452853
2026-05-22,test,spy_always,2.63336499747992
2026-05-26,test,spy_always,2.635794494427258
2026-05-27,test,spy_always,2.6306885595057374
2026-05-28,test,spy_always,2.626505734685468
2026-05-29,test,spy_always,2.6075098754376445
2026-06-01,test,spy_always,2.590780440474801
2026-06-02,test,spy_always,2.5978309941135174
2026-06-03,test,spy_always,2.5891306950041297
2026-06-04,test,spy_always,2.6152638140676303
2026-06-05,test,spy_always,2.6237856112633677
2026-06-08,test,spy_always,2.6065006727879365
2026-06-09,test,spy_always,2.6577994480428724
2026-06-10,test,spy_always,2.649096577372244
2026-06-11,test,spy_always,2.6626496600992677
2026-06-12,test,spy_always,2.6850577583004345
2026-06-15,test,spy_always,2.682506330138675
2026-06-16,test,spy_always,2.687947484607394
2026-06-17,test,spy_always,2.659779345148988
2026-06-18,test,spy_always,2.6629138911703616
2026-06-22,test,spy_always,2.6624348142378262
2026-06-23,test,spy_always,2.6838944412374395
2026-06-24,test,spy_always,2.71704062812217
2026-06-25,test,spy_always,2.7339186371130335
2026-06-26,test,spy_always,2.7670312701369193
2026-06-29,test,spy_always,2.7564940229530586
2026-06-30,test,spy_always,2.7618031449005107
2026-07-01,test,spy_always,2.8091471660852303
2026-07-02,test,spy_always,2.848469907884864
2026-07-06,test,spy_always,2.8348669252715273
2026-07-07,test,spy_always,2.8355205427760763
2026-07-08,test,spy_always,2.804028417817398
2026-07-09,test,spy_always,2.811741854341788
2026-07-10,test,spy_always,2.8316852304019267
2026-07-13,test,spy_always,2.843774423880481
2026-07-14,test,spy_always,2.836090490290035
2026-07-15,test,spy_always,2.8353596001466905
2026-07-16,test,spy_always,2.8920726872136875
2026-07-17,test,spy_always,2.8680197059036256
2026-07-20,test,spy_always,2.8535978466274448
2026-07-21,test,spy_always,2.8377376357423185
2026-07-22,test,spy_always,2.841339701443987
2026-07-23,test,spy_always,2.8204561100034886
2026-07-24,test,spy_always,2.852268674407584
2026-07-27,test,spy_always,2.86723169758053
2026-07-28,test,spy_always,2.9061591433203073
2026-07-29,test,spy_always,2.869656064886698
2026-07-30,test,spy_always,2.8428093751212824
2026-07-31,test,spy_always,2.8096883429547366
2026-08-03,test,spy_always,2.8300089093156156
2026-08-04,test,spy_always,2.848052075862978
2026-08-05,test,spy_always,2.8738098090279145
2026-08-06,test,spy_always,2.8592010319085874
2026-08-07,test,spy_always,2.867370528064123
2026-08-10,test,spy_always,2.869376468122228
2026-08-11,test,spy_always,2.8759204343819076
2026-08-12,test,spy_always,2.8666138182319996
2026-08-13,test,spy_always,2.870223738654291
2026-08-14,test,spy_always,2.8747281662293465
2026-08-17,test,spy_always,2.8444716311421634
2026-08-18,test,spy_always,2.8476814671897865
2026-08-19,test,spy_always,2.8654761263631494
2026-08-20,test,spy_always,2.851769729706231
2026-08-21,test,spy_always,2.8762678812578013
2026-08-24,test,spy_always,2.9024831260612096
2026-08-25,test,spy_always,2.9026398939344458
2019-01-02,test,spy_green,1.0
2019-01-03,test,spy_green,1.0000945051720755
2019-01-04,test,spy_green,1.0001894068167365
2019-01-07,test,spy_green,1.000285479975156
2019-01-08,test,spy_green,1.00038194982651
2019-01-09,test,spy_green,1.0004780414796415
2019-01-10,test,spy_green,1.0005733671713686
2019-01-11,test,spy_green,1.0006687019457412
2019-01-14,test,spy_green,1.0007648211428373
2019-01-15,test,spy_green,1.0008609495726597
2019-01-16,test,spy_green,1.000956311747925
2019-01-17,test,spy_green,1.0010512951717188
2019-01-18,test,spy_green,1.0011458996966254
2019-01-22,test,spy_green,1.0012412890219793
2019-01-23,test,spy_green,1.0013359115022875
2019-01-24,test,spy_green,1.001428990457795
2019-01-25,test,spy_green,1.0015228544466654
2019-01-28,test,spy_green,1.0016178916312124
2019-01-29,test,spy_green,1.0017129378340925
2019-01-30,test,spy_green,1.001807993056161
2019-01-31,test,spy_green,1.0019026690929314
2019-02-01,test,spy_green,1.0019969657972851
2019-02-04,test,spy_green,1.007028609987046
2019-02-05,test,spy_green,1.0112499297004884
2019-02-06,test,spy_green,1.0099169511776533
2019-02-07,test,spy_green,1.0079927593307076
2019-02-08,test,spy_green,1.0080888010258326
2019-02-11,test,spy_green,1.008185632960286
2019-02-12,test,spy_green,1.0191082363403208
2019-02-13,test,spy_green,1.0224173216969221
2019-02-14,test,spy_green,1.0201490517808725
2019-02-15,test,spy_green,1.0312657749724767
2019-02-19,test,spy_green,1.033050546416752
2019-02-20,test,spy_green,1.0351325578055717
2019-02-21,test,spy_green,1.0314518432458486
2019-02-22,test,spy_green,1.0378467193474148
2019-02-25,test,spy_green,1.0392598615885684
2019-02-26,test,spy_green,1.0385160324207503
2019-02-27,test,spy_green,1.0380700773770044
2019-02-28,test,spy_green,1.0361364639976223
2019-03-01,test,spy_green,1.0405250597459896
2019-03-04,test,spy_green,1.0283024444128102
2019-03-05,test,spy_green,1.0297753488992984
2019-03-06,test,spy_green,1.0222377259835949
2019-03-07,test,spy_green,1.015456469543738
2019-03-08,test,spy_green,1.0140896626571447
2019-03-11,test,spy_green,1.027487444841673
2019-03-12,test,spy_green,1.0308339986485102
2019-03-13,test,spy_green,1.0387630525102218
2019-03-14,test,spy_green,1.0399532080483658
2019-03-15,test,spy_green,1.0407622627807285
2019-03-18,test,spy_green,1.0476698314235346
2019-03-19,test,spy_green,1.0443026660188242
2019-03-20,test,spy_green,1.0365372735234015
2019-03-21,test,spy_green,1.0498943528293994
2019-03-22,test,spy_green,1.0297421303115628
2019-03-25,test,spy_green,1.0349046344779083
2019-03-26,test,spy_green,1.0417465916318078
2019-03-27,test,spy_green,1.0430260315344881
2019-03-28,test,spy_green,1.0520104711874287
2019-03-29,test,spy_green,1.0567369970756926
2019-04-01,test,spy_green,1.062940503739129
2019-04-02,test,spy_green,1.0646327194136713
2019-04-03,test,spy_green,1.0699151471711792
2019-04-04,test,spy_green,1.0705642976722891
2019-04-05,test,spy_green,1.0747835648941453
2019-04-08,test,spy_green,1.071839630649443
2019-04-09,test,spy_green,1.0612529270054318
2019-04-10,test,spy_green,1.0678471446515283
2019-04-11,test,spy_green,1.0625236103929374
2019-04-12,test,spy_green,1.0600269483319331
2019-04-15,test,spy_green,1.0690056007536197
2019-04-16,test,spy_green,1.0642674732005801
2019-04-17,test,spy_green,1.0544716612266118
2019-04-18,test,spy_green,1.0685439174496478
2019-04-22,test,spy_green,1.0684830360408173
2019-04-23,test,spy_green,1.077206638278392
2019-04-24,test,spy_green,1.0835332232575274
2019-04-25,test,spy_green,1.0856239249775146
2019-04-26,test,spy_green,1.0961081974409292
2019-04-29,test,spy_green,1.1019297144379478
2019-04-30,test,spy_green,1.1071424314495604
2019-05-01,test,spy_green,1.0897241571453211
2019-05-02,test,spy_green,1.0929166410604567
2019-05-03,test,spy_green,1.1002278731567168
2019-05-06,test,spy_green,1.1092589226922787
2019-05-07,test,spy_green,1.0920343751427741
2019-05-08,test,spy_green,1.0928706494609834
2019-05-09,test,spy_green,1.0923635467915702
2019-05-10,test,spy_green,1.0984906818765106
2019-05-13,test,spy_green,1.0827341755569801
2019-05-14,test,spy_green,1.0863788528522131
2019-05-15,test,spy_green,1.0910840451461807
2019-05-16,test,spy_green,1.0999657369483702
2019-05-17,test,spy_green,1.103112675084348
2019-05-20,test,spy_green,1.1080312148060156
2019-05-21,test,spy_green,1.1180573374952911
2019-05-22,test,spy_green,1.1172384547927399
2019-05-23,test,spy_green,1.1077132414675352
2019-05-24,test,spy_green,1.1115450182981532
2019-05-28,test,spy_green,1.1019227235401694
2019-05-29,test,spy_green,1.1009197791778083
2019-05-30,test,spy_green,1.1094100797363493
2019-05-31,test,spy_green,1.1064848530624112
2019-06-03,test,spy_green,1.1057491687164953
2019-06-04,test,spy_green,1.1270187853560987
2019-06-05,test,spy_green,1.1361337261067306
2019-06-06,test,spy_green,1.1391687909643726
2019-06-07,test,spy_green,1.1499619433072992
2019-06-10,test,spy_green,1.1517649550683788
2019-06-11,test,spy_green,1.14213147701478
2019-06-12,test,spy_green,1.1461839449034943
2019-06-13,test,spy_green,1.1494990466791406
2019-06-14,test,spy_green,1.1498550568313586
2019-06-17,test,spy_green,1.1455433777456203
2019-06-18,test,spy_green,1.1513761673447658
2019-06-19,test,spy_green,1.1581659009465461
2019-06-20,test,spy_green,1.170910539085213
2019-06-21,test,spy_green,1.1668495658631484
2019-06-24,test,spy_green,1.1599817190223378
2019-06-25,test,spy_green,1.1537025889814165
2019-06-26,test,spy_green,1.1384630636580273
2019-06-27,test,spy_green,1.1527234922451972
2019-06-28,test,spy_green,1.1568165072533643
2019-07-01,test,spy_green,1.1621042403050508
2019-07-02,test,spy_green,1.1734099659697772
2019-07-03,test,spy_green,1.1868037118773882
2019-07-05,test,spy_green,1.1897359722101701
2019-07-08,test,spy_green,1.191003605710604
2019-07-09,test,spy_green,1.1942275549129218
2019-07-10,test,spy_green,1.2010517622669845
2019-07-11,test,spy_green,1.2026525669222932
2019-07-12,test,spy_green,1.207254015931643
2019-07-15,test,spy_green,1.2080806994632005
2019-07-16,test,spy_green,1.207582821124091
2019-07-17,test,spy_green,1.2052995049044128
2019-07-18,test,spy_green,1.2075759653404177
2019-07-19,test,spy_green,1.1915349805974267
2019-07-22,test,spy_green,1.188523315355039
2019-07-23,test,spy_green,1.1940989174068812
2019-07-24,test,spy_green,1.1708457990858603
2019-07-25,test,spy_green,1.170932544853284
2019-07-26,test,spy_green,1.1793941261584644
2019-07-29,test,spy_green,1.176501344633909
2019-07-30,test,spy_green,1.1744159995244337
2019-07-31,test,spy_green,1.1683338431627344
2019-08-01,test,spy_green,1.180726713281508
2019-08-02,test,spy_green,1.1827462857661313
2019-08-05,test,spy_green,1.160220687772064
2019-08-06,test,spy_green,1.1802954448381535
2019-08-07,test,spy_green,1.1910288917857408
2019-08-08,test,spy_green,1.2077762306062407
2019-08-09,test,spy_green,1.2133792098645204
2019-08-12,test,spy_green,1.2021619622841828
2019-08-13,test,spy_green,1.2115541916775272
2019-08-14,test,spy_green,1.194003753529743
2019-08-15,test,spy_green,1.2061374719978801
2019-08-16,test,spy_green,1.220212173337548
2019-08-19,test,spy_green,1.2275374516815565
2019-08-20,test,spy_green,1.2190250740039004
2019-08-21,test,spy_green,1.2226838255062058
2019-08-22,test,spy_green,1.2225092161960984
2019-08-23,test,spy_green,1.200455794850805
2019-08-26,test,spy_green,1.2066894266555668
2019-08-27,test,spy_green,1.204917713366903
2019-08-28,test,spy_green,1.20839109214493
2019-08-29,test,spy_green,1.2153494598777428
2019-08-30,test,spy_green,1.2167658746897898
2019-09-03,test,spy_green,1.2166422373588273
2019-09-04,test,spy_green,1.2290615528126692
2019-09-05,test,spy_green,1.2373015369676557
2019-09-06,test,spy_green,1.2307315995184585
2019-09-09,test,spy_green,1.2150568187206727
2019-09-10,test,spy_green,1.206633838005457
2019-09-11,test,spy_green,1.2115857543486181
2019-09-12,test,spy_green,1.2128765192746278
2019-09-13,test,spy_green,1.2139165051222554
2019-09-16,test,spy_green,1.2127614445937662
2019-09-17,test,spy_green,1.2196108705331663
2019-09-18,test,spy_green,1.2157627013705945
2019-09-19,test,spy_green,1.222741143592149
2019-09-20,test,spy_green,1.2193996737971438
2019-09-23,test,spy_green,1.2195800303211362
2019-09-24,test,spy_green,1.2159213273448632
2019-09-25,test,spy_green,1.2199068448284662
2019-09-26,test,spy_green,1.2155215935934771
2019-09-27,test,spy_green,1.2086244504813155
2019-09-30,test,spy_green,1.2198565393498455
2019-10-01,test,spy_green,1.2078455879964045
2019-10-02,test,spy_green,1.195338165403947
2019-10-03,test,spy_green,1.1995621748355332
2019-10-04,test,spy_green,1.2210929487500082
2019-10-07,test,spy_green,1.2133858266761282
2019-10-08,test,spy_green,1.198672663523347
2019-10-09,test,spy_green,1.2054979327233841
2019-10-10,test,spy_green,1.2098683070933949
2019-10-11,test,spy_green,1.2174138767747356
2019-10-14,test,spy_green,1.2126819784453708
2019-10-15,test,spy_green,1.2277895987153697
2019-10-16,test,spy_green,1.223069081455121
2019-10-17,test,spy_green,1.2473284537539386
2019-10-18,test,spy_green,1.2610382500959343
2019-10-21,test,spy_green,1.2516213696636238
2019-10-22,test,spy_green,1.2452044439189918
2019-10-23,test,spy_green,1.2431778401395934
2019-10-24,test,spy_green,1.240390658173232
2019-10-25,test,spy_green,1.2311035924547324
2019-10-28,test,spy_green,1.2321466368986058
2019-10-29,test,spy_green,1.2476790340417576
2019-10-30,test,spy_green,1.2579589297253524
2019-10-31,test,spy_green,1.2491761884633474
2019-11-01,test,spy_green,1.2513276712115449
2019-11-04,test,spy_green,1.2407586276577074
2019-11-05,test,spy_green,1.2311513552815867
2019-11-06,test,spy_green,1.2388534149573251
2019-11-07,test,spy_green,1.2358958577556454
2019-11-08,test,spy_green,1.2353881765872081
2019-11-11,test,spy_green,1.2359716394113043
2019-11-12,test,spy_green,1.2368226187234623
2019-11-13,test,spy_green,1.2427612285133887
2019-11-14,test,spy_green,1.249255722630318
2019-11-15,test,spy_green,1.2536257244826026
2019-11-18,test,spy_green,1.2542582481418627
2019-11-19,test,spy_green,1.2566295176663473
2019-11-20,test,spy_green,1.2586536760149543
2019-11-21,test,spy_green,1.2433061851471277
2019-11-22,test,spy_green,1.2455235201416406
2019-11-25,test,spy_green,1.2518136855728186
2019-11-26,test,spy_green,1.2633056792261461
2019-11-27,test,spy_green,1.2613804363354062
2019-11-29,test,spy_green,1.255956977491956
2019-12-02,test,spy_green,1.2444327204404217
2019-12-03,test,spy_green,1.2400187494272954
2019-12-04,test,spy_green,1.2472392824829024
2019-12-05,test,spy_green,1.2564257615052357
2019-12-06,test,spy_green,1.2600236712282624
2019-12-09,test,spy_green,1.254365063547256
2019-12-10,test,spy_green,1.2486027610166193
2019-12-11,test,spy_green,1.2507489384664234
2019-12-12,test,spy_green,1.2478042601030548
2019-12-13,test,spy_green,1.247269797297862
2019-12-16,test,spy_green,1.258721034580342
2019-12-17,test,spy_green,1.2644952702019499
2019-12-18,test,spy_green,1.2527308988694972
2019-12-19,test,spy_green,1.2519472231233548
2019-12-20,test,spy_green,1.2605575841977885
2019-12-23,test,spy_green,1.2542018574771754
2019-12-24,test,spy_green,1.254318269347639
2019-12-26,test,spy_green,1.254300707362355
2019-12-27,test,spy_green,1.256298320449934
2019-12-30,test,spy_green,1.2561704312433108
2019-12-31,test,spy_green,1.257709928180445
2020-01-02,test,spy_green,1.2579049326744416
2020-01-03,test,spy_green,1.261167825742518
2020-01-06,test,spy_green,1.2661448726365134
2020-01-07,test,spy_green,1.259095528742573
2020-01-08,test,spy_green,1.2636483386413213
2020-01-09,test,spy_green,1.2737354568586323
2020-01-10,test,spy_green,1.278801524060406
2020-01-13,test,spy_green,1.2821948997522334
2020-01-14,test,spy_green,1.276888462581315
2020-01-15,test,spy_green,1.293307148450876
2020-01-16,test,spy_green,1.3058930776030218
2020-01-17,test,spy_green,1.3095757257295646
2020-01-21,test,spy_green,1.3139684079413168
2020-01-22,test,spy_green,1.311690996419985
2020-01-23,test,spy_green,1.315849737429483
2020-01-24,test,spy_green,1.3081597237760205
2020-01-27,test,spy_green,1.2993674382384381
2020-01-28,test,spy_green,1.3064093980921212
2020-01-29,test,spy_green,1.317088053808937
2020-01-30,test,spy_green,1.327657736588547
2020-01-31,test,spy_green,1.3109524981885092
2020-02-03,test,spy_green,1.3175252825035255
2020-02-04,test,spy_green,1.3330347330619556
2020-02-05,test,spy_green,1.348662849280413
2020-02-06,test,spy_green,1.349767976095256
2020-02-07,test,spy_green,1.347907856449455
2020-02-10,test,spy_green,1.354519440951521
2020-02-11,test,spy_green,1.363349270283893
2020-02-12,test,spy_green,1.3759748712375475
2020-02-13,test,spy_green,1.3873420877790474
2020-02-14,test,spy_green,1.3951633352546775
2020-02-18,test,spy_green,1.391577945158077
2020-02-19,test,spy_green,1.3861008306266902
2020-02-20,test,spy_green,1.3840970941699602
2020-02-21,test,spy_green,1.38637480250088
2020-02-24,test,spy_green,1.3536890028561959
2020-02-25,test,spy_green,1.322265523714722
2020-02-26,test,spy_green,1.3212094392256823
2020-02-27,test,spy_green,1.2660956654142546
2020-02-28,test,spy_green,1.2383192928195597
2020-03-02,test,spy_green,1.3007794084359574
2020-03-03,test,spy_green,1.2852167393994305
2020-03-04,test,spy_green,1.3440589354734762
2020-03-05,test,spy_green,1.3296638614827814
2020-03-06,test,spy_green,1.3242393334277798
2020-03-09,test,spy_green,1.2704524113544178
2020-03-10,test,spy_green,1.2934313098509878
2020-03-11,test,spy_green,1.2482481260951228
2020-03-12,test,spy_green,1.1509183076438267
2020-03-13,test,spy_green,1.2272862467790955
2020-03-16,test,spy_green,1.1145952151819556
2020-03-17,test,spy_green,1.1835484165209007
2020-03-18,test,spy_green,1.1428779023519309
2020-03-19,test,spy_green,1.1318361592672528
2020-03-20,test,spy_green,1.0881227931389543
2020-03-23,test,spy_green,1.055549135468601
2020-03-24,test,spy_green,1.1071758061465267
2020-03-25,test,spy_green,1.1165406835359342
2020-03-26,test,spy_green,1.1719101567899604
2020-03-27,test,spy_green,1.1568672830376334
2020-03-30,test,spy_green,1.1969389891852196
2020-03-31,test,spy_green,1.176799987035925
2020-04-01,test,spy_green,1.135028666502655
2020-04-02,test,spy_green,1.155892868720968
2020-04-03,test,spy_green,1.1377606755233092
2020-04-06,test,spy_green,1.1787603527315316
2020-04-07,test,spy_green,1.1723183208115504
2020-04-08,test,spy_green,1.2115545389135882
2020-04-09,test,spy_green,1.2445645429860552
2020-04-13,test,spy_green,1.2158305116837487
2020-04-14,test,spy_green,1.2457619741926877
2020-04-15,test,spy_green,1.2227328030016087
2020-04-16,test,spy_green,1.23970091342984
2020-04-17,test,spy_green,1.251423098855864
2020-04-20,test,spy_green,1.2244113342731149
2020-04-21,test,spy_green,1.2081091806835578
2020-04-22,test,spy_green,1.218839084215781
2020-04-23,test,spy_green,1.21758856379584
2020-04-24,test,spy_green,1.2232757226322364
2020-04-27,test,spy_green,1.2448614333365355
2020-04-28,test,spy_green,1.2474686511935382
2020-04-29,test,spy_green,1.2526272751021905
2020-04-30,test,spy_green,1.2347119800578055
2020-05-01,test,spy_green,1.2149514565223476
2020-05-04,test,spy_green,1.2178096711100355
2020-05-05,test,spy_green,1.2373603481221613
2020-05-06,test,spy_green,1.2145934643774423
2020-05-07,test,spy_green,1.211781318577345
2020-05-08,test,spy_green,1.2206823201073642
2020-05-11,test,spy_green,1.214238937914559
2020-05-12,test,spy_green,1.187549002201455
2020-05-13,test,spy_green,1.1664949274617207
2020-05-14,test,spy_green,1.1817723955531783
2020-05-15,test,spy_green,1.1878878717175199
2020-05-18,test,spy_green,1.2172316897862978
2020-05-19,test,spy_green,1.202996526194786
2020-05-20,test,spy_green,1.2038754491187644
2020-05-21,test,spy_green,1.2054720827372511
2020-05-22,test,spy_green,1.2099395184934247
2020-05-26,test,spy_green,1.2329224883409398
2020-05-27,test,spy_green,1.2581787857656483
2020-05-28,test,spy_green,1.2633773464636344
2020-05-29,test,spy_green,1.2716266145854045
2020-06-01,test,spy_green,1.2761008906057467
2020-06-02,test,spy_green,1.281085918812418
2020-06-03,test,spy_green,1.3021574007310595
2020-06-04,test,spy_green,1.2852445399843981
2020-06-05,test,spy_green,1.3301617983015115
2020-06-08,test,spy_green,1.3350443767613673
2020-06-09,test,spy_green,1.3231965452281365
2020-06-10,test,spy_green,1.3070249580728595
2020-06-11,test,spy_green,1.2450515573503445
2020-06-12,test,spy_green,1.2483872937608562
2020-06-15,test,spy_green,1.27887519461092
2020-06-16,test,spy_green,1.2965321031237333
2020-06-17,test,spy_green,1.2922783690566602
2020-06-18,test,spy_green,1.289950833515853
2020-06-19,test,spy_green,1.279827157430037
2020-06-22,test,spy_green,1.2822055274374304
2020-06-23,test,spy_green,1.2853917604526195
2020-06-24,test,spy_green,1.257427784851763
2020-06-25,test,spy_green,1.276281953401452
2020-06-26,test,spy_green,1.2547073794929755
2020-06-29,test,spy_green,1.274700788018722
2020-06-30,test,spy_green,1.291456285790406
2020-07-01,test,spy_green,1.3006037652391336
2020-07-02,test,spy_green,1.3000032223327878
2020-07-06,test,spy_green,1.3069300590915347
2020-07-07,test,spy_green,1.2964352785186928
2020-07-08,test,spy_green,1.304464902992899
2020-07-09,test,spy_green,1.294372340080052
2020-07-10,test,spy_green,1.309244125172301
2020-07-13,test,spy_green,1.307937844983696
2020-07-14,test,spy_green,1.3359249786559741
2020-07-15,test,spy_green,1.345315164951682
2020-07-16,test,spy_green,1.3525036762579288
2020-07-17,test,spy_green,1.36031334863238
2020-07-20,test,spy_green,1.364342207208619
2020-07-21,test,spy_green,1.3696054198458132
2020-07-22,test,spy_green,1.388077476293182
2020-07-23,test,spy_green,1.3871972368354195
2020-07-24,test,spy_green,1.382724504485982
2020-07-27,test,spy_green,1.3842906245399573
2020-07-28,test,spy_green,1.3816939758561242
2020-07-29,test,spy_green,1.4083772588356873
2020-07-30,test,spy_green,1.3991516500063328
2020-07-31,test,spy_green,1.4043092063775802
2020-08-03,test,spy_green,1.4033793453913659
2020-08-04,test,spy_green,1.414307769513472
2020-08-05,test,spy_green,1.4131118387478088
2020-08-06,test,spy_green,1.4184976385363877
2020-08-07,test,spy_green,1.434747249034399
2020-08-10,test,spy_green,1.423560581092914
2020-08-11,test,spy_green,1.4000896611337827
2020-08-12,test,spy_green,1.4177663048974003
2020-08-13,test,spy_green,1.4142221809341422
2020-08-14,test,spy_green,1.415255819359117
2020-08-17,test,spy_green,1.4206173737987453
2020-08-18,test,spy_green,1.4234295147269669
2020-08-19,test,spy_green,1.410529407363107
2020-08-20,test,spy_green,1.4145112702263627
2020-08-21,test,spy_green,1.421956458888782
2020-08-24,test,spy_green,1.4215088177601451
2020-08-25,test,spy_green,1.4233979999332493
2020-08-26,test,spy_green,1.4178465984453894
2020-08-27,test,spy_green,1.4302569613361877
2020-08-28,test,spy_green,1.4375001963733003
2020-08-31,test,spy_green,1.4390039290283652
2020-09-01,test,spy_green,1.436268238027321
2020-09-02,test,spy_green,1.4620014004602437
2020-09-03,test,spy_green,1.4312937932302463
2020-09-04,test,spy_green,1.4144905419697098
2020-09-08,test,spy_green,1.3921056314583833
2020-09-09,test,spy_green,1.4193747216864976
2020-09-10,test,spy_green,1.3933681863609197
2020-09-11,test,spy_green,1.3909007329452159
2020-09-14,test,spy_green,1.4091186470464303
2020-09-15,test,spy_green,1.4139860099608814
2020-09-16,test,spy_green,1.4144999766414152
2020-09-17,test,spy_green,1.3962651550507994
2020-09-18,test,spy_green,1.3839662486466653
2020-09-21,test,spy_green,1.362940115107854
2020-09-22,test,spy_green,1.3636652260581117
2020-09-23,test,spy_green,1.3316995720728142
2020-09-24,test,spy_green,1.3415785019565194
2020-09-25,test,spy_green,1.365394482761549
2020-09-28,test,spy_green,1.3813868581915523
2020-09-29,test,spy_green,1.378111953671272
2020-09-30,test,spy_green,1.3898516849392024
2020-10-01,test,spy_green,1.4008726177800275
2020-10-02,test,spy_green,1.4071354640538858
2020-10-05,test,spy_green,1.4257743376794079
2020-10-06,test,spy_green,1.417641234988223
2020-10-07,test,spy_green,1.430679499286573
2020-10-08,test,spy_green,1.4438826936085751
2020-10-09,test,spy_green,1.4556858132608306
2020-10-12,test,spy_green,1.476448774762531
2020-10-13,test,spy_green,1.45800212386054
2020-10-14,test,spy_green,1.4383428241764065
2020-10-15,test,spy_green,1.4403501510382861
2020-10-16,test,spy_green,1.4409321861569908
2020-10-19,test,spy_green,1.4199820391514866
2020-10-20,test,spy_green,1.4287571921034248
2020-10-21,test,spy_green,1.4256077151637911
2020-10-22,test,spy_green,1.4310042372337703
2020-10-23,test,spy_green,1.437870326685642
2020-10-26,test,spy_green,1.420235940833835
2020-10-27,test,spy_green,1.4099491518370681
2020-10-28,test,spy_green,1.3710839135084028
2020-10-29,test,spy_green,1.3797533524618306
2020-10-30,test,spy_green,1.368562901648674
2020-11-02,test,spy_green,1.398179222193261
2020-11-03,test,spy_green,1.4196786160364543
2020-11-04,test,spy_green,1.4497521940492422
2020-11-05,test,spy_green,1.4629016537446504
2020-11-06,test,spy_green,1.4579803260582225
2020-11-09,test,spy_green,1.4301408086066831
2020-11-10,test,spy_green,1.444092140562807
2020-11-11,test,spy_green,1.4576361086335539
2020-11-12,test,spy_green,1.4526807667881227
2020-11-13,test,spy_green,1.4728138476946624
2020-11-16,test,spy_green,1.4833484670148847
2020-11-17,test,spy_green,1.4700925304232364
2020-11-18,test,spy_green,1.4447737020933413
2020-11-19,test,spy_green,1.4392420062169666
2020-11-20,test,spy_green,1.4338945161814611
2020-11-23,test,spy_green,1.4342677919376936
2020-11-24,test,spy_green,1.4284235867264872
2020-11-25,test,spy_green,1.4374946309681678
2020-11-27,test,spy_green,1.4379795172484182
2020-11-30,test,spy_green,1.4241917173733902
2020-12-01,test,spy_green,1.443640355768419
2020-12-02,test,spy_green,1.4348549619886475
2020-12-03,test,spy_green,1.4248778311480086
2020-12-04,test,spy_green,1.440314244551691
2020-12-07,test,spy_green,1.436293463848217
2020-12-08,test,spy_green,1.444745565852011
2020-12-09,test,spy_green,1.4399716634026332
2020-12-10,test,spy_green,1.4373390213602901
2020-12-11,test,spy_green,1.435911129503204
2020-12-14,test,spy_green,1.433987300032546
2020-12-15,test,spy_green,1.4615876173244167
2020-12-16,test,spy_green,1.4671867502299993
2020-12-17,test,spy_green,1.4815278513678323
2020-12-18,test,spy_green,1.479562200695838
2020-12-21,test,spy_green,1.4654018534888251
2020-12-22,test,spy_green,1.4691380970158123
2020-12-23,test,spy_green,1.462271076766756
2020-12-24,test,spy_green,1.4741703918764426
2020-12-28,test,spy_green,1.484346190636238
2020-12-29,test,spy_green,1.475188366013003
2020-12-30,test,spy_green,1.4772805585562754
2020-12-31,test,spy_green,1.494994371655341
2021-01-04,test,spy_green,1.462949693312349
2021-01-05,test,spy_green,1.4648685854543677
2021-01-06,test,spy_green,1.4815781257397334
2021-01-07,test,spy_green,1.490290794334706
2021-01-08,test,spy_green,1.4952385153406882
2021-01-11,test,spy_green,1.482493152023947
2021-01-12,test,spy_green,1.477130655407108
2021-01-13,test,spy_green,1.4735011087653245
2021-01-14,test,spy_green,1.462007082032542
2021-01-15,test,spy_green,1.476627426134533
2021-01-19,test,spy_green,1.477372728626297
2021-01-20,test,spy_green,1.4924013533248561
2021-01-21,test,spy_green,1.488185112033747
2021-01-22,test,spy_green,1.4846058460888945
2021-01-25,test,spy_green,1.5008571814047906
2021-01-26,test,spy_green,1.5010221461328148
2021-01-27,test,spy_green,1.4608987464937941
2021-01-28,test,spy_green,1.4662686128496145
2021-01-29,test,spy_green,1.4504051935834288
2021-02-01,test,spy_green,1.4660578915164133
2021-02-02,test,spy_green,1.4735684217919258
2021-02-03,test,spy_green,1.4656263856143676
2021-02-04,test,spy_green,1.4722061501032997
2021-02-05,test,spy_green,1.469725384961192
2021-02-08,test,spy_green,1.46860164013191
2021-02-09,test,spy_green,1.4691471235298275
2021-02-10,test,spy_green,1.4717450733243926
2021-02-11,test,spy_green,1.478752333274876
2021-02-12,test,spy_green,1.4759996596679938
2021-02-16,test,spy_green,1.4547504030460343
2021-02-17,test,spy_green,1.4592266475675526
2021-02-18,test,spy_green,1.4660861972263477
2021-02-19,test,spy_green,1.451273006627244
2021-02-22,test,spy_green,1.44821049221973
2021-02-23,test,spy_green,1.4563081426049973
2021-02-24,test,spy_green,1.4499894025976978
2021-02-25,test,spy_green,1.4248059520341367
2021-02-26,test,spy_green,1.4075289161906046
2021-03-01,test,spy_green,1.4226151900463402
2021-03-02,test,spy_green,1.4138191065689483
2021-03-03,test,spy_green,1.394526691880919
2021-03-04,test,spy_green,1.38245299903538
2021-03-05,test,spy_green,1.4180805181552256
2021-03-08,test,spy_green,1.4263620819972571
2021-03-09,test,spy_green,1.4353198830367322
2021-03-10,test,spy_green,1.4464128016647706
2021-03-11,test,spy_green,1.4668857681524334
2021-03-12,test,spy_green,1.4810262920622255
2021-03-15,test,spy_green,1.4990861821969532
2021-03-16,test,spy_green,1.5000614739840965
2021-03-17,test,spy_green,1.4898210667098548
2021-03-18,test,spy_green,1.491853826601097
2021-03-19,test,spy_green,1.4841783113626539
2021-03-22,test,spy_green,1.4919294307040623
2021-03-23,test,spy_green,1.5066438666850206
2021-03-24,test,spy_green,1.5075963709646727
2021-03-25,test,spy_green,1.516291325362545
2021-03-26,test,spy_green,1.5427546654023832
2021-03-29,test,spy_green,1.5493900373960598
2021-03-30,test,spy_green,1.5338392694040743
2021-03-31,test,spy_green,1.529952002742844
2021-04-01,test,spy_green,1.5407402223603208
2021-04-05,test,spy_green,1.5520397455538475
2021-04-06,test,spy_green,1.5488720205237692
2021-04-07,test,spy_green,1.5500271985870597
2021-04-08,test,spy_green,1.543855760467982
2021-04-09,test,spy_green,1.5565025248159863
2021-04-12,test,spy_green,1.563579710404772
2021-04-13,test,spy_green,1.5718913416013285
2021-04-14,test,spy_green,1.5676270680065172
2021-04-15,test,spy_green,1.6017461243206275
2021-04-16,test,spy_green,1.6066725613912598
2021-04-19,test,spy_green,1.607077456715048
2021-04-20,test,spy_green,1.6237664727129024
2021-04-21,test,spy_green,1.6301149346880843
2021-04-22,test,spy_green,1.6162491756817818
2021-04-23,test,spy_green,1.6241926932148025
2021-04-26,test,spy_green,1.6187270805467122
2021-04-27,test,spy_green,1.612586419270731
2021-04-28,test,spy_green,1.6169094966216242
2021-04-29,test,spy_green,1.6335531969067187
2021-04-30,test,spy_green,1.6323625125192756
2021-05-03,test,spy_green,1.6406253492691107
2021-05-04,test,spy_green,1.6329544729126562
2021-05-05,test,spy_green,1.621939278234681
2021-05-06,test,spy_green,1.6344649091422983
2021-05-07,test,spy_green,1.6467348756349691
2021-05-10,test,spy_green,1.6472164005721814
2021-05-11,test,spy_green,1.6282251365199496
2021-05-12,test,spy_green,1.602804973811383
2021-05-13,test,spy_green,1.6227477651156064
2021-05-14,test,spy_green,1.6360005460270939
2021-05-17,test,spy_green,1.6280914103250035
2021-05-18,test,spy_green,1.6310764509952769
2021-05-19,test,spy_green,1.6222582026013934
2021-05-20,test,spy_green,1.6416024231786208
2021-05-21,test,spy_green,1.6332723183966094
2021-05-24,test,spy_green,1.6347929776787424
2021-05-25,test,spy_green,1.6288845550889204
2021-05-26,test,spy_green,1.6292303950696971
2021-05-27,test,spy_green,1.6258241674383895
2021-05-28,test,spy_green,1.63065641436694
2021-06-01,test,spy_green,1.6201390941397773
2021-06-02,test,spy_green,1.636812623576684
2021-06-03,test,spy_green,1.6434119013865995
2021-06-04,test,spy_green,1.648083051614163
2021-06-07,test,spy_green,1.6378838790552845
2021-06-08,test,spy_green,1.6353326972746698
2021-06-09,test,spy_green,1.6324247411673065
2021-06-10,test,spy_green,1.6457559867855878
2021-06-11,test,spy_green,1.6410873197823923
2021-06-14,test,spy_green,1.6459424501391555
2021-06-15,test,spy_green,1.6419413167878079
2021-06-16,test,spy_green,1.6221616878001803
2021-06-17,test,spy_green,1.630978877891557
2021-06-18,test,spy_green,1.6067085792327525
2021-06-21,test,spy_green,1.6376525874358976
2021-06-22,test,spy_green,1.6350362317219986
2021-06-23,test,spy_green,1.6296327313207892
2021-06-24,test,spy_green,1.6353844321067608
2021-06-25,test,spy_green,1.6499834099171644
2021-06-28,test,spy_green,1.6563973830278533
2021-06-29,test,spy_green,1.6600800562613776
2021-06-30,test,spy_green,1.647090878225592
2021-07-01,test,spy_green,1.657593950814858
2021-07-02,test,spy_green,1.6632664165920283
2021-07-06,test,spy_green,1.6649420389517122
2021-07-07,test,spy_green,1.6777837389458772
2021-07-08,test,spy_green,1.6656956627400017
2021-07-09,test,spy_green,1.6795790277011502
2021-07-12,test,spy_green,1.685709865206576
2021-07-13,test,spy_green,1.669248659551013
2021-07-14,test,spy_green,1.6646838943604005
2021-07-15,test,spy_green,1.6662460432336594
2021-07-16,test,spy_green,1.6751765750404974
2021-07-19,test,spy_green,1.6601039906502446
2021-07-20,test,spy_green,1.6762298247879377
2021-07-21,test,spy_green,1.66614854624096
2021-07-22,test,spy_green,1.6660409664586264
2021-07-23,test,spy_green,1.6871122619633792
2021-07-26,test,spy_green,1.6823017173765231
2021-07-27,test,spy_green,1.6932655401979166
2021-07-28,test,spy_green,1.6779515105916614
2021-07-29,test,spy_green,1.6945280324532213
2021-07-30,test,spy_green,1.6990629574528584
2021-08-02,test,spy_green,1.6965898614262618
2021-08-03,test,spy_green,1.7078413724433499
2021-08-04,test,spy_green,1.6966839197236416
2021-08-05,test,spy_green,1.709144025693087
2021-08-06,test,spy_green,1.7133343624159105
2021-08-09,test,spy_green,1.7209937286428938
2021-08-10,test,spy_green,1.7104280636416351
2021-08-11,test,spy_green,1.710505807801363
2021-08-12,test,spy_green,1.7153978708042432
2021-08-13,test,spy_green,1.721314413353257
2021-08-16,test,spy_green,1.734990295007196
2021-08-17,test,spy_green,1.7352978766037686
2021-08-18,test,spy_green,1.7152211943770865
2021-08-19,test,spy_green,1.7296133055449696
2021-08-20,test,spy_green,1.7417890762626986
2021-08-23,test,spy_green,1.7348826484670514
2021-08-24,test,spy_green,1.722389905506471
2021-08-25,test,spy_green,1.718023491603958
2021-08-26,test,spy_green,1.7191111720630545
2021-08-27,test,spy_green,1.72997688961801
2021-08-30,test,spy_green,1.7407463007841648
2021-08-31,test,spy_green,1.7405364926251046
2021-09-01,test,spy_green,1.7572626572075474
2021-09-02,test,spy_green,1.7670872541416691
2021-09-03,test,spy_green,1.766008488819349
2021-09-07,test,spy_green,1.745698262416968
2021-09-08,test,spy_green,1.7592339266112513
2021-09-09,test,spy_green,1.7402828218819744
2021-09-10,test,spy_green,1.730710306069269
2021-09-13,test,spy_green,1.7219288464996507
2021-09-14,test,spy_green,1.718593478037091
2021-09-15,test,spy_green,1.7196007716224029
2021-09-16,test,spy_green,1.715655126245166
2021-09-17,test,spy_green,1.7146886049232064
2021-09-20,test,spy_green,1.6990751062315255
2021-09-21,test,spy_green,1.7011550179825485
2021-09-22,test,spy_green,1.711749620530153
2021-09-23,test,spy_green,1.7105467160525272
2021-09-24,test,spy_green,1.7083127049067353
2021-09-27,test,spy_green,1.687415330814142
2021-09-28,test,spy_green,1.6633953216491744
2021-09-29,test,spy_green,1.6751679783196023
2021-09-30,test,spy_green,1.6560510887169804
2021-10-01,test,spy_green,1.6589885100089923
2021-10-04,test,spy_green,1.6497264803617455
2021-10-05,test,spy_green,1.652785958452521
2021-10-06,test,spy_green,1.664220339080018
2021-10-07,test,spy_green,1.6733823056695367
2021-10-08,test,spy_green,1.666834845170962
2021-10-11,test,spy_green,1.6531761456271412
2021-10-12,test,spy_green,1.663657505968924
2021-10-13,test,spy_green,1.6702796641852324
2021-10-14,test,spy_green,1.6873532218131806
2021-10-15,test,spy_green,1.6997085996968901
2021-10-18,test,spy_green,1.7066580210248892
2021-10-19,test,spy_green,1.7218337584598906
2021-10-20,test,spy_green,1.7524100254418535
2021-10-21,test,spy_green,1.7700365437695889
2021-10-22,test,spy_green,1.7737213540705747
2021-10-25,test,spy_green,1.7727463172910989
2021-10-26,test,spy_green,1.781100423445196
2021-10-27,test,spy_green,1.7656725127977493
2021-10-28,test,spy_green,1.7851165869589427
2021-10-29,test,spy_green,1.8008800802232858
2021-11-01,test,spy_green,1.8066059937831054
2021-11-02,test,spy_green,1.8124635574655337
2021-11-03,test,spy_green,1.8264484306649682
2021-11-04,test,spy_green,1.8325276742698078
2021-11-05,test,spy_green,1.813998482389867
2021-11-08,test,spy_green,1.8150608709669855
2021-11-09,test,spy_green,1.811230153123444
2021-11-10,test,spy_green,1.8195639006132893
2021-11-11,test,spy_green,1.822924344390558
2021-11-12,test,spy_green,1.8341987967908244
2021-11-15,test,spy_green,1.8411716494081822
2021-11-16,test,spy_green,1.8494071081097392
2021-11-17,test,spy_green,1.8389813448498433
2021-11-18,test,spy_green,1.8357476150327638
2021-11-19,test,spy_green,1.8371913129353372
2021-11-22,test,spy_green,1.8382393204931684
2021-11-23,test,spy_green,1.8445853100287668
2021-11-24,test,spy_green,1.8473891848897903
2021-11-26,test,spy_green,1.8177904208336428
2021-11-29,test,spy_green,1.8298015114076862
2021-11-30,test,spy_green,1.7959116276188571
2021-12-01,test,spy_green,1.7959263561722636
2021-12-02,test,spy_green,1.815982166282911
2021-12-03,test,spy_green,1.8265090942282916
2021-12-06,test,spy_green,1.84825116598448
2021-12-07,test,spy_green,1.8686841854539014
2021-12-08,test,spy_green,1.8761630169863306
2021-12-09,test,spy_green,1.8700681088762727
2021-12-10,test,spy_green,1.887384714443151
2021-12-13,test,spy_green,1.907989395455298
2021-12-14,test,spy_green,1.8855449743864323
2021-12-15,test,spy_green,1.9186754916525548
2021-12-16,test,spy_green,1.913353111543506
2021-12-17,test,spy_green,1.897131003514342
2021-12-20,test,spy_green,1.883952921844178
2021-12-21,test,spy_green,1.8904709590860513
2021-12-22,test,spy_green,1.9048742119470876
2021-12-23,test,spy_green,1.9100368253705544
2021-12-27,test,spy_green,1.9420181995775974
2021-12-28,test,spy_green,1.9465188228223451
2021-12-29,test,spy_green,1.965968102680428
2021-12-30,test,spy_green,1.9667424650461984
2021-12-31,test,spy_green,1.9688493697934755
2022-01-03,test,spy_green,1.944102039470884
2022-01-04,test,spy_green,1.9067482276161223
2022-01-05,test,spy_green,1.8854908598078244
2022-01-06,test,spy_green,1.8856505272242163
2022-01-07,test,spy_green,1.8713981599997604
2022-01-10,test,spy_green,1.8742109296184557
2022-01-11,test,spy_green,1.8622583188619295
2022-01-12,test,spy_green,1.859651214247785
2022-01-13,test,spy_green,1.841191510817368
2022-01-14,test,spy_green,1.8235679267550842
2022-01-18,test,spy_green,1.7997785759667047
2022-01-19,test,spy_green,1.8025687291150745
2022-01-20,test,spy_green,1.7891855797353127
2022-01-21,test,spy_green,1.783129632261502
2022-01-24,test,spy_green,1.78621386132523
2022-01-25,test,spy_green,1.765103500648732
2022-01-26,test,spy_green,1.740222911223003
2022-01-27,test,spy_green,1.7271751499538928
2022-01-28,test,spy_green,1.7739810430363245
2022-01-31,test,spy_green,1.801022793936935
2022-02-01,test,spy_green,1.7960831733810652
2022-02-02,test,spy_green,1.812995695413547
2022-02-03,test,spy_green,1.7899161437186513
2022-02-04,test,spy_green,1.77852412093317
2022-02-07,test,spy_green,1.7657765070286953
2022-02-08,test,spy_green,1.7835954276237063
2022-02-09,test,spy_green,1.8027999064411693
2022-02-10,test,spy_green,1.767673903160907
2022-02-11,test,spy_green,1.7433716279542315
2022-02-14,test,spy_green,1.7295335937922047
2022-02-15,test,spy_green,1.741979609351809
2022-02-16,test,spy_green,1.7334013923648612
2022-02-17,test,spy_green,1.7079790078200998
2022-02-18,test,spy_green,1.7047221558434726
2022-02-22,test,spy_green,1.6960170158309777
2022-02-23,test,spy_green,1.6759477296097527
2022-02-24,test,spy_green,1.702722357146066
2022-02-25,test,spy_green,1.7527503769921602
2022-02-28,test,spy_green,1.7410986461700186
2022-03-01,test,spy_green,1.7329991637646747
2022-03-02,test,spy_green,1.756999456015958
2022-03-03,test,spy_green,1.7599100259634965
2022-03-04,test,spy_green,1.7653205952269688
2022-03-07,test,spy_green,1.7342412374060037
2022-03-08,test,spy_green,1.7064875824441015
2022-03-09,test,spy_green,1.7390081635969292
2022-03-10,test,spy_green,1.7346238680981116
2022-03-11,test,spy_green,1.7189494087142718
2022-03-14,test,spy_green,1.7327743492586174
2022-03-15,test,spy_green,1.7628318760161186
2022-03-16,test,spy_green,1.7750498204983658
2022-03-17,test,spy_green,1.8008237758065906
2022-03-18,test,spy_green,1.8260279205462076
2022-03-21,test,spy_green,1.8233926449905735
2022-03-22,test,spy_green,1.8244802933864184
2022-03-23,test,spy_green,1.7945397703274832
2022-03-24,test,spy_green,1.8041374206627638
2022-03-25,test,spy_green,1.8138843018541722
2022-03-28,test,spy_green,1.8427511119527056
2022-03-29,test,spy_green,1.8706263469003108
2022-03-30,test,spy_green,1.8753616661655035
2022-03-31,test,spy_green,1.8495090513922519
2022-04-01,test,spy_green,1.870400633327083
2022-04-04,test,spy_green,1.8654177277812045
2022-04-05,test,spy_green,1.866175750182506
2022-04-06,test,spy_green,1.8766836448113526
2022-04-07,test,spy_green,1.8980815069946622
2022-04-08,test,spy_green,1.891765063632302
2022-04-11,test,spy_green,1.8514127170973336
2022-04-12,test,spy_green,1.8407852811585954
2022-04-13,test,spy_green,1.8568748707525555
2022-04-14,test,spy_green,1.8398235005315957
2022-04-18,test,spy_green,1.838284964711834
2022-04-19,test,spy_green,1.8683466393925423
2022-04-20,test,spy_green,1.899411081373807
2022-04-21,test,spy_green,1.8821219904156796
2022-04-22,test,spy_green,1.8395171359962776
2022-04-25,test,spy_green,1.8392009560896092
2022-04-26,test,spy_green,1.8001463144803813
2022-04-27,test,spy_green,1.812708816846452
2022-04-28,test,spy_green,1.848738363255036
2022-04-29,test,spy_green,1.792476274609845
2022-05-02,test,spy_green,1.7812911172067278
2022-05-03,test,spy_green,1.785667648881865
2022-05-04,test,spy_green,1.820558288397855
2022-05-05,test,spy_green,1.7720081011894615
2022-05-06,test,spy_green,1.7659460198683656
2022-05-09,test,spy_green,1.7251106299169239
2022-05-10,test,spy_green,1.7227902823660914
2022-05-11,test,spy_green,1.7037443632736948
2022-05-12,test,spy_green,1.7106696807082453
2022-05-13,test,spy_green,1.7285337188526297
2022-05-16,test,spy_green,1.7249688020668728
2022-05-17,test,spy_green,1.7446088129469437
2022-05-18,test,spy_green,1.6839755037643283
2022-05-19,test,spy_green,1.6816976364379455
2022-05-20,test,spy_green,1.6720490996827517
2022-05-23,test,spy_green,1.6911696741740503
2022-05-24,test,spy_green,1.6941111781675668
2022-05-25,test,spy_green,1.6904622370839233
2022-05-26,test,spy_green,1.7292347514460602
2022-05-27,test,spy_green,1.763858380015688
2022-05-31,test,spy_green,1.744809690820164
2022-06-01,test,spy_green,1.7286958837428712
2022-06-02,test,spy_green,1.7589710199518722
2022-06-03,test,spy_green,1.7402735784566803
2022-06-06,test,spy_green,1.743060754371779
2022-06-07,test,spy_green,1.7582722950774463
2022-06-08,test,spy_green,1.7342823493459438
2022-06-09,test,spy_green,1.7131933532264685
2022-06-10,test,spy_green,1.6802857257494055
2022-06-13,test,spy_green,1.6416661437024338
2022-06-14,test,spy_green,1.6276805458249541
2022-06-15,test,spy_green,1.6469949534862998
2022-06-16,test,spy_green,1.6190089344521745
2022-06-17,test,spy_green,1.626675758225264
2022-06-21,test,spy_green,1.652403044201104
2022-06-22,test,spy_green,1.6647492906367802
2022-06-23,test,spy_green,1.693136361147105
2022-06-24,test,spy_green,1.7281404401368434
2022-06-27,test,spy_green,1.7281996097623558
2022-06-28,test,spy_green,1.7126324980986736
2022-06-29,test,spy_green,1.725148126928707
2022-06-30,test,spy_green,1.7222245518262114
2022-07-01,test,spy_green,1.7410771448359017
2022-07-05,test,spy_green,1.7279915062947875
2022-07-06,test,spy_green,1.7405335215114945
2022-07-07,test,spy_green,1.7482539455998938
2022-07-08,test,spy_green,1.7462921813112613
2022-07-11,test,spy_green,1.7456595972213043
2022-07-12,test,spy_green,1.7237828953255427
2022-07-13,test,spy_green,1.7128157568501874
2022-07-14,test,spy_green,1.7004336913256552
2022-07-15,test,spy_green,1.722812941400487
2022-07-18,test,spy_green,1.6959935179735781
2022-07-19,test,spy_green,1.7238338951428522
2022-07-20,test,spy_green,1.7215182309228219
2022-07-21,test,spy_green,1.7512112845801928
2022-07-22,test,spy_green,1.7432575684122151
2022-07-25,test,spy_green,1.7506534767382236
2022-07-26,test,spy_green,1.756689660797351
2022-07-27,test,spy_green,1.7752036563676172
2022-07-28,test,spy_green,1.7761000100758768
2022-07-29,test,spy_green,1.7771005234876576
2022-08-01,test,spy_green,1.7664343664548217
2022-08-02,test,spy_green,1.7574209674890389
2022-08-03,test,spy_green,1.7646703063163416
2022-08-04,test,spy_green,1.7643063645684791
2022-08-05,test,spy_green,1.771612937096716
2022-08-08,test,spy_green,1.7693749331954023
2022-08-09,test,spy_green,1.7739632061501045
2022-08-10,test,spy_green,1.7934406457727334
2022-08-11,test,spy_green,1.7975555752421697
2022-08-12,test,spy_green,1.8179451156022641
2022-08-15,test,spy_green,1.8277747327972855
2022-08-16,test,spy_green,1.8234330077165168
2022-08-17,test,spy_green,1.816199130872258
2022-08-18,test,spy_green,1.8135948766162793
2022-08-19,test,spy_green,1.809287689757055
2022-08-22,test,spy_green,1.78069634693471
2022-08-23,test,spy_green,1.7687091588130879
2022-08-24,test,spy_green,1.769638948081843
2022-08-25,test,spy_green,1.785931697407652
2022-08-26,test,spy_green,1.7494418575190729
2022-08-29,test,spy_green,1.7425496927073238
2022-08-30,test,spy_green,1.7302896449696932
2022-08-31,test,spy_green,1.7272501881779745
2022-09-01,test,spy_green,1.7360278849869584
2022-09-02,test,spy_green,1.7179621922235286
2022-09-06,test,spy_green,1.7166971402076763
2022-09-07,test,spy_green,1.742739418103024
2022-09-08,test,spy_green,1.755317034627219
2022-09-09,test,spy_green,1.7707606119240036
2022-09-12,test,spy_green,1.7809393360072814
2022-09-13,test,spy_green,1.739969569761421
2022-09-14,test,spy_green,1.7369234294801619
2022-09-15,test,spy_green,1.7221481163298062
2022-09-16,test,spy_green,1.713984482164337
2022-09-19,test,spy_green,1.7177581378534523
2022-09-20,test,spy_green,1.7007833576806357
2022-09-21,test,spy_green,1.6866342597931734
2022-09-22,test,spy_green,1.6821073246148575
2022-09-23,test,spy_green,1.6745091204125282
2022-09-26,test,spy_green,1.653990238857489
2022-09-27,test,spy_green,1.6403773887195068
2022-09-28,test,spy_green,1.6563889822148052
2022-09-29,test,spy_green,1.641161485722659
2022-09-30,test,spy_green,1.6239723501345362
2022-10-03,test,spy_green,1.6580532486950186
2022-10-04,test,spy_green,1.6883382204069584
2022-10-05,test,spy_green,1.6798505086100803
2022-10-06,test,spy_green,1.6636955366329649
2022-10-07,test,spy_green,1.6337718346842132
2022-10-10,test,spy_green,1.629373291484934
2022-10-11,test,spy_green,1.6302020493419431
2022-10-12,test,spy_green,1.6186284523153394
2022-10-13,test,spy_green,1.6499673774001287
2022-10-14,test,spy_green,1.6317362706250003
2022-10-17,test,spy_green,1.660805477369168
2022-10-18,test,spy_green,1.6777177452518965
2022-10-19,test,spy_green,1.652591062714881
2022-10-20,test,spy_green,1.6292045783438118
2022-10-21,test,spy_green,1.6418697705185497
2022-10-24,test,spy_green,1.6617994452461726
2022-10-25,test,spy_green,1.6792654761592472
2022-10-26,test,spy_green,1.6669129662021887
2022-10-27,test,spy_green,1.6616877200816536
2022-10-28,test,spy_green,1.6903149766577235
2022-10-31,test,spy_green,1.692784350358526
2022-11-01,test,spy_green,1.691795692018616
2022-11-02,test,spy_green,1.6711696659955229
2022-11-03,test,spy_green,1.6575063591278387
2022-11-04,test,spy_green,1.6693464402820462
2022-11-07,test,spy_green,1.6802882289745562
2022-11-08,test,spy_green,1.6860022985321035
2022-11-09,test,spy_green,1.6750827610138204
2022-11-10,test,spy_green,1.7361079410247733
2022-11-11,test,spy_green,1.7338912185724562
2022-11-14,test,spy_green,1.721476491752239
2022-11-15,test,spy_green,1.7345031728866882
2022-11-16,test,spy_green,1.7335209525618942
2022-11-17,test,spy_green,1.7251790912799658
2022-11-18,test,spy_green,1.7405242243346226
2022-11-21,test,spy_green,1.7439986973571153
2022-11-22,test,spy_green,1.7546248058359735
2022-11-23,test,spy_green,1.7614793806052704
2022-11-25,test,spy_green,1.7687507943862906
2022-11-28,test,spy_green,1.7469416998029583
2022-11-29,test,spy_green,1.746909302020691
2022-11-30,test,spy_green,1.7997144979088653
2022-12-01,test,spy_green,1.7976078392814108
2022-12-02,test,spy_green,1.8028121135000823
2022-12-05,test,spy_green,1.7819005883132495
2022-12-06,test,spy_green,1.7629085557443478
2022-12-07,test,spy_green,1.761770005604071
2022-12-08,test,spy_green,1.780868248991525
2022-12-09,test,spy_green,1.7727827860142966
2022-12-12,test,spy_green,1.7927429511455373
2022-12-13,test,spy_green,1.8090333570251362
2022-12-14,test,spy_green,1.8021079098794603
2022-12-15,test,spy_green,1.7626081194350762
2022-12-16,test,spy_green,1.7377430139105046
2022-12-19,test,spy_green,1.7245789647259797
2022-12-20,test,spy_green,1.7277255084111385
2022-12-21,test,spy_green,1.7554601891905217
2022-12-22,test,spy_green,1.7449916254301312
2022-12-23,test,spy_green,1.7548380621620376
2022-12-27,test,spy_green,1.7575644676792639
2022-12-28,test,spy_green,1.741959302995943
2022-12-29,test,spy_green,1.7724521864133422
2022-12-30,test,spy_green,1.7566724879555031
2023-01-03,test,spy_green,1.7527594587440556
2023-01-04,test,spy_green,1.762185701746876
2023-01-05,test,spy_green,1.7336175895875479
2023-01-06,test,spy_green,1.7503440032389908
2023-01-09,test,spy_green,1.7543302592606693
2023-01-10,test,spy_green,1.765736359755156
2023-01-11,test,spy_green,1.7992737018506713
2023-01-12,test,spy_green,1.7941521385343875
2023-01-13,test,spy_green,1.8060471313196893
2023-01-17,test,spy_green,1.8063708347692662
2023-01-18,test,spy_green,1.7834175768486247
2023-01-19,test,spy_green,1.7813167873722988
2023-01-20,test,spy_green,1.8043352983684737
2023-01-23,test,spy_green,1.8195314458037137
2023-01-24,test,spy_green,1.79002702230292
2023-01-25,test,spy_green,1.7852409351302536
2023-01-26,test,spy_green,1.798000851370676
2023-01-27,test,spy_green,1.7925591629595368
2023-01-30,test,spy_green,1.778029968429457
2023-01-31,test,spy_green,1.7998834031126556
2023-02-01,test,spy_green,1.8178317156181283
2023-02-02,test,spy_green,1.8300056493620993
2023-02-03,test,spy_green,1.8135098980270918
2023-02-06,test,spy_green,1.8117713222784173
2023-02-07,test,spy_green,1.832204935909452
2023-02-08,test,spy_green,1.8165689480247686
2023-02-09,test,spy_green,1.801270277611766
2023-02-10,test,spy_green,1.8072662793211076
2023-02-13,test,spy_green,1.8189042897751075
2023-02-14,test,spy_green,1.8023224808552227
2023-02-15,test,spy_green,1.8141857295064419
2023-02-16,test,spy_green,1.8047803772702555
2023-02-17,test,spy_green,1.8098351861965767
2023-02-21,test,spy_green,1.7808061232033137
2023-02-22,test,spy_green,1.7760238387582477
2023-02-23,test,spy_green,1.7782434424621714
2023-02-24,test,spy_green,1.7712997218220836
2023-02-27,test,spy_green,1.7701234856487849
2023-02-28,test,spy_green,1.7646457168446228
2023-03-01,test,spy_green,1.7555466775048756
2023-03-02,test,spy_green,1.771674906859486
2023-03-03,test,spy_green,1.790253775313249
2023-03-06,test,spy_green,1.7904681579286998
2023-03-07,test,spy_green,1.7634220933730018
2023-03-08,test,spy_green,1.7678621285337892
2023-03-09,test,spy_green,1.7452611206075854
2023-03-10,test,spy_green,1.7238012328257866
2023-03-13,test,spy_green,1.7334950482459923
2023-03-14,test,spy_green,1.7667391860730925
2023-03-15,test,spy_green,1.7593054565030128
2023-03-16,test,spy_green,1.7888369425925807
2023-03-17,test,spy_green,1.7645698346235337
2023-03-20,test,spy_green,1.7791471327797999
2023-03-21,test,spy_green,1.7836679052669322
2023-03-22,test,spy_green,1.7543143777856252
2023-03-23,test,spy_green,1.756317359666526
2023-03-24,test,spy_green,1.787082032869782
2023-03-27,test,spy_green,1.7889909849857912
2023-03-28,test,spy_green,1.789412852385268
2023-03-29,test,spy_green,1.8111813683846594
2023-03-30,test,spy_green,1.823940715800898
2023-03-31,test,spy_green,1.8481655518130067
2023-04-03,test,spy_green,1.8531188413746582
2023-04-04,test,spy_green,1.8561416089653004
2023-04-05,test,spy_green,1.8672444325070963
2023-04-06,test,spy_green,1.8808475735346588
2023-04-10,test,spy_green,1.870411854240651
2023-04-11,test,spy_green,1.8713988815117368
2023-04-12,test,spy_green,1.8707089138469777
2023-04-13,test,spy_green,1.8894944364647768
2023-04-14,test,spy_green,1.8819319522412736
2023-04-17,test,spy_green,1.8942907233668114
2023-04-18,test,spy_green,1.893179058362472
2023-04-19,test,spy_green,1.9094102548464105
2023-04-20,test,spy_green,1.9119398499615998
2023-04-21,test,spy_green,1.9195759550697304
2023-04-24,test,spy_green,1.9129364030072316
2023-04-25,test,spy_green,1.9078523751768066
2023-04-26,test,spy_green,1.9059195389398182
2023-04-27,test,spy_green,1.9262225798709456
2023-04-28,test,spy_green,1.9453094572300973
2023-05-01,test,spy_green,1.9521636194762577
2023-05-02,test,spy_green,1.9426919812840073
2023-05-03,test,spy_green,1.9440626856897358
2023-05-04,test,spy_green,1.9428092733839741
2023-05-05,test,spy_green,1.965263034342119
2023-05-08,test,spy_green,1.9632734101013594
2023-05-09,test,spy_green,1.9591180362472655
2023-05-10,test,spy_green,1.9742620589826276
2023-05-11,test,spy_green,1.9647071142895332
2023-05-12,test,spy_green,1.965199101353479
2023-05-15,test,spy_green,1.9575716646378305
2023-05-16,test,spy_green,1.9469381246655653
2023-05-17,test,spy_green,1.9460016518116248
2023-05-18,test,spy_green,1.9491832963214544
2023-05-19,test,spy_green,1.9548647795211045
2023-05-22,test,spy_green,1.9491422092820359
2023-05-23,test,spy_green,1.9116186048631618
2023-05-24,test,spy_green,1.899990456350627
2023-05-25,test,spy_green,1.9023973079633878
2023-05-26,test,spy_green,1.9137498381794982
2023-05-30,test,spy_green,1.9065732670122113
2023-05-31,test,spy_green,1.9019868126377601
2023-06-01,test,spy_green,1.9095815699928895
2023-06-02,test,spy_green,1.9394349129745359
2023-06-05,test,spy_green,1.9369297803709196
2023-06-06,test,spy_green,1.9309051688762464
2023-06-07,test,spy_green,1.92662068624667
2023-06-08,test,spy_green,1.930944568915216
2023-06-09,test,spy_green,1.9238714497492597
2023-06-12,test,spy_green,1.926430529003503
2023-06-13,test,spy_green,1.9329692711204625
2023-06-14,test,spy_green,1.9389258600028951
2023-06-15,test,spy_green,1.965552207403084
2023-06-16,test,spy_green,1.9724941553138826
2023-06-20,test,spy_green,1.9590177711667025
2023-06-21,test,spy_green,1.9653992746802078
2023-06-22,test,spy_green,1.9684229812547407
2023-06-23,test,spy_green,1.9566677123749787
2023-06-26,test,spy_green,1.9631227158820612
2023-06-27,test,spy_green,1.9753819434385753
2023-06-28,test,spy_green,1.9616099318441589
2023-06-29,test,spy_green,1.9783741722806314
2023-06-30,test,spy_green,2.005343696564384
2023-07-03,test,spy_green,1.9895747695544104
2023-07-05,test,spy_green,1.9777970450859497
2023-07-06,test,spy_green,1.9708540740704308
2023-07-07,test,spy_green,1.9661918837426584
2023-07-10,test,spy_green,1.9677432459253101
2023-07-11,test,spy_green,1.981131372324631
2023-07-12,test,spy_green,1.9888270583543686
2023-07-13,test,spy_green,1.9934906660914973
2023-07-14,test,spy_green,1.9939474153810546
2023-07-17,test,spy_green,1.9950293416436693
2023-07-18,test,spy_green,1.9954961755747418
2023-07-19,test,spy_green,2.0022830170252877
2023-07-20,test,spy_green,2.026715041854026
2023-07-21,test,spy_green,2.0420396772252527
2023-07-24,test,spy_green,2.045761921288726
2023-07-25,test,spy_green,2.0528017928147126
2023-07-26,test,spy_green,2.0141387166643034
2023-07-27,test,spy_green,1.9758823907936474
2023-07-28,test,spy_green,1.9874335443417115
2023-07-31,test,spy_green,1.984283117430572
2023-08-01,test,spy_green,1.9796192087024482
2023-08-02,test,spy_green,1.9705543507798893
2023-08-03,test,spy_green,1.9799441686994315
2023-08-04,test,spy_green,1.9597342127458153
2023-08-07,test,spy_green,1.9676135937483716
2023-08-08,test,spy_green,1.9564685774276254
2023-08-09,test,spy_green,1.9566483576273708
2023-08-10,test,spy_green,1.9559879295577765
2023-08-11,test,spy_green,1.9682755163512575
2023-08-14,test,spy_green,1.9688865192160159
2023-08-15,test,spy_green,1.9440074184779823
2023-08-16,test,spy_green,1.9422542826882139
2023-08-17,test,spy_green,1.9225359260513872
2023-08-18,test,spy_green,1.9257628400652593
2023-08-21,test,spy_green,1.9212142248408937
2023-08-22,test,spy_green,1.9199801522166633
2023-08-23,test,spy_green,1.9263593238605703
2023-08-24,test,spy_green,1.9196002419401537
2023-08-25,test,spy_green,1.9303097385174806
2023-08-28,test,spy_green,1.9345589316798721
2023-08-29,test,spy_green,1.9539347201842894
2023-08-30,test,spy_green,1.9522005699451879
2023-08-31,test,spy_green,1.9373932951474717
2023-09-01,test,spy_green,1.931426091336756
2023-09-05,test,spy_green,1.8911389320730811
2023-09-06,test,spy_green,1.8925330861830152
2023-09-07,test,spy_green,1.8952652832279497
2023-09-08,test,spy_green,1.9001569205607998
2023-09-11,test,spy_green,1.8995778370921388
2023-09-12,test,spy_green,1.90218301087037
2023-09-13,test,spy_green,1.9005454027155848
2023-09-14,test,spy_green,1.9182243421100804
2023-09-15,test,spy_green,1.9075977020953139
2023-09-18,test,spy_green,1.9153928302940268
2023-09-19,test,spy_green,1.9175938643150645
2023-09-20,test,spy_green,1.920967851119603
2023-09-21,test,spy_green,1.895777797107439
2023-09-22,test,spy_green,1.8900229732516491
2023-09-25,test,spy_green,1.8945733518712264
2023-09-26,test,spy_green,1.8722575159336832
2023-09-27,test,spy_green,1.8706007317262534
2023-09-28,test,spy_green,1.8766816597154399
2023-09-29,test,spy_green,1.868816246695804
2023-10-02,test,spy_green,1.846005390436564
2023-10-03,test,spy_green,1.835941291222993
2023-10-04,test,spy_green,1.8489734640892845
2023-10-05,test,spy_green,1.851116854600356
2023-10-06,test,spy_green,1.8599235239777685
2023-10-09,test,spy_green,1.8805117479435711
2023-10-10,test,spy_green,1.8836090935384024
2023-10-11,test,spy_green,1.8774448997921078
2023-10-12,test,spy_green,1.8449051527664178
2023-10-13,test,spy_green,1.852217028170563
2023-10-16,test,spy_green,1.8681441835953458
2023-10-17,test,spy_green,1.87488500843624
2023-10-18,test,spy_green,1.8634528534748496
2023-10-19,test,spy_green,1.845561920150867
2023-10-20,test,spy_green,1.8359090855671407
2023-10-23,test,spy_green,1.8188586273400613
2023-10-24,test,spy_green,1.834098502618524
2023-10-25,test,spy_green,1.8237184816124887
2023-10-26,test,spy_green,1.8507537567843608
2023-10-27,test,spy_green,1.8422380617128433
2023-10-30,test,spy_green,1.8500487135718289
2023-10-31,test,spy_green,1.8655888455541079
2023-11-01,test,spy_green,1.8916277308036547
2023-11-02,test,spy_green,1.9065291397540427
2023-11-03,test,spy_green,1.9221988031570163
2023-11-06,test,spy_green,1.9140216996956836
2023-11-07,test,spy_green,1.9090306825380394
2023-11-08,test,spy_green,1.9125581987400542
2023-11-09,test,spy_green,1.9011312920387504
2023-11-10,test,spy_green,1.9123882395350689
2023-11-13,test,spy_green,1.9072004363933315
2023-11-14,test,spy_green,1.932142287970872
2023-11-15,test,spy_green,1.930079419835669
2023-11-16,test,spy_green,1.936619702539036
2023-11-17,test,spy_green,1.9327067242449412
2023-11-20,test,spy_green,1.9321484725675788
2023-11-21,test,spy_green,1.9312380997996756
2023-11-22,test,spy_green,1.9392346809524055
2023-11-24,test,spy_green,1.9460206608365769
2023-11-27,test,spy_green,1.9411652985847663
2023-11-28,test,spy_green,1.933940645198338
2023-11-29,test,spy_green,1.9313715764410841
2023-11-30,test,spy_green,1.954952846445729
2023-12-01,test,spy_green,1.9735066318065364
2023-12-04,test,spy_green,1.9787293202156833
2023-12-05,test,spy_green,1.9556393071865064
2023-12-06,test,spy_green,1.962942446668565
2023-12-07,test,spy_green,1.964210938514663
2023-12-08,test,spy_green,1.9581037786849629
2023-12-11,test,spy_green,1.9735801480603579
2023-12-12,test,spy_green,1.974216199622327
2023-12-13,test,spy_green,2.0076879931368756
2023-12-14,test,spy_green,1.9881781090444235
2023-12-15,test,spy_green,1.9732343153304237
2023-12-18,test,spy_green,1.9895903366847785
2023-12-19,test,spy_green,2.006413450923443
2023-12-20,test,spy_green,1.9847666921573022
2023-12-21,test,spy_green,2.0022673667290256
2023-12-22,test,spy_green,2.01316338366154
2023-12-26,test,spy_green,2.0176198025910113
2023-12-27,test,spy_green,2.0194377492308573
2023-12-28,test,spy_green,2.018644040834735
2023-12-29,test,spy_green,2.014974590102481
2024-01-02,test,spy_green,2.031179347874077
2024-01-03,test,spy_green,2.014680458237596
2024-01-04,test,spy_green,2.008794867852226
2024-01-05,test,spy_green,2.010595245624455
2024-01-08,test,spy_green,2.028433308057686
2024-01-09,test,spy_green,2.0221459334615868
2024-01-10,test,spy_green,2.0260431931273137
2024-01-11,test,spy_green,2.0245760400777426
2024-01-12,test,spy_green,2.0243594044068765
2024-01-16,test,spy_green,2.016337419248248
2024-01-17,test,spy_green,2.0106416506114435
2024-01-18,test,spy_green,2.017290033158835
2024-01-19,test,spy_green,2.0197690921317846
2024-01-22,test,spy_green,2.031147507612993
2024-01-23,test,spy_green,2.0311378996384977
2024-01-24,test,spy_green,2.0096604790303623
2024-01-25,test,spy_green,2.024704157563456
2024-01-26,test,spy_green,2.0220455133958546
2024-01-29,test,spy_green,2.0314461430537007
2024-01-30,test,spy_green,2.044771693931707
2024-01-31,test,spy_green,2.0453449601663984
2024-02-01,test,spy_green,2.0679723544462734
2024-02-02,test,spy_green,2.0597587256617764
2024-02-05,test,spy_green,2.0403648870841935
2024-02-06,test,spy_green,2.0549938248602815
2024-02-07,test,spy_green,2.0613097110078793
2024-02-08,test,spy_green,2.0572538355332077
2024-02-09,test,spy_green,2.0603042724779868
2024-02-12,test,spy_green,2.0638317827276103
2024-02-13,test,spy_green,2.0356834814379767
2024-02-14,test,spy_green,2.0437720413939346
2024-02-15,test,spy_green,2.0969993377125435
2024-02-16,test,spy_green,2.0927440232843204
2024-02-20,test,spy_green,2.0929906359355916
2024-02-21,test,spy_green,2.1021402411021057
2024-02-22,test,spy_green,2.114837889218864
2024-02-23,test,spy_green,2.131613922349346
2024-02-26,test,spy_green,2.1229480033109955
2024-02-27,test,spy_green,2.1173653886069794
2024-02-28,test,spy_green,2.135221124895706
2024-02-29,test,spy_green,2.1324462976468426
2024-03-01,test,spy_green,2.1342724556260104
2024-03-04,test,spy_green,2.1517928200783665
2024-03-05,test,spy_green,2.1371023150395945
2024-03-06,test,spy_green,2.1433559827103164
2024-03-07,test,spy_green,2.1571550249219014
2024-03-08,test,spy_green,2.1564767162594234
2024-03-11,test,spy_green,2.162206528547011
2024-03-12,test,spy_green,2.1674253769122855
2024-03-13,test,spy_green,2.1649694719770496
2024-03-14,test,spy_green,2.1569939978663877
2024-03-15,test,spy_green,2.154550018170278
2024-03-18,test,spy_green,2.1499670899090164
2024-03-19,test,spy_green,2.165037011487318
2024-03-20,test,spy_green,2.1694928750033626
2024-03-21,test,spy_green,2.1798986473495825
2024-03-22,test,spy_green,2.177473893929499
2024-03-25,test,spy_green,2.1750653629566044
2024-03-26,test,spy_green,2.1739027277002028
2024-03-27,test,spy_green,2.2120211981457234
2024-03-28,test,spy_green,2.2210261886413822
2024-04-01,test,spy_green,2.2082810382824225
2024-04-02,test,spy_green,2.1994923011708436
2024-04-03,test,spy_green,2.1971138930980874
2024-04-04,test,spy_green,2.1890448368860267
2024-04-05,test,spy_green,2.2007162777693825
2024-04-08,test,spy_green,2.1970704618238415
2024-04-09,test,spy_green,2.209030170088395
2024-04-10,test,spy_green,2.1806176097065793
2024-04-11,test,spy_green,2.1673630326658837
2024-04-12,test,spy_green,2.1431295415229683
2024-04-15,test,spy_green,2.135945099939713
2024-04-16,test,spy_green,2.1295666425686304
2024-04-17,test,spy_green,2.1127487446355504
2024-04-18,test,spy_green,2.103519998657822
2024-04-19,test,spy_green,2.119888086389209
2024-04-22,test,spy_green,2.127143707359686
2024-04-23,test,spy_green,2.137090933301447
2024-04-24,test,spy_green,2.1387700037702797
2024-04-25,test,spy_green,2.098650071598243
2024-04-26,test,spy_green,2.092638459743804
2024-04-29,test,spy_green,2.098567025377254
2024-04-30,test,spy_green,2.07854463011662
2024-05-01,test,spy_green,2.064652604002436
2024-05-02,test,spy_green,2.0749747438751176
2024-05-03,test,spy_green,2.0791462008354538
2024-05-06,test,spy_green,2.0864449216639835
2024-05-07,test,spy_green,2.110262540381927
2024-05-08,test,spy_green,2.0949676931228924
2024-05-09,test,spy_green,2.1132057138243585
2024-05-10,test,spy_green,2.1210817482007585
2024-05-13,test,spy_green,2.113336399088222
2024-05-14,test,spy_green,2.1122952232735903
2024-05-15,test,spy_green,2.1213219098894194
2024-05-16,test,spy_green,2.1349332605452838
2024-05-17,test,spy_green,2.137285056090242
2024-05-20,test,spy_green,2.1372581866243356
2024-05-21,test,spy_green,2.1243422871248976
2024-05-22,test,spy_green,2.1241871500858065
2024-05-23,test,spy_green,2.1123826853838614
2024-05-24,test,spy_green,2.110256918582456
2024-05-28,test,spy_green,2.087941376499232
2024-05-29,test,spy_green,2.0722628913036667
2024-05-30,test,spy_green,2.08889122967594
2024-05-31,test,spy_green,2.1189261785387323
2024-06-03,test,spy_green,2.1103658309367233
2024-06-04,test,spy_green,2.1016020712495433
2024-06-05,test,spy_green,2.09918272290147
2024-06-06,test,spy_green,2.1002903733544303
2024-06-07,test,spy_green,2.1011064256458045
2024-06-10,test,spy_green,2.102100635374878
2024-06-11,test,spy_green,2.0986473079080077
2024-06-12,test,spy_green,2.0960235456235714
2024-06-13,test,spy_green,2.090718596663079
2024-06-14,test,spy_green,2.0838980804693845
2024-06-17,test,spy_green,2.1013631405514728
2024-06-18,test,spy_green,2.099310837397679
2024-06-20,test,spy_green,2.106592459571938
2024-06-21,test,spy_green,2.108693205546608
2024-06-24,test,spy_green,2.1154784878547277
2024-06-25,test,spy_green,2.099551622243523
2024-06-26,test,spy_green,2.0840891511440676
2024-06-27,test,spy_green,2.089238048547475
2024-06-28,test,spy_green,2.0873481121261572
2024-07-01,test,spy_green,2.076951623945777
2024-07-02,test,spy_green,2.0931760876553507
2024-07-03,test,spy_green,2.0889710080673125
2024-07-05,test,spy_green,2.0886088994961773
2024-07-08,test,spy_green,2.092163865108016
2024-07-09,test,spy_green,2.084935349024549
2024-07-10,test,spy_green,2.104740524501163
2024-07-11,test,spy_green,2.1312677370205506
2024-07-12,test,spy_green,2.1494650448399053
2024-07-15,test,spy_green,2.1635665796301433
2024-07-16,test,spy_green,2.197885588541344
2024-07-17,test,spy_green,2.2025961104907044
2024-07-18,test,spy_green,2.185759485691685
2024-07-19,test,spy_green,2.1738541082518408
2024-07-22,test,spy_green,2.1899921769771717
2024-07-23,test,spy_green,2.1871808451061674
2024-07-24,test,spy_green,2.1821264037110812
2024-07-25,test,spy_green,2.1982268883778597
2024-07-26,test,spy_green,2.2182899267196103
2024-07-29,test,spy_green,2.219078027214597
2024-07-30,test,spy_green,2.234395189327372
2024-07-31,test,spy_green,2.2579232693794196
2024-08-01,test,spy_green,2.2609805171459394
2024-08-02,test,spy_green,2.2466737101809104
2024-08-05,test,spy_green,2.181226058845785
2024-08-06,test,spy_green,2.200067019867659
2024-08-07,test,spy_green,2.1895878715788073
2024-08-08,test,spy_green,2.2199406470661325
2024-08-09,test,spy_green,2.2136945918729114
2024-08-12,test,spy_green,2.1984101360892687
2024-08-13,test,spy_green,2.2215636907971104
2024-08-14,test,spy_green,2.2243974852839226
2024-08-15,test,spy_green,2.239202614475334
2024-08-16,test,spy_green,2.246195763354861
2024-08-19,test,spy_green,2.255471953229255
2024-08-20,test,spy_green,2.25208288294438
2024-08-21,test,spy_green,2.268431275355638
2024-08-22,test,spy_green,2.262287733409624
2024-08-23,test,spy_green,2.28183216976297
2024-08-26,test,spy_green,2.2864406176433887
2024-08-27,test,spy_green,2.2789626587315217
2024-08-28,test,spy_green,2.2755925552272895
2024-08-29,test,spy_green,2.2807479453462634
2024-08-30,test,spy_green,2.3061471024153577
2024-09-03,test,spy_green,2.2825316603414647
2024-09-04,test,spy_green,2.285403828252957
2024-09-05,test,spy_green,2.2698439109045614
2024-09-06,test,spy_green,2.260852223522156
2024-09-09,test,spy_green,2.2730097250548478
2024-09-10,test,spy_green,2.276369073593542
2024-09-11,test,spy_green,2.2686930890009567
2024-09-12,test,spy_green,2.278864255346807
2024-09-13,test,spy_green,2.2960453406071952
2024-09-16,test,spy_green,2.3159346098066496
2024-09-17,test,spy_green,2.3139109196928427
2024-09-18,test,spy_green,2.2990785946184795
2024-09-19,test,spy_green,2.320997460167089
2024-09-20,test,spy_green,2.3114978498602325
2024-09-23,test,spy_green,2.3245245944526713
2024-09-24,test,spy_green,2.3271748312351512
2024-09-25,test,spy_green,2.318576597058429
2024-09-26,test,spy_green,2.331259993593678
2024-09-27,test,spy_green,2.329719232111943
2024-09-30,test,spy_green,2.3382774340091568
2024-10-01,test,spy_green,2.3264659503301965
2024-10-02,test,spy_green,2.31398428484679
2024-10-03,test,spy_green,2.295605180910708
2024-10-04,test,spy_green,2.30630937651773
2024-10-07,test,spy_green,2.2935335523566125
2024-10-08,test,spy_green,2.300753591633263
2024-10-09,test,spy_green,2.3095362157263275
2024-10-10,test,spy_green,2.2989604461856774
2024-10-11,test,spy_green,2.315015720725225
2024-10-14,test,spy_green,2.333736771633577
2024-10-15,test,spy_green,2.3312466904097207
2024-10-16,test,spy_green,2.3524192258916314
2024-10-17,test,spy_green,2.350572149287156
2024-10-18,test,spy_green,2.357207960073641
2024-10-21,test,spy_green,2.3312288867359494
2024-10-22,test,spy_green,2.3159379131697118
2024-10-23,test,spy_green,2.3084711821088675
2024-10-24,test,spy_green,2.317095670604355
2024-10-25,test,spy_green,2.2951474951377415
2024-10-28,test,spy_green,2.3161350307141046
2024-10-29,test,spy_green,2.3019817960417686
2024-10-30,test,spy_green,2.2809128771999037
2024-10-31,test,spy_green,2.2513232533310075
2024-11-01,test,spy_green,2.263337799174564
2024-11-04,test,spy_green,2.2652382270761913
2024-11-05,test,spy_green,2.2781743079715215
2024-11-06,test,spy_green,2.3237937025190547
2024-11-07,test,spy_green,2.3163109768986088
2024-11-08,test,spy_green,2.3335747519768537
2024-11-11,test,spy_green,2.33857914843432
2024-11-12,test,spy_green,2.3333416730951604
2024-11-13,test,spy_green,2.333726644258484
2024-11-14,test,spy_green,2.309315649928464
2024-11-15,test,spy_green,2.297342742347269
2024-11-18,test,spy_green,2.3050178026601715
2024-11-19,test,spy_green,2.298506131311304
2024-11-20,test,spy_green,2.3109433150589305
2024-11-21,test,spy_green,2.335659513761318
2024-11-22,test,spy_green,2.3523999778272
2024-11-25,test,spy_green,2.3655356127432103
2024-11-26,test,spy_green,2.3688093892587205
2024-11-27,test,spy_green,2.3758642775961203
2024-11-29,test,spy_green,2.3770331794791506
2024-12-02,test,spy_green,2.3679237756168234
2024-12-03,test,spy_green,2.357453092355678
2024-12-04,test,spy_green,2.34866522467302
2024-12-05,test,spy_green,2.3334864386034395
2024-12-06,test,spy_green,2.3208431455138423
2024-12-09,test,spy_green,2.3311270931743153
2024-12-10,test,spy_green,2.326640665601215
2024-12-11,test,spy_green,2.3199335332928026
2024-12-12,test,spy_green,2.3132260313840307
2024-12-13,test,spy_green,2.3023357263919415
2024-12-16,test,spy_green,2.2813667563306175
2024-12-17,test,spy_green,2.266398348392192
2024-12-18,test,spy_green,2.205852288191989
2024-12-19,test,spy_green,2.2033278742801414
2024-12-20,test,spy_green,2.2223324172886785
2024-12-23,test,spy_green,2.224778767338691
2024-12-24,test,spy_green,2.240307871756563
2024-12-26,test,spy_green,2.2427057150044982
2024-12-27,test,spy_green,2.2313991018365664
2024-12-30,test,spy_green,2.210173216650658
2024-12-31,test,spy_green,2.2159741916620663
2025-01-02,test,spy_green,2.1974953990786683
2025-01-03,test,spy_green,2.211223156838686
2025-01-06,test,spy_green,2.200403725404073
2025-01-07,test,spy_green,2.1967309676629077
2025-01-08,test,spy_green,2.203849425979577
2025-01-10,test,spy_green,2.172158062283599
2025-01-13,test,spy_green,2.2010649101418065
2025-01-14,test,spy_green,2.2146305802101076
2025-01-15,test,spy_green,2.23438434893128
2025-01-16,test,spy_green,2.2619667988125496
2025-01-17,test,spy_green,2.27258915037837
2025-01-21,test,spy_green,2.3088682413851713
2025-01-22,test,spy_green,2.2940082690090553
2025-01-23,test,spy_green,2.3053853459463767
2025-01-24,test,spy_green,2.3183624063907615
2025-01-27,test,spy_green,2.340064714290957
2025-01-28,test,spy_green,2.32586270980287
2025-01-29,test,spy_green,2.335793728131866
2025-01-30,test,spy_green,2.3594183536675195
2025-01-31,test,spy_green,2.340807615216825
2025-02-03,test,spy_green,2.3385623210450937
2025-02-04,test,spy_green,2.3327143533006347
2025-02-05,test,spy_green,2.3499185210418356
2025-02-06,test,spy_green,2.3411631461489315
2025-02-07,test,spy_green,2.328606770048647
2025-02-10,test,spy_green,2.335520016792691
2025-02-11,test,spy_green,2.3406214790724946
2025-02-12,test,spy_green,2.3199009332148015
2025-02-13,test,spy_green,2.3476835450209466
2025-02-14,test,spy_green,2.3446943925434134
2025-02-18,test,spy_green,2.350372951693482
2025-02-19,test,spy_green,2.353158121482321
2025-02-20,test,spy_green,2.3618749110752613
2025-02-21,test,spy_green,2.35207273823241
2025-02-24,test,spy_green,2.354938540370822
2025-02-25,test,spy_green,2.370794527590518
2025-02-26,test,spy_green,2.352001843265679
2025-02-27,test,spy_green,2.3595958173014493
2025-02-28,test,spy_green,2.3928123235142444
2025-03-03,test,spy_green,2.372847033259656
2025-03-04,test,spy_green,2.3505180177499443
2025-03-05,test,spy_green,2.3585034240467353
2025-03-06,test,spy_green,2.3420344047547923
2025-03-07,test,spy_green,2.3694041409259974
2025-03-10,test,spy_green,2.374795419525016
2025-03-11,test,spy_green,2.3539122053146526
2025-03-12,test,spy_green,2.3113583097361214
2025-03-13,test,spy_green,2.3065203046482052
2025-03-14,test,spy_green,2.32503139418163
2025-03-17,test,spy_green,2.3425053418533697
2025-03-18,test,spy_green,2.3348397362549314
2025-03-19,test,spy_green,2.3383101923328256
2025-03-20,test,spy_green,2.330282894646906
2025-03-21,test,spy_green,2.3162645402365705
2025-03-24,test,spy_green,2.33450816927974
2025-03-25,test,spy_green,2.332414636520364
2025-03-26,test,spy_green,2.3565198826921714
2025-03-27,test,spy_green,2.367845142258415
2025-03-28,test,spy_green,2.3578788375573216
2025-03-31,test,spy_green,2.3827373325743513
2025-04-01,test,spy_green,2.389385190845744
2025-04-02,test,spy_green,2.3972837404960883
2025-04-03,test,spy_green,2.3879128735805355
2025-04-04,test,spy_green,2.3064145308300024
2025-04-07,test,spy_green,2.254010562857902
2025-04-08,test,spy_green,2.232762026784879
2025-04-09,test,spy_green,2.306989699932658
2025-04-10,test,spy_green,2.2973224636083334
2025-04-11,test,spy_green,2.3447445022474223
2025-04-14,test,spy_green,2.367926857779737
2025-04-15,test,spy_green,2.3548970768513495
2025-04-16,test,spy_green,2.3426990639732588
2025-04-17,test,spy_green,2.3605871061515757
2025-04-21,test,spy_green,2.322253530788464
2025-04-22,test,spy_green,2.366384566766628
2025-04-23,test,spy_green,2.3554008135280062
2025-04-24,test,spy_green,2.3328675462119564
2025-04-25,test,spy_green,2.3379563313804006
2025-04-28,test,spy_green,2.3479051349708366
2025-04-29,test,spy_green,2.3656538756281256
2025-04-30,test,spy_green,2.3676930907749476
2025-05-01,test,spy_green,2.3582975259970054
2025-05-02,test,spy_green,2.3827853746976086
2025-05-05,test,spy_green,2.3761548428719634
2025-05-06,test,spy_green,2.365975534469943
2025-05-07,test,spy_green,2.3816893550663925
2025-05-08,test,spy_green,2.3540706563238776
2025-05-09,test,spy_green,2.3535035368235353
2025-05-12,test,spy_green,2.3775441575478324
2025-05-13,test,spy_green,2.3663922675917064
2025-05-14,test,spy_green,2.3591662159041715
2025-05-15,test,spy_green,2.393342121979321
2025-05-16,test,spy_green,2.419904747379509
2025-05-19,test,spy_green,2.428646473350344
2025-05-20,test,spy_green,2.4250395493218724
2025-05-21,test,spy_green,2.382342971990127
2025-05-22,test,spy_green,2.375914461985112
2025-05-23,test,spy_green,2.3753880715903795
2025-05-27,test,spy_green,2.4142273534544527
2025-05-28,test,spy_green,2.389335555037307
2025-05-29,test,spy_green,2.402126142010965
2025-05-30,test,spy_green,2.4052571244221186
2025-06-02,test,spy_green,2.4012842452907437
2025-06-03,test,spy_green,2.4090640533647076
2025-06-04,test,spy_green,2.3983763684242336
2025-06-05,test,spy_green,2.3952622103426817
2025-06-06,test,spy_green,2.410237848083098
2025-06-09,test,spy_green,2.4012113864513123
2025-06-10,test,spy_green,2.4092012108316263
2025-06-11,test,spy_green,2.405476147518545
2025-06-12,test,spy_green,2.4351907319659185
2025-06-13,test,spy_green,2.4098566270389417
2025-06-16,test,spy_green,2.405716210841385
2025-06-17,test,spy_green,2.3931476631507467
2025-06-18,test,spy_green,2.3959698240625054
2025-06-20,test,spy_green,2.3881214824413837
2025-06-23,test,spy_green,2.4053503448775317
2025-06-24,test,spy_green,2.4164782714703064
2025-06-25,test,spy_green,2.3884530272009292
2025-06-26,test,spy_green,2.404312995659748
2025-06-27,test,spy_green,2.4104212320110183
2025-06-30,test,spy_green,2.396302446141646
2025-07-01,test,spy_green,2.40742610626156
2025-07-02,test,spy_green,2.4023636981469947
2025-07-03,test,spy_green,2.414204006185009
2025-07-07,test,spy_green,2.4017213132314645
2025-07-08,test,spy_green,2.3941332787459673
2025-07-09,test,spy_green,2.3853745380015097
2025-07-10,test,spy_green,2.394495485586632
2025-07-11,test,spy_green,2.38614735316261
2025-07-14,test,spy_green,2.392840858501917
2025-07-15,test,spy_green,2.3570856616252542
2025-07-16,test,spy_green,2.3776851081626207
2025-07-17,test,spy_green,2.379311256806851
2025-07-18,test,spy_green,2.3804728062091733
2025-07-21,test,spy_green,2.3760540692095065
2025-07-22,test,spy_green,2.3999855300950954
2025-07-23,test,spy_green,2.409778336545552
2025-07-24,test,spy_green,2.396046675931072
2025-07-25,test,spy_green,2.407727567829063
2025-07-28,test,spy_green,2.381165285010713
2025-07-29,test,spy_green,2.398946653436713
2025-07-30,test,spy_green,2.2913034859980486
2025-07-31,test,spy_green,2.2767937046958306
2025-08-01,test,spy_green,2.260309650407258
2025-08-04,test,spy_green,2.2858834740220306
2025-08-05,test,spy_green,2.2889888499515996
2025-08-06,test,spy_green,2.2818241993967767
2025-08-07,test,spy_green,2.2749713008396446
2025-08-08,test,spy_green,2.283507956709107
2025-08-11,test,spy_green,2.2820712978622453
2025-08-12,test,spy_green,2.2971393629980206
2025-08-13,test,spy_green,2.319748913031734
2025-08-14,test,spy_green,2.316029823191303
2025-08-15,test,spy_green,2.303061246537593
2025-08-18,test,spy_green,2.2898452422447892
2025-08-19,test,spy_green,2.311323962677827
2025-08-20,test,spy_green,2.3271335243605784
2025-08-21,test,spy_green,2.3211430782999307
2025-08-22,test,spy_green,2.3350826135654157
2025-08-25,test,spy_green,2.3119365686035676
2025-08-26,test,spy_green,2.312370082975029
2025-08-27,test,spy_green,2.3211599766101605
2025-08-28,test,spy_green,2.315684090853693
2025-08-29,test,spy_green,2.321475758891051
2025-09-02,test,spy_green,2.312946613816356
2025-09-03,test,spy_green,2.319650563091866
2025-09-04,test,spy_green,2.328806861537409
2025-09-05,test,spy_green,2.3388097189563917
2025-09-08,test,spy_green,2.3418970992820927
2025-09-09,test,spy_green,2.3368339787092096
2025-09-10,test,spy_green,2.3272775154120002
2025-09-11,test,spy_green,2.36496114091054
2025-09-12,test,spy_green,2.35436799582654
2025-09-15,test,spy_green,2.3288487007454566
2025-09-16,test,spy_green,2.3214094282144915
2025-09-17,test,spy_green,2.3290596524149643
2025-09-18,test,spy_green,2.338856333692132
2025-09-19,test,spy_green,2.339963805665692
2025-09-22,test,spy_green,2.338514673236929
2025-09-23,test,spy_green,2.3573952352822785
2025-09-24,test,spy_green,2.3597827954004287
2025-09-25,test,spy_green,2.3344529367972986
2025-09-26,test,spy_green,2.3685486764926367
2025-09-29,test,spy_green,2.3663171299469026
2025-09-30,test,spy_green,2.3785782095303736
2025-10-01,test,spy_green,2.3752091478177486
2025-10-02,test,spy_green,2.370556412836778
2025-10-03,test,spy_green,2.3696002910939864
2025-10-06,test,spy_green,2.372541313871829
2025-10-07,test,spy_green,2.378270225582755
2025-10-08,test,spy_green,2.377950407947731
2025-10-09,test,spy_green,2.356842166238536
2025-10-10,test,spy_green,2.3385520314882466
2025-10-13,test,spy_green,2.3428839038478424
2025-10-14,test,spy_green,2.3634840110529676
2025-10-15,test,spy_green,2.363728082540357
2025-10-16,test,spy_green,2.3496357265136782
2025-10-17,test,spy_green,2.377411577081333
2025-10-20,test,spy_green,2.3956619445461995
2025-10-21,test,spy_green,2.39740496057071
2025-10-22,test,spy_green,2.399122566128478
2025-10-23,test,spy_green,2.3909664404789703
2025-10-24,test,spy_green,2.3956411441986902
2025-10-27,test,spy_green,2.4083766123851107
2025-10-28,test,spy_green,2.397402628371027
2025-10-29,test,spy_green,2.351518228756213
2025-10-30,test,spy_green,2.3467877394050434
2025-10-31,test,spy_green,2.3219379241221785
2025-11-03,test,spy_green,2.323367162293725
2025-11-04,test,spy_green,2.3259165472702286
2025-11-05,test,spy_green,2.327221213223163
2025-11-06,test,spy_green,2.3106185160818966
2025-11-07,test,spy_green,2.345385183368533
2025-11-10,test,spy_green,2.3544543311160444
2025-11-11,test,spy_green,2.380346572455779
2025-11-12,test,spy_green,2.375459133493628
2025-11-13,test,spy_green,2.371198692181842
2025-11-14,test,spy_green,2.3666079046478425
2025-11-17,test,spy_green,2.34732774918654
2025-11-18,test,spy_green,2.346391087816245
2025-11-19,test,spy_green,2.327678847083547
2025-11-20,test,spy_green,2.317600672759415
2025-11-21,test,spy_green,2.3520669173383317
2025-11-24,test,spy_green,2.338184272346272
2025-11-25,test,spy_green,2.3542376903614617
2025-11-26,test,spy_green,2.3637868502719535
2025-11-28,test,spy_green,2.371677562290017
2025-12-01,test,spy_green,2.3578235248641146
2025-12-02,test,spy_green,2.3387640035699544
2025-12-03,test,spy_green,2.350164954372738
2025-12-04,test,spy_green,2.340762154046592
2025-12-05,test,spy_green,2.3340956690283554
2025-12-08,test,spy_green,2.3162864691720793
2025-12-09,test,spy_green,2.3184234677480404
2025-12-10,test,spy_green,2.326684560747585
2025-12-11,test,spy_green,2.3438769987785397
2025-12-12,test,spy_green,2.3578405501088593
2025-12-15,test,spy_green,2.365424586439487
2025-12-16,test,spy_green,2.354171233985727
2025-12-17,test,spy_green,2.359246569735926
2025-12-18,test,spy_green,2.3647277100966964
2025-12-19,test,spy_green,2.3646829889374934
2025-12-22,test,spy_green,2.377095830617273
2025-12-23,test,spy_green,2.380824901430079
2025-12-24,test,spy_green,2.3886169369569012
2025-12-26,test,spy_green,2.385250285820558
2025-12-29,test,spy_green,2.388520921107579
2025-12-30,test,spy_green,2.3850147348029167
2025-12-31,test,spy_green,2.3662839050576614
2026-01-02,test,spy_green,2.3719409099441338
2026-01-05,test,spy_green,2.381809569787349
2026-01-06,test,spy_green,2.3810069141416204
2026-01-07,test,spy_green,2.3604369498418234
2026-01-08,test,spy_green,2.3898057348636037
2026-01-09,test,spy_green,2.4029494273806544
2026-01-12,test,spy_green,2.4065672249156087
2026-01-13,test,spy_green,2.4035089500466698
2026-01-14,test,spy_green,2.4141136645253036
2026-01-15,test,spy_green,2.420822811972691
2026-01-16,test,spy_green,2.4303052763347015
2026-01-20,test,spy_green,2.4035063627011
2026-01-21,test,spy_green,2.4187080418409175
2026-01-22,test,spy_green,2.4248191298488413
2026-01-23,test,spy_green,2.4343471035236433
2026-01-26,test,spy_green,2.438155501300245
2026-01-27,test,spy_green,2.4203982939741335
2026-01-28,test,spy_green,2.4107400586581265
2026-01-29,test,spy_green,2.423942343966608
2026-01-30,test,spy_green,2.4366286976287324
2026-02-02,test,spy_green,2.429994509776937
2026-02-03,test,spy_green,2.445497251994252
2026-02-04,test,spy_green,2.495654893599249
2026-02-05,test,spy_green,2.48515229933847
2026-02-06,test,spy_green,2.4911890830982775
2026-02-09,test,spy_green,2.477291719902409
2026-02-10,test,spy_green,2.480674583677857
2026-02-11,test,spy_green,2.489774485804082
2026-02-12,test,spy_green,2.4967469531806965
2026-02-13,test,spy_green,2.527587759790545
2026-02-17,test,spy_green,2.5206595031362644
2026-02-18,test,spy_green,2.509940776891654
2026-02-19,test,spy_green,2.5180706545637634
2026-02-20,test,spy_green,2.5391890889119835
2026-02-23,test,spy_green,2.539275427829946
2026-02-24,test,spy_green,2.551623043267872
2026-02-25,test,spy_green,2.5604267518738157
2026-02-26,test,spy_green,2.535246382919027
2026-02-27,test,spy_green,2.5557514702408017
2026-03-02,test,spy_green,2.5706939001179485
2026-03-03,test,spy_green,2.5445379018317817
2026-03-04,test,spy_green,2.5371615963362717
2026-03-05,test,spy_green,2.514066220034147
2026-03-06,test,spy_green,2.4882723969380693
2026-03-09,test,spy_green,2.4713637922682934
2026-03-10,test,spy_green,2.4535037126871284
2026-03-11,test,spy_green,2.4375513247467198
2026-03-12,test,spy_green,2.4162605457281634
2026-03-13,test,spy_green,2.4305454430073783
2026-03-16,test,spy_green,2.447688362975693
2026-03-17,test,spy_green,2.4424044164584013
2026-03-18,test,spy_green,2.4002196333798476
2026-03-19,test,spy_green,2.393503498883438
2026-03-20,test,spy_green,2.3716106912866715
2026-03-23,test,spy_green,2.3789380816023304
2026-03-24,test,spy_green,2.3820985803731944
2026-03-25,test,spy_green,2.390694585084571
2026-03-26,test,spy_green,2.391506748609434
2026-03-27,test,spy_green,2.3746886780986176
2026-03-30,test,spy_green,2.397105174540889
2026-03-31,test,spy_green,2.4048530650705255
2026-04-01,test,spy_green,2.4146689146747717
2026-04-02,test,spy_green,2.4293041357717953
2026-04-06,test,spy_green,2.4361728570661536
2026-04-07,test,spy_green,2.432798121608975
2026-04-08,test,spy_green,2.4646050911522575
2026-04-09,test,spy_green,2.4775438078723084
2026-04-10,test,spy_green,2.46154310412081
2026-04-13,test,spy_green,2.4699694770635596
2026-04-14,test,spy_green,2.4587535742767197
2026-04-15,test,spy_green,2.4524171686151517
2026-04-16,test,spy_green,2.46396431794706
2026-04-17,test,spy_green,2.473561236099496
2026-04-20,test,spy_green,2.4693649109705516
2026-04-21,test,spy_green,2.4462126471098538
2026-04-22,test,spy_green,2.4356646526147836
2026-04-23,test,spy_green,2.461367985926987
2026-04-24,test,spy_green,2.4594996013565287
2026-04-27,test,spy_green,2.4634869184446937
2026-04-28,test,spy_green,2.4613263945014947
2026-04-29,test,spy_green,2.441524429845782
2026-04-30,test,spy_green,2.458341889444206
2026-05-01,test,spy_green,2.4601639645998303
2026-05-04,test,spy_green,2.437405458911662
2026-05-05,test,spy_green,2.4505144783826456
2026-05-06,test,spy_green,2.451470498824211
2026-05-07,test,spy_green,2.451125981766744
2026-05-08,test,spy_green,2.447709244857327
2026-05-11,test,spy_green,2.443462191592463
2026-05-12,test,spy_green,2.440457232783663
2026-05-13,test,spy_green,2.442207663985371
2026-05-14,test,spy_green,2.4493965856006175
2026-05-15,test,spy_green,2.4218030255030327
2026-05-18,test,spy_green,2.451482306231785
2026-05-19,test,spy_green,2.438717174997805
2026-05-20,test,spy_green,2.456972229784032
2026-05-21,test,spy_green,2.4713330841823717
2026-05-22,test,spy_green,2.474885748020263
2026-05-26,test,spy_green,2.4770524513230137
2026-05-27,test,spy_green,2.4721499977285064
2026-05-28,test,spy_green,2.4681679671504946
2026-05-29,test,spy_green,2.4502718144850983
2026-06-01,test,spy_green,2.4347127782299802
2026-06-02,test,spy_green,2.4413348530329615
2026-06-03,test,spy_green,2.433089128059867
2026-06-04,test,spy_green,2.4578669296184956
2026-06-05,test,spy_green,2.4663467016300613
2026-06-08,test,spy_green,2.4499948444751114
2026-06-09,test,spy_green,2.4985143633934817
2026-06-10,test,spy_green,2.4906547379954884
2026-06-11,test,spy_green,2.503306668249638
2026-06-12,test,spy_green,2.524449748482889
2026-06-15,test,spy_green,2.5216124287181216
2026-06-16,test,spy_green,2.5268099710594054
2026-06-17,test,spy_green,2.5004997507475113
2026-06-18,test,spy_green,2.503251447314272
2026-06-22,test,spy_green,2.5027396193565856
2026-06-23,test,spy_green,2.5232592991063174
2026-06-24,test,spy_green,2.554744815492367
2026-06-25,test,spy_green,2.5706648565420465
2026-06-26,test,spy_green,2.6019985534690044
2026-06-29,test,spy_green,2.591886734502003
2026-06-30,test,spy_green,2.5969609436553536
2026-07-01,test,spy_green,2.6419793848716546
2026-07-02,test,spy_green,2.6791864719056644
2026-07-06,test,spy_green,2.6661593060500532
2026-07-07,test,spy_green,2.666737186302641
2026-07-08,test,spy_green,2.637044971736539
2026-07-09,test,spy_green,2.6441534368601882
2026-07-10,test,spy_green,2.662903362323376
2026-07-13,test,spy_green,2.674506665268207
2026-07-14,test,spy_green,2.6670376901293773
2026-07-15,test,spy_green,2.666244610089468
2026-07-16,test,spy_green,2.7199738684059067
2026-07-17,test,spy_green,2.6972719784867634
2026-07-20,test,spy_green,2.6837119170536643
2026-07-21,test,spy_green,2.668449329451128
2026-07-22,test,spy_green,2.6719451303767645
2026-07-23,test,spy_green,2.6523123738515326
2026-07-24,test,spy_green,2.682488500998771
2026-07-27,test,spy_green,2.696900751752313
2026-07-28,test,spy_green,2.7338993799925126
2026-07-29,test,spy_green,2.6996451249446656
2026-07-30,test,spy_green,2.6737614880565785
2026-07-31,test,spy_green,2.642099436165077
2026-08-03,test,spy_green,2.6610879121396667
2026-08-04,test,spy_green,2.678108451100013
2026-08-05,test,spy_green,2.702498185615458
2026-08-06,test,spy_green,2.688788023683528
2026-08-07,test,spy_green,2.6963477867175225
2026-08-10,test,spy_green,2.6984059347961766
2026-08-11,test,spy_green,2.7046192054437173
2026-08-12,test,spy_green,2.6957395213845023
2026-08-13,test,spy_green,2.6991438631061944
2026-08-14,test,spy_green,2.7034205308072075
2026-08-17,test,spy_green,2.6747979946238374
2026-08-18,test,spy_green,2.6778427356575145
2026-08-19,test,spy_green,2.6948459826135984
2026-08-20,test,spy_green,2.682058201007952
2026-08-21,test,spy_green,2.7053638477807413
2026-08-24,test,spy_green,2.7302073905485207
2026-08-25,test,spy_green,2.730333884471015
