ticker,start,year,n_evals,len_d,runup126,peak_lag,peak_after_flag_end,tc_err,post_peak_dd,crash
A,2013-12-10,2013,4,40,0.2664556943554308,28,False,58.61184210526335,-0.13380180325079316,False
A,2017-07-10,2017,2,5,0.2532233479443846,99,True,-26.927631578947512,-0.13001642092639065,False
A,2017-09-12,2017,1,0,0.2727794241786605,94,True,-19.526315789473756,-0.18101485719852362,False
A,2021-01-06,2021,6,30,0.3771887329133956,148,True,-108.0,-0.22178340708134425,False
A,2021-06-08,2021,3,10,0.2087625830422173,62,True,103.26315789473665,-0.36647687764190107,True
A,2021-09-16,2021,1,0,0.41750364024092423,1,True,105.71052631578914,-0.34702759081427215,True
AA,2014-03-24,2014,3,30,0.4570079795136883,115,True,-44.276315789473756,-0.2623799762917357,False
AA,2014-06-18,2014,9,55,0.5372618206844051,113,True,-16.35526315789457,-0.46725994627833844,True
AA,2021-09-30,2021,3,10,0.518460893168476,121,True,-6.789473684210861,-0.6445820148045631,True
AA,2022-02-01,2022,10,55,0.44371055479850185,36,False,186.5,-0.6445820148045631,True
AA,2026-01-06,2026,9,45,1.0960132670864158,101,True,-27.644736842104976,-0.4882444075042165,True
AAL,2014-02-24,2014,5,30,1.252612322840768,82,True,17.473684210526244,-0.3568475818090049,True
AAL,2014-07-10,2014,1,0,0.5497647478787768,120,True,46.05263157894751,-0.29350692534387435,False
AAMI,2025-09-03,2025,3,10,1.1354933879618958,120,True,-41.51315789473665,-0.1088074221680938,False
AAON,2010-06-14,2010,1,0,0.30362453979958515,120,True,-45.0,-0.07333722765677331,False
AAON,2013-03-12,2013,16,90,0.3331021780790253,202,True,-112.59210526315746,-0.21594364525888465,False
AAON,2013-09-23,2013,1,0,0.44295012327730765,83,True,35.68421052631584,-0.2517061054168197,False
AAON,2013-10-28,2013,9,55,0.45814183218827487,171,True,-16.0,-0.2608883281851446,False
AAON,2017-01-31,2017,1,0,0.28762580855813913,93,True,-35.368421052631675,-0.16929133110228944,False
AAP,2010-06-28,2010,8,35,0.22279629343328788,112,True,-50.289473684210634,-0.26784368574423123,False
AAP,2010-10-13,2010,8,55,0.3246659489707364,147,True,-103.6447368421052,-0.3058336633875831,True
AAP,2012-03-19,2012,5,30,0.41657244751804035,28,False,40.289473684210634,-0.28930186311217987,False
AAP,2014-12-22,2014,2,20,0.211534584719129,138,True,37.36184210526335,-0.18190005328376946,False
AAPL,2005-12-14,2005,5,30,0.8959974562370989,20,False,44.93421052631578,-0.4079915099461967,True
AAPL,2007-07-27,2007,2,5,0.6848213044491853,107,True,-34.20394736842104,-0.40374332254750267,True
AAPL,2010-12-09,2010,3,15,0.26133077624610523,47,True,139.7105263157896,-0.13166074148065732,False
AAPL,2012-04-24,2012,2,5,0.4261212411911319,103,True,70.09210526315792,-0.4379716715571962,True
AAPL,2014-10-31,2014,1,0,0.2713054654823477,76,True,-1.0,-0.2178990338049701,False
AAPL,2018-10-15,2018,1,0,0.2284752552089493,6,True,175.18421052631584,-0.3593761996293424,True
AAPL,2019-12-17,2019,7,30,0.426797311861828,147,True,-66.60526315789457,-0.05838389839919722,False
AAPL,2025-12-05,2025,1,0,0.3699831471428716,118,True,-43.0,-0.11954821109389191,False
AAT,2012-08-08,2012,6,50,0.18185762779427628,168,True,-83.36184210526335,-0.12316991835682833,False
AAT,2013-04-30,2013,5,20,0.24679430487851017,6,False,26.89473684210543,-0.18008108092408526,False
ABBV,2015-01-12,2015,1,0,0.2078500939467105,115,True,34.60526315789457,-0.30347664094767757,True
ABBV,2017-11-10,2017,4,15,0.4543204390562181,51,True,47.28947368421041,-0.27132557864458484,False
ABBV,2018-03-09,2018,2,5,0.47938237911382053,2,False,59.644736842104976,-0.3293551706254576,True
ABBV,2022-02-28,2022,3,10,0.2637016366774827,29,True,57.907894736842536,-0.2191545046624901,False
ABCB,2012-05-01,2012,2,10,0.14938204391278442,101,True,0.776315789473756,-0.18478286112849085,False
ABCB,2013-09-23,2013,1,0,0.31619136756679356,120,True,-45.0,-0.17551214095981926,False
ABCB,2015-11-12,2015,6,35,0.3214231996149064,31,False,109.85526315789457,-0.28047045638551427,False
ABG,2011-01-31,2011,3,10,0.31032025604899327,126,True,-46.0,-0.2834718113066853,False
ABG,2012-03-26,2012,1,0,0.7192447875193886,120,True,-42.03947368421041,-0.07450716737382379,False
ABG,2019-11-11,2019,1,0,0.37881261451992465,22,True,38.92105263157873,-0.6568028115877238,True
ABG,2020-01-02,2020,1,0,0.3102271417165625,0,False,17.10526315789457,-0.6218449853435859,True
ABG,2021-04-26,2021,1,0,0.7335557126452559,118,True,-94.05263157894751,-0.28710585650275733,False
ABM,2007-02-27,2007,3,10,0.5047494663043699,68,True,-14.907894736842081,-0.37137943693992537,True
ABM,2015-06-09,2015,1,0,0.2172341374930178,48,True,39.5,-0.20433527348787428,False
ABM,2016-08-16,2016,2,5,0.21900790465568254,73,True,-3.394736842104976,-0.11768652026881521,False
ABM,2021-04-19,2021,5,20,0.5162910071148878,4,False,76.13157894736833,-0.2663316802513057,False
ABR,2006-12-19,2006,9,40,0.2811328401726556,39,False,27.38157894736844,-0.477112197632527,True
ABR,2018-08-03,2018,7,30,0.5293692887543502,142,True,-23.90789473684208,-0.06780336519916552,False
ABR,2021-10-14,2021,1,0,0.2088206373858934,12,True,138.0,-0.36830810100452427,True
ABT,2018-03-06,2018,3,10,0.2010620863668915,123,True,9.5,-0.019371787005261765,False
ABT,2018-10-01,2018,2,5,0.26799241559864084,117,True,72.2105263157896,-0.08595686516506573,False
ACA,2024-12-12,2024,1,0,0.27634291533899935,1,True,105.25,-0.3522377485023219,True
ACAD,2013-05-30,2013,6,25,1.6427257523248007,87,True,65.89473684210498,-0.3821081969299094,True
ACAD,2015-08-05,2015,1,0,0.5178570646586309,0,False,91.31578947368416,-0.6373949415509823,True
ACGL,2005-11-30,2005,8,40,0.21014981840745128,104,True,-48.4736842105263,-0.09870963618591677,False
ACGL,2006-11-20,2006,1,0,0.2316214134718928,107,True,-10.947368421052602,-0.11956528937539179,False
ACGL,2010-11-10,2010,4,20,0.1852433433011218,126,True,-11.098684210526244,-0.13318026438203756,False
ACGL,2013-03-26,2013,7,35,0.24740026260230952,151,True,-80.47368421052624,-0.09313561264064041,False
ACGL,2015-08-19,2015,1,0,0.22024593590206654,45,True,-5.263157894736651,-0.1643271333427051,False
ACGL,2019-09-23,2019,1,0,0.28589307143789755,102,True,-28.51315789473665,-0.5383976875158931,True
ACGL,2023-11-01,2023,1,0,0.19016119702221368,106,True,44.0,-0.05416228122942113,False
ACHC,2011-02-22,2011,7,30,0.7615384968074834,64,True,-0.9078947368420813,-0.47922436291879034,True
ACHC,2013-09-30,2013,13,90,0.3540521692585843,78,False,67.26315789473665,-0.24911298492336165,False
ACHC,2021-06-22,2021,1,0,0.31732740150749916,51,True,36.5,-0.258570187130287,False
ACI,2021-08-13,2021,2,10,0.8287021488622537,79,True,3.8289473684208133,-0.28611167895270173,False
ACIW,2014-01-09,2014,2,5,0.3286316184722824,8,True,91.17763157894751,-0.18915141365838306,False
ACIW,2021-02-26,2021,1,0,0.27618408624829605,10,True,45.855263157895024,-0.2745145870222101,False
ACIW,2024-09-11,2024,5,20,0.4605589336949951,41,True,31.5,-0.2628378576480007,False
ACLS,2017-07-10,2017,2,5,0.5882759094238281,97,True,-18.25,-0.4649194701080518,True
ACLS,2017-10-03,2017,6,25,0.5108108520507812,37,True,119.11842105263167,-0.4649194701080518,True
ACM,2013-04-04,2013,1,0,0.42485838538885523,85,True,-10.0,-0.21960218820006538,False
ACM,2021-05-04,2021,2,5,0.4955393942658566,121,True,-46.756578947368325,-0.1133133408769168,False
ACN,2005-12-14,2005,11,65,0.25223740272891293,49,False,4.092105263157919,-0.21736494651692106,False
ACN,2007-01-12,2007,2,5,0.3690406550834231,120,True,-96.6776315789474,-0.2294070361338295,False
ACN,2017-11-14,2017,2,5,0.21524433190011694,69,True,-51.368421052631675,-0.10556025159020399,False
ACN,2017-12-28,2017,5,20,0.2607313967506506,135,True,5.0,-0.19750288337522326,False
ADAM,2009-07-29,2009,2,10,1.5758229966541268,48,True,30.914473684210407,-0.26889055779393256,False
ADAM,2009-10-01,2009,1,0,1.3466513480172537,119,True,-48.34210526315792,-0.249212603232155,False
ADBE,2013-05-08,2013,1,0,0.3235980570446504,118,True,-55.5,-0.01918466949071085,False
ADBE,2013-09-23,2013,1,0,0.21911031279887894,108,True,33.05263157894751,-0.16147021448070464,False
ADBE,2013-10-28,2013,4,15,0.19631761567552797,83,True,68.44736842105249,-0.16147021448070464,False
ADBE,2014-01-16,2014,3,35,0.27889609513201385,116,True,-26.131578947368325,-0.17248876823907,False
ADBE,2014-06-25,2014,1,0,0.21809317226292424,119,True,51.78947368421041,-0.07932121869998598,False
ADBE,2017-05-25,2017,1,0,0.35776073896571337,116,True,-79.42105263157873,-0.08975336570458203,False
ADBE,2017-10-24,2017,10,55,0.29211544925179767,160,True,-52.96052631578914,-0.20511430139282416,False
ADBE,2018-03-06,2018,5,20,0.36727716912753094,134,True,-119.0,-0.253121694132746,False
ADBE,2018-05-09,2018,4,15,0.32599558322205024,100,True,-23.421052631578732,-0.25529053346886366,False
ADBE,2018-07-20,2018,2,5,0.3157922350513094,50,True,-3.8157894736841627,-0.25529053346886366,False
ADBE,2018-10-01,2018,1,0,0.275830128184291,0,False,104.07894736842127,-0.25529053346886366,False
ADC,2009-11-27,2009,1,0,0.3849139987451524,106,True,-32.51315789473688,-0.18917899038000818,False
ADC,2016-07-05,2016,7,35,0.5130955519140521,19,False,25.210526315789593,-0.15651143084874242,False
ADEA,2013-06-20,2013,5,20,0.36504727692402295,17,False,61.75,-0.1837598694977135,False
ADEA,2016-12-08,2016,2,5,0.3363405862581901,33,True,-11.782894736842081,-0.49147629355469447,True
ADI,2011-01-24,2011,1,0,0.27866323231446666,80,True,-39.473684210526244,-0.28714327758274094,False
ADM,2006-03-28,2006,9,40,0.5308496988283895,31,False,37.48684210526318,-0.3164439725590181,True
ADM,2021-02-19,2021,7,50,0.2918934569504714,73,True,15.289473684210861,-0.1651883764366523,False
ADM,2022-02-23,2022,9,50,0.27595982290115284,39,False,85.4736842105267,-0.2666413390001221,False
ADMA,2022-08-26,2022,2,5,0.6875000046566129,87,True,-17.7236842105267,-0.2242268294631281,False
ADMA,2022-12-28,2022,6,25,0.8775510179256709,93,True,-0.7631578947366506,-0.27014216188712725,False
ADMA,2024-05-21,2024,14,85,1.4181360988126697,119,True,-47.881578947368325,-0.31741825784536226,True
ADP,2011-04-27,2011,1,0,0.2467355278044585,49,True,0.276315789473756,-0.18556880273743925,False
ADP,2014-11-07,2014,10,50,0.2327502165202413,76,True,94.625,-0.17516267020550502,False
ADP,2022-01-03,2022,1,0,0.22427580937259006,1,True,114.26315789473665,-0.19930645617527376,False
ADSK,2011-01-31,2011,1,0,0.32335720911087207,71,True,61.03947368421041,-0.4909763210908292,True
ADSK,2014-02-24,2014,1,0,0.5076113924827133,101,True,-58.56578947368416,-0.1302301454187056,False
ADSK,2017-05-11,2017,11,60,0.3125601933913429,138,True,-43.92105263157873,-0.203009838192874,False
ADSK,2017-10-31,2017,3,10,0.33861811598330793,88,True,92.0,-0.11918771912747672,False
ADUS,2013-02-01,2013,18,125,0.819413257774195,182,True,-49.76315789473665,-0.36990980380810445,True
ADUS,2013-09-27,2013,1,0,1.124536718582652,17,True,64.31578947368416,-0.36990980380810445,True
ADUS,2013-11-22,2013,3,10,0.5547103251956846,3,False,177.0,-0.30983997689620935,True
ADUS,2018-11-16,2018,1,0,0.3522918194121627,10,True,93.09210526315792,-0.23106109874261227,False
ADUS,2019-08-29,2019,1,0,0.3224060517504699,116,True,-105.14473684210543,-0.5338084986693387,True
AEIS,2007-06-14,2007,1,0,0.2917798301863719,1,True,105.25,-0.5907208445984957,True
AEIS,2016-11-23,2016,17,130,0.4897631631195096,233,True,-117.34210526315792,-0.3893898364511268,True
AEIS,2025-11-28,2025,5,25,0.8420860442217692,105,True,-33.68421052631584,-0.3508083677276457,True
AEIS,2026-02-26,2026,10,50,1.1861184202128907,45,False,54.868421052631675,-0.3508083677276457,True
AEO,2018-07-27,2018,2,10,0.3579201032629211,17,True,28.953947368420813,-0.40136872596408857,True
AEO,2021-04-05,2021,2,10,1.027247423091243,14,True,38.79605263157828,-0.40462088603837165,True
AEP,2016-04-01,2016,1,0,0.20101134643574747,66,True,40.25,-0.1694076209710561,False
AES,2006-12-05,2006,1,0,0.2725320695311306,115,True,-72.43421052631584,-0.2598326770934867,False
AES,2018-10-15,2018,2,5,0.2899957181221433,110,True,-4.407894736842081,-0.19360345310608829,False
AES,2019-04-09,2019,1,0,0.2568363065929453,0,False,44.473684210526244,-0.18024511473318017,False
AES,2021-01-21,2021,2,5,0.7781262406792908,17,True,35.03947368421086,-0.20105067745882976,False
AES,2021-03-05,2021,3,10,0.4496883660158266,29,True,45.4736842105267,-0.19323698313035664,False
AFG,2007-02-05,2007,1,0,0.19347793914449052,11,True,184.13157894736844,-0.29532989818516464,False
AFG,2013-03-05,2013,10,45,0.21985466392521658,165,True,-92.46710526315792,-0.038780183028075954,False
AFG,2016-12-08,2016,13,60,0.20608102169104092,167,True,-13.578947368421268,-0.0925149065447175,False
AFG,2021-12-27,2021,1,0,0.22129511932922497,112,True,13.0,-0.16160836107939214,False
AFL,2007-10-29,2007,1,0,0.21783691304540054,118,True,-57.40789473684208,-0.5462833613974705,True
AFL,2007-12-26,2007,1,0,0.20955268471926058,84,True,16.855263157894797,-0.5485445812698635,True
AFL,2010-04-01,2010,1,0,0.29655666798668756,8,True,89.56578947368416,-0.2799069531906788,False
AFL,2024-09-11,2024,7,30,0.3080935886302665,17,False,90.76315789473665,-0.1256155556569285,False
AGCO,2007-10-15,2007,9,60,0.4108586940387997,39,False,156.92105263157896,-0.33879638378435795,True
AGCO,2011-01-31,2011,1,0,0.4301831498182973,63,True,-20.565789473684163,-0.44280068919721416,True
AGCO,2021-01-13,2021,1,0,0.8604655574330045,79,True,-74.0,-0.28757180215209077,False
AGCO,2021-02-26,2021,7,55,0.8188368352607758,49,False,-29.0,-0.28757180215209077,False
AGO,2016-12-15,2016,8,35,0.4982741702131037,151,True,-57.9736842105267,-0.26737537646899723,False
AGO,2024-01-08,2024,10,50,0.3594761387942853,35,False,33.55263157894751,-0.21825803320888104,False
AGX,2007-11-27,2007,5,25,0.8799999771935916,89,True,84.81578947368416,-0.4197953475320725,True
AGX,2016-12-08,2016,1,0,0.6642512431474434,31,True,25.25,-0.22457061058118455,False
AGX,2024-07-01,2024,1,0,0.5258072226683363,104,True,14.75,-0.35164179135995477,True
AGX,2024-11-27,2024,3,10,1.2517852036991144,129,True,-93.60526315789502,-0.16692024899885416,False
AGX,2026-05-22,2026,3,20,0.8334945452029294,25,True,55.0,-0.4122290111663789,True
AGYS,2023-03-08,2023,1,0,0.7347708175102987,27,True,45.82894736842081,-0.254413640033868,False
AHR,2024-10-17,2024,3,10,0.9196087912725894,130,True,-75.78947368421086,0.0,False
AHR,2025-05-27,2025,13,75,0.2861025256254166,189,True,-109.32894736842081,-0.13621441419014346,False
AHR,2025-11-07,2025,2,5,0.43327835200268017,74,True,1.394736842104976,-0.13621441419014346,False
AHR,2026-01-07,2026,1,0,0.32868268758813834,120,True,-71.05263157894751,-0.01975771375849278,False
AHR,2026-03-13,2026,1,0,0.23449903804461925,93,True,57.0,-0.08887735550281306,False
AIG,2013-09-23,2013,1,0,0.3066343470902917,76,True,125.57894736842081,-0.10225951278243905,False
AIG,2013-10-28,2013,1,0,0.24420007214335038,51,True,90.57894736842081,-0.10225951278243905,False
AIG,2024-03-06,2024,5,25,0.29187745501468254,51,True,8.210526315789139,-0.12415269268989737,False
AIR,2016-12-08,2016,1,0,0.5790966492390492,1,True,73.07894736842127,-0.1780215099421567,False
AIT,2024-10-16,2024,8,40,0.275883938200729,29,False,103.6973684210534,-0.2641776668535595,False
AIZ,2013-10-21,2013,12,70,0.27058312831597475,156,True,-29.223684210526244,-0.12003091138793343,False
AJG,2018-01-29,2018,1,0,0.18930955089382318,28,True,82.7894736842104,-0.10272686053272262,False
AJG,2020-02-24,2020,1,0,0.17990269002252512,111,True,-46.46052631578959,-0.05567492913780969,False
AJG,2021-12-27,2021,1,0,0.21918882549830077,80,True,-32.82894736842081,-0.18802517065695035,False
AJG,2024-07-30,2024,3,15,0.25177524556689845,135,True,76.05263157894751,-0.1879055899388069,False
AKAM,2006-02-13,2006,2,5,0.7204969426477763,119,True,-69.26315789473682,-0.07644581189045563,False
AKAM,2006-08-18,2006,10,45,0.49625750634860877,118,True,25.5526315789474,-0.5218934918493174,True
AKAM,2007-02-05,2007,1,0,0.4440307516288444,3,True,92.78947368421052,-0.5218934918493174,True
AKAM,2010-07-20,2010,2,5,0.5756796646429758,78,True,5.75,-0.46453638533544117,True
AKAM,2010-10-27,2010,3,10,0.2715114315298437,8,False,209.5,-0.46453638533544117,True
AKAM,2011-01-14,2011,1,0,0.21393381898613173,1,True,211.5,-0.642993893198557,True
AKAM,2019-09-30,2019,2,5,0.2517807842933968,97,True,-21.671052631579187,-0.21948123091535476,False
ALB,2007-01-05,2007,4,20,0.5015419856700227,73,True,2.361842105263122,-0.20136244959831195,False
ALB,2010-11-10,2010,3,20,0.23747718395536443,124,True,88.5,-0.44813170229187693,True
ALB,2011-01-14,2011,2,5,0.4769945710110344,79,True,62.01973684210543,-0.44813170229187693,True
ALB,2016-08-02,2016,1,0,0.6412939522850047,120,True,-38.881578947368325,-0.045630653765526,False
ALB,2017-05-04,2017,4,15,0.31983115448836275,131,True,-70.4736842105267,-0.38117306963495146,True
ALB,2017-09-19,2017,9,40,0.2986431268708991,36,False,66.5,-0.38117306963495146,True
ALB,2026-02-04,2026,3,15,1.492115884985155,49,True,26.657894736842536,-0.47384811462194953,True
ALG,2013-10-21,2013,8,55,0.22137026017023365,49,False,24.026315789473756,-0.30410841249060383,True
ALGN,2013-11-11,2013,3,10,0.6149394190724775,46,True,16.23684210526335,-0.2487881103612486,False
ALGN,2016-08-30,2016,5,20,0.3602393743339871,138,True,-40.5,-0.019164583008086322,False
ALGN,2017-05-25,2017,9,40,0.49682406055506867,129,True,-24.59210526315792,-0.17208498122435045,False
ALGN,2017-10-31,2017,11,55,0.8108660568084354,157,True,-72.52631578947376,-0.5007295440908084,True
ALGN,2018-05-23,2018,12,55,0.2062150946458794,86,True,77.09210526315792,-0.5297979703458113,True
ALGN,2021-01-21,2021,1,0,0.7102556702546758,118,True,-43.0,-0.4118626062390186,True
ALGT,2013-03-15,2013,11,75,0.36113422311228494,179,True,-84.52631578947376,-0.2053400581209257,False
ALGT,2015-03-18,2015,2,5,0.5978696094274432,105,True,-52.66447368421041,-0.36119120057949994,True
ALGT,2019-12-30,2019,1,0,0.23611269334351537,13,True,50.618421052631675,-0.6254799996786164,True
ALK,2010-01-27,2010,1,0,0.6036909793972474,98,True,-44.710526315789366,-0.18874283450351403,False
ALK,2010-09-29,2010,1,0,0.23502313724973733,98,True,52.0,-0.2071683359339519,False
ALK,2013-03-26,2013,7,35,0.840269655087357,155,True,-67.56578947368416,-0.02981603431184754,False
ALK,2014-05-20,2014,2,5,0.2714605992830492,121,True,-31.197368421052488,-0.0347866348353707,False
ALK,2017-01-24,2017,5,20,0.4311859079897269,25,True,39.868421052631675,-0.3797196831220173,True
ALKS,2013-06-06,2013,6,25,0.5918367426378535,125,True,6.184210526315837,-0.05642022750699227,False
ALKS,2013-09-23,2013,1,0,0.4851835879951598,106,True,48.473684210526244,-0.2525083654709649,False
ALKS,2013-11-25,2013,10,75,0.22895218862765065,61,False,105.84210526315746,-0.2525083654709649,False
ALL,2012-05-01,2012,1,0,0.24866373104389106,119,True,-48.34210526315792,-0.10628795461257379,False
ALL,2012-08-16,2012,10,50,0.22877450832503676,162,True,-70.3552631578948,-0.08448769656042932,False
ALL,2013-02-04,2013,8,60,0.22063366331592849,178,True,-45.105263157895024,-0.07732825412012112,False
ALL,2015-01-14,2015,3,10,0.20416789817961312,14,True,43.631578947368325,-0.20794492930489805,False
ALL,2017-04-05,2017,1,0,0.21123749380549928,87,True,-10.421052631578732,-0.08337599751351321,False
ALL,2017-07-24,2017,3,10,0.22147488300037455,110,True,-66.18421052631584,-0.14154997063278618,False
ALL,2021-06-08,2021,1,0,0.30676042036637874,55,True,20.0,-0.21282083456280565,False
ALL,2024-03-27,2024,1,0,0.5180268820781084,120,True,-47.17105263157919,-0.05109677302028881,False
ALL,2026-08-12,2026,1,0,0.28505671945572875,2,True,62.407894736842536,-0.028996601984874193,False
ALLY,2018-01-17,2018,2,5,0.48030811502938864,9,True,11.39473684210543,-0.17349723292341113,False
ALLY,2021-01-15,2021,8,40,0.9514446719356167,93,True,-11.75,-0.19103512262297795,False
ALRM,2017-08-24,2017,9,45,0.5081796909656999,42,False,81.61842105263167,-0.28956982165670575,False
ALSN,2014-04-03,2014,1,0,0.23370683308936302,76,True,70.84210526315792,-0.16856581100934542,False
ALV,2010-01-12,2010,1,0,0.6406349017173412,70,True,-27.565789473684163,-0.22878390713683716,False
ALV,2010-10-06,2010,8,55,0.2923424413202389,68,True,132.65789473684208,-0.41818880334167097,True
AMAT,2017-01-17,2017,4,15,0.2602090832546555,132,True,6.289473684210861,-0.11422561880966353,False
AMAT,2017-05-11,2017,4,15,0.48232714981510716,135,True,-105.52631578947376,-0.23235247884224353,False
AMAT,2017-07-17,2017,1,0,0.37275091625425194,90,True,-6.842105263157919,-0.23235247884224353,False
AMAT,2017-10-03,2017,6,35,0.33529198798760085,108,True,59.23684210526335,-0.4905404060729247,True
AMAT,2024-04-11,2024,1,0,0.5120181244571689,61,True,-0.4078947368425361,-0.4197039856372292,True
AMAT,2026-06-08,2026,9,50,0.8311923084967177,15,False,63.881578947368325,-0.3963347268680186,True
AMCR,2013-03-12,2013,7,35,0.3072847492893731,155,True,-83.09210526315792,-0.1368420270085785,False
AMD,2006-02-21,2006,5,20,0.9489051447181105,7,False,52.8026315789474,-0.5792402947201933,True
AMD,2016-07-26,2016,1,0,2.3719807942886426,107,True,-43.18421052631584,-0.19221207568207865,False
AME,2007-09-24,2007,1,0,0.20227242634475617,54,True,133.5,-0.1870173582936997,False
AME,2007-10-29,2007,5,35,0.27507885163934276,151,True,-69.68421052631584,-0.4676008976672613,True
AME,2010-11-17,2010,10,45,0.34711629478309836,109,True,-9.29605263157896,-0.32592047405759383,True
AME,2011-04-27,2011,1,0,0.3114955482276447,0,False,123.15789473684208,-0.32577620148867414,True
AME,2017-10-24,2017,1,0,0.20709479839115752,98,True,-1.6842105263158373,-0.16602758971936327,False
AME,2017-12-20,2017,3,15,0.19959453335240562,58,True,-48.0,-0.16602758971936327,False
AME,2026-02-26,2026,2,5,0.2727128040880482,115,True,-37.76315789473665,-0.07519723042224447,False
AMG,2013-01-28,2013,6,50,0.4039487579043233,162,True,-95.25657894736833,-0.04739133001782536,False
AMG,2013-11-18,2013,6,35,0.1956225325133203,29,False,38.269736842104976,-0.1732756744185201,False
AMG,2021-04-05,2021,2,5,1.2890202788784615,68,True,9.5,-0.31893763035577716,True
AMG,2025-11-06,2025,1,0,0.4286619109232419,69,True,-4.197368421052488,-0.19722066684949735,False
AMG,2026-01-28,2026,5,20,0.4848098554789497,129,True,-57.55263157894751,-0.08033092831040733,False
AMGN,2012-09-07,2012,1,0,0.2462919839808182,120,True,-67.76315789473688,-0.0326414705338518,False
AMH,2021-05-21,2021,9,40,0.3124842158170942,155,True,-63.355263157895024,-0.23749717531139392,False
AMKR,2025-11-28,2025,3,10,1.0353188413582615,100,True,-38.81578947368416,-0.4522653208958479,True
AMKR,2026-02-11,2026,3,10,1.3186561729736148,89,True,-13.144736842104976,-0.5432389294675344,True
AMN,2006-12-27,2006,1,0,0.3857493972637842,39,True,23.5,-0.40974413784467734,True
AMN,2013-03-19,2013,3,10,0.5422176973625616,97,True,39.25,-0.2406250238418579,False
AMN,2015-02-27,2015,1,0,0.430564287322893,118,True,-86.55263157894751,-0.4106085150946567,True
AMN,2015-04-27,2015,1,0,0.424043088741338,104,True,-88.14473684210543,-0.4117172822295794,True
AMN,2015-06-09,2015,11,55,0.5814213151483072,74,True,11.723684210526244,-0.4117172822295794,True
AMN,2018-04-25,2018,1,0,0.5592634939096977,0,False,8.157894736842081,-0.2652398704162823,False
AMN,2020-03-02,2020,4,15,0.30278127938424637,12,False,51.09210526315792,-0.5421392621829076,True
AMN,2021-08-25,2021,1,0,0.47746397529758355,85,True,-55.78947368421086,-0.3152768741343318,True
AMP,2007-02-14,2007,1,0,0.42792904250644637,86,True,-27.71052631578948,-0.26823882604739036,False
AMP,2011-01-26,2011,3,25,0.6076295982870534,17,False,30.302631578947285,-0.4183614655496972,True
AMP,2013-01-15,2013,13,100,0.28799780201966696,220,True,-125.98684210526335,-0.06505119176939655,False
AMP,2013-07-16,2013,4,15,0.3261575761275406,122,True,-63.019736842104976,-0.12374779920246648,False
AMP,2013-09-18,2013,2,5,0.2712420610438053,77,True,75.5,-0.12374779920246648,False
AMP,2013-11-13,2013,10,45,0.3088230473662872,159,True,-68.34210526315746,-0.10233088029998816,False
AMP,2021-05-26,2021,2,5,0.4044357823919733,112,True,-86.34210526315837,-0.2722298044305185,False
AMP,2021-09-27,2021,1,0,0.2212328563370649,77,True,50.631578947368325,-0.3153827962334046,True
AMPH,2022-04-13,2022,3,15,1.2003123010594123,0,False,25.78947368421086,-0.35493024128478357,True
AMPH,2023-07-25,2023,4,15,1.0292956954882038,10,False,52.43421052631584,-0.40538459190955534,True
AMRX,2024-11-04,2024,2,5,0.26466161305332014,6,True,67.35526315789502,-0.24648650916847026,False
AMRX,2026-01-09,2026,1,0,0.55582234776072,114,True,-90.57894736842081,-0.036374086135513406,False
AMRX,2026-02-17,2026,1,0,0.6074073954467651,112,True,-73.90789473684254,-0.10471203979348309,False
AMSF,2016-06-02,2016,4,15,0.22985339291001683,134,True,-26.565789473684163,-0.1761873682774978,False
AMT,2009-12-28,2009,2,10,0.34916217627624246,125,True,-80.36184210526335,-0.03595841379847742,False
AMT,2012-02-27,2012,1,0,0.2566742997739557,111,True,-23.434210526315837,-0.052826292274843034,False
AMT,2017-11-07,2017,1,0,0.1970710856154294,1,True,105.25,-0.12477702398316115,False
AMT,2019-05-08,2019,4,20,0.27304704050579454,82,True,60.66447368421041,-0.2505783153893586,False
AMT,2019-08-16,2019,1,0,0.2648808695018927,12,True,100.36842105263167,-0.2505783153893586,False
AMZN,2013-12-24,2013,5,20,0.43819570605020575,17,False,148.0,-0.2916840821654172,False
AMZN,2015-12-11,2015,1,0,0.5109636866792631,118,True,-53.39473684210543,-0.0506425908680469,False
AMZN,2018-03-27,2018,1,0,0.5929623401172996,111,True,-50.60526315789457,-0.34103783046300673,True
AMZN,2018-06-28,2018,1,0,0.4391505020805857,46,True,36.89473684210543,-0.34103783046300673,True
AMZN,2018-08-17,2018,5,25,0.29925654101189836,11,False,55.57894736842127,-0.34103783046300673,True
AMZN,2023-08-15,2023,1,0,0.38306205447773944,118,True,-53.592105263157464,-0.06280189418228133,False
AMZN,2025-01-29,2025,1,0,0.29405027987634713,4,True,150.73684210526335,-0.3087663843187606,True
AN,2011-03-01,2011,3,25,0.4393268427728929,126,True,-73.96052631578937,-0.22941605960508704,False
AN,2012-10-19,2012,2,5,0.44196437390483556,74,True,-49.06578947368416,-0.15267486423680388,False
AN,2021-03-05,2021,10,60,0.4673392310240825,162,True,-104.96052631579005,-0.253739271017836,False
ANDE,2006-05-24,2006,2,5,1.4120977924730904,6,True,63.2763157894737,-0.4027739734936754,True
ANDE,2013-12-10,2013,1,0,0.708344498376517,92,True,-35.881578947368325,-0.2995350006946188,False
ANDE,2014-05-06,2014,1,0,0.25868670844537456,86,True,104.13157894736833,-0.4295086562355238,True
ANDE,2021-05-03,2021,2,20,0.38783892369434425,135,True,-28.125,-0.2165919044912762,False
ANDE,2022-04-28,2022,1,0,0.5489402737966727,3,True,41.342105263157464,-0.4276203057094653,True
ANDE,2025-12-29,2025,9,75,0.4743260343836988,140,True,-45.855263157895024,-0.20736989863858657,False
ANET,2017-03-31,2017,7,30,0.5521004738067008,148,True,-102.34210526315792,-0.09365151472241473,False
ANET,2017-09-28,2017,19,115,0.4121678073897532,228,True,-107.73684210526335,-0.38784107163007364,True
ANET,2024-02-15,2024,4,15,0.46937204154307866,97,True,-38.743421052631675,-0.16393137653050505,False
ANET,2024-05-20,2024,1,0,0.4973746370314709,119,True,40.73684210526335,-0.4026262875289506,True
ANET,2024-07-03,2024,8,55,0.578079190190304,138,True,-31.684210526315837,-0.5041596124253692,True
ANET,2024-10-25,2024,3,10,0.48881744678447125,58,True,78.9736842105267,-0.5041596124253692,True
ANF,2021-05-10,2021,3,15,1.6584092812031166,135,True,-73.15789473684254,-0.6549634115910995,True
ANF,2024-01-23,2024,5,30,1.7575921294007677,98,True,-48.592105263157464,-0.497192466851363,True
ANF,2024-06-07,2024,6,35,1.271360154024157,3,False,110.81578947368416,-0.497192466851363,True
ANIP,2014-02-14,2014,5,20,2.2188904149584174,12,False,56.28947368421041,-0.42499995434537663,True
AON,2006-03-14,2006,2,5,0.26240075350130554,35,True,59.53947368421052,-0.24360966246885896,False
AON,2011-04-27,2011,1,0,0.31445231486089864,1,True,74.0,-0.24698726724216535,False
AON,2013-09-23,2013,13,80,0.24189847701615186,185,True,-136.31578947368416,-0.1223153190934616,False
AON,2017-06-16,2017,7,40,0.22836575466322628,90,True,25.065789473684163,-0.13492094562443224,False
AORT,2025-02-05,2025,1,0,0.26800003051757804,106,True,97.55263157894751,-0.0663391174342085,False
AOS,2012-09-14,2012,9,40,0.24577953257820062,159,True,-45.25,-0.07789722638460805,False
AOS,2013-01-18,2013,6,45,0.3063941304209554,162,True,-81.73684210526335,-0.027154263955533442,False
AOS,2013-07-12,2013,2,5,0.19862760830217097,96,True,56.5,-0.18318994956752654,False
AOS,2013-09-09,2013,16,85,0.21976396022122802,56,False,112.68421052631584,-0.18318994956752654,False
AOS,2015-04-20,2015,1,0,0.406882528464124,45,True,42.43421052631584,-0.18005023662661435,False
AOS,2015-07-29,2015,1,0,0.2056989525193833,85,True,60.526315789473756,-0.2325007585546346,False
AOS,2017-07-10,2017,2,5,0.20530502219191793,101,True,85.84210526315792,-0.09742194243809843,False
AOS,2021-03-26,2021,8,45,0.32426361990451946,164,True,-77.0263157894733,-0.3556088262412803,True
AOSL,2016-09-06,2016,2,5,0.8707769706986792,58,True,1.5065789473683253,-0.3444302408615778,True
AOSL,2020-12-28,2020,8,35,1.2549387634334175,32,False,42.63815789473665,-0.395590778694353,True
APA,2011-01-31,2011,1,0,0.2153552817818538,62,True,13.0,-0.42572256277116016,True
APA,2026-03-26,2026,3,10,0.789137031046927,101,True,-33.105263157895024,-0.03221447003464595,False
APAM,2021-02-16,2021,1,0,0.42296053873108264,41,True,63.67105263157919,-0.19320354808290963,False
APD,2007-08-24,2007,6,30,0.1473631850725441,74,True,-10.513157894736878,-0.18075030828979755,False
APD,2007-11-12,2007,2,20,0.24828653535174228,130,True,-46.74342105263156,-0.5901451820068786,True
APD,2014-12-08,2014,1,0,0.19451009092477833,56,True,94.92105263157919,-0.19914183742478575,False
APH,2009-12-04,2009,1,0,0.37836435911467525,92,True,-4.565789473684163,-0.18013871479411558,False
APH,2015-04-20,2015,1,0,0.2437428304910254,0,False,201.5789473684208,-0.15866585733938732,False
APH,2017-10-10,2017,6,30,0.2533088411295419,69,True,51.65789473684208,-0.11155405132699481,False
APH,2024-06-24,2024,4,15,0.3880150377659639,122,True,-30.322368421052488,-0.2120360794143611,False
APH,2025-11-28,2025,1,0,0.5717223579116844,39,True,17.842105263157464,-0.28189176907218316,False
APO,2013-01-29,2013,11,50,0.7158877116931768,161,True,-85.5394736842104,-0.10003375987555985,False
APO,2017-04-13,2017,1,0,0.42403099960672597,112,True,-67.59210526315792,-0.06570035901436755,False
APO,2017-05-19,2017,5,20,0.4394560752505492,109,True,-62.75,-0.1168949126558807,False
APO,2017-09-27,2017,5,20,0.32469908986864526,87,True,93.0,-0.22087804451336934,False
APO,2018-01-08,2018,2,15,0.3392486642705732,132,True,88.0,-0.35106463187175785,True
APO,2024-07-17,2024,1,0,0.2793729556014437,103,True,7.131578947368325,-0.3897881436332252,True
APOG,2007-02-05,2007,1,0,0.2754263428684949,110,True,-87.89473684210532,-0.5232313274163516,True
APOG,2013-02-11,2013,2,5,0.546663159207337,22,True,108.92105263157919,-0.23120582413034574,False
APOG,2013-03-26,2013,1,0,0.4871613606703724,106,True,-23.10526315789457,-0.05042867898986525,False
APOG,2024-12-05,2024,2,5,0.3507596725484359,0,False,62.03947368421086,-0.5421327981633496,True
APP,2024-12-10,2024,5,30,3.150743424591152,44,True,117.25,-0.5699723736744688,True
APPF,2017-06-21,2017,17,85,0.4117647254373813,78,False,32.39473684210543,-0.24394969828810575,False
APPF,2023-08-04,2023,5,20,0.4693621306256328,134,True,-40.842105263157464,-0.20243334655482892,False
APTV,2013-07-24,2013,4,15,0.44681712971910703,125,True,-112.5,-0.06513828351755402,False
APTV,2013-09-19,2013,1,0,0.3486283462343054,118,True,-21.223684210526244,-0.13334326721239476,False
APTV,2014-04-03,2014,1,0,0.20631241864463679,108,True,86.60526315789457,-0.18358771212514424,False
APTV,2018-01-18,2018,4,20,0.20301619077285715,104,True,11.789473684210861,-0.41630229109565764,True
APTV,2020-12-24,2020,8,35,0.7323621061246453,151,True,-83.9605263157896,-0.42278587202482254,True
AR,2021-02-17,2021,5,20,1.2227271638625932,139,True,-74.13157894736833,-0.027641323339045565,False
AR,2021-10-26,2021,3,10,1.0403146356279596,130,True,25.0,-0.252685320371558,False
AR,2022-03-07,2022,15,70,0.6124077944009478,64,False,158.23684210526335,-0.49948251670834987,True
ARCB,2013-12-24,2013,5,30,0.7662885607379788,113,True,-30.960526315789593,-0.32298629816225055,True
ARCB,2014-04-29,2014,9,45,0.37557201652615846,165,True,-11.578947368421268,-0.4023174244854124,True
ARCB,2021-05-03,2021,3,10,1.4963633756630919,130,True,-77.56578947368416,-0.4115367249317332,True
ARE,2015-02-27,2015,1,0,0.23726419313707092,15,True,53.48684210526335,-0.1723155946866406,False
ARES,2021-09-07,2021,7,30,0.49943987740630313,51,True,20.578947368420813,-0.3801007409625028,True
ARES,2023-12-27,2023,12,75,0.28100592411676284,195,True,-52.105263157895024,-0.2553046507993695,False
ARES,2024-07-19,2024,1,0,0.3080165539628128,104,True,-54.78947368421086,-0.349111122256626,True
ARES,2024-09-30,2024,4,15,0.19289620354788406,84,True,71.65789473684163,-0.3998438098570275,True
ARES,2024-11-25,2024,6,30,0.2358873987190928,44,True,82.21710526315837,-0.3998438098570275,True
ARLO,2023-08-08,2023,1,0,1.7333333484710214,0,False,70.65789473684254,-0.30923343688619676,True
ARMK,2024-09-13,2024,6,50,0.20947705773569192,52,True,38.0,-0.2763418344570221,False
ARMK,2026-06-25,2026,6,25,0.43539590915473503,35,True,31.907894736841627,-0.047959396973201285,False
AROC,2013-03-28,2013,1,0,0.3643251658860387,89,True,-4.855263157894569,-0.1619018400845772,False
AROC,2014-05-01,2014,4,15,0.4938449858045031,84,True,89.81578947368416,-0.42514457350091994,True
AROC,2024-05-06,2024,1,0,0.49682405748285974,52,True,-7.394736842104976,-0.2364026066057936,False
ARR,2012-09-13,2012,3,10,0.21316125421344756,16,True,140.25,-0.37828523179462303,True
ARW,2007-04-18,2007,1,0,0.40694881166995556,119,True,-59.1973684210526,-0.39521772256817145,True
ARW,2011-02-07,2011,2,5,0.5780654328072532,66,True,-34.78289473684208,-0.4416505432233988,True
ARW,2021-02-19,2021,1,0,0.3838171847483056,65,True,10.0,-0.1221997608078409,False
ARWR,2014-03-10,2014,2,5,5.136258698148638,0,False,80.95394736842081,-0.7911177924546235,True
ARWR,2018-07-27,2018,3,10,1.6258169927001838,30,True,50.0,-0.47093595198216753,True
ARWR,2021-02-26,2021,1,0,0.8801039808892395,83,True,7.592105263157464,-0.5424047611746936,True
ASB,2017-01-24,2017,3,10,0.37895615147892125,25,True,51.90789473684208,-0.18968346818670967,False
ASB,2021-02-26,2021,4,15,0.5266773235858124,55,True,-11.315789473685072,-0.19820461076950724,False
ASO,2021-06-29,2021,2,5,0.9353447421286627,101,True,-63.5,-0.44818578263396436,True
ASTE,2007-05-02,2007,1,0,0.27102487517141216,109,True,-43.07894736842104,-0.5502336548313256,True
ASTE,2007-07-27,2007,1,0,0.3600664326573553,49,True,38.6973684210526,-0.5502336548313256,True
ASTE,2021-04-19,2021,3,10,0.36039490721064316,6,False,56.105263157895024,-0.3587885108492861,True
ASTH,2021-06-18,2021,12,55,2.019198418117551,105,True,-21.052631578947512,-0.7441607346446056,True
ATEN,2016-09-20,2016,2,5,0.704809075670126,9,True,44.355263157895024,-0.30919215182288307,True
ATEN,2026-06-22,2026,4,15,0.8773515862464276,12,False,23.592105263158373,-0.33651621438557233,True
ATI,2006-04-11,2006,3,20,1.4320221604818704,21,True,14.39473684210526,-0.3385793865042698,True
ATO,2006-12-12,2006,1,0,0.2468259506030146,109,True,-85.84210526315792,-0.19274183910246845,False
ATO,2011-02-22,2011,3,10,0.20970580254000426,10,False,63.026315789473756,-0.16629244894916984,False
ATO,2016-07-26,2016,1,0,0.2313752965824898,3,True,72.0,-0.13088058474362818,False
ATO,2024-10-23,2024,3,25,0.22219171040620322,133,True,-58.5263157894733,-0.06399847720153573,False
ATR,2017-07-10,2017,3,10,0.2114456160641054,7,False,73.0,-0.098452919655724,False
ATR,2018-09-24,2018,2,5,0.25984055946457185,0,False,17.269736842104976,-0.19012993627023178,False
ATR,2024-10-16,2024,1,0,0.2069991381218892,18,True,132.0,-0.2390434554149986,False
AUB,2013-07-19,2013,3,10,0.40744864222329924,66,True,14.526315789473756,-0.1161276252525757,False
AVA,2006-06-15,2006,6,30,0.2425924416764189,107,True,-35.0263157894737,-0.29934198470818607,False
AVA,2014-05-28,2014,2,20,0.2002815861248448,113,True,-51.15789473684208,-0.12332007104801934,False
AVAV,2017-08-22,2017,2,5,0.4582559600927474,82,True,-19.302631578947512,-0.2665416308117212,False
AVAV,2017-10-18,2017,3,10,0.7934142459041094,42,True,56.223684210526244,-0.2665416308117212,False
AVAV,2024-10-03,2024,5,20,0.3735145685379857,27,True,118.5263157894733,-0.5252370523655405,True
AVGO,2014-07-03,2014,4,15,0.43991751501136944,131,True,6.105263157895024,-0.034127642924476564,False
AVGO,2014-08-29,2014,10,60,0.34077911394067617,140,True,40.19736842105249,-0.19059411360755651,False
AVGO,2014-12-31,2014,13,65,0.36331799175683654,102,True,88.0,-0.26510071695543014,False
AVGO,2017-03-23,2017,2,5,0.29004802802601315,86,True,-25.73684210526335,-0.10295058336989582,False
AVGO,2021-02-22,2021,3,15,0.47431480606382936,132,True,-73.71052631578914,-0.038990498971953835,False
AVGO,2021-12-28,2021,3,15,0.42138507165732353,1,False,94.0,-0.2811640159682842,False
AVGO,2024-02-22,2024,3,10,0.5401437759771379,80,True,-19.407894736842536,-0.2525292069014975,False
AVGO,2025-09-19,2025,1,0,0.8145894682998889,57,True,97.73684210526335,-0.2866598839678446,False
AVGO,2025-12-01,2025,1,0,0.5586495465747674,113,True,-30.631578947368325,-0.18295594598015175,False
AVNT,2013-01-18,2013,2,20,0.530554018301757,134,True,-76.86184210526335,-0.09158764575731593,False
AVNT,2013-07-12,2013,4,20,0.23691138368289066,140,True,-3.8157894736841627,-0.0891664833085003,False
AVNT,2013-09-23,2013,2,5,0.21997947196545287,113,True,-30.697368421052488,-0.1496653537858349,False
AVNT,2014-02-14,2014,1,0,0.288298525346423,96,True,-68.63157894736833,-0.2522384842200178,False
AVNT,2014-05-06,2014,1,0,0.284758552579502,41,True,65.25,-0.2522384842200178,False
AVNT,2014-06-11,2014,3,20,0.21837031339388568,16,False,138.2105263157896,-0.2522384842200178,False
AVNT,2020-12-21,2020,4,15,0.6404172271871418,94,True,-17.58552631578914,-0.1639861852433281,False
AVT,2007-04-18,2007,1,0,0.7675500675575635,64,True,6.657894736842081,-0.33611578477104154,True
AVTR,2021-06-17,2021,3,10,0.27077253109398747,69,True,82.05263157894751,-0.3326516255542947,True
AVY,2013-03-26,2013,2,5,0.4115648598585895,97,True,-39.69736842105249,-0.07772453979559979,False
AVY,2017-10-31,2017,10,55,0.28688163098546937,62,True,-25.552631578947512,-0.19678052752613384,False
AVY,2020-12-07,2020,3,10,0.27107414287753273,120,True,-63.881578947368325,-0.17958193886265106,False
AVY,2021-04-05,2021,8,55,0.5436379115559025,106,True,-63.631578947368325,-0.2976282696449092,False
AWK,2011-01-25,2011,12,75,0.21054937777808336,189,True,-99.3947368421052,-0.040737396365275846,False
AWK,2012-01-30,2012,1,0,0.21793129226111807,120,True,29.802631578947285,-0.011921103483143347,False
AWK,2012-03-13,2012,1,0,0.22315665638023563,108,True,5.75,-0.07066432154668678,False
AWK,2016-02-26,2016,10,55,0.25681826980843914,89,True,-2.7828947368420813,-0.16449801714281742,False
AWK,2016-06-28,2016,3,15,0.3688156586634126,4,False,67.51315789473665,-0.16449801714281742,False
AWK,2019-05-23,2019,4,15,0.22364544880374493,70,True,-34.868421052631675,-0.24444200141936,False
AWK,2019-08-26,2019,1,0,0.2457539237704942,119,True,-51.368421052631675,-0.3032586793233133,True
AWR,2012-09-07,2012,2,15,0.19140010787082407,135,True,-48.42105263157919,-0.09923382868961539,False
AWR,2013-01-04,2013,10,65,0.2321420053879204,148,True,-47.473684210526244,-0.22752829533335472,False
AWR,2013-08-02,2013,2,5,0.2744122594481426,3,False,141.5394736842104,-0.22752829533335472,False
AWR,2015-02-20,2015,2,5,0.27066124761052945,20,True,62.30263157894751,-0.12045287068370236,False
AWR,2017-12-28,2017,1,0,0.23007980691806318,17,True,76.61842105263167,-0.15323791425216993,False
AWR,2019-09-09,2019,8,35,0.2674430865535069,38,True,41.17763157894751,-0.3076213392736481,True
AX,2010-03-11,2010,5,20,0.512309498518227,36,True,19.263157894736878,-0.3883708229011579,True
AX,2012-10-12,2012,5,20,0.5750578041174945,134,True,-62.552631578947285,-0.07405592320166676,False
AX,2013-02-19,2013,23,155,0.5759325469388157,269,True,-99.65789473684208,-0.3778304474634342,True
AX,2014-01-31,2014,4,30,0.47794244542458797,29,False,150.60526315789502,-0.3778304474634342,True
AX,2015-08-05,2015,4,15,0.5231138170502381,47,True,28.328947368420813,-0.6208783256566583,True
AX,2021-02-11,2021,2,15,0.7924152851649997,23,True,59.105263157895024,-0.16126590984288025,False
AXON,2018-07-20,2018,1,0,1.6866813340946072,1,True,86.69736842105249,-0.4693550273421446,True
AXON,2024-12-27,2024,1,0,1.0764681917712062,120,True,-45.0,-0.4968209079049615,True
AXON,2025-02-05,2025,1,0,1.3781101859880849,99,True,-19.0,-0.5172959481145885,True
AXP,2013-06-06,2013,1,0,0.3741591241563802,120,True,-102.43421052631584,-0.017923849542825443,False
AXP,2013-07-12,2013,1,0,0.29629709085843836,119,True,-50.51315789473665,-0.08438402286500513,False
AXP,2024-10-02,2024,2,5,0.20270430941352413,76,True,29.0,-0.2875742493804281,False
AXP,2024-11-20,2024,3,10,0.20505206593959646,41,True,2.552631578947512,-0.2875742493804281,False
AXP,2025-01-22,2025,3,10,0.32319380058463154,112,True,-62.657894736842536,-0.10319079866644998,False
AYI,2007-06-14,2007,2,5,0.1968508603592214,27,True,125.5,-0.36003822593901424,True
AYI,2013-08-23,2013,5,20,0.2503164779500191,132,True,-80.02631578947376,-0.2516007718911665,False
AYI,2013-11-04,2013,4,15,0.35178744134764117,82,True,-12.526315789473756,-0.2516007718911665,False
AYI,2014-01-02,2014,14,65,0.31896677087749925,42,False,39.51315789473665,-0.2516007718911665,False
AYI,2015-07-15,2015,5,20,0.27113032823460137,113,True,-57.868421052631675,-0.2702588310893891,False
AYI,2015-11-19,2015,2,5,0.24230035024151864,102,True,41.026315789473756,-0.16161728825035904,False
AYI,2016-04-08,2016,2,10,0.3694430519601437,95,True,103.15789473684208,-0.38886564859501416,True
AYI,2021-06-01,2021,1,0,0.5321619250154164,113,True,-31.421052631579187,-0.3463763031893251,True
AYI,2024-02-28,2024,5,25,0.5666494243041533,144,True,-78.4736842105267,-0.18005417862638007,False
AZO,2010-07-27,2010,14,105,0.3260073990769945,210,True,-100.4605263157896,-0.09889925543379907,False
AZO,2011-09-19,2011,1,0,0.25695791892971576,116,True,96.5,-0.08628616619677854,False
AZO,2012-04-02,2012,1,0,0.18650333131979857,18,True,169.5,-0.13129205551674017,False
AZO,2019-05-22,2019,3,10,0.2608003309501814,125,True,-50.65789473684208,-0.391049588821478,True
AZO,2019-08-09,2019,1,0,0.24549241819331957,85,True,-42.368421052631675,-0.42142402343749996,True
AZO,2025-08-27,2025,2,10,0.2394480919554125,10,False,120.65789473684163,-0.3259471918788065,True
AZTA,2007-05-02,2007,1,0,0.2738182931555362,54,True,-3.736842105263122,-0.5290581117851381,True
AZTA,2016-12-15,2016,8,35,0.47302544832216653,119,True,-62.42105263157919,-0.2672300018253466,False
AZTA,2017-06-02,2017,2,5,0.741004220293366,105,True,-82.63157894736833,-0.3419038891797972,True
AZZ,2007-02-05,2007,1,0,0.3350803123516999,109,True,14.618421052631561,-0.3865138093654471,True
AZZ,2013-01-11,2013,10,60,0.2707320362384058,51,False,102.05921052631584,-0.2658053684617282,False
AZZ,2024-02-28,2024,7,35,0.5073038749095748,95,True,-7.5,-0.16899136228758338,False
BA,2006-05-17,2006,3,10,0.2745059405482946,129,True,-31.89473684210526,-0.045688438703218925,False
BA,2013-05-30,2013,1,0,0.3653676275345654,120,True,-50.65789473684208,-0.12980653532800324,False
BA,2013-07-12,2013,2,5,0.3367702290131329,125,True,-43.42105263157919,-0.15288833914995448,False
BA,2013-10-28,2013,10,55,0.43465846057622737,58,True,39.43421052631584,-0.16603172320294446,False
BA,2017-06-23,2017,16,80,0.30512464463500355,170,True,-71.01973684210543,-0.12349170694432643,False
BA,2018-01-12,2018,9,40,0.6307773746374494,99,True,37.05263157894751,-0.20072516750586,False
BAC,2017-01-09,2017,6,35,0.7213471380222618,35,False,58.45394736842081,-0.12537193552846448,False
BAC,2021-04-26,2021,1,0,0.6024366174631528,120,True,-29.407894736842536,-0.298562056617944,False
BAH,2018-09-25,2018,1,0,0.3185915483417303,119,True,-59.526315789473756,-0.012058696781264477,False
BAH,2019-06-14,2019,1,0,0.30028793471066506,57,True,71.94736842105249,-0.24992637098578052,False
BAH,2019-08-19,2019,1,0,0.36896949330611206,103,True,-69.77631578947376,-0.27437283031649595,False
BAH,2024-07-17,2024,1,0,0.24213465177702864,72,True,21.157894736842536,-0.45524302374292125,True
BALL,2007-01-29,2007,1,0,0.2116128171359979,86,True,-11.0,-0.24999371178673413,False
BALL,2007-06-07,2007,4,15,0.22550207570108793,86,True,-18.66447368421052,-0.2529222335200849,False
BALL,2010-11-10,2010,1,0,0.2754955114469537,119,True,53.631578947368325,-0.19537981225046364,False
BALL,2011-01-07,2011,4,20,0.30498602952856246,125,True,-21.84210526315792,-0.2497658445379427,False
BALL,2019-08-02,2019,4,20,0.4424245520784851,22,True,1.2236842105266987,-0.3542213837269963,True
BALL,2020-11-30,2020,2,5,0.3384235732905545,1,False,50.019736842104976,-0.18083432442553593,False
BANC,2011-02-22,2011,6,25,0.5961048338067338,77,True,-8.57894736842104,-0.3862379851115867,True
BANF,2010-04-09,2010,3,15,0.1979635928442638,9,False,38.5,-0.25038759895200335,False
BANF,2017-01-09,2017,5,20,0.5122958829034161,134,True,-61.5,-0.10692980926318918,False
BANF,2021-03-19,2021,1,0,0.7508828007446102,0,False,70.39473684210498,-0.2760921141670285,False
BANF,2022-07-12,2022,5,25,0.270424043237089,24,False,57.18421052631584,-0.3576587147307889,True
BANR,2013-11-18,2013,3,10,0.18875523862852495,33,True,-18.0,-0.20588233440088577,False
BBWI,2010-03-25,2010,9,40,0.48051652252435395,158,True,-63.0,-0.031162323558913796,False
BBWI,2010-11-03,2010,6,40,0.20189808975824763,135,True,75.32894736842104,-0.2283336991062377,False
BBWI,2013-12-03,2013,1,0,0.28212366775366227,0,False,128.5526315789475,-0.22454244563310666,False
BBWI,2014-12-08,2014,7,30,0.41699089105868037,80,True,-11.578947368421268,-0.16789438019532443,False
BBWI,2021-04-05,2021,5,30,0.8591205643148525,150,True,-69.86842105263167,-0.6542484231866175,True
BBWI,2021-09-01,2021,6,50,0.5223256182413827,55,True,115.0,-0.6658628476869325,True
BBY,2013-09-16,2013,8,40,0.7637721146461554,40,False,10.921052631579187,-0.48537721529936684,True
BBY,2017-06-02,2017,1,0,0.32338149940172567,60,True,77.36842105263167,-0.1532437148727931,False
BBY,2017-12-20,2017,1,0,0.222194537112955,101,True,107.02631578947376,-0.37572359192021865,True
BC,2011-02-22,2011,1,0,0.6823789469264181,42,True,29.973684210526244,-0.500185088823798,True
BC,2011-04-19,2011,1,0,0.5843044444272398,2,True,54.84210526315792,-0.500185088823798,True
BC,2013-02-04,2013,2,5,0.6550107902221132,125,True,-50.756578947368325,-0.09197521173911027,False
BCC,2021-05-19,2021,2,5,0.5323982379292991,119,True,-42.58552631579005,-0.1354611814188056,False
BCO,2011-03-29,2011,4,20,0.4093798086505076,19,False,31.197368421052488,-0.3583038158681673,True
BCO,2017-06-16,2017,2,5,0.57207751155783,88,True,42.0,-0.21668812833396534,False
BCO,2017-08-14,2017,3,10,0.42502426762521495,110,True,-37.5,-0.23723991970218605,False
BCO,2017-10-03,2017,1,0,0.5794142640635562,75,True,-48.81578947368416,-0.23723991970218605,False
BCO,2024-07-30,2024,1,0,0.35688716164419,43,True,16.53947368421086,-0.28478073976769547,False
BCPC,2008-09-26,2008,1,0,0.216404853326442,0,False,43.28947368421052,-0.319163463841312,True
BCPC,2010-09-29,2010,2,5,0.24746449111724655,76,True,63.07894736842104,-0.1262707740467175,False
BCPC,2011-01-07,2011,2,15,0.3941199085448541,132,True,-81.5394736842104,-0.42733675180385977,True
BCPC,2011-04-05,2011,12,75,0.21914498155771667,72,False,107.14473684210543,-0.42733675180385977,True
BCPC,2021-05-17,2021,1,0,0.2784968683163831,120,True,-20.26315789473665,-0.27309277075898086,False
BCPC,2021-10-07,2021,8,50,0.2614827292960473,32,False,110.5,-0.3388725941994377,True
BDC,2007-03-27,2007,9,45,0.41250619072392025,147,True,-40.9473684210526,-0.4929797775912188,True
BDC,2013-11-11,2013,3,10,0.22804480247583014,110,True,21.25,-0.2267095340805233,False
BDC,2024-11-20,2024,3,10,0.23468333589010104,3,False,67.98684210526335,-0.3024066423274353,True
BDX,2013-04-10,2013,3,10,0.2319716795415352,71,True,5.052631578947512,-0.06937830599349903,False
BEN,2013-02-19,2013,1,0,0.2725007804800412,62,True,13.0,-0.20242601135450922,False
BEN,2013-04-10,2013,6,35,0.23362652506355452,27,False,54.381578947368325,-0.20242601135450922,False
BF-B,2010-12-23,2010,2,5,0.24008854203917607,123,True,31.736842105263122,-0.16016758881306803,False
BF-B,2014-03-24,2014,8,40,0.2582528070053707,61,True,81.36842105263167,-0.1321823383868107,False
BF-B,2017-12-28,2017,7,35,0.42024401470402317,97,True,5.434210526315837,-0.22698797174152996,False
BFAM,2015-02-19,2015,6,50,0.18978440525312767,144,True,-31.03947368421086,-0.08071617681580967,False
BFAM,2015-06-22,2015,10,70,0.29954521073290774,153,True,-78.0,-0.11871167498539248,False
BFAM,2015-11-25,2015,1,0,0.23190235471053122,43,True,132.0,-0.11871167498539248,False
BFAM,2017-12-19,2017,5,40,0.19522970264713235,150,True,-89.2105263157896,-0.05011264273569538,False
BFAM,2018-08-23,2018,3,25,0.20754721607377236,141,True,-2.052631578947512,-0.027097489773730388,False
BFAM,2019-06-12,2019,14,65,0.21314184106650047,173,True,-15.76315789473665,-0.599851278959054,True
BFH,2012-03-12,2012,7,35,0.3696766637595179,154,True,-27.75,-0.03911146146959599,False
BFH,2013-07-05,2013,3,10,0.21352557236377012,126,True,-72.31578947368416,-0.11387920723044731,False
BFH,2013-09-09,2013,16,85,0.2857683761768113,133,True,22.657894736842536,-0.20593311194502173,False
BFS,2006-12-19,2006,3,15,0.49597664918784035,51,True,41.5,-0.2861490037674339,False
BFS,2016-08-23,2016,3,10,0.36389442899803526,78,True,2.0,-0.16109190944670126,False
BG,2007-02-05,2007,2,10,0.4512274164691563,124,True,-90.15131578947376,-0.13868354782023196,False
BG,2007-12-11,2007,3,35,0.5043786759142515,22,False,118.0,-0.5458622617895378,True
BG,2021-02-19,2021,1,0,0.660378775091992,54,True,17.51315789473665,-0.18962722295972123,False
BG,2021-04-26,2021,2,5,0.5471717351473184,9,True,71.32894736842172,-0.18962722295972123,False
BGC,2006-11-20,2006,1,0,0.3481786637802988,100,True,-44.67105263157896,-0.30747380952310865,True
BGC,2023-12-14,2023,5,30,0.30630240866973524,149,True,-74.0,-0.22361876469355402,False
BGC,2024-03-06,2024,4,25,0.6914118341813946,120,True,-58.38815789473665,-0.24089879932730274,False
BGC,2024-05-16,2024,2,5,0.4104868012461165,123,True,0.2894736842099519,-0.34462279070297186,True
BGC,2024-07-16,2024,3,10,0.42868821821595593,83,True,52.26315789473665,-0.34462279070297186,True
BGC,2024-09-18,2024,2,5,0.23850291129051193,38,True,126.07894736842172,-0.34462279070297186,True
BGC,2024-11-06,2024,1,0,0.27276278733012593,3,True,209.5,-0.34462279070297186,True
BHE,2010-03-11,2010,2,5,0.2569573427111467,31,True,77.75,-0.3750555200044745,True
BHE,2010-04-23,2010,2,5,0.26315759223052404,1,False,70.84210526315792,-0.3750555200044745,True
BHE,2016-12-30,2016,5,20,0.4434455142577587,137,True,-67.7894736842104,-0.21142857255911462,False
BHE,2026-05-22,2026,5,35,0.9973238496965524,25,False,102.63157894736833,-0.2731326385767,False
BIIB,2007-10-22,2007,3,10,0.6592792592344436,0,False,39.67105263157896,-0.31668953612024486,True
BIIB,2011-10-31,2011,1,0,0.18746814110681886,106,True,35.57894736842104,-0.029347875148515556,False
BIIB,2026-01-21,2026,1,0,0.35017596540784135,109,True,-47.0263157894733,-0.11392700631623554,False
BIO,2007-11-05,2007,1,0,0.36074113359016446,2,True,64.77631578947364,-0.27414704794489697,False
BIO,2007-12-11,2007,1,0,0.36891896015888936,10,True,51.97368421052636,-0.2654750744170977,False
BIO,2011-05-11,2011,1,0,0.2891679138909051,3,True,48.118421052631675,-0.3071077770066927,True
BIO,2017-02-07,2017,2,5,0.23484996865408014,123,True,-56.58552631578914,-0.12386492759632761,False
BIO,2017-05-04,2017,9,50,0.41956017365898624,146,True,-72.97368421052624,-0.13759671305533727,False
BIO,2020-11-06,2020,4,25,0.3680238202557169,66,True,48.53947368421086,-0.16341812368698616,False
BJ,2021-08-25,2021,9,60,0.3849914460705215,60,False,25.0,-0.27304322683612203,False
BJ,2022-01-03,2022,2,5,0.42556423244618435,67,True,31.815789473685072,-0.2538527461573785,False
BJRI,2015-01-22,2015,1,0,0.5074485088191609,19,True,93.10526315789457,-0.22705224894510356,False
BJRI,2018-08-24,2018,3,10,0.7219777831951719,5,False,67.5,-0.40892250675658415,True
BKE,2013-06-06,2013,1,0,0.20675623977401214,40,True,40.59210526315792,-0.22211457663028367,False
BKE,2020-12-07,2020,3,15,0.7163949508040888,104,True,-71.69736842105249,-0.15727010164884192,False
BKE,2021-03-05,2021,1,0,1.036974321132182,82,True,5.5,-0.2266854149229287,False
BKH,2005-09-27,2005,2,5,0.3154799817845042,4,False,56.85526315789474,-0.23302292535856384,False
BKH,2013-05-08,2013,2,5,0.3958677708408702,59,True,4.223684210526244,-0.13844629771231365,False
BKH,2013-07-12,2013,1,0,0.40615275474333745,14,True,73.5,-0.13844629771231365,False
BKNG,2007-05-02,2007,2,5,0.40343050642808587,112,True,36.91447368421052,-0.10938488800311108,False
BKNG,2007-07-06,2007,17,105,0.593834381758545,215,True,-112.8947368421052,-0.662967144860682,True
BKNG,2008-02-08,2008,1,0,0.33969472161956316,65,True,134.6052631578948,-0.662967144860682,True
BKNG,2008-04-08,2008,6,25,0.33876312118986585,25,False,151.57894736842104,-0.662967144860682,True
BKNG,2009-07-08,2009,1,0,0.3196384174282094,120,True,-45.0,-0.23577895589454556,False
BKNG,2009-09-17,2009,5,25,1.1135724219923744,143,True,-61.15789473684208,-0.3395536290188226,True
BKNG,2009-11-27,2009,2,5,0.8216097724690088,104,True,-45.28289473684208,-0.3582783980204558,True
BKNG,2010-02-03,2010,1,0,0.6024745727795684,59,True,91.0,-0.3582783980204558,True
BKNG,2010-04-16,2010,3,10,0.4864973755094222,127,True,-2.263157894736878,-0.03073894776725139,False
BKNG,2011-05-04,2011,3,10,0.4102153291448287,45,True,42.5,-0.19587080241416666,False
BKNG,2013-09-23,2013,1,0,0.4328675289448556,112,True,-23.710526315789593,-0.2406032932748684,False
BKNG,2013-11-18,2013,6,55,0.365599062338235,72,True,17.078947368421268,-0.2406032932748684,False
BKNG,2017-03-08,2017,3,15,0.21331834371037361,106,True,-31.0,-0.19681799328866012,False
BKNG,2024-10-30,2024,2,5,0.3129551505007857,26,True,159.92105263157828,-0.21275236326351188,False
BKNG,2024-12-19,2024,1,0,0.2534715699262229,114,True,18.894736842104976,-0.3080707423257649,True
BKR,2011-04-05,2011,1,0,0.6730634024549405,76,True,-1.0,-0.4921555780744603,True
BKR,2013-11-18,2013,2,5,0.20401022112732559,116,True,-13.76315789473665,-0.29439301000217666,False
BKR,2016-12-22,2016,4,15,0.4607182989808767,0,False,87.76315789473665,-0.2805268921515547,False
BKU,2021-02-25,2021,3,10,0.8284831164627722,11,True,60.842105263157464,-0.2413603142534715,False
BLDR,2018-02-07,2018,1,0,0.22549610278074939,23,True,64.5,-0.4602739771363764,True
BLDR,2019-10-23,2019,8,55,0.6579331198046787,81,True,7.815789473684163,-0.6220724093968799,True
BLDR,2021-03-16,2021,3,30,0.3942161754784048,150,True,-43.28947368421086,-0.13490140571133158,False
BLDR,2023-05-22,2023,10,50,0.9098855954553446,167,True,-97.95394736842081,-0.2551398555155052,False
BLFS,2012-11-28,2012,5,20,4.499999840344702,0,False,92.5,-0.43181816774388515,True
BLFS,2017-09-05,2017,5,35,1.2339448332234748,154,True,-57.35526315789457,-0.05984040032001359,False
BLFS,2020-11-20,2020,2,5,1.0161690499233087,21,True,3.7039473684208133,-0.3549726725927468,True
BLFS,2021-01-21,2021,1,0,1.0823586057021544,118,True,-59.71052631578914,-0.5713697262005906,True
BLK,2005-11-30,2005,1,0,0.4019568450464992,95,True,-37.36842105263156,-0.2138096961797742,False
BLK,2009-10-08,2009,1,0,0.5626886197318806,64,True,11.0,-0.41953062788632023,True
BLK,2013-01-28,2013,9,40,0.4548274009991058,79,True,-9.131578947368325,-0.15257439056884503,False
BLK,2013-05-30,2013,1,0,0.4843212373896697,106,True,-70.60526315789457,-0.06886491046900134,False
BLK,2024-12-05,2024,2,5,0.3655625177667281,37,True,26.125,-0.23740320768927137,False
BLKB,2013-10-21,2013,2,5,0.3874218488892851,6,True,50.25,-0.28377571166530313,False
BLKB,2015-04-06,2015,14,100,0.24558655553476272,186,True,-100.67105263157873,-0.24533616636423194,False
BLKB,2017-06-09,2017,2,10,0.31193397149829694,115,True,-67.99342105263167,-0.12982850123893963,False
BMI,2021-02-19,2021,2,5,0.6290066803019676,3,False,56.8026315789466,-0.17783682671189605,False
BMI,2023-06-26,2023,3,10,0.2818963458970063,34,True,24.48684210526335,-0.20364601076624111,False
BMRN,2007-09-24,2007,6,40,0.36639445217473354,99,True,25.07894736842104,-0.6370388693006684,True
BMRN,2007-12-26,2007,2,5,1.044717891506509,34,True,57.447368421052715,-0.6370388693006684,True
BMRN,2013-01-28,2013,2,5,0.3947900922840273,74,True,14.651315789473756,-0.2216216380472137,False
BMRN,2013-03-12,2013,1,0,0.5957830379861067,44,True,70.07894736842127,-0.2216216380472137,False
BMRN,2013-05-08,2013,3,10,0.331159570023678,93,True,87.0,-0.2837096318016603,False
BMRN,2015-03-20,2015,2,5,0.7984195533493645,83,True,-38.526315789473756,-0.5658821448128919,True
BMRN,2015-07-29,2015,1,0,0.48401035808965287,3,True,90.94736842105249,-0.5601005730159038,True
BNY,2013-03-05,2013,3,10,0.24661131140973813,97,True,-19.171052631578732,-0.07762748031987243,False
BNY,2014-07-24,2014,7,35,0.212508573192824,106,True,81.23684210526335,-0.14134369172883277,False
BNY,2024-10-30,2024,6,25,0.36336199212571363,136,True,-40.01315789473665,-0.02214106267839744,False
BNY,2026-01-13,2026,2,20,0.30511466129975195,125,True,-62.993421052631675,-0.05693266647725248,False
BOH,2016-12-22,2016,3,10,0.3135752558962186,7,False,54.18421052631584,-0.15431452224423525,False
BOOT,2021-03-18,2021,1,0,1.1388139787574834,98,True,-57.73684210526335,-0.13519529492104077,False
BOOT,2021-07-13,2021,3,20,0.5268737747377361,91,True,64.0,-0.5385086030394808,True
BOOT,2021-10-13,2021,11,60,0.4002386660368378,26,False,96.63157894736833,-0.5385086030394808,True
BOOT,2024-10-01,2024,1,0,0.7133449952617528,82,True,-35.355263157895024,-0.48928492395480316,True
BR,2013-10-02,2013,2,15,0.36734438538047587,58,True,59.03947368421041,-0.11667499196474718,False
BR,2013-12-05,2013,5,20,0.43394338356553885,123,True,-85.36842105263167,-0.06102896821081638,False
BR,2015-03-31,2015,3,20,0.33471237831773104,140,True,44.34210526315792,-0.14614533184175083,False
BR,2017-12-15,2017,6,25,0.1941545554991937,142,True,-71.40789473684208,-0.2247626355402924,False
BR,2018-03-08,2018,9,55,0.3714227532626799,132,True,-78.57894736842127,-0.32788732821320077,True
BR,2018-09-05,2018,5,20,0.2871591259976014,7,False,62.93421052631584,-0.32788732821320077,True
BRC,2013-02-11,2013,2,5,0.2822629006041806,5,False,35.98684210526335,-0.19018210575476913,False
BRC,2016-12-08,2016,2,5,0.2282831555146203,101,True,20.184210526315837,-0.19227154512018985,False
BRC,2017-04-27,2017,2,5,0.20689372059444033,6,True,146.5,-0.19227154512018985,False
BRC,2019-09-16,2019,1,0,0.20929826192059564,51,True,94.52631578947376,-0.36208489334247695,True
BRC,2019-10-28,2019,4,25,0.19876381162748258,21,False,79.0,-0.36208489334247695,True
BRK-B,2006-12-19,2006,1,0,0.22243841038943435,0,False,125.0,-0.07718832330297332,False
BRK-B,2013-05-08,2013,1,0,0.27722774190476973,51,True,10.842105263157919,-0.08542124981975285,False
BRK-B,2013-07-12,2013,3,10,0.2374009599414475,6,False,85.11842105263167,-0.08542124981975285,False
BRKR,2007-03-06,2007,1,0,0.3654389464819099,38,True,111.47368421052636,-0.4404866025834415,True
BRKR,2009-12-18,2009,2,5,0.37995311706103396,82,True,26.75,-0.300771212831491,True
BRKR,2010-02-18,2010,3,15,0.3619818402045507,42,True,59.71052631578959,-0.300771212831491,True
BRKR,2010-04-30,2010,1,0,0.5213931977543909,1,True,99.8552631578948,-0.2893534339787486,False
BRKR,2011-03-29,2011,1,0,0.3937062038847421,5,True,32.8947368421052,-0.4631529258632475,True
BRKR,2018-01-12,2018,2,10,0.20933843691688847,13,True,47.29605263157919,-0.21375364438372113,False
BRKR,2021-07-21,2021,1,0,0.31750439311948564,32,True,5.236842105263349,-0.38215251433091035,True
BRKR,2021-08-25,2021,3,10,0.39572727505092065,7,False,60.5,-0.38215251433091035,True
BRO,2019-08-23,2019,3,10,0.20597128946846754,123,True,-62.53947368421041,-0.3473510077673052,True
BRO,2020-02-14,2020,3,10,0.34737880523039344,3,False,81.14473684210543,-0.3473510077673052,True
BRX,2019-11-13,2019,4,15,0.23527213413195147,3,False,87.0,-0.6472957536919691,True
BSX,2018-08-24,2018,4,20,0.2570601073764047,128,True,-63.39473684210543,-0.14331288718007096,False
BSX,2024-07-16,2024,2,5,0.30363698998867883,122,True,-34.20394736842172,-0.06513809482840738,False
BSX,2024-11-20,2024,2,5,0.19636453340894233,121,True,-94.35526315789502,-0.29214328325753536,False
BSX,2025-01-22,2025,7,30,0.2815893939032099,125,True,-68.35526315789502,-0.43132890159164483,True
BSY,2023-07-07,2023,4,15,0.40098407815103454,6,False,48.01315789473665,-0.17443472512665603,False
BTSG,2026-04-29,2026,13,60,0.4232929033328927,59,False,40.342105263157464,-0.20600745464324655,False
BTU,2018-01-10,2018,6,25,0.5127042125853893,107,True,-50.05921052631584,-0.3712204270145527,True
BTU,2025-11-04,2025,3,10,1.0021898053693108,98,True,-37.93421052631584,-0.4712465149455267,True
BURL,2014-10-14,2014,6,25,0.4455555103443287,110,True,-46.71052631578914,-0.333005564444221,True
BURL,2015-01-16,2015,8,50,0.6225991996828575,45,False,27.631578947368325,-0.333005564444221,True
BWA,2010-11-17,2010,1,0,0.681502142607948,94,True,-23.210526315789593,-0.3125153388542906,True
BWA,2011-01-07,2011,3,25,0.7553937100191506,59,True,50.40789473684208,-0.3125153388542906,True
BWA,2013-09-23,2013,3,10,0.33472539370590826,123,True,-30.5,-0.19178547938341728,False
BWA,2014-03-17,2014,2,5,0.2443117370797585,79,True,24.947368421052488,-0.25281064157222244,False
BWA,2014-05-13,2014,1,0,0.20703651523634892,39,True,12.184210526315837,-0.25281064157222244,False
BWA,2017-11-29,2017,1,0,0.24061440193231376,32,True,42.473684210526244,-0.2564857924577104,False
BWXT,2015-12-03,2015,5,20,0.2843391462847211,138,True,-113.92105263157873,-0.055048409274176646,False
BWXT,2017-03-07,2017,12,55,0.20218050030353574,161,True,-37.84210526315792,-0.031224867204245,False
BWXT,2017-12-05,2017,1,0,0.2784422863736711,93,True,-36.48684210526335,-0.47741890097615214,True
BWXT,2018-03-26,2018,1,0,0.20309276144839128,18,True,68.51315789473665,-0.47741890097615214,True
BWXT,2023-12-06,2023,1,0,0.26236960765279704,61,True,26.5,-0.17387906783411278,False
BWXT,2024-01-29,2024,9,50,0.20795011077489933,170,True,-59.4736842105267,-0.19711547456162126,False
BX,2013-10-29,2013,2,5,0.3725258754898262,89,True,7.052631578947512,-0.18048897654080187,False
BX,2014-02-10,2014,1,0,0.4077774603321478,113,True,-66.15789473684208,-0.18550892509232164,False
BX,2020-01-27,2020,2,10,0.2537407780564793,11,True,93.93421052631584,-0.4404596984749942,True
BX,2021-06-02,2021,12,75,0.5845316925434991,125,True,-40.32894736842172,-0.3838800445593623,True
BXMT,2006-10-16,2006,6,30,0.42933783451872687,77,True,28.0,-0.4229161368270178,True
BXMT,2007-02-20,2007,1,0,0.48469243578022403,2,True,7.342105263157919,-0.39683397591805947,True
BYD,2018-01-05,2018,7,30,0.4888011333428086,18,False,73.51315789473665,-0.22812620507075942,False
BYD,2021-02-04,2021,7,55,1.0314384647402122,56,True,-1.7894736842108614,-0.25137730908118816,False
C,2017-01-17,2017,1,0,0.31894642895064473,117,True,-29.5,-0.03579233616774058,False
CACC,2010-05-21,2010,2,20,0.3205714634486607,80,True,80.0,-0.14734185585294557,False
CACC,2010-08-17,2010,8,40,0.5102900342670087,160,True,-60.39473684210543,-0.23506764176558015,False
CACC,2017-12-28,2017,5,35,0.2541844389364303,151,True,-24.75,-0.20556012801934076,False
CACC,2018-08-03,2018,9,40,0.3975495665591686,12,False,187.60526315789457,-0.2310555001647283,False
CACC,2021-09-16,2021,5,25,0.6402531782909839,35,True,40.131578947368325,-0.3383411236254489,True
CACI,2020-01-31,2020,4,15,0.2379762253048543,12,False,58.625,-0.41404534635382617,True
CACI,2024-10-23,2024,4,15,0.38146441256920705,13,False,56.07894736842081,-0.42876109530191153,True
CACI,2025-11-13,2025,1,0,0.23126748396208474,47,True,18.921052631579187,-0.3343904194557429,True
CAG,2010-04-01,2010,2,5,0.1849195424757195,53,True,-5.302631578947285,-0.1464497971926727,False
CAG,2013-04-03,2013,3,10,0.2847389278662773,86,True,6.5,-0.2291178772355198,False
CAH,2013-11-25,2013,10,45,0.3995441293400477,66,True,-2.9078947368420813,-0.1286261888857022,False
CAH,2014-10-31,2014,1,0,0.23835367114040373,117,True,37.73684210526335,-0.15349358848079386,False
CAH,2015-02-20,2015,3,25,0.21174927100869279,42,True,6.947368421052488,-0.15349358848079386,False
CAH,2025-06-09,2025,8,35,0.23641641253664147,151,True,-98.10526315789502,-0.14336762325043717,False
CAKE,2010-05-07,2010,1,0,0.3986676165776495,118,True,-27.40789473684208,-0.05173594895206868,False
CAKE,2013-07-19,2013,1,0,0.30768979764553017,89,True,-33.21052631578959,-0.1294502277385866,False
CAKE,2021-03-19,2021,5,20,1.0607920946361356,34,True,4.75,-0.443085547509642,True
CALM,2014-10-03,2014,1,0,0.5207262098453362,3,True,40.68421052631584,-0.26850331708845165,False
CALM,2022-03-16,2022,1,0,0.36263418499430244,13,True,62.0,-0.24429635160323582,False
CALM,2022-04-21,2022,3,10,0.5897941833792646,105,True,-25.0,-0.17352383318020592,False
CALM,2025-01-29,2025,1,0,0.6506990853655554,120,True,-23.684210526315837,-0.3687037700184642,True
CALX,2013-10-04,2013,1,0,0.5339806667989158,10,True,83.75,-0.43010754105853455,True
CALX,2021-04-30,2021,2,5,0.7576891876240499,116,True,-86.39473684210498,-0.45257453940309555,True
CALX,2021-06-28,2021,1,0,0.5349420174381039,94,True,-10.842105263157464,-0.576131151543289,True
CALX,2021-08-10,2021,1,0,0.25508786725235977,100,True,112.5,-0.5958484531514923,True
CALX,2021-10-06,2021,1,0,0.367679683829756,60,True,139.60526315789502,-0.5958484531514923,True
CALY,2014-03-31,2014,1,0,0.45733995043147835,1,True,60.57894736842127,-0.3300248289700074,True
CALY,2018-05-23,2018,6,25,0.29632818602258815,89,True,-8.375,-0.40480996966471305,True
CALY,2018-08-03,2018,2,5,0.5007643752485784,39,True,46.88815789473665,-0.40480996966471305,True
CALY,2018-09-24,2018,5,20,0.4299898341441315,4,False,36.26315789473665,-0.40480996966471305,True
CAR,2013-01-28,2013,14,85,0.6917755179461011,204,True,-144.1973684210525,-0.010294609486485418,False
CAR,2014-08-21,2014,1,0,0.5236183751096124,2,True,83.52631578947376,-0.32395591491981957,True
CAR,2021-03-12,2021,9,45,1.0043668428521002,163,True,-60.5,-0.588207312801517,True
CARG,2024-12-23,2024,3,10,0.4270956718341896,24,True,64.81578947368416,-0.3787915904315161,True
CARR,2021-08-09,2021,5,20,0.4241925327078082,14,False,104.75,-0.3497073927741662,True
CASH,2006-12-12,2006,24,145,0.20550769429373106,259,True,-119.69078947368416,-0.615493584057255,True
CASH,2013-11-18,2013,1,0,0.3928340012425382,84,True,52.44736842105249,-0.24692280746511563,False
CASH,2014-03-10,2014,3,10,0.32155073212167107,9,False,106.26315789473665,-0.24692280746511563,False
CASH,2016-09-28,2016,16,80,0.3408660145753102,72,False,-1.605263157895024,-0.39268564381322846,True
CASH,2024-11-06,2024,2,5,0.49814658177241977,19,True,126.26315789473665,-0.20707254837062272,False
CASY,2013-11-25,2013,1,0,0.19180021661460134,8,True,9.828947368421268,-0.13913380914966034,False
CASY,2024-07-23,2024,1,0,0.32050666500792,87,True,-58.57894736842081,-0.11386494368949418,False
CASY,2024-08-27,2024,1,0,0.24265196942667377,116,True,9.0,-0.14423557378994423,False
CASY,2024-11-20,2024,3,10,0.2311944901979044,112,True,68.26315789473665,-0.07778247540531691,False
CASY,2025-04-03,2025,1,0,0.1928749897608084,113,True,99.5,-0.08450995370135417,False
CASY,2025-06-24,2025,8,45,0.26075917171666285,162,True,20.697368421052488,-0.01228478764410712,False
CASY,2025-11-28,2025,1,0,0.3059992718019777,113,True,99.5,-0.16072308660405565,False
CASY,2026-02-04,2026,13,70,0.26095780056187223,88,True,80.15789473684254,-0.1502270202758027,False
CAT,2007-06-28,2007,1,0,0.3108914400952649,14,True,36.78947368421052,-0.2743563864323423,False
CAT,2011-01-31,2011,3,10,0.37935319583825566,62,True,19.90789473684208,-0.3861192019760913,True
CAT,2011-03-29,2011,1,0,0.4016770654409727,22,True,90.36842105263167,-0.3861192019760913,True
CAT,2014-06-11,2014,3,10,0.2782492016570519,24,True,37.776315789473756,-0.28007440237644576,False
CAT,2017-09-05,2017,20,95,0.2524098694747141,95,False,-11.315789473684163,-0.21880575113402023,False
CAT,2020-11-13,2020,17,125,0.5132377048113201,125,False,-3.2894736842108614,-0.22401255018948896,False
CAT,2026-02-19,2026,2,5,0.837342075661595,90,True,-20.065789473684163,-0.2636285260949516,False
CAT,2026-06-15,2026,2,5,0.49917243651142185,10,True,28.421052631579187,-0.2636285260949516,False
CAVA,2024-05-22,2024,1,0,1.3240848695802563,119,True,-76.30263157894751,-0.4993910938022166,True
CB,2019-08-09,2019,1,0,0.23743095403997794,39,True,16.921052631578732,-0.41147811106424603,True
CB,2024-01-30,2024,8,45,0.19907447406227297,163,True,-109.3486842105267,-0.11483880308613914,False
CB,2024-10-16,2024,1,0,0.21154390368442755,115,True,-54.73684210526335,-0.11761924695994219,False
CBOE,2013-04-11,2013,1,0,0.2655974175025866,79,True,-23.14473684210543,-0.11447665911237992,False
CBOE,2013-08-05,2013,5,20,0.44788666030279045,133,True,-26.223684210526244,-0.16901655658696146,False
CBOE,2013-12-04,2013,2,10,0.2669547892101529,69,True,46.0,-0.19934871674248578,False
CBOE,2014-02-18,2014,1,0,0.19572410676246887,19,True,174.15789473684208,-0.19934871674248578,False
CBOE,2017-06-26,2017,29,150,0.2234481322653814,147,False,-12.197368421052488,-0.3250586411607047,True
CBOE,2021-08-26,2021,3,10,0.26897182353626725,47,True,3.2631578947366506,-0.2177061349594931,False
CBOE,2021-10-22,2021,1,0,0.24197148391334022,7,True,80.5,-0.2177061349594931,False
CBOE,2023-11-09,2023,5,20,0.27777557912885187,71,True,-45.93421052631584,-0.14478750728300216,False
CBOE,2024-01-24,2024,1,0,0.32935708397198815,21,True,74.7236842105267,-0.14478750728300216,False
CBOE,2026-04-06,2026,5,35,0.22899934843123626,27,False,34.57894736842081,-0.36734324124149886,True
CBRE,2006-04-04,2006,3,25,0.5798852464104951,17,False,-2.0,-0.30572306795666715,True
CBRE,2011-02-22,2011,10,45,0.5141625923123279,42,False,56.48684210526312,-0.5696969897415471,True
CBRE,2018-01-29,2018,1,0,0.23146422634180674,118,True,-21.881578947368325,-0.2468987648181108,False
CBRE,2021-09-16,2021,5,25,0.24173583676152988,76,True,89.0,-0.382139622481245,True
CBRL,2010-05-07,2010,1,0,0.4343146098216497,118,True,-66.22368421052624,-0.17936105944314706,False
CBRL,2013-07-12,2013,1,0,0.5833238561015444,95,True,70.7894736842104,-0.19319930373491012,False
CBRL,2013-11-25,2013,1,0,0.3667385336929543,0,False,139.34210526315792,-0.19319930373491012,False
CBSH,2018-08-24,2018,1,0,0.21833669860655935,7,True,42.73684210526335,-0.21311133571195717,False
CBT,2011-03-29,2011,2,5,0.42044377269393807,5,False,40.8552631578948,-0.5085220434670875,True
CBT,2013-12-10,2013,6,25,0.3242839772872408,129,True,-55.118421052631675,-0.336818078617773,True
CBT,2021-04-26,2021,4,25,0.38755729611782397,28,True,22.98684210526335,-0.25332830872196566,False
CBT,2021-07-07,2021,1,0,0.2868975291626601,97,True,9.25,-0.1406152964978662,False
CBU,2010-04-23,2010,4,15,0.6061203715613495,4,False,70.34210526315792,-0.18950543737286352,False
CBU,2016-09-21,2016,4,15,0.2753540316363814,72,True,-15.421052631579187,-0.20315706439865722,False
CBU,2016-12-30,2016,2,5,0.5602624944260515,2,False,34.71052631578959,-0.20315706439865722,False
CBU,2021-04-26,2021,2,5,0.3247437803220592,25,True,69.67105263157828,-0.1867427645635773,False
CC,2017-09-08,2017,5,20,0.5097291192876299,35,True,141.0526315789475,-0.23983952679321197,False
CCI,2006-06-22,2006,3,10,0.2229604220263941,57,True,98.0,-0.13511999208872738,False
CCI,2010-02-03,2010,1,0,0.2564890749431823,28,True,47.0,-0.12512532910918195,False
CCI,2012-12-27,2012,3,20,0.23669595164271406,94,True,-43.73684210526335,-0.15594849525764254,False
CCI,2016-07-19,2016,1,0,0.27881134471760904,0,False,62.89473684210543,-0.17396114786309058,False
CCK,2007-03-27,2007,3,10,0.33189882191922093,79,True,-53.86842105263156,-0.21449578426760385,False
CCK,2011-04-19,2011,1,0,0.28151539250464896,21,True,31.368421052631675,-0.2886622119195288,False
CCK,2020-12-07,2020,1,0,0.44012918721059924,104,True,-71.5,-0.14312133746996059,False
CCL,2010-04-30,2010,1,0,0.4333418143983532,1,True,48.276315789473756,-0.28758231294013814,False
CCL,2017-06-09,2017,7,45,0.20680168961632162,160,True,-100.59210526315792,-0.1996866542893979,False
CCOI,2006-04-26,2006,4,15,1.118125462692939,135,True,-70.13157894736844,-0.001323564021189605,False
CCOI,2013-05-08,2013,1,0,0.3782313441811602,120,True,-72.82894736842127,-0.04641349033220321,False
CCOI,2013-08-30,2013,18,115,0.2296406826756745,112,False,43.92105263157873,-0.2927457485424315,False
CCS,2017-04-05,2017,4,30,0.20235279973469078,149,True,-66.30263157894751,-0.04054072366446437,False
CCS,2021-04-26,2021,1,0,0.5627075687179126,25,True,35.855263157895024,-0.2829037716274193,False
CDE,2006-03-28,2006,5,20,0.4813084078793073,15,False,79.14473684210526,-0.464043384042358,True
CDE,2025-10-30,2025,1,0,2.277778003694864,81,True,-11.855263157895024,-0.4778673515232179,True
CDNS,2017-08-14,2017,1,0,0.24111330316200275,114,True,20.078947368420813,-0.21724892857395706,False
CDNS,2017-10-10,2017,8,45,0.3027318588906138,74,True,9.75,-0.21724892857395706,False
CDNS,2023-12-21,2023,1,0,0.22301614755272925,61,True,49.131578947368325,-0.2353159675575821,False
CDNS,2024-03-06,2024,1,0,0.2734715526531406,72,True,26.421052631579187,-0.2609801124467601,False
CDP,2005-10-04,2005,1,0,0.3377243494808604,113,True,-40.17105263157896,-0.14516090809388427,False
CDW,2014-06-18,2014,3,15,0.39955687743911183,133,True,-77.5394736842104,-0.06926398234709252,False
CDW,2017-04-27,2017,1,0,0.34368573983872386,115,True,22.368421052631675,-0.0645802608119308,False
CDW,2017-06-23,2017,1,0,0.2382568826365501,118,True,11.73684210526335,-0.037996479873369626,False
CDW,2017-10-03,2017,1,0,0.195586640056169,83,True,67.0,-0.10914696584871164,False
CDW,2018-06-07,2018,3,10,0.22666084179464652,124,True,49.28947368421041,-0.2150671114836371,False
CDW,2019-12-17,2019,6,25,0.3340380403639438,6,False,56.368421052631675,-0.4483414648358016,True
CDW,2021-08-11,2021,1,0,0.25161207114879014,101,True,33.21052631578914,-0.24619737016971643,False
CE,2007-06-26,2007,2,5,0.5497014523959163,120,True,-44.01315789473688,-0.23697584048920872,False
CE,2019-11-07,2019,1,0,0.22945200380052633,13,True,35.94736842105249,-0.5332946605734963,True
CELH,2020-12-21,2020,1,0,2.7216216973791676,114,True,-60.57894736842127,-0.5058579392129345,True
CELH,2021-07-07,2021,11,90,0.3441994418838181,86,False,170.0526315789475,-0.6253354361996932,True
CENT,2016-08-09,2016,1,0,0.9469964141220797,117,True,-58.64473684210543,-0.14194299719924663,False
CENTA,2009-10-02,2009,1,0,0.31403948543572935,2,True,104.25,-0.2745097810055187,False
CENTA,2016-08-24,2016,1,0,0.780131563869187,110,True,-63.75,-0.11761061043126686,False
CENX,2014-07-24,2014,12,65,0.4971475268046983,88,True,9.631578947368325,-0.8334405220321149,True
CENX,2026-03-19,2026,3,15,0.8806819031553832,51,True,58.93421052631584,-0.39653915914238813,True
CF,2007-02-01,2007,10,55,1.0210879907731165,167,True,-116.53947368421052,-0.09014346121409633,False
CF,2008-04-18,2008,7,50,1.046211078764303,41,False,174.0,-0.7672552653962019,True
CF,2022-04-11,2022,4,15,0.7376547822141164,95,True,-49.57236842105249,-0.42965126161124667,True
CFG,2017-01-05,2017,2,5,0.8577388869684852,37,True,56.05921052631584,-0.18237984251548167,False
CFG,2021-03-03,2021,1,0,0.7669543404114034,52,True,-2.394736842104976,-0.18801723122094538,False
CFR,2013-08-09,2013,2,10,0.20983449336801807,113,True,-61.05921052631584,-0.08008398253475069,False
CFR,2016-12-30,2016,7,40,0.4200079936167431,112,True,-34.5,-0.16685929621687512,False
CG,2017-09-14,2017,1,0,0.4570823583110335,96,True,12.947368421052488,-0.20963544426975145,False
CG,2018-02-07,2018,1,0,0.21427737070720365,120,True,15.131578947368325,-0.3520746377545678,True
CG,2021-04-28,2021,6,50,0.6458328694021627,139,True,-44.7236842105267,-0.4852094296295356,True
CG,2021-10-25,2021,5,20,0.3376558024142209,14,False,118.36842105263167,-0.4852094296295356,True
CGNX,2016-12-15,2016,14,100,0.5443012171947621,218,True,-94.18421052631584,-0.3006983883939518,True
CGNX,2017-09-12,2017,12,55,0.4034858782748645,50,False,47.105263157895024,-0.39503633692010887,True
CHD,2007-01-12,2007,12,75,0.24752933029436086,78,True,2.2302631578947967,-0.1665238531980534,False
CHD,2011-05-11,2011,1,0,0.25602198533485065,109,True,-36.17105263157896,-0.048731728918071426,False
CHD,2012-05-30,2012,7,40,0.24161891951247472,33,False,49.8947368421052,-0.14351835705827887,False
CHD,2015-02-27,2015,1,0,0.2611640486026059,119,True,-14.592105263157919,-0.13274828434583974,False
CHDN,2013-06-20,2013,1,0,0.2149887211172996,113,True,-67.34210526315792,-0.05017731562675254,False
CHDN,2015-10-22,2015,1,0,0.2364082783914585,11,True,155.0526315789475,-0.20785450376961878,False
CHDN,2017-10-17,2017,1,0,0.2485065252218721,98,True,-75.36842105263167,-0.1446769727425088,False
CHDN,2017-11-29,2017,13,75,0.2967835719050089,118,True,-20.10526315789457,-0.2725317988499276,False
CHDN,2018-06-21,2018,3,10,0.32331528052352,19,True,96.7894736842104,-0.2665088693573564,False
CHDN,2020-02-24,2020,1,0,0.27068545325961013,120,True,-32.5,-0.1426755439451899,False
CHE,2010-04-01,2010,1,0,0.2408287757900578,53,True,-13.32894736842104,-0.14889075536047547,False
CHE,2015-04-13,2015,3,10,0.21415292175202238,82,True,19.84210526315792,-0.16647084807880386,False
CHE,2015-11-27,2015,2,5,0.23810282394318616,2,False,131.5526315789475,-0.20425006450291594,False
CHE,2017-03-29,2017,3,25,0.32718762399456813,50,True,28.35526315789457,-0.11166736835286051,False
CHE,2017-07-17,2017,1,0,0.24116652131776029,120,True,5.0,-0.027015272547806557,False
CHE,2018-06-21,2018,1,0,0.36121306483907833,21,True,36.631578947368325,-0.1919844642357731,False
CHE,2019-08-23,2019,3,10,0.31330192745864704,122,True,-42.0,-0.30633748142915995,True
CHEF,2025-02-26,2025,2,5,0.5802131576687235,107,True,-17.493421052631675,-0.20361726344202324,False
CHTR,2011-04-19,2011,3,10,0.6548805702332567,65,True,-43.09210526315792,-0.2960669226227445,False
CHTR,2013-11-25,2013,1,0,0.19209934724486066,104,True,83.5,-0.03227421759348692,False
CHTR,2020-01-24,2020,1,0,0.2445623019179639,120,True,-68.02631578947376,0.0,False
CHWY,2021-01-14,2021,7,30,1.3772292482689092,20,False,59.2763157894733,-0.48218048849722084,True
CI,2007-06-07,2007,3,15,0.29084595177300354,128,True,-54.84210526315792,-0.3957414226508291,True
CI,2013-03-12,2013,5,25,0.33924301169706794,130,True,-58.026315789473756,-0.13171919345759164,False
CI,2013-07-19,2013,8,40,0.3771721772312404,127,True,-72.72368421052624,-0.1603427298833734,False
CI,2015-04-27,2015,4,40,0.41208061985981104,42,True,64.1513157894733,-0.26394536654624146,False
CI,2015-07-29,2015,2,5,0.33815760331920797,15,True,32.76315789473665,-0.16218586793833434,False
CI,2017-09-12,2017,10,90,0.20847990147938145,94,True,-2.3552631578945693,-0.27487314155720366,False
CI,2018-12-04,2018,1,0,0.2452982576814009,0,False,38.35526315789457,-0.3319614975999524,True
CIEN,2006-03-28,2006,2,5,1.2172130621220547,0,False,99.375,-0.4156324324019408,True
CIEN,2024-12-05,2024,3,10,0.48743824782224077,31,True,17.815789473684163,-0.45508250322158916,True
CIEN,2025-02-05,2025,1,0,1.0117981409247672,1,True,63.144736842104976,-0.42547252553680026,True
CIEN,2025-11-13,2025,3,10,1.4337092642453122,124,True,-54.855263157895024,-0.4415369423282419,True
CIEN,2026-03-19,2026,9,50,2.0252234330595895,51,True,41.03947368421086,-0.47309410667115226,True
CINF,2012-03-19,2012,1,0,0.31244962400807896,107,True,-32.0,-0.03534716356655465,False
CINF,2013-03-05,2013,8,40,0.212538708066075,159,True,-74.85526315789502,-0.08814215099521994,False
CINF,2019-08-09,2019,1,0,0.3245833888697729,39,True,48.5,-0.5811720909680467,True
CINF,2021-05-10,2021,1,0,0.6408321890277895,120,True,-82.5,-0.12338462650688031,False
CL,2013-05-15,2013,1,0,0.20779372893656123,116,True,-31.065789473684163,-0.08268657650119349,False
CLF,2007-03-20,2007,9,60,0.7041898947523475,144,True,-80.0526315789474,-0.2795093280490034,False
CLF,2008-06-11,2008,4,15,0.9459440789687876,13,False,113.80921052631584,-0.8983789701284806,True
CLF,2011-02-07,2011,5,20,0.4598361586068196,112,True,-56.67105263157896,-0.5219294794373619,True
CLF,2020-12-21,2020,7,40,1.4298247096354406,159,True,-77.0263157894733,-0.37701772485418894,True
CLF,2021-08-11,2021,2,5,0.5493380685766394,2,False,100.43421052631584,-0.3726780577108776,True
CLH,2008-08-21,2008,1,0,0.38582820725652045,5,True,100.78947368421052,-0.5038647304713768,True
CLH,2011-04-05,2011,2,5,0.4537118949484522,83,True,-33.65789473684208,-0.18391206880060285,False
CLH,2011-07-22,2011,1,0,0.35817105680636696,119,True,29.026315789473756,-0.2594435250482041,False
CLH,2011-12-06,2011,3,15,0.24982175546777152,53,True,117.92105263157896,-0.3291607709790434,True
CLH,2012-02-03,2012,5,30,0.24358495298374883,13,False,74.36842105263167,-0.3291607709790434,True
CLH,2023-08-15,2023,3,10,0.2975347857081734,129,True,-57.68421052631584,-0.03399143716464659,False
CLH,2024-06-14,2024,3,10,0.2571542120359609,94,True,-6.434210526315837,-0.30862980380415916,True
CLH,2024-11-06,2024,1,0,0.23564130844392306,3,True,122.0,-0.30786772375874016,True
CLX,2013-03-19,2013,5,20,0.1941946386602884,24,True,77.77631578947376,-0.08705817731659538,False
CLX,2020-05-27,2020,5,30,0.3841746051841082,48,True,36.40789473684208,-0.24273143041818457,False
CMC,2006-03-28,2006,2,5,0.5968524141630149,30,True,9.76973684210526,-0.3859804602017607,True
CMC,2014-01-02,2014,2,10,0.40171036220053113,10,False,66.9736842105267,-0.19071666448614022,False
CMC,2022-04-21,2022,3,10,0.3523197027822347,130,True,0.0,-0.04682666145877257,False
CMC,2026-02-26,2026,1,0,0.3081539548464862,74,True,22.7763157894733,-0.22433878980074784,False
CMCSA,2013-11-25,2013,9,55,0.2347076365235763,169,True,35.07894736842081,-0.10130708546984868,False
CME,2013-08-16,2013,1,0,0.2708925315289774,86,True,107.15789473684208,-0.17840871666644753,False
CME,2014-12-08,2014,1,0,0.28454298225153196,66,True,-47.381578947368325,-0.11798090643271375,False
CME,2015-02-20,2015,3,15,0.3137355564377884,103,True,-44.71052631578959,-0.14393277390687897,False
CME,2017-02-22,2017,2,5,0.20282342130469333,81,True,78.07894736842081,-0.057046477119847006,False
CME,2017-12-06,2017,2,5,0.2555326349033664,124,True,-4.559210526315837,-0.07937956680553604,False
CME,2018-01-22,2018,6,25,0.32816269031082146,94,True,96.0,-0.07937956680553604,False
CME,2018-11-27,2018,1,0,0.1827056008292678,0,False,201.5789473684208,-0.1476792370344453,False
CME,2025-03-13,2025,5,55,0.23080081980630296,55,False,13.48684210526335,-0.10130755939520109,False
CMG,2007-07-03,2007,3,10,0.4771930143773724,122,True,-59.6973684210526,-0.5701627579252544,True
CMG,2007-11-08,2007,2,5,0.5589674731013434,32,True,85.76315789473688,-0.5701627579252544,True
CMG,2010-06-17,2010,2,5,0.6896628155889193,116,True,-43.79605263157896,-0.17834790540414813,False
CMG,2010-11-15,2010,6,25,0.6495059122378586,134,True,-33.96710526315792,-0.08182565769394357,False
CMG,2011-07-27,2011,1,0,0.4822264619424883,120,True,-23.881578947368325,-0.21341295229837853,False
CMG,2011-11-03,2011,1,0,0.2588586375245232,110,True,102.5,-0.4635785287710713,True
CMG,2012-02-15,2012,10,50,0.1894329903715546,40,False,121.7105263157896,-0.4635785287710713,True
CMG,2013-11-14,2013,8,35,0.4498347065788364,85,True,-24.243421052631675,-0.22123020838839824,False
CMI,2007-04-03,2007,15,100,0.2362345175464835,135,True,68.81578947368416,-0.39055480837905177,True
CMI,2010-04-30,2010,2,5,0.6267186965027389,123,True,-67.44078947368416,-0.06762633915924998,False
CMI,2011-01-31,2011,3,10,0.3085103011387671,62,True,17.473684210526244,-0.330521667098139,True
CMI,2017-07-10,2017,2,5,0.2058214255308819,124,True,-69.7894736842104,-0.2688759919348429,False
CMI,2021-03-05,2021,5,20,0.26342574572761857,6,False,100.25,-0.1953773333336678,False
CMI,2025-12-05,2025,1,0,0.5784369335087591,109,True,-60.05263157894751,-0.19666455398535498,False
CMI,2026-02-11,2026,1,0,0.5149433073559475,92,True,-78.31578947368416,-0.21144099150028106,False
CMS,2007-02-05,2007,2,5,0.23754952361243875,55,True,10.493421052631675,-0.177571436820115,False
CMS,2009-12-28,2009,4,15,0.33196232277956694,81,True,-9.684210526315837,-0.13027104889606433,False
CMS,2013-03-05,2013,9,50,0.1948678110044335,39,False,102.31578947368416,-0.12582067553352416,False
CMS,2016-07-26,2016,1,0,0.2392096835771227,3,True,71.2105263157896,-0.11326235765476611,False
CNC,2015-01-22,2015,1,0,0.39321906900006054,107,True,-51.473684210526244,-0.3537064595256798,True
CNC,2015-03-13,2015,5,20,0.6630213605585524,72,True,-33.84210526315792,-0.3537064595256798,True
CNC,2015-08-05,2015,1,0,0.2417028676249655,9,True,157.0526315789475,-0.27425576599712487,False
CNC,2017-10-31,2017,3,10,0.23185161811088206,127,True,-57.65789473684208,-0.06480930209256008,False
CNC,2017-12-20,2017,3,20,0.24036140901496617,140,True,-46.90789473684208,-0.22515424953819851,False
CNC,2018-05-16,2018,12,75,0.19817716010263298,73,False,62.0,-0.35988566504964503,True
CNH,2017-02-22,2017,1,0,0.25432758635275254,102,True,-15.289473684210407,-0.08742708968323687,False
CNH,2017-05-25,2017,8,35,0.3906503839614639,155,True,-85.7236842105267,-0.27041186452007626,False
CNH,2017-11-07,2017,2,5,0.1998141680046983,58,True,103.90789473684254,-0.33866369830503484,True
CNH,2018-01-12,2018,4,25,0.24832789239289998,13,False,158.64473684210498,-0.33866369830503484,True
CNH,2020-12-07,2020,7,65,0.3782770821967081,125,True,-30.394736842104976,-0.16866162496319415,False
CNK,2010-04-22,2010,3,10,0.7541956994778591,2,False,75.82894736842104,-0.3225092747881486,True
CNM,2024-05-17,2024,1,0,0.7717231273685252,1,True,60.9736842105267,-0.3752055213634965,True
CNMD,2007-02-12,2007,1,0,0.38465415342375575,76,True,-24.88157894736844,-0.3221348180369612,True
CNMD,2014-02-14,2014,2,5,0.5379429100850002,60,True,-8.75,-0.26093969557334895,False
CNMD,2018-08-03,2018,2,15,0.27433264367256527,26,True,72.38815789473665,-0.292919324134291,False
CNO,2020-12-14,2020,7,30,0.4948692839558577,105,True,-40.39473684210543,-0.20007461352131573,False
CNO,2024-09-18,2024,3,20,0.31557515364699573,134,True,-76.03947368421086,-0.15863162212705684,False
CNO,2024-12-05,2024,1,0,0.42641894064035957,79,True,-23.671052631579187,-0.15863162212705684,False
CNO,2025-03-27,2025,1,0,0.2292553531320416,4,True,162.0526315789475,-0.15863162212705684,False
CNP,2007-04-18,2007,1,0,0.3093803312441823,15,True,66.6447368421052,-0.22859124312098655,False
CNP,2025-04-17,2025,5,20,0.2567365376386723,127,True,-92.06578947368416,-0.06667085072392764,False
CNR,2023-09-27,2023,6,25,0.7908671961045737,46,True,33.243421052631675,-0.3254045389657111,True
CNS,2007-02-20,2007,1,0,0.6220457570293234,55,True,17.82894736842104,-0.582283023070253,True
CNS,2019-06-20,2019,1,0,0.4862094958703469,112,True,-39.17105263157873,-0.4789593421810894,True
CNX,2014-06-18,2014,3,10,0.24472125507416953,2,False,78.98684210526335,-0.3926474047582198,True
CNX,2024-10-09,2024,10,45,0.3895206303144003,32,False,37.605263157895024,-0.33365784718688596,True
CNXN,2020-01-16,2020,1,0,0.6125097522920901,1,True,50.118421052631675,-0.3922859236116055,True
CNXN,2026-08-19,2026,1,0,0.26187938855355,0,False,70.65789473684254,-0.015907606315788247,False
COF,2021-02-26,2021,4,40,0.8218635751726375,117,True,-49.66447368421086,-0.2949760473517642,False
COF,2021-07-21,2021,1,0,0.4741121758459552,17,True,108.0,-0.2949760473517642,False
COHR,2011-01-07,2011,8,35,0.511912629545235,74,True,45.473684210526244,-0.44465097807628884,True
COHR,2026-01-28,2026,12,105,1.0671152780938469,86,False,-2.9736842105266987,-0.4798425930983051,True
COHU,2021-02-19,2021,1,0,1.5757743302732412,33,True,38.7763157894733,-0.41192842202049573,True
COHU,2026-02-11,2026,9,65,0.6566439600922003,95,True,-14.342105263157464,-0.4677310485271171,True
COHU,2026-07-15,2026,1,0,0.9920347134678353,23,True,57.78947368421086,-0.18077291421128272,False
COKE,2006-08-18,2006,7,30,0.2536143546773477,92,True,-22.39473684210526,-0.2645447237509939,False
COKE,2015-07-15,2015,8,40,0.8932538100289964,59,True,-5.907894736842081,-0.4376180343929279,True
COKE,2015-10-15,2015,1,0,0.9167927778261908,9,True,65.2105263157896,-0.431152131029948,True
COKE,2015-11-27,2015,1,0,0.6265011708767176,0,False,181.18421052631584,-0.38522955412227256,True
COKE,2019-05-22,2019,4,15,0.6464006465135532,61,True,23.802631578947512,-0.47705700009722785,True
COKE,2021-06-22,2021,4,15,0.5139309503602383,134,True,-21.203947368420813,-0.30413309678882317,True
COKE,2023-06-09,2023,1,0,0.3908469459494357,43,True,0.35526315789502405,-0.16190679052883017,False
COLM,2018-01-22,2018,4,15,0.29512518119695064,124,True,-50.480263157895024,-0.14431256384304658,False
COLM,2018-05-23,2018,9,40,0.27907900045307077,134,True,-50.44736842105249,-0.15420248618622157,False
COO,2010-01-20,2010,2,5,0.4459040355135213,109,True,-38.30921052631584,-0.08806959123647862,False
COO,2010-11-03,2010,3,10,0.34537350835199243,129,True,30.736842105263122,-0.24862724612245735,False
COO,2010-12-23,2010,2,5,0.3640438449226444,124,True,-14.361842105263122,-0.2688900340445416,False
COO,2011-03-08,2011,1,0,0.6152249799513776,84,True,-33.93421052631584,-0.3096012990605769,True
COO,2011-04-27,2011,4,20,0.4836384275418064,101,True,-14.881578947368325,-0.3175904002058343,True
COO,2013-08-23,2013,2,5,0.2722642463519458,11,True,64.32894736842081,-0.13071647650330798,False
COP,2011-01-31,2011,9,60,0.2533675163701141,59,False,101.13157894736833,-0.23539557849355008,False
COR,2006-04-11,2006,2,5,0.220985839742615,6,True,68.8026315789474,-0.1432690809993109,False
COR,2010-01-27,2010,2,5,0.4211617309579665,98,True,-40.46710526315792,-0.16803430677428066,False
COR,2010-03-11,2010,1,0,0.318494132910905,68,True,7.0,-0.16803430677428066,False
COR,2010-06-28,2010,2,10,0.2418141261633282,128,True,-25.17105263157896,-0.020208004449375094,False
COR,2013-02-26,2013,11,60,0.24010491727470562,180,True,-104.67105263157873,-0.0711227070268271,False
COR,2013-09-23,2013,1,0,0.22613950745609102,75,True,70.52631578947376,-0.11671709454603474,False
COR,2013-10-28,2013,10,50,0.21373934292174512,150,True,-18.947368421052488,-0.029866948910977853,False
COR,2015-05-04,2015,2,5,0.3669101012967446,11,True,61.631578947368325,-0.23692824357093945,False
COR,2022-02-23,2022,10,50,0.21609504640521138,39,False,102.74342105263167,-0.17839602718695713,False
CORT,2009-12-28,2009,1,0,2.392857135254509,88,True,-32.539473684210634,-0.26578947450975965,False
CORT,2017-10-10,2017,3,10,0.7800000508626301,75,True,-5.526315789473756,-0.5200000089757583,True
CORT,2025-05-23,2025,1,0,0.44890444580443356,93,True,53.842105263157464,-0.6440433831431771,True
COST,2014-11-14,2014,7,35,0.19670516721021292,87,True,-49.89473684210543,-0.1286471744634361,False
COST,2015-04-06,2015,1,0,0.258770484355727,0,False,5.0,-0.12499020219892154,False
COST,2018-09-10,2018,3,15,0.29109439469559106,1,False,15.51315789473665,-0.22017285031113587,False
COST,2024-01-30,2024,5,30,0.28301313562837316,145,True,-117.17105263157919,-0.038849045802666904,False
COST,2025-02-05,2025,2,5,0.30235286349531565,6,True,202.5526315789475,-0.1729471721176815,False
COTY,2015-08-26,2015,1,0,0.2768260046296218,54,True,-17.421052631578732,-0.2822791355341865,False
CPAY,2013-03-18,2013,8,35,0.5797133763045623,138,True,-63.78947368421041,-0.10484151578072454,False
CPAY,2013-08-22,2013,10,60,0.5171399278299924,129,True,-31.927631578947512,-0.16711347246873798,False
CPB,2006-07-28,2006,4,15,0.23843949930847796,101,True,-2.875,-0.09960334456039577,False
CPB,2013-04-03,2013,8,35,0.34094781022929066,92,True,-39.79605263157919,-0.18778581654357895,False
CPB,2016-03-24,2016,5,30,0.24497134957827704,71,True,6.302631578947512,-0.21244152496004398,False
CPB,2019-11-04,2019,2,5,0.23168962957694594,91,True,-21.098684210526244,-0.2308691852667376,False
CPF,2015-04-06,2015,1,0,0.2934695246191783,57,True,1.2894736842104066,-0.22140821938202315,False
CPF,2024-10-02,2024,1,0,0.5048906346816633,38,True,41.407894736842536,-0.25219378869683107,False
CPF,2024-11-06,2024,1,0,0.511043787441656,13,True,83.7763157894733,-0.25219378869683107,False
CPK,2010-12-16,2010,2,5,0.34051354620810037,76,True,-27.875,-0.11331265219606401,False
CPK,2017-08-07,2017,2,5,0.21560417903842888,81,True,76.23684210526335,-0.2177928533435166,False
CPRI,2013-11-13,2013,1,0,0.3867049402163507,69,True,-22.15789473684208,-0.29937901127811617,False
CPRI,2014-02-04,2014,8,50,0.3245434192704262,14,False,168.1710526315792,-0.29937901127811617,False
CPRI,2018-01-31,2018,2,5,0.795429896995905,60,True,-0.625,-0.47827975596542227,True
CPRI,2021-01-08,2021,1,0,1.9374592203280865,82,True,-24.960526315789593,-0.21663864520417542,False
CPRT,2016-08-23,2016,1,0,0.4400326381219697,119,True,-37.881578947368325,-0.0057921660676119036,False
CPRT,2017-10-17,2017,11,85,0.2138092043124149,205,True,-39.473684210526244,-0.2538602196867895,False
CPRT,2018-05-09,2018,5,45,0.48536712931717974,86,True,-23.10526315789457,-0.3237020212098326,True
CPRT,2018-09-10,2018,1,0,0.2895715686757454,1,True,149.0,-0.3237020212098326,True
CPRT,2020-01-31,2020,3,10,0.32212668632838115,12,True,53.0,-0.4375119734038576,True
CPT,2006-06-01,2006,1,0,0.2565578305390839,97,True,-15.0263157894737,-0.1514360372564012,False
CPT,2006-07-14,2006,3,35,0.20532895494252834,67,True,20.5,-0.1514360372564012,False
CPT,2011-01-07,2011,1,0,0.27558910543753345,113,True,43.25,-0.17303183497906172,False
CPT,2011-05-04,2011,8,55,0.2779578438171928,55,False,12.467105263157919,-0.22745398989291632,False
CPT,2021-06-08,2021,11,50,0.3319052687575268,144,True,-66.10526315789502,-0.29093843999063584,False
CPT,2021-12-10,2021,4,15,0.30003168903930866,14,False,32.84210526315837,-0.29093843999063584,False
CPT,2024-09-11,2024,5,20,0.27332928007355695,55,True,16.9736842105267,-0.15880600180483984,False
CR,2024-04-25,2024,3,20,0.5385406619649962,138,True,-102.86842105263167,-0.255129626751728,False
CR,2024-07-16,2024,1,0,0.36529303326687823,94,True,12.25,-0.2802191613786632,False
CR,2024-11-06,2024,5,20,0.20729846563473608,14,False,124.68421052631584,-0.2802191613786632,False
CRBG,2024-03-22,2024,2,5,0.5766805630594196,38,True,-4.052631578947512,-0.22796081749182862,False
CRBG,2024-05-06,2024,3,15,0.4578782326375961,128,True,-91.81578947368416,-0.22694598799477805,False
CRBG,2024-07-18,2024,2,5,0.25043916352892626,78,True,49.5,-0.22694598799477805,False
CRH,2007-06-21,2007,3,10,0.2680848812659997,11,True,69.65789473684208,-0.35753330114868964,True
CRH,2024-03-06,2024,5,25,0.520459906702869,141,True,-32.644736842104976,-0.1318382349433872,False
CRH,2024-12-05,2024,1,0,0.33933341103592096,48,True,61.2763157894733,-0.2700615020066198,False
CRI,2012-03-19,2012,7,45,0.4619600687721348,119,True,-28.210526315789593,-0.12430371079441316,False
CRI,2015-07-15,2015,2,5,0.2307580078425775,5,False,78.75,-0.22675311827257805,False
CRI,2018-01-29,2018,3,10,0.41026635673248135,19,True,49.55263157894751,-0.24691634019054598,False
CRL,2008-01-10,2008,2,5,0.2857411803488983,0,False,76.54605263157896,-0.21171831036786082,False
CRL,2015-03-27,2015,3,15,0.32816153544050497,1,False,66.9605263157896,-0.2284855475397377,False
CRL,2021-01-21,2021,9,65,0.41925709041633175,171,True,-49.28947368421086,-0.5210560640486939,True
CRL,2021-08-11,2021,5,25,0.4231332280800455,31,True,-6.0,-0.5210560640486939,True
CRM,2006-02-06,2006,2,5,0.6545607490787451,25,True,36.71052631578948,-0.45072899579493975,True
CRM,2010-04-16,2010,2,5,0.3358938002801004,108,True,1.1447368421052033,-0.1886470838608595,False
CRM,2010-09-22,2010,5,35,0.5584294445116478,54,True,48.5,-0.2637799922602614,False
CRM,2011-01-07,2011,5,25,0.5483939167964105,132,True,-81.21052631578937,-0.38814966050023236,True
CRM,2018-01-05,2018,4,15,0.22952684939176127,129,True,-72.42105263157919,-0.18554271979193449,False
CRM,2018-03-06,2018,3,20,0.2965317005076389,140,True,-125.0,-0.2400176872416252,False
CRM,2018-05-09,2018,2,5,0.26664725688126034,98,True,-30.89473684210543,-0.247833894009716,False
CRM,2018-06-21,2018,10,70,0.3224631723052609,187,True,-153.31578947368416,-0.16310275109679861,False
CROX,2011-06-27,2011,6,40,0.4375708693103615,24,False,99.9144736842104,-0.5434644627431038,True
CROX,2018-01-02,2018,9,65,0.6459390962774147,179,True,-89.59210526315792,-0.15493599267257296,False
CROX,2018-09-26,2018,14,90,0.3237858615105702,71,False,146.76315789473665,-0.43385400848730593,True
CROX,2020-11-17,2020,7,30,1.124542183915643,150,True,-90.13157894736833,-0.40381894621688397,True
CROX,2021-02-16,2021,1,0,1.0572295368644737,119,True,-114.0,-0.5247692149879561,True
CROX,2021-04-28,2021,4,25,0.883805522591967,139,True,-48.30921052631584,-0.7385501624325367,True
CROX,2021-07-09,2021,8,35,0.7415897509453555,89,True,24.157894736841627,-0.7385501624325367,True
CRS,2006-04-26,2006,3,15,1.1723723782754938,10,False,34.01315789473682,-0.3511985948765157,True
CRS,2024-11-27,2024,2,5,0.7576625103314727,125,True,-36.57894736842172,-0.030581749205092823,False
CRS,2025-01-22,2025,3,10,0.7229083992064513,122,True,33.26315789473665,-0.1907573172427347,False
CRS,2025-06-16,2025,7,30,0.3818317241547555,139,True,85.60526315789502,-0.08801238409201084,False
CRS,2026-07-08,2026,3,15,0.7273802471005286,12,False,15.76315789473665,-0.2096937100597046,False
CRUS,2010-04-30,2010,8,55,1.5369260394192978,59,True,59.45394736842104,-0.39094451454357915,True
CRVL,2006-10-02,2006,15,70,0.45670600906741377,61,False,-6.657894736842081,-0.5271269789771837,True
CRVL,2009-10-01,2009,1,0,0.3674786650362678,113,True,-64.44736842105272,-0.10229754406668312,False
CRVL,2009-11-12,2009,1,0,0.3452435961714868,97,True,-6.539473684210407,-0.13128648788480302,False
CRVL,2010-11-03,2010,6,25,0.3573326653954574,104,True,107.77631578947376,-0.27937585914063234,False
CRVL,2011-01-31,2011,1,0,0.2645290266623408,44,True,53.76315789473688,-0.27937585914063234,False
CRVL,2013-10-21,2013,1,0,0.6691147030897879,101,True,-35.67105263157873,-0.39222740008656287,True
CRVL,2013-12-10,2013,3,10,0.5921622953589714,66,True,27.15789473684208,-0.39222740008656287,True
CRVL,2017-06-30,2017,1,0,0.29822160223389926,77,True,-6.342105263157919,-0.2089552578721069,False
CRVL,2017-10-10,2017,3,15,0.36202831414086245,7,False,69.44736842105249,-0.2089552578721069,False
CRVL,2019-07-12,2019,6,30,0.43866173857343393,132,True,-30.125,-0.507201017284436,True
CRVL,2020-12-21,2020,3,15,0.5058821787058787,135,True,-62.56578947368416,-0.04396388072217905,False
CRVL,2021-10-07,2021,4,15,0.6644846841370808,60,True,39.57236842105249,-0.371139937064043,True
CRWD,2021-02-25,2021,2,5,0.8372810092700804,103,True,-35.17105263157828,-0.41712518867831405,True
CRWD,2021-09-08,2021,1,0,0.3611311205766172,44,True,159.5526315789475,-0.5313459399378906,True
CRWD,2023-12-06,2023,11,55,0.6043691283491908,141,True,-26.5263157894733,-0.4443707693970671,True
CSCO,2018-01-22,2018,6,35,0.3295671579247661,155,True,-85.42763157894751,-0.1510922570470321,False
CSCO,2026-07-15,2026,5,20,0.5240645961533641,20,False,153.28947368421086,-0.11535357791697942,False
CSGP,2013-05-08,2013,2,10,0.397238330393886,121,True,-52.21710526315792,-0.2325170753566811,False
CSGP,2013-07-05,2013,15,75,0.489836310880438,166,True,-99.94736842105249,-0.35700932363722837,True
CSGP,2014-03-17,2014,2,5,0.24111442660427018,3,False,174.76315789473665,-0.34659764381444,True
CSGP,2018-05-09,2018,1,0,0.3014538730821965,81,True,-25.473684210526244,-0.2827945731082122,False
CSGP,2018-07-06,2018,7,40,0.36650391891630063,41,True,15.315789473684163,-0.2827945731082122,False
CSGP,2019-08-30,2019,1,0,0.3194068482335477,113,True,-59.71052631578959,-0.29285790051872507,False
CSL,2013-02-26,2013,5,20,0.27511933815700873,136,True,-51.0,-0.019343253322026577,False
CSL,2014-01-02,2014,2,5,0.27432075272380607,109,True,45.21052631578959,-0.14857250357983842,False
CSL,2022-08-09,2022,4,15,0.388726425759798,7,False,186.42105263157828,-0.3450480612047373,True
CSR,2020-02-14,2020,1,0,0.2818102937525053,0,False,114.73684210526335,-0.46967126164923034,True
CSW,2020-12-04,2020,8,35,0.37858538075788273,94,True,-30.414473684210407,-0.20651819800181492,False
CSW,2024-06-28,2024,19,110,0.26643858099966944,104,False,-16.76315789473665,-0.4311834018010864,True
CSX,2006-04-26,2006,6,25,0.5695907861556884,127,True,-74.33552631578948,-0.10358059538942799,False
CSX,2011-02-14,2011,7,45,0.4883337726354051,99,True,33.03947368421041,-0.3153106755602506,True
CSX,2014-10-31,2014,1,0,0.2870446445725101,18,True,-8.526315789473756,-0.21878676834542643,False
CSX,2014-12-22,2014,1,0,0.21491190674635385,89,True,14.421052631578732,-0.392370189324191,True
CSX,2017-01-09,2017,13,60,0.4030412771571048,127,True,-73.57894736842127,-0.1277404738064294,False
CTAS,2013-10-28,2013,10,70,0.20147099197372675,179,True,-100.64473684210498,-0.029607907408574885,False
CTAS,2014-12-22,2014,10,55,0.3046839761847031,163,True,-40.92763157894751,-0.08873678964611675,False
CTAS,2016-09-14,2016,3,10,0.2594901899633322,127,True,-68.44736842105249,-0.0376393194641913,False
CTAS,2017-10-17,2017,7,45,0.2315529442982227,163,True,-13.0,-0.17938999743963535,False
CTAS,2018-02-27,2018,1,0,0.2918234850952348,120,True,1.3157894736841627,-0.2583733801802789,False
CTAS,2018-05-09,2018,1,0,0.22543972238852472,83,True,62.526315789473756,-0.27077955843184054,False
CTAS,2018-06-14,2018,11,70,0.21865239133533865,58,False,77.13157894736833,-0.27077955843184054,False
CTAS,2024-01-30,2024,6,35,0.2190915741471422,155,True,-83.58552631579005,-0.10997294661012824,False
CTAS,2024-05-16,2024,14,125,0.27032220398113216,134,True,18.434210526315837,-0.19596436828546326,False
CTRE,2024-07-10,2024,4,30,0.21408604074215742,79,True,-44.06578947368416,-0.23185866204783823,False
CTRE,2024-09-26,2024,5,25,0.2798736284710659,24,False,43.105263157895024,-0.23185866204783823,False
CTRE,2025-10-03,2025,1,0,0.25603283420254463,99,True,-25.51315789473665,-0.12250852179706295,False
CTSH,2006-12-05,2006,1,0,0.3324597170961341,42,True,2.0789473684210407,-0.28594022945964237,False
CTSH,2007-02-05,2007,5,35,0.3220027641572716,2,False,131.9473684210526,-0.28594022945964237,False
CTSH,2009-10-01,2009,5,30,0.6806494188977745,133,True,-40.5,-0.1288709947313954,False
CTSH,2010-03-18,2010,1,0,0.35751660482013947,120,True,5.0,-0.024027615251793866,False
CTSH,2010-04-23,2010,2,5,0.3035931625505832,122,True,13.92105263157896,-0.07212627637669633,False
CTSH,2010-08-03,2010,12,60,0.34204098844302644,168,True,2.361842105263122,-0.3391576336915054,True
CTSH,2011-01-31,2011,3,10,0.3163119336268647,62,True,88.3947368421052,-0.3430638091803747,True
CTVA,2020-12-09,2020,8,35,0.45177009501184595,99,True,-38.63815789473665,-0.17557540442154584,False
CUBE,2011-04-19,2011,3,10,0.2534191940249495,14,True,152.57894736842104,-0.28862043269502613,False
CUBE,2013-05-15,2013,1,0,0.3303804946143192,109,True,-57.81578947368416,-0.2238192896910236,False
CUBE,2013-10-14,2013,1,0,0.19034035538022387,4,True,171.0,-0.2238192896910236,False
CUBE,2021-08-04,2021,4,15,0.4328925390049221,104,True,-6.467105263158373,-0.3114252199112483,True
CUBE,2021-12-27,2021,1,0,0.2133561074893242,4,True,135.21052631578914,-0.3114252199112483,True
CUZ,2013-03-05,2013,11,50,0.3029076673761626,170,True,-76.18421052631584,-0.12291390499425658,False
CVCO,2014-01-31,2014,6,30,0.41573037902383847,104,True,-47.81578947368416,-0.2709072546365524,False
CVCO,2018-03-20,2018,2,5,0.23723402090951895,124,True,-30.84210526315792,-0.5551663840371279,True
CVCO,2018-08-17,2018,1,0,0.39544507327964484,19,True,21.789473684210407,-0.5551663840371279,True
CVCO,2018-10-01,2018,1,0,0.44992838559034976,0,False,85.39473684210543,-0.5481141695717525,True
CVI,2011-02-15,2011,2,5,1.717362612251394,115,True,-77.92763157894751,-0.3820431163328093,True
CVLT,2021-02-25,2021,1,0,0.49340731534169247,104,True,-3.0789473684208133,-0.2767295716456709,False
CVLT,2024-09-03,2024,4,25,0.5229780195207163,114,True,-28.868421052631675,-0.26758914535673983,False
CVLT,2024-12-04,2024,1,0,0.5457761634910705,49,True,86.92105263157919,-0.26758914535673983,False
CVLT,2025-01-21,2025,2,5,0.3545589034238892,96,True,97.0263157894733,-0.5741138593725945,True
CVNA,2024-09-19,2024,1,0,0.9756999552185803,101,True,5.25,-0.4302386909731669,True
CVNA,2024-10-24,2024,8,35,1.5834837882749495,151,True,-51.0,-0.16083208389597103,False
CVS,2013-05-15,2013,3,10,0.31572863344102675,129,True,1.0,-0.006095781902381914,False
CVS,2014-12-22,2014,11,55,0.29553265656295324,150,True,-13.947368421052488,-0.2035419078195141,False
CVS,2019-12-03,2019,1,0,0.428443756859088,30,True,-10.921052631578732,-0.30765341735409335,True
CVS,2022-02-08,2022,4,20,0.3463453381979862,0,False,167.63157894736833,-0.19869411425688632,False
CVSA,2010-03-25,2010,3,20,0.21004729835122338,19,False,28.236842105263122,-0.49403896125661095,True
CVX,2007-09-24,2007,1,0,0.28637120589810094,67,True,45.76315789473688,-0.18290110534449122,False
CVX,2011-04-19,2011,2,5,0.29365215692496727,64,True,-27.815789473684163,-0.17527163931994405,False
CVX,2022-04-21,2022,1,0,0.48665669577470694,33,True,24.23684210526335,-0.24948913759393943,False
CW,2013-11-25,2013,11,70,0.4280341176567408,189,True,-118.2105263157896,-0.109725712162561,False
CW,2017-11-21,2017,6,25,0.3998264466239727,101,True,-21.197368421052488,-0.313592670003075,True
CW,2024-05-23,2024,3,10,0.32796674524700764,118,True,-74.38157894736833,-0.27206774818581614,False
CW,2024-07-16,2024,2,10,0.28603764196141146,83,True,22.921052631579187,-0.27206774818581614,False
CW,2024-09-18,2024,12,55,0.29120127610336866,172,True,-36.2763157894733,-0.021194853209976494,False
CWEN,2020-01-30,2020,5,25,0.22120323498855465,132,True,-48.973684210526244,-0.13112180897399361,False
CWST,2007-11-12,2007,4,15,0.6400886885456951,8,False,36.34210526315792,-0.3880503285737986,True
CWST,2017-04-20,2017,4,15,0.3009973462260651,111,True,2.8157894736841627,-0.1063158135665091,False
CWST,2017-08-21,2017,2,5,0.3864775663631572,124,True,-61.631578947368325,-0.1203178308156524,False
CWST,2017-12-28,2017,9,40,0.35650081876565864,154,True,33.5,-0.1575901733499503,False
CWST,2018-06-21,2018,1,0,0.23885501080010463,112,True,100.5,-0.2664493548085478,False
CWT,2016-05-27,2016,9,55,0.3445271856238947,124,True,-70.05263157894751,-0.11684787276284914,False
CWT,2017-12-28,2017,1,0,0.25904225152976745,1,True,157.81578947368416,-0.2154449600288285,False
CWT,2018-12-12,2018,2,10,0.2444562478185457,70,True,-4.835526315789139,-0.0992115580211691,False
CXT,2011-02-14,2011,5,20,0.3753326307552771,99,True,-32.552631578947285,-0.32923172314326987,True
CXT,2013-02-04,2013,7,35,0.31781001660167485,116,True,-30.539473684210407,-0.09950993855849266,False
CXT,2023-08-08,2023,1,0,0.5138191050980265,0,False,106.25,-0.20602104818520584,False
CXW,2006-10-02,2006,2,15,0.44584315230011295,135,True,-63.09210526315792,-0.10124746372149251,False
CXW,2007-02-12,2007,4,15,0.2952977643639816,99,True,53.3026315789474,-0.30253001898089804,True
CXW,2007-06-21,2007,3,10,0.45446467865570916,9,False,190.6052631578948,-0.30253001898089804,True
CXW,2009-10-29,2009,3,20,0.8512705767569166,7,False,27.67105263157896,-0.31946561333262846,True
CXW,2015-03-20,2015,3,10,0.23702566467837527,0,False,45.06578947368416,-0.3854924423672067,True
CXW,2023-12-07,2023,4,15,0.46276601680861207,121,True,-57.875,-0.31162506332675954,True
CZR,2016-06-28,2016,1,0,0.2742654499491657,113,True,8.578947368421268,-0.09036144370661714,False
CZR,2018-01-23,2018,1,0,0.6267942880656829,119,True,-73.34210526315792,-0.3016216381176098,True
CZR,2018-05-10,2018,8,40,0.49310342196760515,74,True,49.94736842105249,-0.3507537841796875,True
D,2009-12-28,2009,3,10,0.19879677315915711,119,True,-56.56578947368416,-0.07928505443855738,False
DAL,2013-09-24,2013,2,10,0.4397674890943304,130,True,-30.690789473684163,-0.13213001087681275,False
DAL,2013-12-04,2013,4,30,0.5867099608644009,126,True,-30.802631578947512,-0.26647023470310327,False
DAL,2014-03-18,2014,10,85,0.47788845098709953,199,True,-62.0263157894733,-0.18417775532680658,False
DAN,2013-09-20,2013,1,0,0.29235635966619,22,True,76.75,-0.21670413691547663,False
DAN,2021-01-27,2021,1,0,0.5335961864202972,88,True,-21.684210526315837,-0.2559015733672364,False
DAN,2021-03-04,2021,1,0,0.6356043472477422,63,True,-24.381578947368325,-0.2559015733672364,False
DAN,2026-03-04,2026,3,10,0.7031585147321138,36,True,35.18421052631584,-0.357904086660943,True
DAR,2007-06-21,2007,2,10,0.7514676272835576,130,True,-45.92105263157896,-0.16033061759473888,False
DAR,2011-06-16,2011,1,0,0.3222308208040767,24,True,64.88157894736833,-0.36844951724295694,True
DAR,2013-10-28,2013,2,5,0.2712047755640099,1,False,63.144736842104976,-0.1916420773819938,False
DAR,2021-02-04,2021,2,20,1.3859406192823083,26,True,55.9736842105267,-0.21360937210592768,False
DAR,2026-04-10,2026,2,5,0.9426125136096639,89,True,-38.63815789473665,-0.08808892252937772,False
DASH,2023-08-10,2023,1,0,0.3207758573085544,117,True,-61.53947368421086,-0.09207784925255413,False
DBX,2025-01-17,2025,3,10,0.3168317156859928,20,True,50.46052631578914,-0.262098019258316,False
DCH,2013-08-02,2013,2,5,0.7334437637672915,115,True,17.664473684210407,-0.20709216263668995,False
DCI,2011-01-07,2011,3,10,0.34297939406148137,124,True,23.82894736842104,-0.25503351516079853,False
DCI,2025-11-13,2025,1,0,0.24688703695645087,60,True,-9.73684210526335,-0.26045163117681425,False
DCI,2026-02-11,2026,2,5,0.5046580508705139,0,False,26.315789473685072,-0.26045163117681425,False
DD,2014-01-31,2014,6,35,0.3053094296303671,150,True,-101.7105263157896,-0.21515478224810614,False
DD,2017-03-29,2017,2,5,0.2548674683980723,121,True,-15.407894736842081,-0.10952820585248924,False
DD,2021-01-06,2021,2,15,0.5030710490826751,4,False,73.73026315789502,-0.21074497763978395,False
DD,2025-12-05,2025,9,55,0.4359173865272341,45,False,12.5,-0.17309717780633926,False
DE,2007-10-08,2007,12,65,0.3745708680477995,67,True,48.26315789473688,-0.48964505963246785,True
DE,2008-02-15,2008,1,0,0.41924380177809417,44,True,131.0,-0.6891204824760031,True
DE,2010-10-27,2010,2,20,0.2628482636269929,109,True,-1.5657894736841627,-0.3711865320875295,True
DE,2011-01-31,2011,4,20,0.3646543673388123,44,True,15.309210526315837,-0.3711865320875295,True
DE,2017-01-31,2017,4,15,0.39600080103007973,132,True,-19.171052631579187,-0.12816250328563217,False
DE,2017-11-29,2017,1,0,0.20210883936477675,39,True,173.5,-0.21112928221259508,False
DE,2018-01-12,2018,6,25,0.3610728685510194,9,False,138.76315789473665,-0.21112928221259508,False
DE,2021-01-28,2021,11,60,0.6355687391730274,69,True,53.5,-0.16701327861807225,False
DEA,2019-09-03,2019,4,20,0.18937794413457576,126,True,-59.42105263157919,-0.24531971316745682,False
DEA,2019-11-12,2019,3,10,0.2643767120496694,102,True,-54.17105263157873,-0.2793782970263101,False
DEA,2020-04-07,2020,4,15,0.25774732958105284,2,False,125.36842105263167,-0.2793782970263101,False
DECK,2007-01-29,2007,2,5,0.5589664310443683,125,True,-47.5,-0.1850065312705832,False
DECK,2007-03-20,2007,17,90,0.5697298392720294,195,True,-113.9473684210526,-0.445151948056274,True
DECK,2007-11-12,2007,9,40,0.4405374339482071,30,False,109.73684210526312,-0.445151948056274,True
DECK,2013-12-17,2013,3,20,0.5719977984615285,16,False,66.43421052631584,-0.17728094534192773,False
DECK,2014-09-12,2014,3,10,0.3426629109522985,10,False,134.60526315789457,-0.33537936680248415,True
DECK,2019-02-19,2019,6,50,0.22774032448342862,108,True,82.13157894736833,-0.49089691043384076,True
DECK,2021-06-29,2021,9,55,0.31578037666177905,55,False,174.21052631578914,-0.48449790419697514,True
DECK,2024-01-30,2024,2,5,0.42275939836773135,85,True,-0.06578947368416266,-0.2307481660496309,False
DELL,2021-04-20,2021,5,30,0.44661436480401573,130,True,-22.5,-0.3052894397972542,True
DELL,2023-11-02,2023,1,0,0.5735128964023708,105,True,-34.342105263157464,-0.3328974900706676,True
DELL,2024-01-24,2024,1,0,0.5552449453177679,87,True,19.052631578947512,-0.5078687344891071,True
DELL,2024-03-07,2024,12,55,0.7272838084765219,57,True,38.131578947368325,-0.5078687344891071,True
DFH,2023-08-08,2023,3,15,1.3913725310680913,98,True,-34.644736842104976,-0.3273825906687329,True
DFIN,2021-02-24,2021,8,45,1.08731607036749,164,True,-114.46052631579005,-0.32596101395417887,True
DFIN,2021-08-09,2021,1,0,0.6154214989440614,69,True,77.84210526315746,-0.5029126139520441,True
DFIN,2021-10-05,2021,9,45,0.22648083021633592,29,False,131.0,-0.5029126139520441,True
DFIN,2023-11-13,2023,1,0,0.2440677793685999,75,True,-42.69736842105249,-0.13840988652192276,False
DG,2012-04-03,2012,7,70,0.27648047358724215,67,False,62.6052631578948,-0.23866918248373037,False
DG,2018-01-16,2018,2,20,0.37782303316899113,9,False,69.28947368421086,-0.18312104643107296,False
DGII,2021-02-19,2021,2,5,0.7156294940695533,6,True,18.572368421052488,-0.29582656675926877,False
DGII,2026-06-30,2026,2,5,0.6846481034078733,30,True,26.61184210526335,-0.1364382630793236,False
DGII,2026-08-19,2026,1,0,0.5328363673138536,0,False,94.4736842105267,-0.0325929274135619,False
DGX,2015-03-20,2015,3,10,0.22948633191571077,44,True,-3.2105263157895934,-0.2357813507309342,False
DHI,2017-12-06,2017,7,30,0.48984791172931863,21,False,66.5,-0.24788650206641383,False
DINO,2006-01-23,2006,2,5,0.4189628268597294,117,True,-8.25,-0.23851856825466478,False
DINO,2006-05-24,2006,1,0,0.2531989939306598,53,True,16.21052631578948,-0.2957853356761051,False
DINO,2007-06-07,2007,6,25,0.25259509390621604,22,False,57.802631578947285,-0.5079867901185298,True
DINO,2010-12-23,2010,2,5,0.43960019718029497,124,True,-74.49342105263167,-0.32236622380567315,True
DINO,2011-02-07,2011,11,50,0.9176032275920911,121,True,-38.8947368421052,-0.40751387266044503,True
DINO,2017-12-06,2017,8,35,0.8724053584192666,121,True,-46.42763157894751,-0.4214610945204198,True
DIOD,2009-08-12,2009,1,0,1.59278353682891,19,True,38.631578947368325,-0.29134217493838255,False
DIS,2012-08-16,2012,3,20,0.20967743982952403,139,True,-64.52631578947376,-0.02514751472782928,False
DIS,2013-04-24,2013,3,10,0.1997551841664078,129,True,-60.64473684210543,-0.030464789658265712,False
DIS,2014-02-14,2014,2,5,0.28579898800486325,125,True,-5.493421052631675,-0.07753075774592089,False
DIS,2015-02-05,2015,1,0,0.2004221488315565,120,True,8.684210526315837,-0.2538425304122619,False
DIS,2015-03-13,2015,7,35,0.1980975708637842,99,True,-2.1578947368420813,-0.2651859676651571,False
DKS,2011-01-07,2011,1,0,0.4100313923970649,86,True,61.17105263157896,-0.2987317733826056,False
DKS,2021-09-01,2021,4,15,1.0740914383846332,57,True,-13.282894736841627,-0.4878837776191821,True
DKS,2021-11-04,2021,1,0,0.5170678028660349,12,True,91.09210526315746,-0.4878837776191821,True
DKS,2023-04-20,2023,2,5,0.3243969629075383,80,True,-23.190789473684163,-0.31247491487920553,True
DLB,2010-03-08,2010,8,45,0.5333875223843618,69,True,15.440789473684163,-0.2875881857149072,False
DLB,2016-09-23,2016,2,5,0.29741852562397364,9,True,63.20394736842081,-0.17529217353787363,False
DLR,2010-03-25,2010,1,0,0.2409104438181675,89,True,24.355263157894797,-0.23017052175184727,False
DLR,2016-06-20,2016,7,30,0.4128320584796934,11,False,87.68421052631584,-0.21187336860747985,False
DLR,2024-12-12,2024,1,0,0.2694455656529635,0,False,147.03947368421086,-0.26169971278832005,False
DLTR,2010-09-08,2010,16,80,0.24995546689243686,200,True,-91.51315789473688,-0.07567487858225164,False
DLTR,2011-07-22,2011,1,0,0.32409015467264046,109,True,-55.84210526315792,-0.02762620705276675,False
DLTR,2011-10-31,2011,2,5,0.3612529247472731,125,True,-100.13157894736833,-0.2609505544973504,False
DLTR,2012-05-01,2012,6,40,0.2939013502973451,34,False,21.559210526315837,-0.3354480607226944,True
DMC,2007-10-29,2007,1,0,0.3940491741805241,100,True,-27.17105263157896,-0.6218997515195641,True
DOC,2006-12-27,2006,6,35,0.4313582834976495,27,False,180.5,-0.3770224912119241,True
DOC,2013-05-22,2013,1,0,0.2218310601772817,0,False,65.92105263157873,-0.3254818383653709,True
DOC,2019-10-07,2019,1,0,0.20263677167357197,91,True,9.789473684210407,-0.4655773379018784,True
DOCN,2026-01-09,2026,4,30,0.8845200717536055,107,True,-46.34210526315837,-0.4111092388440354,True
DOCN,2026-05-28,2026,6,30,2.3645625366156007,12,False,46.0263157894733,-0.4111092388440354,True
DOCS,2025-02-24,2025,1,0,0.9903925755918435,2,True,51.157894736842536,-0.3043896018785265,True
DOCU,2020-05-29,2020,13,60,0.9325129333593309,66,True,48.14473684210543,-0.32976186070041935,True
DOCU,2020-12-16,2020,1,0,0.4607516782082215,43,True,117.92105263157919,-0.32056116618671726,True
DORM,2013-01-28,2013,3,15,0.566073939083696,130,True,-57.368421052631675,-0.039492538313042,False
DORM,2013-06-13,2013,7,35,0.4137135972771204,132,True,-75.68421052631584,-0.2513368780326334,False
DORM,2013-12-24,2013,1,0,0.21947480551096032,66,True,137.5526315789475,-0.35150717302589884,True
DOV,2010-04-23,2010,4,15,0.377966967405416,126,True,-67.77631578947376,-0.035043165512787855,False
DOV,2011-01-31,2011,3,10,0.3259947435224406,109,True,-8.473684210526244,-0.3571012657349266,True
DOV,2013-10-07,2013,1,0,0.22272663343589616,105,True,-4.210526315789593,-0.11537601479677995,False
DOV,2017-11-07,2017,1,0,0.2144631015168854,56,True,32.881578947368325,-0.15997275962198831,False
DOV,2021-07-14,2021,1,0,0.20706066388078526,119,True,-4.789473684210861,-0.34960066510349097,True
DOV,2021-12-27,2021,1,0,0.20590385876981365,9,True,134.68421052631584,-0.3542941104961048,True
DOW,2021-05-11,2021,1,0,0.4555847785310132,16,True,43.01315789473665,-0.23541851273222814,False
DPZ,2007-03-27,2007,5,20,0.2903023903825668,82,True,-48.38157894736844,-0.4535597910063256,True
DPZ,2011-05-18,2011,11,50,0.7403436865390116,144,True,-76.17105263157896,-0.11012791959142165,False
DPZ,2011-11-07,2011,7,45,0.4311407897693784,90,True,26.57894736842104,-0.24781020509558394,False
DPZ,2012-03-19,2012,1,0,0.4603954917127373,0,False,120.65789473684208,-0.24781020509558394,False
DPZ,2013-05-08,2013,1,0,0.41777273203596144,102,True,-73.7105263157896,-0.06793043589713599,False
DPZ,2013-06-13,2013,4,30,0.42605768621062245,146,True,-47.54605263157919,-0.056732869664397945,False
DPZ,2013-09-23,2013,1,0,0.3189818992316551,120,True,30.0,-0.12008364432159246,False
DPZ,2013-11-18,2013,1,0,0.1994541241385266,80,True,95.0,-0.12008364432159246,False
DPZ,2014-03-03,2014,3,10,0.27722072433923683,10,False,170.0,-0.12008364432159246,False
DPZ,2014-10-24,2014,1,0,0.2143426461710265,100,True,27.5,-0.05992552480954472,False
DPZ,2014-12-30,2014,3,10,0.2896835145705636,123,True,25.35526315789457,-0.11418611962540015,False
DPZ,2018-07-06,2018,3,10,0.42122537403631766,39,True,20.01315789473665,-0.21734423486769694,False
DPZ,2020-09-25,2020,2,5,0.23918996855799768,5,False,94.27631578947376,-0.23714040457850494,False
DPZ,2024-06-07,2024,3,10,0.31660988148943936,7,False,66.94736842105249,-0.24377866666130232,False
DRH,2006-06-01,2006,3,10,0.3783968958757813,130,True,-71.71052631578948,-0.09650935296003915,False
DRH,2007-05-31,2007,1,0,0.24791417919199144,24,True,188.5,-0.4483815315923897,True
DRH,2007-07-06,2007,1,0,0.20548809972478588,1,True,205.0526315789474,-0.4468334571938726,True
DRH,2013-11-25,2013,1,0,0.20822956253597025,66,True,-3.828947368421268,-0.0828584730333215,False
DRH,2014-10-31,2014,8,55,0.18185135075565673,55,False,161.77631578947376,-0.3031319456287237,True
DRH,2026-07-08,2026,7,30,0.30073887964413837,18,False,43.44736842105249,-0.10239161986855683,False
DRI,2015-04-06,2015,1,0,0.3195643019348,85,True,-12.171052631578732,-0.18804510187144585,False
DRI,2021-04-05,2021,2,15,0.3823518225106133,122,True,-52.95394736842172,-0.26818740773854943,False
DRI,2025-06-02,2025,2,10,0.26594350558978475,13,True,74.63157894736833,-0.23919564851666875,False
DTE,2009-11-05,2009,9,60,0.2569493234318363,180,True,-118.22368421052624,-0.0795630938804538,False
DTE,2013-04-17,2013,4,20,0.20761156658080004,3,False,102.39473684210498,-0.11333167234886377,False
DTM,2024-08-22,2024,1,0,0.36443036646295535,102,True,-56.605263157895024,-0.2356043302974702,False
DTM,2024-10-04,2024,14,75,0.3671490788428766,72,False,23.921052631579187,-0.2356043302974702,False
DTM,2026-05-05,2026,1,0,0.3555458394037574,36,True,95.25,-0.1658485253971167,False
DUK,2007-04-18,2007,1,0,0.20000321469096405,5,True,15.78947368421052,-0.18071991152825584,False
DUK,2009-12-11,2009,2,5,0.2704791422621069,0,False,48.223684210526244,-0.09785529331658949,False
DUK,2015-01-22,2015,1,0,0.23295166817397694,5,True,31.578947368421268,-0.21808999867384782,False
DVA,2021-01-06,2021,3,15,0.47173724407392315,85,True,24.53947368421086,-0.2616033948956741,False
DVN,2011-03-01,2011,4,15,0.4748205123827247,15,False,67.5,-0.4243060610183109,True
DVN,2022-05-05,2022,3,25,0.6578183947139198,123,True,-84.7763157894733,-0.39320151582871254,True
DXC,2009-12-04,2009,1,0,0.27081893071091656,15,True,86.90789473684208,-0.3130718948641992,True
DXC,2017-09-12,2017,1,0,0.26166855210051954,114,True,36.0,-0.2974365918946633,False
DXC,2017-10-17,2017,7,55,0.22955707137559833,105,True,115.0,-0.3736603085986582,True
DXC,2021-07-21,2021,2,5,0.35565579835314143,9,True,93.43421052631584,-0.33325651810724943,True
DXCM,2010-10-13,2010,3,10,0.30027299904111904,121,True,60.052631578947285,-0.5812121304598721,True
DXCM,2013-07-12,2013,4,15,0.5920964482179769,132,True,-54.92763157894751,-0.2123142233335149,False
DXCM,2013-09-23,2013,1,0,0.693596695846477,112,True,-27.460526315789593,-0.39588846611204864,True
DXCM,2013-10-28,2013,3,25,0.8653260752576315,87,True,28.0,-0.39588846611204864,True
DXCM,2014-01-09,2014,8,50,0.5611419029228595,37,False,112.34210526315792,-0.39588846611204864,True
DXCM,2015-08-19,2015,5,20,0.5149111455116977,20,False,43.35526315789457,-0.4762045025030043,True
DXCM,2018-08-24,2018,3,25,1.3930138478127998,116,True,-40.473684210526244,-0.27073921057319317,False
DXPE,2014-01-09,2014,2,5,0.5684302529231555,76,True,-59.94736842105249,-0.6396078123221496,True
DY,2015-11-19,2015,1,0,0.41519680693788374,7,True,143.0,-0.45326736465912887,True
DY,2021-02-26,2021,1,0,0.40823832892412426,10,True,65.85526315789502,-0.3650525654539679,True
EAT,2021-02-26,2021,5,25,0.7497447704831965,11,False,70.51315789473665,-0.5354249372809198,True
EAT,2024-06-14,2024,1,0,0.6218750888338489,116,True,-83.69736842105249,-0.07189840348565324,False
EAT,2024-12-12,2024,8,35,0.8756438951030625,33,False,27.394736842104976,-0.3556096137954814,True
EBAY,2012-09-28,2012,3,20,0.3108403172328762,131,True,-77.05263157894728,-0.1561093576039687,False
EBAY,2024-10-16,2024,2,5,0.36646565936085485,88,True,-14.842105263158373,-0.15705803022934728,False
EBAY,2025-08-06,2025,6,40,0.3940504075530542,5,False,142.76315789473665,-0.20670860156106763,False
ECG,2025-11-11,2025,2,15,0.9449631602015631,120,True,-50.36184210526335,-0.35463469020130667,True
ECG,2026-06-11,2026,2,10,0.5710693623416052,12,True,89.25,-0.34215124931280283,True
ECHO,2011-03-14,2011,1,0,0.7941323780560035,81,True,-28.697368421052715,-0.46949950312812083,True
ECHO,2013-10-04,2013,9,65,0.256579013789461,183,True,-27.473684210526244,-0.18119047039723013,False
ECL,2006-09-01,2006,1,0,0.2605382645276286,56,True,-26.5263157894737,-0.11378470265069607,False
ECL,2013-04-24,2013,6,25,0.19939486595869638,144,True,-107.9144736842104,-0.08658217975959415,False
ECL,2013-09-16,2013,7,55,0.23567920616034188,121,True,-22.315789473684163,-0.06778161149010253,False
ECL,2019-05-01,2019,1,0,0.24479681606217296,76,True,-18.368421052631675,-0.39512680201366424,True
ECL,2019-06-06,2019,2,5,0.24046793576341408,51,True,-10.473684210526699,-0.39512680201366424,True
ECL,2019-08-09,2019,3,10,0.30045415243765006,6,False,54.65789473684208,-0.39512680201366424,True
ECL,2023-07-11,2023,2,5,0.24338167957785561,118,True,-83.0986842105267,-0.02076330552276051,False
ECPG,2026-02-26,2026,2,5,0.547434634534089,117,True,-44.86184210526335,-0.05398109301558851,False
ECPG,2026-06-30,2026,1,0,0.6802953916849632,32,True,74.05263157894751,-0.05398109301558851,False
ED,2010-01-20,2010,1,0,0.25399497105914026,120,True,-85.98684210526312,-0.010105554351368617,False
ED,2014-12-30,2014,2,5,0.19705426848725516,20,True,34.57236842105249,-0.18207321998685078,False
ED,2017-06-16,2017,1,0,0.21312348235866052,116,True,-101.4605263157896,-0.18312792383541765,False
EEFT,2013-02-11,2013,2,5,0.39399098658800846,120,True,-47.92763157894751,-0.10360128529018076,False
EEFT,2013-12-24,2013,1,0,0.5939825526038858,1,True,126.5,-0.2665586415257739,False
EFC,2012-09-25,2012,1,0,0.24390994951712064,102,True,-44.368421052631675,-0.10794480391671468,False
EFC,2013-05-03,2013,1,0,0.26749607448027213,2,True,49.64473684210543,-0.1526809870107746,False
EFC,2020-12-16,2020,1,0,0.3146094763886771,119,True,-85.38157894736833,-0.13612614533316858,False
EFC,2021-05-12,2021,7,30,0.4393226826215839,106,True,-20.407894736842536,-0.2709872808956577,False
EFOR,2005-12-07,2005,2,5,1.0255475078166922,102,True,-75.09210526315792,-0.36336338314396355,True
EFOR,2012-05-01,2012,1,0,0.6544117473040074,100,True,-28.684210526315837,-0.11753278573870163,False
EFOR,2013-08-30,2013,5,20,0.3480786956052999,138,True,-80.56578947368416,-0.31914343311549076,True
EFOR,2018-04-04,2018,4,25,0.5118284299816604,84,True,-1.5,-0.44775322520858074,True
EFX,2013-01-18,2013,4,20,0.20326262868320688,139,True,2.9736842105266987,-0.09540066955311832,False
EFX,2015-04-06,2015,1,0,0.286854959576327,93,True,-5.565789473684163,-0.11864729869941848,False
EFX,2015-05-11,2015,1,0,0.290031362333665,113,True,-72.67105263157873,-0.1319294242621385,False
EFX,2021-11-18,2021,1,0,0.22326767506774736,16,True,102.68421052631584,-0.4243306672978422,True
EFX,2021-12-27,2021,1,0,0.2293703347130791,2,True,188.65789473684254,-0.419010935223764,True
EG,2017-02-07,2017,1,0,0.20997387899406972,115,True,-40.0,-0.21567621274537208,False
EG,2017-04-27,2017,2,5,0.27298364165895994,60,True,75.0,-0.21567621274537208,False
EG,2017-07-10,2017,2,5,0.22632088911604864,10,True,5.0,-0.21567621274537208,False
EGBN,2013-08-30,2013,4,15,0.2625228334052705,130,True,-48.28947368421086,-0.14528024230229997,False
EGBN,2013-11-18,2013,2,5,0.2974017080130562,91,True,-13.171052631579187,-0.14830954201846636,False
EGBN,2014-01-31,2014,9,55,0.2681159967585043,41,False,50.57894736842127,-0.14830954201846636,False
EGP,2013-05-01,2013,3,10,0.2259644065015065,14,True,103.23684210526335,-0.18800054920972076,False
EGP,2017-10-03,2017,1,0,0.2077754196051742,35,True,7.105263157894569,-0.17106827685602766,False
EGP,2021-07-21,2021,2,10,0.2786029960222618,114,True,-9.26315789473665,-0.34485843030520236,True
EGP,2022-01-10,2022,1,0,0.243014692954028,69,True,36.5263157894733,-0.34918125873335226,True
EHC,2010-01-27,2010,1,0,0.2975031211879766,64,True,7.315789473684163,-0.22828687511475543,False
EHC,2018-05-31,2018,11,70,0.34939295014205785,58,False,29.10526315789457,-0.2903632828160999,False
EHC,2024-05-31,2024,1,0,0.34852497787037406,111,True,-43.82894736842081,-0.11892274133348135,False
EHC,2024-09-25,2024,4,50,0.2654014540347345,162,True,-63.71052631579005,-0.22558313453932333,False
EIG,2013-09-04,2013,5,20,0.25653619844562514,61,True,-8.697368421052488,-0.41329662387003063,True
EIG,2013-11-13,2013,3,10,0.25890866281116365,11,True,5.315789473684163,-0.41329662387003063,True
EIG,2017-01-19,2017,1,0,0.22584410290486545,114,True,-35.64473684210543,-0.10215726379116863,False
EIX,2005-09-13,2005,2,5,0.39920137503464126,14,True,26.03289473684211,-0.20670013866143067,False
EIX,2010-12-31,2010,1,0,0.26165802327600796,89,True,-18.539473684210407,-0.15832216898966545,False
EIX,2026-03-05,2026,5,35,0.32569666642451667,95,True,-20.0,-0.1635978395847134,False
EL,2009-12-04,2009,1,0,0.46949921634056313,96,True,-51.526315789473756,-0.21563311593842072,False
EL,2010-04-09,2010,3,10,0.7172707735438555,11,True,27.75,-0.21563311593842072,False
EL,2011-07-22,2011,1,0,0.2805112824053335,91,True,15.25,-0.14290574571659742,False
EL,2017-07-24,2017,1,0,0.2367228238570933,117,True,-46.34210526315792,-0.024070045573317378,False
EL,2017-10-31,2017,1,0,0.23306577165228215,114,True,-54.98684210526335,-0.19350335977446187,False
EL,2018-01-05,2018,2,5,0.3874110542246276,111,True,-62.118421052631675,-0.22058979893033703,False
EL,2018-03-13,2018,1,0,0.34828184218955016,66,True,59.0,-0.22058979893033703,False
EL,2021-02-26,2021,3,10,0.3274406713058531,130,True,-40.06578947368416,-0.3319602798970074,True
ELF,2023-08-09,2023,3,10,0.8181314581877821,127,True,-30.157894736842536,-0.41834746933793976,True
ELS,2005-09-13,2005,1,0,0.30183475072064647,111,True,-83.89473684210526,-0.14773227837161196,False
ELS,2007-01-22,2007,4,20,0.2636253393232906,14,False,55.276315789473756,-0.24802215953402473,False
ELS,2016-05-06,2016,1,0,0.2411909897771034,59,True,66.0,-0.18934860839462964,False
ELS,2016-07-05,2016,5,20,0.2516910519537203,19,False,66.52631578947376,-0.18934860839462964,False
ELS,2019-03-26,2019,5,25,0.20089869947167394,144,True,-69.7894736842104,-0.3417214109802281,True
ELS,2019-08-09,2019,4,15,0.20804939802294342,133,True,11.967105263157919,-0.41459626344821954,True
ELS,2019-10-21,2019,1,0,0.21930233578370584,83,True,-50.76315789473665,-0.41459626344821954,True
ELS,2021-08-18,2021,2,5,0.3323987809631357,11,True,43.04605263157828,-0.21231038556150017,False
ELV,2011-03-15,2011,1,0,0.22018179852453845,46,True,-21.723684210526244,-0.3005905423442552,True
ELV,2014-09-19,2014,2,5,0.23276750780799071,125,True,-61.61184210526335,-0.18600894924789724,False
ELV,2015-01-22,2015,2,5,0.24634049615287013,104,True,-18.605263157895024,-0.3084522556045902,True
ELV,2015-03-20,2015,7,40,0.30648405739504914,64,True,35.73684210526335,-0.3084522556045902,True
EME,2005-11-08,2005,11,55,0.4615716226051507,124,True,-62.15789473684208,-0.18586477829809667,False
EME,2006-03-14,2006,4,15,0.66283466729763,111,True,-72.21710526315792,-0.07741939720488511,False
EME,2006-05-10,2006,2,5,0.5310894015379553,116,True,-26.13157894736844,-0.12154626709676408,False
EME,2013-03-26,2013,1,0,0.437674232380034,80,True,-53.81578947368416,-0.16126329920332905,False
EME,2023-08-22,2023,6,25,0.48529467428346473,144,True,-50.90789473684163,-0.017408231082625902,False
EME,2024-05-23,2024,1,0,0.8268743011857977,118,True,-37.07894736842081,-0.34249798708699086,True
EMN,2018-04-18,2018,1,0,0.24732244413039184,34,True,-16.368421052631675,-0.3722340883137276,True
EMN,2020-12-29,2020,5,20,0.44211712885640964,105,True,-33.68421052631584,-0.22819804707035674,False
EMR,2006-02-21,2006,1,0,0.22893156230043,52,True,52.07894736842104,-0.12495969627216741,False
EMR,2006-05-03,2006,1,0,0.2593480434316495,2,True,85.5,-0.12495969627216741,False
EMR,2010-04-01,2010,5,20,0.2878625566647339,140,True,-108.48684210526312,-0.03410621108925693,False
EMR,2021-05-17,2021,1,0,0.30153740304449905,76,True,10.184210526315837,-0.20519380779553265,False
ENOV,2011-02-16,2011,2,10,0.6771231409544198,114,True,-40.381578947368325,-0.31819806955834073,True
ENOV,2011-05-13,2011,1,0,0.3185894015275119,54,True,33.302631578947285,-0.31819806955834073,True
ENOV,2011-07-12,2011,3,15,0.37567856585291604,131,True,24.0,-0.2554788852619708,False
ENOV,2013-07-23,2013,1,0,0.2760467589278055,112,True,-36.14473684210543,-0.0805464032634644,False
ENOV,2014-01-13,2014,3,20,0.20579215210190904,117,True,14.052631578947512,-0.4123064563862219,True
ENOV,2014-03-19,2014,5,35,0.2571836204671851,72,True,39.57894736842127,-0.4123064563862219,True
ENPH,2014-09-25,2014,1,0,0.9443670974935674,28,True,37.26315789473665,-0.6333333557487548,True
ENPH,2019-06-12,2019,11,55,2.007042330968148,175,True,-94.5394736842104,-0.5940091435239656,True
ENPH,2021-01-27,2021,3,10,2.128079778164987,12,True,75.89473684210498,-0.44501475154241155,True
ENR,2024-12-10,2024,1,0,0.3567893025224611,0,False,75.0,-0.4625694853737854,True
ENS,2013-08-02,2013,1,0,0.30946100966491774,118,True,-21.48684210526335,-0.23082268338562917,False
ENS,2013-09-30,2013,11,50,0.3580191235581369,109,True,-26.434210526315837,-0.2934845861614649,False
ENS,2025-11-28,2025,7,45,0.7200903678968278,121,True,-30.53947368421086,-0.2740854039033448,False
ENSG,2013-09-20,2013,2,10,0.3023554480125654,50,True,-7.730263157894569,-0.16751319460566605,False
ENSG,2013-11-08,2013,2,15,0.2922639660463886,15,False,19.868421052631675,-0.16751319460566605,False
ENSG,2015-07-07,2015,4,15,0.19999913180493323,5,False,215.0,-0.3027649196742006,True
ENSG,2018-07-12,2018,3,10,0.6643479549109359,84,True,18.89473684210543,-0.240675073557984,False
ENSG,2018-12-11,2018,1,0,0.2510146897007104,107,True,34.57894736842081,-0.2694476685836962,False
ENTG,2016-09-14,2016,1,0,0.26551451591770103,110,True,-47.10526315789457,-0.0560536842761683,False
ENTG,2017-11-07,2017,1,0,0.33693181511548786,91,True,-16.0,-0.3433535076690155,True
ENTG,2021-04-05,2021,1,0,0.5736947479865584,120,True,19.21052631578914,-0.2471123667632249,False
ENTG,2021-05-10,2021,3,30,0.2810944226040626,141,True,46.105263157895024,-0.42791434663693007,True
ENTG,2021-09-23,2021,1,0,0.3013456887064543,46,True,111.10526315789502,-0.42791434663693007,True
ENTG,2021-10-28,2021,7,30,0.23365724305285784,21,False,164.0,-0.42791434663693007,True
EOG,2013-10-21,2013,3,10,0.5790731016481896,126,True,2.6842105263158373,-0.20203095700359475,False
EPAC,2024-04-25,2024,3,10,0.27539830305132695,128,True,-3.0,-0.17540725099136478,False
EPAC,2024-07-16,2024,2,10,0.4252559744770692,83,True,22.855263157895024,-0.2834981189047665,False
EPAC,2024-10-30,2024,7,30,0.23841100611818367,8,False,89.36842105263167,-0.2834981189047665,False
EPAM,2013-08-21,2013,7,30,0.47386086235026514,123,True,-77.01315789473665,-0.32294935437828853,True
EPAM,2014-02-12,2014,3,10,0.36662460532832686,80,True,73.02631578947376,-0.18347613232431748,False
EPAM,2020-10-14,2020,1,0,0.7420278518678358,120,True,0.9868421052633494,0.0,False
EPAM,2021-08-09,2021,4,15,0.5595778468003922,64,True,-13.210526315790048,-0.7563729035513684,True
EPAM,2021-12-30,2021,1,0,0.3192615779473411,0,False,150.0,-0.7403214795616466,True
EPC,2013-07-19,2013,2,5,0.23930389307313504,99,True,-7.322368421052488,-0.1774065833418671,False
EPR,2006-12-12,2006,1,0,0.5689706727725978,45,True,-27.89473684210526,-0.366248947707392,True
EPR,2007-02-05,2007,2,5,0.4613402756202407,10,True,64.40789473684208,-0.366248947707392,True
EPR,2010-05-14,2010,1,0,0.4128727429139758,113,True,-51.026315789473756,-0.052214556297459636,False
EPR,2013-05-15,2013,3,10,0.40629405320406176,4,False,88.5,-0.21227128134790418,False
EPR,2014-07-24,2014,1,0,0.22561062694990008,118,True,-68.4605263157896,-0.15713549086059597,False
EPR,2016-05-06,2016,13,75,0.26701151114076027,59,False,-13.671052631578732,-0.20121302899506777,False
EPRT,2019-12-10,2019,1,0,0.23704428803220146,41,True,34.0,-0.7367158012270991,True
EPRT,2021-08-11,2021,3,10,0.3294868026112261,17,True,82.4736842105267,-0.31056949467272443,True
EQH,2025-03-21,2025,1,0,0.28279814027263606,68,True,79.89473684210498,-0.3272560819895445,True
EQIX,2012-04-02,2012,5,20,0.785995592821791,125,True,-70.72368421052624,-0.1608834818206485,False
EQIX,2012-08-16,2012,3,10,0.3835069171530743,123,True,-14.907894736842081,-0.28238934642689595,False
EQIX,2012-10-12,2012,1,0,0.23508011275763097,83,True,-12.342105263157919,-0.28238934642689595,False
EQIX,2015-12-28,2015,3,10,0.2652944612507797,128,True,-34.18421052631584,-0.15763468534109215,False
EQIX,2016-05-20,2016,11,50,0.19048143092686676,170,True,0.9210526315791867,-0.0622913039566918,False
EQIX,2020-10-09,2020,2,5,0.27143245222304135,1,False,118.34210526315792,-0.281913972428406,False
EQIX,2024-12-05,2024,1,0,0.2892313339434831,1,True,29.131578947368325,-0.2447531229258414,False
EQT,2008-06-25,2008,2,5,0.29638263537934084,4,False,113.56578947368416,-0.6682106482482186,True
EQT,2013-06-20,2013,4,15,0.36126813621749543,63,True,12.98684210526335,-0.1244599110263298,False
EQT,2014-04-29,2014,2,5,0.23567716739105893,3,False,133.18421052631584,-0.3390673521763604,True
ERIE,2010-06-07,2010,1,0,0.25595634266253,118,True,-45.8947368421052,-0.0027417219018363026,False
ERIE,2010-08-24,2010,13,65,0.30056192246339664,173,True,-94.31578947368416,-0.12365662794965437,False
ERIE,2015-01-14,2015,1,0,0.22195361695889715,26,True,92.42105263157873,-0.13288699824057082,False
ERIE,2016-12-22,2016,1,0,0.18446777781298085,120,True,-49.53947368421041,-0.10035472085870589,False
ERIE,2017-02-22,2017,2,5,0.1990967036948672,109,True,-33.506578947368325,-0.1265487340582736,False
ERIE,2017-04-20,2017,1,0,0.18884432026571552,69,True,33.631578947368325,-0.1265487340582736,False
ERIE,2019-04-16,2019,1,0,0.49649122537532464,69,True,46.26315789473665,-0.4911053244495702,True
ERIE,2019-06-27,2019,4,15,0.9557454175908915,19,True,25.375,-0.4911053244495702,True
ES,2006-10-02,2006,15,85,0.21186304466651262,125,True,-43.9473684210526,-0.19189982515814397,False
ES,2007-04-18,2007,5,20,0.3658782407358485,5,False,41.31578947368416,-0.1823898658829286,False
ES,2011-03-08,2011,1,0,0.21028808148715306,50,True,41.381578947368325,-0.15453758396356754,False
ES,2019-09-30,2019,3,15,0.2259578871796668,107,True,-14.89473684210543,-0.3684800058569957,True
ES,2020-01-31,2020,3,15,0.22336519493555018,22,True,138.39473684210543,-0.3684800058569957,True
ESE,2016-10-05,2016,1,0,0.22475376834259464,69,True,6.0,-0.11821275708291601,False
ESE,2025-07-16,2025,3,10,0.49892405917486427,130,True,-93.68421052631584,-0.030005330107465866,False
ESE,2025-09-04,2025,2,10,0.23821295708843593,122,True,-76.53947368420995,-0.08691691289152748,False
ESE,2025-11-06,2025,1,0,0.2603928485131142,120,True,-15.131578947368325,-0.1568237776487137,False
ESE,2026-02-11,2026,1,0,0.4205422681921871,92,True,98.13157894736833,-0.22320404905085967,False
ESE,2026-05-01,2026,1,0,0.4783931724486983,37,True,63.78947368421086,-0.22320404905085967,False
ESNT,2016-09-26,2016,2,5,0.30456102150830633,96,True,-28.993421052631675,-0.06623240497479843,False
ESNT,2017-11-17,2017,5,35,0.24444447108295964,43,True,164.10526315789457,-0.3384182534628982,True
ESS,2006-11-06,2006,1,0,0.2135240467534687,63,True,52.526315789473756,-0.27676179184593463,False
ESS,2007-02-05,2007,2,10,0.23757838987577595,3,False,65.51973684210532,-0.27676179184593463,False
ESS,2010-06-14,2010,1,0,0.3342620978801363,102,True,-52.526315789473756,-0.08654041445621696,False
ESS,2011-05-18,2011,5,35,0.2824684392541297,113,True,-32.21052631578959,-0.1646297836013232,False
ESS,2019-10-21,2019,1,0,0.21629985335595947,0,False,166.0526315789475,-0.44841691591464883,True
ESS,2021-11-18,2021,1,0,0.23336588552899618,105,True,41.842105263157464,-0.41282170571133847,True
ETN,2010-03-11,2010,2,5,0.3058692112318939,101,True,1.4342105263158373,-0.13225895488839767,False
ETN,2011-01-14,2011,3,10,0.5637996345426803,19,True,56.78947368421041,-0.3838024657679271,True
ETN,2021-05-03,2021,3,10,0.4023319738402735,130,True,-82.10526315789502,-0.2615250215080682,False
ETN,2021-08-18,2021,4,20,0.34997058676216386,58,True,48.3486842105267,-0.27285626391985074,False
ETR,2007-01-05,2007,4,25,0.3031524463224671,90,True,19.375,-0.19114421333178688,False
ETR,2007-04-11,2007,9,45,0.36908243504234317,145,True,-70.78947368421052,-0.1614638529357787,False
ETR,2019-07-19,2019,13,70,0.25169865174088124,146,True,-63.89473684210543,-0.41994365473561945,True
ETR,2020-02-07,2020,2,5,0.24253570937179392,6,True,115.90789473684208,-0.41994365473561945,True
ETR,2024-12-05,2024,1,0,0.4244955049095209,57,True,-41.144736842104976,-0.10103532387586578,False
ETSY,2018-06-19,2018,1,0,1.113658625905107,116,True,-53.96052631578959,-0.2382971477304674,False
ETSY,2018-08-15,2018,4,15,1.2486214984856896,135,True,-101.97368421052624,-0.44097839519342885,True
ETSY,2019-03-01,2019,2,5,0.519841165824998,0,False,215.0,-0.44097839519342885,True
EVR,2009-10-09,2009,5,25,0.9033003119085254,140,True,-80.13157894736833,-0.42505933246248107,True
EVR,2018-01-30,2018,3,10,0.23758430324488322,128,True,-48.0,-0.42933900012171944,True
EVR,2021-01-07,2021,3,25,1.2511280731078793,94,True,-24.592105263157464,-0.21103351792139824,False
EVR,2021-04-27,2021,1,0,0.705896769766188,120,True,-13.75,-0.3854377577676681,True
EVR,2024-09-26,2024,7,50,0.3459244518207709,29,False,43.105263157895024,-0.4786446943319762,True
EVRG,2016-05-06,2016,7,30,0.28281648377412316,150,True,-98.2894736842104,-0.12401870229329992,False
EVTC,2019-08-20,2019,3,10,0.15428899733087276,1,False,124.39473684210543,-0.4718687457598254,True
EW,2010-01-20,2010,2,5,0.42262275582545716,115,True,-74.5394736842104,-0.05388691195237316,False
EW,2010-05-07,2010,1,0,0.24530477150051233,98,True,-73.19736842105272,-0.06283028077756314,False
EW,2010-08-03,2010,21,150,0.2353004529230256,151,True,24.0,-0.3122810782047558,True
EW,2014-10-10,2014,13,70,0.4333287956367853,190,True,-86.38157894736833,-0.12260003831944843,False
EW,2016-06-06,2016,3,10,0.28907237566401545,88,True,57.526315789473756,-0.32869149507680584,True
EW,2016-08-23,2016,3,25,0.33454839636057265,33,True,25.289473684210407,-0.32869149507680584,True
EW,2019-04-16,2019,1,0,0.32777742705299096,119,True,31.0,-0.3146033195448823,True
EW,2021-08-18,2021,4,15,0.3639137148036662,93,True,8.710526315790048,-0.33807771006991394,True
EWBC,2011-03-01,2011,1,0,0.576147740027589,5,True,60.92105263157896,-0.39282378998690537,True
EWBC,2021-03-05,2021,3,10,1.0677064132530654,44,True,12.842105263157464,-0.158068616697433,False
EWBC,2024-12-19,2024,1,0,0.34046309615860926,23,True,50.092105263157464,-0.31242124061132825,True
EXC,2007-04-11,2007,6,35,0.20833422756509945,145,True,-42.53289473684208,-0.1247817704645634,False
EXC,2022-04-06,2022,7,35,0.4410235840196608,9,False,37.381578947368325,-0.2823729089166709,False
EXEL,2015-08-19,2015,1,0,1.0283687679432179,21,True,29.921052631578732,-0.4425727430396199,True
EXLS,2010-01-26,2010,2,5,0.45544557766490046,74,True,18.5,-0.151578942745346,False
EXLS,2015-11-25,2015,2,5,0.2883008664556408,89,True,-4.197368421052488,-0.17708534261651232,False
EXLS,2021-07-20,2021,8,65,0.2683097729395103,180,True,-116.25,-0.13680537954404026,False
EXLS,2024-12-11,2024,1,0,0.5835607363042348,37,True,74.18421052631584,-0.23416990823885508,False
EXLS,2025-01-21,2025,2,5,0.4643698728771197,12,True,74.90789473684163,-0.23416990823885508,False
EXP,2012-12-27,2012,4,15,0.7192056640335898,97,True,-38.51315789473665,-0.17012808270853963,False
EXP,2013-03-05,2013,3,10,0.6394356662821725,52,True,18.65789473684208,-0.17012808270853963,False
EXP,2013-05-22,2013,1,0,0.3665126159347012,115,True,35.0,-0.0838381841148984,False
EXP,2021-02-11,2021,11,50,0.41490961394639236,141,True,-42.842105263157464,-0.25955553169885437,False
EXPD,2006-06-22,2006,2,5,0.5321806070456119,7,True,114.25,-0.34780385295194893,True
EXPD,2021-06-01,2021,1,0,0.3994117863637896,110,True,-3.75,-0.271554252634557,False
EXPD,2021-07-21,2021,1,0,0.3764824579689816,104,True,2.25,-0.3010322973183335,True
EXPE,2007-11-01,2007,1,0,0.3239374612150656,26,True,63.47368421052636,-0.48909827691400276,True
EXPE,2012-12-17,2012,1,0,0.22831478786446846,33,True,73.25,-0.32010805878465554,True
EXPE,2013-01-24,2013,1,0,0.3849459419873169,8,True,53.84210526315792,-0.32010805878465554,True
EXPE,2013-03-15,2013,1,0,0.24706922478194993,0,False,106.25,-0.3083530763758141,True
EXPE,2015-06-26,2015,1,0,0.24823642820458303,92,True,-8.973684210526244,-0.3320978087679417,True
EXPE,2015-08-03,2015,2,10,0.4269068416787929,67,True,62.93421052631584,-0.3320978087679417,True
EXPE,2015-10-06,2015,4,15,0.24365733568873327,22,True,46.68421052631584,-0.3320978087679417,True
EXPE,2017-07-06,2017,2,10,0.3126141660583668,16,True,22.684210526315837,-0.36956394805971515,True
EXPE,2021-03-10,2021,3,10,0.6881233902438684,5,False,56.71052631578914,-0.25627463136079554,False
EXPE,2024-12-24,2024,1,0,0.48932163367812276,36,True,39.0,-0.3370290135795847,True
EXPE,2026-01-16,2026,1,0,0.5472086113365,0,False,71.31578947368416,-0.3388165493846875,True
EXPO,2007-10-08,2007,5,20,0.2733460985679743,130,True,-90.98684210526312,-0.36277675483247884,True
EXPO,2008-03-10,2008,7,30,0.23482420756806022,25,False,99.21052631578948,-0.36277675483247884,True
EXPO,2018-06-21,2018,4,15,0.3906741770703588,59,True,13.006578947368325,-0.14079473954510757,False
EXR,2010-03-11,2010,3,20,0.3095168635925931,133,True,-26.75,-0.0907495887256804,False
EXR,2010-06-28,2010,1,0,0.2131196690185948,117,True,-62.526315789473756,-0.036571523817110374,False
EXR,2010-09-22,2010,2,5,0.27526222914005993,124,True,-28.868421052631675,-0.10177126517336166,False
EXR,2011-01-24,2011,9,50,0.23527166296494784,125,True,87.5,-0.196033858195943,False
EXR,2011-07-08,2011,1,0,0.27674363643159205,119,True,-23.736842105263122,-0.019607464400727803,False
EXR,2013-01-28,2013,3,10,0.26003875743981975,121,True,-5.736842105263349,-0.09370059345497161,False
EXR,2016-01-12,2016,2,15,0.3209231047947061,126,True,-49.28947368421086,-0.26393294984941307,False
EXR,2019-08-09,2019,4,15,0.20208665849942697,17,True,47.80263157894751,-0.38009365147975005,True
EXR,2021-08-25,2021,1,0,0.4111056549619261,89,True,-39.98684210526335,-0.29124210721049226,False
EXR,2021-12-17,2021,4,15,0.3313070355157821,9,False,142.0526315789475,-0.29124210721049226,False
EXTR,2013-11-25,2013,1,0,0.8005698543683617,34,True,-18.802631578947512,-0.5460358216894925,True
EXTR,2014-01-31,2014,1,0,0.7511962852330485,0,False,71.31578947368416,-0.5819672307350464,True
EXTR,2017-02-14,2017,19,100,0.5,195,True,-120.26315789473665,-0.5621854623010002,True
EXTR,2017-10-03,2017,4,45,0.7548747468960921,81,True,84.98684210526335,-0.6803713397846745,True
EXTR,2024-12-19,2024,1,0,0.4007905017955464,3,True,55.355263157895024,-0.3916947060478152,True
EYE,2021-03-03,2021,1,0,0.2685653509328596,120,True,-13.75,-0.40605096562392207,True
EZPW,2010-02-18,2010,5,20,0.5404743137989427,46,True,24.460526315789366,-0.24464442821300392,False
EZPW,2010-04-23,2010,1,0,0.6745689179729104,1,True,48.40789473684208,-0.24464442821300392,False
EZPW,2026-04-10,2026,4,15,0.513984136093899,57,True,-10.026315789473301,-0.24220288851576766,False
EZPW,2026-06-30,2026,1,0,0.7424394873462223,2,True,123.0,-0.24220288851576766,False
F,2025-12-05,2025,4,25,0.3019194743768887,119,True,-87.94736842105249,-0.23394498506237715,False
FAF,2012-10-26,2012,1,0,0.33975094851701937,111,True,-40.34210526315792,-0.24505715208423284,False
FAF,2017-11-07,2017,12,55,0.3362133086354204,54,False,7.184210526315837,-0.2433292488383062,False
FANG,2013-07-19,2013,4,15,0.8636357373311245,76,True,-22.84210526315792,-0.19423284527113005,False
FANG,2013-10-21,2013,3,25,0.9188796682012577,136,True,-39.223684210526244,-0.30705242145892175,True
FANG,2014-03-10,2014,5,20,0.45163499640164906,73,True,54.631578947368325,-0.42599268249013134,True
FANG,2014-06-04,2014,1,0,0.5592610894996284,13,True,38.64473684210543,-0.42599268249013134,True
FANG,2026-04-10,2026,5,25,0.2788572643348528,16,False,66.56578947368416,-0.19085691934347626,False
FAST,2012-01-27,2012,1,0,0.384370786605706,45,True,10.789473684210634,-0.295383736092393,False
FAST,2012-03-19,2012,1,0,0.4433130587250793,10,True,93.02631578947376,-0.295383736092393,False
FAST,2024-03-20,2024,2,10,0.4429051261744523,1,False,64.0986842105267,-0.20363719797576452,False
FAST,2025-08-27,2025,3,15,0.37255009571193676,5,False,21.25,-0.21715692021036737,False
FBIN,2013-03-11,2013,5,20,0.41699596185385546,48,True,-2.276315789473756,-0.15246603697741745,False
FBK,2021-03-09,2021,2,5,0.621508338260885,3,False,49.3026315789466,-0.27157202375301925,False
FBNC,2014-03-10,2014,2,15,0.4210129210040874,0,False,143.78289473684208,-0.18710541787579538,False
FBP,2017-01-17,2017,4,15,0.42290766671998026,7,False,59.973684210526244,-0.28364697344805545,False
FBP,2024-09-04,2024,1,0,0.22758369448628168,45,True,27.697368421052488,-0.22874473394881567,False
FBP,2024-11-06,2024,1,0,0.2498775759057632,0,False,136.5789473684208,-0.22874473394881567,False
FCF,2016-12-15,2016,3,10,0.5779080612448726,45,True,6.25,-0.15832770410701402,False
FCFS,2006-03-21,2006,1,0,0.5631184221995704,19,True,25.86842105263156,-0.2467587431689966,False
FCFS,2011-03-29,2011,9,70,0.4386028541137197,120,True,-9.736842105263122,-0.3400273709196353,True
FCFS,2011-08-12,2011,4,25,0.36613162293748047,25,False,51.973684210526244,-0.3400273709196353,True
FCFS,2018-01-22,2018,18,95,0.2443209420221173,94,False,-20.875,-0.27749198651389906,False
FCFS,2025-12-12,2025,1,0,0.2666647842166532,101,True,5.25,-0.1612845077326207,False
FCFS,2026-02-19,2026,12,60,0.3369779805638946,128,True,-42.144736842104976,-0.002495437787792376,False
FCN,2008-04-22,2008,1,0,0.24311675417344603,86,True,72.42105263157896,-0.5074807964269055,True
FCN,2018-06-21,2018,5,20,0.4379629128427345,33,True,39.82894736842127,-0.2722699218001102,False
FCN,2019-08-09,2019,1,0,0.5394736944840259,119,True,-83.67105263157873,-0.1623798318661791,False
FCX,2006-01-13,2006,4,15,0.6234026904265124,65,True,-36.4473684210526,-0.38337528766762896,True
FCX,2020-12-07,2020,8,50,1.181010895125313,106,True,-55.243421052631675,-0.3182117059226822,True
FDS,2007-03-13,2007,1,0,0.49467653212101936,69,True,-36.76315789473688,-0.2594787582895868,False
FDS,2011-02-07,2011,2,5,0.3141836092707162,65,True,18.486842105263122,-0.2962747052769571,False
FDS,2016-09-21,2016,1,0,0.2070837434488635,104,True,-29.0,-0.1425564876173956,False
FDS,2019-06-13,2019,2,5,0.33510284747678254,4,False,138.10526315789502,-0.22233803304917077,False
FDS,2021-11-04,2021,9,40,0.3221187717629983,37,False,34.7763157894733,-0.2834974170056975,False
FDX,2013-11-25,2013,6,30,0.42538323090538155,149,True,-78.53947368421086,-0.045347247885544895,False
FDX,2026-01-06,2026,11,50,0.30489601428529833,151,True,-80.34210526315746,-0.04205103661290954,False
FE,2005-09-13,2005,1,0,0.2630779092773021,3,True,43.84210526315789,-0.12321981273014815,False
FE,2007-03-27,2007,6,40,0.22312648734805873,38,False,59.631578947368325,-0.16855526554618394,False
FE,2019-10-21,2019,1,0,0.21181699084425198,81,True,-14.684210526315837,-0.47683415634483195,True
FELE,2011-02-07,2011,2,5,0.263404030971524,104,True,-37.35526315789457,-0.3361209930915233,True
FELE,2020-01-24,2020,1,0,0.23706488611973353,8,True,15.223684210526244,-0.320151005975872,True
FELE,2021-04-05,2021,1,0,0.39247480010796765,29,True,21.197368421052488,-0.11749834369607537,False
FELE,2021-05-17,2021,2,10,0.3231061460472737,130,True,-81.44736842105249,-0.2813112828421792,False
FERG,2019-12-10,2019,6,25,0.3890675412941058,44,True,48.66447368421086,-0.5535120658830963,True
FERG,2021-11-11,2021,1,0,0.20254063320255633,35,True,99.21052631578914,-0.41218927753564305,True
FFBC,2016-12-30,2016,1,0,0.5006540615630435,79,True,-17.552631578947512,-0.19087714830790892,False
FFIN,2013-04-03,2013,5,35,0.3155547136298269,76,True,11.171052631578732,-0.1039218000409261,False
FFIN,2013-07-05,2013,5,20,0.523108398079732,121,True,-2.3157894736841627,-0.13149897082496165,False
FFIN,2017-01-09,2017,2,5,0.3194158427469549,121,True,-74.51973684210498,-0.1707050895984079,False
FFIN,2018-09-17,2018,2,10,0.24918120118419163,45,True,8.552631578947512,-0.18548270841656722,False
FFIN,2021-03-05,2021,3,20,0.5243911418397542,65,True,16.51315789473665,-0.1664450078424714,False
FFIV,2009-11-12,2009,7,45,0.7943073280767723,165,True,-85.3947368421052,-0.04879000741895578,False
FFIV,2010-08-17,2010,16,105,0.634926593150444,105,False,-30.394736842105203,-0.5196642791182564,True
FFIV,2025-02-05,2025,2,5,0.6208186828763917,125,True,-74.9013157894733,-0.30271145960052503,True
FFIV,2026-06-30,2026,4,15,0.5807553709032525,9,False,43.82894736842172,-0.12398553079327301,False
FHI,2006-02-06,2006,1,0,0.25709554542030033,12,True,20.5,-0.24158275155372644,False
FHI,2025-09-18,2025,2,5,0.35734015722746726,114,True,-40.842105263157464,-0.055944113115361516,False
FHN,2015-04-13,2015,2,5,0.21601387725584242,70,True,49.60526315789457,-0.27678399543552623,False
FHN,2015-07-22,2015,2,5,0.30864838449521836,0,False,114.86842105263167,-0.27678399543552623,False
FHN,2017-01-09,2017,2,5,0.44583245560477636,35,True,29.440789473684163,-0.21495705222143668,False
FHN,2021-04-26,2021,1,0,0.6112460848980428,25,True,62.5,-0.2218010332826832,False
FIBK,2013-04-09,2013,4,15,0.2045117426984715,113,True,3.3157894736841627,-0.06287817612397872,False
FIBK,2013-07-18,2013,8,50,0.4498709403867902,111,True,-35.70394736842081,-0.15767415385618166,False
FIBK,2013-11-22,2013,1,0,0.3075092135303581,21,True,54.06578947368416,-0.15767415385618166,False
FIBK,2013-12-31,2013,3,10,0.3626665527224726,57,True,8.328947368421268,-0.15371421074256664,False
FIBK,2016-12-14,2016,8,35,0.5412018745740217,51,True,35.644736842104976,-0.23923320028962258,False
FICO,2005-10-18,2005,1,0,0.21756531779007582,25,True,50.0,-0.3093361861128302,True
FICO,2013-12-10,2013,1,0,0.22522393296148047,13,True,199.5,-0.19009061237338054,False
FICO,2016-08-09,2016,1,0,0.39602774959847986,21,True,69.59210526315792,-0.16130541460166747,False
FICO,2016-09-14,2016,2,5,0.2530428238001716,112,True,-62.131578947368325,-0.04850515341494588,False
FICO,2018-06-14,2018,1,0,0.2953856416515417,64,True,42.31578947368416,-0.28550597478571393,False
FICO,2018-07-20,2018,8,45,0.2619761891936778,165,True,-85.09868421052624,-0.007671663548901253,False
FICO,2019-08-16,2019,1,0,0.45495344084616285,117,True,-77.59210526315792,-0.49712982885239554,True
FICO,2023-11-15,2023,11,60,0.3627153829102383,180,True,-94.60526315789502,0.0,False
FICO,2024-06-14,2024,10,45,0.191818449839521,114,True,60.73684210526335,-0.4496054132324142,True
FICO,2024-11-13,2024,3,10,0.7165023772821602,9,False,31.78947368421086,-0.4496054132324142,True
FIS,2009-08-26,2009,7,35,0.44236344497906077,22,False,34.57894736842104,-0.15330689917347895,False
FIS,2013-06-06,2013,3,10,0.2321713640323042,130,True,-76.25,-0.042079439910811534,False
FIS,2013-12-24,2013,2,5,0.23291559078927349,46,True,50.973684210526244,-0.08919925582888288,False
FIS,2019-08-02,2019,5,20,0.22167676807854408,135,True,-93.2894736842104,-0.34755846673469215,True
FIS,2024-09-18,2024,2,20,0.21952806656743307,22,True,82.30921052631584,-0.24359893243691833,False
FISV,2013-05-15,2013,2,5,0.22038944366590552,115,True,-91.05263157894751,-0.02625166843822735,False
FISV,2013-08-02,2013,3,15,0.2068838616685238,104,True,-3.473684210526244,-0.07874678698155246,False
FISV,2013-12-24,2013,3,10,0.34586120289185196,89,True,-29.39473684210543,-0.04065439047608399,False
FISV,2015-02-20,2015,3,30,0.22939345723089777,124,True,-35.31578947368416,-0.11309259218570156,False
FISV,2015-07-15,2015,1,0,0.20728331442359083,97,True,-9.89473684210543,-0.10668719591328168,False
FISV,2015-11-19,2015,2,10,0.19970217237469812,117,True,15.039473684210861,-0.08337283559757569,False
FITB,2014-03-10,2014,2,5,0.244234070642799,9,True,34.28947368421086,-0.22803332938901721,False
FITB,2017-01-09,2017,3,10,0.5536997799158798,35,True,31.447368421052488,-0.17385228460171298,False
FITB,2021-01-21,2021,11,70,0.6160729653306161,189,True,-138.14473684210543,-0.26084904507079854,False
FIVE,2018-07-20,2018,1,0,0.524585420013896,36,True,20.315789473684163,-0.3303190924047925,True
FIVE,2018-08-31,2018,1,0,0.6710187420408555,6,True,24.65789473684208,-0.3303190924047925,True
FIVE,2021-03-19,2021,2,5,0.46563804051495006,110,True,-32.5,-0.4197112593529604,True
FIVE,2023-02-14,2023,3,10,0.4947505722183976,38,True,-7.605263157895024,-0.32774654699451444,True
FIVN,2016-08-22,2016,2,5,0.9319727882329822,123,True,-70.13815789473665,-0.05634642518080213,False
FIVN,2017-06-08,2017,3,30,0.7786706448378109,108,True,71.2105263157896,-0.11967467812198695,False
FIVN,2018-10-26,2018,1,0,0.23493358601859593,98,True,105.55263157894751,-0.16976455775612886,False
FIVN,2020-10-22,2020,8,50,0.4328296082299279,87,True,17.276315789473756,-0.290459572770864,False
FIVN,2021-02-10,2021,3,10,0.556910142138122,121,True,33.342105263157464,-0.6036242062173345,True
FIX,2006-04-19,2006,6,25,0.7641470680501274,10,False,58.48684210526312,-0.321912280331362,True
FIX,2013-12-03,2013,2,5,0.4064510148353424,0,False,98.2894736842104,-0.29054473443088114,False
FIX,2015-08-05,2015,8,55,0.6727589797519944,87,True,31.28947368421086,-0.2681693676807505,False
FIX,2023-12-21,2023,19,100,0.2894488710613765,220,True,-60.26315789473665,-0.3205514332626548,True
FIX,2026-02-11,2026,7,30,0.8653102328383673,89,True,-5.842105263157464,-0.26447977102719555,False
FIX,2026-05-01,2026,3,10,0.8494640197021535,34,True,13.894736842104976,-0.26447977102719555,False
FIZZ,2011-10-24,2011,2,10,0.25239164913324297,30,True,126.11842105263167,-0.22769419857887296,False
FIZZ,2015-12-18,2015,3,10,0.9177600624345252,130,True,-79.2105263157896,-0.30163673161613325,True
FLEX,2013-07-12,2013,1,0,0.24332824970713607,42,True,3.0657894736841627,-0.2494736411616142,False
FLEX,2013-08-16,2013,5,35,0.35179636932399605,17,False,50.23684210526335,-0.2494736411616142,False
FLEX,2017-02-14,2017,6,30,0.257341638859818,75,True,-29.210526315789593,-0.11918279212475236,False
FLEX,2024-12-19,2024,2,5,0.22798440030184142,125,True,-28.256578947368325,0.0,False
FLEX,2025-02-05,2025,1,0,0.5317488289157024,115,True,15.26315789473665,-0.08921931793920979,False
FLG,2015-07-22,2015,2,10,0.24766545865649015,69,True,73.5,-0.23088957697406498,False
FLO,2008-07-10,2008,3,20,0.32037424388909463,23,True,36.07894736842104,-0.3509588222448503,True
FLO,2011-07-22,2011,1,0,0.3206682097128848,0,False,39.473684210526244,-0.20541936590672072,False
FLR,2007-08-31,2007,10,45,0.4812981645094665,38,False,23.11842105263156,-0.36257774115102614,True
FLR,2011-01-14,2011,5,20,0.6599643312617831,23,True,50.48684210526312,-0.3950830044712742,True
FLR,2013-12-10,2013,1,0,0.295497315386831,28,True,47.0,-0.22937813200414126,False
FLS,2005-09-13,2005,1,0,0.40380984626842475,120,True,-69.73684210526315,-0.11587545972522595,False
FLS,2006-03-28,2006,5,30,0.629398783465869,30,False,62.5,-0.2125104817374841,False
FLS,2008-07-10,2008,1,0,0.4763716587498579,7,True,65.82894736842104,-0.7310622420616928,True
FLS,2013-02-11,2013,5,25,0.2410838131394175,145,True,-67.5,0.0,False
FLS,2013-10-28,2013,12,60,0.33030590510160573,78,True,87.625,-0.24521253374718277,False
FLS,2024-04-18,2024,5,30,0.1611425122181036,143,True,-42.07894736842081,-0.3491726761282211,True
FMC,2008-06-18,2008,4,15,0.4852773971472526,0,False,91.44736842105272,-0.6185321864793365,True
FMC,2010-11-24,2010,5,20,0.2875272924586565,107,True,-25.881578947368325,-0.2514530598275774,False
FMC,2014-03-10,2014,1,0,0.23018559796063376,0,False,148.02631578947376,-0.37490777365676387,True
FMC,2022-04-28,2022,1,0,0.48386140846154935,0,False,63.75,-0.25364422909971274,False
FN,2013-11-22,2013,3,10,0.38428869833850765,103,True,-28.0,-0.3677852405695693,True
FN,2016-06-17,2016,1,0,0.5984353938915274,77,True,135.5,-0.29980493194945745,False
FN,2016-08-15,2016,2,5,0.45460795557215694,125,True,-3.8157894736841627,-0.31159419229392094,True
FN,2016-09-27,2016,3,20,0.3528689765620272,100,True,-12.5,-0.3443789205050104,True
FN,2019-04-23,2019,1,0,0.33689957559409955,8,True,70.42105263157873,-0.3130140360070275,True
FN,2025-12-26,2025,1,0,0.6180231893130459,95,True,-88.48684210526335,-0.4447197928008161,True
FN,2026-02-25,2026,1,0,0.9725566563413637,55,True,46.907894736842536,-0.4447197928008161,True
FN,2026-04-23,2026,2,5,0.6574354626749517,15,True,93.75,-0.4447197928008161,True
FN,2026-06-05,2026,1,0,0.38885784666286516,6,True,51.105263157895024,-0.34783978593617826,True
FNB,2011-02-07,2011,1,0,0.2245031667647439,64,True,11.0,-0.27370593118696396,False
FND,2021-01-21,2021,1,0,0.5356394867672616,67,True,-34.89473684210543,-0.1742352035933762,False
FNF,2015-02-25,2015,1,0,0.3311134812800116,111,True,-31.26315789473665,-0.25128575442463763,False
FNF,2017-08-03,2017,4,15,0.3607800663401104,114,True,-79.65789473684208,-0.1230586915797286,False
FORM,2020-01-09,2020,2,10,0.7319790241649569,125,True,-64.24342105263167,-0.29884337400256966,False
FORM,2024-06-24,2024,3,25,0.4746803605523213,7,False,27.53947368421086,-0.5085181722315549,True
FORM,2026-04-02,2026,2,5,1.6649446164282882,60,True,7.730263157895024,-0.4782092117179262,True
FOX,2021-03-29,2021,1,0,0.34529666326332276,30,True,45.0,-0.13220370305936013,False
FOX,2024-09-26,2024,13,110,0.3617658917087301,227,True,-89.5,-0.08727931621712759,False
FOX,2026-01-22,2026,2,5,0.2590835267441578,6,True,171.5,-0.31937524573171105,True
FOXA,2021-03-26,2021,2,5,0.45063017575219444,30,True,33.09210526315837,-0.1072772810941075,False
FOXA,2024-09-18,2024,4,15,0.37098074471119036,107,True,-26.01315789473665,-0.18210645305982776,False
FOXA,2025-01-06,2025,9,40,0.4472409338586032,151,True,-78.5,-0.09217965429985198,False
FOXA,2025-10-02,2025,1,0,0.09302149099558665,65,True,130.13157894736833,-0.35580954253634434,True
FOXA,2026-01-21,2026,2,5,0.30629519120839643,2,False,146.61842105263167,-0.32725938435899316,True
FOXF,2016-10-18,2016,2,5,0.30292187149907135,93,True,-22.01315789473665,-0.10380622974390774,False
FOXF,2016-12-07,2016,1,0,0.46781354556202737,109,True,-64.52631578947376,-0.05457233644683135,False
FOXF,2017-05-24,2017,4,25,0.4188034745371807,104,True,-21.23684210526335,-0.24773756954594317,False
FOXF,2017-09-01,2017,1,0,0.4084507231437082,34,True,61.46052631578959,-0.24773756954594317,False
FR,2013-01-28,2013,14,70,0.27287690748026794,188,True,-52.605263157895024,-0.12276975584590799,False
FR,2016-08-23,2016,1,0,0.3829494031903069,10,True,81.90789473684208,-0.13813850873278544,False
FRPT,2018-08-17,2018,5,20,0.8052631177400287,132,True,9.052631578947512,-0.10941295494104153,False
FRPT,2020-10-23,2020,1,0,0.5259068356017607,76,True,-42.973684210526244,-0.27138886021748465,False
FRPT,2020-12-21,2020,1,0,0.6024434271918298,89,True,-62.28947368421041,-0.5209934245701335,True
FRPT,2021-01-28,2021,3,15,0.5507769734905754,64,True,28.894736842104976,-0.5209934245701335,True
FRPT,2021-04-19,2021,1,0,0.3742806359788018,9,True,166.0,-0.5209934245701335,True
FRPT,2021-06-01,2021,2,5,0.2823600611081831,4,False,158.76315789473665,-0.5260908874150103,True
FRPT,2024-10-16,2024,2,5,0.35102230620159114,71,True,83.53947368420995,-0.7026262404629047,True
FRPT,2025-01-29,2025,1,0,0.33272451026297967,1,True,211.5,-0.7026262404629047,True
FRT,2007-01-12,2007,5,20,0.2032019351716643,17,False,35.96052631578948,-0.2294945239123648,False
FRT,2007-03-27,2007,1,0,0.20496555142300066,18,True,107.0,-0.1969448849929093,False
FRT,2014-07-10,2014,1,0,0.20501957239565938,120,True,-47.43421052631584,-0.07186143732271111,False
FRT,2022-01-03,2022,1,0,0.1902506977919889,1,True,79.13157894736833,-0.3203620143147282,True
FRT,2026-07-08,2026,4,15,0.2339260138477992,13,False,69.5,-0.0817273626533418,False
FSLR,2008-01-02,2008,2,5,1.746204380264726,94,True,-13.67105263157896,-0.719643892620188,True
FSLR,2025-11-26,2025,2,5,0.7454953304386478,125,True,-104.50657894736833,-0.3505655336099701,True
FSS,2013-10-21,2013,6,25,0.8825058704176545,113,True,-35.76315789473665,-0.23302668392473092,False
FSS,2021-05-17,2021,1,0,0.34590427880358043,120,True,-84.60526315789502,-0.2819630507063551,False
FSS,2024-06-07,2024,1,0,0.2376813697169411,36,True,55.381578947368325,-0.30441481298816053,True
FSS,2024-07-16,2024,3,10,0.34040009812699923,11,True,164.0,-0.30441481298816053,True
FTI,2007-07-20,2007,5,30,0.5886843737357956,70,True,-23.42105263157896,-0.31035007357911937,True
FTI,2007-11-19,2007,1,0,0.4687083101706808,120,True,-33.88157894736844,-0.7260774250896551,True
FTI,2009-11-27,2009,1,0,0.23180784721507264,104,True,-4.065789473684163,-0.35079096675989163,True
FTI,2026-03-19,2026,5,25,0.6917296615436439,103,True,-35.5,-0.051278794127049276,False
FTNT,2011-07-07,2011,2,5,0.5117808169069469,1,False,147.02631578947376,-0.42067737564133956,True
FTNT,2015-03-19,2015,1,0,0.3500761297370836,96,True,-68.63157894736833,-0.5119803507541165,True
FTNT,2015-06-08,2015,9,50,0.46869347482090995,41,False,53.473684210526244,-0.5119803507541165,True
FTNT,2018-03-26,2018,9,60,0.4235785147679598,131,True,-40.53947368421041,-0.2901722772490035,False
FTNT,2018-07-26,2018,13,65,0.5100198284877289,180,True,-96.31578947368416,-0.26853602984854286,False
FTNT,2021-06-28,2021,8,50,0.6492422940136069,126,True,-54.71710526315837,-0.33976117858764376,True
FTNT,2021-12-31,2021,1,0,0.44895973990421734,0,False,145.5263157894733,-0.3245687104592656,True
FUL,2021-05-17,2021,3,25,0.4002799271316546,128,True,-42.53947368421086,-0.26279108290754094,False
FULT,2010-04-23,2010,3,10,0.4363161815497012,0,False,77.82894736842104,-0.2964287039152925,False
FULT,2017-01-17,2017,4,15,0.32803656781825197,30,True,178.81578947368416,-0.14707710926399975,False
FUN,2013-12-03,2013,10,70,0.22766202045256523,126,True,34.526315789473756,-0.19363917911858264,False
G,2013-07-25,2013,1,0,0.25312687045101545,6,True,34.32894736842127,-0.32354369554501783,True
GATX,2005-09-13,2005,1,0,0.2668235505198513,93,True,-28.59210526315789,-0.1043804939551577,False
GBCI,2013-07-19,2013,8,40,0.546685402050459,109,True,-20.84210526315792,-0.18962627852340852,False
GBCI,2013-11-25,2013,6,30,0.49729940794656025,19,False,75.34210526315792,-0.18962627852340852,False
GBX,2014-04-07,2014,5,30,0.7160437747617519,114,True,-58.473684210526244,-0.443284928240007,True
GBX,2014-06-25,2014,3,15,0.7955862958040067,59,True,2.1184210526316747,-0.443284928240007,True
GBX,2014-09-12,2014,3,10,0.5607147524390255,4,False,133.63157894736833,-0.443284928240007,True
GBX,2021-03-19,2021,5,25,0.6125018086214711,30,True,54.53947368421086,-0.19331907125441772,False
GD,2013-09-23,2013,1,0,0.28374084715339554,111,True,-20.73684210526335,-0.06261792321125903,False
GD,2014-01-02,2014,1,0,0.2174962101827178,106,True,20.776315789473756,-0.048707384087748995,False
GD,2014-02-07,2014,10,45,0.21232848379723235,155,True,-51.41447368421086,-0.08490907807937809,False
GD,2014-07-24,2014,1,0,0.2097062145281492,89,True,-48.21052631578959,-0.08818930962605942,False
GD,2014-10-24,2014,9,45,0.2468239158399983,162,True,-27.0,-0.1365246794697481,False
GD,2022-03-23,2022,5,25,0.25156634561574553,19,False,152.0526315789475,-0.1530539662113346,False
GD,2024-02-28,2024,1,0,0.2311332015209826,57,True,12.144736842104976,-0.149731940918422,False
GD,2024-04-11,2024,4,40,0.22722887490453636,150,True,-110.88815789473665,-0.22547285264272854,False
GD,2025-09-18,2025,4,20,0.224186291349584,83,True,-17.539473684209952,-0.14534904188918418,False
GDDY,2017-07-12,2017,4,20,0.21556377023409312,137,True,-67.0,-0.07074361887150804,False
GDDY,2017-12-22,2017,4,30,0.17148224781284416,146,True,-67.84210526315792,-0.2558402668160732,False
GDDY,2018-03-22,2018,8,40,0.36619721072539724,121,True,-31.855263157895024,-0.2946428571428571,False
GDDY,2018-07-10,2018,2,10,0.4641738103865509,46,True,94.19736842105249,-0.2946428571428571,False
GDDY,2018-09-26,2018,1,0,0.40149322773101703,2,True,130.89473684210543,-0.2894831462565647,False
GDDY,2024-08-08,2024,1,0,0.3956219983189262,117,True,-62.394736842104976,-0.39034294865999575,True
GDDY,2024-11-22,2024,11,50,0.40109895075409274,42,False,41.157894736842536,-0.39034294865999575,True
GE,2024-02-21,2024,13,65,0.3325384328403198,168,True,-18.0,-0.1764917329087744,False
GEF,2006-11-28,2006,7,30,0.5472726960771348,150,True,-52.43421052631584,-0.18775036577726378,False
GEF,2016-09-28,2016,5,20,0.5408288294020651,105,True,-48.15789473684208,-0.12303111391454358,False
GEN,2020-03-02,2020,2,5,0.5028555821547707,124,True,-47.256578947368325,-0.24691989722178187,False
GEN,2020-08-27,2020,1,0,0.28445631280821004,0,False,94.86842105263167,-0.24567368497369813,False
GEO,2013-02-11,2013,7,35,0.6280518991889614,62,True,-4.105263157894569,-0.1956805318597623,False
GEO,2024-04-11,2024,4,15,0.8002296482781253,65,True,-16.9736842105267,-0.3251670098336783,True
GFF,2015-03-27,2015,3,10,0.4663564339865405,91,True,-11.0,-0.2156520854335271,False
GGG,2011-05-11,2011,4,20,0.36793451093095264,39,True,17.480263157894797,-0.3944352241793988,True
GGG,2017-10-24,2017,4,20,0.30259730918117134,64,True,3.8289473684208133,-0.19443318569858148,False
GGG,2021-01-28,2021,1,0,0.3192372823179359,68,True,-26.618421052631675,-0.12214024410041224,False
GHC,2013-05-30,2013,1,0,0.41091148852056913,106,True,-65.67105263157873,-0.09466492337489518,False
GHC,2013-07-12,2013,14,70,0.38373348373728833,167,True,-53.381578947368325,-0.09028210335486142,False
GHC,2014-03-17,2014,1,0,0.23821117471434583,117,True,43.92105263157919,-0.07003007555547447,False
GHC,2014-11-14,2014,2,5,0.3019150650390867,81,True,134.0,-0.17783693783652788,False
GHC,2015-08-12,2015,1,0,0.21562571427932165,0,False,122.23684210526335,-0.3878492505207287,True
GHC,2024-02-13,2024,1,0,0.20691405752879266,113,True,-51.0263157894733,-0.1454779888808878,False
GIII,2007-01-22,2007,3,10,1.0325581657869054,21,True,55.97368421052636,-0.4816079178749181,True
GIII,2009-10-08,2009,1,0,1.687797265909154,118,True,-43.0,-0.24973505532404083,False
GIII,2010-05-07,2010,3,10,0.5507955376521796,104,True,11.789473684210407,-0.23487438886947887,False
GIII,2013-07-26,2013,4,15,0.40398464462964445,108,True,-38.493421052631675,-0.1272579632302826,False
GIII,2013-12-17,2013,8,35,0.35556910802217456,136,True,-34.125,-0.13930992313726587,False
GIII,2014-08-21,2014,2,5,0.25945289804870364,125,True,90.0,-0.03468207881473595,False
GIII,2014-12-30,2014,8,40,0.24462474913855115,133,True,102.0,-0.4389574243821105,True
GIII,2015-04-06,2015,1,0,0.3697984393656988,68,True,25.815789473684163,-0.4389574243821105,True
GIII,2015-06-16,2015,8,40,0.44301400833619886,18,False,51.868421052631675,-0.4389574243821105,True
GILD,2012-10-26,2012,6,30,0.28931146149513065,139,True,-79.36184210526312,-0.13529300773080122,False
GILD,2013-02-04,2013,2,5,0.47641237916878687,120,True,-14.407894736842081,-0.0907783546223353,False
GILD,2013-03-26,2013,10,45,0.35947595641512753,152,True,-46.53947368421086,-0.09894029148676609,False
GILD,2013-09-09,2013,8,55,0.36395362849366397,116,True,1.2368421052633494,-0.22001201818034477,False
GILD,2014-01-02,2014,5,25,0.4469026771048674,144,True,-76.82894736842127,-0.04627335630418572,False
GILD,2014-09-26,2014,2,5,0.5810356627895956,24,True,118.63157894736833,-0.2168618561232145,False
GILD,2026-04-10,2026,1,0,0.18987354255077848,90,True,4.473684210526699,-0.028184305488387684,False
GIS,2013-03-19,2013,9,40,0.19557287803601997,94,True,-12.552631578947512,-0.09734823085557154,False
GKOS,2020-12-09,2020,10,55,0.7893617422778247,95,True,-25.328947368421268,-0.5878198391439335,True
GKOS,2024-12-16,2024,2,5,0.2869899779633869,24,True,50.605263157895024,-0.5042798811325009,True
GL,2010-04-23,2010,1,0,0.2810766801338065,0,False,51.973684210526244,-0.13781600046530118,False
GL,2013-05-30,2013,1,0,0.2750656645118572,118,True,-104.11842105263167,-0.03595992853323948,False
GL,2013-07-05,2013,5,20,0.26945249211927624,130,True,-60.78947368421041,-0.07802752389698553,False
GL,2013-09-09,2013,3,10,0.22183939041059553,124,True,31.0,-0.05288156644528019,False
GL,2017-01-24,2017,2,5,0.2057613028094576,125,True,-80.0,-0.04854083489972083,False
GL,2026-07-29,2026,3,10,0.31329156558568383,6,False,144.0,-0.08348563822496369,False
GLW,2014-06-11,2014,1,0,0.27278940890192227,16,True,48.40789473684208,-0.21250388026241973,False
GLW,2017-03-15,2017,2,5,0.23231770812510755,91,True,-38.401315789473756,-0.160041180321717,False
GLW,2017-06-30,2017,4,15,0.2430115401993853,135,True,-90.26315789473665,-0.22995888533200082,False
GLW,2021-03-19,2021,5,30,0.2734191048591337,22,False,83.19736842105249,-0.22603559291372832,False
GM,2021-01-07,2021,1,0,0.8497011986479956,104,True,-31.171052631579187,-0.26830406279751207,False
GM,2021-03-15,2021,3,15,0.9021664637790914,59,True,-31.631578947368325,-0.26830406279751207,False
GM,2026-01-14,2026,1,0,0.5344614290998615,8,True,72.19736842105249,-0.15997447568824386,False
GME,2007-10-15,2007,4,20,0.7089839675713383,49,True,5.572368421052602,-0.38736188247087733,True
GMED,2014-02-18,2014,8,35,0.373425017161769,31,False,60.973684210526244,-0.3269017114614027,True
GNRC,2019-08-19,2019,4,15,0.40955619969657464,127,True,-69.46710526315792,-0.3245276454502928,True
GNRC,2020-01-10,2020,1,0,0.4000284749962595,120,True,-45.19736842105249,0.0,False
GNRC,2021-03-01,2021,7,40,0.8550764067639316,134,True,-57.42105263157919,-0.5505228022436226,True
GNW,2010-04-09,2010,2,5,0.5132230486523637,10,True,65.82236842105272,-0.4414556611840451,True
GNW,2013-07-05,2013,5,20,0.5153750948835549,130,True,-13.75,-0.23877911646036254,False
GNW,2013-12-24,2013,2,5,0.4005376638123661,94,True,7.315789473684163,-0.6182795828485061,True
GNW,2014-05-20,2014,1,0,0.20976617597914782,14,True,144.81578947368416,-0.6145717461193729,True
GOLF,2020-01-13,2020,2,5,0.22965976684609246,101,True,-37.743421052631675,-0.0797927176804315,False
GOOG,2009-11-05,2009,7,40,0.3469423558683338,39,False,31.263157894736878,-0.30423617391104985,True
GOOG,2020-01-31,2020,2,5,0.18628449956398696,119,True,-68.17763157894751,-0.097724521655702,False
GOOG,2021-08-11,2021,4,15,0.31421983672667,70,True,62.5,-0.30037352363938885,True
GOOG,2024-06-24,2024,2,20,0.29597362128073823,122,True,-14.434210526315837,-0.2594520475843637,False
GOOG,2025-11-06,2025,4,15,0.8358801363138981,128,True,-88.03289473684163,-0.2017552505464162,False
GOOGL,2009-11-05,2009,7,40,0.34694242964423383,39,False,31.263157894736878,-0.3042360003997112,True
GOOGL,2020-02-07,2020,1,0,0.22626625018976365,114,True,-74.13157894736833,-0.09934508341347559,False
GOOGL,2021-08-04,2021,7,50,0.3126117332992784,75,True,55.0,-0.2991120261176162,False
GOOGL,2024-06-24,2024,3,20,0.29699074050891316,135,True,-29.407894736842536,-0.26415072436126374,False
GOOGL,2025-11-06,2025,4,15,0.8495574105151162,128,True,-91.32236842105249,-0.21047203234359313,False
GPC,2011-02-07,2011,2,5,0.21537828373856072,104,True,-16.960526315789593,-0.18546281874887893,False
GPC,2014-12-22,2014,3,10,0.24756747371102739,4,False,162.25,-0.2558945045206027,False
GPC,2021-04-05,2021,6,40,0.25379368650117984,157,True,-27.065789473684163,-0.1269881759635455,False
GPI,2006-04-19,2006,9,40,1.0211727932736787,18,False,80.81578947368422,-0.2985540090546305,False
GPI,2021-03-12,2021,1,0,0.9383738354192446,90,True,-20.657894736842536,-0.0996816317934035,False
GPI,2024-09-18,2024,6,55,0.4415503425632421,101,True,95.57894736842081,-0.23007463656419513,False
GPI,2025-01-14,2025,4,15,0.4656729401557289,21,True,13.078947368420813,-0.23007463656419513,False
GPK,2011-04-05,2011,1,0,0.6557862725023638,26,True,49.0,-0.45328691730010007,True
GPK,2013-07-05,2013,2,20,0.2606058094182728,124,True,-18.11184210526335,-0.04479162273042969,False
GPK,2014-02-14,2014,4,15,0.26506110390095183,135,True,81.77631578947376,-0.13033175422820253,False
GPK,2014-09-12,2014,1,0,0.27056504880458787,110,True,-89.86842105263167,-0.18440333057250713,False
GPK,2015-01-14,2015,5,25,0.1867015007548829,25,False,160.7894736842104,-0.18440333057250713,False
GPK,2023-06-09,2023,2,5,0.18329672322999113,1,False,113.53947368420995,-0.2456302353625267,False
GPN,2015-10-08,2015,11,55,0.3292471593985882,163,True,-49.57894736842127,-0.15815857515885512,False
GPN,2018-03-06,2018,2,10,0.19559494083964535,130,True,13.815789473684163,-0.2404316204453265,False
GRBK,2015-07-28,2015,5,20,0.5716145787252267,14,False,103.10526315789457,-0.6570446937660048,True
GRBK,2020-02-06,2020,1,0,0.27682403521309507,118,True,-48.65789473684208,-0.03851542023946708,False
GRBK,2020-12-04,2020,3,15,0.9464595046658393,101,True,-43.56578947368416,-0.26331040554334495,False
GRBK,2023-05-24,2023,7,45,1.0876890983777483,37,False,85.5,-0.34729106610392657,True
GRMN,2007-07-06,2007,13,60,0.4104615389369579,80,True,67.36842105263156,-0.669628618104201,True
GRMN,2012-03-12,2012,2,5,0.48010167981439555,36,True,30.90789473684208,-0.2650941941756143,False
GRMN,2013-11-04,2013,1,0,0.38018354476538385,103,True,-30.171052631578732,-0.12475284196592584,False
GRMN,2018-01-12,2018,1,0,0.2545255385935876,24,True,148.23684210526335,-0.1083432094710205,False
GRMN,2020-01-24,2020,1,0,0.28400940280441844,17,True,53.65789473684208,-0.3813872112624713,True
GRMN,2021-08-18,2021,6,25,0.3025026403695712,8,False,49.86184210526335,-0.4425772413823966,True
GRMN,2024-07-23,2024,2,5,0.3713835190275827,99,True,57.9736842105267,-0.20794746339051695,False
GRMN,2024-09-11,2024,1,0,0.24291767499347716,109,True,-13.73684210526335,-0.27973288873381874,False
GRMN,2024-11-06,2024,12,55,0.2445776971448692,69,True,57.7763157894733,-0.27973288873381874,False
GRMN,2025-10-02,2025,2,5,0.19166835023521855,4,False,145.67105263157828,-0.27974737467708377,False
GS,2009-11-12,2009,1,0,0.3342684206856308,103,True,3.25,-0.2893800796219521,False
GS,2024-11-06,2024,4,15,0.34944338640510186,68,True,17.131578947368325,-0.30895728760155616,True
GSHD,2023-09-29,2023,1,0,0.46539521970324893,96,True,7.092105263157464,-0.42085196207416853,True
GSHD,2024-02-01,2024,3,10,0.22253386092633942,11,True,144.0,-0.42085196207416853,True
GT,2007-03-20,2007,2,5,1.1068911674391053,76,True,-17.41447368421052,-0.3587226221598785,True
GT,2014-03-24,2014,1,0,0.19724352459298533,84,True,55.21052631578959,-0.3080306142000072,True
GTES,2021-03-24,2021,4,15,0.4208144378521528,50,True,26.9736842105267,-0.226595715323741,False
GTES,2021-05-27,2021,1,0,0.3529850505141372,5,True,92.76315789473665,-0.226595715323741,False
GTY,2016-05-06,2016,2,5,0.2625787341116017,98,True,-50.86184210526335,-0.09042068920194712,False
GTY,2016-08-16,2016,1,0,0.3417588539341314,110,True,-92.17105263157873,-0.09907861802901152,False
GTY,2016-09-21,2016,2,5,0.28109165041953155,108,True,-15.039473684210407,-0.1136258713782794,False
GVA,2006-04-04,2006,3,15,0.26547985166282606,135,True,-74.53947368421052,-0.2372314940464627,False
GVA,2024-10-16,2024,6,35,0.5408967631699553,34,False,8.730263157895024,-0.2905778256095186,False
GWRE,2013-07-02,2013,3,10,0.4670255545574562,83,True,-4.052631578947512,-0.31680063476085973,True
GWRE,2013-09-12,2013,3,10,0.23214749358311648,118,True,-25.5,-0.39264555898576925,True
GWRE,2013-10-31,2013,1,0,0.2361687236095089,83,True,63.84210526315792,-0.39264555898576925,True
GWRE,2017-08-03,2017,2,5,0.3594584817402644,79,True,-1.5,-0.14884620266390036,False
GWRE,2017-11-17,2017,1,0,0.28371138077199065,118,True,-84.25,-0.19359724965522906,False
GWRE,2024-02-26,2024,1,0,0.5054698508037989,108,True,-65.56578947368416,-0.06703546562537743,False
GWRE,2024-10-14,2024,5,35,0.71946195072496,77,True,1.2894736842108614,-0.23590869507636592,False
GWW,2010-04-01,2010,2,5,0.2372727767674363,118,True,-84.28289473684208,-0.02702256522986224,False
GWW,2011-01-24,2011,1,0,0.265637805785766,114,True,7.052631578947285,-0.21199379892087233,False
GWW,2011-11-29,2011,5,35,0.22898719827881786,98,True,41.6052631578948,-0.19142822570493123,False
GWW,2012-02-27,2012,2,15,0.5334020565063364,38,True,86.14473684210543,-0.19142822570493123,False
GWW,2018-04-18,2018,1,0,0.5787148435548599,87,True,-12.0,-0.27492961438813446,False
GWW,2018-05-31,2018,1,0,0.47440749179244923,57,True,2.8684210526316747,-0.27492961438813446,False
GWW,2018-07-27,2018,1,0,0.20090405448033644,17,True,89.25,-0.27492961438813446,False
GWW,2018-10-01,2018,2,5,0.26469418509833975,2,False,57.70394736842081,-0.2672205236015841,False
GWW,2020-01-02,2020,1,0,0.2950131282777648,0,False,48.94736842105249,-0.3894353733863194,True
GWW,2024-03-20,2024,3,10,0.4768355150309822,128,True,-24.842105263157464,-0.11393887882183018,False
H,2011-02-07,2011,2,5,0.22277831727297626,7,True,57.63815789473665,-0.3984248959481621,True
H,2014-06-25,2014,5,20,0.21885680416865116,60,True,-18.15789473684208,-0.14041430417378986,False
H,2017-12-20,2017,7,30,0.2491275353400182,112,True,25.368421052631675,-0.24189987738453778,False
HAE,2018-01-29,2018,1,0,0.5695237659272694,119,True,-98.80263157894751,-0.15772963289674014,False
HAE,2018-05-23,2018,9,45,0.5731368360980633,90,True,-12.434210526315837,-0.2991511636053472,False
HAE,2018-10-01,2018,1,0,0.6218883509092676,0,False,42.10526315789457,-0.2991511636053472,False
HAFC,2014-01-31,2014,1,0,0.23235412917832488,27,True,102.47368421052624,-0.21154706761222486,False
HAFC,2016-09-28,2016,2,5,0.2096257898460392,67,True,10.5,-0.26322910460363025,False
HAL,2011-06-09,2011,1,0,0.22200497629027094,31,True,75.25,-0.49815920064406616,True
HAL,2014-04-22,2014,2,5,0.21461705964320177,64,True,92.18421052631584,-0.4922862347422745,True
HAL,2026-01-28,2026,8,65,0.4655771522619381,77,True,18.822368421052488,-0.27122638650458764,False
HAS,2010-12-09,2010,1,0,0.2377190457236018,1,True,28.276315789473756,-0.2913566119584501,False
HASI,2016-07-13,2016,1,0,0.29594270544733914,39,True,26.921052631578732,-0.24986136006417126,False
HASI,2016-09-08,2016,2,10,0.41009914781332113,0,False,91.94078947368416,-0.24561808358575798,False
HASI,2020-01-17,2020,8,35,0.2473002040810408,155,True,-7.105263157895024,-0.1054245027359686,False
HASI,2021-01-29,2021,1,0,0.7209651600076286,7,True,64.9736842105267,-0.28441745023242015,False
HASI,2026-04-20,2026,1,0,0.3887925390957365,12,True,37.01315789473665,-0.16024013078093446,False
HCA,2013-01-30,2013,7,45,0.6120068602558968,160,True,-58.68421052631584,-0.030409495869110015,False
HCA,2014-08-04,2014,9,45,0.358440063898122,159,True,-55.381578947368325,-0.1613860877782467,False
HCA,2015-07-31,2015,2,5,0.3137005679293263,2,False,108.65789473684208,-0.33188009226286086,True
HCA,2021-07-23,2021,6,45,0.4952376784511976,164,True,-64.78947368420995,-0.3762964794865119,True
HCA,2026-01-08,2026,1,0,0.27032868024056045,40,True,47.5,-0.33619976971583454,True
HCC,2024-02-07,2024,1,0,0.49786247549497387,99,True,51.0,-0.36857053582158017,True
HCC,2026-01-22,2026,3,10,0.6665367081405944,90,True,-49.21052631578914,-0.2950671255305516,False
HCI,2012-04-25,2012,3,10,0.8394105951121185,114,True,-34.0,-0.2704744592022694,False
HCI,2012-07-06,2012,8,50,1.4999046335373212,168,True,-89.90789473684208,-0.06323121079710836,False
HCI,2012-10-22,2012,1,0,0.8731399214372175,115,True,-66.57894736842104,-0.10163965495611715,False
HCSG,2017-08-14,2017,1,0,0.26747799926222937,114,True,-93.01315789473665,-0.3503302099361988,True
HCSG,2017-09-26,2017,2,5,0.2915091331702364,84,True,24.75,-0.3503302099361988,True
HCSG,2026-06-30,2026,3,10,0.25114623107213885,12,True,168.0,-0.1781904513649073,False
HD,2012-08-23,2012,2,5,0.21826059335897452,104,True,4.75,-0.057505190492619374,False
HD,2012-10-19,2012,5,30,0.2245678704132863,148,True,-75.5,-0.07986913181586963,False
HD,2013-05-08,2013,4,25,0.22116526802880365,143,True,-107.86842105263167,-0.06609215695322557,False
HD,2015-02-20,2015,6,30,0.24898981274697363,124,True,-67.2894736842104,-0.09633545771503149,False
HE,2015-02-05,2015,1,0,0.5097255967298631,0,False,75.0,-0.18691442938162817,False
HFWA,2022-11-16,2022,2,5,0.33614672297111836,6,True,61.66447368420995,-0.5293639611589291,True
HIG,2013-07-26,2013,1,0,0.2728583887274041,105,True,-20.85526315789457,-0.1212451774717398,False
HIG,2024-03-20,2024,4,15,0.38596442225480043,134,True,-39.0,-0.09494583509444421,False
HII,2013-04-17,2013,4,20,0.19213297613814273,129,True,-3.3421052631579187,-0.02026556988228556,False
HII,2013-07-19,2013,9,55,0.4244284448908606,160,True,-81.05263157894751,-0.15089448801977,False
HII,2013-11-11,2013,13,85,0.4217606009180672,80,False,-23.289473684210407,-0.15089448801977,False
HII,2015-04-06,2015,2,5,0.3828579040979949,4,False,58.631578947368325,-0.26253161225512955,False
HII,2016-07-12,2016,1,0,0.37874239555515987,113,True,-66.22368421052624,-0.020483111404164256,False
HII,2025-11-13,2025,13,85,0.38551413794684186,72,False,36.42105263157919,-0.4051070506009672,True
HIW,2024-08-20,2024,9,50,0.3538030772889327,42,False,32.144736842104976,-0.28060329227721126,False
HL,2020-01-16,2020,2,5,0.6119039193186107,124,True,-49.756578947368325,-0.04072425158682669,False
HLI,2017-10-25,2017,5,20,0.30467192493258843,61,True,89.0,-0.15114384030205474,False
HLI,2017-12-29,2017,5,20,0.31495075951170715,140,True,-77.23684210526335,-0.33476922724734925,True
HLI,2021-10-15,2021,6,35,0.4995318621084428,61,True,8.01315789473665,-0.3657448765831156,True
HLI,2024-10-31,2024,6,25,0.3338519756128635,17,False,4.513157894736651,-0.25199956182986283,False
HLIT,2013-08-09,2013,3,10,0.47476635647294874,51,True,18.14473684210543,-0.23543684881923777,False
HLNE,2018-01-05,2018,4,20,0.5977082093902115,133,True,-69.71052631578914,-0.3631058721471673,True
HLNE,2024-11-06,2024,4,15,0.6656972972656707,3,False,120.68421052631584,-0.36778568190786354,True
HLT,2018-02-14,2018,1,0,0.38811010371931354,0,False,94.47368421052624,-0.2534618079080758,False
HLT,2024-02-08,2024,6,25,0.26416439082868304,108,True,39.368421052631675,-0.11556138179671638,False
HMN,2009-10-01,2009,2,5,0.4912183053191914,125,True,-98.45394736842104,-0.08109863433269537,False
HMN,2013-05-30,2013,9,55,0.34588355915449376,148,True,-91.42105263157873,-0.1306549516371438,False
HMN,2013-10-07,2013,1,0,0.30699637518728506,58,True,69.63157894736833,-0.1306549516371438,False
HMN,2013-11-25,2013,4,20,0.2625811154670663,139,True,-4.526315789473756,-0.09305306466176533,False
HMN,2016-12-15,2016,6,25,0.3456943940268786,12,False,37.375,-0.20785393285844111,False
HNI,2023-11-15,2023,6,50,0.5039708800805716,170,True,-131.1513157894733,-0.18238840927066913,False
HNI,2024-08-20,2024,3,10,0.2025391310476392,68,True,72.5263157894733,-0.2947075775730137,False
HOG,2006-11-06,2006,3,20,0.402203612700061,12,False,26.75,-0.26129223313932914,False
HOG,2013-10-21,2013,1,0,0.24932572660262897,54,True,-4.197368421052488,-0.12489240341044339,False
HOMB,2013-05-31,2013,13,75,0.275217219739615,143,True,-49.90789473684208,-0.25648419947316736,False
HOMB,2013-11-26,2013,4,25,0.6759312082118965,18,False,30.28947368421086,-0.25648419947316736,False
HOMB,2015-11-20,2015,2,5,0.36007991363986025,1,False,38.605263157895024,-0.25021963855661045,False
HOMB,2021-04-27,2021,3,15,0.617312187060475,8,False,96.93421052631584,-0.265508609217168,False
HON,2007-05-09,2007,8,35,0.3763331248167261,109,True,-43.86842105263156,-0.19273182992690463,False
HON,2011-02-07,2011,2,5,0.3192873786807162,54,True,7.480263157894569,-0.31475034476029196,True
HON,2013-07-26,2013,1,0,0.2263411039558041,109,True,-53.276315789473756,-0.03173927025264489,False
HON,2020-12-29,2020,1,0,0.4613629764165308,105,True,-59.93421052631584,-0.1919110105725268,False
HOPE,2017-01-24,2017,2,5,0.42971124541009753,1,False,64.42763157894751,-0.3165023780799552,True
HP,2011-03-01,2011,8,35,0.6747771250421088,101,True,-9.881578947368325,-0.4843266871514913,True
HP,2013-03-05,2013,1,0,0.44305096075061146,110,True,-37.17105263157873,-0.06669290540764161,False
HP,2013-11-18,2013,2,5,0.23509470278760936,106,True,-61.65789473684208,-0.4666447572889929,True
HP,2014-03-03,2014,9,50,0.5769486634264884,86,True,6.236842105263349,-0.5069765986058525,True
HP,2026-01-21,2026,1,0,1.1200082122026163,81,True,-19.0263157894733,-0.26486874766707014,False
HP,2026-03-26,2026,1,0,0.6924954217733317,98,True,-27.53947368421086,-0.05216999395412958,False
HPQ,2006-01-13,2006,2,5,0.2861992376507634,56,True,51.66447368421052,-0.1306806959509097,False
HQY,2018-06-28,2018,1,0,0.5982162313828765,92,True,-2.921052631578732,-0.47371565785068015,True
HQY,2018-11-05,2018,1,0,0.36498862901566187,2,True,140.36842105263167,-0.47371565785068015,True
HR,2012-08-09,2012,1,0,0.18107197950614506,119,True,-26.763157894736878,-0.12103525992862108,False
HR,2013-03-26,2013,8,40,0.21195617079080487,37,False,70.33552631578914,-0.28807185508098576,False
HR,2016-06-06,2016,9,55,0.2341729294339565,39,False,50.07894736842127,-0.23358303635356847,False
HRB,2013-02-11,2013,11,50,0.5656528506616654,119,True,-48.01315789473665,-0.17961532450385564,False
HRB,2024-09-04,2024,3,25,0.3116128408761638,12,False,90.69736842105249,-0.21445306954231325,False
HRL,2010-11-24,2010,4,25,0.23914617927074966,121,True,-13.532894736842081,-0.1251679357359724,False
HRL,2011-02-14,2011,2,5,0.21466992297488918,109,True,3.236842105263122,-0.13203810082116008,False
HRL,2011-04-27,2011,3,10,0.2988401175364588,59,True,-18.736842105263122,-0.13203810082116008,False
HRL,2013-03-05,2013,8,50,0.34242692219166804,166,True,-103.69736842105249,-0.042620111806760175,False
HRL,2015-12-04,2015,12,55,0.3932139675807742,49,False,48.631578947368325,-0.23241971310638354,False
HSIC,2013-12-03,2013,1,0,0.21966801718769657,65,True,16.84210526315792,-0.07664139157419203,False
HST,2014-06-11,2014,2,5,0.22273383273829817,122,True,-70.09210526315792,-0.1814598237233459,False
HST,2026-06-30,2026,6,25,0.37563805561439145,20,False,76.84210526315837,-0.12725136583781893,False
HSTM,2011-04-27,2011,1,0,0.5739550510910152,48,True,34.03947368421041,-0.28114119645663316,False
HSTM,2011-06-23,2011,5,20,0.6257142710630743,126,True,-70.21052631578937,-0.12340406581619023,False
HSTM,2011-11-07,2011,4,15,0.4214730435180496,113,True,52.19736842105249,-0.20976343256363028,False
HSTM,2012-08-02,2012,1,0,0.590551221403592,44,True,117.7105263157896,-0.34359644121174093,True
HSY,2013-03-19,2013,6,25,0.19944502037118528,97,True,63.526315789473756,-0.072048308385258,False
HSY,2019-05-22,2019,14,65,0.22025288470661764,72,True,28.0,-0.3026471158126026,True
HSY,2021-07-21,2021,1,0,0.20169918915412177,117,True,-65.55263157894751,-0.01507614778943045,False
HSY,2022-04-06,2022,4,15,0.2537956965691588,96,True,-26.0,-0.07652515696137885,False
HTH,2016-11-23,2016,6,30,0.4045969666282285,27,False,39.67763157894751,-0.27385446386510137,False
HTH,2021-02-11,2021,5,20,0.5222350157448608,20,False,41.381578947368325,-0.1955300312670668,False
HTO,2007-02-05,2007,1,0,0.45110943955033767,37,True,36.48684210526312,-0.33798949721310767,True
HTO,2016-12-08,2016,5,20,0.5110901956530527,1,False,43.67105263157873,-0.1858991251063773,False
HUBB,2011-01-31,2011,3,10,0.283434695321942,43,True,37.0,-0.33129955133497235,True
HUBB,2013-03-19,2013,1,0,0.22272327285187332,94,True,26.39473684210543,-0.09766666013965764,False
HUBB,2013-08-02,2013,1,0,0.20411926128129987,118,True,-21.684210526315837,-0.05781957957807138,False
HUBG,2020-01-31,2020,2,5,0.2198891355569781,5,False,27.171052631579187,-0.3759423206507848,True
HUM,2011-05-25,2011,5,20,0.3626296712141164,133,True,-48.0,-0.302503826207165,True
HUM,2014-07-17,2014,2,5,0.35664004799787175,108,True,-19.973684210526244,-0.06514407942902589,False
HUM,2014-10-31,2014,1,0,0.26634174575462066,95,True,98.15789473684208,-0.10645939970212759,False
HUM,2015-02-20,2015,13,75,0.27288870930228026,69,False,8.368421052631675,-0.2662407009850515,False
HUM,2015-07-29,2015,2,5,0.24220061662787606,14,True,159.02631578947376,-0.17352765803012715,False
HUM,2018-01-22,2018,1,0,0.1987053675657069,120,True,40.92105263157919,-0.16829877932535597,False
HUM,2018-09-24,2018,1,0,0.27497048904292254,32,True,124.25,-0.3395411399498197,True
HWC,2006-07-07,2006,2,5,0.40592011427603314,2,False,101.35526315789474,-0.2344574644529699,False
HWC,2016-11-23,2016,3,15,0.5492483546064091,135,True,-96.51315789473665,-0.18050056091543576,False
HWC,2017-02-07,2017,2,15,0.530900591388568,85,True,0.3289473684208133,-0.18050056091543576,False
HWKN,2024-04-11,2024,24,125,0.29022468552001435,164,True,-6.5,-0.2628294161836704,False
HWM,2019-12-16,2019,1,0,0.353466158490751,43,True,39.368421052631675,-0.6480774908864855,True
HWM,2023-08-14,2023,1,0,0.21680961954793654,120,True,-76.11842105263167,0.0,False
HWM,2024-07-29,2024,1,0,0.4968631042444236,120,True,-0.26315789473665063,-0.11593941125429919,False
HWM,2024-09-24,2024,4,15,0.4766559045716581,100,True,-8.947368421052488,-0.19413154809141864,False
HWM,2024-11-19,2024,4,15,0.37026260068917827,135,True,-51.57894736842081,-0.0384900349776951,False
HWM,2025-01-28,2025,3,15,0.5313392285879694,126,True,-106.0,-0.10943537792707714,False
HWM,2025-03-26,2025,2,5,0.3620675248058405,124,True,-30.9736842105267,-0.04902354641748485,False
HWM,2025-05-15,2025,11,50,0.40842095460484074,169,True,0.7368421052633494,-0.07861621159697574,False
HWM,2025-11-12,2025,3,10,0.28762934346929847,122,True,82.60526315789502,-0.09880102723814965,False
HWM,2026-01-20,2026,11,75,0.1746494258889446,145,True,83.55263157894751,-0.10032457189097932,False
HWM,2026-06-29,2026,4,20,0.26710752001839233,35,True,120.26315789473665,-0.10032457189097932,False
HXL,2010-10-13,2010,1,0,0.2991100361654637,89,True,1.986842105263122,-0.15031463614547358,False
HXL,2013-06-20,2013,2,10,0.2521414230538619,130,True,-85.0,-0.16467418991337635,False
HXL,2013-10-28,2013,10,50,0.3793446767815931,58,True,51.04605263157919,-0.20193964214268045,False
HXL,2025-12-19,2025,5,20,0.36360119391719703,140,True,-72.36842105263167,-0.09732908889593661,False
HXL,2026-07-22,2026,1,0,0.31724565957149076,2,True,103.26315789473665,-0.15912780959847161,False
HZO,2015-03-13,2015,3,25,0.3964341681659407,5,False,128.42105263157873,-0.4895412900032253,True
IART,2007-07-20,2007,1,0,0.19557550286839165,1,True,98.93421052631584,-0.22381603227738944,False
IART,2015-07-15,2015,3,10,0.28411903764729773,116,True,2.75,-0.19110782926037462,False
IART,2018-06-21,2018,2,5,0.335008089749649,0,False,77.5,-0.35842241854447043,True
IBKR,2013-09-25,2013,14,75,0.2765313743270599,47,False,3.8552631578945693,-0.17013607888852345,False
IBKR,2015-03-17,2015,2,15,0.3779703416021807,76,True,-9.618421052631675,-0.33307377695597806,True
IBKR,2015-06-25,2015,8,35,0.4260778604163322,6,False,57.55263157894751,-0.33307377695597806,True
IBKR,2017-11-09,2017,10,45,0.5424933899916493,125,True,-53.38815789473665,-0.4070332111355073,True
IBKR,2018-05-04,2018,2,5,0.3962588835591563,5,False,100.59210526315792,-0.4070332111355073,True
IBOC,2016-12-30,2016,4,15,0.605538015506814,2,False,61.05921052631584,-0.19160942402324266,False
IBP,2017-10-09,2017,2,5,0.27414631249271393,59,True,89.02631578947376,-0.4175257737513225,True
IBP,2019-12-02,2019,2,5,0.3015753069653033,55,True,1.4144736842104066,-0.6168814657788857,True
ICE,2007-01-30,2007,4,15,1.228929122385198,115,True,-86.77631578947376,-0.31815526560062235,True
ICE,2013-12-04,2013,6,25,0.25472796182904833,22,False,84.57894736842081,-0.18945108332113425,False
ICUI,2012-05-30,2012,1,0,0.257435427972853,88,True,-42.473684210526244,-0.09710143200421739,False
ICUI,2012-10-12,2012,1,0,0.20787430704919774,69,True,-0.513157894736878,-0.12267251089510611,False
ICUI,2015-09-02,2015,1,0,0.2505618320422227,46,True,104.0,-0.2735444668781848,False
ICUI,2016-12-15,2016,2,10,0.45136179493227124,130,True,-45.493421052631675,-0.0423925852562701,False
ICUI,2018-01-22,2018,1,0,0.3534708583266368,100,True,-76.05263157894751,-0.31192895921610164,True
ICUI,2018-03-06,2018,2,5,0.4204512399977789,70,True,22.105263157895024,-0.31192895921610164,True
ICUI,2018-05-09,2018,11,55,0.3080899821335312,25,False,69.07894736842127,-0.31192895921610164,True
ICUI,2024-10-02,2024,4,15,0.7451625756351568,10,False,74.2763157894733,-0.3051188783582429,True
IDA,2006-09-25,2006,2,10,0.22648224513445814,46,True,27.05921052631578,-0.22618616760429167,False
IDCC,2007-02-05,2007,1,0,0.2029391250504875,12,True,200.5,-0.4362717294241011,True
IDCC,2011-01-31,2011,3,20,0.8024987671619042,135,True,-59.53947368421041,-0.6363914951064013,True
IDCC,2024-12-12,2024,4,15,0.6775779850427486,130,True,-67.03947368420995,-0.05581582592977041,False
IDCC,2025-04-17,2025,1,0,0.23787986278179285,115,True,27.368421052631675,-0.29124569705131165,False
IDCC,2025-07-23,2025,17,80,0.3327113966286275,72,False,133.5263157894733,-0.3648330816273657,True
IDXX,2006-03-21,2006,1,0,0.250187502074138,120,True,-105.5263157894737,-0.17071359231155048,False
IDXX,2007-09-24,2007,1,0,0.32655176623114235,38,True,23.973684210526358,-0.26850913727671766,False
IDXX,2011-04-05,2011,1,0,0.2565244890633711,75,True,42.17105263157896,-0.23962290071032233,False
IDXX,2016-07-12,2016,7,45,0.37607710735974154,162,True,-104.69736842105249,-0.0016991775416518307,False
IDXX,2017-03-15,2017,6,30,0.42072659034121607,58,True,17.36184210526335,-0.14109578586223603,False
IDXX,2018-08-24,2018,2,5,0.34074912628281995,3,False,61.93421052631584,-0.3076318948859792,True
IDXX,2019-07-26,2019,1,0,0.35954031191491853,28,True,47.0,-0.3690200839414991,True
IDXX,2021-06-08,2021,3,10,0.2278464509521465,41,True,109.0,-0.3389821149421629,True
IDXX,2021-07-28,2021,2,5,0.4952922052575153,6,True,124.49342105263167,-0.3389821149421629,True
IESC,2020-01-31,2020,3,15,0.4082207154597801,134,True,-5.315789473684163,-0.03255031336202718,False
IESC,2023-09-06,2023,1,0,0.6199599512017868,118,True,-96.09210526315746,-0.05385259182604896,False
IESC,2024-03-27,2024,9,55,0.7964109505418357,171,True,-76.5263157894733,-0.48176592841162424,True
IESC,2024-09-18,2024,13,60,0.547919661296248,85,True,115.0,-0.49225321927341414,True
IESC,2026-02-11,2026,3,10,0.45418562601415013,128,True,-19.907894736842536,-0.5809864685010064,True
IESC,2026-06-01,2026,5,20,0.6100534585282977,53,True,22.5263157894733,-0.5809864685010064,True
IEX,2013-02-26,2013,5,20,0.2357049201648942,140,True,-70.59210526315792,0.0,False
IEX,2013-07-26,2013,2,5,0.19869969907410812,119,True,-13.407894736842081,-0.07088082189348255,False
IEX,2013-09-23,2013,8,50,0.216687113640067,170,True,-132.5,-0.12637767165021818,False
IEX,2014-01-09,2014,2,5,0.27698627443773494,121,True,6.5,-0.18281256137632163,False
IEX,2018-03-13,2018,2,5,0.21905041347713783,118,True,-86.68421052631584,-0.23394072305413605,False
IFF,2006-11-28,2006,9,40,0.3340017803789228,155,True,-42.56578947368416,-0.26099569108863974,False
IFF,2010-04-16,2010,3,10,0.3099531645324043,5,False,75.0,-0.18373713264827962,False
IFF,2011-01-14,2011,3,10,0.2835299186796021,119,True,-21.5,-0.20603992364805268,False
IFF,2011-04-05,2011,1,0,0.308323166494725,64,True,-13.605263157894797,-0.20603992364805268,False
IFF,2011-05-11,2011,2,10,0.2383429900563645,39,True,-8.407894736842081,-0.20603992364805268,False
IFF,2013-03-19,2013,2,5,0.2587772921095506,99,True,-47.2236842105267,-0.0631241471302817,False
IFF,2014-03-10,2014,1,0,0.22027536084678845,81,True,131.5,-0.12295371774369301,False
IIPR,2019-03-12,2019,8,45,0.7853581968809686,84,True,60.605263157895024,-0.6546617635889398,True
IIPR,2019-07-19,2019,3,25,1.2642802452539987,0,False,145.0,-0.6146169111363264,True
IIPR,2021-01-21,2021,4,20,1.0769839707670577,140,True,-75.7236842105267,-0.3443141820468739,True
ILMN,2006-04-11,2006,3,20,0.9184615739639561,138,True,-59.18421052631578,-0.36835193124648535,True
ILMN,2006-12-27,2006,1,0,0.4121597677202735,23,True,189.5,-0.3055822902554284,True
ILMN,2008-07-31,2008,3,15,0.4637363248925064,11,False,104.8552631578948,-0.5784886924341763,True
ILMN,2010-12-02,2010,11,50,0.4947115249559726,148,True,-58.789473684210634,-0.6666666834510726,True
ILMN,2013-11-04,2013,5,20,0.4605520708216557,76,True,60.25,-0.2700791116430846,False
ILMN,2014-01-16,2014,10,45,0.6723631335880516,116,True,-29.223684210526244,-0.18451275543313173,False
ILMN,2014-07-10,2014,3,10,0.526629820931876,126,True,27.026315789473756,-0.08083528578599053,False
ILMN,2018-07-20,2018,11,50,0.27756116314063095,49,False,-5.052631578947512,-0.2577235326253806,False
INCY,2014-02-24,2014,2,10,0.9339295751411167,1,False,46.66447368421041,-0.3696066002238715,True
INDV,2020-07-29,2020,1,0,2.5757578676689175,1,True,51.30263157894751,-0.32432432432432434,True
INDV,2020-09-02,2020,1,0,1.5075756782123633,108,True,-43.85526315789457,-0.19686583950754166,False
INGR,2011-01-24,2011,1,0,0.4366741073607554,114,True,-57.881578947368325,-0.3375265381735906,True
INGR,2011-05-04,2011,1,0,0.25618359547556624,54,True,32.973684210526244,-0.3616326591714062,True
INGR,2016-07-26,2016,3,25,0.4767353395988261,30,True,53.28947368421041,-0.16458905779444666,False
INSP,2020-09-28,2020,1,0,1.1763923581246583,105,True,-10.131578947368325,-0.3382949140389919,True
INSP,2020-12-15,2020,6,30,1.0693229470536005,50,True,122.89473684210498,-0.3382949140389919,True
INSW,2026-02-04,2026,13,70,0.4086332792465601,138,True,-60.17105263157919,-0.004552218264656571,False
INTC,2014-08-07,2014,5,20,0.38307874086044236,84,True,1.7894736842104066,-0.28721304499441813,False
INTC,2024-01-08,2024,4,20,0.49004874600396553,12,False,35.368421052631675,-0.6136631805149992,True
INTU,2010-09-15,2010,7,40,0.2771502648967339,151,True,-58.76315789473688,-0.2876760344483229,False
INTU,2011-02-22,2011,2,5,0.23371498079166297,41,True,87.15789473684208,-0.2876760344483229,False
INTU,2014-01-16,2014,1,0,0.19009152339676483,116,True,-42.51315789473665,-0.03850131021815684,False
INTU,2018-03-06,2018,2,5,0.2003414008734532,125,True,-34.375,-0.16550756761071317,False
INTU,2018-05-02,2018,13,60,0.23345704716212556,107,True,-42.131578947368325,-0.20825667358495326,False
INTU,2021-01-21,2021,1,0,0.29212220970490343,119,True,-46.17105263157919,-0.159911543951599,False
INTU,2021-06-01,2021,15,70,0.2420798555715673,126,True,-27.842105263157464,-0.49010060491095264,True
INTU,2021-12-27,2021,2,5,0.3436912116419284,0,False,64.34210526315837,-0.45737883973456983,True
INVH,2021-05-18,2021,8,35,0.2146435173647836,155,True,-50.0,-0.23742834670908142,False
INVX,2013-10-28,2013,2,5,0.39565169165944303,1,False,58.11184210526335,-0.19308427419142604,False
INVX,2025-12-12,2025,2,5,0.34127452232222577,107,True,-36.53947368420995,-0.23961348822929363,False
INVX,2026-01-28,2026,2,5,0.4222724187584337,77,True,-49.56578947368416,-0.23961348822929363,False
IOSP,2007-01-29,2007,1,0,1.0562051330382567,119,True,-63.73684210526312,-0.5493582330861899,True
IP,2020-11-13,2020,6,30,0.5209613329201295,138,True,-69.61184210526335,-0.2588598251495585,False
IPAR,2013-03-26,2013,10,60,0.3609485595565891,165,True,-78.98026315789502,-0.30347906420292103,True
IPAR,2017-11-21,2017,3,20,0.2794348254781307,129,True,27.25,-0.027726261596319857,False
IPAR,2018-05-16,2018,18,100,0.17526745811174993,201,True,-60.868421052631675,-0.18436809268240717,False
IPGP,2011-02-01,2011,3,10,0.8092139364248301,106,True,110.05263157894728,-0.5536373200071629,True
IPGP,2011-04-06,2011,4,20,1.42346266704065,61,True,164.0,-0.5536373200071629,True
IPGP,2015-04-14,2015,2,5,0.5583117752966407,1,False,72.91447368421086,-0.27113353815727326,False
IPGP,2017-09-20,2017,10,50,0.5550865487040078,85,True,-50.98684210526335,-0.4958608781307491,True
IPGP,2018-01-08,2018,1,0,0.7109994607781136,10,True,140.0,-0.4958608781307491,True
IPGP,2018-03-07,2018,3,10,0.4120521003512132,63,True,117.0,-0.5949934545020625,True
IQV,2015-03-23,2015,1,0,0.1857990506381766,89,True,-35.18421052631584,-0.2931731867769376,False
IQV,2015-04-28,2015,1,0,0.20413474470059634,64,True,0.40789473684208133,-0.2931731867769376,False
IQV,2015-07-30,2015,2,5,0.27509718491269886,0,False,62.368421052631675,-0.29003174796937004,False
IQV,2017-08-22,2017,2,15,0.22469302166343685,53,True,-4.513157894736651,-0.12628960383932286,False
IQV,2017-10-25,2017,4,15,0.21295410647509305,8,False,42.855263157895024,-0.12628960383932286,False
IQV,2021-05-18,2021,2,5,0.32570581004320154,75,True,-33.05921052631584,-0.2562681961469129,False
IQV,2021-06-30,2021,2,5,0.38603217288976754,124,True,-38.44078947368416,-0.303516986993405,True
IR,2018-02-06,2018,1,0,0.38893528353850626,7,True,45.30263157894751,-0.32319723018646207,True
IRDM,2018-08-22,2018,1,0,0.6829268555187555,71,True,141.5,-0.29913101443750656,False
IRM,2011-04-27,2011,1,0,0.406628128081171,49,True,-28.40789473684208,-0.2112994952474352,False
IRM,2015-01-22,2015,1,0,0.338321012768781,10,True,42.368421052631675,-0.33641744179532107,True
IRM,2021-06-01,2021,3,10,0.7229909441507101,117,True,-79.43421052631584,-0.1263428886919894,False
IRM,2023-12-29,2023,1,0,0.25647457335308776,120,True,-57.894736842104976,-0.05899111159425152,False
IRM,2024-08-13,2024,9,40,0.5920654631362228,53,True,20.947368421052488,-0.3902544663683952,True
IRT,2016-09-23,2016,1,0,0.6742976245739896,0,False,60.46052631578959,-0.25292883985928916,False
IRT,2019-07-16,2019,5,20,0.2661355754729844,76,True,-34.55263157894751,-0.5273429502116389,True
IRT,2019-09-25,2019,6,25,0.37389415805857884,97,True,0.23684210526334937,-0.5645660675034427,True
IRT,2021-05-26,2021,9,60,0.32232139902941004,152,True,-80.68421052631584,-0.2682739852883991,False
IRT,2021-10-25,2021,8,55,0.33596559863896247,123,True,-35.20394736842081,-0.4526073225344648,True
IRT,2022-04-18,2022,2,5,0.2723741795711072,3,False,173.31578947368416,-0.4526073225344648,True
IRT,2024-08-15,2024,5,20,0.377206677576609,73,True,-12.73684210526335,-0.2217954751708503,False
ISRG,2010-03-11,2010,1,0,0.47570725356741095,24,True,50.07894736842104,-0.3621298204415123,True
ISRG,2012-04-10,2012,3,15,0.4686239093179554,15,False,56.447368421052715,-0.19684496480165392,False
ISRG,2017-11-14,2017,3,10,0.37830507369550026,105,True,-37.17105263157873,-0.07672544295534411,False
ISRG,2018-01-12,2018,1,0,0.3208509945700355,105,True,-10.592105263157919,-0.1223563483851896,False
ISRG,2018-08-24,2018,2,15,0.25351852840847444,25,True,38.15789473684208,-0.24332742590889478,False
IT,2007-03-27,2007,11,55,0.38299125975628456,40,False,55.46052631578948,-0.49114103451158864,True
IT,2010-12-16,2010,1,0,0.26289460936867926,90,True,28.684210526315837,-0.2515694051865871,False
IT,2011-02-07,2011,11,60,0.43153368220302646,55,False,16.447368421052715,-0.2515694051865871,False
IT,2014-12-30,2014,1,0,0.17938401743498655,120,True,25.65789473684208,-0.10340180886974726,False
IT,2021-07-14,2021,9,50,0.5087792344338493,78,True,23.842105263157464,-0.34036914329597023,True
ITGR,2018-10-01,2018,1,0,0.47262880547938035,103,True,-11.75,-0.2648719148761014,False
ITGR,2018-11-05,2018,2,5,0.3449275294846115,78,True,32.65789473684208,-0.2648719148761014,False
ITRI,2007-10-29,2007,1,0,0.5790083048466119,1,True,12.223684210526358,-0.33000642081913056,True
ITT,2005-09-20,2005,3,10,0.23489579848377162,129,True,-87.42105263157896,-0.207840140827252,False
ITT,2007-07-20,2007,1,0,0.1948152655368378,1,True,51.36842105263156,-0.2669260001088025,False
ITT,2009-10-22,2009,1,0,0.346531294122719,119,True,-54.8552631578948,-0.231918448222603,False
ITT,2013-02-26,2013,3,20,0.23600892537670548,136,True,-91.52631578947376,-0.012972076896541895,False
ITT,2013-09-23,2013,15,80,0.2450475736432567,194,True,-128.47368421052624,-0.26054009910849873,False
ITT,2018-01-29,2018,1,0,0.3980059235186799,0,False,68.2894736842104,-0.16433712504471054,False
ITW,2009-11-05,2009,3,20,0.41487251110813395,116,True,-96.26315789473688,-0.21793840862917868,False
ITW,2014-01-02,2014,1,0,0.2224314352181389,117,True,-72.65789473684208,-0.10467712587238887,False
ITW,2017-06-16,2017,3,20,0.20924508742070236,116,True,-67.18421052631584,-0.18476759696565348,False
IVT,2026-08-03,2026,1,0,0.2048353734926105,0,False,78.81578947368416,-0.06278676531945959,False
IVZ,2021-04-05,2021,1,0,1.3453089864391896,42,True,-15.815789473684163,-0.26482105341469453,False
J,2006-03-07,2006,2,5,0.2775083411563424,32,True,6.092105263157919,-0.2587170510105047,False
J,2006-04-19,2006,1,0,0.5107502318583705,2,True,64.9736842105263,-0.2587170510105047,False
J,2007-07-13,2007,3,20,0.6155090456637378,120,True,-35.0,-0.4443785185716299,True
J,2007-09-24,2007,11,55,0.6365954624718584,70,True,3.0921052631579187,-0.4443785185716299,True
J,2021-01-28,2021,1,0,0.20900247208571976,88,True,-13.0,-0.1626531650951949,False
J,2021-03-19,2021,12,55,0.3121460592013354,174,True,-102.91447368420995,-0.20842040994319266,False
JAZZ,2011-01-03,2011,7,30,1.4252734136907312,145,True,-81.44736842105272,-0.21845122744539736,False
JAZZ,2011-09-27,2011,1,0,0.40224166915576065,106,True,35.052631578947285,-0.21421767518526036,False
JAZZ,2013-09-24,2013,2,5,0.570076862644673,105,True,-9.901315789473756,-0.2877471694108449,False
JAZZ,2013-12-04,2013,10,70,0.6692936785920314,55,False,-1.3815789473683253,-0.2877471694108449,False
JAZZ,2026-01-14,2026,2,5,0.47148513838924866,119,True,-48.01315789473665,-0.045438061548023656,False
JAZZ,2026-06-16,2026,6,30,0.3545074918376865,33,True,46.21052631579005,-0.06368010363985288,False
JBHT,2011-02-14,2011,2,10,0.28744004492057473,99,True,18.10526315789457,-0.2728895165280901,False
JBL,2017-04-20,2017,2,5,0.35964744149968464,105,True,1.0855263157895934,-0.222384102862624,False
JBL,2021-12-27,2021,4,15,0.22739238335148282,2,False,155.5,-0.2915837956945889,False
JBL,2026-06-08,2026,4,15,0.664898626005362,5,False,61.54605263157919,-0.2554001656219125,False
JBLU,2015-08-19,2015,6,35,0.4065804870843812,20,False,129.01315789473665,-0.3460399786478606,True
JBLU,2015-11-19,2015,1,0,0.2552566806165819,11,True,176.5,-0.42808607967417966,True
JBSS,2009-11-27,2009,2,5,1.1492324653521528,41,True,-11.098684210526244,-0.297591837756744,False
JBSS,2014-01-02,2014,1,0,0.22816406152960877,94,True,3.5657894736841627,-0.07161307404607142,False
JBSS,2015-01-07,2015,1,0,0.637991108313924,113,True,-50.5,-0.12345427175094381,False
JBSS,2019-11-04,2019,3,10,0.35558156584504186,0,False,73.48684210526335,-0.3157291444655831,True
JBSS,2023-06-26,2023,2,5,0.526385952394637,0,False,56.25,-0.2555184553120712,False
JBTM,2013-09-19,2013,3,10,0.21810675030003757,84,True,26.789473684210407,-0.2016792540819231,False
JBTM,2013-11-07,2013,9,45,0.29282410318675245,49,True,42.84210526315792,-0.2016792540819231,False
JBTM,2016-12-06,2016,6,30,0.40605240187250957,142,True,-76.47368421052624,-0.11788454818403593,False
JBTM,2017-12-11,2017,2,5,0.248584789520512,51,True,94.13157894736833,-0.30067405495419086,True
JCI,2012-05-15,2012,1,0,0.20107140961927894,97,True,-63.25,-0.08055358979964111,False
JCI,2013-12-24,2013,1,0,0.26879404646221583,120,True,74.60526315789457,-0.15399857385174132,False
JCI,2014-02-14,2014,4,20,0.23552029926055473,86,True,-35.605263157895024,-0.15873311868481477,False
JCI,2021-03-26,2021,7,30,0.48988480357433506,119,True,-39.0,-0.3185203025471989,True
JCI,2021-09-09,2021,2,5,0.24857973453728688,79,True,18.96052631578914,-0.4232237094948188,True
JEF,2006-05-17,2006,2,5,0.31931137292553124,6,True,90.25,-0.2128087635639493,False
JEF,2007-06-21,2007,17,90,0.32146691055204046,206,True,-129.5526315789474,-0.7502773498283873,True
JEF,2011-01-31,2011,8,45,0.4321594169269831,44,False,36.131578947368325,-0.47667866667176606,True
JEF,2017-01-17,2017,1,0,0.2813255229745404,30,True,5.0,-0.1773211720640977,False
JEF,2020-12-14,2020,7,30,0.5082871504338251,135,True,-79.47368421052624,-0.10706802518286884,False
JEF,2021-03-12,2021,3,10,0.9657100841087645,117,True,-68.71052631578914,-0.19389016132846149,False
JEF,2021-05-03,2021,1,0,0.7186563553632435,120,True,-45.5263157894733,-0.36377806893197284,True
JEF,2021-11-04,2021,2,5,0.30053152240002134,0,False,62.82894736842172,-0.3797384685543894,True
JEF,2024-09-04,2024,4,20,0.37209572086774423,72,True,-8.875,-0.49488729289625255,True
JEF,2024-11-06,2024,9,55,0.591709831835791,27,False,40.23684210526335,-0.49488729289625255,True
JJSF,2005-09-13,2005,1,0,0.22867990510058567,112,True,-63.05263157894737,-0.1408947437516761,False
JJSF,2013-03-19,2013,2,5,0.26125475020389444,85,True,-28.289473684210407,-0.10727045739821106,False
JJSF,2014-03-17,2014,1,0,0.24096080345554638,29,True,183.5,-0.0972150768378397,False
JJSF,2015-01-14,2015,2,5,0.21438521844809344,5,False,100.49342105263167,-0.14551930973572902,False
JJSF,2019-09-16,2019,6,25,0.2625811671885365,14,False,102.18421052631584,-0.44175234662437257,True
JKHY,2009-10-08,2009,1,0,0.33261012459059036,113,True,-38.0,-0.07154361192235081,False
JKHY,2011-02-07,2011,1,0,0.21367405633963887,41,True,31.82894736842104,-0.27261766706113866,False
JKHY,2011-04-05,2011,1,0,0.3065778069417988,1,True,43.34210526315792,-0.27261766706113866,False
JKHY,2013-03-05,2013,5,40,0.22107138357825207,160,True,-57.5,-0.021012609234825397,False
JKHY,2013-10-21,2013,10,55,0.23069797025754024,174,True,-52.2236842105267,-0.11686438485636819,False
JKHY,2017-07-31,2017,1,0,0.19832404250534807,120,True,-18.15789473684208,-0.08737654061510303,False
JKHY,2018-09-10,2018,4,20,0.30180917901404536,4,False,70.76973684210498,-0.25461860841350636,False
JLL,2006-04-04,2006,4,15,0.6197636298328477,135,True,-75.98684210526312,-0.07287679223701404,False
JLL,2024-09-25,2024,2,5,0.4021716240789519,90,True,-55.855263157895024,-0.2816055614951255,False
JNJ,2013-04-03,2013,7,40,0.20936159673841614,159,True,-71.5,-0.07591108336818753,False
JNJ,2026-02-19,2026,6,35,0.4077701655452395,125,True,-63.09210526315837,-0.022091395574488026,False
JOE,2021-01-21,2021,5,25,1.383641982164813,12,False,54.31578947368416,-0.2583519886625829,False
JPM,2016-12-30,2016,6,25,0.41882632842774936,129,True,-55.118421052631675,-0.057858614326344426,False
JPM,2020-01-16,2020,1,0,0.21424642203781685,1,True,70.51315789473665,-0.4281476938015244,True
JPM,2021-02-26,2021,1,0,0.5097925867192254,68,True,-1.6184210526316747,-0.11353699743980472,False
JPM,2024-07-16,2024,3,30,0.2780635929648432,148,True,-52.73684210526335,-0.24423929489677143,False
JPM,2024-11-06,2024,5,25,0.2775433986770117,68,True,77.0,-0.24423929489677143,False
JPM,2025-01-22,2025,3,10,0.26410725191540996,130,True,-89.21052631578914,-0.04716787634425346,False
JXN,2024-09-18,2024,7,55,0.42660468876957425,35,False,120.0,-0.3709084807556745,True
KAI,2021-05-17,2021,1,0,0.3446902939219183,120,True,-16.907894736842536,-0.2556167609569947,False
KAI,2023-12-21,2023,2,5,0.32328087788539395,37,True,18.921052631578277,-0.23141953665829063,False
KALU,2013-10-14,2013,1,0,0.19964125592005288,117,True,-8.842105263157919,-0.07164782052571927,False
KALU,2017-09-19,2017,3,10,0.3230782392701068,85,True,-26.710526315789593,-0.14967153503720643,False
KBR,2010-12-29,2010,6,35,0.5164848914392901,142,True,-81.73684210526335,-0.4314981910326098,True
KBR,2011-03-25,2011,3,10,0.5347001979838835,82,True,-19.960526315789366,-0.4314981910326098,True
KDP,2012-08-24,2012,2,5,0.19636953236293997,111,True,-21.0,-0.07754117859773324,False
KDP,2014-08-29,2014,15,100,0.2356874955277779,145,True,-28.289473684210407,-0.08090012273906333,False
KDP,2015-04-07,2015,1,0,0.24020049272404842,84,True,-1.9605263157895934,-0.09875028272892172,False
KDP,2019-06-21,2019,1,0,0.235116907627279,111,True,97.02631578947376,-0.36872522512528316,True
KEX,2006-05-24,2006,3,10,0.3129561669698586,27,True,61.81578947368422,-0.28819876724148386,False
KEX,2013-11-25,2013,4,35,0.19585134933868553,151,True,-56.95394736842081,-0.3847394495711072,True
KEX,2014-06-11,2014,3,30,0.21850630812940186,64,True,111.0,-0.4118458591174886,True
KEY,2013-12-17,2013,2,5,0.2675296889388963,118,True,-31.28947368421086,-0.1581630110112816,False
KEY,2021-03-05,2021,1,0,0.6593599564824195,50,True,-32.17105263157873,-0.20756074185456974,False
KEYS,2016-12-16,2016,2,10,0.192118171676406,116,True,-37.67763157894751,-0.09714285335185369,False
KEYS,2018-06-01,2018,1,0,0.38770309723336194,70,True,-9.73684210526335,-0.18270678986284072,False
KEYS,2018-07-30,2018,2,20,0.2058761226537611,140,True,25.394736842104976,-0.11914163103051967,False
KEYS,2026-03-13,2026,1,0,0.6231363155117895,68,True,-55.5,-0.20522846699725883,False
KEYS,2026-04-27,2026,1,0,1.0230431450902548,38,True,34.56578947368416,-0.20522846699725883,False
KFY,2014-05-13,2014,3,10,0.2821278686702231,18,True,76.86842105263167,-0.25644973236341284,False
KFY,2021-04-05,2021,1,0,1.1836598318598974,110,True,-16.25,-0.2328529356441098,False
KGS,2025-02-03,2025,1,0,0.74488501379786,2,True,20.565789473684163,-0.3604082996068181,True
KIM,2007-02-05,2007,3,10,0.30442101405595623,11,True,48.60526315789468,-0.3030456747334528,True
KIM,2019-11-18,2019,2,5,0.22836524519118107,0,False,89.30921052631584,-0.6283804266016448,True
KKR,2011-04-29,2011,1,0,0.5778992295517684,0,False,75.0,-0.4649087916819429,True
KKR,2018-01-24,2018,2,5,0.2544282705668517,125,True,90.0,-0.3129487913154071,True
KKR,2021-05-05,2021,3,35,0.6688160799949578,127,True,-33.18421052631584,-0.4556959042524723,True
KKR,2021-08-13,2021,1,0,0.3804302605171259,57,True,26.157894736842536,-0.4556959042524723,True
KKR,2021-10-11,2021,9,55,0.26363294119093283,17,False,101.94736842105249,-0.4556959042524723,True
KKR,2024-07-18,2024,16,105,0.42001655468285626,135,True,12.598684210526699,-0.44390539701436726,True
KKR,2025-01-24,2025,2,5,0.43433781506885083,5,False,94.86842105263167,-0.44390539701436726,True
KLAC,2017-04-20,2017,5,25,0.3849635733601233,135,True,-70.52631578947376,-0.08978176800746207,False
KLAC,2024-06-14,2024,1,0,0.45147216848024097,16,True,36.76315789473665,-0.31015367961604,True
KLAC,2024-07-23,2024,1,0,0.3017202150497027,17,True,66.94736842105249,-0.30705294406068895,True
KLAC,2026-06-23,2026,4,15,1.0052534386343113,5,False,56.9736842105267,-0.4359152270352884,True
KLIC,2017-02-22,2017,3,25,0.6342989019395366,47,True,-30.684210526315837,-0.1947711503463494,False
KLIC,2021-02-26,2021,7,45,1.0010595354024652,133,True,-24.25,-0.3838384704763588,True
KLIC,2021-08-25,2021,3,15,0.41284790523151393,8,False,141.21052631578914,-0.3838384704763588,True
KLIC,2026-03-05,2026,3,10,0.761994975490861,81,True,6.828947368420813,-0.3807637536644586,True
KLIC,2026-06-30,2026,1,0,1.8751867284970523,1,True,107.94736842105249,-0.3807637536644586,True
KMB,2012-08-02,2012,1,0,0.22530775780309398,116,True,-89.15789473684208,-0.010779393463067555,False
KMB,2013-04-24,2013,4,15,0.19968269374861936,135,True,-29.901315789473756,-0.04880508475917933,False
KMB,2019-07-12,2019,1,0,0.20941437086442116,54,True,4.289473684210407,-0.19744609540741365,False
KMI,2024-08-26,2024,15,100,0.28708466067876826,100,False,9.342105263157464,-0.18395229912326372,False
KMT,2007-07-06,2007,3,10,0.4571371961177131,82,True,-58.11842105263156,-0.3969121189764385,True
KMT,2017-06-09,2017,1,0,0.24376364304957532,102,True,-14.631578947368325,-0.24908775578506936,False
KMT,2021-04-05,2021,1,0,0.4784047147131305,9,True,75.53947368421086,-0.21089968653165514,False
KMX,2006-12-27,2006,4,25,0.5461516626598442,17,False,54.118421052631675,-0.30620617769627645,True
KMX,2013-05-08,2013,6,45,0.36374172653668335,157,True,-69.17105263157919,-0.19170590603591542,False
KMX,2013-09-23,2013,1,0,0.24063499423915435,62,True,88.0,-0.19170590603591542,False
KN,2021-02-26,2021,3,10,0.35704969514791407,25,True,60.0,-0.1504384041257174,False
KN,2026-07-08,2026,2,5,0.5645377281918231,19,True,54.94736842105249,-0.1930693751771615,False
KNSL,2018-03-22,2018,3,20,0.2395568158641701,132,True,-72.7894736842104,-0.19827360792585935,False
KNSL,2018-07-31,2018,6,45,0.2372113987242619,156,True,-17.184210526315837,-0.04487759193376417,False
KNSL,2019-10-30,2019,1,0,0.4414776346343854,85,True,25.131578947368325,-0.3601184244275897,True
KNSL,2020-12-09,2020,3,10,0.5454433031227564,6,False,52.68421052631584,-0.38240124922908647,True
KNSL,2023-06-06,2023,2,5,0.17238883299165386,92,True,-4.368421052631675,-0.27170136467782435,False
KNTK,2024-11-07,2024,13,60,0.49803383061874573,48,False,33.71052631578914,-0.3909833706822464,True
KNX,2014-04-14,2014,1,0,0.4399082495083646,120,True,-64.5394736842104,-0.08348135634344234,False
KNX,2014-10-03,2014,1,0,0.21926604112116177,115,True,-40.0,-0.3079538942759642,True
KNX,2014-11-21,2014,9,40,0.3413629982584989,80,True,24.473684210526244,-0.3079538942759642,True
KO,2007-11-27,2007,6,30,0.20247379672515864,30,False,43.48684210526312,-0.23355497040702422,False
KO,2024-08-27,2024,1,0,0.2036982623061021,4,True,8.368421052631675,-0.15502987139544988,False
KO,2024-10-02,2024,1,0,0.20427195420877697,102,True,-31.868421052631675,-0.07168242526885227,False
KR,2007-05-31,2007,3,10,0.4174664662771974,1,False,58.6052631578948,-0.20948722254041918,False
KR,2013-04-10,2013,7,30,0.3938939239572885,139,True,-87.42105263157873,-0.18194752995912022,False
KR,2013-09-23,2013,2,5,0.25042769975514934,120,True,-46.05263157894751,-0.01703809993177796,False
KR,2014-12-01,2014,16,85,0.25828066774445535,168,True,-75.23684210526335,-0.14327952207910033,False
KR,2021-09-01,2021,2,5,0.3549856321902418,125,True,-72.66447368420995,-0.13899946420554377,False
KRC,2005-11-22,2005,13,85,0.3957340661425983,202,True,-106.4736842105263,-0.10638667164885574,False
KRC,2012-05-01,2012,1,0,0.333653726131099,46,True,18.144736842105203,-0.14198102182408012,False
KRG,2007-02-12,2007,1,0,0.37380341820135543,76,True,-21.394736842105203,-0.41357868002702036,True
KRG,2026-07-08,2026,3,10,0.2440545869943631,9,False,26.26315789473665,-0.12336574973475833,False
KRMN,2025-10-24,2025,3,10,1.4181035451363648,64,True,-10.184210526315837,-0.6110677439803125,True
KRYS,2019-05-16,2019,1,0,0.560648078200586,45,True,51.31578947368416,-0.35341133211981834,True
KRYS,2019-11-19,2019,4,30,0.669349827942977,57,True,141.48684210526335,-0.46648383937544036,True
KRYS,2023-08-16,2023,1,0,0.6266666666666667,108,True,59.76315789473665,-0.17555906675047883,False
KSS,2015-05-04,2015,1,0,0.35196552861669694,7,True,205.5,-0.41569809403096925,True
KTB,2020-12-17,2020,2,5,1.2981610114847015,95,True,-17.5,-0.2852433137617306,False
KTOS,2025-06-09,2025,16,85,0.4522361017753014,153,True,-37.07894736842172,-0.6643206803981759,True
KTOS,2026-02-11,2026,5,20,0.26959791082149187,5,False,146.5789473684208,-0.5847449434232048,True
KWR,2013-02-11,2013,7,30,0.30326230566091783,128,True,-53.65789473684208,-0.0737223330198995,False
KWR,2013-05-08,2013,1,0,0.2599385289786942,118,True,18.578947368420813,-0.17348816371723563,False
KWR,2013-10-21,2013,4,30,0.38916239670482433,6,False,179.06578947368416,-0.17785367944580588,False
KWR,2017-01-09,2017,5,20,0.4059036056222354,136,True,-48.17105263157873,-0.13467819450748664,False
KWR,2018-10-08,2018,3,10,0.31312112846189644,130,True,-58.026315789473756,-0.3305945785006613,True
L,2006-01-13,2006,2,5,0.25606623866977696,77,True,11.2236842105263,-0.09488821372149714,False
L,2007-03-27,2007,12,80,0.20045751434965964,58,False,-10.5,-0.22446097780143115,False
L,2025-10-09,2025,1,0,0.18590974800777493,97,True,-18.381578947368325,-0.07647892263220324,False
L,2025-11-28,2025,1,0,0.20958581650382047,104,True,-64.26315789473665,-0.0799233275204958,False
LAD,2013-07-05,2013,11,60,0.42518313180485956,61,True,8.210526315789593,-0.26321347372907433,False
LAD,2015-06-23,2015,3,25,0.34155394830567465,112,True,-72.06578947368416,-0.448011806928032,True
LAD,2019-11-25,2019,1,0,0.42766708429545575,2,True,75.82894736842127,-0.6116363676639409,True
LAD,2021-04-12,2021,1,0,0.43630139499180154,0,False,72.82894736842081,-0.3053706387580717,True
LAD,2024-12-12,2024,1,0,0.48577165583248094,40,True,33.48684210526335,-0.29376365088746204,False
LAMR,2021-09-01,2021,4,35,0.27106097530152384,83,True,51.73684210526335,-0.2925877470528164,False
LAUR,2022-03-17,2022,1,0,0.2722767864411433,50,True,30.98684210526335,-0.19671210168495035,False
LAUR,2025-10-17,2025,2,10,0.5344828514005959,64,True,18.4013157894733,-0.16333060072200334,False
LAZ,2007-02-12,2007,2,5,0.347717346216724,55,True,-6.513157894736878,-0.39722016274874683,True
LAZ,2011-02-22,2011,3,10,0.321540882946332,7,False,64.31578947368416,-0.5594725787878454,True
LAZ,2014-05-20,2014,2,5,0.22163726815148244,83,True,-14.842105263157919,-0.20283117123330885,False
LAZ,2014-07-24,2014,1,0,0.14854956960110588,38,True,15.092105263157919,-0.20283117123330885,False
LAZ,2021-01-28,2021,2,5,0.4886999170336679,85,True,-36.118421052631675,-0.1873144054366659,False
LCII,2006-01-06,2006,4,15,0.3370838362407207,71,True,30.4473684210526,-0.40644649255854803,True
LCII,2013-02-11,2013,2,5,0.35694933566077136,124,True,-100.90789473684208,-0.08256063033049521,False
LCII,2013-09-30,2013,2,5,0.26887720719422714,125,True,-75.06578947368416,-0.24354235511333755,False
LCII,2015-03-27,2015,3,10,0.45941318978064927,35,True,-7.697368421052488,-0.1626200006408094,False
LCII,2016-08-09,2016,1,0,0.7811238621757985,118,True,-71.75,-0.24176120871200513,False
LDOS,2017-10-25,2017,1,0,0.18957022922581257,92,True,58.0,-0.15742207137899933,False
LDOS,2017-12-21,2017,1,0,0.2285583387072445,52,True,5.631578947368325,-0.15742207137899933,False
LDOS,2024-10-03,2024,3,25,0.28968876948028854,27,True,112.21052631578914,-0.36862770151023627,True
LEA,2013-02-28,2013,4,15,0.3564632514331323,114,True,-75.18421052631584,-0.05821884322451598,False
LEA,2013-09-18,2013,2,5,0.2782777476654579,124,True,-51.894736842104976,-0.06377591115661652,False
LEA,2013-11-27,2013,1,0,0.3869827961987631,84,True,25.210526315789593,-0.09505533386368648,False
LEA,2014-07-21,2014,8,40,0.20250659583903396,154,True,34.75,-0.14554249588063173,False
LEA,2020-12-31,2020,3,15,0.4764670911264117,105,True,-32.17105263157919,-0.27722565765204565,False
LECO,2006-02-13,2006,14,75,0.23648875915651102,102,True,-1.0789473684210407,-0.1461427267161377,False
LECO,2011-04-27,2011,1,0,0.3137116165754772,2,True,75.56578947368416,-0.29850125900848257,False
LECO,2013-12-03,2013,1,0,0.2381597858872957,61,True,-33.43421052631584,-0.17550687844756452,False
LEG,2013-01-28,2013,2,15,0.3823775391259092,77,True,-18.414473684210407,-0.14814221704950004,False
LEG,2013-05-08,2013,2,10,0.24527630373090492,7,False,102.67105263157919,-0.14814221704950004,False
LEG,2014-12-08,2014,7,30,0.24644640973676224,150,True,-86.25,-0.24765618960120384,False
LEN,2012-11-20,2012,1,0,0.413902483538253,119,True,-19.065789473684163,-0.2806014070658991,False
LEU,2007-05-16,2007,5,20,0.9861711293175761,5,False,62.43421052631584,-0.7068062887187849,True
LEU,2016-12-22,2016,2,20,0.9177214487911989,7,False,67.04605263157919,-0.6004489333618187,True
LFUS,2010-02-18,2010,4,15,0.6259641123076929,49,True,26.756578947368325,-0.2925327224156441,False
LFUS,2011-03-08,2011,1,0,0.3658337044874389,38,True,49.5,-0.4012341734478375,True
LFUS,2016-11-23,2016,9,40,0.3310604918637656,157,True,-49.5,-0.004940913382186496,False
LGIH,2015-09-22,2015,5,20,0.7878590036070303,49,True,-3.6052631578945693,-0.4516038472412355,True
LGIH,2017-12-26,2017,3,10,0.8909326618938807,5,False,71.31578947368416,-0.37895137420636904,True
LGND,2013-07-19,2013,9,40,1.3634096783717138,144,True,-61.368421052631675,-0.46481368069805873,True
LGND,2013-12-24,2013,13,70,0.5097554948727347,56,False,100.84210526315792,-0.4677054747100542,True
LGND,2017-10-17,2017,4,20,0.3531651274199201,99,True,-12.026315789473756,-0.1906692053358664,False
LGND,2018-09-10,2018,3,10,0.40357024967397703,14,True,54.42105263157873,-0.6140843101214224,True
LH,2021-08-18,2021,4,20,0.23729507486932944,94,True,5.078947368421723,-0.31738850600967683,True
LHX,2014-01-31,2014,2,5,0.22285621308357229,88,True,-21.75,-0.20135982910829697,False
LHX,2017-10-03,2017,10,45,0.22220836560142443,138,True,-34.44736842105249,-0.237399455101314,False
LHX,2018-03-20,2018,4,20,0.24099856314487855,134,True,-103.40789473684208,-0.24438350168473277,False
LII,2006-01-13,2006,1,0,0.37838185304061067,79,True,-11.56578947368422,-0.3770993626581506,True
LII,2010-03-25,2010,1,0,0.23146095434440883,21,True,59.131578947368325,-0.2030694963068571,False
LII,2013-01-18,2013,8,45,0.2191402019542208,128,True,-37.67105263157919,-0.07448224765534817,False
LII,2013-07-12,2013,5,20,0.2531979871670951,133,True,52.0,-0.13670187401495004,False
LII,2013-09-30,2013,1,0,0.2001735408676888,108,True,22.0,-0.20873468548625773,False
LII,2013-11-04,2013,8,50,0.2631595439535277,83,True,-13.921052631579187,-0.20873468548625773,False
LII,2014-03-10,2014,2,5,0.33544887033139914,0,False,31.84210526315792,-0.20526916500928627,False
LII,2019-06-06,2019,1,0,0.23912598760374126,26,True,70.38157894736833,-0.426255471066745,True
LII,2023-08-15,2023,4,15,0.40063798409314266,135,True,-39.2763157894733,-0.03288817749524475,False
LII,2024-07-09,2024,9,55,0.2493784832372703,98,True,92.0,-0.2486848629787327,False
LII,2024-12-05,2024,1,0,0.33039670307999436,31,True,38.4736842105267,-0.23716120551007303,False
LIN,2007-07-06,2007,7,35,0.25837927594444876,120,True,-16.84210526315792,-0.18299665153424927,False
LIN,2019-06-06,2019,2,5,0.2192311588515572,114,True,24.48684210526335,-0.27829698333396646,False
LITE,2025-01-23,2025,2,5,0.8125912995246733,122,True,-45.58552631579005,-0.04054313591049741,False
LITE,2025-11-21,2025,15,110,2.373234890611273,115,True,8.157894736842536,-0.42801660338988,True
LIVN,2017-07-26,2017,1,0,0.28975261795589313,87,True,-12.0,-0.1103049067965789,False
LIVN,2017-12-15,2017,2,5,0.2981577318111286,124,True,-24.230263157895024,-0.20148052390197213,False
LKFN,2013-09-23,2013,2,5,0.2973440330023813,125,True,-65.95394736842081,-0.1196460909368654,False
LKFN,2013-11-25,2013,5,30,0.3699326296563872,81,True,-35.14473684210543,-0.12523185722044428,False
LKFN,2014-03-17,2014,1,0,0.2489523389592827,6,True,117.15789473684208,-0.12523185722044428,False
LKFN,2017-01-17,2017,4,15,0.35606772526993713,68,True,22.26315789473665,-0.12837595024469073,False
LKQ,2011-02-14,2011,1,0,0.3182982334987441,99,True,57.25,-0.2483731140941995,False
LKQ,2013-10-21,2013,2,5,0.5685256376127017,38,True,70.91447368421086,-0.26845809653890285,False
LKQ,2017-11-29,2017,6,40,0.22139780686380117,30,False,18.289473684210407,-0.3151599063402979,True
LKQ,2021-09-16,2021,1,0,0.1981653121046647,74,True,76.0,-0.2873026993426061,False
LLY,2012-10-05,2012,1,0,0.242636065292543,120,True,-107.63157894736833,-0.14673216797842714,False
LLY,2013-02-11,2013,7,35,0.28521231165545213,49,True,19.15789473684208,-0.1683821689626478,False
LLY,2015-07-08,2015,3,10,0.26908918399586756,50,True,19.73684210526335,-0.22225092258810641,False
LLY,2018-10-08,2018,2,5,0.4756202773571936,115,True,-58.881578947368325,-0.18036105333064334,False
LLY,2019-03-19,2019,2,10,0.20938761934455985,5,False,63.15789473684208,-0.18036105333064334,False
LLY,2023-10-25,2023,2,5,0.5660187942992201,88,True,42.92105263157919,-0.08508345892906088,False
LLY,2024-02-06,2024,7,30,0.5588593621430866,143,True,-2.0789473684208133,-0.25211932725631037,False
LMAT,2009-12-02,2009,4,20,0.6773047183408629,124,True,-57.45394736842104,-0.10671245941288121,False
LMAT,2015-05-14,2015,12,65,0.4165556623411195,158,True,-78.26315789473665,-0.2965672913208893,False
LMAT,2021-06-25,2021,2,10,0.6611539313038719,0,False,87.89473684210498,-0.35821232123281976,True
LMAT,2023-06-29,2023,3,10,0.5178631372155282,1,False,66.63157894736833,-0.32399334514154665,True
LMAT,2024-11-25,2024,2,5,0.3404697706378974,0,False,90.0,-0.2708789545680076,False
LMT,2013-07-19,2013,4,15,0.24919144599554088,128,True,21.375,-0.06147433653239798,False
LMT,2013-09-16,2013,3,10,0.4191653150274448,118,True,-50.5,-0.07803876761869544,False
LMT,2013-11-25,2013,1,0,0.3479147757547989,115,True,-47.10526315789457,-0.0544586238699567,False
LMT,2014-01-02,2014,10,50,0.3883286639614356,163,True,-80.69736842105249,-0.01522893986718199,False
LMT,2018-01-29,2018,2,15,0.2249097122445729,13,False,110.81578947368416,-0.1914104561002249,False
LNC,2013-05-08,2013,2,15,0.3785787019599338,135,True,-78.42105263157919,-0.08538882476186094,False
LNC,2013-08-02,2013,8,35,0.5100392849250863,149,True,-65.67763157894751,-0.13413811265535258,False
LNC,2013-11-25,2013,5,35,0.4351494983162749,151,True,-48.631578947368325,-0.1224228127031537,False
LNC,2017-01-09,2017,2,15,0.698134684133813,26,True,58.63815789473665,-0.13327878617195166,False
LNN,2021-02-26,2021,5,25,0.5721399445278144,115,True,-17.5,-0.3125412870672065,True
LNT,2009-12-04,2009,3,35,0.24532120621426756,94,True,-19.0,-0.11827986769021837,False
LNT,2013-05-01,2013,3,10,0.21931716753486774,64,True,-9.723684210526244,-0.1004838648033134,False
LNT,2016-04-08,2016,2,5,0.2908046253487395,60,True,17.5,-0.12153534884280881,False
LNT,2020-01-24,2020,1,0,0.20984018974226482,16,True,79.26315789473665,-0.33538285171223925,True
LNTH,2021-06-24,2021,1,0,0.8054422625774236,99,True,-24.0,-0.20236530024104404,False
LOPE,2010-04-08,2010,3,10,0.44243794900597755,3,False,75.15789473684208,-0.42705667796221525,True
LOPE,2013-02-08,2013,1,0,0.28020558569721965,107,True,74.18421052631584,-0.09254641558510468,False
LOPE,2013-08-01,2013,1,0,0.4383905623176987,119,True,-61.368421052631675,-0.21032915957473608,False
LOPE,2013-11-08,2013,2,15,0.6026378044888292,49,True,26.756578947368325,-0.21032915957473608,False
LOPE,2017-09-25,2017,4,15,0.23911796806056884,115,True,56.57894736842081,-0.055946655860948824,False
LOW,2014-12-15,2014,8,40,0.4381435864863694,67,True,6.947368421052488,-0.12100664655172522,False
LPG,2020-01-13,2020,1,0,0.6110532141310885,1,True,61.5,-0.5834412808809679,True
LPG,2022-06-14,2022,3,10,0.583210940695783,119,True,-12.75,-0.22108370422430856,False
LPG,2023-09-22,2023,14,85,0.5445764670212156,172,True,-80.0263157894733,-0.5280185062040794,True
LPX,2010-05-07,2010,1,0,0.965715292602928,3,True,90.15789473684208,-0.38090732823949824,True
LPX,2012-09-07,2012,3,10,0.6535340846266071,124,True,-51.82894736842104,-0.3349866381920489,True
LPX,2012-11-06,2012,1,0,0.6543731480086965,84,True,-57.289473684210634,-0.3349866381920489,True
LPX,2012-12-19,2012,4,15,0.734579801511873,54,True,-26.89473684210543,-0.3349866381920489,True
LPX,2013-02-19,2013,2,20,0.7203457193543532,14,False,55.96710526315792,-0.3349866381920489,True
LPX,2021-06-01,2021,1,0,1.048012322121541,0,False,91.05263157894751,-0.25518954104678515,False
LPX,2025-01-22,2025,2,10,0.2732327669147243,6,False,131.63157894736833,-0.31114814585234307,True
LQDA,2026-06-12,2026,6,40,1.1796206454028813,39,False,66.78947368420995,-0.2461825368914713,False
LQDT,2011-08-11,2011,1,0,0.3337265365740867,104,True,-38.53947368421041,-0.14413525869362742,False
LQDT,2011-11-11,2011,3,10,0.5927889683651171,122,True,14.842105263157919,-0.44299728341656575,True
LQDT,2012-02-02,2012,16,90,0.3922886442522957,67,False,56.81578947368416,-0.44299728341656575,True
LQDT,2021-02-03,2021,4,20,2.9926064677806146,71,True,2.6842105263158373,-0.38308454204382103,True
LQDT,2024-12-18,2024,6,25,0.6223265653466892,25,False,29.868421052631675,-0.3895240969989967,True
LRCX,2011-02-14,2011,1,0,0.4339568597762691,12,True,141.22368421052624,-0.3940744677307976,True
LRCX,2011-04-05,2011,1,0,0.27472786572439367,1,True,95.84210526315792,-0.38103705953900213,True
LRCX,2014-07-24,2014,2,10,0.2970774940677794,94,True,15.671052631579187,-0.19501965795340148,False
LRCX,2017-03-08,2017,14,65,0.27089878263569234,180,True,-131.90789473684208,-0.25686333037653253,False
LRCX,2017-07-17,2017,1,0,0.42957991635835424,90,True,3.421052631578732,-0.25686333037653253,False
LRCX,2017-10-03,2017,7,40,0.44222051204907076,109,True,21.723684210526244,-0.3988094509661744,True
LRCX,2018-03-06,2018,4,15,0.2561300926471921,4,False,216.0,-0.3988094509661744,True
LRCX,2020-01-16,2020,1,0,0.5578455769515818,19,True,36.526315789473756,-0.4499384192038153,True
LRCX,2026-03-19,2026,1,0,0.928789120775142,70,True,54.73684210526335,-0.41764933440295926,True
LRCX,2026-06-01,2026,6,35,1.0499075139716085,20,False,62.368421052631675,-0.41764933440295926,True
LRN,2025-06-11,2025,2,5,0.2885729302124569,53,True,43.9736842105267,-0.6406571972494821,True
LSCC,2010-05-28,2010,2,10,1.2142857218883476,39,True,45.375,-0.30884807601373676,True
LSCC,2021-10-21,2021,8,50,0.26650858613067374,18,False,56.07894736842081,-0.4748793718096962,True
LSCC,2026-06-30,2026,1,0,1.0078761630495143,0,False,83.15789473684254,-0.26150631455070517,False
LSTR,2011-04-19,2011,2,5,0.27351251081544947,53,True,-29.677631578947512,-0.23441962008613215,False
LSTR,2012-04-17,2012,2,5,0.3012235784392574,0,False,65.55921052631584,-0.18534966105862916,False
LSTR,2014-09-19,2014,7,50,0.2186954638939267,49,False,22.578947368421268,-0.21250341092695513,False
LSTR,2021-05-03,2021,1,0,0.42722002552458194,5,True,88.75,-0.17294509679169723,False
LTC,2016-07-19,2016,4,25,0.2138639739330086,35,True,24.9013157894733,-0.17825140137331763,False
LTC,2019-10-21,2019,1,0,0.22092022822558377,3,True,84.10526315789457,-0.5141126487403875,True
LTH,2024-09-25,2024,2,5,0.6915760303553493,99,True,-29.5263157894733,-0.2600060038720957,False
LULU,2010-03-18,2010,1,0,0.4216327277981504,62,True,44.25,-0.30013167316733014,True
LULU,2010-11-10,2010,4,15,0.15382782532780648,112,True,103.0,-0.18674759883527214,False
LULU,2011-01-24,2011,3,10,0.5832751161781016,123,True,30.223684210526244,-0.3160288306403002,True
LULU,2011-06-23,2011,1,0,0.4881450695913603,18,True,105.02631578947376,-0.3160288306403002,True
LULU,2011-08-12,2011,2,20,0.3794331208577211,138,True,32.526315789473756,-0.24710699951183068,False
LULU,2018-07-13,2018,4,20,0.5881757227617617,54,True,31.0,-0.3029725010317923,True
LULU,2020-01-09,2020,5,20,0.2885780546165775,137,True,-48.381578947368325,-0.13997881119968925,False
LUMN,2010-12-16,2010,2,5,0.347783207856484,3,False,50.45394736842104,-0.29670302478159327,False
LUV,2014-05-06,2014,1,0,0.3907277213651468,94,True,-6.5,-0.18024400939297014,False
LUV,2014-07-10,2014,22,140,0.356844118105472,140,False,1.052631578947512,-0.3090084507282559,True
LUV,2021-04-12,2021,2,5,0.6070789633965887,1,False,62.256578947368325,-0.3775105912733271,True
LVS,2010-12-02,2010,2,5,1.0276287585169088,26,True,54.3947368421052,-0.2818179688166784,False
LW,2017-12-29,2017,4,20,0.2920145993195984,134,True,-59.65789473684208,-0.07665145170987064,False
LW,2020-01-17,2020,3,15,0.32717782963562225,20,True,14.473684210526244,-0.5305101053539281,True
LW,2023-02-08,2023,5,25,0.2538049300190146,99,True,9.157894736842536,-0.2754685945487447,False
LXP,2021-06-15,2021,1,0,0.22894974101000365,109,True,-50.644736842104976,-0.3354960737957138,True
LXP,2021-12-27,2021,2,5,0.29178533359793946,67,True,64.57894736842172,-0.44287459641243954,True
LYB,2011-02-17,2011,1,0,0.9489907624872549,50,True,-2.5657894736841627,-0.467420397067152,True
LYB,2013-10-24,2013,1,0,0.31664220184971836,120,True,-1.25,-0.2165699379528493,False
LYB,2014-03-06,2014,3,10,0.33945614499089727,127,True,-63.118421052631675,-0.3789373984805485,True
LYB,2014-05-02,2014,4,15,0.254726837091092,87,True,-27.953947368420813,-0.3789373984805485,True
LYB,2014-07-08,2014,2,5,0.2710867794106453,42,True,73.7894736842104,-0.3789373984805485,True
LYB,2014-09-03,2014,4,15,0.2855246266303828,2,False,32.60526315789457,-0.3789373984805485,True
LYV,2013-05-08,2013,2,5,0.5169029151234026,125,True,-67.00657894736833,-0.12232423156066896,False
LYV,2013-07-12,2013,6,40,0.64149030575201,156,True,-83.5,-0.1633600992819626,False
LYV,2014-02-14,2014,5,20,0.28945791768887985,96,True,25.315789473684163,-0.16865552402773776,False
LYV,2014-06-25,2014,1,0,0.23324816118901492,114,True,98.5,-0.13121345294230824,False
LYV,2017-06-02,2017,14,125,0.27854042628138953,184,True,-86.53289473684208,-0.24655277844444046,False
LZB,2014-01-16,2014,1,0,0.35100287214817616,0,False,71.84210526315792,-0.3251756301272818,True
M,2012-04-24,2012,2,5,0.31159094428018697,7,True,70.5,-0.20556418246966446,False
MA,2012-02-28,2012,8,45,0.30438482739622863,162,True,-50.94736842105249,-0.06964805658748752,False
MA,2013-08-05,2013,1,0,0.25205472465808754,109,True,-78.2105263157896,-0.18462740468054162,False
MA,2013-12-11,2013,4,20,0.38061351446414493,19,False,57.84210526315792,-0.18462740468054162,False
MA,2017-08-08,2017,13,75,0.22263346302136888,191,True,-129.81578947368416,-0.09453150203992411,False
MA,2018-01-23,2018,7,50,0.29488084825461724,170,True,-103.68421052631584,-0.21280283444900372,False
MA,2018-05-10,2018,1,0,0.291119897268882,99,True,2.578947368421268,-0.2186073956110366,False
MA,2018-07-09,2018,3,10,0.26877870871595655,59,True,17.578947368421268,-0.2186073956110366,False
MA,2018-08-27,2018,2,20,0.20558093690671697,137,True,-77.32894736842081,-0.005537112059030402,False
MAA,2010-11-03,2010,1,0,0.16739008673753286,120,True,92.5,-0.15144898302933718,False
MAA,2016-04-01,2016,2,5,0.2753608848637701,66,True,-12.447368421052488,-0.21041090813244745,False
MAA,2016-07-19,2016,1,0,0.18331000985310464,3,True,60.026315789473756,-0.19494185297108402,False
MAA,2019-08-30,2019,6,45,0.23753501111231623,119,True,-44.19736842105249,-0.4270150717630258,True
MAA,2021-06-22,2021,10,45,0.3873152175123762,134,True,-67.09210526315837,-0.2953082902648402,False
MAA,2021-12-10,2021,4,15,0.2754170304666059,14,False,73.5,-0.2953082902648402,False
MAA,2024-09-18,2024,3,10,0.28464027611651677,112,True,-19.5,-0.23786238229987322,False
MAC,2007-02-05,2007,3,10,0.4113278981681887,2,False,215.5,-0.2813369894016582,False
MAC,2007-03-27,2007,1,0,0.21947542851020962,18,True,79.82894736842104,-0.3179349820591577,True
MAC,2011-07-08,2011,1,0,0.23833180257987885,0,False,136.97368421052624,-0.2773676014774582,False
MAN,2006-04-26,2006,5,40,0.48204129473850066,160,True,-124.86842105263156,-0.0751640716008466,False
MAN,2017-06-30,2017,3,10,0.2629376872952127,104,True,-19.0,-0.33776690351508454,True
MANH,2013-11-04,2013,11,65,0.48413681063005964,91,True,12.092105263157919,-0.29488767464675425,False
MANH,2014-03-17,2014,1,0,0.7468929160497793,1,True,19.59210526315792,-0.29488767464675425,False
MANH,2015-06-23,2015,6,40,0.5343569037715958,115,True,-32.20394736842081,-0.40462577650850307,True
MAR,2006-12-05,2006,5,25,0.2804893960098407,90,True,-7.5,-0.38965472197107953,True
MAR,2014-05-13,2014,10,85,0.28514473254579475,201,True,-76.39473684210498,-0.2235223378476302,False
MAR,2014-10-31,2014,2,5,0.2947261345772654,81,True,96.5,-0.2235223378476302,False
MAR,2014-12-30,2014,2,10,0.21750709761122144,41,True,89.7894736842104,-0.2235223378476302,False
MAR,2017-06-09,2017,3,10,0.22852175734284152,127,True,-81.01315789473665,-0.06594020752375085,False
MAR,2017-10-31,2017,1,0,0.23993123160062102,60,True,52.23684210526335,-0.21878361370924415,False
MAR,2017-12-20,2017,6,25,0.2959878480388489,25,False,64.07894736842081,-0.21878361370924415,False
MAR,2024-03-20,2024,1,0,0.28556571889459414,15,True,45.592105263157464,-0.18036997301995605,False
MARA,2014-07-08,2014,9,50,0.8877551301757307,118,True,-14.710526315789593,-0.8014477826332653,True
MARA,2021-03-03,2021,3,10,13.766128488001296,22,True,32.53947368421086,-0.6524045373044133,True
MAS,2013-04-10,2013,2,20,0.2553896775641782,27,True,79.875,-0.1829824680688682,False
MAS,2015-10-22,2015,1,0,0.20961183270732797,120,True,-81.31578947368416,-0.09293662178407924,False
MAS,2019-12-24,2019,3,10,0.24185495794150946,129,True,-66.10526315789457,-0.01115334704196036,False
MAT,2007-04-11,2007,4,15,0.4889037330601538,22,True,60.5,-0.4092617396650613,True
MAT,2010-02-25,2010,3,15,0.2403393001531322,46,True,60.25,-0.1485807505525618,False
MAT,2013-04-03,2013,8,40,0.23028677521848673,70,True,-8.48684210526335,-0.23100656220575866,False
MAT,2016-04-15,2016,1,0,0.5417951266201755,90,True,-15.0,-0.34320476759010055,True
MAT,2021-01-13,2021,6,25,0.7421731744402982,144,True,-58.67105263157828,-0.18516873852266535,False
MATW,2021-04-12,2021,2,10,0.7142912964947525,11,True,57.32236842105249,-0.249773702781538,False
MATX,2011-01-24,2011,1,0,0.18734325058816537,48,True,-7.473684210526244,-0.37847965081954127,True
MBIN,2021-01-26,2021,1,0,0.7718970834405163,70,True,-43.94736842105249,-0.22341631232629722,False
MBIN,2021-03-03,2021,3,20,0.8170531852697611,45,True,38.157894736842536,-0.22341631232629722,False
MBIN,2021-05-13,2021,2,5,0.7062772749966988,123,True,-28.36184210526335,-0.31402484093572935,True
MC,2018-05-04,2018,11,60,0.3578860954199463,32,False,62.21052631578959,-0.4859378567934268,True
MC,2021-02-08,2021,4,15,0.7885748801129353,129,True,-33.57236842105249,-0.2542384666332905,False
MCD,2011-08-26,2011,1,0,0.19715222207502126,100,True,-4.539473684210407,-0.13891405623980557,False
MCD,2011-12-13,2011,1,0,0.22359739672667733,25,True,-12.5,-0.13891405623980557,False
MCD,2017-06-16,2017,5,20,0.2542212082116184,128,True,-62.53947368421041,-0.1434673006893531,False
MCHP,2011-01-07,2011,6,25,0.22323555725304445,84,True,26.526315789473756,-0.26977736712425204,False
MCHP,2016-09-28,2016,1,0,0.29630134515036466,115,True,-55.131578947368325,-0.031803435700069715,False
MCHP,2017-03-29,2017,1,0,0.2143062014394208,119,True,-71.82894736842127,-0.11857008377664346,False
MCHP,2017-05-11,2017,4,30,0.2488751120421402,124,True,-78.375,-0.15877777264915283,False
MCHP,2017-10-24,2017,1,0,0.23627864129179055,94,True,-70.05263157894751,-0.38337054529457204,True
MCK,2013-11-25,2013,7,30,0.44935629807627775,129,True,-53.40789473684208,-0.04617624613459648,False
MCK,2021-12-10,2021,18,90,0.21366821079882636,170,True,24.210526315790048,-0.09898413121747351,False
MCK,2022-09-07,2022,1,0,0.34929962573432416,41,True,27.552631578947512,-0.15404169988841243,False
MCK,2022-10-26,2022,2,5,0.2160609254644641,6,True,203.53947368420995,-0.15404169988841243,False
MCK,2024-04-04,2024,1,0,0.22272306743276205,83,True,-21.0263157894733,-0.23907434427315732,False
MCK,2024-05-09,2024,1,0,0.215032740438321,58,True,48.25,-0.23907434427315732,False
MCK,2024-07-09,2024,4,20,0.22994172791029488,18,False,55.55263157894751,-0.23907434427315732,False
MCO,2005-11-30,2005,9,45,0.38894400500713067,85,True,-24.73684210526318,-0.3048985890945859,True
MCO,2011-05-25,2011,3,10,0.4554865458477002,10,False,73.81578947368416,-0.35135125763438535,True
MCO,2014-07-24,2014,1,0,0.2339789435138555,82,True,93.0,-0.12293830790342153,False
MCO,2014-10-31,2014,1,0,0.2525714028469146,118,True,-5.631578947368325,-0.13133766195386598,False
MCO,2017-09-19,2017,7,35,0.24100983457006286,109,True,-87.48684210526335,-0.16646985050507235,False
MCO,2018-01-22,2018,4,40,0.21714872981196298,128,True,-31.684210526315837,-0.30451955943790354,True
MCO,2020-01-24,2020,6,25,0.2784593082162954,115,True,-25.526315789473756,-0.10844855934023245,False
MCO,2024-09-25,2024,1,0,0.22278027604352113,96,True,-55.80263157894751,-0.24651969951950448,False
MCRI,2017-12-06,2017,3,10,0.4868506582918837,113,True,-39.51315789473665,-0.25879336090822624,False
MCY,2010-05-07,2010,1,0,0.23002334483507703,3,True,56.802631578947285,-0.14674861631785774,False
MCY,2024-09-25,2024,2,5,0.30883695165633074,46,True,106.5,-0.39986590685526946,True
MCY,2024-12-12,2024,1,0,0.42325986008616256,1,True,113.2763157894733,-0.35511213686459053,True
MD,2013-12-10,2013,1,0,0.2224782845711386,76,True,-7.842105263157919,-0.19921875,False
MD,2014-03-24,2014,3,10,0.23781275294106652,6,False,157.4210526315792,-0.19921875,False
MDT,2014-11-21,2014,2,10,0.21149990981936573,61,True,92.0263157894733,-0.17403297599703627,False
MDT,2015-01-22,2015,1,0,0.20196806499871411,21,True,100.31578947368416,-0.17403297599703627,False
MDU,2020-02-14,2020,1,0,0.22627889853978544,3,True,54.89473684210543,-0.5141333906701644,True
MDU,2021-04-19,2021,5,20,0.4144766336464214,14,False,57.44736842105249,-0.20145706310890998,False
MEDP,2018-09-19,2018,3,10,0.5625677542756229,107,True,-11.473684210526244,-0.27146504909382296,False
MEDP,2021-11-01,2021,4,15,0.3661377511547672,38,True,121.34210526315837,-0.4286967949311091,True
MET,2007-02-05,2007,2,10,0.2291282560076917,64,True,0.5723684210526017,-0.19001351726012794,False
META,2017-07-20,2017,1,0,0.2899254370093851,118,True,-60.10526315789457,-0.1915233908071866,False
META,2023-08-04,2023,1,0,0.6460776364926366,120,True,-66.18421052631584,-0.010148599301150307,False
META,2024-02-16,2024,9,40,0.6602479389355183,159,True,-65.71052631578914,-0.18535007164689588,False
MGEE,2012-09-28,2012,1,0,0.2134472766121931,113,True,-99.31578947368416,-0.07947080253201289,False
MGM,2014-01-31,2014,4,15,0.44569740078656106,23,True,56.473684210526244,-0.28601632751134665,False
MGM,2017-01-24,2017,1,0,0.2439966674636327,105,True,-7.236842105263349,-0.12803271581508835,False
MGY,2018-08-02,2018,11,50,0.32579651128626685,43,False,38.84210526315792,-0.33618424838555283,True
MHK,2012-11-06,2012,4,20,0.19163955874183336,129,True,-45.84210526315792,-0.11252402815695328,False
MHK,2013-01-28,2013,10,50,0.49788654319820735,163,True,-95.76315789473665,-0.06920315456483139,False
MHK,2013-10-28,2013,1,0,0.19291132349287277,55,True,153.02631578947376,-0.16586445303036101,False
MHK,2014-01-16,2014,1,0,0.27193880758400746,0,False,24.34210526315792,-0.16586445303036101,False
MHK,2021-03-12,2021,2,5,1.0164265950520832,39,True,15.210526315790048,-0.3193174843574834,True
MHK,2021-05-03,2021,2,5,1.3750670902941478,4,False,39.8486842105267,-0.3193174843574834,True
MHO,2012-10-26,2012,3,15,0.6721804099379747,61,True,19.328947368421268,-0.36037936341182675,True
MHO,2012-12-27,2012,3,10,0.6530880030216812,21,True,51.5,-0.36037936341182675,True
MHO,2013-03-12,2013,1,0,0.37431998815326817,47,True,62.73684210526335,-0.3281653502980576,True
MHO,2023-08-15,2023,3,10,0.6486576583587735,94,True,-5.842105263157464,-0.20286618209077933,False
MIDD,2006-02-06,2006,3,15,0.42294835090453087,17,True,73.78947368421052,-0.24754595000753798,False
MIDD,2013-02-11,2013,7,30,0.4893723757073911,147,True,-91.67105263157873,-0.03155450762385115,False
MIDD,2013-10-28,2013,3,20,0.5437892036412515,83,True,-72.14473684210543,-0.28170142740753057,False
MIDD,2014-01-02,2014,7,50,0.4124686700081541,38,False,159.63157894736833,-0.28170142740753057,False
MKC,2010-12-02,2010,4,20,0.201148000543103,138,True,-61.026315789473756,-0.12624486353695774,False
MKSI,2007-05-31,2007,1,0,0.3228153693832987,19,True,56.46052631578948,-0.41645879794994844,True
MKSI,2017-01-24,2017,2,10,0.4075189530799641,94,True,-70.0855263157896,-0.2304174175167889,False
MKSI,2017-05-25,2017,3,10,0.401151800798621,110,True,12.368421052631675,-0.1748347167898554,False
MKSI,2017-07-17,2017,1,0,0.27424949632799644,75,True,92.76315789473665,-0.1748347167898554,False
MKSI,2017-09-12,2017,11,50,0.28751945393659084,131,True,24.26315789473665,-0.4455387858258325,True
MKSI,2018-03-06,2018,4,15,0.4252963295229901,11,False,75.84210526315792,-0.4455387858258325,True
MKSI,2026-01-21,2026,9,55,1.1629643087670853,110,True,-44.07894736842081,-0.4208408443764019,True
MKSI,2026-06-15,2026,3,10,1.2539922337659362,10,False,49.73684210526335,-0.4208408443764019,True
MKTX,2010-02-10,2010,3,25,0.2882308825590272,44,True,64.68421052631584,-0.2846232603038983,False
MKTX,2011-04-05,2011,1,0,0.44814105262406323,101,True,-39.618421052631675,-0.20097533715436433,False
MKTX,2011-09-26,2011,1,0,0.20868339579173756,116,True,-41.0,-0.28800492725856275,False
MKTX,2013-09-23,2013,1,0,0.6328652136959947,43,True,22.065789473684163,-0.3234288700925093,True
MKTX,2013-11-04,2013,6,25,0.509441737874637,13,False,61.342105263157464,-0.3234288700925093,True
MKTX,2015-02-27,2015,1,0,0.3486341437936751,92,True,-57.32894736842127,-0.15726402057632216,False
MKTX,2015-04-13,2015,2,5,0.4254265641974102,62,True,-11.078947368420813,-0.15726402057632216,False
MKTX,2015-07-29,2015,2,5,0.34640930565662864,106,True,-39.28947368421041,-0.10915634754710624,False
MKTX,2015-11-19,2015,3,25,0.18452928446187844,137,True,15.631578947368325,-0.05350027925900536,False
MKTX,2016-03-17,2016,4,35,0.27416671607760557,126,True,85.77631578947376,-0.1589827598368303,False
MKTX,2016-08-30,2016,4,20,0.4134575789174597,125,True,6.578947368420813,-0.1218701566153425,False
MKTX,2019-06-27,2019,7,45,0.5533868009856304,49,True,20.868421052631675,-0.32711710325510124,True
MLI,2021-03-12,2021,1,0,0.5533486454318648,39,True,1.7236842105266987,-0.17614519375657056,False
MLI,2021-05-17,2021,1,0,0.4799482340621546,120,True,-112.82894736842081,-0.06940913661391179,False
MLI,2024-08-27,2024,2,5,0.37004715380572306,53,True,21.73684210526335,-0.2779109205330882,False
MLI,2025-01-22,2025,1,0,0.27291274531661736,117,True,33.0,-0.03530511475619358,False
MLM,2006-03-21,2006,5,20,0.4352782132540962,11,False,54.46052631578948,-0.318508347716959,True
MLM,2007-03-20,2007,4,15,0.5966728071743876,65,True,-1.8092105263158373,-0.4080658913648274,True
MLM,2007-06-14,2007,1,0,0.6127104616156667,5,True,70.65789473684208,-0.4080658913648274,True
MLM,2019-06-13,2019,1,0,0.25883899682419975,75,True,-10.85526315789457,-0.47188307496175774,True
MLM,2019-08-09,2019,10,50,0.3595264802010305,99,True,-38.2763157894733,-0.48339292356751384,True
MMI,2015-01-12,2015,3,10,0.3973990728447936,100,True,11.25,-0.6173213031294458,True
MMI,2015-05-29,2015,8,35,0.509330716345527,50,True,77.76315789473665,-0.6408996554866263,True
MMM,2013-12-24,2013,3,15,0.26206859206473543,131,True,-87.31578947368416,-0.08058287155484956,False
MMM,2021-05-10,2021,3,20,0.29195368439900427,18,False,19.697368421052488,-0.2601159910551686,False
MMM,2024-10-16,2024,1,0,0.5175582570309236,91,True,-16.0,-0.18714545613426126,False
MMS,2007-07-13,2007,1,0,0.4083150486624021,77,True,-4.171052631578959,-0.2870213425755085,False
MMS,2010-04-16,2010,2,10,0.3094835854949467,5,False,44.506578947368325,-0.1679165112176848,False
MMS,2013-02-26,2013,7,30,0.38521633519707454,148,True,-115.36842105263167,-0.09783175535072386,False
MMSI,2015-09-10,2015,1,0,0.2035897083771534,17,True,45.03947368421041,-0.3793920128552135,True
MMSI,2018-05-09,2018,2,10,0.3686327153148643,102,True,105.82894736842081,-0.23946012027461194,False
MMSI,2021-09-01,2021,4,15,0.37214613512606687,1,False,186.5,-0.28103237590670027,False
MNST,2007-10-22,2007,3,10,0.5387378733128918,7,False,91.22368421052636,-0.6529411272194174,True
MNST,2011-05-11,2011,12,65,0.2995005871242413,178,True,-44.18421052631584,-0.06387689199610846,False
MNST,2011-10-24,2011,2,10,0.39784117609347125,130,True,-55.526315789473756,-0.38484575539102317,True
MNST,2012-01-20,2012,17,95,0.2775944102585839,103,True,42.0,-0.4781503908065795,True
MNST,2015-03-13,2015,6,40,0.4894459202491732,98,True,6.375,-0.25024067408575246,False
MNST,2017-11-29,2017,7,35,0.21424363169349503,39,True,16.65789473684208,-0.30213325211255937,True
MO,2010-09-29,2010,7,30,0.2219635264602997,138,True,-34.57894736842104,-0.08524222689842065,False
MO,2012-07-05,2012,5,30,0.26075654931495373,17,False,63.78947368421041,-0.14587523846665618,False
MO,2015-01-14,2015,2,5,0.2648181090569337,31,True,76.17105263157919,-0.14104635485046768,False
MO,2016-07-19,2016,1,0,0.20630688829499055,119,True,-75.44736842105249,-0.0784164550215869,False
MO,2024-09-18,2024,2,5,0.20838226176643282,117,True,-30.6513157894733,-0.04118099422567545,False
MOG-A,2011-02-14,2011,2,5,0.4123713531717954,36,True,52.651315789473756,-0.3280777773211424,True
MOG-A,2017-10-03,2017,2,15,0.3169558211284096,79,True,-47.55263157894751,-0.217480808653288,False
MOG-A,2024-07-16,2024,13,100,0.3767392552915194,80,False,51.71052631578914,-0.3321482181246669,True
MOG-A,2025-12-29,2025,1,0,0.38235885992748675,117,True,-82.98684210526335,-0.07609471351984975,False
MOG-A,2026-02-04,2026,7,30,0.6674317295265813,133,True,-51.55263157894751,-0.14724508592858598,False
MOH,2015-07-29,2015,2,5,0.3254381172070686,13,True,136.34210526315792,-0.41153375356475264,True
MOH,2015-09-10,2015,2,5,0.27110475634916464,4,False,143.10526315789502,-0.442655181278075,True
MOH,2018-10-08,2018,1,0,0.7464069128820703,112,True,-37.0,-0.27527138656393024,False
MOH,2021-12-10,2021,1,0,0.24370924932157245,89,True,-26.5,-0.275602103748526,False
MOH,2024-03-20,2024,1,0,0.2630524618136578,5,True,35.131578947368325,-0.34304826567060487,True
MORN,2006-05-15,2006,1,0,0.29327618242189457,4,True,79.15789473684208,-0.28336865386830046,False
MORN,2018-01-10,2018,3,10,0.24389071095126336,130,True,-66.90789473684208,-0.23854874555336414,False
MORN,2018-07-25,2018,2,5,0.4322283250931329,27,True,13.065789473684163,-0.2570610611637777,False
MOS,2007-10-15,2007,13,60,0.9579285085504994,169,True,-89.65789473684208,-0.8612480132257374,True
MOS,2008-02-25,2008,1,0,1.9553141827241176,79,True,3.368421052631561,-0.8612480132257374,True
MOS,2008-04-22,2008,2,5,1.2433604617181944,39,True,71.49342105263156,-0.8612480132257374,True
MOS,2008-06-11,2008,3,10,0.7728682552958386,4,False,147.84210526315792,-0.8612480132257374,True
MPC,2013-03-20,2013,4,15,0.6563279198839929,0,False,63.45394736842081,-0.3112895844973804,True
MPC,2017-12-21,2017,6,25,0.3062253131356334,85,True,54.21052631578914,-0.3324732802739627,True
MPC,2018-05-03,2018,6,25,0.3138184674151807,106,True,-69.88157894736833,-0.45371575613404214,True
MPC,2022-11-03,2022,4,15,0.27140662869731647,102,True,59.118421052631675,-0.22544959826063615,False
MPC,2023-03-09,2023,1,0,0.3213488121057755,107,True,-47.855263157895024,-0.05096760334885164,False
MPT,2006-09-29,2006,9,45,0.291028397027044,88,True,20.61842105263156,-0.2951578249066221,False
MPT,2007-02-02,2007,2,5,0.35370557913851486,3,False,28.0526315789474,-0.2951578249066221,False
MPT,2013-01-03,2013,1,0,0.3304699240107003,93,True,-24.51315789473665,-0.3319419920109927,True
MPT,2013-02-08,2013,12,60,0.45023885448127987,68,True,-10.23684210526335,-0.3319419920109927,True
MPT,2020-01-15,2020,4,25,0.2526206975067087,25,False,82.5,-0.4545151513333283,True
MPWR,2014-03-17,2014,1,0,0.26374704872105337,116,True,-9.75,-0.27611724297193097,False
MPWR,2014-08-07,2014,5,20,0.3064352123252574,139,True,-74.26315789473665,-0.1404192260942566,False
MPWR,2017-01-17,2017,3,15,0.2080322498769489,132,True,-36.01315789473665,-0.10225654966673281,False
MPWR,2017-03-15,2017,1,0,0.24750696385159943,92,True,-29.5,-0.10225654966673281,False
MPWR,2017-10-31,2017,4,15,0.344988337392254,131,True,-48.30263157894751,-0.18666229462492312,False
MPWR,2020-11-06,2020,1,0,0.7036740979025307,50,True,10.328947368421268,-0.2508311120594008,False
MRCY,2015-12-18,2015,2,5,0.24135639119999563,125,True,-58.09210526315792,-0.07440102520586378,False
MRCY,2017-08-14,2017,12,55,0.3180437295660974,88,True,49.46710526315792,-0.41248382427804964,True
MRCY,2025-09-11,2025,9,40,0.7358670897809421,88,True,15.48684210526335,-0.32187921872686864,True
MRCY,2026-02-19,2026,3,10,0.3992525521999315,92,True,32.605263157895024,-0.290151358943218,False
MRK,2018-10-08,2018,2,10,0.2834762221433804,119,True,-62.78289473684208,-0.12136865090694804,False
MRK,2018-12-04,2018,1,0,0.28132097441415094,79,True,-19.526315789473756,-0.12136865090694804,False
MRK,2025-12-29,2025,9,50,0.3718226976625405,162,True,-93.05263157894751,-0.012389376282130882,False
MRNA,2020-05-07,2020,8,35,2.149200742973865,149,True,-68.60526315789502,-0.38496408309599084,True
MRNA,2021-08-20,2021,2,5,1.4030872982377662,13,True,54.76315789473665,-0.7292726867215271,True
MRSH,2013-12-03,2013,3,15,0.21729622973227825,135,True,-77.10526315789457,-0.03857439063765877,False
MRSH,2021-09-16,2021,1,0,0.33584052091857175,70,True,2.8289473684208133,-0.16447786153480193,False
MRVL,2009-10-08,2009,1,0,0.42311364876973134,61,True,-17.25,-0.32886229534668976,True
MRVL,2010-03-04,2010,1,0,0.34021322055778636,29,True,5.210526315789593,-0.3573960174538702,True
MRVL,2017-06-23,2017,1,0,0.233531175779909,106,True,12.684210526315837,-0.1598577975887271,False
MRVL,2017-10-03,2017,17,80,0.23635956328715269,109,True,89.15789473684208,-0.37122210002260536,True
MRVL,2022-01-10,2022,1,0,0.4505226718163158,1,True,71.82894736842081,-0.5061067105200996,True
MS,2013-12-03,2013,2,20,0.2416965337388186,31,True,72.84868421052624,-0.14618814130243807,False
MSA,2013-03-26,2013,1,0,0.3439619978320587,84,True,-22.026315789473756,-0.13486230624845474,False
MSA,2021-02-11,2021,2,5,0.36614833218621534,2,False,51.38815789473665,-0.16720359935676188,False
MSCI,2015-03-11,2015,1,0,0.21715843835842863,99,True,63.23684210526335,-0.14936242794188193,False
MSCI,2017-11-03,2017,5,25,0.2915357982937701,145,True,-115.4605263157896,-0.16880168608949664,False
MSCI,2018-01-25,2018,12,85,0.25750431021028675,153,True,-78.42763157894751,-0.2557709008940423,False
MSCI,2018-07-03,2018,4,15,0.3045367854875205,43,True,43.44736842105249,-0.2557709008940423,False
MSCI,2021-09-07,2021,1,0,0.587447260247131,50,True,106.25,-0.4374487176264561,True
MSEX,2016-04-29,2016,10,45,0.4269253889056348,157,True,-71.01315789473665,-0.23958413195077732,False
MSEX,2021-09-09,2021,5,20,0.5001962875143464,79,True,-11.368421052631675,-0.34860213229706827,True
MSFT,2009-12-04,2009,6,30,0.373326343181549,94,True,-21.368421052631675,-0.2636561293680577,False
MSFT,2017-06-02,2017,1,0,0.20492622788357195,111,True,-63.03947368421041,-0.03633878683519787,False
MSFT,2017-10-31,2017,10,55,0.21746526086531803,175,True,-102.43421052631584,-0.0998724871133515,False
MSFT,2018-03-06,2018,1,0,0.27440165300696817,98,True,-54.31578947368416,-0.14372958613468023,False
MSFT,2018-08-03,2018,6,40,0.18781886838582884,157,True,-38.51315789473665,-0.028697503176940087,False
MSFT,2019-08-30,2019,1,0,0.23669237837887014,111,True,-36.0,-0.2803926645413436,False
MSFT,2020-01-16,2020,5,30,0.2262916541473854,137,True,-53.973684210526244,-0.0723449326742065,False
MSFT,2021-07-28,2021,7,40,0.23461390280941696,81,True,10.842105263157464,-0.2908210089954847,False
MSFT,2021-10-28,2021,1,0,0.2916224239702545,16,True,96.36842105263167,-0.2908210089954847,False
MSFT,2023-07-18,2023,1,0,0.5097531788527949,93,True,-24.052631578947512,-0.04382021748969367,False
MSGS,2018-08-24,2018,3,10,0.20143449805001268,24,True,80.47368421052624,-0.23081313000525727,False
MSGS,2024-12-05,2024,2,5,0.2277519059809685,7,True,35.23684210526335,-0.25541659501473346,False
MSGS,2026-03-12,2026,5,20,0.5213854219395639,105,True,-12.039473684210861,-0.037670255692679455,False
MSGS,2026-06-30,2026,5,35,0.5450036602555386,30,False,77.10526315789502,-0.037670255692679455,False
MSI,2013-02-11,2013,8,40,0.28104390503304333,40,False,23.421052631579187,-0.16122737353424277,False
MSI,2018-03-06,2018,5,35,0.2470964557803994,144,True,-38.868421052631675,-0.15899055710414833,False
MSI,2018-07-27,2018,2,10,0.2586952651973633,89,True,-53.73684210526335,-0.18193446675704528,False
MSI,2018-09-24,2018,1,0,0.22969855024174723,108,True,-98.52631578947376,-0.03314510262460657,False
MSI,2019-08-16,2019,2,10,0.2597600850421291,127,True,16.815789473684163,-0.32808687325411867,True
MSI,2021-07-14,2021,8,45,0.2887454911462637,117,True,-43.381578947368325,-0.27225411575227276,False
MSI,2021-12-27,2021,1,0,0.25760669190816965,2,True,110.36842105263167,-0.27225411575227276,False
MSI,2024-08-20,2024,12,60,0.32712553442905135,57,False,14.644736842104976,-0.21386884224093505,False
MTCH,2007-01-22,2007,2,10,0.6128633776628607,24,True,56.0,-0.3588610167038122,True
MTCH,2011-04-19,2011,10,65,0.24361487523492742,139,True,-19.789473684210407,-0.10678280721280697,False
MTCH,2011-11-07,2011,1,0,0.1924792459414726,95,True,30.0,-0.16716008223456558,False
MTCH,2012-03-12,2012,3,15,0.22998462536690534,134,True,6.0,-0.26995002344004604,False
MTCH,2014-01-16,2014,4,15,0.39147773954579623,32,True,36.05921052631584,-0.26771839410645526,False
MTCH,2017-12-28,2017,1,0,0.8032219473886821,74,True,-0.31578947368416266,-0.280931532086926,False
MTCH,2018-03-06,2018,7,30,0.8979866854862162,136,True,-40.21052631578959,-0.39617002309047555,True
MTD,2007-06-07,2007,2,5,0.24217279557213067,121,True,-36.59210526315792,-0.25731986101720683,False
MTD,2009-11-05,2009,2,5,0.29967385209963626,121,True,-45.01315789473688,-0.15217047548290696,False
MTD,2009-12-28,2009,1,0,0.3781282804307624,86,True,-24.618421052631675,-0.15217047548290696,False
MTD,2010-12-31,2010,5,20,0.3946689657589222,83,True,81.34210526315792,-0.3221151488099615,True
MTD,2011-04-27,2011,2,5,0.40259546177987837,3,False,113.77631578947376,-0.3221151488099615,True
MTD,2017-03-15,2017,1,0,0.23017279555813275,90,True,-15.526315789473756,-0.09712350024751892,False
MTD,2017-06-16,2017,4,20,0.3999904859871246,96,True,19.03289473684208,-0.20704966653906542,False
MTD,2017-10-31,2017,1,0,0.32954836028419754,59,True,100.86842105263167,-0.21070344892279513,False
MTDR,2013-09-20,2013,1,0,0.8676470795953517,112,True,-55.618421052631675,-0.21969714445124666,False
MTG,2017-12-06,2017,2,10,0.42134357191963234,30,True,78.0263157894733,-0.36685659581818564,True
MTG,2024-10-02,2024,2,5,0.18642336920411307,38,True,-4.184210526315837,-0.14361088197398963,False
MTN,2016-09-14,2016,3,15,0.24367205093112254,134,True,-41.5,-0.01732500219890598,False
MTN,2017-03-29,2017,8,45,0.2345985644062769,154,True,-94.92105263157919,-0.12690033863528916,False
MTN,2017-09-12,2017,1,0,0.25313283208020043,39,True,29.35526315789457,-0.12690033863528916,False
MTRN,2007-04-25,2007,1,0,1.0836981801720236,0,False,39.73684210526312,-0.49465497462498165,True
MTRN,2017-11-14,2017,1,0,0.4769411232941141,111,True,-77.25,-0.22688003658697486,False
MTRN,2018-08-24,2018,2,5,0.21120158638103637,3,False,147.26315789473665,-0.3358603498473862,True
MTSI,2015-03-04,2015,2,10,0.409034941921431,77,True,-31.01315789473665,-0.36910379628941536,True
MTSI,2021-12-30,2021,2,5,0.23647678518950288,2,False,47.96710526315837,-0.44727270431279387,True
MTSI,2026-06-04,2026,3,15,1.1513123621833166,11,False,135.4473684210525,-0.4228284432508298,True
MTUS,2021-04-27,2021,4,15,2.101941768922392,74,True,15.967105263158373,-0.2839007557965294,False
MTX,2013-11-18,2013,8,35,0.3484615132889004,154,True,-74.13157894736833,-0.14152634955345278,False
MTX,2021-03-26,2021,7,45,0.6024306210192305,45,False,43.157894736842536,-0.25803036346755004,False
MTZ,2013-02-11,2013,6,30,0.6190741880949959,121,True,-42.84210526315792,-0.1467576754779737,False
MTZ,2020-12-29,2020,7,45,0.5208379649699071,110,True,-16.578947368420813,-0.31024247141540995,True
MTZ,2026-03-19,2026,9,40,0.6173777675149348,32,False,21.157894736842536,-0.41633335258512505,True
MU,2013-07-19,2013,2,5,0.7580024712715465,119,True,-53.44078947368416,-0.11478840427604897,False
MU,2013-10-07,2013,1,0,0.9320794622506074,93,True,-18.526315789473756,-0.17104741459584616,False
MU,2013-11-18,2013,2,5,0.7177202367101361,120,True,-63.15789473684208,-0.0640607179246705,False
MU,2014-06-04,2014,12,55,0.36201224073725813,129,True,82.38157894736833,-0.6042751907576123,True
MU,2014-12-01,2014,1,0,0.22043966767856382,4,True,208.5,-0.6042751907576123,True
MU,2017-03-08,2017,2,20,0.49206310328780534,138,True,-56.35526315789457,-0.052397813467076726,False
MU,2017-10-03,2017,5,20,0.4120325539652756,115,True,31.84210526315792,-0.4331971003263144,True
MU,2017-12-06,2017,2,5,0.2813559853286438,118,True,-53.65789473684208,-0.5365698272328125,True
MU,2024-01-16,2024,2,5,0.3024035958155218,107,True,-43.67763157894751,-0.4497359216113429,True
MU,2024-02-28,2024,1,0,0.37773680724013037,77,True,-10.552631578947512,-0.4497359216113429,True
MU,2024-04-04,2024,3,10,0.8367031544218637,52,True,-42.0,-0.4497359216113429,True
MU,2024-06-07,2024,2,5,0.7946378028840964,7,True,97.17763157894751,-0.4497359216113429,True
MU,2026-03-19,2026,1,0,1.7797226331452798,67,True,1.4868421052633494,-0.3909541844002312,True
MU,2026-05-08,2026,11,55,2.14705501219357,32,False,46.42105263157919,-0.3909541844002312,True
MUR,2008-06-11,2008,2,5,0.22570647213853845,14,True,47.11842105263156,-0.6302445272987554,True
MUR,2026-04-10,2026,1,0,0.31981401586591995,16,True,44.46052631578914,-0.245937678047636,False
MUSA,2015-03-09,2015,1,0,0.2674395976905728,15,True,88.09210526315792,-0.33723461842595437,True
MUSA,2022-02-02,2022,1,0,0.31442778262805327,114,True,-30.842105263157464,-0.12669710079425822,False
MUSA,2023-11-02,2023,5,20,0.3215979494104588,140,True,-83.2236842105267,-0.029609651009622873,False
MWA,2014-03-05,2014,2,5,0.3161213940672136,1,False,195.25,-0.2170072979184846,False
MWA,2016-09-23,2016,1,0,0.31952555296321883,54,True,21.0,-0.2160762115759166,False
MWA,2021-08-27,2021,1,0,0.2588861806407978,50,True,87.36842105263167,-0.3618677528116854,True
MWA,2024-12-02,2024,3,10,0.44076175232052606,72,True,-17.5263157894733,-0.19192639411337375,False
MWA,2025-03-24,2025,2,5,0.3116923177438753,0,False,152.5,-0.1785456865094015,False
MXL,2013-10-25,2013,1,0,0.4292605535680951,54,True,27.578947368421268,-0.39196428046846865,True
MXL,2016-12-21,2016,1,0,0.1623711175499969,99,True,113.5,-0.35787508673133517,True
MXL,2017-02-13,2017,5,40,0.4814404931505576,64,True,95.14473684210543,-0.35787508673133517,True
MYRG,2021-02-03,2021,1,0,0.5416666924695439,118,True,-28.7236842105267,-0.10872492783379495,False
MYRG,2021-05-14,2021,10,50,0.7637964339256258,135,True,-33.68421052631584,-0.36344124235666897,True
MYRG,2021-11-17,2021,1,0,0.3926644192146571,5,True,113.68421052631584,-0.36344124235666897,True
MYRG,2026-05-29,2026,5,25,1.1496718379907884,20,False,63.42105263157919,-0.39083673689613097,True
MZTI,2013-05-15,2013,2,5,0.2241358942815348,116,True,-60.04605263157919,-0.07292971738253717,False
MZTI,2015-12-18,2015,6,25,0.2564536744065846,138,True,-66.51973684210498,-0.018439074344078876,False
NAVI,2021-04-08,2021,11,75,0.6849569245804308,113,True,-52.868421052631675,-0.35848666828694764,True
NBHC,2017-02-13,2017,3,10,0.477510461965877,117,True,-21.539473684210407,-0.11202959122430578,False
NBIX,2010-07-13,2010,1,0,1.2529643769655987,70,True,-12.105263157894797,-0.2415005870184238,False
NBIX,2015-02-20,2015,7,30,1.5785341763365062,145,True,-70.0,-0.41398145916857243,True
NBIX,2018-03-13,2018,1,0,0.5695675019862003,120,True,-30.0,-0.4443269508694283,True
NBTB,2016-10-05,2016,4,25,0.31303493323454656,62,True,7.802631578947512,-0.24008139349411628,False
NBTB,2016-12-15,2016,8,35,0.48571146293872114,12,False,64.94078947368416,-0.24008139349411628,False
NDAQ,2005-11-15,2005,10,50,1.4604544104062405,50,False,17.66447368421052,-0.4800856356969294,True
NDAQ,2011-02-14,2011,4,15,0.47096723516595107,0,False,32.43421052631584,-0.31174088677082656,True
NDAQ,2015-10-22,2015,1,0,0.22881021249803424,98,True,77.0,-0.0795045431555289,False
NDAQ,2018-06-21,2018,1,0,0.24811986251453177,51,True,-15.671052631578732,-0.19877426045710878,False
NDAQ,2021-07-21,2021,1,0,0.305159980981633,76,True,6.368421052631675,-0.3284117392169952,True
NDAQ,2021-10-14,2021,1,0,0.2601110889006635,16,True,90.25,-0.3284117392169952,True
NDSN,2006-03-28,2006,4,30,0.3060834748794736,29,False,61.0,-0.3156714909479581,True
NDSN,2011-02-14,2011,3,15,0.527704771861276,99,True,-23.210526315789593,-0.3674387879559009,True
NDSN,2026-02-11,2026,3,10,0.37440173563291523,124,True,-91.30263157894751,-0.022963753317277402,False
NEE,2006-11-20,2006,8,35,0.3984559266934391,124,True,-63.93421052631584,-0.16342048569214085,False
NEE,2012-07-19,2012,2,5,0.21898621721629907,122,True,-98.84210526315792,-0.011129815563776568,False
NEE,2013-05-15,2013,1,0,0.2372980613993867,119,True,-45.51315789473665,-0.05790228437639955,False
NEE,2014-03-31,2014,3,10,0.21302732491588627,63,True,145.5526315789475,-0.09884911897306314,False
NEE,2019-07-12,2019,3,15,0.20562155465569232,135,True,-93.42105263157873,-0.30756599891471625,True
NEE,2019-09-30,2019,4,20,0.23774922598512016,107,True,-75.88157894736833,-0.3563178051947904,True
NEE,2020-02-07,2020,5,20,0.26615773095038575,126,True,-61.526315789473756,-0.04549163907541709,False
NEM,2020-09-03,2020,1,0,0.2686526660719071,3,True,66.34210526315792,-0.19693281482784009,False
NEM,2025-10-16,2025,2,5,0.7704811172012509,70,True,-19.375,-0.3210365271161528,True
NEM,2026-01-28,2026,4,30,1.074911518567018,143,True,-50.368421052631675,-0.006750602354140489,False
NEOG,2007-09-10,2007,10,55,0.501335160264103,114,True,-37.02631578947364,-0.19413013874313145,False
NEOG,2010-10-06,2010,10,55,0.3450339867405847,163,True,-77.11184210526312,-0.3278323085669067,True
NEOG,2013-06-27,2013,5,20,0.20792518054045717,114,True,-80.31578947368416,-0.28636003940069055,False
NEOG,2013-12-17,2013,1,0,0.3175563804012904,1,True,73.47368421052624,-0.24792877178288986,False
NEOG,2026-02-26,2026,1,0,1.0106570985298,120,True,-76.84210526315746,-0.0502057346361493,False
NEU,2006-03-28,2006,6,30,1.708143755512828,147,True,-78.1513157894737,-0.416544500027469,True
NEU,2008-04-01,2008,3,20,0.6101627220048502,14,False,4.223684210526358,-0.7318534674098109,True
NEU,2014-01-02,2014,2,10,0.23140181627885514,75,True,1.1513157894733013,-0.11270785684480578,False
NEU,2014-03-17,2014,7,35,0.36168720743544247,118,True,38.44736842105249,-0.1411250822438641,False
NEU,2023-07-25,2023,6,45,0.3053525896031297,152,True,-77.625,-0.20547070692910874,False
NEU,2023-12-07,2023,9,55,0.36969792277690305,57,True,32.4736842105267,-0.20547070692910874,False
NFG,2009-09-17,2009,3,10,0.591530205797743,128,True,-72.47368421052624,-0.168188650402759,False
NFG,2025-03-20,2025,6,25,0.32094290064377207,131,True,-82.57894736842172,-0.17052137696563263,False
NFG,2025-07-30,2025,2,10,0.31487919177377766,41,True,77.78289473684163,-0.17052137696563263,False
NFLX,2010-05-28,2010,5,20,0.8768995017094061,128,True,-53.0,-0.14667324079675148,False
NFLX,2010-09-29,2010,9,55,1.3139395548367436,171,True,-101.52631578947376,-0.7666787817042586,True
NFLX,2011-02-14,2011,1,0,0.8040372119531713,103,True,37.526315789473756,-0.786228280805766,True
NFLX,2011-03-29,2011,4,15,0.46657603344046406,73,True,76.1447368421052,-0.786228280805766,True
NFLX,2011-05-25,2011,4,15,0.38229191228064563,33,True,187.0,-0.786228280805766,True
NFLX,2011-07-29,2011,1,0,0.22024945442802024,0,False,212.5,-0.7599157001723267,True
NFLX,2014-02-07,2014,3,20,0.717172350015413,137,True,-24.631578947368325,-0.34202490031116717,True
NFLX,2017-09-12,2017,2,5,0.29303715859805424,123,True,-44.31578947368416,-0.209117832868984,False
NFLX,2018-01-22,2018,1,0,0.20706477721735084,116,True,-18.10526315789457,-0.4417738538312729,True
NFLX,2018-02-27,2018,9,50,0.7511902396156385,91,True,28.473684210526244,-0.4417738538312729,True
NFLX,2018-07-06,2018,2,15,0.9853621216863029,1,False,94.13157894736833,-0.4417738538312729,True
NFLX,2024-12-19,2024,7,35,0.3146971815762998,129,True,-49.98684210526335,-0.4335127747768319,True
NGVT,2018-08-21,2018,6,30,0.2874066268646629,124,True,-43.9013157894733,-0.3750747086971774,True
NHC,2006-06-01,2006,3,10,0.22957315300153236,118,True,-71.68421052631578,-0.14003207951961405,False
NHC,2006-10-16,2006,2,5,0.4522115445591608,23,True,-9.184210526315837,-0.14003207951961405,False
NHC,2024-01-16,2024,4,15,0.7034394100985735,133,True,-74.18421052631584,-0.3273060107135156,True
NHC,2026-05-22,2026,9,50,0.5670997504311459,61,True,13.473684210526699,-0.04149945912668296,False
NHI,2007-01-05,2007,1,0,0.2917662387747566,101,True,-32.0526315789474,-0.20972075878072693,False
NHI,2010-10-13,2010,2,15,0.19230193969510467,135,True,14.539473684210407,-0.20589261435931183,False
NHI,2013-02-19,2013,6,25,0.31671325541357387,64,True,20.901315789473756,-0.25364961287551846,False
NHI,2016-08-16,2016,2,15,0.40295085697910116,14,False,37.54605263157919,-0.1691400618236122,False
NHI,2024-08-27,2024,6,25,0.4100614307809487,15,False,36.94078947368416,-0.2086658304448119,False
NI,2011-12-20,2011,1,0,0.2053353037875083,119,True,-31.697368421052715,-0.06186133346858769,False
NI,2014-06-04,2014,2,15,0.21559420020730014,108,True,-67.4736842105267,-0.08366569245490851,False
NI,2016-05-06,2016,3,15,0.22651214742515902,40,True,99.60526315789457,-0.18917915523277817,False
NI,2016-07-26,2016,1,0,0.28700474296575607,5,True,75.7894736842104,-0.16859295400601326,False
NI,2024-10-16,2024,5,30,0.3162986766388416,92,True,-0.15789473684253608,-0.099927305423547,False
NIC,2014-09-02,2014,2,5,0.3427762709850015,115,True,-42.730263157895024,-0.003773522345747682,False
NIC,2015-05-06,2015,14,70,0.23404247973112557,88,True,3.052631578947512,-0.11942429901006901,False
NIC,2025-07-03,2025,2,5,0.2594629432050466,9,True,140.2763157894733,-0.17878482897923786,False
NIC,2025-09-08,2025,1,0,0.19585432720682538,114,True,29.421052631579187,-0.1790493435255771,False
NJR,2014-07-10,2014,2,5,0.28654204806229155,119,True,-11.828947368420813,-0.13275418142025708,False
NKE,2007-10-29,2007,1,0,0.23903143892486667,105,True,26.0526315789474,-0.3686745063484841,True
NKE,2013-11-18,2013,3,10,0.21271191538866763,81,True,29.197368421052488,-0.11062336030201558,False
NKE,2014-11-21,2014,4,15,0.27950159374637806,119,True,-46.92763157894751,-0.03194249949528272,False
NKE,2018-08-03,2018,2,15,0.17820297559571663,132,True,-28.08552631578914,-0.0918772577531517,False
NLY,2007-12-04,2007,2,10,0.22037644926334865,44,True,73.82894736842104,-0.40589728828123384,True
NLY,2008-02-15,2008,2,5,0.5062869625004742,5,False,70.65789473684208,-0.40906015267059537,True
NLY,2017-06-09,2017,2,10,0.23080909887289702,82,True,-42.0986842105267,-0.16922469574493637,False
NNN,2010-11-10,2010,2,5,0.21179064024215233,18,True,127.49342105263167,-0.12943578284281854,False
NNN,2012-09-14,2012,3,25,0.223038220700833,138,True,-53.78947368421041,-0.16399484539872433,False
NNN,2013-04-10,2013,7,30,0.2294073336204714,27,False,26.552631578947512,-0.2652554010222279,False
NNN,2016-03-24,2016,4,15,0.27370252350064894,89,True,-14.065789473684163,-0.2275348495517635,False
NOC,2010-04-09,2010,3,15,0.331157580814297,14,False,48.368421052631675,-0.21409848144415988,False
NOC,2013-07-26,2013,3,10,0.35836302773691653,123,True,-45.89473684210543,-0.07912224241982546,False
NOC,2013-09-23,2013,1,0,0.4316998707010864,114,True,-20.64473684210543,-0.06138350577194174,False
NOC,2013-11-18,2013,7,40,0.37683023958975936,138,True,-68.92105263157873,-0.04105737282796518,False
NOC,2014-03-17,2014,1,0,0.2872158244946974,117,True,-34.631578947368325,-0.05662285849016779,False
NOC,2014-12-08,2014,13,80,0.19685454356019072,175,True,31.052631578947512,-0.09070717298036324,False
NOC,2017-10-10,2017,6,45,0.2261255921733505,121,True,-80.93421052631584,-0.29744942448129597,False
NOC,2018-01-29,2018,9,55,0.2900512656788452,46,False,31.171052631578732,-0.29744942448129597,False
NOG,2010-12-06,2010,7,50,0.8275859531591137,61,True,127.75,-0.5946771893506104,True
NOV,2007-09-10,2007,2,10,0.8026765650738099,25,True,67.5,-0.350529594514165,True
NOV,2007-11-05,2007,1,0,0.6216626727760259,1,True,47.02631578947364,-0.3471535226119611,True
NOV,2011-01-24,2011,2,5,0.8057437997429324,125,True,-63.78289473684208,-0.3960281836397873,True
NOV,2026-03-26,2026,1,0,0.5268608246704245,98,True,-10.894736842104976,-0.08814820381185384,False
NOVT,2016-12-15,2016,12,75,0.29571246418083974,190,True,-103.48684210526335,-0.03214690552715915,False
NOVT,2017-05-18,2017,11,50,0.685714325347504,170,True,-102.23684210526335,-0.1801346883514433,False
NOVT,2017-11-07,2017,8,50,0.6569579739488272,150,True,-21.710526315789593,-0.16538462363214035,False
NOVT,2018-03-06,2018,1,0,0.4012738853503184,120,True,92.5,-0.2691709792842165,False
NOVT,2018-05-09,2018,6,40,0.19769680140919754,76,True,159.3289473684208,-0.2780550599188131,False
NOVT,2018-08-24,2018,2,15,0.4139193975405122,126,True,51.5,-0.16171070884583105,False
NOW,2017-11-02,2017,19,130,0.2678698696975752,216,True,-83.5,-0.23355165877236783,False
NOW,2018-07-24,2018,1,0,0.28027414158580655,36,True,136.63157894736833,-0.23355165877236783,False
NOW,2020-12-09,2020,2,5,0.40778558279428667,43,True,34.5,-0.2356216512229401,False
NOW,2021-02-16,2021,1,0,0.344272802189312,119,True,-10.842105263157464,-0.18653229280604455,False
NOW,2024-10-25,2024,11,60,0.31414545882072575,62,True,56.618421052631675,-0.38341065788053297,True
NPK,2010-02-03,2010,7,30,0.4276542628106861,24,False,66.52631578947376,-0.29740294430198444,False
NPK,2015-08-05,2015,3,10,0.3365212097650261,76,True,-19.881578947368325,-0.1960615669240635,False
NPO,2013-03-19,2013,3,15,0.2629951669692854,133,True,-101.35526315789457,-0.11135051991089506,False
NRG,2007-03-20,2007,12,60,0.5010570281990896,148,True,70.75,-0.21769692108593186,False
NRG,2014-05-13,2014,6,35,0.1996315038529628,26,False,165.84210526315792,-0.3693916135482833,True
NRG,2023-12-07,2023,8,35,0.4251408505444014,116,True,-75.76973684210498,-0.19458205467248402,False
NRG,2024-03-06,2024,13,65,0.6456856178839232,184,True,-112.15789473684254,-0.16992225538505834,False
NRG,2024-11-27,2024,3,10,0.18006213640507318,116,True,17.157894736842536,-0.10519664149033148,False
NRG,2025-01-22,2025,1,0,0.4502962945554072,108,True,35.355263157895024,-0.11306268869195069,False
NRG,2025-06-09,2025,6,35,0.5490598091688277,99,True,91.98684210526335,-0.31815752017912347,True
NSC,2006-04-19,2006,2,15,0.4128251730700696,15,False,56.71052631578948,-0.2881503822741265,False
NSC,2018-02-20,2018,1,0,0.19156617716880864,117,True,51.15789473684208,-0.18889241332406115,False
NSIT,2021-04-19,2021,3,25,0.6347603147440284,38,True,65.15789473684254,-0.16093677100867243,False
NSP,2016-07-05,2016,4,15,0.6292564414319763,13,False,48.44736842105249,-0.20041838270144907,False
NSP,2018-05-16,2018,10,45,0.6934497200774785,76,True,16.171052631579187,-0.27317082667037473,False
NSP,2021-09-01,2021,9,45,0.2722384162541738,42,False,58.394736842104976,-0.3255464150206834,True
NSSC,2013-09-16,2013,1,0,0.417910451456708,92,True,33.0,-0.4623513944361404,True
NSSC,2013-11-18,2013,13,60,0.38672793193173494,47,False,31.15789473684208,-0.4623513944361404,True
NSSC,2017-05-25,2017,1,0,0.2389940457428925,95,True,93.15789473684208,-0.24761909998211218,False
NSSC,2018-07-27,2018,4,15,0.6630438098873286,134,True,-93.76973684210498,-0.02198902001483527,False
NSSC,2021-09-16,2021,1,0,0.19161663050636646,70,True,39.21052631578914,-0.38700287541194545,True
NTAP,2009-10-08,2009,1,0,0.6255900254618709,57,True,-26.013157894736878,-0.156629929548878,False
NTAP,2010-12-02,2010,1,0,0.42133050797898863,49,True,80.47368421052624,-0.4448846265196531,True
NTAP,2018-07-27,2018,4,25,0.26494013163491625,26,True,44.26315789473665,-0.3735572590666778,True
NTAP,2021-10-14,2021,3,10,0.2023051051258451,63,True,87.5263157894733,-0.3429490091684134,True
NTCT,2014-08-07,2014,3,10,0.27062235876372887,24,True,13.368421052631675,-0.32600890799882265,True
NTCT,2026-05-08,2026,11,50,0.4313438636766014,41,False,37.881578947368325,-0.1567796332599064,False
NTNX,2018-01-02,2018,1,0,0.8685031803849217,115,True,-40.0,-0.47402293512667415,True
NTNX,2023-12-11,2023,3,10,0.5595959092574736,111,True,-51.592105263157464,-0.3730407758211114,True
NTNX,2024-02-23,2024,6,30,0.8518751707927634,61,True,27.0263157894733,-0.3730407758211114,True
NTRS,2007-12-26,2007,1,0,0.24249467958111937,0,False,103.81578947368416,-0.170987153173092,False
NTRS,2021-06-01,2021,3,15,0.28219682932160794,99,True,-23.53947368421086,-0.2574498642022093,False
NTRS,2024-11-27,2024,4,15,0.3575725100558247,53,True,36.34210526315837,-0.2521366456740102,False
NTST,2025-08-27,2025,2,5,0.29155356532472676,125,True,-48.256578947368325,-0.08516542192157561,False
NUE,2006-04-26,2006,3,10,0.9183760268610441,126,True,-33.5,-0.10530662850051986,False
NUE,2013-02-04,2013,2,10,0.2037061708153145,130,True,-73.51973684210498,-0.07578215561564905,False
NUE,2021-04-19,2021,3,10,0.6337085808951408,82,True,-45.157894736842536,-0.2564330987238833,False
NUE,2021-06-15,2021,2,5,0.822913033190152,42,True,28.657894736841627,-0.2564330987238833,False
NVDA,2006-03-28,2006,4,30,0.6425143381161791,148,True,-89.28289473684208,-0.1622341367833524,False
NVDA,2015-12-28,2015,1,0,0.6603277050473166,120,True,36.25,-0.04878051523596805,False
NVDA,2016-09-28,2016,1,0,0.8825928392443008,90,True,-25.0,-0.19742710421522436,False
NVDA,2016-11-16,2016,12,55,1.113370073738663,169,True,-96.59868421052624,-0.07221903960996501,False
NVDA,2017-05-18,2017,12,55,0.5481769168832049,175,True,40.0,-0.13429197144816207,False
NVDA,2017-11-14,2017,2,15,0.6801931117054074,121,True,-77.28289473684208,-0.5104161658930271,True
NVDA,2018-05-09,2018,1,0,0.22175648790912916,100,True,75.0,-0.5603843336467875,True
NVDA,2018-10-01,2018,1,0,0.28554346078869397,0,False,212.5,-0.5603843336467875,True
NVDA,2020-01-09,2020,5,30,0.4640367746830727,150,True,-100.72368421052624,0.0,False
NVDA,2020-08-27,2020,3,20,0.8712204074908028,117,True,-56.21052631578959,-0.24376620985309227,False
NVDA,2023-07-18,2023,4,25,1.8112301618723348,144,True,-64.29605263157828,-0.06610561766943601,False
NVDA,2024-11-27,2024,2,5,0.2250017913417468,25,True,165.0,-0.36881026012329166,True
NVR,2013-02-19,2013,7,30,0.23717317589854403,27,False,65.9605263157896,-0.22624547354559277,False
NVR,2015-11-19,2015,1,0,0.20393299344501092,87,True,-69.36842105263167,-0.16787183536359818,False
NVR,2017-07-24,2017,5,25,0.5933805604730724,124,True,-67.22368421052624,-0.35441894531249996,True
NVR,2017-10-03,2017,2,10,0.37037878325491236,74,True,-6.5,-0.35441894531249996,True
NVR,2017-11-21,2017,8,35,0.4635964017529053,39,True,46.230263157895024,-0.35441894531249996,True
NVR,2019-05-30,2019,6,30,0.2987213900482715,99,True,-34.36184210526335,-0.44128910397730936,True
NVR,2023-05-18,2023,1,0,0.304185914002564,73,True,-48.26315789473665,-0.17391291628351013,False
NVR,2023-08-29,2023,1,0,0.21658722783683082,114,True,-25.118421052631675,-0.03701871807554158,False
NVST,2020-12-31,2020,10,50,0.5761682310045231,87,True,-14.401315789473301,-0.1704045751540243,False
NVT,2024-05-22,2024,1,0,0.5416737088034995,2,True,42.07894736842081,-0.28742232878778295,False
NVT,2026-05-14,2026,5,25,0.5927075937466841,25,False,67.5,-0.2742381056894828,False
NWBI,2016-11-23,2016,5,30,0.26532751525570464,11,False,57.42105263157873,-0.19152531847431375,False
NWBI,2026-08-19,2026,1,0,0.2122568209602187,2,True,104.25,-0.006485109012642765,False
NWE,2011-07-19,2011,1,0,0.19473367035432032,112,True,-42.0,-0.06159158549567623,False
NWL,2013-03-19,2013,3,25,0.35430471206076763,40,True,-11.184210526315837,-0.10396258467705533,False
NWL,2021-02-04,2021,1,0,0.6048701372956393,70,True,-55.46052631578959,-0.27935127746225863,False
NWL,2021-03-19,2021,2,10,0.4866036659735322,40,True,23.947368421052488,-0.27935127746225863,False
NWL,2021-06-01,2021,1,0,0.388313081314259,0,False,103.09210526315746,-0.2702961592065699,False
NWN,2007-02-27,2007,1,0,0.21614713679428665,49,True,31.78947368421052,-0.20384008013331023,False
NWN,2007-05-31,2007,1,0,0.28406345651816745,118,True,-59.31578947368416,-0.16606808522300887,False
NWN,2016-07-12,2016,5,20,0.2724240596907088,9,False,56.98684210526335,-0.15099879273394934,False
NWS,2024-01-29,2024,6,30,0.3362812621173399,149,True,-110.31578947368416,-0.0781937178381874,False
NWSA,2024-02-20,2024,2,15,0.2704893481034414,101,True,-68.96052631579005,-0.10654009113928187,False
NX,2007-07-20,2007,1,0,0.4290847486508578,108,True,-59.4473684210526,-0.07320779847327397,False
NX,2021-02-11,2021,1,0,0.4924788162318188,60,True,4.802631578947512,-0.28174888806090115,False
NXPI,2014-03-06,2014,9,40,0.5444700095119315,136,True,-67.64473684210543,-0.261745049226058,False
NXPI,2014-09-10,2014,2,10,0.2277073764278701,130,True,37.5,-0.3071373518113034,True
NXPI,2014-11-05,2014,2,5,0.20836781758057255,92,True,103.65789473684208,-0.3242618573022976,True
NXPI,2015-01-12,2015,14,90,0.21100179643805417,95,True,96.64473684210498,-0.4298441277183961,True
NXPI,2020-02-20,2020,1,0,0.31886199058750897,0,False,86.7105263157896,-0.5191074370421536,True
NXPI,2020-12-17,2020,10,60,0.35512829446939764,175,True,-132.23684210526335,-0.2656452573028608,False
NXPI,2021-04-29,2021,1,0,0.5149981404300947,85,True,-55.32894736842081,-0.2656452573028608,False
NXPI,2021-06-04,2021,1,0,0.26504227884333975,60,True,46.25,-0.2656452573028608,False
NXRT,2019-02-15,2019,1,0,0.2141172522205841,120,True,-24.73684210526335,-0.518817271909111,True
NXRT,2019-07-03,2019,1,0,0.2903507238785501,75,True,50.0,-0.560506228892667,True
NXRT,2019-08-08,2019,8,55,0.25818211472099684,131,True,54.526315789473756,-0.5789707164427713,True
NXRT,2021-10-27,2021,10,55,0.4502249684302593,126,True,-46.394736842104976,-0.5763723945048691,True
NXRT,2022-04-20,2022,2,5,0.38105488868347615,6,True,86.89473684210498,-0.5763723945048691,True
NXST,2007-05-09,2007,4,20,2.0229594286382357,10,False,53.68421052631584,-0.5066755656434325,True
NXST,2013-07-12,2013,1,0,2.227424382315054,118,True,-66.88157894736833,-0.40421314776930495,True
NXST,2013-11-11,2013,3,10,0.6458673833100055,33,True,122.0,-0.40421314776930495,True
NXST,2014-01-09,2014,1,0,0.38789978983072926,1,True,79.39473684210543,-0.37264319342116725,True
O,2007-02-05,2007,1,0,0.28557928958853895,2,True,64.11842105263156,-0.20340412440006328,False
O,2012-07-05,2012,2,5,0.2426334015783458,38,True,42.131578947368325,-0.11830119073936174,False
O,2016-03-24,2016,6,30,0.32788491651008145,89,True,-24.7236842105267,-0.24882205904053412,False
OC,2017-10-12,2017,10,50,0.3208466167876205,68,True,2.723684210526244,-0.44260662202845424,True
OC,2021-03-30,2021,4,20,0.3507718096850978,28,True,73.1513157894733,-0.21700317068868946,False
OC,2023-08-03,2023,5,20,0.42807344031184624,130,True,-52.5,-0.12251562927071313,False
ODFL,2010-12-31,2010,4,20,0.37374747197611335,129,True,-46.5,-0.30037744385097664,True
ODFL,2012-04-24,2012,1,0,0.39396578353131995,1,True,69.65789473684208,-0.19564732801224927,False
ODFL,2013-05-22,2013,8,55,0.28451632706951857,168,True,-89.08552631578914,-0.08736822114140363,False
ODFL,2013-09-23,2013,1,0,0.20861804524198968,120,True,-46.05263157894751,-0.048579889695008704,False
ODFL,2013-12-03,2013,9,70,0.22195443448802088,189,True,-106.9605263157896,-0.10359675258906587,False
ODFL,2014-05-06,2014,8,40,0.27606066883849634,144,True,-72.81578947368416,-0.178306899073427,False
ODFL,2014-09-12,2014,2,5,0.24589292613365332,54,True,48.23684210526335,-0.178306899073427,False
ODFL,2014-10-31,2014,6,40,0.21510736371834138,19,False,32.25,-0.178306899073427,False
ODFL,2018-01-22,2018,1,0,0.5327482646131274,98,True,-49.44736842105249,-0.2905249895698351,False
ODFL,2021-04-19,2021,7,30,0.21718537946786287,148,True,-26.947368421052488,-0.35598061364345646,True
OFG,2008-03-25,2008,3,10,1.170940489358216,0,False,50.52631578947364,-0.7640698680728607,True
OFG,2013-03-26,2013,1,0,0.4021292821225664,95,True,-24.34210526315792,-0.2389664638632777,False
OFG,2019-03-12,2019,1,0,0.24563627983037106,82,True,25.89473684210543,-0.6124976982810243,True
OGE,2006-08-18,2006,1,0,0.3316665128493401,118,True,-53.1973684210526,-0.22857664555662494,False
OGE,2010-02-03,2010,1,0,0.23840601642529813,61,True,10.513157894736878,-0.169333966713343,False
OGE,2010-04-09,2010,2,15,0.23848447169554787,135,True,-2.5,-0.0169413984423189,False
OGE,2011-04-27,2011,1,0,0.24865963681413206,2,True,3.0,-0.22016762416907576,False
OGE,2013-05-08,2013,4,15,0.27332605042511693,134,True,-31.4013157894733,-0.13011713118321266,False
OGS,2016-03-24,2016,3,15,0.39395409489222,68,True,46.73684210526335,-0.14304521215849775,False
OGS,2016-07-26,2016,1,0,0.22906142157439913,112,True,-58.84210526315792,-0.04242251070926706,False
OHI,2013-04-03,2013,5,20,0.4384647444407106,34,True,50.80263157894751,-0.2580129443274536,False
OHI,2024-08-27,2024,7,30,0.30720906698464434,45,True,45.0,-0.13548271180986193,False
OI,2007-03-27,2007,9,80,0.6521738859932389,179,True,-115.18421052631584,-0.19868191963435655,False
OI,2007-11-05,2007,5,35,0.41600001676642195,114,True,31.0,-0.7277128376617816,True
OI,2008-02-01,2008,4,20,0.2967946018436882,54,True,96.0,-0.7277128376617816,True
OI,2008-04-08,2008,4,15,0.2864368809995326,9,False,119.42105263157896,-0.7277128376617816,True
OI,2013-03-19,2013,2,5,0.3713273228272711,121,True,-62.67763157894751,-0.06428576618779702,False
OI,2013-12-03,2013,3,20,0.2242783701514266,19,False,146.0,-0.20122967796733338,False
OI,2017-06-23,2017,5,30,0.24352059211958732,75,True,13.157894736842081,-0.35358249962771693,True
OII,2006-06-08,2006,1,0,0.43185703761856664,17,True,75.23684210526312,-0.38897151976066124,True
OII,2006-07-14,2006,3,10,0.6211226441335431,103,True,-37.21052631578948,-0.2209327442326411,False
OII,2007-10-22,2007,2,5,0.5089205124981444,4,False,69.15789473684208,-0.2860596790451564,False
OII,2026-08-12,2026,2,5,0.5569118018024415,3,False,111.4736842105267,-0.06745521132336929,False
OKE,2007-05-09,2007,4,15,0.22858176468873714,50,True,100.52631578947376,-0.1987844308127984,False
OKE,2011-02-22,2011,1,0,0.4735082792032128,104,True,25.013157894736878,-0.21312367596120763,False
OKE,2011-07-15,2011,1,0,0.3105941869252309,120,True,-15.92105263157896,-0.08607233721655627,False
OKE,2014-03-03,2014,3,15,0.3083720547170814,131,True,44.0,-0.4275317014168064,True
OKE,2014-06-25,2014,3,10,0.3237920377414636,51,True,59.131578947368325,-0.4275317014168064,True
OKE,2016-12-30,2016,1,0,0.23873592885520356,3,True,55.35526315789457,-0.17579639223649268,False
OKE,2024-05-09,2024,3,10,0.27001448678114204,128,True,-75.36842105263167,-0.27042121651231665,False
OKE,2024-08-27,2024,14,70,0.21830062432239772,62,False,30.631578947368325,-0.3478472372781063,True
OKTA,2018-09-12,2018,2,10,0.868261882709688,116,True,-42.118421052631675,-0.09256045321940054,False
OLED,2011-01-14,2011,11,75,0.9973337961903093,55,False,45.8552631578948,-0.6204427674950557,True
OLLI,2017-05-19,2017,9,40,0.33059214705658135,154,True,-84.92105263157873,-0.05130597160982653,False
OLLI,2017-12-21,2017,7,35,0.3461046924379745,124,True,55.21052631578959,-0.19843955570137495,False
OLLI,2018-04-05,2018,1,0,0.2840173162541453,120,True,-45.131578947368325,-0.34668786023822307,True
OLLI,2018-06-08,2018,6,30,0.42058817545572924,79,True,-5.907894736842081,-0.36124352964094886,True
OLLI,2018-10-09,2018,2,20,0.45979053899736466,134,True,-58.01315789473665,-0.43832940038734813,True
OLN,2021-04-19,2021,7,35,1.4797664704237299,146,True,-99.75,-0.3047565575582145,True
OMCL,2007-10-08,2007,2,5,0.3582862849508843,1,False,210.77631578947376,-0.6289180923299449,True
OMCL,2013-09-23,2013,4,20,0.34324326386322856,122,True,-28.019736842104976,-0.16749255428319165,False
OMCL,2014-01-16,2014,1,0,0.2555448988861506,42,True,76.68421052631584,-0.16749255428319165,False
OMCL,2014-02-24,2014,3,10,0.2805851096433807,17,True,96.2894736842104,-0.16749255428319165,False
OMCL,2017-08-21,2017,5,20,0.3127464327065834,45,True,2.8947368421054307,-0.26422021148401664,False
OMCL,2017-10-24,2017,1,0,0.3228155094847538,0,False,94.60526315789457,-0.26422021148401664,False
OMCL,2021-01-13,2021,4,20,0.763173553870033,123,True,-54.1513157894733,-0.21636363438197548,False
OMCL,2021-11-11,2021,1,0,0.35319532290539546,8,True,110.75,-0.4268598155848732,True
ON,2021-02-19,2021,2,5,0.9330562893280585,115,True,-100.55921052631584,-0.10269320811793003,False
ONB,2017-01-09,2017,5,20,0.414000734342008,35,True,29.802631578947512,-0.16392383407390232,False
ONTO,2022-01-18,2022,2,5,0.4486902069728902,4,False,82.11842105263167,-0.3538542703422465,True
ONTO,2023-12-14,2023,3,10,0.48039678041708456,104,True,-13.473684210526699,-0.32179089313583753,True
ONTO,2024-04-04,2024,2,5,0.4724460146863563,70,True,63.81578947368416,-0.4902537398745618,True
ONTO,2024-06-14,2024,1,0,0.4769820584453308,20,True,23.684210526315837,-0.4902537398745618,True
ONTO,2024-07-23,2024,1,0,0.26324890409603197,58,True,29.105263157895024,-0.6065617540701636,True
OPCH,2013-03-26,2013,1,0,0.4231201484092797,71,True,32.09210526315792,-0.6720835609126138,True
OPCH,2013-05-08,2013,9,50,0.5425764574038652,41,False,52.15789473684208,-0.6720835609126138,True
OPLN,2013-11-04,2013,1,0,0.2629438278100986,83,True,-10.89473684210543,-0.1559953903752307,False
ORA,2019-09-23,2019,6,30,0.3599710587667819,102,True,1.125,-0.36163594370451957,True
ORA,2025-12-12,2025,2,5,0.4393503563795995,117,True,-43.84210526315837,-0.34989667191992313,True
ORCL,2006-10-23,2006,6,25,0.30716737008789163,22,False,49.776315789473756,-0.17141394201291338,False
ORCL,2014-06-11,2014,1,0,0.2028845170789304,5,True,0.0,-0.1173569139563192,False
ORCL,2021-06-15,2021,3,10,0.3579766287783255,128,True,-48.5263157894733,-0.37733303181182676,True
ORCL,2021-09-23,2021,1,0,0.31339337597033845,58,True,99.10526315789502,-0.37733303181182676,True
ORCL,2021-12-10,2021,2,5,0.25111247228114264,3,False,174.5,-0.37733303181182676,True
ORCL,2023-07-11,2023,1,0,0.3565257075448587,43,True,10.289473684210861,-0.2054529588579862,False
ORCL,2024-12-05,2024,1,0,0.5156744313260702,1,True,211.5,-0.3553959592511162,True
ORI,2013-03-19,2013,9,55,0.37321126187355613,168,True,-91.22368421052624,-0.14427025917091896,False
ORI,2013-11-04,2013,1,0,0.2472331699607302,39,True,51.0,-0.15196845830495131,False
ORI,2021-05-17,2021,3,10,0.5846785858638421,117,True,-94.43421052631584,-0.1789475383257889,False
ORI,2024-09-18,2024,3,20,0.22520361200116512,134,True,-12.289473684210861,-0.11409916317387958,False
ORI,2025-11-20,2025,1,0,0.2280006689340095,23,True,58.44736842105249,-0.1617581858059095,False
ORLY,2010-05-28,2010,1,0,0.28903456032742003,116,True,-47.51315789473688,-0.09840957513621384,False
ORLY,2012-03-19,2012,1,0,0.2582229767786228,31,True,31.368421052631675,-0.2510542330894564,False
ORLY,2012-05-01,2012,3,10,0.3881951859439401,1,False,24.0,-0.2510542330894564,False
ORLY,2015-08-19,2015,1,0,0.25162256336248845,51,True,99.0,-0.1596322571685318,False
ORLY,2015-10-29,2015,3,20,0.2427941463449832,105,True,21.315789473684163,-0.089338431450532,False
OSIS,2025-11-28,2025,1,0,0.2361371244992807,95,True,-22.631578947368325,-0.36150219451034404,True
OSIS,2026-01-06,2026,1,0,0.21699527475445346,70,True,24.078947368420813,-0.36150219451034404,True
OSIS,2026-02-19,2026,1,0,0.2607201212257009,40,True,35.0,-0.36150219451034404,True
OSK,2006-03-07,2006,8,35,0.39079016417344814,35,False,58.61842105263156,-0.34417180364297895,True
OSK,2021-05-17,2021,1,0,0.8690907431297203,0,False,56.118421052631675,-0.2828643471009964,False
OTTR,2013-03-19,2013,8,35,0.32448117137708166,85,True,3.4868421052633494,-0.164678312894878,False
OTTR,2016-07-12,2016,9,40,0.2838517582904576,106,True,-23.5,-0.12948301351159752,False
OTTR,2017-11-14,2017,2,10,0.28672894994738374,10,False,137.7960526315792,-0.17520663727394303,False
OTTR,2021-09-30,2021,14,65,0.22232509190036343,64,False,9.289473684209952,-0.18287349540512,False
OUT,2019-06-05,2019,2,5,0.2436849719742411,85,True,-57.5986842105267,-0.7094903820828917,True
OUT,2019-08-29,2019,1,0,0.25965197606009505,111,True,-48.5,-0.738330235174542,True
OUT,2026-06-29,2026,2,5,0.40216640166427053,7,True,93.85526315789502,-0.11949129699588934,False
OZK,2010-05-14,2010,2,5,0.4547101676588967,121,True,0.25,-0.04647609745635606,False
OZK,2013-08-02,2013,1,0,0.30415623996653984,118,True,-49.44736842105249,-0.048956911129232394,False
OZK,2013-11-25,2013,17,85,0.240057224713764,78,False,24.368421052631675,-0.18415999715182518,False
OZK,2015-07-08,2015,1,0,0.2885581735733487,102,True,-45.881578947368325,-0.35886998743069587,True
PAG,2021-03-12,2021,10,50,0.7886327916526383,157,True,-70.8486842105267,-0.1840833911848354,False
PAHC,2021-05-21,2021,2,5,0.5347340131138061,16,True,21.828947368420813,-0.3821911788125011,True
PAHC,2024-06-21,2024,1,0,0.5462712992660343,99,True,-31.565789473684163,-0.3464868373901453,True
PAHC,2024-11-19,2024,1,0,0.30987317983571816,54,True,16.657894736842536,-0.366406399546248,True
PANW,2015-03-16,2015,1,0,0.44158831809858223,90,True,-9.407894736842081,-0.413009219726459,True
PANW,2015-04-28,2015,1,0,0.41847122567111183,60,True,10.460526315789593,-0.413009219726459,True
PANW,2015-06-10,2015,7,35,0.49469449926616216,30,False,45.78947368421041,-0.413009219726459,True
PANW,2018-03-28,2018,6,40,0.26384228623475314,116,True,-31.7236842105267,-0.308131898646707,True
PANW,2018-09-04,2018,2,15,0.25002723296578,120,True,16.51315789473665,-0.23281543070204525,False
PANW,2021-10-29,2021,3,10,0.458376328997115,114,True,-50.71052631578914,-0.3450183477351938,True
PAYC,2015-11-30,2015,1,0,0.23233467695833787,1,True,149.0,-0.49025816376621223,True
PAYC,2016-09-22,2016,1,0,0.4908014534556091,113,True,-42.34210526315792,-0.04687238942164207,False
PAYC,2018-03-14,2018,9,40,0.48869271839786865,128,True,-24.25,-0.3170463928278665,True
PAYC,2019-08-12,2019,2,10,0.3875498382751217,121,True,-26.36184210526335,-0.5114288287393305,True
PAYX,2011-03-01,2011,1,0,0.3425124625603646,6,True,69.0,-0.2362654846039387,False
PAYX,2014-01-02,2014,1,0,0.23347568722020529,1,True,17.947368421052488,-0.10978993447104679,False
PAYX,2020-12-07,2020,4,15,0.22155377500671714,128,True,-47.67105263157919,-0.028380827895561622,False
PAYX,2021-07-14,2021,5,30,0.2551307243833292,117,True,-15.552631578947512,-0.18765479103242877,False
PAYX,2021-12-17,2021,3,10,0.2086059375131306,75,True,-27.894736842104976,-0.22555402980929617,False
PAYX,2024-11-27,2024,1,0,0.24865526470214183,116,True,-41.0,-0.3687291185398244,True
PB,2013-09-23,2013,1,0,0.2787628760695018,115,True,0.26315789473665063,-0.16461183201062835,False
PB,2016-12-30,2016,2,5,0.4406619849260982,40,True,50.69078947368416,-0.26410736762640763,False
PBH,2013-07-30,2013,1,0,0.5464059320452801,104,True,-63.21052631578959,-0.271167664708582,False
PBH,2013-09-18,2013,1,0,0.3165266837618228,69,True,56.0,-0.271167664708582,False
PBH,2015-12-01,2015,1,0,0.16733330620659714,104,True,31.921052631579187,-0.21388888925681881,False
PBH,2020-01-28,2020,3,15,0.24405290923608258,8,False,44.368421052631675,-0.3581374980930664,True
PBI,2013-12-24,2013,1,0,0.59275303175207,113,True,-22.40789473684208,-0.19725242490727646,False
PBI,2014-06-25,2014,1,0,0.22652377834983395,13,True,132.52631578947376,-0.19860860750124676,False
PBI,2025-02-20,2025,5,25,0.44710036148965915,104,True,9.947368421052488,-0.2828341020957805,False
PCAR,2007-01-05,2007,5,30,0.23970116679205988,133,True,-30.5,-0.3443013530108989,True
PCAR,2007-04-25,2007,13,60,0.45701717351552573,58,False,35.68421052631584,-0.3443013530108989,True
PCAR,2013-03-12,2013,2,10,0.25722082997436324,91,True,-37.743421052631675,-0.07021941957833722,False
PCAR,2013-05-08,2013,3,15,0.21264219492415393,119,True,-42.223684210526244,-0.059826061718676216,False
PCAR,2014-03-03,2014,4,25,0.23272183316898087,22,False,130.5,-0.17991538134652985,False
PCG,2007-04-25,2007,2,5,0.22593379716355488,0,False,142.8947368421052,-0.17190656791397474,False
PCG,2016-07-26,2016,1,0,0.24987088159453097,17,True,39.31578947368416,-0.10240828525621581,False
PCRX,2013-11-07,2013,5,20,0.6863300098574421,78,True,16.40789473684208,-0.21733183483665197,False
PCRX,2014-03-13,2014,3,15,0.925087611598653,118,True,-58.78947368421041,-0.3923887171503867,True
PCRX,2014-06-23,2014,1,0,0.8087519788355404,48,True,75.15789473684208,-0.3923887171503867,True
PCRX,2014-09-03,2014,3,10,0.2965224017291137,120,True,18.552631578947512,-0.6929655406843376,True
PCTY,2018-09-12,2018,2,5,0.4990944757216147,111,True,-83.13815789473665,-0.08570145746364877,False
PDFS,2009-11-05,2009,1,0,0.6587678549818357,119,True,-75.90789473684208,-0.3107569618937769,True
PDFS,2013-02-19,2013,3,25,0.6272815352892482,142,True,-4.302631578947512,-0.21360111080642286,False
PDFS,2013-05-15,2013,2,10,0.2800815686522651,121,True,34.0,-0.25764755614475277,False
PDFS,2013-07-05,2013,2,5,0.2759808159842383,124,True,51.98684210526335,-0.32747857229375943,True
PDFS,2013-10-07,2013,1,0,0.41682722532586625,73,True,85.81578947368416,-0.5263157780704161,True
PDFS,2013-11-18,2013,2,5,0.21478308583262917,43,True,136.2105263157896,-0.5263157780704161,True
PDFS,2014-01-09,2014,1,0,0.2915811313475889,8,True,167.0,-0.5263157780704161,True
PDFS,2017-01-17,2017,1,0,0.47584379508612207,69,True,6.0,-0.39373415808528045,True
PEB,2014-05-09,2014,1,0,0.1724482182154765,120,True,-29.01315789473665,0.0,False
PEB,2014-07-22,2014,2,20,0.20454612721105092,127,True,-54.82894736842081,-0.27676986326351805,False
PEB,2014-10-29,2014,15,85,0.2108310673874605,74,False,86.26315789473665,-0.32415288981695667,True
PEB,2026-06-11,2026,9,45,0.5871027255101255,26,False,48.07894736842081,-0.10278484489344342,False
PEG,2007-05-16,2007,2,5,0.4882759270767365,117,True,-55.75,-0.16683188456133247,False
PEG,2024-12-05,2024,1,0,0.24880956925775943,0,False,131.25,-0.14462751597321655,False
PEGA,2009-06-02,2009,2,5,1.355067562094975,91,True,-71.26315789473665,-0.21714648225168265,False
PEGA,2009-10-08,2009,3,25,0.8062554873852064,134,True,-29.263157894736878,-0.46835054181592395,True
PEGA,2017-05-11,2017,12,60,0.612863387248934,19,False,73.30263157894751,-0.26823079514896975,False
PEGA,2025-01-14,2025,3,15,0.5495163683325686,134,True,-59.0,-0.3712722003551371,True
PENN,2007-07-27,2007,2,5,0.3372603542990873,64,True,16.32894736842104,-0.6069076308268753,True
PENN,2017-12-13,2017,7,30,0.34821012047509026,145,True,-65.0,-0.5168078646776029,True
PENN,2020-02-24,2020,1,0,0.9458581463358819,120,True,-107.63157894736833,-0.04217432173107605,False
PFBC,2006-07-21,2006,4,15,0.28253183878853316,135,True,-49.53947368421052,-0.24381123291785556,False
PFBC,2006-09-25,2006,1,0,0.2045704435450313,90,True,-49.21052631578948,-0.24381123291785556,False
PFBC,2013-10-14,2013,12,90,0.2523597817458507,117,True,77.14473684210498,-0.18657549124353456,False
PFBC,2014-03-31,2014,2,5,0.4617111308949111,2,False,46.651315789473756,-0.18657549124353456,False
PFBC,2017-01-09,2017,6,30,0.6202166300360803,132,True,-39.30263157894751,-0.14045897417806064,False
PFE,2013-04-17,2013,2,5,0.2507780267334898,4,False,46.92105263157873,-0.11657027272925446,False
PFE,2018-10-22,2018,1,0,0.2192290833191186,28,True,21.73684210526335,-0.23920919342101243,False
PFG,2013-05-01,2013,5,20,0.27767790695868166,140,True,-107.36842105263167,-0.14879573414162173,False
PFG,2013-07-26,2013,1,0,0.41514846024528973,88,True,15.092105263157919,-0.17182843350854426,False
PFG,2013-09-23,2013,11,75,0.3043436319476407,194,True,-63.73684210526335,-0.06754677027336242,False
PFG,2026-07-29,2026,3,10,0.2480653161907358,6,False,50.31578947368416,-0.042197405701850044,False
PG,2019-08-02,2019,7,40,0.21084872244920638,129,True,-71.23684210526335,-0.2315557403342261,False
PGR,2017-12-06,2017,7,30,0.2677658753475496,119,True,-47.48684210526335,-0.09412693812179185,False
PGR,2018-04-04,2018,1,0,0.2790970097274703,118,True,-108.52631578947376,-0.1936987657968564,False
PGR,2024-04-18,2024,4,15,0.3269482208927892,107,True,-24.5,-0.07543507987002196,False
PH,2010-03-25,2010,5,25,0.23194529789748763,145,True,-55.0,0.0,False
PH,2014-01-02,2014,3,10,0.34591368066876926,109,True,-78.47368421052624,-0.20179061278516186,False
PH,2018-01-29,2018,1,0,0.26301240209844545,0,False,206.0526315789475,-0.24828929206152572,False
PH,2024-11-20,2024,3,10,0.2708668870834081,47,True,39.9736842105267,-0.2667394117711931,False
PHIN,2024-05-13,2024,2,5,0.8377499567651516,125,True,-73.2236842105267,-0.26983077548223156,False
PHM,2012-09-21,2012,4,30,0.9121625058985809,84,True,20.01315789473665,-0.3006198649949786,True
PHM,2013-05-08,2013,3,15,0.2813903193181049,4,False,147.0526315789475,-0.37502820956331506,True
PHM,2017-11-29,2017,8,35,0.47561249828149954,35,False,53.48684210526335,-0.31684844530938217,True
PII,2013-08-02,2013,12,55,0.3348193886511466,103,True,61.605263157895024,-0.17697892707301144,False
PII,2013-11-25,2013,2,5,0.4785800308744048,23,True,78.11842105263167,-0.17697892707301144,False
PII,2017-12-06,2017,6,30,0.5015100718374843,33,True,82.92105263157919,-0.2993377055676496,False
PINS,2020-10-27,2020,5,35,1.5189448199934041,75,True,12.631578947368325,-0.4992709071722212,True
PIPR,2014-08-07,2014,6,25,0.3795479765253076,86,True,-24.684210526315837,-0.35332746539866755,True
PIPR,2017-01-09,2017,1,0,0.7952230256433386,26,True,33.40789473684208,-0.34141030647699,True
PIPR,2021-07-07,2021,1,0,0.34841605404724896,96,True,-17.578947368420813,-0.4229774230684058,True
PIPR,2021-10-07,2021,12,60,0.33840949694550826,31,False,116.63157894736833,-0.4229774230684058,True
PIPR,2024-07-16,2024,11,55,0.5798279773892845,93,True,8.710526315789139,-0.38782375228540944,True
PIPR,2024-11-06,2024,2,20,0.644034665605796,13,False,40.42105263157919,-0.38782375228540944,True
PJT,2017-02-17,2017,3,10,0.5033847352170631,105,True,-72.0394736842104,-0.19849480871750746,False
PJT,2017-07-27,2017,1,0,0.3664613240623227,117,True,-86.47368421052624,-0.09537457223915957,False
PJT,2025-01-27,2025,2,5,0.30566292258185745,123,True,-4.875,-0.3030450250081157,True
PKG,2013-05-01,2013,5,20,0.33461951098343823,130,True,-87.17105263157873,-0.085420840865577,False
PKG,2013-07-12,2013,2,5,0.3792191914376519,80,True,8.38815789473665,-0.085420840865577,False
PKG,2013-09-16,2013,18,135,0.4272392831967309,117,False,9.184210526315837,-0.20098221824225482,False
PKG,2017-06-30,2017,4,20,0.3265016359617916,131,True,-6.657894736842081,-0.15288125731337654,False
PKG,2020-12-29,2020,4,15,0.379935761235741,95,True,-23.125,-0.16248440504672146,False
PKG,2024-10-16,2024,7,35,0.2580383988730359,31,False,27.947368421052488,-0.28430088971940604,False
PLD,2007-02-12,2007,1,0,0.21834787777071263,1,True,62.42105263157896,-0.23056663960232882,False
PLD,2016-09-28,2016,1,0,0.25463646342800383,69,True,17.51315789473665,-0.10478641104780706,False
PLD,2017-10-03,2017,1,0,0.2308539909655416,35,True,30.0,-0.12875336720612984,False
PLD,2017-11-07,2017,1,0,0.23560855382122758,117,True,-42.0,-0.14119163365647236,False
PLD,2019-08-30,2019,1,0,0.2056729370603978,119,True,35.73684210526335,-0.36164983021926567,True
PLD,2019-10-21,2019,1,0,0.23722266176864837,84,True,78.30263157894751,-0.36164983021926567,True
PLD,2021-11-04,2021,1,0,0.2870012866083196,120,True,-42.17105263157919,-0.4205866543961404,True
PLD,2022-01-10,2022,2,5,0.22886705526804518,75,True,19.539473684209952,-0.4205866543961404,True
PLD,2025-11-28,2025,4,30,0.20546934863445676,134,True,-38.67105263157828,-0.08260591378760906,False
PLMR,2025-05-27,2025,4,15,0.5121319653141752,4,False,163.76315789473665,-0.37439515436648996,True
PLNT,2018-01-16,2018,4,15,0.37177278290621674,132,True,-11.309210526315837,-0.09900796681334578,False
PLNT,2018-03-14,2018,1,0,0.49999988902161085,106,True,78.34210526315792,-0.13800304509583305,False
PLNT,2018-05-10,2018,2,5,0.5525595664452732,96,True,81.5,-0.1615583460977077,False
PLNT,2018-06-22,2018,10,65,0.3266863255961723,184,True,-55.71052631578959,-0.17437930050097117,False
PLNT,2019-01-07,2019,16,105,0.21655769708645245,111,True,133.34210526315792,-0.3053152076275083,True
PLTR,2024-11-18,2024,12,60,1.8334873239396856,179,True,-27.815789473684163,-0.315040688062324,True
PLTR,2025-05-29,2025,4,15,0.900854741185678,109,True,9.421052631579187,-0.4822376656276136,True
PLTR,2025-08-11,2025,2,5,0.6479927396519496,59,True,-37.355263157895024,-0.4822376656276136,True
PLUS,2011-01-14,2011,3,10,0.48057981849679443,20,True,152.76315789473688,-0.2534224051655998,False
PLUS,2011-03-29,2011,1,0,0.2196369922674848,10,True,156.05263157894728,-0.2068109189906584,False
PLUS,2013-02-26,2013,3,10,0.4366702162860132,91,True,-26.328947368421268,-0.2630860350172324,False
PLUS,2017-01-17,2017,1,0,0.31849121559710447,99,True,-3.6052631578945693,-0.12547046212366664,False
PLUS,2017-05-25,2017,5,35,0.3995505238401693,99,True,-42.94736842105249,-0.2795866370205652,False
PLUS,2017-09-19,2017,6,25,0.3356507316236945,19,False,118.5,-0.2795866370205652,False
PLXS,2006-03-14,2006,8,40,1.1370023514660619,37,False,47.14473684210526,-0.608185904486193,True
PLXS,2010-02-03,2010,1,0,0.30796392514543247,52,True,51.09210526315792,-0.4369641954206127,True
PLXS,2010-03-18,2010,5,20,0.45479243354736787,22,True,66.81578947368416,-0.4369641954206127,True
PLXS,2025-01-14,2025,2,5,0.4692791903141933,5,False,103.75,-0.3492287326327125,True
PLXS,2026-03-05,2026,1,0,0.417827479137598,74,True,14.881578947368325,-0.21792510406732957,False
PLXS,2026-06-15,2026,1,0,0.7677511540093569,4,True,98.63157894736833,-0.21792510406732957,False
PM,2024-09-25,2024,2,5,0.36394735012480095,107,True,-17.0,-0.06745556824161236,False
PMT,2012-03-27,2012,2,5,0.24140493885593006,120,True,-59.53947368421041,-0.03452721315565577,False
PMT,2012-08-10,2012,10,55,0.25340332273355326,110,True,-56.28289473684208,-0.3015108586074393,True
PNC,2006-01-30,2006,1,0,0.209682194355147,67,True,-2.0,-0.065781891300705,False
PNC,2013-07-12,2013,5,20,0.2487703526291345,133,True,-94.64473684210543,-0.06863791673023245,False
PNC,2021-02-19,2021,1,0,0.6303067695285387,59,True,12.907894736842536,-0.10557734019667542,False
PNFP,2006-09-01,2006,5,20,0.3049091219456683,9,False,24.15789473684208,-0.24028947128740996,False
PNFP,2013-07-26,2013,2,5,0.36393774160757886,124,True,-9.953947368420813,-0.07785471664699384,False
PNFP,2013-09-09,2013,4,25,0.24600776009362435,141,True,19.98684210526335,-0.13625990532420174,False
PNFP,2013-11-25,2013,2,5,0.2889228444327203,86,True,32.157894736842536,-0.13625990532420174,False
PNFP,2014-01-24,2014,1,0,0.18936612548618093,111,True,76.5,-0.12634639837300998,False
PNFP,2014-03-10,2014,5,20,0.28621332962689006,81,True,58.73684210526335,-0.12634639837300998,False
PNFP,2015-06-30,2015,1,0,0.3687693016126019,91,True,34.0,-0.2132031235717582,False
PNR,2013-09-23,2013,3,10,0.25503842240323715,114,True,-39.526315789473756,-0.2596592878653292,False
PNR,2013-12-24,2013,8,55,0.3486367097587917,49,False,17.151315789473756,-0.2596592878653292,False
PNR,2021-03-19,2021,1,0,0.3239730990494636,103,True,3.25,-0.36179323006483344,True
PNR,2021-07-14,2021,1,0,0.2105464040865188,23,True,77.78947368421086,-0.36179323006483344,True
PNR,2021-09-16,2021,2,5,0.2732160945240245,46,True,34.78947368420995,-0.4427726857527525,True
PODD,2013-07-03,2013,5,20,0.4504420850755604,140,True,-55.26315789473665,-0.26216530917032776,False
PODD,2013-11-01,2013,1,0,0.5806192218247919,94,True,-37.55263157894751,-0.3684734886143679,True
PODD,2014-02-06,2014,8,35,0.4018904137454433,29,False,100.86842105263167,-0.3684734886143679,True
PODD,2018-05-15,2018,3,15,0.27500737275524934,84,True,9.157894736842081,-0.3300656221082403,True
PODD,2018-09-28,2018,1,0,0.246470552332261,0,False,180.26315789473665,-0.3162812220108506,True
PODD,2020-11-19,2020,2,10,0.3756767373773202,107,True,40.4013157894733,-0.25830426204288115,False
PODD,2021-02-03,2021,1,0,0.32965062939826084,57,True,-18.90789473684208,-0.25830426204288115,False
POOL,2013-07-12,2013,1,0,0.24757970078395708,48,True,14.5,-0.09624979121491029,False
POOL,2013-09-23,2013,1,0,0.23230041468552898,111,True,23.210526315789593,-0.10354742924613913,False
POOL,2018-07-20,2018,1,0,0.22282392197128598,41,True,35.05263157894751,-0.20504931811620675,False
POOL,2019-06-13,2019,3,10,0.2777975608980432,89,True,-22.684210526315837,-0.22440523218199082,False
POOL,2020-02-14,2020,1,0,0.2128036769760877,120,True,-52.82894736842127,-0.10619758360989817,False
POR,2011-04-01,2011,6,35,0.20904937526024514,66,True,-21.855263157894797,-0.17154985858348426,False
POST,2013-05-08,2013,4,15,0.38255848583606245,51,True,27.58552631578914,-0.21245425373131677,False
POWI,2009-09-17,2009,2,5,0.732198025744818,125,True,-50.526315789473756,-0.35292357143228525,True
POWI,2016-12-08,2016,1,0,0.31643663045944614,33,True,73.25,-0.13678850696551403,False
POWL,2013-10-14,2013,4,15,0.3238915484287552,99,True,53.401315789473756,-0.428044028937293,True
POWL,2024-02-06,2024,8,35,0.5537263798388374,77,True,71.88157894736833,-0.36805094070536915,True
POWL,2025-10-23,2025,2,5,0.8580172824358769,125,True,-81.28289473684163,-0.2623272867614016,False
PPC,2014-06-11,2014,4,30,0.5613384422710583,123,True,-46.78289473684208,-0.3882985029021485,True
PPC,2024-05-09,2024,2,5,0.4170132184824835,124,True,-55.71052631578914,-0.17218285255920485,False
PPC,2024-08-27,2024,7,30,0.38869927815887095,150,True,-89.4736842105267,-0.25004573372166683,False
PPC,2025-03-27,2025,5,20,0.2361272759284483,18,False,173.71052631578914,-0.2984121838983156,False
PPG,2011-01-31,2011,2,10,0.20269369516231794,44,True,127.57894736842104,-0.2784106637609822,False
PPG,2011-04-05,2011,4,15,0.3192908737249889,1,False,36.56578947368416,-0.2778118979267723,False
PPG,2012-11-28,2012,12,70,0.17162792549299377,177,True,-66.40789473684208,-0.04300849735775858,False
PPG,2013-09-23,2013,3,25,0.23009070753030492,115,True,-72.10526315789457,-0.11240036903937622,False
PPG,2013-12-03,2013,5,25,0.21980994693862943,143,True,-60.5,-0.1568550501266074,False
PPL,2007-05-23,2007,3,10,0.3179513582468174,53,True,24.03947368421052,-0.11745653314605076,False
PPLI,2007-01-22,2007,2,10,0.612863187202211,24,True,56.0,-0.35886099778935576,True
PPLI,2011-04-19,2011,10,65,0.24361524574279048,139,True,-19.789473684210407,-0.10417743116593758,False
PPLI,2011-11-07,2011,1,0,0.1924792238516826,95,True,30.0,-0.1566661840607695,False
PPLI,2012-02-27,2012,4,25,0.23155644617613214,144,True,-1.5,-0.2659524898645549,False
PPLI,2014-01-16,2014,4,15,0.40398031414944713,32,True,36.05921052631584,-0.26110452453651545,False
PPLI,2017-05-25,2017,9,40,0.5173970175875406,127,True,-35.42105263157873,-0.12230162936217259,False
PPLI,2018-08-10,2018,4,15,0.40680805142912346,126,True,89.0,-0.07141571659191037,False
PRG,2010-04-30,2010,1,0,0.44540394875216016,0,False,75.0,-0.30597444895036396,True
PRG,2024-10-09,2024,2,5,0.4957774197928406,20,True,34.4736842105267,-0.5126372981707761,True
PRGO,2007-12-26,2007,5,20,0.8543089518669651,88,True,-1.2236842105263577,-0.330908561590438,True
PRGO,2008-04-29,2008,1,0,0.7553537298324988,3,True,108.18421052631584,-0.330908561590438,True
PRGO,2009-11-12,2009,5,20,0.499950577021661,123,True,-57.276315789473756,-0.14247118545140436,False
PRGO,2011-05-11,2011,1,0,0.461488593924299,115,True,24.605263157894797,-0.12731391325291896,False
PRGO,2012-07-05,2012,1,0,0.24624336584947626,64,True,148.5,-0.17198396183746645,False
PRGS,2010-01-27,2010,1,0,0.29187034469190976,74,True,-11.105263157894797,-0.22512341064526975,False
PRGS,2017-10-24,2017,6,25,0.4200088177019794,57,True,16.71710526315792,-0.3372760820960654,True
PRI,2013-07-19,2013,4,15,0.24339397004603058,126,True,-59.28947368421086,-0.12491675521084789,False
PRI,2014-03-17,2014,1,0,0.22540336992974885,117,True,63.26315789473665,-0.09808696644320947,False
PRI,2023-07-25,2023,3,15,0.3956556482312572,131,True,-89.68421052631584,-0.10005448354482183,False
PRIM,2013-01-25,2013,5,20,0.590966720650995,138,True,-94.25,-0.03958744418797022,False
PRIM,2014-01-15,2014,1,0,0.5040017746041794,0,False,37.69736842105249,-0.2822741255150525,False
PRIM,2014-02-21,2014,1,0,0.4237067201190612,10,True,38.94736842105249,-0.2876739735165821,False
PRIM,2020-12-28,2020,5,45,0.5848921947541486,51,True,6.302631578947512,-0.417456580631166,True
PRIM,2024-12-04,2024,3,10,0.587951183546626,30,True,77.03947368421086,-0.40768663710208153,True
PRK,2013-08-09,2013,2,10,0.24421363664699602,97,True,-42.46052631578914,-0.15266651467777725,False
PRK,2016-12-30,2016,1,0,0.36489380503308766,2,True,95.76315789473665,-0.19538182383363956,False
PRKS,2021-04-07,2021,3,25,1.4824731940455065,140,True,-64.07894736842081,-0.38135210576895917,True
PRLB,2013-10-25,2013,4,15,0.7064765458079849,11,False,26.796052631579187,-0.33127923872169895,True
PRLB,2018-01-26,2018,4,15,0.5040540952940245,124,True,-41.5,-0.26469946689293034,False
PRLB,2018-07-26,2018,8,50,0.2298695013190306,35,False,129.60526315789502,-0.41000000924775093,True
PRSU,2017-01-09,2017,2,10,0.3733274663191819,129,True,30.14473684210543,-0.007246334160707968,False
PRU,2016-12-30,2016,1,0,0.4896808219173443,40,True,19.671052631578732,-0.120526022951439,False
PSA,2012-02-17,2012,1,0,0.21627570066456792,112,True,-16.736842105263122,-0.08231118209483523,False
PSKY,2011-04-25,2011,3,10,0.44419960801624025,62,True,52.802631578947285,-0.35568930037395574,True
PSKY,2013-07-24,2013,2,10,0.24886843951257864,111,True,-18.5,-0.12081022011784248,False
PSKY,2013-09-19,2013,3,25,0.23856105498415947,115,True,-82.63157894736833,-0.271373222660762,False
PSKY,2013-12-30,2013,2,5,0.3119677664355809,45,True,11.973684210526244,-0.271373222660762,False
PSKY,2014-03-06,2014,1,0,0.2424696379132647,0,False,175.0,-0.271373222660762,False
PSKY,2021-03-24,2021,1,0,1.4064149855172476,0,False,87.5,-0.5733771805426195,True
PSKY,2025-10-14,2025,1,0,0.628563273641711,1,True,96.56578947368416,-0.4911473296039156,True
PSMT,2010-04-01,2010,7,35,0.267348827752955,155,True,-97.9605263157896,0.0,False
PSMT,2011-01-07,2011,5,20,0.5548089643771448,135,True,-75.26315789473688,-0.14705876077313706,False
PSMT,2011-05-11,2011,6,40,0.5574859934040564,126,True,41.5,-0.23973772472633026,False
PSMT,2011-11-07,2011,2,5,0.6116783622772595,121,True,-13.434210526315837,-0.25641640293784596,False
PSMT,2021-01-06,2021,7,30,0.6479831829200202,33,True,46.4736842105267,-0.2988848799640814,False
PSMT,2025-10-30,2025,1,0,0.2210114014497595,119,True,18.697368421052488,-0.05575081950239513,False
PSMT,2026-03-05,2026,6,30,0.35975562422999596,82,True,-2.0657894736841627,-0.14699341243937902,False
PSMT,2026-06-08,2026,8,40,0.3921214654143472,17,False,123.78947368420995,-0.14699341243937902,False
PSN,2024-03-27,2024,4,30,0.5296947543430206,150,True,-89.70394736842081,-0.49681819568980823,True
PSN,2024-08-13,2024,2,5,0.358681367867159,63,True,66.40789473684163,-0.5115170799867059,True
PSN,2024-09-25,2024,2,5,0.26661748192596946,33,True,73.31578947368416,-0.5115170799867059,True
PSX,2018-01-24,2018,1,0,0.2589295573157182,81,True,-50.14473684210543,-0.34362248919755967,True
PSX,2026-03-23,2026,2,5,0.3855117338362384,102,True,-16.73684210526335,-0.014648286768720764,False
PTC,2014-01-09,2014,1,0,0.3130173674211505,36,True,-13.23684210526335,-0.1721208993194343,False
PTC,2014-03-17,2014,1,0,0.35439858901404175,120,True,-76.90789473684208,-0.1742519543728832,False
PTC,2016-09-28,2016,3,15,0.34227981080666003,115,True,-65.7894736842104,-0.09374447788266527,False
PTC,2016-12-15,2016,1,0,0.2642000809654066,119,True,-68.2105263157896,-0.11978552313087654,False
PTC,2017-02-07,2017,5,30,0.31012651645352785,84,True,-15.381578947368325,-0.11978552313087654,False
PTC,2018-05-02,2018,3,10,0.26224300957917945,104,True,85.2105263157896,-0.2776156199186466,False
PTC,2018-07-06,2018,4,40,0.527142842610677,59,True,132.0526315789475,-0.2776156199186466,False
PTEN,2013-02-19,2013,6,40,0.5407454416356945,18,False,70.15789473684208,-0.24518447213406758,False
PTEN,2014-04-07,2014,6,25,0.31033137105353403,76,True,-32.05263157894751,-0.6329750929817277,True
PTEN,2026-05-01,2026,2,10,0.8955252205458584,11,True,29.328947368420813,-0.3278561995338627,True
PTGX,2021-08-13,2021,4,15,0.8244070290833461,13,False,99.33552631579005,-0.8420205248222105,True
PTGX,2025-10-27,2025,7,45,0.695201645295539,165,True,-40.855263157895024,-0.008154611615406537,False
PTGX,2026-07-10,2026,1,0,0.5960651446916498,26,True,69.26315789473665,-0.049993650989098914,False
PTON,2020-10-14,2020,4,20,2.61595620244615,62,True,11.815789473684163,-0.506510550411013,True
PVH,2018-01-29,2018,1,0,0.2944170740007426,91,True,2.6184210526316747,-0.48334542093555566,True
PWR,2007-03-06,2007,12,60,0.28990386540608304,167,True,-37.06578947368416,-0.40999998467431686,True
PWR,2013-01-28,2013,1,0,0.34464067341512905,78,True,-24.052631578947512,-0.15021446135685124,False
PWR,2013-03-05,2013,1,0,0.21404721329776488,53,True,48.05263157894751,-0.15021446135685124,False
PWR,2016-12-30,2016,6,25,0.5041001628849082,34,True,34.8486842105267,-0.20301558350307536,False
PWR,2021-04-05,2021,5,30,0.7189982754067068,145,True,-95.78947368421086,-0.20213005313272703,False
PWR,2023-06-16,2023,3,10,0.22392946038968908,128,True,-5.763157894736651,-0.11184415824761706,False
PWR,2023-08-08,2023,5,20,0.3284755579920937,139,True,-61.368421052631675,-0.003923818908664445,False
PYPL,2017-06-14,2017,7,45,0.31625663363353085,156,True,-75.86842105263167,-0.16056160981460899,False
PYPL,2017-11-03,2017,10,55,0.4925768537441424,171,True,-52.875,-0.15348372580542113,False
PYPL,2019-05-20,2019,2,10,0.3343249700078126,45,True,116.25,-0.2971145545671845,False
PZZA,2005-11-15,2005,1,0,0.35286426539470783,46,True,29.0,-0.1556188560081876,False
PZZA,2005-12-21,2005,8,40,0.494339897254658,21,False,54.32894736842104,-0.1556188560081876,False
PZZA,2013-07-12,2013,2,5,0.24760510009806236,125,True,-58.42105263157919,-0.1748567932358629,False
PZZA,2013-10-28,2013,15,95,0.20966537485043135,96,True,5.776315789473756,-0.3057387689426506,True
QCOM,2011-02-14,2011,2,10,0.519008918884688,100,True,-22.17105263157896,-0.21832868748517853,False
QCOM,2020-10-23,2020,1,0,0.7185196177169917,68,True,-30.697368421052488,-0.24877337356491636,False
QCOM,2021-01-28,2021,1,0,0.6882514441066809,3,True,61.144736842104976,-0.24877337356491636,False
QDEL,2005-11-08,2005,2,15,2.0522565950202796,12,False,56.38815789473688,-0.47517729057379954,True
QDEL,2017-10-31,2017,1,0,0.6666667184194452,115,True,-23.947368421052488,-0.21470122339958053,False
QDEL,2020-04-28,2020,4,30,1.2128958408979336,69,True,6.559210526315837,-0.6058749320969719,True
QLYS,2018-03-27,2018,6,30,0.41496602472739363,57,True,-8.447368421052488,-0.3005667684810186,True
QLYS,2018-06-21,2018,2,10,0.6054192087484414,20,True,84.73684210526335,-0.3005667684810186,True
QLYS,2023-12-29,2023,1,0,0.51954789472534,15,True,29.605263157895024,-0.38997931259614216,True
QNST,2018-07-16,2018,3,30,0.5042826510920286,138,True,64.5,-0.4736308075116653,True
QNST,2020-12-22,2020,1,0,1.1463414634146343,35,True,29.40789473684208,-0.42932148692152783,True
QNST,2021-02-22,2021,1,0,0.7829629403573495,5,True,17.368421052631675,-0.4577378580202064,True
QRVO,2021-02-23,2021,1,0,0.3179766100404866,46,True,58.07894736842081,-0.2678159215229915,False
QTWO,2024-09-16,2024,13,75,0.5402560430547347,58,False,65.75,-0.3800631288529389,True
R,2006-06-29,2006,2,5,0.4267237171248377,0,False,49.60526315789468,-0.18220685201277997,False
R,2013-03-19,2013,1,0,0.40865312568913414,95,True,-43.881578947368325,-0.1391130311157427,False
R,2020-11-20,2020,8,45,0.6853407329799099,114,True,-23.671052631579187,-0.20408185941808044,False
R,2024-11-06,2024,1,0,0.2979943473192952,68,True,-9.578947368420813,-0.23859128304556054,False
R,2025-01-22,2025,1,0,0.24700115075237017,117,True,-7.263157894736651,-0.08717094303668593,False
RAMP,2013-09-23,2013,1,0,0.297777811686198,111,True,-25.078947368421268,-0.5866324089214097,True
RAMP,2013-11-04,2013,9,45,0.6381513984691323,81,True,-12.315789473684163,-0.5866324089214097,True
RBA,2025-07-16,2025,2,5,0.22995141929631346,46,True,-10.210526315789139,-0.2058873253993797,False
RBC,2013-10-23,2013,2,5,0.39726867172773717,46,True,87.02631578947376,-0.18990727230114834,False
RBC,2017-10-26,2017,1,0,0.2850449990910908,24,True,56.19736842105249,-0.15211698914128602,False
RBC,2025-07-25,2025,1,0,0.2316303924624783,120,True,-13.684210526315837,-0.0035609162321762478,False
RBC,2026-03-09,2026,2,10,0.4597914695227867,75,True,-20.26315789473665,-0.23577188321327713,False
RCL,2014-07-24,2014,10,50,0.2515022601615151,125,True,27.5,-0.21353566687617964,False
RCL,2017-07-17,2017,1,0,0.3225123036749531,80,True,-22.302631578947512,-0.19724921250079852,False
RCL,2017-11-07,2017,1,0,0.20428015034518743,54,True,96.0,-0.23508930032644448,False
RCL,2024-12-05,2024,6,35,0.6287736446230054,155,True,-63.28947368421086,-0.29864324645438844,False
RCUS,2020-06-19,2020,1,0,2.1184211441924825,119,True,-27.75,-0.23989309161263683,False
RCUS,2025-11-17,2025,6,25,1.295063109479731,106,True,-31.756578947368325,-0.16904582487344466,False
RDN,2013-05-01,2013,3,10,1.506073826819653,126,True,-80.60526315789457,-0.15040082886267891,False
RDN,2013-09-23,2013,3,10,0.30739590861407096,111,True,106.5,-0.2250999507144712,False
RDNT,2021-07-14,2021,3,20,0.5866859386836718,17,False,47.80263157894751,-0.473656641662652,True
RDNT,2023-06-09,2023,3,10,0.6114457003603184,129,True,-87.81578947368416,-0.09733796895827174,False
RDNT,2024-10-30,2024,5,30,0.3232904088531221,8,False,179.5,-0.46839546620698347,True
REG,2007-01-29,2007,2,15,0.359267546465766,7,False,55.86184210526312,-0.30885659150200284,True
REG,2013-05-15,2013,1,0,0.27700101361301965,0,False,103.75,-0.1961967471452235,False
REG,2015-02-12,2015,1,0,0.20448349540846866,25,True,60.131578947368325,-0.17093466004536406,False
REGN,2011-05-04,2011,8,45,0.8038330410219898,88,True,27.263157894736878,-0.3100151904848826,True
REGN,2015-02-05,2015,1,0,0.21479918335289905,113,True,-17.539473684210407,-0.3590533687239358,True
REGN,2015-05-04,2015,1,0,0.2071538714551442,65,True,26.710526315789593,-0.3928426456387293,True
REGN,2015-07-08,2015,2,5,0.2832269923450632,20,True,60.65789473684208,-0.3928426456387293,True
RES,2006-01-06,2006,5,20,1.259286239562627,15,False,29.86842105263156,-0.5126238024156556,True
RES,2010-11-10,2010,6,30,1.1383577024342197,117,True,-77.4605263157896,-0.43703849109159787,True
RES,2011-03-29,2011,6,25,0.7819513247312244,80,True,70.7894736842104,-0.46759091873036795,True
RES,2017-02-07,2017,3,15,0.41334518767228867,5,False,109.73684210526335,-0.22974846117731051,False
REX,2012-03-26,2012,2,5,0.9817841589701035,6,True,71.5,-0.539187908958775,True
REX,2016-09-21,2016,5,20,0.59065088808658,64,True,-4.986842105263349,-0.24227563097692806,False
REX,2026-03-12,2026,1,0,0.29757217293444715,36,True,63.93421052631584,-0.17494137587242742,False
REX,2026-05-01,2026,4,15,0.571877942170679,1,False,80.01973684210498,-0.17494137587242742,False
REXR,2016-06-13,2016,5,35,0.3258183976943527,144,True,-106.0394736842104,-0.1080748125117118,False
REXR,2019-08-09,2019,4,15,0.22113715538200984,134,True,-23.21052631578914,-0.3636362058866681,True
REXR,2019-10-28,2019,2,5,0.27540834699749395,79,True,6.657894736842081,-0.3636362058866681,True
REXR,2020-02-14,2020,2,5,0.2446828767032958,4,False,124.2894736842104,-0.3636362058866681,True
REXR,2022-01-10,2022,1,0,0.2934328389256755,69,True,-25.842105263157464,-0.3987589658175752,True
REZI,2025-10-30,2025,1,0,1.5726950736606113,0,False,73.48684210526335,-0.3845624166463447,True
RF,2017-01-09,2017,1,0,0.6956123452756775,35,True,33.48684210526335,-0.15878376997066368,False
RF,2021-03-12,2021,2,5,0.9782718419112364,55,True,-44.34210526315792,-0.22685262915594184,False
RGA,2011-02-14,2011,3,10,0.3051292779658006,99,True,-19.0,-0.2924798384550289,False
RGA,2015-04-20,2015,1,0,0.2829321351340852,84,True,61.39473684210543,-0.19797543869567236,False
RGA,2018-01-12,2018,1,0,0.2734476398080652,0,False,127.89473684210543,-0.18221281595058114,False
RGA,2024-03-27,2024,3,25,0.33861783183476035,85,True,-15.855263157895024,-0.2449522518624182,False
RGA,2024-07-16,2024,2,10,0.2804308379507754,87,True,33.0,-0.27108015800760876,False
RGEN,2007-11-05,2007,2,15,0.2085714340209961,47,True,66.75,-0.37026237790344996,True
RGEN,2014-05-13,2014,10,55,0.5188284442028293,172,True,-61.73684210526335,-0.10917536597575062,False
RGEN,2014-11-14,2014,1,0,0.279516771471342,120,True,56.71052631578959,-0.4461976220404644,True
RGEN,2015-07-29,2015,1,0,0.4328175648174315,35,True,75.13157894736833,-0.4440903198691919,True
RGEN,2019-08-30,2019,1,0,0.5693269955433706,117,True,-44.17105263157873,-0.22155030639911455,False
RGEN,2021-01-21,2021,2,5,0.5963349710590597,16,True,22.552631578947512,-0.2669053339335421,False
RH,2021-03-31,2021,1,0,0.5895767983148494,93,True,13.25,-0.566700980965812,True
RHI,2014-07-24,2014,2,15,0.2488042261183765,135,True,-70.98684210526335,-0.18035418258251523,False
RHI,2014-12-15,2014,3,10,0.21112599881766259,47,True,85.63157894736833,-0.20442461294585634,False
RHI,2018-07-13,2018,3,10,0.20389580541635666,17,True,25.697368421052488,-0.330673666624423,True
RHI,2021-08-18,2021,7,50,0.33597326657641924,121,True,-55.73684210526335,-0.41174565998371426,True
RHP,2011-02-14,2011,1,0,0.3671617772194127,2,True,166.75,-0.5299551993839575,True
RHP,2012-06-06,2012,1,0,0.6809139077220396,69,True,6.0,-0.07870373542076248,False
RITM,2015-05-05,2015,4,15,0.42144585642646226,13,False,57.78947368421041,-0.38583252881986163,True
RITM,2017-01-18,2017,2,5,0.2639611850361603,63,True,-19.381578947368325,-0.11071596971191333,False
RJF,2006-01-13,2006,4,15,0.27929379768653506,79,True,-24.8223684210526,-0.15414021393628663,False
RJF,2017-01-24,2017,3,10,0.3833666410076484,127,True,-68.84210526315792,-0.12369675908766253,False
RJF,2021-02-26,2021,6,40,0.5667660146658469,160,True,-95.26315789473665,-0.12345694439480759,False
RL,2007-04-18,2007,2,5,0.4123373846859062,55,True,20.32894736842104,-0.49751038565191297,True
RL,2007-06-28,2007,1,0,0.25297532267601897,5,True,68.68421052631584,-0.49751038565191297,True
RL,2025-12-19,2025,1,0,0.3485271510796668,120,True,-52.56578947368416,-0.1042519087095557,False
RLI,2011-10-24,2011,11,60,0.21634166218873885,60,False,53.42105263157896,-0.15843771036647802,False
RLI,2013-07-12,2013,4,15,0.2808227435231474,96,True,-51.36184210526335,-0.2012285408760649,False
RLI,2013-11-18,2013,6,30,0.3402749787989876,6,False,66.63157894736833,-0.2012285408760649,False
RLI,2018-09-17,2018,4,15,0.23563943772418394,6,False,60.3486842105267,-0.1692912069337319,False
RMBS,2013-06-20,2013,4,25,0.6275991906928597,21,False,37.55263157894751,-0.24648548225263056,False
RMBS,2023-07-18,2023,1,0,0.6022380592310339,105,True,-21.842105263157464,-0.42406054288283423,True
RMD,2010-02-18,2010,11,55,0.2742398504596586,59,True,20.736842105263122,-0.13382734509998861,False
RMD,2013-09-16,2013,3,25,0.23604952193003514,27,True,173.26315789473665,-0.2604619653285217,False
RMD,2018-05-09,2018,1,0,0.1929106198907613,97,True,39.57894736842081,-0.20481342270063807,False
RMD,2018-06-21,2018,2,10,0.2518723179732578,121,True,-36.657894736842536,-0.20610421124152434,False
RMD,2018-10-01,2018,1,0,0.19665597954338043,75,True,28.421052631578732,-0.22301432613552996,False
RNG,2017-12-19,2017,2,5,0.29443698573965027,123,True,8.973684210526699,-0.15308010539321648,False
RNG,2018-04-03,2018,5,30,0.5269459840207413,113,True,-26.289473684210407,-0.2890035587611377,False
RNG,2018-07-26,2018,6,45,0.5446008446286954,163,True,19.631578947368325,-0.07439292419029686,False
RNG,2020-02-28,2020,6,35,0.6685541451944812,129,True,-32.94736842105249,-0.24071571882206377,False
RNG,2020-06-09,2020,1,0,0.5552142830040638,59,True,-50.84210526315792,-0.24071571882206377,False
RNG,2020-09-02,2020,1,0,0.3362451450814319,112,True,-22.0,-0.5300142225161761,True
RNR,2011-04-05,2011,1,0,0.18701318100308728,32,True,155.5,-0.17515105753389892,False
RNR,2016-12-22,2016,1,0,0.20071451845527077,45,True,76.05263157894751,-0.1723995578342622,False
RNR,2017-03-01,2017,3,10,0.2798876938994368,0,False,36.71052631578959,-0.1723995578342622,False
RNR,2019-06-20,2019,6,25,0.3709925372126712,125,True,-51.118421052631675,-0.40255322861140175,True
RNR,2026-04-17,2026,1,0,0.2140162712360747,69,True,17.71052631578914,-0.05301580223323232,False
RNST,2006-07-28,2006,9,40,0.30828998088701076,63,True,-7.736842105263179,-0.3004885146473495,True
RNST,2006-12-27,2006,1,0,0.25727448899355343,0,False,150.0,-0.4055579967409636,True
ROAD,2019-09-11,2019,1,0,0.2605519576023636,62,True,-3.6447368421054307,-0.41039338254706537,True
ROAD,2019-12-05,2019,2,5,0.36666666215756827,2,False,53.82236842105249,-0.41039338254706537,True
ROAD,2020-12-23,2020,2,20,0.6030839136440564,12,False,84.18421052631584,-0.25853389044561403,False
ROAD,2024-03-08,2024,7,50,0.49840254706104337,170,True,-85.26315789473665,-0.2842472870459163,False
ROAD,2024-09-13,2024,14,75,0.24502673790548313,182,True,-31.605263157895024,-0.15340703345001416,False
ROCK,2017-01-24,2017,2,5,0.24151585882685978,1,False,124.0,-0.3979820336305775,True
ROG,2017-11-14,2017,7,40,0.4362051146340329,44,True,53.5,-0.4021069543087096,True
ROG,2026-03-19,2026,1,0,0.25158852503213414,67,True,32.93421052631584,-0.3010353493613481,True
ROIV,2025-10-31,2025,5,35,0.741289248102537,137,True,-57.855263157895024,-0.12835544174630042,False
ROIV,2026-06-24,2026,4,40,0.5176259952300113,39,False,136.26315789473665,-0.029411824704264067,False
ROK,2006-04-04,2006,1,0,0.360884281836678,13,True,44.10526315789474,-0.3091862858447326,True
ROK,2010-01-27,2010,1,0,0.30083253712033486,61,True,29.59210526315792,-0.21519630806249423,False
ROK,2010-03-25,2010,1,0,0.28513615301048567,21,True,63.67105263157896,-0.21519630806249423,False
ROK,2011-02-14,2011,6,40,0.7610407479473376,49,True,44.75,-0.46714557576564186,True
ROK,2017-07-17,2017,1,0,0.18277817843320343,118,True,8.776315789473756,-0.1885594855729643,False
ROK,2017-10-17,2017,5,25,0.25708755727087973,60,True,80.0,-0.21732196365820444,False
ROK,2017-12-28,2017,2,10,0.25498786870466517,10,False,81.97368421052624,-0.21732196365820444,False
ROK,2021-09-01,2021,2,10,0.32248442080213024,73,True,50.68421052631584,-0.4509038237153661,True
ROKU,2021-01-25,2021,3,15,1.8222532236299362,126,True,-86.7894736842104,-0.790010422437109,True
ROL,2007-12-11,2007,1,0,0.249744900446349,9,True,86.26315789473688,-0.34471870407343375,True
ROL,2017-02-22,2017,1,0,0.3259940271658648,116,True,-93.89473684210543,-0.024373721946519433,False
ROL,2017-05-25,2017,6,25,0.34095083553361905,100,True,-44.21052631578959,-0.09579581218066258,False
ROL,2018-09-24,2018,1,0,0.20221056610443755,49,True,109.81578947368416,-0.23971395848275945,False
ROL,2020-09-11,2020,2,10,0.43588156310146764,39,True,53.43421052631584,-0.2398006654773398,False
ROP,2011-01-31,2011,2,10,0.23633049801545525,44,True,21.32894736842104,-0.252913551286163,False
ROP,2011-04-05,2011,4,15,0.31574166166474416,0,False,58.09210526315792,-0.24566404963031385,False
ROP,2017-06-23,2017,1,0,0.25042397346739653,111,True,-92.97368421052624,-0.055499469272634716,False
ROST,2012-01-12,2012,2,5,0.322623826669324,108,True,68.97368421052624,-0.22837650256267017,False
ROST,2012-03-19,2012,6,40,0.3884977246730945,114,True,-58.57236842105249,-0.24951686378141846,False
ROST,2018-10-15,2018,1,0,0.23277680076014895,18,True,57.0,-0.2595514844324941,False
ROST,2026-02-04,2026,8,80,0.34148677247930315,127,True,-40.78289473684163,-0.10280919434871794,False
ROST,2026-08-12,2026,1,0,0.296029370048124,0,False,106.05263157894751,-0.0775830594434479,False
RPM,2007-02-12,2007,4,15,0.27129454644829365,111,True,-8.105263157894797,-0.26596008499361,False
RPM,2013-01-28,2013,1,0,0.1987877332978436,120,True,-11.052631578947512,-0.008206485402232344,False
RPM,2014-01-09,2014,2,5,0.2680596326354865,119,True,-53.04605263157919,-0.12858018641001945,False
RRR,2021-05-27,2021,2,20,0.9881216810929323,104,True,-44.92105263157828,-0.40771441546553855,True
RRR,2021-10-05,2021,2,10,0.5535923202858355,61,True,79.78947368420995,-0.4167199566008968,True
RRX,2006-06-01,2006,1,0,0.36705202919246993,117,True,-54.5,-0.14394894727348573,False
RRX,2010-02-25,2010,3,15,0.22528128896616795,44,True,111.52631578947376,-0.15825195771443235,False
RRX,2010-04-30,2010,2,10,0.35967692885860836,1,False,64.7894736842104,-0.15619468341534115,False
RS,2007-05-23,2007,3,10,0.8402790699602611,34,True,14.355263157894797,-0.3141815692488048,True
RS,2011-03-01,2011,1,0,0.46166733785811176,25,True,50.0,-0.46362457059099726,True
RS,2013-02-19,2013,1,0,0.38161376447936735,0,False,15.39473684210543,-0.12467532267581072,False
RS,2013-03-26,2013,1,0,0.3147747564869232,117,True,-46.53947368421041,-0.07040249305528112,False
RS,2021-03-26,2021,8,45,0.5424043264405352,29,False,35.21052631579005,-0.2024391096950633,False
RSG,2019-06-20,2019,3,25,0.1987444919404584,145,True,-92.10526315789457,-0.29148823299928484,False
RSG,2021-12-27,2021,1,0,0.271681499868595,4,True,60.144736842104976,-0.16844755139245704,False
RSG,2024-04-11,2024,1,0,0.30015656921536404,98,True,-4.25,-0.04628887140877247,False
RSG,2025-04-03,2025,4,25,0.2444080273944662,40,True,123.68421052631584,-0.2049862756291071,False
RSI,2024-11-12,2024,11,65,0.3860253168318173,177,True,-56.868421052631675,-0.21180553255993628,False
RTX,2007-09-24,2007,2,5,0.19476729498535428,5,False,143.42105263157896,-0.1859857258459593,False
RTX,2025-09-25,2025,2,5,0.20627365629013505,107,True,-13.480263157895024,-0.19315615064740688,False
RTX,2025-12-05,2025,10,70,0.24035066984474818,174,True,-74.59210526315837,-0.07215399297577374,False
RUSHA,2017-11-21,2017,4,15,0.34876176406348147,44,True,52.44736842105249,-0.329750083950779,True
RUSHA,2021-04-05,2021,1,0,0.502479020903758,30,True,48.0263157894733,-0.19864841484680584,False
RUSHA,2021-05-17,2021,1,0,0.3936936260606094,119,True,-65.84210526315746,-0.12269749871384539,False
RVTY,2007-10-01,2007,1,0,0.24053329787807232,0,False,88.88157894736844,-0.2358283356792812,False
RVTY,2010-04-30,2010,1,0,0.3661991943581573,1,True,67.48684210526312,-0.24735965028055762,False
RVTY,2017-06-23,2017,4,15,0.2925975567543888,135,True,-104.83552631578914,-0.06260236803958208,False
RYN,2011-02-14,2011,5,30,0.31870285547110777,99,True,-33.539473684210634,-0.21136561951155686,False
RYN,2018-03-06,2018,12,80,0.23211938343754301,85,True,-35.78947368421086,-0.3123182577171947,True
RYN,2022-04-21,2022,1,0,0.2300973053824127,0,False,206.0526315789475,-0.3256422601751421,True
SAFE,2006-12-05,2006,1,0,0.31525682036401426,42,True,-6.342105263157919,-0.37261807685023063,True
SAFE,2007-02-05,2007,2,10,0.3350100907493292,2,False,128.0,-0.37261807685023063,True
SAFE,2014-03-03,2014,2,5,0.3574577450109204,1,False,71.07236842105249,-0.21355517809882385,False
SAFT,2005-12-21,2005,2,5,0.26042301725368344,98,True,-49.7763157894737,-0.11427865867437237,False
SAFT,2010-10-13,2010,5,20,0.22136525746829916,72,True,-2.0,-0.24727994451366442,False
SAFT,2010-12-23,2010,2,10,0.3018840839435939,22,True,46.42105263157896,-0.24727994451366442,False
SAFT,2016-07-26,2016,1,0,0.19225541700745974,102,True,1.0921052631579187,-0.1038742462295228,False
SAFT,2016-08-30,2016,1,0,0.22042475963167085,77,True,2.2105263157895934,-0.1038742462295228,False
SAFT,2016-12-15,2016,3,10,0.23973317636679914,2,False,57.34210526315792,-0.1038742462295228,False
SAIA,2013-05-15,2013,3,10,1.2332852574125988,111,True,-84.09210526315792,-0.14171654852018678,False
SAIA,2014-11-21,2014,1,0,0.20139043533318213,8,True,137.52631578947376,-0.3376968081516971,True
SAIA,2018-02-12,2018,2,5,0.3048326755343962,83,True,-18.0,-0.39573239638146696,True
SAIA,2021-01-28,2021,1,0,0.4749652975653924,69,True,6.0,-0.21102488347805193,False
SAIA,2024-03-20,2024,2,15,0.44221004794213625,12,False,58.46052631578914,-0.385284270729907,True
SAIC,2016-11-09,2016,9,60,0.42448972429033693,73,True,29.5,-0.3098394264975678,True
SAM,2006-09-18,2006,5,30,0.25018700790280035,59,True,40.73684210526312,-0.17513371329348504,False
SAM,2010-06-28,2010,3,25,0.5146336134553764,123,True,-30.368421052631675,-0.2205364936948837,False
SANM,2013-09-23,2013,1,0,0.5959506785821111,0,False,33.881578947368325,-0.1969111365915226,False
SANM,2025-08-27,2025,4,15,0.3876364338174456,103,True,-10.171052631579187,-0.3269420120018982,True
SANM,2025-10-23,2025,1,0,0.6544977541956678,63,True,15.947368421052488,-0.3269420120018982,True
SBAC,2007-02-05,2007,1,0,0.2090348506594295,114,True,37.38157894736844,-0.30079515717312666,True
SBAC,2010-02-03,2010,1,0,0.25368609450428425,41,True,32.48684210526312,-0.14687570032945896,False
SBAC,2012-03-26,2012,1,0,0.4279277569966673,99,True,-60.6447368421052,-0.03466787435142471,False
SBAC,2012-05-08,2012,1,0,0.35285214314722313,114,True,-107.48684210526312,-0.027886169050474807,False
SBAC,2012-12-12,2012,4,15,0.3075181249505712,104,True,-56.76315789473688,-0.11564597285279088,False
SBAC,2013-05-08,2013,2,5,0.20952350812977505,122,True,55.5,-0.047003179077953705,False
SBAC,2019-07-26,2019,6,25,0.33592862234472265,144,True,-84.59210526315792,-0.2700444776880284,False
SBCF,2018-06-21,2018,2,20,0.2796155095995434,21,True,39.03289473684208,-0.2813436353684593,False
SBH,2010-11-23,2010,3,10,0.39765453056805744,129,True,25.802631578947285,-0.10978521046897671,False
SBH,2012-05-07,2012,1,0,0.36948814417970577,79,True,-8.342105263157919,-0.18916991534280225,False
SBRA,2007-06-14,2007,4,25,0.23646183270057963,145,True,85.0,-0.35167247526181056,True
SBRA,2013-02-26,2013,12,55,0.4157149928058872,58,True,22.197368421052488,-0.31199056300841577,True
SBRA,2019-10-28,2019,2,5,0.261955191113336,3,False,33.743421052631675,-0.7492587520563452,True
SBRA,2024-09-18,2024,4,15,0.36804728645215357,38,True,94.5,-0.1678071534856046,False
SBRA,2024-11-13,2024,1,0,0.3415955246990505,10,True,110.39473684210498,-0.1485985571144003,False
SBUX,2010-01-27,2010,2,5,0.29089874853532693,99,True,-2.75,-0.18333897848505765,False
SBUX,2010-03-11,2010,1,0,0.20806357531752107,69,True,81.0,-0.18333897848505765,False
SBUX,2010-04-23,2010,4,15,0.3457683145132566,135,True,18.026315789473756,0.0,False
SBUX,2011-11-07,2011,3,25,0.22514802934734557,108,True,124.5,-0.2979978733115296,False
SBUX,2012-01-27,2012,10,70,0.2057977740477419,53,False,39.10526315789457,-0.2979978733115296,False
SBUX,2013-06-13,2013,8,35,0.24913028528665193,101,True,-58.79605263157919,-0.15609057127418846,False
SBUX,2013-09-23,2013,5,45,0.33761531103091746,31,False,17.421052631578732,-0.15609057127418846,False
SBUX,2015-06-09,2015,6,50,0.24189734011631958,99,True,-39.0,-0.14613514612268486,False
SBUX,2015-11-19,2015,3,10,0.20102989531007753,2,False,109.05263157894751,-0.13707013506020294,False
SBUX,2019-08-16,2019,3,10,0.37654197931027866,9,False,40.40789473684208,-0.41785625228640666,True
SCHL,2007-02-05,2007,1,0,0.215765901602323,11,True,14.394736842105317,-0.17656650872371205,False
SCHL,2015-06-16,2015,3,20,0.3569933871877189,8,False,70.81578947368416,-0.26288301102821243,False
SCI,2007-05-16,2007,2,10,0.4780677742389028,117,True,-62.13157894736844,-0.3612213323801745,True
SCI,2007-07-06,2007,1,0,0.21193351088708656,82,True,-16.21052631578948,-0.3612213323801745,True
SCI,2012-09-14,2012,2,5,0.26787301090275695,122,True,-84.69736842105249,-0.04907970712638021,False
SCI,2013-02-19,2013,8,70,0.221546328917396,171,True,-44.15789473684208,-0.12241583568771575,False
SCI,2013-07-12,2013,3,15,0.309802878732222,71,True,-43.5,-0.12241583568771575,False
SCI,2015-03-20,2015,12,55,0.2315286477340852,103,True,-8.789473684210407,-0.3163229914524873,True
SCI,2021-10-07,2021,2,5,0.22477524105993063,57,True,1.947368421052488,-0.18428049559430848,False
SCL,2013-01-04,2013,12,55,0.21706775377309628,48,False,89.89473684210498,-0.18015498216628634,False
SDGR,2023-07-31,2023,1,0,1.2773183690466454,1,True,46.23684210526335,-0.5868526641938079,True
SEDG,2017-07-07,2017,10,60,0.5144927050480952,176,True,-111.0,-0.3799119184720884,True
SEDG,2017-11-20,2017,3,20,1.0970352089374558,119,True,-67.02631578947376,-0.5126185505464338,True
SEDG,2018-03-05,2018,12,55,0.8915887280045269,49,False,33.89473684210543,-0.5126185505464338,True
SEDG,2019-10-25,2019,2,5,1.0624031816889121,79,True,14.914473684210861,-0.5113923709701425,True
SEDG,2020-12-04,2020,3,10,0.8024388781286005,22,True,131.15789473684254,-0.4425499526563518,True
SEDG,2021-02-03,2021,3,10,0.5655365594062833,9,False,121.0,-0.39065112919600764,True
SEI,2025-01-23,2025,1,0,1.658491613427902,20,True,11.644736842104976,-0.5536683415018708,True
SEIC,2006-10-09,2006,6,35,0.4415788484900107,134,True,-72.61842105263156,-0.2810861546629614,False
SEIC,2007-02-05,2007,1,0,0.28150349382195916,54,True,28.96052631578948,-0.2810861546629614,False
SEIC,2015-07-15,2015,6,25,0.252662109598941,18,False,20.684210526315837,-0.3837253073879904,True
SEIC,2018-01-22,2018,2,5,0.3882627796455833,41,True,-8.368421052631675,-0.34000767017545086,True
SEZL,2024-11-20,2024,4,15,4.733685693842628,135,True,-65.98684210526335,-0.6143311152516534,True
SF,2017-02-07,2017,1,0,0.457604610978946,15,True,55.131578947368325,-0.23643201218194854,False
SF,2018-02-12,2018,1,0,0.2338556239177514,18,True,37.46052631578959,-0.3611171464939742,True
SF,2020-12-07,2020,7,30,0.3419100792615837,103,True,-27.539473684210407,-0.1519735568089865,False
SF,2024-11-06,2024,6,25,0.42040554683430575,56,True,32.48684210526335,-0.3467450858053651,True
SFBS,2015-07-16,2015,2,20,0.308937055472736,115,True,-52.598684210526244,-0.2899920476749295,False
SFBS,2015-10-23,2015,7,45,0.21549709824440666,152,True,-48.84210526315792,-0.129954277865042,False
SFBS,2021-03-15,2021,11,50,0.692147609022628,165,True,-62.5,-0.1175641870082672,False
SFBS,2022-01-11,2022,1,0,0.33493895105004534,56,True,3.4736842105266987,-0.324874345496022,True
SFBS,2022-03-17,2022,2,10,0.26456153319099207,11,True,156.5,-0.324874345496022,True
SFM,2024-01-22,2024,17,80,0.2907412431895706,200,True,-119.73684210526335,-0.06627964498339123,False
SFM,2024-07-08,2024,3,10,0.6841461689922621,102,True,26.157894736842536,-0.17743395126096884,False
SFM,2024-09-03,2024,14,70,0.5679458881788546,186,True,-87.67763157894751,-0.6348242744702005,True
SFM,2025-04-02,2025,1,0,0.4341091485012776,41,True,134.0,-0.6348242744702005,True
SFM,2025-06-23,2025,1,0,0.250288496789159,0,False,175.0,-0.6216746488624854,True
SFNC,2014-01-09,2014,2,5,0.3686704031099197,103,True,33.842105263157464,-0.14288657471347577,False
SFNC,2017-01-09,2017,1,0,0.28785371577436525,11,True,62.09210526315792,-0.18094441424296637,False
SGI,2007-04-25,2007,1,0,0.4327525023723313,111,True,-36.0,-0.762525275493035,True
SGI,2007-09-17,2007,4,15,0.31311795968150324,26,True,189.52631578947376,-0.7979408244903842,True
SGI,2007-11-12,2007,1,0,0.307342606767703,1,True,148.86842105263156,-0.7795981338024727,True
SGI,2010-03-18,2010,1,0,0.6809815625827267,65,True,-22.105263157894797,-0.273260536832584,False
SGI,2010-04-23,2010,2,5,0.6449165715406457,40,True,23.42105263157896,-0.273260536832584,False
SGI,2011-04-19,2011,6,50,0.7880453991413203,68,True,0.322368421052488,-0.325996786838777,True
SGI,2015-07-29,2015,6,35,0.29741056957560796,71,True,9.822368421052488,-0.35877407887262247,True
SGI,2020-12-21,2020,3,25,0.5182245249597441,133,True,-58.0,-0.3068134980727758,True
SGI,2021-03-19,2021,8,35,0.7393123567202406,129,True,-39.42763157894751,-0.5185794060450972,True
SGI,2026-02-04,2026,1,0,0.27529643048900065,4,True,208.5,-0.3712405970079965,True
SHAK,2019-09-17,2019,2,5,0.877381222658808,3,False,52.36184210526335,-0.688243203854088,True
SHAK,2021-03-15,2021,1,0,0.984087996707314,0,False,75.0,-0.4666101012059716,True
SHEN,2007-10-15,2007,4,15,0.615079184941774,49,True,18.861842105263122,-0.5017625225680853,True
SHEN,2016-06-27,2016,3,20,0.6447277271010101,11,False,27.75,-0.43200878625899486,True
SHOO,2006-01-23,2006,1,0,0.3015733702052057,69,True,6.0,-0.3047911980139977,True
SHOO,2006-05-03,2006,6,25,1.1431506017341495,125,True,-64.5723684210526,-0.34591915562323516,True
SHOO,2025-11-28,2025,3,10,0.7206768193127802,32,True,30.631578947368325,-0.3172878773369121,True
SHW,2007-02-05,2007,1,0,0.3534352523153663,114,True,-49.1973684210526,-0.3021213321788533,True
SHW,2010-05-14,2010,3,20,0.3014626181076754,1,False,85.84210526315792,-0.15078631975118917,False
SHW,2012-04-24,2012,5,25,0.45296033330442875,145,True,-124.40789473684208,-0.06773467462438387,False
SHW,2012-07-05,2012,1,0,0.4571084786448387,97,True,-34.5,-0.07137923054828854,False
SHW,2012-08-16,2012,1,0,0.40890458580847344,108,True,-20.5,-0.0661332079248027,False
SHW,2012-09-21,2012,4,20,0.40308841608375134,139,True,-18.605263157895024,-0.036777291699819026,False
SHW,2013-02-04,2013,1,0,0.22967546878555867,70,True,80.0,-0.13372101562288852,False
SHW,2013-05-08,2013,3,15,0.32434782245107274,119,True,98.5,-0.09736416168708095,False
SHW,2014-11-21,2014,14,70,0.20407289808889884,121,True,-57.3486842105267,-0.24947812608021702,False
SHW,2019-10-14,2019,2,5,0.24616248313114242,69,True,-8.539473684210407,-0.3332981327008686,True
SIG,2009-11-05,2009,1,0,0.4432432733899687,109,True,-53.67105263157896,-0.2246332769646966,False
SIG,2013-02-11,2013,3,10,0.36164061060335073,127,True,-97.72368421052624,-0.121809372945332,False
SIG,2013-05-22,2013,2,5,0.35738496352579285,124,True,-101.20394736842081,-0.10924794733896048,False
SIG,2014-03-24,2014,8,35,0.3955455089813158,155,True,-28.09210526315792,-0.020397223000223397,False
SIG,2014-09-05,2014,1,0,0.20427312128310016,79,True,129.02631578947376,-0.11018670138482467,False
SIG,2021-03-05,2021,6,35,1.8240988396881654,150,True,-113.35526315789502,-0.4190863375343046,True
SIG,2021-09-01,2021,1,0,0.5890682384125863,55,True,95.0,-0.5400348486488551,True
SIG,2021-10-28,2021,5,20,0.49610222987508656,15,False,145.0,-0.5400348486488551,True
SIGI,2013-04-24,2013,2,5,0.20968424101778993,125,True,-58.91447368421086,-0.13997560734824988,False
SIGI,2019-08-16,2019,1,0,0.2203887262547075,4,True,65.01315789473665,-0.48393877624056003,True
SIRI,2011-05-25,2011,1,0,0.700729826617059,2,True,33.26315789473688,-0.3881857738142316,True
SIRI,2011-06-30,2011,2,5,0.343557827687653,10,True,68.09210526315792,-0.37768236286650403,True
SJM,2013-04-17,2013,4,15,0.2321732796390772,76,True,-16.427631578947512,-0.18365905718694087,False
SKT,2011-02-14,2011,2,5,0.23855496690186295,110,True,-20.0,-0.2203620819485903,False
SKT,2023-08-08,2023,3,10,0.32544473453606937,93,True,-40.23684210526335,-0.07869356354095125,False
SKY,2016-05-13,2016,1,0,1.594164235229845,97,True,-53.64473684210543,-0.6157779085711066,True
SKYW,2023-07-18,2023,4,15,1.0524509664133666,135,True,-64.76973684210498,-0.027214642529073907,False
SLAB,2016-09-28,2016,1,0,0.264234904582507,100,True,-25.0,-0.09041470088314263,False
SLAB,2016-12-08,2016,3,25,0.37326070305662706,124,True,-79.39473684210543,-0.13954981960284363,False
SLB,2006-05-10,2006,1,0,0.5805741609724959,0,False,61.4473684210526,-0.2524888949615107,False
SLB,2007-09-10,2007,3,25,0.529773991169652,26,True,28.67105263157896,-0.3308909526903284,True
SLG,2006-04-04,2006,1,0,0.43823878222859647,116,True,-97.57894736842104,-0.04100383900175364,False
SLG,2006-05-10,2006,1,0,0.5641035122048323,118,True,-55.5,-0.047528267969556004,False
SLG,2006-09-11,2006,1,0,0.2126559054029229,102,True,48.0,-0.34194493927494884,True
SLG,2006-11-13,2006,14,65,0.22374153889145676,57,False,110.5,-0.34194493927494884,True
SLG,2014-06-04,2014,4,15,0.23497517274664736,132,True,0.5,-0.15553647214417599,False
SLG,2024-09-18,2024,2,10,0.43452134139709364,36,True,8.868421052631675,-0.3979867203084876,True
SLG,2024-12-05,2024,1,0,0.388735279753915,2,True,44.05263157894751,-0.36307580599449085,True
SLGN,2011-04-19,2011,1,0,0.3753204705916908,1,True,70.97368421052624,-0.2645285696034856,False
SLM,2013-05-15,2013,1,0,0.35370154396818165,111,True,-48.82894736842127,-0.15673050991053417,False
SLM,2021-04-05,2021,2,15,1.3126903080220296,62,True,-19.993421052631675,-0.18441890631331936,False
SLM,2025-01-29,2025,3,10,0.28500677205470604,108,True,-51.881578947368325,-0.45055568915207467,True
SLVM,2024-10-09,2024,5,45,0.4021575302859608,22,False,65.5,-0.5077291028079189,True
SM,2011-03-01,2011,1,0,0.9136628203758932,108,True,48.25,-0.3106644614995073,True
SM,2013-11-11,2013,4,15,0.42739702246097155,11,False,91.99342105263167,-0.24320492448830933,False
SMCI,2010-01-14,2010,13,65,0.5655939871898705,68,True,9.236842105263122,-0.5431445478538195,True
SMCI,2013-12-05,2013,4,30,0.5243789574440387,135,True,-71.67763157894751,-0.12216667263552738,False
SMCI,2014-09-02,2014,1,0,0.3024602543683621,120,True,-88.68421052631584,-0.4048612688340728,True
SMCI,2020-02-19,2020,2,5,0.40612244302160994,85,True,-15.822368421052488,-0.31135873060662955,True
SMCI,2023-02-16,2023,1,0,0.418133423420596,117,True,69.71052631578914,-0.3446177285333515,True
SMCI,2023-04-24,2023,16,75,0.6072710283715785,195,True,-115.32894736842172,-0.3376863595705625,True
SMG,2005-09-13,2005,5,25,0.1849320821754219,97,True,-22.19736842105263,-0.2481453516539226,False
SMG,2006-01-30,2006,1,0,0.27123962603359386,2,True,90.23684210526312,-0.2481453516539226,False
SMG,2013-10-07,2013,4,35,0.250793680479902,122,True,-36.34210526315792,-0.15478832706873713,False
SMG,2014-01-09,2014,1,0,0.2714683084106133,57,True,28.526315789473756,-0.15478832706873713,False
SMG,2020-12-14,2020,10,60,0.4948266018187204,75,True,80.39473684210498,-0.4636802667514286,True
SMP,2016-11-16,2016,3,20,0.4058398174085822,18,False,56.80263157894751,-0.1992640539422036,False
SMPL,2019-08-02,2019,1,0,0.3675258354801656,28,True,-4.842105263157919,-0.515661074271829,True
SMTC,2009-06-23,2009,1,0,0.3569553643719967,55,True,12.434210526315837,-0.22672279682924612,False
SMTC,2017-01-17,2017,3,10,0.3371615913171353,129,True,-47.68421052631584,-0.19245286857556998,False
SMTC,2017-07-24,2017,2,5,0.2367602071677808,70,True,36.57894736842081,-0.21802681922730127,False
SMTC,2026-02-19,2026,2,5,0.7503089716113913,84,True,20.506578947368325,-0.4073713410190545,True
SMTC,2026-06-08,2026,2,5,1.028487426703037,9,True,81.19736842105249,-0.4073713410190545,True
SNA,2013-05-15,2013,1,0,0.21595469683574242,120,True,-13.75,-0.06993772503831475,False
SNA,2013-09-23,2013,1,0,0.23351662867408396,114,True,-70.31578947368416,-0.042214250453576296,False
SNA,2015-04-06,2015,3,15,0.2751835783944554,94,True,-43.73684210526335,-0.19798474416872813,False
SNA,2021-04-12,2021,6,30,0.5123512436530175,35,True,47.20394736842172,-0.20527271255290136,False
SNEX,2006-05-03,2006,5,25,0.40858833050331556,142,True,-94.23684210526318,-0.5814815448705438,True
SNEX,2006-07-14,2006,14,80,0.5197802103790472,111,True,-44.61842105263156,-0.6699353466185782,True
SNEX,2006-12-19,2006,1,0,2.1746782629615793,1,True,35.57894736842104,-0.6699353466185782,True
SNEX,2024-11-27,2024,10,75,0.3881412298479441,190,True,-110.69078947368416,-0.1994070327479045,False
SNEX,2025-05-02,2025,1,0,0.5475211094255374,85,True,18.421052631579187,-0.1994070327479045,False
SNEX,2025-06-09,2025,4,20,0.22326589608818592,60,True,44.53947368420995,-0.1994070327479045,False
SNEX,2025-08-27,2025,3,15,0.23621069936936845,125,True,55.0,-0.20914781058997067,False
SNEX,2026-06-30,2026,1,0,0.7741291620366726,1,True,135.5789473684208,-0.21545172533513324,False
SNPS,2017-11-14,2017,2,5,0.1956403312238162,46,True,-1.9210526315791867,-0.13503963355374804,False
SNPS,2021-01-06,2021,2,10,0.23932897678790366,26,True,30.546052631579187,-0.2519771021517144,False
SNPS,2023-12-14,2023,3,25,0.23541012666466665,138,True,-77.21052631578914,-0.31018832288295783,True
SNPS,2024-07-16,2024,1,0,0.23990699298830243,0,False,212.5,-0.3008597253801343,True
SNX,2012-04-02,2012,1,0,0.47977098743702706,0,False,75.0,-0.20247636025595872,False
SNX,2021-03-26,2021,11,50,0.874483554947328,108,True,-41.68421052631584,-0.25822472311265665,False
SO,2019-09-30,2019,2,15,0.2286753112938964,84,True,-26.828947368420813,-0.3843487562254797,True
SO,2020-01-24,2020,3,15,0.2807035050200244,4,False,168.10526315789457,-0.3843487562254797,True
SON,2006-04-04,2006,1,0,0.2681293689485875,111,True,-57.51315789473688,-0.029737342196463068,False
SON,2006-12-27,2006,1,0,0.2728457854851458,107,True,-102.0,-0.36203135649859475,True
SONO,2021-04-01,2021,1,0,1.5665348024524635,9,True,81.7236842105267,-0.3426748511581418,True
SPG,2006-12-05,2006,1,0,0.27913006968539533,42,True,3.263157894736878,-0.3039426051869103,True
SPG,2007-02-05,2007,3,10,0.42620895833472017,2,False,42.21052631578948,-0.3039426051869103,True
SPG,2007-03-27,2007,1,0,0.22534203771484518,22,True,164.71052631578948,-0.3220786744252504,True
SPG,2012-04-17,2012,5,20,0.3105906554215023,106,True,23.473684210526244,-0.09618428308360905,False
SPG,2021-08-11,2021,1,0,0.284826625763156,61,True,64.0,-0.4270813326285078,True
SPG,2024-12-05,2024,1,0,0.21343530377137787,57,True,-20.421052631579187,-0.2431875688673364,False
SPGI,2014-02-07,2014,1,0,0.28119323197289736,85,True,2.5,-0.09433803322622636,False
SPGI,2015-03-20,2015,3,10,0.2626434078620439,0,False,141.4473684210525,-0.2084119914095688,False
SPGI,2018-03-20,2018,2,5,0.2734797415852379,88,True,49.76315789473665,-0.2557807209895564,False
SPGI,2018-05-09,2018,1,0,0.2508354620810498,53,True,61.21052631578959,-0.2557807209895564,False
SPGI,2018-06-21,2018,1,0,0.2077987896544602,23,True,118.05263157894751,-0.2557807209895564,False
SPGI,2019-09-09,2019,2,5,0.32851527579213924,112,True,-55.38815789473665,-0.38136865641348117,True
SPHR,2026-04-29,2026,2,5,1.041886990099616,73,True,35.75,-0.114242026292386,False
SPHR,2026-06-26,2026,1,0,0.8084541036509156,33,True,108.05263157894751,-0.114242026292386,False
SPHR,2026-08-17,2026,1,0,0.48314615928883753,0,False,125.0,-0.08956882184902015,False
SPNT,2023-12-20,2023,2,5,0.2955832026306291,105,True,47.5,-0.10855019024916568,False
SPNT,2024-08-05,2024,3,20,0.20630862495605617,103,True,84.23684210526335,-0.15131175317813872,False
SPNT,2025-06-13,2025,3,15,0.2532299865770953,134,True,-21.76315789473665,-0.14739630075369736,False
SPSC,2012-01-26,2012,1,0,0.31121889242101575,117,True,-46.473684210526244,-0.1250379588417908,False
SPSC,2012-07-03,2012,3,10,0.2623999786376954,65,True,141.0526315789475,-0.1856435573448122,False
SPSC,2012-08-29,2012,1,0,0.34297029098661813,25,True,131.4473684210525,-0.1856435573448122,False
SPSC,2012-10-18,2012,3,15,0.5524000549316406,134,True,2.25,-0.03890400662884419,False
SPSC,2013-07-03,2013,6,25,0.4216684119973977,76,True,-24.71710526315792,-0.3829678732859152,True
SPSC,2013-09-20,2013,2,20,0.7759959289504745,21,True,59.55921052631584,-0.3829678732859152,True
SPSC,2018-09-07,2018,1,0,0.5056426129672085,114,True,-86.23684210526335,-0.1704349142938335,False
SPSC,2023-07-17,2023,1,0,0.5044652426789631,114,True,-96.17105263157919,-0.1803943309292625,False
SPXC,2007-04-03,2007,1,0,0.3248027351897784,81,True,33.27631578947364,-0.1572333778756907,False
SPXC,2007-07-13,2007,3,10,0.4800999594081856,81,True,-32.31578947368416,-0.16038632100884898,False
SPXC,2007-10-29,2007,4,25,0.34904512148542954,145,True,-34.67105263157896,-0.7966452650559969,True
SPXC,2008-06-25,2008,1,0,0.24969239466729798,24,True,92.0526315789474,-0.8023838778985254,True
SPXC,2020-01-09,2020,2,5,0.5393867512552315,5,False,67.07236842105249,-0.5026276162322818,True
SPXC,2024-02-28,2024,5,30,0.4683992236053689,95,True,42.5,-0.21642839064949615,False
SPXC,2024-05-23,2024,5,45,0.6548199564761199,128,True,-61.28947368421086,-0.33542627624694965,True
SPXC,2024-11-13,2024,2,15,0.18324974815617123,8,False,168.84210526315837,-0.33542627624694965,True
SR,2008-06-18,2008,2,10,0.23604008018086486,96,True,-49.289473684210634,-0.45002696112087837,True
SR,2015-01-29,2015,1,0,0.1729404924968161,116,True,-69.94736842105249,-0.07301976582170588,False
SRE,2007-05-02,2007,1,0,0.2034602338599545,15,True,-10.0,-0.18651556660811763,False
SRE,2012-06-13,2012,3,10,0.3162895340726779,128,True,-30.763157894736878,-0.026914420637351832,False
SRE,2013-05-01,2013,1,0,0.2156796398889036,119,True,-72.75,-0.043569567627736006,False
SRE,2019-07-26,2019,1,0,0.25863187862119963,120,True,-23.618421052631675,-0.4289212532623524,True
SRE,2024-12-05,2024,1,0,0.22393940860475237,0,False,41.44736842105249,-0.2922369235341107,False
SRPT,2017-11-29,2017,1,0,0.7504886105195432,115,True,-33.35526315789457,-0.053113337156557416,False
SRPT,2018-01-22,2018,2,5,0.5123243896945702,104,True,-44.592105263157464,-0.3667772909826902,True
SRPT,2018-04-18,2018,14,100,0.5958998583681774,114,True,-53.07894736842081,-0.39743667262210736,True
SSB,2010-04-09,2010,2,5,0.5200401458017541,16,True,40.776315789473756,-0.3033544795696944,True
SSB,2012-09-21,2012,2,5,0.2585042507698847,118,True,-51.848684210526244,-0.08531855594606952,False
SSB,2014-01-02,2014,1,0,0.2756495931029992,13,True,17.131578947368325,-0.16423521010392061,False
SSD,2017-12-13,2017,1,0,0.35607902346648923,120,True,-53.68421052631584,-0.24083379300268526,False
ST,2021-03-05,2021,3,10,0.35973350818834815,8,False,31.407894736842536,-0.16531011521691175,False
STAA,2017-12-28,2017,1,0,0.4654377013373414,119,True,-76.30263157894751,-0.14823895356023986,False
STAG,2012-11-26,2012,14,95,0.40745652913610275,118,True,-6.618421052631675,-0.2001885050271357,False
STBA,2013-08-23,2013,2,5,0.37111305820261076,68,True,12.98684210526335,-0.1839607000813026,False
STBA,2026-07-08,2026,2,5,0.22436825490999013,14,True,48.23684210526335,-0.055365627188722955,False
STC,2013-01-28,2013,1,0,1.0556826442378826,120,True,-54.21052631578959,-0.05264863102186368,False
STC,2021-12-03,2021,1,0,0.2384031835809417,17,True,43.592105263157464,-0.4196329460396966,True
STE,2015-01-14,2015,1,0,0.22008602964157054,69,True,-6.5,-0.11797742644184372,False
STE,2018-06-21,2018,6,30,0.19462657933017846,98,True,-9.414473684210861,-0.17251205038498152,False
STE,2019-06-20,2019,1,0,0.33928152704233616,37,True,112.80263157894751,-0.30166313540813217,True
STE,2019-08-16,2019,3,10,0.255622196169512,125,True,-32.5,-0.35910070700065166,True
STEP,2024-08-23,2024,1,0,0.5341429349017155,55,True,-21.842105263157464,-0.3827004199822909,True
STEP,2024-10-07,2024,4,45,0.6776092024476654,25,False,17.894736842104976,-0.3827004199822909,True
STLD,2006-05-03,2006,2,5,1.149357174635674,5,False,24.013157894736878,-0.312087871781368,True
STLD,2013-12-03,2013,2,5,0.22846934581747025,17,True,48.46052631578959,-0.19644699989436276,False
STLD,2021-06-22,2021,1,0,0.6853426288833693,37,True,38.657894736842536,-0.27664177474920304,False
STRA,2007-10-01,2007,2,5,0.3713312013749741,26,True,-3.105263157894683,-0.2604227489969768,False
STRA,2018-09-24,2018,2,5,0.36699067661912066,33,True,73.57894736842081,-0.30219652129666263,True
STRL,2017-06-02,2017,6,40,0.26658625432043803,131,True,38.868421052631675,-0.3984418011867593,True
STRL,2023-09-13,2023,2,5,0.8788883260540896,124,True,-51.631578947368325,-0.1377032089308744,False
STRL,2024-07-16,2024,1,0,0.6512755637017937,94,True,-21.96052631578914,-0.4726423165943836,True
STT,2013-03-05,2013,4,20,0.40999173031987146,97,True,-29.565789473684163,-0.08958185766093563,False
STT,2025-12-29,2025,3,10,0.25639795587992875,129,True,-59.394736842104976,-0.021673941882619396,False
STWD,2011-03-01,2011,3,10,0.2710540294925414,6,False,50.118421052631675,-0.2583000359058384,False
STWD,2016-09-21,2016,1,0,0.27356377918977715,106,True,-89.75,-0.040817508819244286,False
STX,2023-12-29,2023,1,0,0.4063768186448473,117,True,-56.53947368421086,-0.1686180531095739,False
STX,2024-02-28,2024,2,5,0.41323686341116783,101,True,-3.796052631578277,-0.3788186462573335,True
STX,2026-02-19,2026,16,95,1.6045427419758642,84,False,13.828947368420813,-0.3181039728717875,True
STZ,2013-11-18,2013,8,40,0.33416915941205416,156,True,-58.401315789473756,-0.09950628720731014,False
STZ,2014-03-17,2014,3,15,0.3945487704988564,76,True,-19.75,-0.09950628720731014,False
STZ,2015-01-14,2015,11,55,0.2428935392814766,169,True,4.684210526315837,-0.05840185322633018,False
STZ,2016-02-03,2016,1,0,0.2465200330697086,118,True,-39.57894736842081,-0.12881798773310138,False
STZ,2017-07-24,2017,1,0,0.30055431948392597,111,True,-89.75,-0.11471222050078989,False
STZ,2017-10-31,2017,5,35,0.26810870874621706,122,True,-15.75,-0.34876936248886425,True
SUI,2015-02-12,2015,5,25,0.26309719673953214,118,True,-20.5,-0.10220341384026965,False
SUI,2019-04-16,2019,3,10,0.23570214832387437,130,True,-71.51315789473665,-0.3460447969200118,True
SUI,2019-06-06,2019,1,0,0.2448617900936101,116,True,-59.94736842105249,-0.3740137804732564,True
SUI,2019-08-09,2019,11,60,0.25942429879264584,134,True,-59.92105263157873,-0.4095910613437851,True
SUI,2021-06-15,2021,1,0,0.23279692017987053,56,True,-5.210526315789139,-0.2578006103942052,False
SUI,2021-08-04,2021,6,30,0.34365007074021525,104,True,-9.625,-0.2777791579537112,False
SUPN,2016-09-21,2016,1,0,0.7798227999019671,113,True,-47.07894736842127,-0.1142857014632025,False
SUPN,2017-06-09,2017,4,20,0.730512122665707,69,True,53.401315789473756,-0.2668680683341721,False
SUPN,2017-08-14,2017,1,0,0.6297709740275907,24,True,101.0,-0.2668680683341721,False
SW,2013-03-18,2013,3,10,0.7127661223711896,124,True,-57.68421052631584,-0.010796232501985692,False
SW,2018-05-01,2018,1,0,0.39979871653501364,83,True,-7.473684210526244,-0.411116024824958,True
SW,2021-02-18,2021,2,5,0.3590764833619544,123,True,-71.55263157894751,-0.34725162059375436,True
SWK,2010-04-23,2010,2,5,0.34671453382434514,4,False,121.65789473684208,-0.23362120144121767,False
SWKS,2010-10-13,2010,6,30,0.29415315684318566,88,True,73.84210526315792,-0.5413736457834915,True
SWKS,2011-01-07,2011,6,25,0.7581393641855576,28,True,107.55921052631584,-0.5413736457834915,True
SWKS,2014-03-31,2014,6,30,0.5147359750960059,123,True,-45.401315789473756,-0.22977538043893642,False
SWKS,2014-07-10,2014,5,35,0.6824742458826409,155,True,-104.14473684210543,-0.11103211224568543,False
SWKS,2014-12-08,2014,17,80,0.48133475570001827,134,True,-40.84210526315792,-0.4910877429584044,True
SWX,2006-07-28,2006,5,40,0.18792429343374328,136,True,-16.526315789473642,-0.29129555349947234,False
SWX,2006-12-05,2006,5,25,0.3456718165922108,95,True,-14.67105263157896,-0.31984612848176075,True
SWX,2016-07-19,2016,3,10,0.3737354995094895,130,True,-41.84210526315792,-0.06900176503347244,False
SXI,2013-01-28,2013,7,40,0.31991855163666827,130,True,-40.723684210526244,-0.12457480384605646,False
SXI,2020-12-07,2020,3,10,0.30834751898848123,63,True,-12.671052631578732,-0.18354689926984136,False
SXI,2021-03-05,2021,3,20,0.7540054965769358,3,False,46.21052631578914,-0.18354689926984136,False
SXT,2013-09-23,2013,5,40,0.23623452911796372,133,True,-66.2894736842104,-0.10958701535526527,False
SXT,2014-03-17,2014,1,0,0.2304875742663517,114,True,-3.7368421052633494,-0.11215612472407521,False
SXT,2020-11-13,2020,7,30,0.6035510601071055,140,True,-72.10526315789457,-0.11295885609156542,False
SXT,2021-05-10,2021,4,30,0.23877840412401508,133,True,-54.41447368420995,-0.2999869586711189,False
SYF,2018-01-12,2018,1,0,0.34826714470869513,9,True,66.0,-0.2741574751850502,False
SYF,2021-02-26,2021,3,15,0.6055757688366887,127,True,-72.7236842105267,-0.3542548728550673,True
SYF,2021-05-17,2021,1,0,0.6294183102404889,108,True,-1.75,-0.4642499524086128,True
SYF,2021-06-22,2021,3,20,0.49716836301175893,83,True,-38.32894736842081,-0.4642499524086128,True
SYF,2021-10-14,2021,1,0,0.20909591566449492,3,True,147.0,-0.4642499524086128,True
SYF,2024-11-27,2024,9,40,0.5795038155775694,160,True,-74.40789473684254,-0.10401490305105521,False
SYK,2007-02-12,2007,10,50,0.32118362435018555,169,True,-95.80921052631584,-0.18832631494850038,False
SYK,2023-04-27,2023,1,0,0.3353876710116215,44,True,6.921052631579187,-0.16560239366153484,False
SYNA,2007-10-29,2007,4,20,0.7934892469581865,6,False,42.026315789473756,-0.6170912108244373,True
SYNA,2014-06-11,2014,1,0,0.7245676695751369,16,True,113.73684210526335,-0.36944326247002224,True
SYNA,2020-01-09,2020,4,15,1.2535119889414905,20,True,48.519736842104976,-0.4373594929598008,True
SYNA,2022-01-10,2022,1,0,0.5710718825973982,2,True,57.01315789473665,-0.6065737051792829,True
T,2007-02-05,2007,4,15,0.25707944111091274,102,True,29.151315789473756,-0.14916354188603775,False
T,2007-04-03,2007,2,5,0.2545500876923428,122,True,-56.34210526315792,-0.17817143261841983,False
T,2012-07-19,2012,2,10,0.20793732264124376,55,True,28.42105263157896,-0.1246697771954276,False
T,2016-08-09,2016,1,0,0.21259594602284104,101,True,39.131578947368325,-0.13181844449694735,False
T,2019-10-07,2019,7,30,0.21134153938589617,73,True,-0.697368421052488,-0.31429293435941075,True
T,2024-11-06,2024,4,15,0.3410800445597879,100,True,-12.171052631578277,-0.13171175462203255,False
T,2025-03-13,2025,9,40,0.2326299046538829,127,True,-43.05263157894751,-0.20593600972400927,False
TAP,2007-03-27,2007,6,30,0.40041436255901774,149,True,-57.68421052631584,-0.22830270530831598,False
TAP,2014-07-17,2014,3,25,0.28520480156926675,140,True,-65.52631578947376,-0.15228166283649036,False
TBBK,2014-01-31,2014,2,5,0.25576790647680014,33,True,177.52631578947376,-0.5955112236769231,True
TBBK,2017-12-28,2017,1,0,0.2816537945272892,96,True,-36.19736842105249,-0.3483432644019401,True
TBBK,2020-02-14,2020,1,0,0.4127659863721964,4,True,60.01315789473665,-0.7377289359886794,True
TCBI,2012-08-02,2012,8,45,0.2845850537341492,45,False,-1.25,-0.25145292321449375,False
TCBI,2016-12-01,2016,10,45,0.49133412579824554,60,True,16.61184210526335,-0.24091163061571652,False
TDC,2009-07-15,2009,1,0,0.6028225939543843,108,True,-54.710526315789366,-0.13778060259846503,False
TDC,2009-12-04,2009,3,10,0.30486760744615227,130,True,-18.75,-0.10187988931594427,False
TDC,2011-01-14,2011,2,5,0.45313974316819805,119,True,0.34210526315791867,-0.3045083073858853,True
TDC,2011-04-05,2011,3,20,0.270025118387734,64,True,26.0,-0.3045083073858853,True
TDC,2011-07-08,2011,2,5,0.40814917363590975,79,True,-38.14473684210543,-0.23817949984889675,False
TDC,2018-01-12,2018,2,10,0.29678513313681076,107,True,-36.73684210526335,-0.22431815754283557,False
TDG,2007-04-12,2007,2,5,0.5474276717347808,116,True,-92.90789473684208,-0.26255308566058155,False
TDG,2009-11-30,2009,1,0,0.26555051101872795,98,True,-26.486842105263122,-0.14087231242293785,False
TDG,2010-02-04,2010,3,10,0.25604961816881056,129,True,-59.526315789473756,-0.028921947883028376,False
TDG,2010-11-04,2010,1,0,0.32546724561072304,102,True,12.736842105263122,-0.12295070807393627,False
TDG,2011-01-18,2011,5,35,0.5289582544877238,117,True,-3.8421052631579187,-0.21407276736994452,False
TDG,2012-04-11,2012,4,15,0.34784657033807265,131,True,-46.92105263157896,-0.08874432188572745,False
TDG,2012-08-31,2012,6,30,0.20225484553609951,149,True,-24.65789473684208,-0.05900011104772418,False
TDG,2013-07-15,2013,3,15,0.18764728928742347,132,True,41.28947368421041,-0.06308535610710952,False
TDG,2014-01-17,2014,8,50,0.25133650949257036,166,True,-49.519736842104976,-0.09649265332023316,False
TDG,2014-08-22,2014,1,0,0.19009492062661582,115,True,20.131578947368325,-0.025694259788127782,False
TDG,2015-01-08,2015,4,15,0.22516763476111312,132,True,-40.157894736842536,-0.2005718830788099,False
TDG,2015-04-07,2015,1,0,0.19212907249770184,92,True,-4.368421052631675,-0.23351747725163452,False
TDG,2024-04-05,2024,1,0,0.5586893864433227,119,True,-16.23684210526335,-0.0869071941113636,False
TDS,2006-11-20,2006,9,40,0.3327555450681259,159,True,-73.86842105263156,-0.4482780116717585,True
TDS,2007-06-07,2007,1,0,0.20724217918789822,29,True,117.84210526315792,-0.4667288952637584,True
TDS,2007-07-13,2007,3,10,0.24470766307497516,4,False,151.0,-0.4667288952637584,True
TDS,2024-12-05,2024,4,15,0.5513340592956648,48,True,19.664473684209952,-0.2117014760032334,False
TDW,2011-03-01,2011,1,0,0.5277003922687831,2,True,28.723684210526244,-0.3558007159059443,True
TDY,2017-11-07,2017,5,20,0.38253165823656854,139,True,-14.26315789473665,-0.06287675392879222,False
TDY,2018-08-10,2018,9,40,0.2928722568679252,26,False,124.0,-0.2282358722873188,False
TDY,2019-08-16,2019,4,15,0.27273880992034294,127,True,-14.072368421052488,-0.4894686242648436,True
TDY,2020-01-02,2020,2,10,0.2861664851019987,32,True,65.66447368421086,-0.4894686242648436,True
TECH,2011-05-18,2011,1,0,0.36532690162774917,33,True,16.539473684210634,-0.26157087903225884,False
TECH,2011-06-30,2011,2,5,0.25554850690380193,3,False,74.23684210526312,-0.26157087903225884,False
TECH,2018-03-13,2018,1,0,0.21155950081760366,120,True,-106.31578947368416,-0.3079658495047508,True
TECH,2018-08-10,2018,9,40,0.34343431689153925,34,False,58.10526315789457,-0.3484484446299061,True
TECH,2021-09-16,2021,2,5,0.41782739214015385,6,True,61.5,-0.3777398107142055,True
TEL,2010-04-09,2010,4,20,0.3625619599324752,16,False,18.73684210526335,-0.2534396453157324,False
TEL,2017-11-14,2017,9,50,0.28192213246061915,78,True,20.684210526315837,-0.2921745391082875,False
TEL,2021-01-21,2021,2,20,0.515902761933362,140,True,-93.0263157894733,-0.19872053897051578,False
TER,2010-04-23,2010,1,0,0.3183672644545221,1,True,144.52631578947376,-0.3145040386594321,True
TER,2016-12-22,2016,7,45,0.353891801395144,147,True,-78.05263157894751,-0.11358711612715156,False
TER,2017-04-05,2017,4,35,0.4981951775128022,151,True,-71.78947368421086,-0.25564261047377235,False
TER,2020-01-24,2020,1,0,0.2938297918538606,115,True,-8.75,-0.15207026284577274,False
TER,2025-12-05,2025,15,95,1.3597778392627382,140,True,-49.4736842105267,-0.33984373743453655,True
TER,2026-06-30,2026,1,0,1.4345154449496622,0,False,101.90789473684254,-0.33984373743453655,True
TEX,2006-06-08,2006,1,0,0.37498019895436263,116,True,-22.84210526315792,-0.05501738820126645,False
TEX,2007-06-28,2007,1,0,0.25830989900711643,11,True,64.0,-0.4774248625470705,True
TEX,2020-12-14,2020,4,30,0.7594217933604779,105,True,-18.684210526315837,-0.2761260298240763,False
TEX,2021-05-17,2021,1,0,0.9883589978213285,0,False,55.5263157894733,-0.2761260298240763,False
TFC,2017-01-09,2017,3,10,0.341543302202298,35,True,22.10526315789457,-0.15614768390809564,False
TFC,2018-03-13,2018,1,0,0.25684858774436803,49,True,10.802631578947512,-0.24486725486291883,False
TFIN,2016-12-30,2016,8,45,0.6222083286053885,139,True,-54.29605263157919,-0.06540446362925711,False
TFIN,2020-01-24,2020,4,15,0.2793650551447793,8,False,50.6513157894733,-0.5486952081640925,True
TFIN,2020-12-21,2020,2,5,1.0450752033523485,79,True,-13.440789473684163,-0.26513267973695986,False
TFIN,2021-04-05,2021,5,20,1.8138120130588686,139,True,-97.94736842105249,-0.4533724701322911,True
TFX,2005-09-13,2005,4,15,0.35821640906441665,14,False,62.9736842105263,-0.2802173741596332,False
TFX,2007-07-06,2007,3,10,0.2891148811481483,8,False,35.28947368421052,-0.4381004962607401,True
TFX,2010-01-12,2010,2,15,0.37337055587110757,67,True,-33.381578947368325,-0.2631712607783996,False
TFX,2016-08-23,2016,1,0,0.38389272413872266,11,True,67.88157894736833,-0.2598355396701185,False
TFX,2017-10-10,2017,4,25,0.2254522975695843,75,True,-10.26315789473665,-0.2048193924341939,False
TGT,2018-10-01,2018,1,0,0.2934021342484425,0,False,117.23684210526335,-0.30329922524114095,True
TGT,2021-03-26,2021,2,5,0.3322369192223251,94,True,14.75,-0.27280140825975163,False
TGT,2021-06-08,2021,10,45,0.3523653301927814,113,True,4.631578947368325,-0.47265155526139424,True
THC,2013-03-19,2013,2,5,1.0479517046529185,39,True,8.5,-0.22375635447235886,False
THC,2022-04-21,2022,1,0,0.3201827289338359,0,False,212.5,-0.5673243245384467,True
THC,2024-07-23,2024,1,0,0.7036853817710524,76,True,-3.1710526315791867,-0.34482553487478007,True
THO,2017-02-14,2017,2,5,0.40455467397590117,13,True,46.473684210526244,-0.22271557545312104,False
THRM,2007-05-16,2007,9,50,0.8076463944217003,155,True,-87.96052631578948,-0.7224566292794738,True
THRM,2014-05-13,2014,3,10,0.7333622823338946,84,True,-56.10526315789457,-0.36805424152225097,True
THRM,2018-09-10,2018,2,5,0.42814367017260935,8,True,49.33552631578959,-0.25473041849594913,False
THRM,2021-01-21,2021,5,25,0.7799695403087299,143,True,-48.657894736842536,-0.2569493472198646,False
TILE,2011-04-27,2011,1,0,0.3361624641654126,49,True,-24.526315789473756,-0.5126671066155983,True
TILE,2013-03-12,2013,1,0,0.337226010435834,6,True,4.197368421052488,-0.1957727848777846,False
TJX,2009-08-12,2009,1,0,0.656374600919188,50,True,5.328947368421041,-0.10111450311780479,False
TJX,2009-09-24,2009,2,5,0.40197891404384567,122,True,-57.16447368421041,-0.08390707587790436,False
TJX,2011-12-06,2011,19,110,0.2738341963619264,184,True,-77.68421052631584,-0.1322716301232647,False
TJX,2012-08-23,2012,3,10,0.2739266055222538,4,False,149.15789473684208,-0.1322716301232647,False
TJX,2013-12-03,2013,4,25,0.25516574514163226,26,True,47.94736842105249,-0.18014648487120788,False
TJX,2018-06-28,2018,12,65,0.24937989494138635,76,True,-0.9671052631579187,-0.2555619977862703,False
TJX,2025-09-11,2025,2,5,0.22885995223745415,119,True,89.55263157894751,-0.12654394431231986,False
TKO,2013-07-05,2013,6,25,0.358135211175292,145,True,-97.82894736842081,-0.551321433337977,True
TKO,2014-01-31,2014,9,45,1.3887710662644341,33,False,117.0,-0.6556227259880035,True
TKO,2017-12-28,2017,7,40,0.49080859913482544,144,True,-78.73684210526335,-0.26316660173784456,False
TKO,2018-05-09,2018,13,65,0.6039150794656747,99,True,-24.39473684210543,-0.36224558086999015,True
TKO,2025-02-20,2025,1,0,0.3884557995539162,120,True,-50.5263157894733,-0.07384419311581125,False
TKR,2021-01-06,2021,4,15,0.8778248367140666,84,True,-32.91447368421086,-0.2918857326635931,False
TLN,2024-04-25,2024,5,20,0.840571612211306,138,True,-58.0,-0.20777172816688427,False
TLN,2024-07-16,2024,1,0,1.0800000567768895,100,True,-31.842105263157464,-0.2585219424792645,False
TLN,2024-09-18,2024,11,55,0.965747175545528,103,True,-29.052631578947512,-0.3379797769999576,True
TLN,2025-01-14,2025,1,0,0.6902003232788398,113,True,-43.5263157894733,-0.11373708985986175,False
TLN,2025-09-18,2025,2,15,0.9745601235098464,14,False,61.230263157895024,-0.32045127465170264,True
TMDX,2023-07-12,2023,1,0,0.6552301859983187,4,True,139.68421052631584,-0.6175705028086289,True
TMO,2006-04-11,2006,3,10,0.18193828385520838,130,True,-80.78947368421052,0.0,False
TMO,2010-04-30,2010,1,0,0.22030906277035633,1,True,144.52631578947376,-0.2408074451697152,False
TMO,2013-02-19,2013,9,40,0.3088630539474131,147,True,-74.9605263157896,-0.04583549685789989,False
TMO,2013-05-22,2013,1,0,0.41094878116807343,111,True,-75.60526315789457,-0.022962847908407857,False
TMO,2013-09-23,2013,1,0,0.2537279143447899,114,True,36.0,-0.13088326528053162,False
TMO,2013-12-24,2013,12,55,0.3159920381360939,49,False,93.5,-0.13088326528053162,False
TMO,2020-02-14,2020,1,0,0.2425742027919333,119,True,17.90789473684208,-0.034770133810198,False
TMO,2022-01-03,2022,1,0,0.24836560623098625,0,False,52.69736842105249,-0.2224238671186768,False
TMP,2017-01-17,2017,4,15,0.29960135410527955,6,False,56.43421052631584,-0.21259217247748974,False
TMUS,2011-01-18,2011,2,5,0.4176795406699685,84,True,23.17105263157896,-0.5981807416574071,True
TMUS,2011-03-30,2011,9,40,0.5557672131057254,34,False,35.473684210526244,-0.5981807416574071,True
TMUS,2013-08-12,2013,1,0,0.4943242527574334,98,True,-24.51315789473665,-0.1646849522275433,False
TMUS,2020-12-08,2020,6,30,0.2586253289385867,149,True,-87.81578947368416,-0.31752845695381415,True
TMUS,2024-12-06,2024,2,5,0.3650119120556561,56,True,-17.7763157894733,-0.2579151212900237,False
TMUS,2025-04-11,2025,1,0,0.22811257832910514,2,True,80.89473684210498,-0.2593281145862195,False
TNC,2006-01-06,2006,4,20,0.4945940374503599,17,False,61.05921052631578,-0.2141591175229548,False
TNC,2007-06-21,2007,1,0,0.32169774238511195,67,True,5.105263157894797,-0.3518704448943668,True
TNC,2007-09-10,2007,7,30,0.24020590455239366,12,False,29.0526315789474,-0.3518704448943668,True
TNC,2013-10-14,2013,6,25,0.46216188725937957,51,True,38.901315789473756,-0.15207586629646996,False
TNC,2024-04-18,2024,1,0,0.5110574674335291,3,True,75.48684210526335,-0.31900675976035786,True
TNDM,2018-06-26,2018,7,30,8.493975622131257,55,True,35.0,-0.4440101273991144,True
TNDM,2021-12-30,2021,1,0,0.5564665098671573,0,False,57.43421052631584,-0.7118778185759376,True
TNL,2010-03-02,2010,1,0,0.5012494444616562,37,True,50.5,-0.2668657427982657,False
TNL,2010-05-05,2010,1,0,0.503445346505262,120,True,-57.5,-0.06693455040615615,False
TNL,2012-04-27,2012,2,5,0.5587809201384151,120,True,-55.19736842105249,-0.11173716303177705,False
TNL,2017-06-21,2017,4,15,0.34948376745118903,135,True,-68.0263157894733,-0.2311686045713377,False
TNL,2021-03-17,2021,1,0,0.9559618660864035,41,True,12.947368421052488,-0.2798111833540535,False
TOL,2012-10-26,2012,1,0,0.3314960975463117,59,True,47.25,-0.2074775727615531,False
TOL,2017-10-24,2017,2,5,0.23162663972408626,60,True,64.4736842105267,-0.38641259831648744,True
TOL,2023-07-03,2023,3,10,0.5776263676493303,115,True,-38.0263157894733,-0.08560676080419649,False
TOL,2024-09-18,2024,3,15,0.24062932825484773,48,True,135.15789473684254,-0.4596891087266495,True
TPC,2005-11-30,2005,1,0,0.6720466288341087,86,True,-42.4473684210526,-0.36450079410025615,True
TPC,2007-07-06,2007,3,10,1.1909464329447728,11,True,67.48684210526312,-0.6257951896290107,True
TPC,2013-04-10,2013,1,0,0.5391156560845893,120,True,-45.0,-0.04408998748104087,False
TPL,2007-02-12,2007,6,25,0.650685226025375,96,True,10.184210526315837,-0.4892803696033169,True
TPL,2012-05-15,2012,5,20,0.3816582132375965,64,True,4.289473684210634,-0.14526221562164987,False
TPL,2014-04-29,2014,2,5,0.45423775381119036,89,True,-32.94736842105249,-0.5387525877966381,True
TPL,2014-08-21,2014,3,10,0.44655613266309735,9,False,73.89473684210543,-0.5387525877966381,True
TPL,2022-11-02,2022,8,35,0.6598594127486637,3,False,49.53289473684163,-0.5250348379641914,True
TPL,2024-09-04,2024,1,0,0.6180901941186487,57,True,18.0,-0.5041169987150445,True
TPL,2024-11-06,2024,6,25,1.399949302128276,12,False,43.46052631579005,-0.5041169987150445,True
TPR,2016-04-22,2016,2,10,0.3662296559772349,69,True,-6.664473684210861,-0.19801673080353,False
TPR,2021-01-13,2021,2,5,1.4272465752756363,79,True,-25.809210526315837,-0.24645072595421702,False
TPR,2025-02-20,2025,1,0,1.1621853082720919,120,True,-95.92105263157919,-0.15713910858521318,False
TR,2013-06-13,2013,1,0,0.23861573152415616,34,True,25.802631578947512,-0.17552087139486883,False
TR,2015-03-13,2015,4,15,0.2338403966418039,6,False,36.368421052631675,-0.12159815111342898,False
TR,2025-09-11,2025,5,20,0.27352732411011593,140,True,7.105263157895024,-0.17018430180010014,False
TREX,2017-12-20,2017,1,0,0.5965532532642099,116,True,-42.51315789473665,-0.1706373589641964,False
TREX,2021-09-01,2021,1,0,0.30416912579863364,70,True,136.0526315789475,-0.6643445857327495,True
TRGP,2013-12-30,2013,26,165,0.3495986724865596,118,False,17.85526315789457,-0.4262451589835641,True
TRGP,2018-10-18,2018,1,0,0.231535346438823,1,True,74.0,-0.38597158043694757,True
TRGP,2021-06-25,2021,1,0,0.698479826520733,94,True,-25.052631578947512,-0.15303470061644409,False
TRGP,2022-03-14,2022,6,25,0.4778875835185459,59,True,156.0,-0.29982589838360996,False
TRGP,2024-11-25,2024,6,35,0.7583296769612573,36,True,42.256578947368325,-0.2689964411546035,False
TRGP,2025-03-25,2025,1,0,0.3561273255354298,6,True,200.0526315789475,-0.2805252163789471,False
TRIP,2013-09-24,2013,2,5,0.43592675857387664,112,True,-65.125,-0.36768779351456593,True
TRIP,2014-03-04,2014,5,20,0.44504521578184986,81,True,62.68421052631584,-0.3976045893264205,True
TRIP,2014-06-26,2014,5,20,0.3024631563485174,1,False,220.0526315789475,-0.3976045893264205,True
TRIP,2021-04-06,2021,1,0,1.8031008066753849,0,False,93.75,-0.5558628427891147,True
TRIP,2024-04-12,2024,1,0,0.6526575566605131,10,True,65.0,-0.5282331712446043,True
TRMB,2007-10-08,2007,3,10,0.5594353426174166,11,True,136.6973684210526,-0.4459930126795931,True
TRMB,2011-04-05,2011,1,0,0.4433220961740427,0,False,65.26315789473688,-0.369751185177676,True
TRMB,2017-07-17,2017,2,5,0.2029078715505801,125,True,-49.4736842105267,-0.2530536920186228,False
TRMB,2017-11-14,2017,1,0,0.1984910137641278,46,True,28.802631578947512,-0.28105593320793687,False
TRMB,2021-02-26,2021,1,0,0.4095057327069107,118,True,-33.855263157895024,-0.29462700239841466,False
TRMB,2021-08-04,2021,1,0,0.22847032905708997,18,True,113.25,-0.3571876515397635,True
TRMB,2021-09-09,2021,2,5,0.26161925489299276,1,False,151.5,-0.34458883064084556,True
TRMK,2016-09-14,2016,1,0,0.23398153489734996,61,True,10.315789473684163,-0.18815927548306943,False
TRN,2011-03-29,2011,1,0,0.6006294527348761,20,True,72.17105263157896,-0.47013031176630793,True
TRN,2014-03-31,2014,2,5,0.6035478593596102,120,True,-74.47368421052624,-0.5043137283837364,True
TRN,2014-05-20,2014,1,0,0.4465446738178602,85,True,5.460526315789593,-0.5043137283837364,True
TRN,2014-06-25,2014,2,10,0.5664239038469245,60,True,86.71052631578914,-0.5043137283837364,True
TRN,2014-09-05,2014,2,10,0.3068436404507502,10,False,113.15789473684208,-0.5043137283837364,True
TRN,2017-10-31,2017,1,0,0.21380704106420256,40,True,18.35526315789457,-0.1726827079929345,False
TRNO,2016-08-16,2016,1,0,0.2672441591026493,97,True,-22.0,-0.08677704869858283,False
TRNO,2017-05-25,2017,4,35,0.2297317581653926,127,True,2.0789473684208133,-0.15706425385078693,False
TRNO,2019-07-19,2019,3,20,0.3010209593049247,140,True,-31.25,-0.2688519139652893,False
TRNO,2019-10-28,2019,7,30,0.23848180655121776,76,True,9.526315789473756,-0.30698638968277103,True
TROW,2018-06-21,2018,1,0,0.21304405756180866,23,True,78.31578947368416,-0.30987336790875153,True
TROW,2020-02-07,2020,2,5,0.26956048302418667,124,True,-112.25657894736833,-0.10933354940566709,False
TROW,2021-04-26,2021,2,15,0.23677304758592466,89,True,-51.53289473684163,-0.4771766997443191,True
TROW,2021-06-22,2021,10,60,0.3184036793128995,49,False,18.894736842104976,-0.4771766997443191,True
TRST,2013-12-24,2013,1,0,0.38547015361499515,1,True,43.473684210526244,-0.15612380865110342,False
TRST,2026-06-23,2026,9,40,0.2578877670683508,24,False,50.21052631578914,-0.05382486459078817,False
TRU,2017-11-02,2017,12,55,0.30087625040435473,175,True,-89.44078947368416,-0.2964896445695877,False
TRUP,2020-12-22,2020,2,20,1.9516441012938612,31,True,37.71710526315792,-0.4186985334635739,True
TRV,2013-04-03,2013,3,10,0.23844582922339752,118,True,-103.0,-0.07112676587233702,False
TRV,2026-08-12,2026,2,5,0.2493251458167074,8,True,62.7236842105267,-0.004021023568910431,False
TSCO,2010-05-07,2010,3,10,0.37672955189365886,128,True,-4.315789473684163,-0.03134343000191264,False
TSCO,2011-02-14,2011,1,0,0.5421156257730992,99,True,-48.6052631578948,-0.2588703321644015,False
TSCO,2011-04-05,2011,2,5,0.5927755813563644,64,True,-36.33552631578959,-0.2588703321644015,False
TSCO,2011-06-16,2011,1,0,0.2834003029915484,106,True,-14.618421052631675,-0.10238715141629284,False
TSCO,2011-12-06,2011,1,0,0.23241174189407454,118,True,24.5,-0.21722477905875337,False
TSCO,2013-12-03,2013,4,30,0.3397445705708795,19,False,49.81578947368416,-0.2241677247852205,False
TSLA,2020-03-03,2020,2,5,2.304419260273198,124,True,-58.605263157895024,-0.26251256485879926,False
TSLA,2021-01-29,2021,2,15,1.667345751455275,2,False,108.46052631579005,-0.35494216314070604,True
TSN,2007-06-07,2007,5,20,0.34066342969861707,10,False,125.0,-0.44670911672622016,True
TSN,2013-07-12,2013,7,30,0.35445147686227707,150,True,-42.5,-0.0648937210173538,False
TSN,2016-04-15,2016,2,5,0.48284815765568045,111,True,33.605263157895024,-0.2654055053317287,False
TSN,2017-12-20,2017,2,5,0.3273660695681029,12,True,54.151315789473756,-0.2945614225179294,False
TSN,2022-03-02,2022,1,0,0.22325746943147173,34,True,41.0,-0.3710991361906645,True
TT,2007-06-28,2007,4,15,0.44518643218496456,13,False,33.31578947368416,-0.33844649911393687,True
TT,2013-08-02,2013,1,0,0.20299506121886468,115,True,-33.94736842105249,-0.13138973640176244,False
TT,2013-09-30,2013,10,90,0.20540997120373472,203,True,-125.10526315789502,-0.16596647612938042,False
TT,2021-03-19,2021,8,50,0.3239698917725855,94,True,-21.960526315790048,-0.3014771047468444,True
TT,2021-07-07,2021,2,10,0.30937081549025147,19,True,64.05921052631584,-0.3014771047468444,True
TT,2024-07-23,2024,1,0,0.37315312185945904,89,True,61.0,-0.2443565287722843,False
TT,2024-09-25,2024,9,50,0.30205793504363543,166,True,-56.92105263157919,-0.13330402771322414,False
TTC,2010-04-30,2010,2,5,0.5334580994558715,1,False,83.27631578947376,-0.18482920772032685,False
TTC,2012-07-19,2012,1,0,0.24984138378228637,94,True,5.736842105263122,-0.06953669575414279,False
TTC,2013-02-19,2013,3,20,0.2522388072785453,140,True,-82.10526315789457,-0.005787704550848094,False
TTC,2013-08-23,2013,1,0,0.22799247708488202,120,True,5.0,-0.14127831185571105,False
TTC,2013-09-30,2013,8,40,0.19653343827086567,110,True,24.868421052631675,-0.1529539679408779,False
TTC,2014-01-02,2014,2,5,0.3710693931714495,45,True,31.151315789473756,-0.1529539679408779,False
TTC,2014-03-10,2014,1,0,0.26627895046768213,0,False,129.60526315789457,-0.1529539679408779,False
TTC,2016-12-30,2016,5,20,0.276902594611379,116,True,-6.921052631578732,-0.18390804254244975,False
TTC,2017-03-08,2017,1,0,0.25109339640633865,106,True,-49.94736842105249,-0.19405664236926468,False
TTC,2017-06-02,2017,7,35,0.31297984441140114,46,True,49.78947368421041,-0.19405664236926468,False
TTC,2021-03-12,2021,1,0,0.252077803705437,39,True,32.644736842104976,-0.19280514342558963,False
TTC,2021-04-19,2021,4,15,0.30039872564977954,14,False,67.94078947368416,-0.19280514342558963,False
TTD,2020-12-21,2020,2,5,1.281613666409581,1,False,78.73684210526335,-0.49583986190538143,True
TTD,2025-01-06,2025,1,0,0.27755348699822746,0,False,96.7763157894733,-0.6529467556509534,True
TTEK,2016-12-08,2016,4,15,0.44762695130464514,125,True,-38.026315789473756,-0.14519597359748782,False
TTEK,2018-07-06,2018,9,50,0.24576992824959376,88,True,68.25,-0.32663470267500594,True
TTEK,2021-04-05,2021,1,0,0.44453268847953087,107,True,-0.75,-0.18331063232287992,False
TTMI,2017-02-22,2017,2,10,0.6359176410944363,106,True,-7.282894736842081,-0.33866805035597114,True
TTMI,2017-06-23,2017,3,20,0.2855144078566747,21,True,128.73684210526335,-0.33866805035597114,True
TTMI,2020-01-31,2020,1,0,0.23413383633247276,3,True,67.65789473684208,-0.4137930903639304,True
TTMI,2026-01-28,2026,14,105,1.0195794917411254,99,False,13.105263157895024,-0.5404795408762887,True
TTWO,2016-11-09,2016,39,260,0.35023419024038804,307,True,-75.55263157894751,-0.25294072297051895,False
TTWO,2023-08-08,2023,1,0,0.3275862318191147,117,True,-50.68421052631584,-0.19483680611901888,False
TTWO,2025-10-16,2025,1,0,0.22625363515036123,2,True,148.0,-0.27679287711442335,False
TWLO,2019-03-22,2019,3,10,0.5630504945848978,87,True,-11.73684210526335,-0.5218406241582607,True
TXN,2009-08-19,2009,1,0,0.6204668077491322,75,True,-12.105263157894797,-0.15771570287077563,False
TXN,2017-10-24,2017,1,0,0.20367063885262504,61,True,124.65789473684208,-0.1809118662924134,False
TXN,2017-12-06,2017,4,15,0.16476240785158258,31,True,101.23684210526335,-0.1809118662924134,False
TXN,2021-02-11,2021,2,5,0.30988252378299164,35,True,-15.657894736842081,-0.09828468771506171,False
TXN,2021-04-05,2021,1,0,0.3770437803254014,120,True,-25.592105263157464,-0.17172614962767452,False
TXNM,2011-06-16,2011,1,0,0.33910811255235496,116,True,-78.30263157894728,-0.10832050295343532,False
TXNM,2011-07-22,2011,1,0,0.2767307120052287,91,True,-80.67105263157896,-0.10832050295343532,False
TXNM,2014-04-14,2014,1,0,0.1890539565243583,54,True,102.25,-0.1799176929673849,False
TXNM,2025-07-09,2025,1,0,0.167123965543702,117,True,-86.73684210526335,-0.030242577036438734,False
TXRH,2013-07-19,2013,1,0,0.3821234517971792,70,True,-1.5131578947366506,-0.17594589370166458,False
TXRH,2014-12-22,2014,6,25,0.25556948659958567,145,True,-80.23026315789502,-0.12527989573337062,False
TXRH,2018-08-24,2018,1,0,0.17221843589485109,9,True,175.34210526315792,-0.29438496470921294,False
TXRH,2021-02-19,2021,1,0,0.4516183345389635,50,True,40.46052631578914,-0.2409069793230071,False
TXRH,2021-04-05,2021,6,30,0.5142993612614679,20,False,41.7763157894733,-0.2409069793230071,False
TXT,2021-06-15,2021,1,0,0.44312313574176465,101,True,-28.171052631579187,-0.2513032863329182,False
TXT,2021-10-14,2021,1,0,0.25062816897809403,59,True,91.0,-0.2592505994963066,False
TYL,2006-04-26,2006,1,0,0.35308636073894917,120,True,-54.67105263157896,-0.15785714558192665,False
TYL,2012-12-27,2012,15,95,0.22887232924648893,208,True,-136.68421052631584,-0.2466296384893587,False
TYL,2013-07-05,2013,4,15,0.44924574977343923,134,True,-67.02631578947376,-0.2937459383985064,False
TYL,2013-09-23,2013,10,75,0.45893647110061786,79,True,29.914473684210407,-0.2937459383985064,False
TYL,2018-04-18,2018,2,15,0.2562088987509936,96,True,-32.480263157895024,-0.3068181659166964,True
TYL,2020-01-31,2020,2,5,0.3112947556226142,84,True,-65.84210526315792,-0.14981972649659625,False
UA,2020-12-04,2020,5,20,0.45107627556036056,103,True,-25.368421052631675,-0.23568384950450005,False
UA,2021-04-30,2021,1,0,0.7075471790705945,71,True,13.144736842104976,-0.41780820903705285,True
UAA,2010-10-25,2010,2,5,0.40087715726981443,124,True,-82.3552631578948,-0.32790017063884835,True
UAA,2010-12-07,2010,4,35,0.8395990313393753,154,True,-77.19078947368416,-0.3594660460932084,True
UAA,2011-03-25,2011,5,20,0.4646038200644931,79,True,39.15789473684208,-0.3594660460932084,True
UAA,2011-06-21,2011,1,0,0.2863883161880809,90,True,122.5,-0.179186089094295,False
UAA,2020-12-03,2020,6,35,0.5315314788979375,104,True,-25.184210526315837,-0.2636114872141526,False
UAA,2021-04-29,2021,1,0,0.7856620125220855,72,True,12.144736842104976,-0.46332946534583697,True
UAL,2016-12-30,2016,4,15,0.7616630199438501,105,True,-30.065789473684163,-0.3026941166141299,True
UAL,2018-10-01,2018,1,0,0.2662234068360432,43,True,15.289473684210407,-0.19865563278926102,False
UCB,2013-09-16,2013,1,0,0.35236363516197655,80,True,3.1578947368420813,-0.1892612342294585,False
UCB,2014-01-02,2014,2,5,0.3427266385894865,54,True,44.94736842105249,-0.2336681944581116,False
UCTT,2010-03-18,2010,1,0,0.606822178354727,99,True,-5.776315789473756,-0.36305731157555854,True
UCTT,2014-03-10,2014,1,0,1.1464872247913696,6,True,35.84210526315792,-0.5033556855824025,True
UCTT,2016-10-05,2016,3,15,0.47524743126416236,122,True,-41.80263157894751,-0.10136342067301252,False
UCTT,2016-12-01,2016,7,35,0.6205733448342492,129,True,-46.82894736842127,-0.3380989290472919,True
UCTT,2017-03-01,2017,11,70,0.9508868130389789,161,True,-41.78947368421041,-0.5467979975657123,True
UCTT,2017-07-17,2017,1,0,0.8686370819884282,66,True,84.0,-0.5467979975657123,True
UCTT,2017-09-19,2017,6,30,0.889853159616055,21,False,132.75,-0.5467979975657123,True
UDR,2010-05-07,2010,3,10,0.4286416018271537,127,True,-57.8552631578948,-0.10769206181688273,False
UDR,2011-02-14,2011,1,0,0.22833115347521105,110,True,43.552631578947285,-0.23470888241142174,False
UDR,2021-08-18,2021,2,20,0.2733759156578619,96,True,-39.256578947368325,-0.2950086449889613,False
UDR,2021-12-27,2021,1,0,0.21052514849549775,6,True,135.0526315789475,-0.2950086449889613,False
UDR,2024-09-25,2024,1,0,0.2822859212813027,107,True,-87.92105263157919,-0.24655666839270063,False
UE,2016-08-18,2016,1,0,0.2274983134678592,13,True,62.0,-0.17334606808565067,False
UE,2024-11-08,2024,1,0,0.3930563255652919,1,True,71.82894736842081,-0.2967690235114704,False
UFCS,2015-11-19,2015,4,15,0.3150313894089434,112,True,-64.5,-0.15455322313864583,False
UFCS,2016-03-24,2016,5,20,0.22782747209469578,27,True,71.42105263157919,-0.15455322313864583,False
UFCS,2026-07-22,2026,3,10,0.4257558965345476,11,True,60.842105263157464,-0.03895866334897502,False
UFPI,2019-11-04,2019,3,10,0.4087901548529258,73,True,-0.3684210526316747,-0.45749810260191415,True
UFPT,2014-01-02,2014,2,10,0.2762430960397464,118,True,-28.164473684210407,-0.2341284095694166,False
UFPT,2021-09-01,2021,1,0,0.2859005900808915,93,True,-78.32894736842081,-0.24440056230345386,False
UFPT,2022-08-09,2022,2,20,0.2477400074871512,80,True,103.81578947368416,-0.13548650270933948,False
UFPT,2023-05-11,2023,12,55,0.2666436882289791,45,False,55.131578947368325,-0.3275921712750771,True
UFPT,2024-09-18,2024,2,5,0.5764728389781744,2,False,88.29605263157919,-0.47874004008784554,True
UGI,2011-01-14,2011,1,0,0.24389017871125462,54,True,10.407894736842081,-0.23930365038964585,False
UGI,2013-03-05,2013,11,55,0.20711414984776377,104,True,-54.526315789473756,-0.11015542071522433,False
UGI,2014-05-28,2014,1,0,0.19951495030492028,116,True,-111.0,-0.17214947618847565,False
UGI,2014-07-10,2014,1,0,0.2616064315046498,119,True,-45.31578947368416,-0.19545493432883754,False
UGI,2014-10-31,2014,2,5,0.22107469019800297,39,True,75.60526315789457,-0.19545493432883754,False
UGI,2021-04-12,2021,6,40,0.23441610794022227,87,True,3.789473684209952,-0.30086727770474897,True
UHS,2013-07-19,2013,1,0,0.23328941123146274,120,True,-13.75,-0.11895864308556958,False
UHS,2013-10-07,2013,5,20,0.2405413484499166,69,True,66.0,-0.13292364373939292,False
UHS,2024-10-02,2024,2,5,0.29172847119214684,10,True,58.38815789473665,-0.3356436839259209,True
ULTA,2009-10-13,2009,4,30,1.2536325054443473,132,True,-81.14473684210543,-0.16246055918646973,False
ULTA,2010-11-30,2010,4,15,0.48156007291252334,135,True,85.0,-0.1756871029615792,False
ULTA,2011-03-11,2011,11,55,0.7462800955058855,166,True,-104.02631578947376,-0.1367187711080453,False
ULTA,2011-11-03,2011,4,20,0.3252743210162081,113,True,107.0,-0.12369192127256645,False
ULTA,2012-01-25,2012,11,70,0.21342770196069494,157,True,90.5,-0.27161711229448293,False
ULTA,2013-11-07,2013,3,10,0.3760034271855901,6,False,50.118421052631675,-0.38334351632291563,True
ULTA,2015-04-01,2015,5,25,0.27765082564938304,96,True,-33.5,-0.13414492855696514,False
ULTA,2015-12-16,2015,1,0,0.19676641989774235,120,True,92.5,-0.04933126373432506,False
ULTA,2016-04-27,2016,14,80,0.2560284166995004,82,True,148.0,-0.1729675375903006,False
UMBF,2016-12-08,2016,5,25,0.4347150423087851,55,True,42.43421052631584,-0.2127304903776276,False
UNF,2013-01-18,2013,11,50,0.2538538058595792,139,True,-64.0,-0.09069579086078927,False
UNF,2013-07-19,2013,2,15,0.23356164050883055,128,True,17.394736842104976,-0.17104486010001374,False
UNF,2016-10-05,2016,1,0,0.23135291039326566,46,True,-6.131578947368325,-0.14392627042105732,False
UNFI,2011-02-22,2011,8,45,0.2155345540073237,31,False,90.05263157894728,-0.28269400433202596,False
UNH,2013-08-16,2013,1,0,0.25651088644576636,98,True,-40.368421052631675,-0.08848554255219088,False
UNH,2015-01-07,2015,8,60,0.21746861999922684,130,True,-38.618421052631675,-0.12617204380697733,False
UNH,2017-08-21,2017,1,0,0.20534121213070766,109,True,-21.5,-0.14173225505715192,False
UNH,2017-10-24,2017,1,0,0.20313524170291464,64,True,31.39473684210543,-0.14173225505715192,False
UNH,2017-11-29,2017,9,60,0.25097297198309887,177,True,-99.76315789473665,-0.16843823026064275,False
UNM,2007-05-31,2007,2,5,0.3378391683610067,1,False,58.73684210526312,-0.23738251168782998,False
UNM,2013-02-19,2013,8,35,0.29114060063163394,114,True,-47.38815789473665,-0.1115497848375896,False
UNM,2013-07-12,2013,2,5,0.44213975694248386,116,True,-16.65789473684208,-0.12262653472258211,False
UNM,2013-11-18,2013,2,15,0.20243559087578533,75,True,78.02631578947376,-0.10532053095232452,False
UNM,2024-11-27,2024,5,20,0.47518855729272835,77,True,1.2894736842108614,-0.16830651425845478,False
UNP,2006-02-28,2006,6,30,0.29022676900587263,38,True,59.82894736842104,-0.1860202533515951,False
UNP,2013-05-15,2013,3,10,0.31193794331239144,55,True,-21.578947368421268,-0.07358472052532516,False
UNP,2014-03-31,2014,2,5,0.21042278853684704,118,True,-57.04605263157919,-0.10494624791485019,False
UNP,2014-10-24,2014,4,15,0.23067311793536693,75,True,-36.05263157894751,-0.34298933912317553,True
UNP,2014-12-22,2014,2,5,0.2186560150845258,35,True,43.026315789473756,-0.34298933912317553,True
UPBD,2019-05-22,2019,1,0,0.6203318926249335,107,True,-97.65789473684208,-0.5576999934807072,True
UPBD,2019-07-12,2019,1,0,0.6457723569125096,118,True,-53.0,-0.5777627574235287,True
UPBD,2021-02-11,2021,8,35,0.6569338734084638,137,True,-43.019736842104976,-0.6297425820525144,True
UPS,2014-01-09,2014,1,0,0.13159271628246572,98,True,-42.01315789473665,-0.08675996527904817,False
UPWK,2020-12-02,2020,1,0,1.7033056242349915,50,True,25.0,-0.3339761383467086,True
UPWK,2021-01-08,2021,1,0,1.363805876982418,118,True,-66.22368421052624,-0.6962025316455696,True
URBN,2018-06-21,2018,3,10,0.3490456638433348,37,True,14.973684210526244,-0.4271645647351521,True
URI,2006-03-28,2006,2,5,0.6521302777190296,29,True,30.86842105263156,-0.45967523079783823,True
URI,2011-02-14,2011,1,0,1.6892332664333813,35,True,29.144736842105203,-0.6154298102098996,True
URI,2013-03-19,2013,1,0,0.4166002641947959,95,True,-20.0,-0.09409588271110603,False
URI,2014-01-24,2014,6,30,0.43501801090460646,148,True,-78.95394736842081,-0.30440287705410574,True
URI,2014-05-06,2014,1,0,0.45010067960269384,82,True,5.5,-0.30738794831245086,True
URI,2014-07-10,2014,5,30,0.3669712578745359,97,True,-64.63157894736833,-0.46387159396272126,True
URI,2021-02-26,2021,4,25,0.6745314867852548,116,True,-60.2763157894733,-0.17758888436682485,False
USB,2016-12-30,2016,6,25,0.297697089658846,40,True,40.625,-0.11442344915870295,False
USLM,2016-12-30,2016,1,0,0.2756928836384187,77,True,-49.5,-0.07589169897622772,False
USLM,2021-02-11,2021,6,25,0.37928618781319656,18,False,39.13815789473665,-0.270101578484812,False
USLM,2024-05-09,2024,4,15,0.8838771741454441,133,True,-41.2236842105267,-0.40443700456109144,True
USLM,2024-07-16,2024,3,10,0.8194176870841585,94,True,-27.947368421052488,-0.4587454161005955,True
USLM,2024-09-11,2024,12,70,0.3515864740956596,54,False,64.15789473684163,-0.4587454161005955,True
USPH,2018-05-16,2018,11,100,0.3541964308998282,84,False,12.710526315789593,-0.22469448534569147,False
UTHR,2014-01-02,2014,4,20,0.6777610300444641,12,False,32.243421052631675,-0.24032101725619814,False
UTHR,2024-09-11,2024,1,0,0.40231704657778367,42,True,17.802631578947512,-0.3299999702267531,True
UTI,2024-03-20,2024,1,0,0.7639382381076931,88,True,-0.5,-0.2177046026491236,False
UTL,2007-08-10,2007,1,0,0.21895489900433351,18,True,35.02631578947364,-0.17895952961854522,False
UVV,2010-03-04,2010,2,5,0.46307978523158067,34,True,46.723684210526244,-0.35720022193330714,True
UVV,2010-04-16,2010,3,10,0.24410300231771864,4,False,63.5,-0.35720022193330714,True
V,2012-02-07,2012,9,55,0.35555812128692366,175,True,-102.63157894736833,-0.03308351365881057,False
V,2012-08-06,2012,1,0,0.2251186077540659,106,True,61.368421052631675,-0.04190596405934399,False
V,2012-11-01,2012,10,65,0.18173773616247946,182,True,-96.40789473684208,-0.10873329797994513,False
V,2013-03-28,2013,1,0,0.27555988376912754,82,True,30.368421052631675,-0.10873329797994513,False
V,2013-05-03,2013,9,60,0.2996283415798764,179,True,-45.05263157894751,-0.15158778125053962,False
V,2013-12-19,2013,4,55,0.20844646770836706,21,False,126.69736842105249,-0.1545372749527555,False
V,2017-10-26,2017,1,0,0.2077610902249758,62,True,-21.73684210526335,-0.09863818092559307,False
V,2018-01-17,2018,3,10,0.2542825104663382,128,True,-61.881578947368325,-0.13375478604643376,False
V,2018-06-04,2018,1,0,0.1858593020440633,83,True,42.0,-0.1912687834491804,False
V,2018-08-28,2018,2,20,0.18473945451111606,140,True,-98.94736842105249,-0.017779053772146836,False
VAC,2012-11-07,2012,3,20,0.2608543090464486,65,True,-1.0526315789472847,-0.16944080392173588,False
VAC,2014-12-16,2014,6,25,0.23497689459552507,132,True,-67.7894736842104,-0.4884455194351577,True
VAC,2015-03-23,2015,10,80,0.31726634917664764,67,False,107.2105263157896,-0.4884455194351577,True
VC,2013-11-01,2013,1,0,0.28576234663135414,104,True,-47.881578947368325,-0.06776651662651234,False
VC,2014-05-27,2014,1,0,0.20577511968277196,75,True,133.02631578947376,-0.2192261958879519,False
VC,2014-07-09,2014,1,0,0.21082074371642956,45,True,167.5,-0.2192261958879519,False
VC,2014-08-27,2014,2,10,0.2101796451642184,10,False,42.92763157894751,-0.2192261958879519,False
VC,2017-10-30,2017,3,20,0.23971722078359559,48,True,73.05263157894751,-0.31261709628929824,True
VCEL,2018-05-09,2018,2,10,2.104651113791749,127,True,37.07894736842127,-0.16091281307470173,False
VCEL,2021-02-04,2021,10,45,1.9202262220899007,99,True,-8.210526315790048,-0.5326647740006967,True
VCTR,2021-06-04,2021,1,0,0.3847806787969188,108,True,-97.80263157894751,-0.4521984527663051,True
VCTR,2021-07-12,2021,2,20,0.3988136688886812,83,True,-15.796052631578277,-0.4521984527663051,True
VCTR,2021-10-26,2021,3,10,0.338964203733519,8,False,103.25,-0.4521984527663051,True
VCTR,2024-04-30,2024,5,30,0.767253535307147,146,True,-38.5,-0.2806002608962316,False
VECO,2010-02-03,2010,2,5,0.734197022994324,55,True,38.91447368421041,-0.3989536893835668,True
VECO,2010-04-16,2010,3,15,0.8269816709173743,5,False,125.0,-0.3989536893835668,True
VECO,2017-01-24,2017,1,0,0.6044997845339655,65,True,1.3157894736841627,-0.6520468025420161,True
VEEV,2017-06-06,2017,4,25,0.5227695056085089,33,True,100.75,-0.17920657776955196,False
VEEV,2020-08-24,2020,1,0,0.7313950588428983,120,True,-45.0,-0.2418183503238409,False
VFC,2006-10-23,2006,6,30,0.22913144312664313,150,True,-75.19736842105272,-0.3056280222914982,True
VFC,2012-02-27,2012,3,25,0.35340167935632794,140,True,38.42105263157896,-0.10811487205599934,False
VFC,2013-07-12,2013,1,0,0.3356000764845062,120,True,15.065789473684163,-0.1024365124125165,False
VFC,2014-12-30,2014,2,10,0.19520353788174916,38,True,149.56578947368416,-0.16763383191511128,False
VFC,2018-01-22,2018,4,15,0.3892491350212013,129,True,-61.03947368421086,-0.2740369805014673,False
VFC,2018-08-17,2018,2,5,0.24214879628774866,32,True,59.18421052631584,-0.2776951294002987,False
VFC,2025-02-27,2025,1,0,0.40232865885125335,1,True,29.131578947368325,-0.6074592983743075,True
VIAV,2006-04-04,2006,1,0,0.8186048393110315,2,True,27.67105263157896,-0.5750605393223716,True
VIAV,2017-07-24,2017,1,0,0.2652607468296415,1,True,160.84210526315792,-0.2665504867560551,False
VIAV,2025-12-19,2025,3,10,0.8731809430490871,90,True,-10.0,-0.41749505737144543,True
VIAV,2026-03-26,2026,10,55,1.7977252195561952,25,False,40.131578947368325,-0.41749505737144543,True
VICI,2021-04-07,2021,1,0,0.23229930162043466,43,True,43.71052631578914,-0.17443434755583687,False
VICR,2016-12-30,2016,4,15,0.5009940110961804,110,True,-34.53947368421086,-0.16256154488104246,False
VICR,2017-07-17,2017,1,0,0.22330096128520482,55,True,10.065789473684163,-0.3186372953843082,True
VICR,2018-07-06,2018,2,10,1.3350124727145856,24,True,95.34210526315792,-0.5367924561120869,True
VICR,2026-04-24,2026,1,0,2.1894821824373585,45,True,24.144736842104976,-0.5187476832378557,True
VIRT,2024-09-16,2024,4,20,0.7104319588887988,97,True,17.868421052631675,-0.19480287404274577,False
VIRT,2025-01-17,2025,4,15,0.35368452408395146,123,True,1.3421052631583734,-0.2782718876248639,False
VIRT,2025-06-27,2025,3,10,0.27049236149395384,13,True,162.0,-0.2782718876248639,False
VLO,2026-04-02,2026,1,0,0.4739156904917261,94,True,-6.5,-0.024396452864310803,False
VLO,2026-08-19,2026,1,0,0.7509758166605118,2,True,130.10526315789502,-0.012440510577666264,False
VLTO,2024-10-02,2024,1,0,0.27762597139372214,12,True,8.98684210526335,-0.24727083295228303,False
VLY,2017-01-09,2017,1,0,0.28027968051790886,35,True,22.23684210526335,-0.14534476204053504,False
VMC,2007-02-12,2007,9,40,0.5235705551678056,53,True,-9.381578947368439,-0.44602867120753764,True
VMC,2014-03-24,2014,1,0,0.2537394069556922,6,True,54.92105263157873,-0.16697111443717016,False
VMI,2006-01-06,2006,4,15,0.3080178958495723,81,True,-22.71052631578948,-0.27806096111849143,False
VMI,2006-04-04,2006,5,25,0.430365112025481,135,True,-62.6973684210526,-0.13288221680927081,False
VMI,2007-06-21,2007,6,40,0.2944119594905801,129,True,86.0,-0.2697240196908016,False
VMI,2007-10-29,2007,1,0,0.510083548115752,116,True,-92.84210526315792,-0.6380356996011589,True
VMI,2011-04-05,2011,1,0,0.5170515984523887,70,True,-8.42105263157896,-0.3216667637488483,True
VMI,2013-03-26,2013,1,0,0.21547281044067823,0,False,71.97368421052624,-0.16998446114686128,False
VMI,2021-02-04,2021,4,40,0.6765632292229335,64,True,33.33552631578914,-0.15910991300777633,False
VMRK,2010-06-28,2010,1,0,0.2639377941473737,113,True,-9.57894736842104,-0.04037654945047309,False
VMRK,2011-02-14,2011,1,0,0.23614248638563407,110,True,102.5,-0.21564318466915033,False
VMRK,2011-05-11,2011,4,40,0.2442408135904779,50,True,24.539473684210407,-0.21564318466915033,False
VMRK,2024-09-25,2024,1,0,0.2503558284352949,45,True,-5.986842105263349,-0.18664376376018266,False
VNO,2007-02-20,2007,1,0,0.326897070195034,1,True,67.15789473684208,-0.26586983723701296,False
VNO,2014-05-13,2014,3,30,0.21254517142282414,146,True,-83.69736842105249,-0.16450407214078833,False
VNOM,2018-01-29,2018,3,15,0.5422428338202803,134,True,-106.0394736842104,-0.3780912591433052,True
VNOM,2024-05-02,2024,2,5,0.35007338380989905,119,True,-55.875,-0.2890320804796902,False
VOYA,2018-01-23,2018,3,10,0.43109017566889163,80,True,-6.513157894736651,-0.32760748183542865,True
VRSK,2012-03-16,2012,9,45,0.2857140385781771,158,True,-90.69736842105272,-0.06952268025730535,False
VRSK,2019-08-29,2019,1,0,0.273531738062591,117,True,-60.42105263157873,-0.29239865065728066,False
VRSN,2007-07-13,2007,2,5,0.37789512899718236,98,True,9.17105263157896,-0.2770171752869649,False
VRSN,2010-10-13,2010,9,60,0.1985100488317424,150,True,-39.868421052631675,-0.26200064388529265,False
VRSN,2011-02-14,2011,1,0,0.37217157231367715,65,True,56.052631578947285,-0.26200064388529265,False
VRSN,2011-04-12,2011,3,10,0.24923714836333333,25,True,2.8947368421052033,-0.26200064388529265,False
VRSN,2014-01-16,2014,2,5,0.3430689065833128,4,False,68.03947368421086,-0.2474788615562028,False
VRSN,2017-07-24,2017,11,85,0.24669480396492727,205,True,-131.84210526315792,0.0,False
VRSN,2018-06-07,2018,13,75,0.21433651612928184,195,True,-54.53947368421041,-0.023861723545264835,False
VRSN,2019-07-19,2019,1,0,0.31079430780770356,3,True,78.57894736842127,-0.3028498959555198,True
VRSN,2025-04-03,2025,6,25,0.364914043277097,78,True,5.815789473684163,-0.3020902187246727,True
VRSN,2025-07-09,2025,1,0,0.41304423545934443,13,True,93.25,-0.3020902187246727,True
VRT,2021-07-06,2021,7,30,0.4908208235181628,42,True,67.73684210526335,-0.6483431602307242,True
VRT,2024-02-20,2024,12,65,0.8267403131104654,184,True,-83.53947368420995,-0.5311266952871686,True
VRTS,2012-12-31,2012,13,60,0.5613221446442394,95,True,-27.828947368421268,-0.37334090268331765,True
VRTS,2021-02-08,2021,4,15,0.7340115266912219,132,True,-67.36184210526335,-0.42427023632421146,True
VRTS,2021-08-06,2021,2,5,0.301817048291551,69,True,83.5,-0.4967642912657487,True
VRTS,2021-09-27,2021,4,15,0.35708938618955943,34,True,119.0263157894733,-0.4967642912657487,True
VRTX,2006-01-06,2006,8,60,0.841083055211064,34,False,33.86184210526312,-0.33800905602210796,True
VSAT,2007-03-13,2007,1,0,0.22439763221621067,38,True,4.697368421052602,-0.39856736809728377,True
VSAT,2010-11-10,2010,1,0,0.22985789461016926,36,True,107.3552631578948,-0.3104503769536249,True
VSEC,2007-06-21,2007,7,30,1.2567265494343625,80,True,20.13157894736844,-0.6246966860021018,True
VSEC,2007-11-12,2007,1,0,0.9762413157946261,0,False,45.78947368421052,-0.5879430605561944,True
VSEC,2013-07-19,2013,2,5,0.8663568566316957,92,True,-29.96052631578914,-0.21487277619417133,False
VSEC,2024-08-13,2024,2,10,0.21824606260446866,65,True,26.381578947368325,-0.2545319431109121,False
VSEC,2026-01-13,2026,5,35,0.6584192633641168,148,True,5.552631578947512,-0.11898308579371497,False
VSH,2011-01-31,2011,1,0,0.8771336603445474,62,True,104.57894736842104,-0.5759956468553784,True
VSH,2017-01-17,2017,2,5,0.31030073472812036,125,True,-63.91447368421086,-0.04843311867107314,False
VSH,2017-10-24,2017,7,30,0.3157726551375626,59,True,84.02631578947376,-0.2683439750354396,False
VSH,2021-02-11,2021,3,10,0.34177847278853,50,True,30.0,-0.26273938148686393,False
VST,2023-09-13,2023,5,20,0.322286379090849,139,True,-46.5,-0.10981557222161564,False
VST,2024-01-08,2024,20,100,0.4968121907323577,219,True,-149.16447368420995,-0.3645958339751574,True
VST,2024-09-25,2024,2,5,0.7627574791830194,81,True,72.75,-0.4880427968591541,True
VSTS,2026-07-08,2026,5,20,1.2021773289954747,7,False,68.65789473684254,-0.230909116340406,False
VSXY,2025-11-28,2025,6,60,0.9486093170702405,173,True,-89.90789473684163,-0.16044814163916976,False
VTR,2006-10-02,2006,1,0,0.22061960888126264,87,True,40.8947368421052,-0.3238300970853484,True
VTR,2013-04-03,2013,8,35,0.2098243240201898,34,False,34.28947368421086,-0.31117106257443305,True
VTRS,2013-02-11,2013,2,5,0.24460755220890973,125,True,-48.58552631578914,-0.06534037141772897,False
VTRS,2013-09-16,2013,9,55,0.2695566831345373,116,True,-4.421052631578732,-0.2138111002491786,False
VTRS,2014-01-31,2014,9,65,0.33637494768784126,21,False,122.61842105263167,-0.2138111002491786,False
VTRS,2026-02-26,2026,3,10,0.4819387590840736,104,True,-25.71052631578914,-0.10190369589068482,False
VVV,2021-05-26,2021,6,25,0.4522429059218358,122,True,-61.375,-0.26156624164032516,False
VVX,2024-11-15,2024,1,0,0.22284235391544516,3,True,54.631578947368325,-0.31979942664766603,True
VYX,2011-02-14,2011,5,20,0.5641647713357716,110,True,-35.59210526315792,-0.2650024056147877,False
WAB,2005-10-04,2005,2,5,0.29054909115136507,95,True,-23.88157894736844,-0.2520317952282983,False
WAB,2011-05-04,2011,4,25,0.44568415437506825,4,False,98.0394736842104,-0.28041644077623484,False
WAB,2013-04-17,2013,1,0,0.2058637747822778,116,True,-47.71052631578959,-0.020395189625239563,False
WAB,2013-07-19,2013,22,165,0.26790395042545945,255,True,-118.9144736842104,-0.16206270097786013,False
WAB,2018-07-27,2018,1,0,0.3213171069260603,29,True,20.539473684210407,-0.44404403829792494,True
WAB,2024-06-24,2024,2,15,0.30045755145619935,116,True,-14.815789473684163,-0.21898271272112557,False
WAB,2024-09-25,2024,4,15,0.2668208883456291,86,True,53.40789473684163,-0.2355438164896445,False
WAFD,2010-01-20,2010,1,0,0.5079069681812896,65,True,22.5,-0.3462549840643204,True
WAFD,2016-12-15,2016,6,30,0.48192090425745615,46,True,29.88815789473665,-0.14312596381404252,False
WAL,2013-02-26,2013,6,40,0.4081629183411688,160,True,-43.28947368421086,-0.012602899214926078,False
WAL,2013-07-12,2013,10,50,0.4626085637899193,133,True,-40.105263157895024,-0.14500984699781483,False
WAL,2013-11-04,2013,9,40,0.4114094060294968,103,True,-51.15789473684208,-0.15678611107525098,False
WAT,2007-11-19,2007,8,35,0.26062595850552106,38,True,55.28947368421052,-0.3488918863648064,True
WAT,2021-03-05,2021,1,0,0.22743812342277114,113,True,-47.67105263157919,-0.29218630968884673,False
WAT,2021-08-18,2021,4,15,0.4271367793998513,14,False,57.9736842105267,-0.31980222138069936,True
WAY,2025-03-06,2025,1,0,0.5335594821620473,64,True,11.0,-0.47181730195062077,True
WBD,2007-09-28,2007,2,5,0.5081023838129719,5,False,102.76315789473688,-0.3163474678971835,True
WBD,2009-09-30,2009,3,10,0.6934347589833498,128,True,-118.0,-0.016464445617032086,False
WBD,2009-12-03,2009,1,0,0.3718505400024015,102,True,-18.84210526315792,-0.11128055907522827,False
WBD,2012-05-21,2012,1,0,0.22495088480681358,103,True,-28.0,-0.10812993326904463,False
WCC,2013-03-26,2013,1,0,0.18684517984769466,117,True,-56.276315789473756,-0.060247105013863766,False
WD,2019-12-23,2019,1,0,0.2939843696095161,33,True,48.381578947368325,-0.6849282052190759,True
WDAY,2013-10-21,2013,2,5,0.3657470084243586,88,True,17.493421052631675,-0.4192431207269246,True
WDAY,2019-06-06,2019,3,30,0.21638853932198043,24,False,99.42105263157873,-0.4923316932799763,True
WDC,2014-02-24,2014,1,0,0.32635806144850044,112,True,-60.35526315789457,-0.16306338873104587,False
WDC,2017-06-09,2017,3,10,0.2605683782278192,28,True,76.47368421052624,-0.1838013228503681,False
WDC,2024-05-16,2024,3,20,0.6154349314379581,36,True,41.96052631578914,-0.331574962733588,True
WDC,2025-11-13,2025,4,15,2.168565210840543,135,True,-94.53947368420995,-0.2046627056868927,False
WDC,2026-01-13,2026,3,10,2.175202260152487,108,True,-33.0,-0.4180078539324299,True
WDC,2026-03-19,2026,3,15,2.1438144255757567,63,True,30.157894736842536,-0.4180078539324299,True
WDC,2026-06-01,2026,6,25,2.4671023566633132,13,False,35.5526315789466,-0.4180078539324299,True
WDFC,2012-07-12,2012,1,0,0.2073171888960479,60,True,85.65789473684208,-0.1397073741737006,False
WDFC,2012-10-05,2012,1,0,0.2052586533567229,98,True,-40.368421052631675,-0.057936859173451816,False
WDFC,2013-11-04,2013,6,45,0.293037760104925,101,True,-11.197368421052488,-0.14196554099964753,False
WDFC,2018-06-14,2018,15,70,0.2851514926201588,143,True,-76.15789473684208,-0.14334837630597652,False
WDFC,2019-01-04,2019,1,0,0.21118119871033336,3,True,128.57894736842127,-0.14334837630597652,False
WEC,2006-12-05,2006,4,15,0.20403271319446903,89,True,-34.92105263157896,-0.15442219722790373,False
WEC,2012-06-13,2012,1,0,0.2098636353419303,24,True,63.5,-0.11104468469581197,False
WEC,2012-07-19,2012,2,5,0.22878943648163075,0,False,45.723684210526244,-0.10931827603518618,False
WEC,2019-07-19,2019,6,25,0.2356803348159533,145,True,-65.26315789473665,-0.3041131333685706,True
WELL,2013-04-03,2013,7,35,0.22482632859525764,34,False,33.89473684210543,-0.3179065709733141,True
WELL,2015-02-05,2015,3,10,0.3039553544822018,0,False,94.14473684210543,-0.2216459072224659,False
WELL,2024-07-30,2024,15,75,0.3040087565169165,147,True,-34.368421052631675,-0.12986111629885166,False
WELL,2025-03-06,2025,2,20,0.23198930132344442,138,True,-62.67105263157828,-0.038307660114240916,False
WELL,2025-11-13,2025,6,40,0.3116249395323496,159,True,-29.0,-0.048739442058893356,False
WELL,2026-04-10,2026,1,0,0.2364906702092251,72,True,-51.07894736842081,-0.10338403109287586,False
WELL,2026-06-30,2026,3,15,0.21661302969875318,17,True,124.44736842105249,-0.10338403109287586,False
WEN,2013-08-16,2013,1,0,0.49693389456721637,108,True,-48.19736842105249,-0.13242543104021398,False
WEN,2013-09-23,2013,4,15,0.4865954476687777,107,True,-60.848684210526244,-0.24026311615833218,False
WEX,2011-05-05,2011,1,0,0.402695020836511,3,True,84.5,-0.362664310313758,True
WEX,2018-02-28,2018,2,10,0.3945356772734745,102,True,-6.407894736842081,-0.33875349120464926,True
WEX,2018-05-10,2018,2,5,0.40565514094278576,98,True,-2.572368421052488,-0.34573615412684666,True
WEX,2018-06-22,2018,6,25,0.38610147842617115,68,True,-20.269736842104976,-0.34573615412684666,True
WFC,2013-08-09,2013,1,0,0.2577200571462881,113,True,-20.828947368421268,-0.04799643245710328,False
WFRD,2025-12-10,2025,1,0,0.5680380784507484,108,True,-81.55263157894751,-0.2981512086692274,False
WFRD,2026-02-17,2026,4,30,0.8604127570830153,63,True,-10.072368421052488,-0.2981512086692274,False
WGO,2013-01-28,2013,6,40,0.9238370584285196,131,True,-74.55263157894751,-0.17869508681620327,False
WH,2021-04-22,2021,1,0,0.4571748283137185,120,True,-111.84210526315746,-0.21799497123585998,False
WH,2021-05-27,2021,1,0,0.29493472317183356,113,True,-74.44736842105249,-0.24704819220432817,False
WH,2024-12-03,2024,6,40,0.4059410244704931,52,True,18.822368421053397,-0.3438628375183318,True
WHD,2022-02-18,2022,7,30,0.48165458536271166,41,True,177.15789473684254,-0.4337605708168679,True
WHR,2010-03-11,2010,2,5,0.3111346973918754,31,True,77.75,-0.35661228583171534,True
WHR,2010-04-23,2010,4,40,0.4386871161189898,1,False,104.59210526315792,-0.35661228583171534,True
WHR,2013-05-08,2013,4,15,0.27147043551006744,134,True,-20.25,-0.16010303318671126,False
WHR,2013-09-23,2013,2,5,0.2986944843432271,80,True,70.26315789473665,-0.20355803127261918,False
WHR,2013-11-04,2013,2,20,0.23708284993154827,50,True,61.05263157894751,-0.20355803127261918,False
WHR,2014-01-09,2014,2,5,0.3009748477060379,5,False,55.131578947368325,-0.20355803127261918,False
WINA,2012-01-27,2012,6,25,0.5442910208025291,5,False,60.55921052631584,-0.273593492258586,False
WINA,2021-12-10,2021,4,15,0.3665436009332741,0,False,110.26315789473665,-0.2739854269566224,False
WINA,2023-06-02,2023,2,5,0.4629679444746959,114,True,-47.75,-0.24309489346044688,False
WINA,2023-08-29,2023,1,0,0.3180706360000345,71,True,16.5,-0.24958481727756665,False
WINA,2023-10-11,2023,10,55,0.24233439969662118,41,False,95.84210526315837,-0.24958481727756665,False
WING,2018-04-02,2018,1,0,0.475812856466989,111,True,13.73684210526335,-0.1351422696579303,False
WING,2018-08-22,2018,10,45,0.3611834662832587,164,True,-76.5,-0.07027944759612725,False
WING,2019-04-12,2019,7,35,0.2020440841850022,91,True,108.2105263157896,-0.5300985435219284,True
WING,2019-07-17,2019,7,30,0.4194148935663009,26,False,107.68421052631584,-0.5300985435219284,True
WKC,2011-02-07,2011,5,20,0.4278098784189084,14,False,41.06578947368416,-0.23465736747274757,False
WKC,2024-10-23,2024,1,0,0.2540417830956725,1,True,73.4736842105267,-0.2515205060125165,False
WLK,2011-04-27,2011,3,10,1.0429181654590494,3,False,64.03947368421063,-0.5088582404502,True
WLK,2013-11-18,2013,1,0,0.24445925713351535,116,True,-19.947368421052488,-0.298903023194828,False
WLK,2013-12-24,2013,7,60,0.2441637825263736,173,True,-98.26315789473665,-0.44977136096188286,True
WLK,2014-04-29,2014,15,80,0.2808509662017604,88,True,19.10526315789457,-0.44977136096188286,True
WLK,2017-11-14,2017,8,50,0.5281673074831954,128,True,-72.8355263157896,-0.5042501953295047,True
WLK,2018-05-09,2018,1,0,0.3295617141280698,8,True,204.5,-0.5042501953295047,True
WLK,2021-01-28,2021,1,0,0.38375786438420567,85,True,-36.05263157894751,-0.2491682398050652,False
WM,2006-04-26,2006,3,10,0.3500783883068419,120,True,-96.9736842105263,-0.13103952517091877,False
WM,2013-05-30,2013,1,0,0.3339812769295549,120,True,-110.4605263157896,-0.10055268740807999,False
WM,2019-06-13,2019,4,45,0.2545764568757303,165,True,-66.4144736842104,-0.2876287019743772,False
WMB,2007-08-03,2007,1,0,0.20378753756154433,66,True,11.565789473684163,-0.1644661177273038,False
WMB,2007-10-29,2007,1,0,0.24325962966976866,120,True,-10.263157894736878,-0.6747315193406888,True
WMB,2014-08-14,2014,4,15,0.4161942177772695,11,False,204.0,-0.2959626718630516,False
WMB,2016-10-05,2016,1,0,1.0160366690326077,64,True,6.657894736842081,-0.1372608426695462,False
WMB,2021-06-22,2021,1,0,0.3025941136968151,81,True,-36.394736842104976,-0.12921514879080676,False
WMB,2024-10-09,2024,11,55,0.3037333476647752,175,True,-93.0263157894733,-0.07526171111816427,False
WMS,2021-01-22,2021,8,70,0.917876484368515,133,True,-64.28289473684163,-0.14764239701122683,False
WMT,2008-05-20,2008,3,25,0.2237349393556214,79,True,-27.15789473684208,-0.2619782462724759,False
WMT,2017-12-06,2017,9,40,0.24023717161624214,35,False,33.15789473684208,-0.23858098655668702,False
WMT,2024-11-13,2024,7,65,0.4331222540816033,61,False,97.88157894736833,-0.21928029431544338,False
WMT,2026-02-26,2026,4,40,0.29800743378531513,57,True,78.7236842105267,-0.2262295123072613,False
WOR,2011-02-07,2011,3,10,0.30079248336976194,114,True,-44.8552631578948,-0.43185906466523094,True
WOR,2013-11-04,2013,1,0,0.22088555116916675,32,True,116.81578947368416,-0.18653391938903308,False
WPC,2007-04-03,2007,1,0,0.28776346088785365,25,True,25.78947368421052,-0.15033507405890634,False
WPC,2007-05-09,2007,2,5,0.267305069912279,124,True,-101.13815789473688,-0.17982932914645489,False
WPC,2011-07-22,2011,1,0,0.3647281010333372,109,True,-53.473684210526244,-0.06480564017713053,False
WPC,2012-03-19,2012,2,20,0.2227327725359658,132,True,-16.07894736842104,-0.10695118655339098,False
WPC,2013-05-01,2013,4,15,0.4263106058430588,13,False,45.05921052631584,-0.2323085849058334,False
WPC,2019-05-30,2019,2,5,0.2528822758437246,99,True,-42.42105263157919,-0.5244560650474315,True
WPC,2019-07-19,2019,2,5,0.23491651123297386,64,True,-19.592105263157464,-0.5244560650474315,True
WPC,2019-10-21,2019,1,0,0.2353039971583768,0,False,9.342105263157919,-0.5226684303623232,True
WRB,2011-06-02,2011,1,0,0.2166274695452186,111,True,-4.947368421052715,-0.09361012835677918,False
WRB,2019-08-09,2019,4,15,0.3559841678079392,132,True,-76.2763157894733,-0.45345672783997726,True
WRB,2021-04-26,2021,2,5,0.2228293587645631,9,True,79.125,-0.1133661235344271,False
WRB,2022-04-06,2022,6,40,0.32881755713228267,144,True,-43.83552631579005,-0.2531906382591328,False
WRB,2024-01-08,2024,3,10,0.24273239443070738,56,True,1.894736842104976,-0.13331075128177872,False
WRB,2024-03-27,2024,2,5,0.3821109763193351,110,True,-45.0,-0.06378718304001674,False
WRLD,2006-11-13,2006,2,5,0.4607781864354883,34,True,40.1447368421052,-0.4161707155716132,True
WRLD,2011-03-29,2011,1,0,0.40833695349382815,29,True,33.17105263157896,-0.20762408810534938,False
WRLD,2013-06-06,2013,2,5,0.28483695513526364,97,True,-39.401315789473756,-0.3305692979748731,True
WRLD,2021-07-28,2021,1,0,0.13577550586625864,103,True,15.421052631579187,-0.6044787550524855,True
WRLD,2021-11-11,2021,1,0,0.5995148287008811,28,True,77.26315789473665,-0.6044787550524855,True
WRLD,2021-12-17,2021,2,5,0.4997915537980697,3,False,92.7236842105267,-0.6044787550524855,True
WSBC,2013-07-05,2013,11,55,0.24495819057166335,121,True,-65.2105263157896,-0.16774791534509792,False
WSBC,2018-08-03,2018,1,0,0.20803055099782397,13,True,17.65789473684208,-0.30153031178075484,True
WSFS,2013-07-26,2013,8,35,0.3337730666883605,105,True,-52.5,-0.16856434791929398,False
WSFS,2013-12-10,2013,7,30,0.44885194371797654,10,False,60.65789473684208,-0.16856434791929398,False
WSM,2021-04-12,2021,7,35,0.8068859391723551,153,True,-54.907894736842536,-0.5192097111425242,True
WSM,2023-12-29,2023,13,85,0.6326894708441504,135,True,-46.842105263157464,-0.20876064330453814,False
WSM,2024-06-07,2024,1,0,0.5214713726792857,118,True,28.842105263157464,-0.22398057743133293,False
WSO,2006-01-06,2006,5,20,0.4969025188513445,33,True,34.10526315789474,-0.41104854749580566,True
WSO,2006-03-28,2006,1,0,0.3886884964775572,1,True,102.09210526315792,-0.4059507917590236,True
WSO,2013-07-12,2013,3,10,0.23107494031413234,76,True,5.578947368421268,-0.061187773986587146,False
WST,2006-11-28,2006,2,5,0.41477470860616283,101,True,-27.4473684210526,-0.3005204285330443,True
WST,2013-03-19,2013,3,20,0.2968463070374525,136,True,-122.97368421052624,-0.03764440296477012,False
WST,2013-07-19,2013,19,115,0.3548783417454029,125,True,-11.447368421052488,-0.22514739047867782,False
WST,2020-07-23,2020,5,20,0.6755441975390877,117,True,11.684210526315837,-0.16289091200582628,False
WST,2021-09-09,2021,2,5,0.6918876627669002,78,True,9.171052631579187,-0.43038527745397026,True
WTFC,2024-12-19,2024,1,0,0.31614398016292444,19,True,62.57894736842081,-0.30223084365218766,True
WTRG,2005-09-13,2005,3,15,0.45869671435137915,114,True,-92.48684210526315,-0.30006409040784865,True
WTRG,2011-01-07,2011,1,0,0.2448709573958865,11,True,-6.0,-0.17384354450986939,False
WTRG,2016-07-05,2016,1,0,0.22205700472519552,0,False,99.73684210526335,-0.19029879229384794,False
WTS,2013-03-05,2013,1,0,0.2954657444475841,105,True,-34.53947368421041,-0.05159962969202403,False
WTS,2021-10-14,2021,4,20,0.4486161519044627,19,False,51.0,-0.44081800392450543,True
WTW,2011-03-01,2011,7,35,0.3449729468423366,66,True,19.460526315789366,-0.20231739966599793,False
WTW,2017-10-24,2017,1,0,0.240765428449222,93,True,-23.526315789473756,-0.16839259956479213,False
WTW,2021-05-24,2021,1,0,0.2940602717583569,0,False,69.34210526315746,-0.23112775044958445,False
WU,2011-02-07,2011,5,25,0.2892210612505366,14,False,50.802631578947285,-0.3144537181829484,True
WU,2013-07-12,2013,4,15,0.2819589725044702,73,True,-42.30921052631584,-0.21198506892086655,False
WU,2019-10-07,2019,12,60,0.2193967439857163,86,True,-41.29605263157919,-0.3717039489491324,True
WWD,2007-10-29,2007,1,0,0.28329905474330697,27,True,123.0,-0.3092642634827275,True
WWD,2007-12-11,2007,1,0,0.21294130051817683,108,True,52.92105263157896,-0.5790709852308442,True
WWD,2024-03-27,2024,2,5,0.26496086180089495,75,True,12.927631578947512,-0.18960637032423033,False
WWD,2024-05-16,2024,5,45,0.32578605016393736,134,True,-24.921052631579187,-0.15895015802994827,False
WWW,2021-01-28,2021,1,0,0.18874167829029864,69,True,-2.6842105263158373,-0.42407742585752073,True
WWW,2021-03-12,2021,8,40,0.5814495970776945,39,False,55.30921052631584,-0.42407742585752073,True
WWW,2025-01-14,2025,4,15,0.8154150563571827,133,True,-7.078947368421723,-0.382461803896895,True
WY,2007-02-20,2007,4,15,0.445999610530196,10,False,7.697368421052715,-0.2576401157785946,False
WY,2011-02-07,2011,1,0,0.3602619682893491,38,True,32.65789473684208,-0.3840581254607739,True
WYNN,2011-01-07,2011,3,10,0.6512226521166855,130,True,20.526315789473756,-0.3402419456378383,True
WYNN,2011-06-16,2011,3,20,0.29439581444608454,25,True,76.90789473684208,-0.3507423706714401,True
WYNN,2011-09-12,2011,2,5,0.23160111967262065,5,False,172.5,-0.3501869656147393,True
WYNN,2013-10-28,2013,5,35,0.24437158826692706,86,True,-1.7894736842104066,-0.2916483233653633,False
WYNN,2014-02-24,2014,4,15,0.7183195055706648,6,False,34.7236842105267,-0.2916483233653633,False
XEL,2015-01-22,2015,1,0,0.21129501127146333,5,True,95.7894736842104,-0.146164449284523,False
XEL,2016-07-19,2016,2,5,0.19626172064132752,3,False,76.86842105263167,-0.12390082008677239,False
XOM,2011-02-07,2011,5,20,0.36209435521779487,57,True,-9.763157894736878,-0.21723518738674508,False
XOM,2026-02-19,2026,8,35,0.4271601650464414,27,False,61.09210526315837,-0.20112264413803926,False
XPEL,2021-06-17,2021,3,10,0.7702977961835751,25,True,42.894736842104976,-0.5455621189582099,True
XPO,2017-07-10,2017,2,5,0.42536623778710236,122,True,-36.07894736842127,-0.08054926673464535,False
XPO,2017-10-31,2017,3,15,0.4219807242098301,132,True,-107.52631578947376,-0.592005149933176,True
XPO,2018-01-29,2018,1,0,0.5954401013808441,93,True,-49.71052631578959,-0.6102644841625191,True
XPO,2018-03-13,2018,2,5,0.6668284738646852,63,True,-22.934210526315837,-0.6102644841625191,True
XPO,2018-05-09,2018,1,0,0.4402005710304566,98,True,7.789473684210407,-0.6114894303594332,True
XPO,2021-01-06,2021,4,15,0.5581807655596205,110,True,-52.20394736842081,-0.2930787743523642,False
XPO,2024-03-27,2024,5,20,0.7771898374761819,7,False,57.21052631578914,-0.21369712371113114,False
XRAY,2007-07-13,2007,1,0,0.26147726388629566,107,True,-68.4473684210526,-0.228887719444826,False
XYL,2017-08-31,2017,7,35,0.28192736562032006,130,True,-46.05263157894751,-0.17589031988565607,False
XYL,2018-01-25,2018,8,55,0.29469972461840044,163,True,-51.15789473684208,-0.24784974650483949,False
XYZ,2017-07-10,2017,4,15,0.5960000356038411,97,True,-43.80921052631584,-0.29042165911066187,False
XYZ,2017-10-31,2017,11,55,1.034463743421969,159,True,-73.73684210526335,-0.249593076360773,False
XYZ,2018-03-20,2018,7,50,1.01080507329464,134,True,-11.89473684210543,-0.48772851099512005,True
XYZ,2018-07-06,2018,12,60,0.7438321549155631,59,False,88.23684210526335,-0.48772851099512005,True
YELP,2013-07-11,2013,16,75,0.8039499205225473,162,True,-92.39473684210498,-0.4682782478446611,True
YUM,2012-03-26,2012,1,0,0.3971638719514792,18,True,30.947368421052715,-0.15824060541166352,False
YUM,2019-08-02,2019,4,15,0.2575179924111102,24,True,13.072368421052488,-0.5217056153840234,True
ZBH,2007-04-11,2007,2,10,0.250709056230759,11,True,58.276315789473756,-0.30902387025419964,True
ZBH,2013-12-24,2013,3,10,0.24797006507521235,112,True,59.05263157894751,-0.1090324430966726,False
ZBRA,2013-04-03,2013,2,5,0.18733504454539585,92,True,-15.585526315789139,-0.08079555601602728,False
ZBRA,2014-04-22,2014,4,15,0.3983298793998231,51,True,52.75,-0.2878894214929648,False
ZBRA,2014-07-17,2014,1,0,0.47162209493372287,12,True,57.473684210526244,-0.26347671726989863,False
ZBRA,2017-10-31,2017,1,0,0.2347242372717273,91,True,59.0,-0.09312622654256031,False
ZBRA,2018-04-04,2018,2,15,0.26938477624689194,114,True,32.381578947368325,-0.2003357787528488,False
ZBRA,2018-09-17,2018,3,25,0.25562938496575693,145,True,-71.44736842105249,-0.2840186258724974,False
ZBRA,2019-04-02,2019,1,0,0.2080528920724798,15,True,139.47368421052624,-0.2877590863806625,False
ZBRA,2021-09-01,2021,3,10,0.21503630118107675,70,True,60.0,-0.5306159023922147,True
ZD,2013-07-12,2013,1,0,0.3787307490283247,76,True,11.5,-0.22358408178125955,False
ZD,2013-08-16,2013,11,55,0.43999576901884785,51,False,66.10526315789457,-0.22358408178125955,False
ZD,2021-06-22,2021,1,0,0.38624118518476247,98,True,8.25,-0.47676339249088096,True
ZD,2021-07-28,2021,2,5,0.38541463348733496,73,True,1.1118421052633494,-0.47676339249088096,True
ZD,2021-11-11,2021,1,0,0.21713928023134654,0,False,150.0,-0.47494718089505716,True
ZION,2017-01-17,2017,2,5,0.62327431613035,30,True,58.32236842105249,-0.16038909853651584,False
ZTS,2015-03-19,2015,1,0,0.2985362966847407,68,True,16.539473684210407,-0.28569433345692374,False
ZTS,2018-01-19,2018,8,50,0.22492198699356258,139,True,-81.66447368421086,-0.14846743902692616,False
ZTS,2018-05-15,2018,1,0,0.20466514331704522,119,True,-40.51315789473665,-0.15768281640295667,False
ZWS,2013-12-13,2013,6,25,0.4945850038035322,56,True,6.072368421052488,-0.17585973816825307,False
ZWS,2014-03-06,2014,1,0,0.566770093044558,1,True,69.4605263157896,-0.17585973816825307,False
ZWS,2021-08-16,2021,6,25,0.3611598505926499,68,True,84.36842105263167,-0.3059995359963217,True
