date,cash_fraction
2007-01-03,1.0
2007-01-04,1.0150737585257197e-05
2007-01-05,1.0313647089366107e-05
2007-01-08,1.0250999298411223e-05
2007-01-09,1.0240577211995117e-05
2007-01-10,1.0186530127964666e-05
2007-01-11,1.0068595984846773e-05
2007-01-12,1.0013421461230188e-05
2007-01-16,1.0043889776656378e-05
2007-01-17,1.0041873849231386e-05
2007-01-18,1.0245321514279482e-05
2007-01-19,0.08184259266476512
2007-01-22,0.08232951648273068
2007-01-23,0.08237972195310395
2007-01-24,0.08208364010609426
2007-01-25,0.08273079942425554
2007-01-26,0.08273921970445486
2007-01-29,0.07785184161445191
2007-01-30,0.07759703371286175
2007-01-31,0.07708479083807651
2007-02-01,0.07621921180149105
2007-02-02,0.07583358456521694
2007-02-05,0.07612910411228924
2007-02-06,0.07435307394879453
2007-02-07,0.0744813136587037
2007-02-08,0.07468299000211065
2007-02-09,0.0754549881689135
2007-02-12,0.07550528109436405
2007-02-13,0.07585836803224266
2007-02-14,0.07504521384027918
2007-02-15,0.0750636162037781
2007-02-16,0.07542703641704329
2007-02-20,0.0714870177100233
2007-02-21,0.07165398139869394
2007-02-22,0.07178363713277414
2007-02-23,0.07162921279238554
2007-02-26,0.07246943384308702
2007-02-27,0.07525527505288376
2007-02-28,0.07910333041239082
2007-03-01,0.07310330991630443
2007-03-02,0.07408552223378773
2007-03-05,0.08423431626934608
2007-03-06,0.08230117002137705
2007-03-07,0.08204644078674883
2007-03-08,0.08066571095392883
2007-03-09,0.08083857843126085
2007-03-12,0.07973701106652198
2007-03-13,0.08158583108829676
2007-03-14,0.08123072988256697
2007-03-15,0.08093740718147446
2007-03-16,0.0809613263800687
2007-03-19,0.08032953383585595
2007-03-20,0.07678647282463968
2007-03-21,0.07629925535424531
2007-03-22,0.07652006361672947
2007-03-23,0.07594462997556195
2007-03-26,0.07640981307518158
2007-03-27,0.0769399762722246
2007-03-28,0.07303130531902557
2007-03-29,0.07335987995002469
2007-03-30,0.07296460897952817
2007-04-02,0.07198177510558601
2007-04-03,0.07101458275939887
2007-04-04,0.07103172468269892
2007-04-05,0.07047662098983232
2007-04-09,0.07027539003703931
2007-04-10,0.025294404695546446
2007-04-11,0.0253858231685552
2007-04-12,0.02511865507197031
2007-04-13,0.02475121908577471
2007-04-16,0.024513460387234787
2007-04-17,0.024490274571616233
2007-04-18,0.024541242980071765
2007-04-19,0.02475475995520815
2007-04-20,0.02468139017045301
2007-04-23,0.024609642398862985
2007-04-24,0.024670871690727236
2007-04-25,0.02450475089219295
2007-04-26,0.024593354100166276
2007-04-27,0.06869395275623824
2007-04-30,0.06944671575454886
2007-05-01,0.017469193935534255
2007-05-02,0.017215748170235745
2007-05-03,0.017177946027033153
2007-05-04,0.01055953769692719
2007-05-07,0.010495555345938157
2007-05-08,0.01049154584443579
2007-05-09,0.010442349944454588
2007-05-10,0.010454538346550413
2007-05-11,0.0678691003039642
2007-05-14,0.06764484329755294
2007-05-15,0.06809792010591476
2007-05-16,0.06774474303400446
2007-05-17,0.06722426737203757
2007-05-18,0.06039252539670115
2007-05-21,0.05568582254535759
2007-05-22,0.05572259318759076
2007-05-23,0.055461570235548985
2007-05-24,0.05642478155972619
2007-05-25,0.05556115515410709
2007-05-29,0.05525987181846592
2007-05-30,0.054578041849654424
2007-05-31,0.11273874149725471
2007-06-01,0.11136276407497647
2007-06-04,0.16449456737401658
2007-06-05,0.16463316451760135
2007-06-06,0.16615104076828424
2007-06-07,0.17016074215663268
2007-06-08,0.16897532428413664
2007-06-11,0.1692108228965583
2007-06-12,0.17144788299066815
2007-06-13,0.15805219550137695
2007-06-14,0.15659866498406994
2007-06-15,0.1547325161119084
2007-06-18,0.15530359197888133
2007-06-19,0.15538418104143226
2007-06-20,0.15720947140729524
2007-06-21,0.1569188303426119
2007-06-22,0.1577904528546733
2007-06-25,0.11066263920573027
2007-06-26,0.11078209924042204
2007-06-27,0.10584800781454917
2007-06-28,0.10609887055790546
2007-06-29,0.10600234553666454
2007-07-02,0.10374825312163272
2007-07-03,0.104051253219694
2007-07-05,0.103647206173487
2007-07-06,0.09722355252285653
2007-07-09,0.09689016135229656
2007-07-10,0.15436529536198118
2007-07-11,0.15304689409489725
2007-07-12,0.14840887717019058
2007-07-13,0.1477156052790446
2007-07-16,0.14765779060148398
2007-07-17,0.14705190864639806
2007-07-18,0.1475915750388076
2007-07-19,0.14807922223997627
2007-07-20,0.15077740997273914
2007-07-23,0.09775443832775732
2007-07-24,0.1003532844732059
2007-07-25,0.09512255487284182
2007-07-26,0.09779755556757663
2007-07-27,0.45937115863613254
2007-07-30,0.06156540321076098
2007-07-31,0.06211251226917791
2007-08-01,0.05709459961515173
2007-08-02,0.05711336032349035
2007-08-03,0.058867052782313856
2007-08-06,0.15512528287789884
2007-08-07,0.0548348640404035
2007-08-08,0.054270382263316264
2007-08-09,0.05538529564927863
2007-08-10,0.02174481096491221
2007-08-13,0.022135436813269682
2007-08-14,0.022570550112697152
2007-08-15,0.31876684659737453
2007-08-16,0.5180183770125251
2007-08-17,0.678918063235298
2007-08-20,0.38063249045882985
2007-08-21,0.4881978702794416
2007-08-22,0.08820628801734187
2007-08-23,0.08931547888660474
2007-08-24,0.08930327191283083
2007-08-27,0.18359430791426778
2007-08-28,0.08538241858153661
2007-08-29,0.1917690900249216
2007-08-30,0.09162298585623208
2007-08-31,0.09015197741115999
2007-09-04,0.08907598715164655
2007-09-05,0.08914114488872393
2007-09-06,0.08836636521857621
2007-09-07,0.0900231909796253
2007-09-10,0.0902325146924472
2007-09-11,0.08903514927492417
2007-09-12,0.08890758060823267
2007-09-13,0.08874237545264652
2007-09-14,0.08218249327764793
2007-09-17,0.08261358965455323
2007-09-18,0.08033327636893162
2007-09-19,0.0796010308414572
2007-09-20,0.07962723130143667
2007-09-21,0.0791353089165866
2007-09-24,0.03848058241183805
2007-09-25,0.0382532701882643
2007-09-26,0.03785402968379936
2007-09-27,0.03810437308792625
2007-09-28,0.038320921709044
2007-10-01,0.03771539867187601
2007-10-02,0.03805893806141902
2007-10-03,0.03842406954360622
2007-10-04,0.03833058000276146
2007-10-05,0.03336268700365519
2007-10-08,0.03348396758243777
2007-10-09,0.033158167613754785
2007-10-10,0.08827541648533155
2007-10-11,0.08884044232339228
2007-10-12,0.08739081132859672
2007-10-15,0.0864097226988293
2007-10-16,0.13656149119730587
2007-10-17,0.13615588725167105
2007-10-18,0.13571707087341456
2007-10-19,0.139954740971579
2007-10-22,0.1239537991295303
2007-10-23,0.12271973146588933
2007-10-24,0.12356042202652728
2007-10-25,0.12325934840688302
2007-10-26,0.12194187439530768
2007-10-29,0.11176985185720789
2007-10-30,0.11255469909351445
2007-10-31,0.11080263228201914
2007-11-01,0.11379519196771926
2007-11-02,0.10637822009820153
2007-11-05,0.049693426324324164
2007-11-06,0.04864204812751949
2007-11-07,0.10431045892921953
2007-11-08,0.10373094879633071
2007-11-09,0.16108722993015057
2007-11-12,0.16429090449782469
2007-11-13,0.5051445026744292
2007-11-14,0.10623856923305652
2007-11-15,0.10682732673535156
2007-11-16,0.10661742022583853
2007-11-19,0.1649004113541811
2007-11-20,0.16478981523449687
2007-11-21,0.21842490561446992
2007-11-23,0.2662613447768718
2007-11-26,0.2668697689375742
2007-11-27,0.36306722292052407
2007-11-28,0.3547233119810239
2007-11-29,0.355755730420649
2007-11-30,0.3586370119739486
2007-12-03,0.25806186972020095
2007-12-04,0.05852971656572603
2007-12-05,0.05758931555881064
2007-12-06,0.056471670860844814
2007-12-07,0.05626575058563754
2007-12-10,0.05576628784765847
2007-12-11,0.05698616263530043
2007-12-12,0.05691053251037603
2007-12-13,0.05672780621446982
2007-12-14,0.056137031580156926
2007-12-17,0.20740294765481548
2007-12-18,0.20567079573166713
2007-12-19,0.20503752314606383
2007-12-20,0.20121436405201132
2007-12-21,0.19985652564010692
2007-12-24,0.09849717991229057
2007-12-26,0.09819743502801037
2007-12-27,0.09991228384194806
2007-12-28,0.09949464832076305
2007-12-31,0.10083471688194412
2008-01-02,0.19220637180650413
2008-01-03,0.28200390868385583
2008-01-04,0.47612987372373106
2008-01-07,0.47764777330274244
2008-01-08,0.4820668164604157
2008-01-09,0.6719338681957724
2008-01-10,0.6693316470967121
2008-01-11,0.6668883034935815
2008-01-14,0.6604182669990264
2008-01-15,0.6673076229068184
2008-01-16,0.6753674595888675
2008-01-17,0.6868744517824079
2008-01-18,0.843000948099172
2008-01-22,0.9346924713250154
2008-01-23,0.9339075333510436
2008-01-24,0.9353615445249062
2008-01-25,0.9368536678243747
2008-01-28,0.9347091899960921
2008-01-29,0.9346089060651346
2008-01-30,0.935478729870638
2008-01-31,0.9337907412907736
2008-02-01,0.9324580420015491
2008-02-04,0.931095966549826
2008-02-05,0.933607274461609
2008-02-06,0.9344919385262631
2008-02-07,0.9342914917553303
2008-02-08,0.9345587753559217
2008-02-11,0.9344418203637774
2008-02-12,0.9297874793925243
2008-02-13,0.9285816382323493
2008-02-14,0.9282683040280353
2008-02-15,0.9288786789998802
2008-02-19,0.9287136356915788
2008-02-20,0.9331905602579882
2008-02-21,0.9338574778522782
2008-02-22,0.934375000261012
2008-02-25,0.932058976854741
2008-02-26,0.9320423528544651
2008-02-27,0.9294568054259399
2008-02-28,0.9303004993925412
2008-02-29,0.9321587079443624
2008-03-03,0.9323915052997322
2008-03-04,0.9324247724636461
2008-03-05,0.9316768508409388
2008-03-06,0.9335905951857586
2008-03-07,1.0
2008-03-10,1.0
2008-03-11,1.0
2008-03-12,1.0
2008-03-13,1.0
2008-03-14,1.0
2008-03-17,1.0
2008-03-18,1.0
2008-03-19,1.0
2008-03-20,1.0
2008-03-24,1.0
2008-03-25,1.0
2008-03-26,1.0
2008-03-27,1.0
2008-03-28,1.0
2008-03-31,1.0
2008-04-01,1.0
2008-04-02,1.0
2008-04-03,1.0
2008-04-04,1.0
2008-04-07,1.0
2008-04-08,1.0
2008-04-09,1.0
2008-04-10,1.0
2008-04-11,1.0
2008-04-14,1.0
2008-04-15,1.0
2008-04-16,1.0
2008-04-17,1.0
2008-04-18,1.0
2008-04-21,1.0
2008-04-22,1.0
2008-04-23,1.0
2008-04-24,1.0
2008-04-25,1.0
2008-04-28,1.0
2008-04-29,1.0
2008-04-30,1.0
2008-05-01,1.0
2008-05-02,1.0
2008-05-05,1.0
2008-05-06,1.0
2008-05-07,0.6005371959963495
2008-05-08,0.5977664788838885
2008-05-09,0.5950262209118353
2008-05-12,0.593970649666107
2008-05-13,0.5935471033946074
2008-05-14,0.591113114797353
2008-05-15,0.5911407400804788
2008-05-16,0.09078676267095231
2008-05-19,0.09138252895824361
2008-05-20,0.09130411148399209
2008-05-21,0.09300675127684066
2008-05-22,0.09276839139713633
2008-05-23,0.09409926714967787
2008-05-27,0.09349243105940452
2008-05-28,0.09213164741098645
2008-05-29,0.0913214706931732
2008-05-30,0.18556094518422328
2008-06-02,0.18658485281685
2008-06-03,0.18694421659321236
2008-06-04,0.18542174003382828
2008-06-05,0.2822854916833428
2008-06-06,0.2886079867053094
2008-06-09,0.28780271979450545
2008-06-10,0.3848401348427264
2008-06-11,0.38999533353904203
2008-06-12,0.48516767953956585
2008-06-13,0.4799809167429384
2008-06-16,0.48022088442076527
2008-06-17,0.4842347480569168
2008-06-18,0.5809903661908645
2008-06-19,0.5771744040278399
2008-06-20,0.5821751691653771
2008-06-23,0.6809011509461859
2008-06-24,0.6823991494297844
2008-06-25,0.6798811604170494
2008-06-26,0.6880420831707046
2008-06-27,0.8995584853338026
2008-06-30,1.0
2008-07-01,1.0
2008-07-02,1.0
2008-07-03,1.0
2008-07-07,1.0
2008-07-08,1.0
2008-07-09,1.0
2008-07-10,1.0
2008-07-11,1.0
2008-07-14,1.0
2008-07-15,1.0
2008-07-16,1.0
2008-07-17,1.0
2008-07-18,1.0
2008-07-21,1.0
2008-07-22,1.0
2008-07-23,1.0
2008-07-24,1.0
2008-07-25,1.0
2008-07-28,1.0
2008-07-29,1.0
2008-07-30,1.0
2008-07-31,1.0
2008-08-01,1.0
2008-08-04,1.0
2008-08-05,1.0
2008-08-06,1.0
2008-08-07,1.0
2008-08-08,1.0
2008-08-11,1.0
2008-08-12,1.0
2008-08-13,1.0
2008-08-14,1.0
2008-08-15,1.0
2008-08-18,1.0
2008-08-19,1.0
2008-08-20,1.0
2008-08-21,1.0
2008-08-22,1.0
2008-08-25,1.0
2008-08-26,1.0
2008-08-27,1.0
2008-08-28,1.0
2008-08-29,1.0
2008-09-02,1.0
2008-09-03,1.0
2008-09-04,1.0
2008-09-05,1.0
2008-09-08,1.0
2008-09-09,1.0
2008-09-10,1.0
2008-09-11,1.0
2008-09-12,1.0
2008-09-15,1.0
2008-09-16,1.0
2008-09-17,1.0
2008-09-18,1.0
2008-09-19,1.0
2008-09-22,1.0
2008-09-23,1.0
2008-09-24,1.0
2008-09-25,1.0
2008-09-26,1.0
2008-09-29,1.0
2008-09-30,1.0
2008-10-01,1.0
2008-10-02,1.0
2008-10-03,1.0
2008-10-06,1.0
2008-10-07,1.0
2008-10-08,1.0
2008-10-09,1.0
2008-10-10,1.0
2008-10-13,1.0
2008-10-14,1.0
2008-10-15,1.0
2008-10-16,1.0
2008-10-17,1.0
2008-10-20,1.0
2008-10-21,1.0
2008-10-22,1.0
2008-10-23,1.0
2008-10-24,1.0
2008-10-27,1.0
2008-10-28,1.0
2008-10-29,1.0
2008-10-30,1.0
2008-10-31,1.0
2008-11-03,1.0
2008-11-04,1.0
2008-11-05,1.0
2008-11-06,1.0
2008-11-07,1.0
2008-11-10,1.0
2008-11-11,1.0
2008-11-12,1.0
2008-11-13,1.0
2008-11-14,1.0
2008-11-17,1.0
2008-11-18,1.0
2008-11-19,1.0
2008-11-20,1.0
2008-11-21,1.0
2008-11-24,1.0
2008-11-25,1.0
2008-11-26,1.0
2008-11-28,1.0
2008-12-01,1.0
2008-12-02,1.0
2008-12-03,1.0
2008-12-04,1.0
2008-12-05,1.0
2008-12-08,1.0
2008-12-09,1.0
2008-12-10,1.0
2008-12-11,1.0
2008-12-12,1.0
2008-12-15,1.0
2008-12-16,1.0
2008-12-17,1.0
2008-12-18,1.0
2008-12-19,1.0
2008-12-22,1.0
2008-12-23,1.0
2008-12-24,1.0
2008-12-26,1.0
2008-12-29,1.0
2008-12-30,1.0
2008-12-31,1.0
2009-01-02,1.0
2009-01-05,1.0
2009-01-06,1.0
2009-01-07,1.0
2009-01-08,1.0
2009-01-09,1.0
2009-01-12,1.0
2009-01-13,1.0
2009-01-14,1.0
2009-01-15,1.0
2009-01-16,1.0
2009-01-20,1.0
2009-01-21,1.0
2009-01-22,1.0
2009-01-23,1.0
2009-01-26,1.0
2009-01-27,1.0
2009-01-28,1.0
2009-01-29,1.0
2009-01-30,1.0
2009-02-02,1.0
2009-02-03,1.0
2009-02-04,1.0
2009-02-05,1.0
2009-02-06,1.0
2009-02-09,1.0
2009-02-10,1.0
2009-02-11,1.0
2009-02-12,1.0
2009-02-13,1.0
2009-02-17,1.0
2009-02-18,1.0
2009-02-19,1.0
2009-02-20,1.0
2009-02-23,1.0
2009-02-24,1.0
2009-02-25,1.0
2009-02-26,1.0
2009-02-27,1.0
2009-03-02,1.0
2009-03-03,1.0
2009-03-04,1.0
2009-03-05,1.0
2009-03-06,1.0
2009-03-09,1.0
2009-03-10,1.0
2009-03-11,1.0
2009-03-12,1.0
2009-03-13,1.0
2009-03-16,1.0
2009-03-17,1.0
2009-03-18,1.0
2009-03-19,1.0
2009-03-20,1.0
2009-03-23,1.0
2009-03-24,1.0
2009-03-25,1.0
2009-03-26,1.0
2009-03-27,1.0
2009-03-30,1.0
2009-03-31,1.0
2009-04-01,1.0
2009-04-02,1.0
2009-04-03,1.0
2009-04-06,1.0
2009-04-07,1.0
2009-04-08,1.0
2009-04-09,1.0
2009-04-13,1.0
2009-04-14,1.0
2009-04-15,1.0
2009-04-16,1.0
2009-04-17,1.0
2009-04-20,1.0
2009-04-21,1.0
2009-04-22,1.0
2009-04-23,1.0
2009-04-24,1.0
2009-04-27,1.0
2009-04-28,1.0
2009-04-29,1.0
2009-04-30,1.0
2009-05-01,1.0
2009-05-04,1.0
2009-05-05,1.0
2009-05-06,1.0
2009-05-07,1.0
2009-05-08,1.0
2009-05-11,1.0
2009-05-12,1.0
2009-05-13,1.0
2009-05-14,1.0
2009-05-15,1.0
2009-05-18,1.0
2009-05-19,1.0
2009-05-20,1.0
2009-05-21,1.0
2009-05-22,1.0
2009-05-26,1.0
2009-05-27,1.0
2009-05-28,1.0
2009-05-29,1.0
2009-06-01,1.0
2009-06-02,1.0
2009-06-03,1.0
2009-06-04,1.0
2009-06-05,1.0
2009-06-08,0.899983247690255
2009-06-09,0.8990942753362374
2009-06-10,0.8005525072778702
2009-06-11,0.7027456118397132
2009-06-12,0.6022682430882955
2009-06-15,0.6070082266624293
2009-06-16,0.511106068956206
2009-06-17,0.5061519609952473
2009-06-18,0.5056672414960706
2009-06-19,0.40400263714433227
2009-06-22,0.4106907967926149
2009-06-23,0.40680263836825714
2009-06-24,0.40502851676106943
2009-06-25,0.2998296809292408
2009-06-26,0.29799910956612763
2009-06-29,0.2947814925796881
2009-06-30,0.1954568250636588
2009-07-01,0.09422632760456151
2009-07-02,0.19299115630126062
2009-07-06,0.09379580673509624
2009-07-07,0.09558491055262641
2009-07-08,0.096629453871927
2009-07-09,0.38198337653246606
2009-07-10,0.3806520289637919
2009-07-13,0.27494837179578646
2009-07-14,0.17372682410759976
2009-07-15,0.16937732465026323
2009-07-16,0.1679089495310354
2009-07-17,0.22431695619601055
2009-07-20,0.22235160202834692
2009-07-21,0.22499217910477243
2009-07-22,0.125441399875029
2009-07-23,0.21371172304409747
2009-07-24,0.21351457436535393
2009-07-27,0.2145644001958078
2009-07-28,0.11457173285781719
2009-07-29,0.11322519931094277
2009-07-30,0.1126011179624189
2009-07-31,0.218239267580697
2009-08-03,0.11684874570945802
2009-08-04,0.11653490534320443
2009-08-05,0.11830955778141061
2009-08-06,0.12083597346956365
2009-08-07,0.10304615791674943
2009-08-10,0.1028744279030307
2009-08-11,0.10450657030044819
2009-08-12,0.10321062718067708
2009-08-13,0.102572132075881
2009-08-14,0.10421259031581143
2009-08-17,0.10593297065963381
2009-08-18,0.10412607976734312
2009-08-19,0.1035154981990073
2009-08-20,0.10268915345893859
2009-08-21,0.10199023961537346
2009-08-24,0.10186010775684895
2009-08-25,0.10075955695218719
2009-08-26,0.10077289083311491
2009-08-27,0.15904063457605688
2009-08-28,0.15935291858738287
2009-08-31,0.16098333328859538
2009-09-01,0.11657838760757244
2009-09-02,0.01841839814261781
2009-09-03,0.017814985356368385
2009-09-04,0.06623312730825048
2009-09-08,0.1216533973817081
2009-09-09,0.11778784990815061
2009-09-10,0.1163085905918968
2009-09-11,0.11814058599685562
2009-09-14,0.1167780267646944
2009-09-15,0.11299333841011194
2009-09-16,0.11081926292310995
2009-09-17,0.05734399029642745
2009-09-18,0.10889056456595358
2009-09-21,0.10981566810692778
2009-09-22,0.10861479762684534
2009-09-23,0.11037489808368672
2009-09-24,0.11528461964577752
2009-09-25,0.170024565220542
2009-09-28,0.2193173888596306
2009-09-29,0.2788343073592848
2009-09-30,0.28126081509057665
2009-10-01,0.29467546102637276
2009-10-02,0.28593154121708064
2009-10-05,0.2286445869436805
2009-10-06,0.22515394361966456
2009-10-07,0.22540920813804188
2009-10-08,0.2232955378651802
2009-10-09,0.22293501963955842
2009-10-12,0.1692952082637692
2009-10-13,0.1711038639565874
2009-10-14,0.16521251130720582
2009-10-15,0.22210996384338766
2009-10-16,0.22663903380290906
2009-10-19,0.2254038355700415
2009-10-20,0.22901756969041143
2009-10-21,0.2823883216485802
2009-10-22,0.1799721755976098
2009-10-23,0.1827120774518658
2009-10-26,0.1789367013461579
2009-10-27,0.12524702437817137
2009-10-28,0.11869835443890597
2009-10-29,0.0732417618967004
2009-10-30,0.07548483320217203
2009-11-02,0.07469358769067003
2009-11-03,0.07436090664533113
2009-11-04,0.07418769298854733
2009-11-05,0.029846918982785797
2009-11-06,0.02991638876970648
2009-11-09,0.028883378196047915
2009-11-10,0.028667997252211364
2009-11-11,0.028431331707887808
2009-11-12,0.02892085418294177
2009-11-13,0.028662702782713878
2009-11-16,0.02800648135187922
2009-11-17,0.027941070921952305
2009-11-18,0.028064103448580457
2009-11-19,0.028752411189286287
2009-11-20,0.02900264281980003
2009-11-23,0.02854734145555704
2009-11-24,0.02869662100752568
2009-11-25,0.028497763607744808
2009-11-27,0.02921803364243547
2009-11-30,0.013796111132910127
2009-12-01,0.01369874128407167
2009-12-02,0.013646240760669559
2009-12-03,0.01380087963476273
2009-12-04,0.01374415644974658
2009-12-07,0.006248080883988094
2009-12-08,0.006331831747664052
2009-12-09,0.00086593749723618
2009-12-10,0.0008563917517173669
2009-12-11,0.0008486703142046581
2009-12-14,0.061459843560618066
2009-12-15,0.061338208546290685
2009-12-16,0.061451317819039675
2009-12-17,0.062291323268701015
2009-12-18,0.05288079083969044
2009-12-21,0.05233605026895316
2009-12-22,0.05165752695302461
2009-12-23,0.05102223944620621
2009-12-24,0.05081722049782311
2009-12-28,0.05080702765538547
2009-12-29,0.050814358665372095
2009-12-30,0.05100297964427514
2009-12-31,0.051626984581116586
2010-01-04,0.05114295771483879
2010-01-05,0.0512246217811978
2010-01-06,0.048766270761022246
2010-01-07,0.10664745124639419
2010-01-08,0.10092201452676564
2010-01-11,0.09257770755473449
2010-01-12,0.09444716808620324
2010-01-13,0.0927796462615954
2010-01-14,0.09301440036500508
2010-01-15,0.09481460562900612
2010-01-19,0.09420476248296084
2010-01-20,0.09451820379410991
2010-01-21,0.09044441781551948
2010-01-22,0.0524922745924582
2010-01-25,0.05518852852060763
2010-01-26,0.05832751727942398
2010-01-27,0.026922022225915332
2010-01-28,0.027395097425449655
2010-01-29,0.021234841837940333
2010-02-01,0.020808847402595476
2010-02-02,0.020673121865235067
2010-02-03,0.022875877861907035
2010-02-04,0.023889841671969392
2010-02-05,0.02032823071902712
2010-02-08,0.017336932324656718
2010-02-09,0.01708760605603654
2010-02-10,0.017175467186893667
2010-02-11,0.013243285246720138
2010-02-12,0.013238527251921206
2010-02-16,0.01299035515519853
2010-02-17,0.012884372512365738
2010-02-18,0.012728537136053708
2010-02-19,0.01271420536143264
2010-02-22,0.01259190634898355
2010-02-23,0.012816207323203876
2010-02-24,0.010287627795130594
2010-02-25,0.010344133659893062
2010-02-26,0.010318273993892402
2010-03-01,0.01012839276140487
2010-03-02,0.010056052095902102
2010-03-03,0.010160105328166247
2010-03-04,0.01016196945496528
2010-03-05,0.010035745787664196
2010-03-08,0.010007708412683836
2010-03-09,0.009958860176733197
2010-03-10,0.06877565959193033
2010-03-11,0.06823664110158767
2010-03-12,0.06801431186320128
2010-03-15,0.06892655462808439
2010-03-16,0.06472243288240687
2010-03-17,0.06422445347236816
2010-03-18,0.06424649206675659
2010-03-19,0.06528441815396402
2010-03-22,0.05173093740547463
2010-03-23,0.05109632344619608
2010-03-24,0.10892588684203974
2010-03-25,0.10955497524071112
2010-03-26,0.10977802340181675
2010-03-29,0.1092479073542928
2010-03-30,0.10982071480588385
2010-03-31,0.11111948679506567
2010-04-01,0.10207693388389338
2010-04-05,0.10032092699504802
2010-04-06,0.09930987613578401
2010-04-07,0.06363150635879022
2010-04-08,0.06346750410590296
2010-04-09,0.06291365889021006
2010-04-12,0.11891381015554325
2010-04-13,0.11902529197081779
2010-04-14,0.11763676049638894
2010-04-15,0.11790320973705104
2010-04-16,0.11958356287050931
2010-04-19,0.11963299620648016
2010-04-20,0.11765792632273919
2010-04-21,0.11692741319001587
2010-04-22,0.22046425569172212
2010-04-23,0.21975760046769433
2010-04-26,0.22125498900683283
2010-04-27,0.2236690337109204
2010-04-28,0.22485842560588676
2010-04-29,0.21501945432082537
2010-04-30,0.22223298394013147
2010-05-03,0.17469790707314226
2010-05-04,0.1800920654440511
2010-05-05,0.07576271622071651
2010-05-06,0.07446778111014063
2010-05-07,0.23316748094900597
2010-05-10,0.004441828613873988
2010-05-11,0.00438907756837148
2010-05-12,0.0042561111791129536
2010-05-13,0.0042697391621661085
2010-05-14,0.004364635363287905
2010-05-17,0.004329417564417293
2010-05-18,0.004422685285691785
2010-05-19,0.004463657352700046
2010-05-20,0.00473303656106161
2010-05-21,0.3725814211323626
2010-05-24,0.37058942173801135
2010-05-25,0.36996163693104234
2010-05-26,0.3665223697749168
2010-05-27,0.4479781430495746
2010-05-28,0.4160122340607384
2010-06-01,0.41753428158461436
2010-06-02,0.4086324682795486
2010-06-03,0.4039673429285958
2010-06-04,0.36755190511781044
2010-06-07,0.37265267220869913
2010-06-08,0.3717704333107513
2010-06-09,0.36969142159724566
2010-06-10,0.4576422265619333
2010-06-11,0.4526489304910034
2010-06-14,0.4508801099853643
2010-06-15,0.4459869320396538
2010-06-16,0.3989358675758391
2010-06-17,0.3522607189683077
2010-06-18,0.35232497309282584
2010-06-21,0.15347969571745357
2010-06-22,0.15542816067916443
2010-06-23,0.15474171751747134
2010-06-24,0.15616821570587902
2010-06-25,0.15649532182788217
2010-06-28,0.1558141672071579
2010-06-29,0.16054126110264177
2010-06-30,0.5053752541305782
2010-07-01,0.5062906449283031
2010-07-02,0.5600419829342465
2010-07-06,0.5585612640746185
2010-07-07,0.5535167289957641
2010-07-08,0.552239828293603
2010-07-09,0.5514129766823866
2010-07-12,0.5513557403121583
2010-07-13,0.5479256367235262
2010-07-14,0.6498380992532595
2010-07-15,0.6500002255172221
2010-07-16,0.6564730066532795
2010-07-19,0.654682918422677
2010-07-20,0.6520793807983974
2010-07-21,0.6534258876554528
2010-07-22,0.6520510917696286
2010-07-23,0.7465251925017058
2010-07-26,0.7425189426785934
2010-07-27,0.7441625620326595
2010-07-28,0.7495002678204022
2010-07-29,0.6493435607771696
2010-07-30,0.649502875514209
2010-08-02,0.6483677445976034
2010-08-03,0.20373394844450488
2010-08-04,0.003460996233293101
2010-08-05,0.0035057120529209396
2010-08-06,0.0035006050456447557
2010-08-09,0.0034821296425651127
2010-08-10,0.0035266068138524176
2010-08-11,0.09670690631350987
2010-08-12,0.18848629968880193
2010-08-13,0.18933001682836836
2010-08-16,0.28452359933806826
2010-08-17,0.28330705036519577
2010-08-18,0.2815051981549569
2010-08-19,0.28547242196679246
2010-08-20,0.5638061505213239
2010-08-23,0.566373578558389
2010-08-24,0.5691309178521915
2010-08-25,0.7757036070380243
2010-08-26,0.7756252256697986
2010-08-27,0.7728847232034705
2010-08-30,0.776659888539051
2010-08-31,0.7766362245456551
2010-09-01,0.7732686235476895
2010-09-02,0.7708244081553874
2010-09-03,0.7698288735615229
2010-09-07,0.7702160073666241
2010-09-08,0.7691033471590637
2010-09-09,0.7711105828519249
2010-09-10,0.7708126709536618
2010-09-13,0.7704552075116834
2010-09-14,0.6690525224777978
2010-09-15,0.667944083457607
2010-09-16,0.26740679410171053
2010-09-17,0.06725723123675387
2010-09-20,0.06604019481975709
2010-09-21,0.06626528900068784
2010-09-22,0.06589437089911099
2010-09-23,0.06659477467786634
2010-09-24,0.06544792439448044
2010-09-27,0.06532631703742398
2010-09-28,0.06506213675210848
2010-09-29,0.06496022299167126
2010-09-30,0.06519244168126137
2010-10-01,0.06478470633878453
2010-10-04,0.0650773126073585
2010-10-05,0.06423004264928345
2010-10-06,0.06499876224581225
2010-10-07,0.05339689144704407
2010-10-08,0.05316563859887402
2010-10-11,0.05322267179630813
2010-10-12,0.05311371230469841
2010-10-13,0.05268775333782838
2010-10-14,0.05287360955713072
2010-10-15,0.052501543505759085
2010-10-18,0.0525116366259315
2010-10-19,0.052915415953807665
2010-10-20,0.052389757515193924
2010-10-21,0.05256231877887685
2010-10-22,0.052223929420386006
2010-10-25,0.05220944410088746
2010-10-26,0.01423273374140066
2010-10-27,0.014288809692909243
2010-10-28,0.011221498339959779
2010-10-29,0.011170032326182522
2010-11-01,0.011195121497656335
2010-11-02,0.011167668828685584
2010-11-03,0.002614171834173451
2010-11-04,0.002571427082883715
2010-11-05,0.11409505818225196
2010-11-08,0.113448464794343
2010-11-09,0.11432040276540456
2010-11-10,0.11278471079915864
2010-11-11,0.16808240095194793
2010-11-12,0.17002159069259437
2010-11-15,0.16319775167129236
2010-11-16,0.16531268295846346
2010-11-17,0.1645196035903277
2010-11-18,0.16298938192677692
2010-11-19,0.16302055521538739
2010-11-22,0.1628142590149041
2010-11-23,0.16395156938245004
2010-11-24,0.16178164789884075
2010-11-26,0.1622561556781693
2010-11-29,0.16259145380243256
2010-11-30,0.1635463546565692
2010-12-01,0.16058104225744751
2010-12-02,0.15855727056298352
2010-12-03,0.1572450876259407
2010-12-06,0.15735868199303704
2010-12-07,0.15770983776924608
2010-12-08,0.15794999075640181
2010-12-09,0.15793371640973197
2010-12-10,0.1576432245638022
2010-12-13,0.15704872584009577
2010-12-14,0.14882876676687196
2010-12-15,0.1500589269223198
2010-12-16,0.148675621517523
2010-12-17,0.14883930719179406
2010-12-20,0.14846130700802385
2010-12-21,0.14684691602259414
2010-12-22,0.14765798216149417
2010-12-23,0.14755923896160794
2010-12-27,0.14811221453271972
2010-12-28,0.14909715267579016
2010-12-29,0.1486687026051584
2010-12-30,0.14897103264914258
2010-12-31,0.13986003192993302
2011-01-03,0.1383207609280851
2011-01-04,0.10015310469902272
2011-01-05,0.0989591663105529
2011-01-06,0.05683289225351462
2011-01-07,0.05548684285844829
2011-01-10,0.05453255905488841
2011-01-11,0.054663734745238
2011-01-12,0.05410109873598179
2011-01-13,0.054246120281218224
2011-01-14,0.05417004255897806
2011-01-18,0.05374937577579886
2011-01-19,0.05471051913163427
2011-01-20,0.0558063114490448
2011-01-21,0.05587149289302917
2011-01-24,0.055795673131690315
2011-01-25,0.0557628665438471
2011-01-26,0.05267860167113769
2011-01-27,0.052640845067410735
2011-01-28,0.05376007323541421
2011-01-31,0.019255736999872264
2011-02-01,0.01671780471558204
2011-02-02,0.016776096962055176
2011-02-03,0.01678695178804024
2011-02-04,0.01665167266622547
2011-02-07,0.016424236767402678
2011-02-08,0.016232911362947133
2011-02-09,0.016200893363960134
2011-02-10,0.01613780488701455
2011-02-11,0.015977009313531743
2011-02-14,0.015855233518321854
2011-02-15,0.015794315943263193
2011-02-16,0.07579252616757082
2011-02-17,0.06691433317161721
2011-02-18,0.06696377127053244
2011-02-22,0.06900545905107158
2011-02-23,0.06960668163541772
2011-02-24,0.03276041706308741
2011-02-25,0.026154778679539414
2011-02-28,0.02609058096726058
2011-03-01,0.026485055801798163
2011-03-02,0.02637175082153087
2011-03-03,0.025719808507933428
2011-03-04,0.025804345860658273
2011-03-07,0.0261593518237746
2011-03-08,0.02597572727165942
2011-03-09,0.02631544736410918
2011-03-10,0.018550178960563435
2011-03-11,0.004011443476348853
2011-03-14,0.004036623693648322
2011-03-15,0.004064131109257296
2011-03-16,0.0028258279262104447
2011-03-17,0.09429803398821457
2011-03-18,0.0913990488336367
2011-03-21,0.08948312362981048
2011-03-22,0.09021809044173568
2011-03-23,0.0903432833869312
2011-03-24,0.08982553990845676
2011-03-25,0.08964037185714102
2011-03-28,0.08941323467830176
2011-03-29,0.08834203395810591
2011-03-30,0.08697639599819706
2011-03-31,0.0869684928254737
2011-04-01,0.08655775031225799
2011-04-04,0.04380335410826652
2011-04-05,0.04351159299682028
2011-04-06,0.0439480408526699
2011-04-07,0.044386243941467285
2011-04-08,0.04416260584051035
2011-04-11,0.03916580187650154
2011-04-12,0.04017885339627103
2011-04-13,0.03877309727641143
2011-04-14,0.038585095683570714
2011-04-15,0.038161720706090696
2011-04-18,0.03862457360978655
2011-04-19,0.09757428974439886
2011-04-20,0.09282776680041627
2011-04-21,0.09260478097518554
2011-04-25,0.0929005385970969
2011-04-26,0.09226753846866953
2011-04-27,0.05224992645068638
2011-04-28,0.05218181590520221
2011-04-29,0.052274497249748864
2011-05-02,0.05303131689158003
2011-05-03,0.04682333078395895
2011-05-04,0.047634927221260615
2011-05-05,0.021571847337839345
2011-05-06,0.023579895850030397
2011-05-09,0.023303030306719874
2011-05-10,0.02289898037030491
2011-05-11,0.02320743612810161
2011-05-12,0.022963336650186794
2011-05-13,0.0229278294350711
2011-05-16,0.023155710417958053
2011-05-17,0.02321344621583732
2011-05-18,0.022736203150691137
2011-05-19,0.019816856596684307
2011-05-20,0.019942809889994084
2011-05-23,0.020246984818084957
2011-05-24,0.020305591291821856
2011-05-25,0.016237079451804415
2011-05-26,0.015956344502993436
2011-05-27,0.01588788189642576
2011-05-31,0.07459457581328077
2011-06-01,0.07556157571959132
2011-06-02,0.07607329528504092
2011-06-03,0.07290672666695763
2011-06-06,0.0706563863334323
2011-06-07,0.07066078360875327
2011-06-08,0.06466498166239887
2011-06-09,0.0640091422063227
2011-06-10,0.06502052588127105
2011-06-13,0.0645859539677136
2011-06-14,0.06365077399620711
2011-06-15,0.06475178088954303
2011-06-16,0.026886758348738993
2011-06-17,0.03742181236903486
2011-06-20,0.036910386000073125
2011-06-21,0.03624243469738775
2011-06-22,0.036465795850444405
2011-06-23,0.03648243858514122
2011-06-24,0.03651513407794538
2011-06-27,0.03456434665342989
2011-06-28,0.031838737574314435
2011-06-29,0.03163517692191253
2011-06-30,0.031520767895196644
2011-07-01,0.030907655006792822
2011-07-05,0.08289174555443013
2011-07-06,0.08264353029097715
2011-07-07,0.08227035155836249
2011-07-08,0.08269377394651278
2011-07-11,0.08446910059208468
2011-07-12,0.08459950194472265
2011-07-13,0.08427359058450601
2011-07-14,0.08471132363944212
2011-07-15,0.08421072047722256
2011-07-18,0.0846030918136862
2011-07-19,0.08307704637963464
2011-07-20,0.08325490891591714
2011-07-21,0.0767476239722723
2011-07-22,0.07685732152145153
2011-07-25,0.07696686182601598
2011-07-26,0.03285606474458036
2011-07-27,0.03373783408215514
2011-07-28,0.02918101085358571
2011-07-29,0.022837556392700353
2011-08-01,0.02147226033491989
2011-08-02,0.02216579958447007
2011-08-03,0.02211129870636963
2011-08-04,0.11842104340720283
2011-08-05,0.7304064476294447
2011-08-08,0.7973561731418166
2011-08-09,1.0
2011-08-10,1.0
2011-08-11,1.0
2011-08-12,1.0
2011-08-15,1.0
2011-08-16,1.0
2011-08-17,1.0
2011-08-18,1.0
2011-08-19,1.0
2011-08-22,1.0
2011-08-23,1.0
2011-08-24,1.0
2011-08-25,1.0
2011-08-26,1.0
2011-08-29,1.0
2011-08-30,1.0
2011-08-31,1.0
2011-09-01,1.0
2011-09-02,1.0
2011-09-06,1.0
2011-09-07,1.0
2011-09-08,1.0
2011-09-09,1.0
2011-09-12,1.0
2011-09-13,1.0
2011-09-14,1.0
2011-09-15,1.0
2011-09-16,1.0
2011-09-19,1.0
2011-09-20,1.0
2011-09-21,1.0
2011-09-22,1.0
2011-09-23,1.0
2011-09-26,1.0
2011-09-27,1.0
2011-09-28,1.0
2011-09-29,1.0
2011-09-30,1.0
2011-10-03,1.0
2011-10-04,1.0
2011-10-05,1.0
2011-10-06,1.0
2011-10-07,1.0
2011-10-10,1.0
2011-10-11,1.0
2011-10-12,1.0
2011-10-13,1.0
2011-10-14,1.0
2011-10-17,1.0
2011-10-18,1.0
2011-10-19,1.0
2011-10-20,1.0
2011-10-21,1.0
2011-10-24,1.0
2011-10-25,1.0
2011-10-26,1.0
2011-10-27,1.0
2011-10-28,1.0
2011-10-31,0.8002733532886124
2011-11-01,0.8036231658335006
2011-11-02,0.8029670350481193
2011-11-03,0.8006320781059462
2011-11-04,0.8008586302481183
2011-11-07,0.8004796319013164
2011-11-08,0.7984968584854697
2011-11-09,0.3002117691040893
2011-11-10,0.29958576059908726
2011-11-11,0.2953102776735349
2011-11-14,0.09590282724510213
2011-11-15,0.09491669049768436
2011-11-16,0.09676032685728209
2011-11-17,0.09769967568891902
2011-11-18,0.09742431559550446
2011-11-21,0.09892140144468364
2011-11-22,0.39397583015123205
2011-11-23,0.3974789794638197
2011-11-25,0.39963000942431504
2011-11-28,0.3909731060431033
2011-11-29,0.38876137473539285
2011-11-30,0.3806527709965897
2011-12-01,0.3793261246020557
2011-12-02,0.47749625840135956
2011-12-05,0.47662027934849815
2011-12-06,0.3774257759891455
2011-12-07,0.0775252287545477
2011-12-08,0.07846552468690515
2011-12-09,0.07779347128045822
2011-12-12,0.07838220569634413
2011-12-13,0.07965170393780374
2011-12-14,0.28252026656485274
2011-12-15,0.38462064858209877
2011-12-16,0.3820949507476218
2011-12-19,0.3838215270484773
2011-12-20,0.4717855847159441
2011-12-21,0.4767736045423496
2011-12-22,0.5640844185549267
2011-12-23,0.36167917725497534
2011-12-27,0.06141505573522088
2011-12-28,0.06223918951235807
2011-12-29,0.061340742735652376
2011-12-30,0.06185132981488706
2012-01-03,0.0619720553813885
2012-01-04,0.06211527120508442
2012-01-05,0.06160515385039289
2012-01-06,0.061689248831963917
2012-01-09,0.06120550766096278
2012-01-10,0.06048581390862107
2012-01-11,0.060709045125789673
2012-01-12,0.06058765917425013
2012-01-13,0.060580592132502775
2012-01-17,0.060121028197447246
2012-01-18,0.05959132424250413
2012-01-19,0.012074410499663846
2012-01-20,0.003980961691004259
2012-01-23,0.004008639672639314
2012-01-24,0.004000472242301711
2012-01-25,0.003978855335840414
2012-01-26,0.003992433432033593
2012-01-27,0.004433130716335443
2012-01-30,0.004451589016988611
2012-01-31,0.004478047913115346
2012-02-01,0.09769559049124588
2012-02-02,0.09733542589047572
2012-02-03,0.0961624039496981
2012-02-06,0.09633555453213638
2012-02-07,0.09631828449143687
2012-02-08,0.0961893563811449
2012-02-09,0.09586000064893163
2012-02-10,0.054163135852029476
2012-02-13,0.04589437694878251
2012-02-14,0.04558643334776713
2012-02-15,0.10442559305665045
2012-02-16,0.10338901398643396
2012-02-17,0.10386976445904106
2012-02-21,0.10430394606002302
2012-02-22,0.10476950814866282
2012-02-23,0.060367639762594516
2012-02-24,0.06011558133023298
2012-02-27,0.060043014608323175
2012-02-28,0.11739561168064128
2012-02-29,0.11825641076834237
2012-03-01,0.11558535196168807
2012-03-02,0.1156577357774562
2012-03-05,0.11590254461494387
2012-03-06,0.11381295642030542
2012-03-07,0.10855071174548492
2012-03-08,0.10674306293500269
2012-03-09,0.1057998903088897
2012-03-12,0.10636874531445628
2012-03-13,0.10464844126951545
2012-03-14,0.10500830309672016
2012-03-15,0.16137812744508506
2012-03-16,0.16245234732761693
2012-03-19,0.16178371853756635
2012-03-20,0.16282204488696772
2012-03-21,0.16172294252141362
2012-03-22,0.16159933088226486
2012-03-23,0.1609244883492691
2012-03-26,0.15905295050182344
2012-03-27,0.1593277018870326
2012-03-28,0.16030047885226273
2012-03-29,0.16026300078418687
2012-03-30,0.16007738705218832
2012-04-02,0.15787191149116397
2012-04-03,0.15834565627422648
2012-04-04,0.16055157363092198
2012-04-05,0.16112347600993515
2012-04-09,0.153259529712939
2012-04-10,0.1518950640947726
2012-04-11,0.10315422428080712
2012-04-12,0.10221296855031925
2012-04-13,0.10223065377433771
2012-04-16,0.10268038861679019
2012-04-17,0.10166808628612312
2012-04-18,0.10131586247235735
2012-04-19,0.10264547826480297
2012-04-20,0.1009374674889224
2012-04-23,0.10175502146382753
2012-04-24,0.10264948647286454
2012-04-25,0.101073564025976
2012-04-26,0.10113523378255596
2012-04-27,0.0986500191717965
2012-04-30,0.09894628738945233
2012-05-01,0.09184112209797457
2012-05-02,0.09086344027998128
2012-05-03,0.09231844496821329
2012-05-04,0.05217645511545188
2012-05-07,0.05235534612362802
2012-05-08,0.05286638204965621
2012-05-09,0.01042809788415866
2012-05-10,0.01028665829731401
2012-05-11,0.01609671884642927
2012-05-14,0.015333922534096933
2012-05-15,0.01534299230088243
2012-05-16,0.015443073730273094
2012-05-17,0.01601527127073399
2012-05-18,0.008290853890220218
2012-05-21,0.007817643294504406
2012-05-22,0.0078121875233301274
2012-05-23,0.007760455226569318
2012-05-24,0.007677500342131882
2012-05-25,0.007705354310101886
2012-05-29,0.013286861505035108
2012-05-30,0.011142661698209544
2012-05-31,0.01110487937129645
2012-06-01,0.007567667728469063
2012-06-04,0.006382600974415786
2012-06-05,0.0979810333834874
2012-06-06,0.013950707549368113
2012-06-07,0.013944188881246489
2012-06-08,0.013744681407513726
2012-06-11,0.013903455750855276
2012-06-12,0.014080581291812777
2012-06-13,0.014214138215300154
2012-06-14,0.014061539676394785
2012-06-15,0.013972495513525085
2012-06-18,0.013735840835895963
2012-06-19,0.01366014107423763
2012-06-20,0.01371946769947996
2012-06-21,0.014027077317243175
2012-06-22,0.013849435130169452
2012-06-25,0.01406087004554979
2012-06-26,0.013931716204368283
2012-06-27,0.013996937317182878
2012-06-28,0.0070150437242977315
2012-06-29,0.07706186818764693
2012-07-02,0.07699893093467125
2012-07-03,0.07701716169411521
2012-07-05,0.07729914268816396
2012-07-06,0.07767678355709162
2012-07-09,0.07774346592296899
2012-07-10,0.07892753777881456
2012-07-11,0.06380127210148268
2012-07-12,0.06386211142349096
2012-07-13,0.0631086830963784
2012-07-16,0.06319265667966822
2012-07-17,0.06283477279192007
2012-07-18,0.06274025975500597
2012-07-19,0.0629622123825021
2012-07-20,0.06347103689223521
2012-07-23,0.0639870990485556
2012-07-24,0.06218457944601208
2012-07-25,0.0641943396453526
2012-07-26,0.06343568724220261
2012-07-27,0.06264894746299421
2012-07-30,0.06270718136273978
2012-07-31,0.06312950766763237
2012-08-01,0.06402844727434687
2012-08-02,0.06724990021686661
2012-08-03,0.06618881906104002
2012-08-06,0.06607401841847738
2012-08-07,0.06583491185385126
2012-08-08,0.065817896095274
2012-08-09,0.06562251522454321
2012-08-10,0.06571518077737015
2012-08-13,0.06572530225308815
2012-08-14,0.06581143982822757
2012-08-15,0.06574059337987181
2012-08-16,0.06503144421457696
2012-08-17,0.06457141511759312
2012-08-20,0.06486665281660386
2012-08-21,0.0650758761556014
2012-08-22,0.06625367305146346
2012-08-23,0.06660444327883341
2012-08-24,0.05894678274066112
2012-08-27,0.058958525277846174
2012-08-28,0.05867280538735642
2012-08-29,0.058548908532275235
2012-08-30,0.05888566878711732
2012-08-31,0.05865754025537284
2012-09-04,0.058204837587539804
2012-09-05,0.05851477282178397
2012-09-06,0.016544936094246343
2012-09-07,0.016537692503080792
2012-09-10,0.016689673927832827
2012-09-11,0.012892581801602021
2012-09-12,0.012775178804540488
2012-09-13,0.012620675121133296
2012-09-14,0.012556683839720417
2012-09-17,0.012621611610834083
2012-09-18,0.012727950250134956
2012-09-19,0.01952367762960483
2012-09-20,0.019624395337382694
2012-09-21,0.01962103959485484
2012-09-24,0.01973591702223887
2012-09-25,0.019911220147613262
2012-09-26,0.01096355739001198
2012-09-27,0.007736651306488707
2012-09-28,0.0021486760578330877
2012-10-01,0.00215949816003258
2012-10-02,0.0021611760392556967
2012-10-03,0.002152271307543363
2012-10-04,0.05932237415228814
2012-10-05,0.05910289598075269
2012-10-08,0.060031312354799415
2012-10-09,0.06023394199719534
2012-10-10,0.06040324127763019
2012-10-11,0.04938660586382948
2012-10-12,0.049658585207100536
2012-10-15,0.10704830986567371
2012-10-16,0.10615641756405525
2012-10-17,0.10418457768632905
2012-10-18,0.10426267126727262
2012-10-19,0.10537175164743429
2012-10-22,0.09509239272592396
2012-10-23,0.09693545044141383
2012-10-24,0.0969194974991977
2012-10-25,0.09758784833027034
2012-10-26,0.05099654908011553
2012-10-31,0.051234301262079174
2012-11-01,0.042543138882215836
2012-11-02,0.0434391364058897
2012-11-05,0.04286870754911776
2012-11-06,0.042439604947112186
2012-11-07,0.043263632810298325
2012-11-08,0.0001509443875250538
2012-11-09,0.0981951381264774
2012-11-12,9.723144726248023e-06
2012-11-13,0.09329435213806925
2012-11-14,0.09533596802399458
2012-11-15,0.3781044744344173
2012-11-16,0.47262945815292245
2012-11-19,0.46743938935364515
2012-11-20,0.0671455503095767
2012-11-21,0.06849297890218842
2012-11-23,0.06775460881829631
2012-11-26,0.0679762554973593
2012-11-27,0.06776011974490681
2012-11-28,0.06763121331182465
2012-11-29,0.06740109552743223
2012-11-30,0.06759586107541793
2012-12-03,0.06809956158396091
2012-12-04,0.06813046923165178
2012-12-05,0.06571227152203352
2012-12-06,0.06576236457488616
2012-12-07,0.06542332184618604
2012-12-10,0.06516933182378404
2012-12-11,0.06511590499991293
2012-12-12,0.06471527935504462
2012-12-13,0.06027615246314855
2012-12-14,0.058016029138066916
2012-12-17,0.057477413981801395
2012-12-18,0.056755646577971275
2012-12-19,0.056901127383357286
2012-12-20,0.056990121946038585
2012-12-21,0.054480264839826154
2012-12-24,0.05457140806105343
2012-12-26,0.05514999042677238
2012-12-27,0.05480684822820492
2012-12-28,0.05519239035350476
2012-12-31,0.05425751232513276
2013-01-02,0.05245678387358943
2013-01-03,0.05263707217082125
2013-01-04,0.0524019038416631
2013-01-07,0.05269762785362142
2013-01-08,0.052749839325420655
2013-01-09,0.05247858870343436
2013-01-10,0.05244707914022195
2013-01-11,0.05251858395223974
2013-01-14,0.052321945880920206
2013-01-15,0.052017180072221114
2013-01-16,0.05223508381854214
2013-01-17,0.05148333651083781
2013-01-18,0.05126784597931455
2013-01-22,0.011455713173332605
2013-01-23,0.01146858746188173
2013-01-24,0.011288375553592411
2013-01-25,0.011146518951641093
2013-01-28,0.011146243387252452
2013-01-29,0.011266546631158891
2013-01-30,0.01027359870085165
2013-01-31,0.010346885288100238
2013-02-01,0.010223838020942733
2013-02-04,0.010298284691347082
2013-02-05,0.010237088985714293
2013-02-06,0.010228392305574485
2013-02-07,0.010296134789085643
2013-02-08,0.0003083704177470059
2013-02-11,0.0570168861680902
2013-02-12,0.05674894644183348
2013-02-13,0.11435513327383773
2013-02-14,0.11411989437554204
2013-02-15,0.11335699544239863
2013-02-19,0.11331649090987572
2013-02-20,0.11712702123846819
2013-02-21,0.10870661574178253
2013-02-22,0.10569633953269941
2013-02-25,0.107840290678346
2013-02-26,0.10702218832337707
2013-02-27,0.10572909686181442
2013-02-28,0.10551741859015318
2013-03-01,0.1049189612765633
2013-03-04,0.10377794845203214
2013-03-05,0.1024579337580711
2013-03-06,0.1022778248127304
2013-03-07,0.10231627079259331
2013-03-08,0.1019614635039533
2013-03-11,0.10269952428762752
2013-03-12,0.10291880818593013
2013-03-13,0.10322989997493048
2013-03-14,0.10158778789684741
2013-03-15,0.14931087720676117
2013-03-18,0.14368810709547342
2013-03-19,0.14370238240518107
2013-03-20,0.09802549969163354
2013-03-21,0.0985085267427156
2013-03-22,0.09764015912262503
2013-03-25,0.09811246758674452
2013-03-26,0.09724469468214669
2013-03-27,0.15069999246389376
2013-03-28,0.15068368080065897
2013-04-01,0.15168814332630876
2013-04-02,0.15214729709783203
2013-04-03,0.11427725832160507
2013-04-04,0.06502416331043215
2013-04-05,0.06533641731965623
2013-04-08,0.06492416481041408
2013-04-09,0.06509395279516583
2013-04-10,0.062102426938957844
2013-04-11,0.06195806636931234
2013-04-12,0.05762546358834941
2013-04-15,0.059544986296319435
2013-04-16,0.06242747860779996
2013-04-17,0.06322126701038511
2013-04-18,0.058798668092921225
2013-04-19,0.052560966612351545
2013-04-22,0.05298340330977902
2013-04-23,0.05226619803734567
2013-04-24,0.052311870687612005
2013-04-25,0.05226009673864007
2013-04-26,0.052216649161803796
2013-04-29,0.05208231389200557
2013-04-30,0.05166691956188707
2013-05-01,0.052216837690349904
2013-05-02,0.04747802156148295
2013-05-03,0.04695814842569368
2013-05-06,0.10570680369362595
2013-05-07,0.10457673029889836
2013-05-08,0.10436243904706155
2013-05-09,0.10502526485579078
2013-05-10,0.10490694333729766
2013-05-13,0.10455031238529167
2013-05-14,0.10333308588933143
2013-05-15,0.102763921245006
2013-05-16,0.10364114558058746
2013-05-17,0.10297411537971246
2013-05-20,0.10329441761694147
2013-05-21,0.10266086866993096
2013-05-22,0.1038026308495672
2013-05-23,0.10435897189606691
2013-05-24,0.10435649024195504
2013-05-28,0.10352641240856786
2013-05-29,0.10452102663198481
2013-05-30,0.09692013115853748
2013-05-31,0.09785257874173103
2013-06-03,0.09723218224106756
2013-06-04,0.09738048329617388
2013-06-05,0.09872607324992555
2013-06-06,0.05338200646598157
2013-06-07,0.052670285471039247
2013-06-10,0.10908857241708747
2013-06-11,0.11048317691054532
2013-06-12,0.11083891950448421
2013-06-13,0.1089341916428277
2013-06-14,0.10931098568884212
2013-06-17,0.1077556604969524
2013-06-18,0.16261403531817265
2013-06-19,0.16413408596955492
2013-06-20,0.16916907131407666
2013-06-21,0.15406209448968444
2013-06-24,0.1554089360601567
2013-06-25,0.15779931302681194
2013-06-26,0.1568907376372538
2013-06-27,0.15567705902712903
2013-06-28,0.14786120097280553
2013-07-01,0.11353223886730313
2013-07-02,0.1135494231929155
2013-07-03,0.11315844993185797
2013-07-05,0.112105303068883
2013-07-08,0.1114477093749181
2013-07-09,0.11159262008606696
2013-07-10,0.11205334499091546
2013-07-11,0.11049791583997215
2013-07-12,0.11025761002152856
2013-07-15,0.1101838166998711
2013-07-16,0.11034340088276784
2013-07-17,0.11060967259375554
2013-07-18,0.10517729251786256
2013-07-19,0.1053528531615745
2013-07-22,0.1048490617196236
2013-07-23,0.10559857585409205
2013-07-24,0.10565858818794849
2013-07-25,0.10339808775599413
2013-07-26,0.10363703278550329
2013-07-29,0.10394957550658468
2013-07-30,0.1033343577937399
2013-07-31,0.10201753674045588
2013-08-01,0.10105801826219407
2013-08-02,0.10084811014607808
2013-08-05,0.10092584712715535
2013-08-06,0.10154670063204274
2013-08-07,0.10204842945465509
2013-08-08,0.10237624302256854
2013-08-09,0.10406401643014374
2013-08-12,0.10365437477285822
2013-08-13,0.10274466785180114
2013-08-14,0.10291505001258316
2013-08-15,0.10480728303644915
2013-08-16,0.10495501378709127
2013-08-19,0.10492806573166014
2013-08-20,0.1029884743593712
2013-08-21,0.16272839878272605
2013-08-22,0.16149447943728723
2013-08-23,0.16208089246837964
2013-08-26,0.16173091021481967
2013-08-27,0.15941472410599722
2013-08-28,0.15799187859977848
2013-08-29,0.1566815162062194
2013-08-30,0.15820601211787522
2013-09-03,0.15799744466355237
2013-09-04,0.1127853426970653
2013-09-05,0.16344359783016782
2013-09-06,0.16429059389522238
2013-09-09,0.16205521208592688
2013-09-10,0.15952865580719788
2013-09-11,0.15937872785037765
2013-09-12,0.15971148375445332
2013-09-13,0.158361804176259
2013-09-16,0.15771941347121798
2013-09-17,0.156662408192342
2013-09-18,0.1567664383033598
2013-09-19,0.15722948715080876
2013-09-20,0.15838372746677665
2013-09-23,0.1582375947995427
2013-09-24,0.15825837429237388
2013-09-25,0.15848120065414295
2013-09-26,0.15053063636715536
2013-09-27,0.1529796069412317
2013-09-30,0.1528273322876621
2013-10-01,0.15043334367154182
2013-10-02,0.15175089160231947
2013-10-03,0.15315220452402567
2013-10-04,0.1524704273543822
2013-10-07,0.15403649021726884
2013-10-08,0.1512812820980799
2013-10-09,0.15270914065565033
2013-10-10,0.1495296027178964
2013-10-11,0.14831521076190313
2013-10-14,0.14670198119965716
2013-10-15,0.14788716133988078
2013-10-16,0.14653324279224467
2013-10-17,0.14527999552724247
2013-10-18,0.14000491142045812
2013-10-21,0.1390325308921665
2013-10-22,0.13891666844596684
2013-10-23,0.1399730079892817
2013-10-24,0.13979832322748054
2013-10-25,0.09336652347042185
2013-10-28,0.09374152208812658
2013-10-29,0.09402098752468069
2013-10-30,0.08379658032394
2013-10-31,0.03549505177885992
2013-11-01,0.03556128702726424
2013-11-04,0.03512035725146778
2013-11-05,0.035055330460514456
2013-11-06,0.0355431238491849
2013-11-07,0.05618738076607732
2013-11-08,0.057996142303109455
2013-11-11,0.05763137350377301
2013-11-12,0.05714131462752836
2013-11-13,0.05642233246080308
2013-11-14,0.05658217865991011
2013-11-15,0.05658487306922977
2013-11-18,0.05407336567420484
2013-11-19,0.05430739194052403
2013-11-20,0.018046551838859615
2013-11-21,0.015876192892363528
2013-11-22,0.013659840930693612
2013-11-25,0.013708324618315948
2013-11-26,0.013594817672245796
2013-11-27,0.013590565587857983
2013-11-29,0.01361486515486432
2013-12-02,0.013695514765128203
2013-12-03,0.01372425898595997
2013-12-04,0.013722863304799549
2013-12-05,0.013786393254744178
2013-12-06,0.07969895035516283
2013-12-09,0.07968936549338046
2013-12-10,0.0798959312378319
2013-12-11,0.07173645148194607
2013-12-12,0.07160329240914276
2013-12-13,0.07049969147016477
2013-12-16,0.0703211068796109
2013-12-17,0.06968902976901814
2013-12-18,0.06886895347576516
2013-12-19,0.0691861863290486
2013-12-20,0.0682292628723602
2013-12-23,0.06791987670820399
2013-12-24,0.026857336268123255
2013-12-26,0.026748473285324703
2013-12-27,0.026879818924937515
2013-12-30,0.026928636983198806
2013-12-31,0.02678803806078711
2014-01-02,0.027213238266193818
2014-01-03,0.027220837827815925
2014-01-06,0.021665386272932907
2014-01-07,0.02140592059927704
2014-01-08,0.016346175939652707
2014-01-09,0.016321239387824482
2014-01-10,0.01625054570482909
2014-01-13,0.016361714847299758
2014-01-14,0.016269177082819608
2014-01-15,0.016011869237889775
2014-01-16,0.01587728265527122
2014-01-17,0.010345478333953828
2014-01-21,0.010231783599097155
2014-01-22,0.010034287085493365
2014-01-23,0.06509196716616705
2014-01-24,0.06731536988280995
2014-01-27,0.06999279789285073
2014-01-28,0.06522181225946666
2014-01-29,0.06581209681125066
2014-01-30,0.0638376299191451
2014-01-31,0.12146909925065053
2014-02-03,0.1253117488804344
2014-02-04,0.120654431792101
2014-02-05,0.12069167476121345
2014-02-06,0.07185219157373679
2014-02-07,0.07103101155331026
2014-02-10,0.07093632201406941
2014-02-11,0.02545637928700928
2014-02-12,0.025312621586765283
2014-02-13,0.025024118988574262
2014-02-14,0.02494614187858102
2014-02-18,0.02475500371565431
2014-02-19,0.024867210157427433
2014-02-20,0.07967122686111927
2014-02-21,0.07950494944679876
2014-02-24,0.13129134548150823
2014-02-25,0.1313469680221263
2014-02-26,0.13090545262389142
2014-02-27,0.12997663219751399
2014-02-28,0.18309665128995245
2014-03-03,0.18281845094604
2014-03-04,0.2337419787940207
2014-03-05,0.23336977013201887
2014-03-06,0.23442925285289473
2014-03-07,0.18430008307184131
2014-03-10,0.1844578011446084
2014-03-11,0.18568454051228322
2014-03-12,0.17348518891308118
2014-03-13,0.17605482475035106
2014-03-14,0.17618383644672064
2014-03-17,0.17535667002139976
2014-03-18,0.17380725046174295
2014-03-19,0.1757830637267025
2014-03-20,0.1741594000370108
2014-03-21,0.17609672904846474
2014-03-24,0.17671072526838238
2014-03-25,0.1759289972753012
2014-03-26,0.1779922584908885
2014-03-27,0.17318239376880673
2014-03-28,0.12340546474771164
2014-03-31,0.07727133645586703
2014-04-01,0.07643196145484699
2014-04-02,0.07597241723576176
2014-04-03,0.07630137939692971
2014-04-04,0.07758495570815549
2014-04-07,0.07976017307780003
2014-04-08,0.08150050132112607
2014-04-09,0.033908162185699364
2014-04-10,0.03478647902336118
2014-04-11,0.03781702301347367
2014-04-14,0.03458832860152061
2014-04-15,0.03430248722916018
2014-04-16,0.03375714408834196
2014-04-17,0.033396050277304856
2014-04-21,0.031863956165000706
2014-04-22,0.03164154980238265
2014-04-23,0.031452095896719046
2014-04-24,0.03143254097640591
2014-04-25,0.03199106632201465
2014-04-28,0.03202446621125132
2014-04-29,0.03210903244550656
2014-04-30,0.03060370814042912
2014-05-01,0.02770898131146604
2014-05-02,0.027597356444551413
2014-05-05,0.02771756250946744
2014-05-06,0.02394171509805121
2014-05-07,0.023894425944755326
2014-05-08,0.02456944639551817
2014-05-09,0.010000221243126495
2014-05-12,0.009734812770609946
2014-05-13,0.009708459403889758
2014-05-14,0.009790823369958623
2014-05-15,0.009935482551292174
2014-05-16,0.009875630667893653
2014-05-19,0.00979412638344701
2014-05-20,0.009921107686226116
2014-05-21,0.009862014315384138
2014-05-22,0.007166760696726948
2014-05-23,0.005311312997343998
2014-05-27,0.005266453336450705
2014-05-28,0.005263464147965746
2014-05-29,0.00401096596141437
2014-05-30,0.004004859215671841
2014-06-02,0.0039752117239496565
2014-06-03,0.003969019715703959
2014-06-04,0.003942738940460155
2014-06-05,0.003914962938454836
2014-06-06,0.0612541016682463
2014-06-09,0.06148451087658169
2014-06-10,0.06145323210209852
2014-06-11,0.06187163613665103
2014-06-12,0.06271718954303329
2014-06-13,0.06297462500902684
2014-06-16,0.06298915994602505
2014-06-17,0.05784550519696907
2014-06-18,0.0579732092702685
2014-06-19,0.05783586724320444
2014-06-20,0.057153150986053336
2014-06-23,0.05706476870930155
2014-06-24,0.057783663977898025
2014-06-25,0.05744031987956322
2014-06-26,0.057587417340741465
2014-06-27,0.05725696826570237
2014-06-30,0.05669893362057077
2014-07-01,0.05621842324588755
2014-07-02,0.056281263472212406
2014-07-03,0.05597480678903777
2014-07-07,0.05650252544025225
2014-07-08,0.056885115783042894
2014-07-09,0.05613113499778166
2014-07-10,0.11248787111947156
2014-07-11,0.11216133358897462
2014-07-14,0.1119146011143266
2014-07-15,0.112412193093401
2014-07-16,0.11197870687999512
2014-07-17,0.11367108398039871
2014-07-18,0.10918443228679708
2014-07-21,0.10913630540332286
2014-07-22,0.10822360291007393
2014-07-23,0.10891549193868788
2014-07-24,0.10904574364925734
2014-07-25,0.11089725808643336
2014-07-28,0.10830586088423166
2014-07-29,0.1090088406026799
2014-07-30,0.06628665779925236
2014-07-31,0.06776317238069196
2014-08-01,0.0680733324765056
2014-08-04,0.06719552937286632
2014-08-05,0.06823535389470436
2014-08-06,0.06085540335970607
2014-08-07,0.06126705827234946
2014-08-08,0.05398827712163223
2014-08-11,0.05006441937280659
2014-08-12,0.05008550602723005
2014-08-13,0.04956189183583781
2014-08-14,0.04938907243182722
2014-08-15,0.049239399876271794
2014-08-18,0.04839633268390808
2014-08-19,0.04824957014055575
2014-08-20,0.04812873523528005
2014-08-21,0.048671730088086895
2014-08-22,0.04841742530676274
2014-08-25,0.04845099411629339
2014-08-26,0.04845849910819011
2014-08-27,0.04778113528387884
2014-08-28,0.047352847674856924
2014-08-29,0.10582618751096684
2014-09-02,0.10514770408141028
2014-09-03,0.10494223919014223
2014-09-04,0.10522018924346488
2014-09-05,0.10469196403324066
2014-09-08,0.10487235131220862
2014-09-09,0.1055232121485905
2014-09-10,0.10528443542779586
2014-09-11,0.10598026113658343
2014-09-12,0.10762958457618454
2014-09-15,0.04313064873860617
2014-09-16,0.001095015672800681
2014-09-17,0.001091434415321002
2014-09-18,0.0010804389936714953
2014-09-19,0.0010849295249250046
2014-09-22,0.0010915377905738044
2014-09-23,0.0010981851972937662
2014-09-24,0.0010820929710825267
2014-09-25,0.0011020929204023089
2014-09-26,0.001094041295983672
2014-09-29,0.0010922113724763927
2014-09-30,0.0011015605510956705
2014-10-01,0.00027863836823283084
2014-10-02,0.08142648760850812
2014-10-03,0.08013648232358628
2014-10-06,0.0806940097398332
2014-10-07,0.37725392530139246
2014-10-08,0.07235365976988373
2014-10-09,0.07366585224654654
2014-10-10,0.17762241840463655
2014-10-13,0.07912421990505591
2014-10-14,0.2805454268647042
2014-10-15,0.37291971100406196
2014-10-16,0.3800632907560093
2014-10-17,0.5776086480133932
2014-10-20,0.5727667775489955
2014-10-21,0.5670528477574999
2014-10-22,0.5672226818824369
2014-10-23,0.6666048680172754
2014-10-24,0.6681114798940954
2014-10-27,0.6666906573216571
2014-10-28,0.6629578255112609
2014-10-29,0.6629422981270905
2014-10-30,0.6628977576271045
2014-10-31,0.6592771924971179
2014-11-03,0.6593129228117149
2014-11-04,0.7182265666665542
2014-11-05,0.7191822033836779
2014-11-06,0.5179367270984414
2014-11-07,0.41790333024403015
2014-11-10,0.3166011482762293
2014-11-11,0.11641575461373477
2014-11-12,0.11597481799027276
2014-11-13,0.01647557739936134
2014-11-14,0.016681735484634364
2014-11-17,0.016698370972143217
2014-11-18,0.016469986590135544
2014-11-19,0.01660953191985015
2014-11-20,0.016553809880196613
2014-11-21,0.016549290543826478
2014-11-24,0.016297653960355873
2014-11-25,0.016265542356628804
2014-11-26,0.016069981045075954
2014-11-28,0.016170975701108925
2014-12-01,0.016258130961377404
2014-12-02,0.008961675862443785
2014-12-03,0.0054660102422279255
2014-12-04,0.002145398860798786
2014-12-05,0.002143455955838647
2014-12-08,0.002154676265251121
2014-12-09,0.00215097253450669
2014-12-10,0.061452916233005084
2014-12-11,0.05618994713026049
2014-12-12,0.05677135256335031
2014-12-15,0.05696855207722218
2014-12-16,0.05767186456047868
2014-12-17,0.05617611108549847
2014-12-18,0.05527284785052422
2014-12-19,0.11695990001839562
2014-12-22,0.11634274081170992
2014-12-23,0.11589369503217184
2014-12-24,0.11077677342225734
2014-12-26,0.11019966026522787
2014-12-29,0.1100458564307556
2014-12-30,0.11055943039489469
2014-12-31,0.11137470980294228
2015-01-02,0.11158576629424
2015-01-05,0.11250420469108036
2015-01-06,0.3121170280517893
2015-01-07,0.307856958997184
2015-01-08,0.3032342989242358
2015-01-09,0.304971778887828
2015-01-12,0.3058532134394919
2015-01-13,0.30313012017706564
2015-01-14,0.304434772244325
2015-01-15,0.30648149409222725
2015-01-16,0.4494704538326746
2015-01-20,0.4479547439060869
2015-01-21,0.0478497244890258
2015-01-22,0.013054172861512225
2015-01-23,0.012983509129103177
2015-01-26,0.012831084289459893
2015-01-27,0.012930750267004187
2015-01-28,0.013111147230532638
2015-01-29,0.012918476388055655
2015-01-30,0.01314143849146765
2015-02-02,0.01324939181964313
2015-02-03,0.013226112766534737
2015-02-04,0.1092680370896052
2015-02-05,0.10890547318259292
2015-02-06,0.10920855284062003
2015-02-09,0.009413537894551904
2015-02-10,0.009201078925019424
2015-02-11,0.009222474188082086
2015-02-12,0.009107295781293434
2015-02-13,0.009097347935047906
2015-02-17,0.009077331821242485
2015-02-18,0.009019006636475813
2015-02-19,0.00898034067726261
2015-02-20,0.06432510048477558
2015-02-23,0.06413264573895494
2015-02-24,0.018983787879518044
2015-02-25,0.01904515514683469
2015-02-26,0.019001443339302315
2015-02-27,0.019029799793309543
2015-03-02,0.018691862412490434
2015-03-03,0.018911255020817586
2015-03-04,0.018794858946590054
2015-03-05,0.018559729515201018
2015-03-06,0.07485083310497798
2015-03-09,0.07423581532815704
2015-03-10,0.07394258880488347
2015-03-11,0.0739638284598374
2015-03-12,0.12767575794816932
2015-03-13,0.18263893593592817
2015-03-16,0.18308065256280415
2015-03-17,0.18223420598547968
2015-03-18,0.18207712833736478
2015-03-19,0.1809343229499989
2015-03-20,0.17898947466904913
2015-03-23,0.17872666970078166
2015-03-24,0.1791010498871396
2015-03-25,0.18355764534178753
2015-03-26,0.18593029945330564
2015-03-27,0.1687869633751391
2015-03-30,0.16733801399994952
2015-03-31,0.16794976251040827
2015-04-01,0.1691311919368813
2015-04-02,0.16931474902899935
2015-04-06,0.16986545023145794
2015-04-07,0.17093015388748556
2015-04-08,0.16897295938197265
2015-04-09,0.16967158098364077
2015-04-10,0.16864949178079758
2015-04-13,0.16940534514487404
2015-04-14,0.17018958219441227
2015-04-15,0.1693696431732964
2015-04-16,0.17025318238031606
2015-04-17,0.17021068092409442
2015-04-20,0.1655843245630797
2015-04-21,0.1618317202589744
2015-04-22,0.16199426881371115
2015-04-23,0.16093920605342904
2015-04-24,0.1614464995648972
2015-04-27,0.1634158094778151
2015-04-28,0.1209985246660461
2015-04-29,0.1225730161767753
2015-04-30,0.08077546811595737
2015-05-01,0.03940815624769134
2015-05-04,0.039052542982300875
2015-05-05,0.039539940400996065
2015-05-06,0.03955856711253625
2015-05-07,0.03905726101306384
2015-05-08,0.03916592898860183
2015-05-11,0.031830457599479
2015-05-12,0.029078358302179086
2015-05-13,0.031040118956129903
2015-05-14,0.03073894275837441
2015-05-15,0.0873252609210653
2015-05-18,0.08658532481462355
2015-05-19,0.08650293086703831
2015-05-20,0.0867933380429603
2015-05-21,0.0867818026405196
2015-05-22,0.0868206341142147
2015-05-26,0.08799170454465843
2015-05-27,0.0868026526241491
2015-05-28,0.08667937020348071
2015-05-29,0.08692186868516727
2015-06-01,0.08671122727274205
2015-06-02,0.08659252756767255
2015-06-03,0.08543579222394804
2015-06-04,0.08221390602845235
2015-06-05,0.07887685661141564
2015-06-08,0.07972073537605417
2015-06-09,0.07465311784832418
2015-06-10,0.07280683624891582
2015-06-11,0.07305950044952225
2015-06-12,0.07302481819166284
2015-06-15,0.07270879950706954
2015-06-16,0.07486889098227179
2015-06-17,0.07458221029724499
2015-06-18,0.07372865569918363
2015-06-19,0.030868059306750517
2015-06-22,0.030976392007752485
2015-06-23,0.030995920676886834
2015-06-24,0.03129430500459551
2015-06-25,0.03135673475575629
2015-06-26,0.021714505676117657
2015-06-29,0.014474039073559153
2015-06-30,0.014313318129783204
2015-07-01,0.014161865288763176
2015-07-02,0.014255769304390542
2015-07-06,0.014235174902287318
2015-07-07,0.016612676450544317
2015-07-08,0.016797589327315454
2015-07-09,0.013318427196444382
2015-07-10,0.013037837714309886
2015-07-13,0.012964740175008371
2015-07-14,0.012908483472803822
2015-07-15,0.013034380276170987
2015-07-16,0.01294552669804494
2015-07-17,0.013003163798292361
2015-07-20,0.012935669083719459
2015-07-21,0.012914997861112276
2015-07-22,0.008841647831419053
2015-07-23,0.00892950691334693
2015-07-24,0.008892904966270265
2015-07-27,0.07261583400778215
2015-07-28,0.06875350340278819
2015-07-29,0.06309454661608538
2015-07-30,0.06234128972595365
2015-07-31,0.055629240928198875
2015-08-03,0.05586042486697196
2015-08-04,0.05543145268264449
2015-08-05,0.11408633343208652
2015-08-06,0.11590121187150049
2015-08-07,0.06968561959606212
2015-08-10,0.06854460020857589
2015-08-11,0.0690973658562285
2015-08-12,0.06939238162069739
2015-08-13,0.06334695143094393
2015-08-14,0.06321842104322173
2015-08-17,0.06291754709683606
2015-08-18,0.06293773605233943
2015-08-19,0.06316536010684348
2015-08-20,0.056348618731170586
2015-08-21,0.057417876232910725
2015-08-24,0.4564836861805627
2015-08-25,0.6212553839809947
2015-08-26,0.7294284713398853
2015-08-27,0.7277524150978727
2015-08-28,0.7280155100094003
2015-08-31,0.7284500677882983
2015-09-01,0.7325982989476294
2015-09-02,0.727719997173472
2015-09-03,0.7300229381782593
2015-09-04,0.8339378588890566
2015-09-08,0.830565670165674
2015-09-09,0.8319982782028484
2015-09-10,0.8314688578774245
2015-09-11,0.8310535568090679
2015-09-14,0.9356191072630746
2015-09-15,0.935179159432451
2015-09-16,0.9352001042276123
2015-09-17,0.9352838885094987
2015-09-18,0.9362483012549858
2015-09-21,0.935702953786054
2015-09-22,0.937172644233588
2015-09-23,0.9375302678074631
2015-09-24,0.9388368535563633
2015-09-25,1.0
2015-09-28,1.0
2015-09-29,1.0
2015-09-30,1.0
2015-10-01,1.0
2015-10-02,1.0
2015-10-05,1.0
2015-10-06,1.0
2015-10-07,1.0
2015-10-08,1.0
2015-10-09,1.0
2015-10-12,1.0
2015-10-13,1.0
2015-10-14,1.0
2015-10-15,1.0
2015-10-16,1.0
2015-10-19,1.0
2015-10-20,1.0
2015-10-21,1.0
2015-10-22,1.0
2015-10-23,1.0
2015-10-26,1.0
2015-10-27,0.7001232667155228
2015-10-28,0.49881103292234574
2015-10-29,0.19972411437904247
2015-10-30,0.10060448007805944
2015-11-02,0.0004260748188832375
2015-11-03,0.0004280372565006463
2015-11-04,0.08862454963613275
2015-11-05,0.08844799348628352
2015-11-06,0.08793518908065956
2015-11-09,0.08878449415698197
2015-11-10,0.08803485554888957
2015-11-11,0.0875690794404751
2015-11-12,0.08867726100026707
2015-11-13,0.08941999213023633
2015-11-16,0.08884257483065672
2015-11-17,0.08801571499731187
2015-11-18,0.08741229916154813
2015-11-19,0.08441422131566312
2015-11-20,0.0834953518105539
2015-11-23,0.08301040005850291
2015-11-24,0.0838649641777569
2015-11-25,0.0777841336393581
2015-11-27,0.07737646712892432
2015-11-30,0.07783861726510322
2015-12-01,0.07728458602338306
2015-12-02,0.07757090990908078
2015-12-03,0.07866708738580896
2015-12-04,0.07676247559851901
2015-12-07,0.07710084614880197
2015-12-08,0.07703342572467553
2015-12-09,0.07886494788586551
2015-12-10,0.0787462541486128
2015-12-11,0.08008701565415288
2015-12-14,0.37286931267426004
2015-12-15,0.47416591139577047
2015-12-16,0.4690608163332416
2015-12-17,0.06919780211919879
2015-12-18,0.16648801258090773
2015-12-21,0.27255740694811104
2015-12-22,0.27186519564368594
2015-12-23,0.2711677700980992
2015-12-24,0.27068146594517706
2015-12-28,0.27010607577473056
2015-12-29,0.2683082693786657
2015-12-30,0.2699222776861837
2015-12-31,0.2729143437917483
2016-01-04,0.38220034442705464
2016-01-05,0.37978094360595305
2016-01-06,0.3818191705640275
2016-01-07,0.3838428244982689
2016-01-08,0.47819300943326504
2016-01-11,0.6674866039729623
2016-01-12,0.7670556025203155
2016-01-13,0.7697561595635887
2016-01-14,0.7726751839269292
2016-01-15,0.7742049344436077
2016-01-19,0.769946999477626
2016-01-20,0.7739923549640777
2016-01-21,0.8886551010677206
2016-01-22,0.8850074784065595
2016-01-25,0.8853564991928776
2016-01-26,0.8852675502533255
2016-01-27,0.8868241106929773
2016-01-28,0.882919001940262
2016-01-29,0.8824698876096224
2016-02-01,0.881192925151355
2016-02-02,0.8824494769167165
2016-02-03,0.8838869444212052
2016-02-04,0.8862474684378756
2016-02-05,0.8922622766073245
2016-02-08,1.0
2016-02-09,1.0
2016-02-10,1.0
2016-02-11,1.0
2016-02-12,1.0
2016-02-16,1.0
2016-02-17,1.0
2016-02-18,1.0
2016-02-19,1.0
2016-02-22,1.0
2016-02-23,1.0
2016-02-24,1.0
2016-02-25,1.0
2016-02-26,1.0
2016-02-29,1.0
2016-03-01,1.0
2016-03-02,1.0
2016-03-03,1.0
2016-03-04,1.0
2016-03-07,1.0
2016-03-08,1.0
2016-03-09,1.0
2016-03-10,1.0
2016-03-11,1.0
2016-03-14,0.6002361339899354
2016-03-15,0.5021572303817259
2016-03-16,0.001695276266105994
2016-03-17,0.001684906288061394
2016-03-18,0.0017015650639113922
2016-03-21,0.0017051872558391246
2016-03-22,0.0017026908925580342
2016-03-23,0.0017049860815865348
2016-03-24,0.0016945768989500287
2016-03-28,0.001688079982623436
2016-03-29,0.0016523000361678974
2016-03-30,0.0016471886890723209
2016-03-31,0.0016566833369848766
2016-04-01,0.0016436073325687417
2016-04-04,0.0016463254241581016
2016-04-05,0.0016740423513714742
2016-04-06,0.001665685029359265
2016-04-07,0.0016756199904649494
2016-04-08,0.09552186466360368
2016-04-11,0.09592843340961599
2016-04-12,0.09565421363036863
2016-04-13,0.0952904521752106
2016-04-14,0.09093728479521657
2016-04-15,0.09031845525643212
2016-04-18,0.08977794915671777
2016-04-19,0.09084269711804616
2016-04-20,0.07820617318592904
2016-04-21,0.07959710587038693
2016-04-22,0.07341502516811815
2016-04-25,0.07331482905603837
2016-04-26,0.07282649107857286
2016-04-27,0.07257696564147376
2016-04-28,0.07337124730496991
2016-04-29,0.07409376149395652
2016-05-02,0.07501148104460353
2016-05-03,0.07631215016816761
2016-05-04,0.07205183778493285
2016-05-05,0.06728579341602925
2016-05-06,0.06664174114430899
2016-05-09,0.0666556993562788
2016-05-10,0.06602646181156169
2016-05-11,0.06655097210909433
2016-05-12,0.06545270703912343
2016-05-13,0.06580504628966699
2016-05-16,0.058576090827759275
2016-05-17,0.0593668601940166
2016-05-18,0.059815479107506064
2016-05-19,0.05946329528419958
2016-05-20,0.058984870313988025
2016-05-23,0.05909892045039333
2016-05-24,0.05796174944213228
2016-05-25,0.05819619514254004
2016-05-26,0.05522114885599849
2016-05-27,0.05502864042954081
2016-05-31,0.05493096202874703
2016-06-01,0.05466813866711173
2016-06-02,0.05448011986383461
2016-06-03,0.05425017892532358
2016-06-06,0.05424869140636479
2016-06-07,0.053964841066405866
2016-06-08,0.05333872244347482
2016-06-09,0.012373662568596955
2016-06-10,0.012438848997146423
2016-06-13,0.012536968349626587
2016-06-14,0.00826776908806226
2016-06-15,0.008246827334539186
2016-06-16,0.008220066243075586
2016-06-17,0.008215373743888588
2016-06-20,0.008164088636814837
2016-06-21,0.008144179282282393
2016-06-22,0.06632550913140645
2016-06-23,0.06543947013750717
2016-06-24,0.12128802098309588
2016-06-27,0.12273199815271829
2016-06-28,0.21633080843595887
2016-06-29,0.11563453443689031
2016-06-30,0.1708742073349825
2016-07-01,0.26379641819491073
2016-07-05,0.26407017241935105
2016-07-06,0.2634886881063674
2016-07-07,0.26466200593581135
2016-07-08,0.26218074572367
2016-07-11,0.2607288938043749
2016-07-12,0.260957848086244
2016-07-13,0.26125476862247965
2016-07-14,0.26169301337294204
2016-07-15,0.26094650932955665
2016-07-18,0.2611386852329347
2016-07-19,0.26200382684012713
2016-07-20,0.26136776735544487
2016-07-21,0.2623353980271902
2016-07-22,0.2602627956679915
2016-07-25,0.1116058848288447
2016-07-26,0.11156729706226953
2016-07-27,0.11211538097665297
2016-07-28,0.11139834774625001
2016-07-29,0.111477365378021
2016-08-01,0.11171779458836217
2016-08-02,0.11442610172776868
2016-08-03,0.1028996026638953
2016-08-04,0.10245006118966915
2016-08-05,0.09663946958165404
2016-08-08,0.05104002926793738
2016-08-09,0.009656924245587395
2016-08-10,0.009763391596081084
2016-08-11,0.002263740859428931
2016-08-12,0.0022627049029372293
2016-08-15,0.0022511729516300205
2016-08-16,0.0022847766369490374
2016-08-17,0.06531726046797626
2016-08-18,0.024686990050357682
2016-08-19,0.02455067675335265
2016-08-22,0.02460779456339257
2016-08-23,0.024460648619242797
2016-08-24,0.02505499214315099
2016-08-25,0.00788141566212952
2016-08-26,0.007870983940246212
2016-08-29,0.008383808942358018
2016-08-30,0.0008760336160710258
2016-08-31,0.0008809301186205598
2016-09-01,0.0008823465932014107
2016-09-02,0.09683311961427843
2016-09-06,0.09752840835993837
2016-09-07,0.09894626224855341
2016-09-08,0.10005523800801075
2016-09-09,0.10023950865374254
2016-09-12,0.008522140610885631
2016-09-13,0.008649100139609955
2016-09-14,0.021361546892634253
2016-09-15,0.02100674577047701
2016-09-16,0.021012345045294922
2016-09-19,0.08058914913541726
2016-09-20,0.08051411425414656
2016-09-21,0.08362738966841199
2016-09-22,0.08316655786966953
2016-09-23,0.08378928625959525
2016-09-26,0.08448722415852428
2016-09-27,0.08377172164709756
2016-09-28,0.08329759618479649
2016-09-29,0.08439679997026495
2016-09-30,0.0855719633438512
2016-10-03,0.0831182080495454
2016-10-04,0.08337256635744461
2016-10-05,0.08323726291527189
2016-10-06,0.08350019450049806
2016-10-07,0.07814805421208848
2016-10-10,0.07740859884577833
2016-10-11,0.0795993834941382
2016-10-12,0.0773460252994368
2016-10-13,0.061946898579094745
2016-10-14,0.062149719749327814
2016-10-17,0.06229315676422398
2016-10-18,0.06198770991044389
2016-10-19,0.069058173038832
2016-10-20,0.06935855678140268
2016-10-21,0.06945685749951269
2016-10-24,0.07248771486776517
2016-10-25,0.07519816791856715
2016-10-26,0.0755867860913415
2016-10-27,0.07671075561239316
2016-10-28,0.08054393413296956
2016-10-31,0.0895766991448278
2016-11-01,0.09054950812181473
2016-11-02,0.09167899719186245
2016-11-03,0.09242339616174466
2016-11-04,0.09539503616472056
2016-11-07,0.0938241165938748
2016-11-08,0.09372198899429218
2016-11-09,0.09152561571650863
2016-11-10,0.089677836061132
2016-11-11,0.0875798802495299
2016-11-14,0.08673887131743108
2016-11-15,0.08651850446035647
2016-11-16,0.08626790585049138
2016-11-17,0.0861605659004806
2016-11-18,0.08547117532781912
2016-11-21,0.08475896542573769
2016-11-22,0.08386224187398483
2016-11-23,0.037248219927081494
2016-11-25,0.03725182966543772
2016-11-28,0.0901750584694988
2016-11-29,0.08976861215331755
2016-11-30,0.09038443109331895
2016-12-01,0.09099907537475527
2016-12-02,0.13462761331096507
2016-12-05,0.13284092177490914
2016-12-06,0.13127791780983034
2016-12-07,0.1298977304673803
2016-12-08,0.18401271733807723
2016-12-09,0.23547205199778265
2016-12-12,0.23720428933300786
2016-12-13,0.23779025506816842
2016-12-14,0.23972384080807396
2016-12-15,0.2373073724724678
2016-12-16,0.23791432337231955
2016-12-19,0.23640528592111199
2016-12-20,0.23430017667810044
2016-12-21,0.2891606953188932
2016-12-22,0.2919994492534316
2016-12-23,0.23743623433268068
2016-12-27,0.2370279713740744
2016-12-28,0.23913382109372994
2016-12-29,0.23972813980701302
2016-12-30,0.24153483587845404
2017-01-03,0.23020425509558262
2017-01-04,0.2275978874774719
2017-01-05,0.22865319811130147
2017-01-06,0.22967047041666222
2017-01-09,0.2276525275655542
2017-01-10,0.22485164656903278
2017-01-11,0.2810935078626515
2017-01-12,0.2826037285670766
2017-01-13,0.2799790021915496
2017-01-17,0.28262142082020514
2017-01-18,0.2815421175188373
2017-01-19,0.28013420065044337
2017-01-20,0.23208790195232776
2017-01-23,0.23303287368882997
2017-01-24,0.18058444261399365
2017-01-25,0.1790530673374573
2017-01-26,0.17525094241155703
2017-01-27,0.1759189215002709
2017-01-30,0.1775669318560138
2017-01-31,0.12829937591359686
2017-02-01,0.12788493831249226
2017-02-02,0.12834593693967822
2017-02-03,0.1269411510676305
2017-02-06,0.12765871431754516
2017-02-07,0.1271949666482176
2017-02-08,0.12771112097499615
2017-02-09,0.125158719634343
2017-02-10,0.18293861284441426
2017-02-13,0.17751530638361512
2017-02-14,0.17648076337960927
2017-02-15,0.17584280861442736
2017-02-16,0.17606543459687596
2017-02-17,0.11772199425837027
2017-02-21,0.11678465129310311
2017-02-22,0.1164130681454918
2017-02-23,0.11648387393571669
2017-02-24,0.11635205962385708
2017-02-27,0.11639558641091796
2017-02-28,0.11774438556797151
2017-03-01,0.11528790772104158
2017-03-02,0.11758242211674885
2017-03-03,0.11746895056796569
2017-03-06,0.11724830999476188
2017-03-07,0.11750726310120374
2017-03-08,0.117238631638239
2017-03-09,0.1175103808122312
2017-03-10,0.1170213448290458
2017-03-13,0.11787308869352364
2017-03-14,0.11728207308858041
2017-03-15,0.11616762877475972
2017-03-16,0.11090331405881881
2017-03-17,0.11111398643431103
2017-03-20,0.10748620832623801
2017-03-21,0.11062865651562959
2017-03-22,0.06655500066488285
2017-03-23,0.05866426401063396
2017-03-24,0.05862427016138627
2017-03-27,0.05877188361777419
2017-03-28,0.057770812071710864
2017-03-29,0.05790230893520143
2017-03-30,0.05719447314664894
2017-03-31,0.05697960581292383
2017-04-03,0.05778819710911254
2017-04-04,0.05785556695510674
2017-04-05,0.058925340561580275
2017-04-06,0.013190125361644545
2017-04-07,0.013076578572947861
2017-04-10,0.013113818397122778
2017-04-11,0.006932954299370908
2017-04-12,0.00700934240805362
2017-04-13,7.42764392869244e-05
2017-04-17,0.00040059762694111267
2017-04-18,0.00040198285397097244
2017-04-19,0.0040581392057110754
2017-04-20,0.004005961740637498
2017-04-21,0.004047871566174588
2017-04-24,0.08832720352826817
2017-04-25,0.08759293599186757
2017-04-26,0.08722569591451002
2017-04-27,0.08556614277737051
2017-04-28,0.08654017201082675
2017-05-01,0.08777357280425169
2017-05-02,0.04873673014978308
2017-05-03,0.048388612377783025
2017-05-04,0.047657457348891374
2017-05-05,0.10280675588947685
2017-05-08,0.10337977391764008
2017-05-09,0.08630891854521305
2017-05-10,0.08528726511740481
2017-05-11,0.1416880400815147
2017-05-12,0.1419865152453088
2017-05-15,0.14041684549295919
2017-05-16,0.13832194146690158
2017-05-17,0.14353320214812615
2017-05-18,0.14141581913849854
2017-05-19,0.14055175507648976
2017-05-22,0.13801359863351015
2017-05-23,0.19192954387491734
2017-05-24,0.2468350093704682
2017-05-25,0.24625029593730552
2017-05-26,0.2438989877090013
2017-05-30,0.24568168796768186
2017-05-31,0.24550804351766908
2017-06-01,0.24282032534055753
2017-06-02,0.24325432857359375
2017-06-05,0.18288920055989533
2017-06-06,0.18287676340075765
2017-06-07,0.1816044485800894
2017-06-08,0.1794465499233706
2017-06-09,0.18691803975186616
2017-06-12,0.18890312219792993
2017-06-13,0.18715078950746744
2017-06-14,0.1891873734003876
2017-06-15,0.1914045580948912
2017-06-16,0.1405037739406596
2017-06-19,0.13786003422788384
2017-06-20,0.13957415511945215
2017-06-21,0.127834997394223
2017-06-22,0.12839624824357176
2017-06-23,0.12745749708415
2017-06-26,0.12798527725015862
2017-06-27,0.13013303142616317
2017-06-28,0.08380706013327144
2017-06-29,0.0859889626857473
2017-06-30,0.07818520372529991
2017-07-03,0.07886963237078204
2017-07-05,0.043030903517364716
2017-07-06,0.043382441212949874
2017-07-07,0.03941585542267634
2017-07-10,0.03933596220796276
2017-07-11,0.03915343499864443
2017-07-12,0.03873646648323681
2017-07-13,0.03883825672082075
2017-07-14,0.03870422863830514
2017-07-17,0.03877185520501725
2017-07-18,0.038921379179262194
2017-07-19,0.03788787013003547
2017-07-20,0.03792478692086454
2017-07-21,0.037628090805856385
2017-07-24,0.09096766375067933
2017-07-25,0.09153150413288302
2017-07-26,0.09131498102877078
2017-07-27,0.1521739041845357
2017-07-28,0.10643352126634709
2017-07-31,0.09609328874459644
2017-08-01,0.08727108728416555
2017-08-02,0.0770175748610058
2017-08-03,0.07737662075411944
2017-08-04,0.07733842349493669
2017-08-07,0.07680296124111707
2017-08-08,0.07677094185630517
2017-08-09,0.07693012641316255
2017-08-10,0.07856206462782866
2017-08-11,0.07862487150763608
2017-08-14,0.07316688720645004
2017-08-15,0.07318184788736382
2017-08-16,0.0727327310936362
2017-08-17,0.07390215212416218
2017-08-18,0.07410889851688951
2017-08-21,0.07395301560349976
2017-08-22,0.07182411756146223
2017-08-23,0.07237654356309153
2017-08-24,0.0684745501918218
2017-08-25,0.06850813325029381
2017-08-28,0.06840151050860277
2017-08-29,0.06845023691594854
2017-08-30,0.06790926872434344
2017-08-31,0.0664626992136722
2017-09-01,0.1766950749235775
2017-09-05,0.17800705992279375
2017-09-06,0.178230764140748
2017-09-07,0.17721846577317246
2017-09-08,0.17622214584366025
2017-09-11,0.17455355358229196
2017-09-12,0.17442488191993855
2017-09-13,0.17432855881618192
2017-09-14,0.17384651347782987
2017-09-15,0.17358353697606077
2017-09-18,0.1676443178322331
2017-09-19,0.16662940899296907
2017-09-20,0.22249752777212572
2017-09-21,0.17286257557151807
2017-09-22,0.17301919726165682
2017-09-25,0.12692841534303556
2017-09-26,0.12664983080308545
2017-09-27,0.11335758370277826
2017-09-28,0.11308552143255646
2017-09-29,0.11221840366254077
2017-10-02,0.11107115410294577
2017-10-03,0.11063569275665974
2017-10-04,0.11066441550265349
2017-10-05,0.10977566764861268
2017-10-06,0.10878343787246181
2017-10-09,0.10941548137220447
2017-10-10,0.10947950505024284
2017-10-11,0.1620468220748711
2017-10-12,0.16184300056785095
2017-10-13,0.16130365885653064
2017-10-16,0.16116294673622678
2017-10-17,0.21839826082929992
2017-10-18,0.21735601438428287
2017-10-19,0.2166233394433139
2017-10-20,0.21432537855995626
2017-10-23,0.21503492868802299
2017-10-24,0.21438181097418452
2017-10-25,0.2153043143602411
2017-10-26,0.213824370618648
2017-10-27,0.21255971508521143
2017-10-30,0.212014925004531
2017-10-31,0.2092989674025355
2017-11-01,0.2640896262945418
2017-11-02,0.26126222415564326
2017-11-03,0.25938013864434073
2017-11-06,0.31003200942387754
2017-11-07,0.31148987311796894
2017-11-08,0.25392726023378176
2017-11-09,0.2544072724087888
2017-11-10,0.2539658832091213
2017-11-13,0.25272491378275963
2017-11-14,0.2522885760260064
2017-11-15,0.25273136484743663
2017-11-16,0.24942159965135058
2017-11-17,0.248594063819927
2017-11-20,0.29950480983718797
2017-11-21,0.29595280084051734
2017-11-22,0.2971089976763134
2017-11-24,0.29644670249826055
2017-11-27,0.30079950970399894
2017-11-28,0.29851288136948684
2017-11-29,0.3035995425694922
2017-11-30,0.3037361064207472
2017-12-01,0.30101211464931044
2017-12-04,0.26321356108188
2017-12-05,0.2079710874798396
2017-12-06,0.20761495343919845
2017-12-07,0.20579717462271374
2017-12-08,0.2069074608994158
2017-12-11,0.20717840258986575
2017-12-12,0.20829374839512005
2017-12-13,0.2078048842299972
2017-12-14,0.16901542054163476
2017-12-15,0.16083907574513967
2017-12-18,0.15897353371362177
2017-12-19,0.15935574594113866
2017-12-20,0.15899118168949444
2017-12-21,0.15802694544548723
2017-12-22,0.11061637404484714
2017-12-26,0.11068198026540632
2017-12-27,0.11180775709359503
2017-12-28,0.16344351019824122
2017-12-29,0.16465335383936486
2018-01-02,0.16572031929056596
2018-01-03,0.16523114918778314
2018-01-04,0.16533148503758122
2018-01-05,0.16350464815282761
2018-01-08,0.16272297011466397
2018-01-09,0.16229750617992666
2018-01-10,0.1513754480097862
2018-01-11,0.14954529027605157
2018-01-12,0.14991080755074715
2018-01-16,0.15130214086005123
2018-01-17,0.1493852477458152
2018-01-18,0.14969512025825582
2018-01-19,0.1483669771168148
2018-01-22,0.14797571035809676
2018-01-23,0.13940353220795876
2018-01-24,0.140135019611344
2018-01-25,0.14095866428852266
2018-01-26,0.09965926415514881
2018-01-29,0.1010380127979622
2018-01-30,0.0929026198589028
2018-01-31,0.09296310608953995
2018-02-01,0.05104914623993717
2018-02-02,0.0480560520048835
2018-02-05,0.002368435793655199
2018-02-06,0.0993656314022946
2018-02-07,0.19654518179156155
2018-02-08,0.20376664331290395
2018-02-09,0.26817880785616555
2018-02-12,0.2671383022263275
2018-02-13,0.3658890919201613
2018-02-14,0.36067593719672797
2018-02-15,0.3590392506492339
2018-02-16,0.3598547077169313
2018-02-20,0.36154470079651757
2018-02-21,0.3611470496604029
2018-02-22,0.36108713029174055
2018-02-23,0.359006446112208
2018-02-26,0.35670409555104665
2018-02-27,0.35908080656347496
2018-02-28,0.3606706354346635
2018-03-01,0.4658430750705267
2018-03-02,0.5707018813131584
2018-03-05,0.5680934813305778
2018-03-06,0.5654409509051879
2018-03-07,0.5569353414582374
2018-03-08,0.5601422204689656
2018-03-09,0.5575981256627442
2018-03-12,0.5580978188526559
2018-03-13,0.4580453638936163
2018-03-14,0.15795270318419985
2018-03-15,0.05809570882604154
2018-03-16,0.05772981056476645
2018-03-19,0.05799740840475032
2018-03-20,0.05764191546513997
2018-03-21,0.05710251680397205
2018-03-22,0.05854451567330965
2018-03-23,0.05913775137587263
2018-03-26,0.06206207793135443
2018-03-27,0.063742304468558
2018-03-28,0.06438690154745363
2018-03-29,0.06265604011212333
2018-04-02,0.06395464443172272
2018-04-03,0.06278363601540293
2018-04-04,0.12552332845891867
2018-04-05,0.22182648358638124
2018-04-06,0.4213250175108657
2018-04-09,0.5197707986839102
2018-04-10,0.515979531962445
2018-04-11,0.5163360840491427
2018-04-12,0.5148565613738465
2018-04-13,0.5156149922354676
2018-04-16,0.5152538382795935
2018-04-17,0.5120697886500003
2018-04-18,0.5128890244840654
2018-04-19,0.5148923589962036
2018-04-20,0.5193155268502955
2018-04-23,0.6157935366988632
2018-04-24,0.015144929286579623
2018-04-25,0.014858365362183212
2018-04-26,0.01464011294877865
2018-04-27,0.014823085968694971
2018-04-30,0.01483799074290193
2018-05-01,0.015232300125162967
2018-05-02,0.09893658882505951
2018-05-03,0.09893770539055191
2018-05-04,0.09837382599693789
2018-05-07,0.09758526139714019
2018-05-08,0.09822953549461266
2018-05-09,0.09706524880377976
2018-05-10,0.09637159299871345
2018-05-11,0.09587025583063791
2018-05-14,0.09644460418588552
2018-05-15,0.09596265222059208
2018-05-16,0.059302121176122546
2018-05-17,0.05898914757924023
2018-05-18,0.05919130904613845
2018-05-21,0.058965643298946824
2018-05-22,0.059707671151068675
2018-05-23,0.022208312862831314
2018-05-24,0.022144532131265326
2018-05-25,0.022180509114001046
2018-05-29,0.01587555594026102
2018-05-30,0.01564655660042702
2018-05-31,0.01570132840809313
2018-06-01,0.015309845731616534
2018-06-04,0.0712034579608789
2018-06-05,0.07053737100289392
2018-06-06,0.12164982429873639
2018-06-07,0.12240915471359604
2018-06-08,0.12182176188338845
2018-06-11,0.12233265751452882
2018-06-12,0.12218769289582476
2018-06-13,0.12010923408590557
2018-06-14,0.17327885022756617
2018-06-15,0.17294629431427366
2018-06-18,0.22290773003344933
2018-06-19,0.222729533099984
2018-06-20,0.22050665833948657
2018-06-21,0.2734762183774625
2018-06-22,0.275140986879731
2018-06-25,0.2804361205174707
2018-06-26,0.2790869522777415
2018-06-27,0.2837271936684097
2018-06-28,0.2720153517649603
2018-06-29,0.2715147838290163
2018-07-02,0.2699087049469021
2018-07-03,0.26989696189863566
2018-07-05,0.26888184876474974
2018-07-06,0.2657986746115716
2018-07-09,0.264736189249444
2018-07-10,0.2647874338236099
2018-07-11,0.26447281092408514
2018-07-12,0.26466096603871114
2018-07-13,0.26389047170362456
2018-07-16,0.2640618293892928
2018-07-17,0.262067658664385
2018-07-18,0.2624538928547345
2018-07-19,0.2628600677920262
2018-07-20,0.21407896639067292
2018-07-23,0.21481636281927852
2018-07-24,0.21598203134486338
2018-07-25,0.21119049681502955
2018-07-26,0.2115133973510953
2018-07-27,0.2170177972529097
2018-07-30,0.10957676665856586
2018-07-31,0.10342953611562455
2018-08-01,0.10287229992842695
2018-08-02,0.10142794852291226
2018-08-03,0.10220271444390805
2018-08-06,0.10043327173589489
2018-08-07,0.1004713333823104
2018-08-08,0.10019675527481808
2018-08-09,0.09958012426653173
2018-08-10,0.09999219785026359
2018-08-13,0.10078792215433863
2018-08-14,0.0995947940592774
2018-08-15,0.162201454687653
2018-08-16,0.16129181055602215
2018-08-17,0.16099045338605777
2018-08-20,0.16115610421530757
2018-08-21,0.15223522377876852
2018-08-22,0.15256821782238073
2018-08-23,0.15145476133357094
2018-08-24,0.14989129239922572
2018-08-27,0.1501703707575478
2018-08-28,0.20159743436991195
2018-08-29,0.19956959984345357
2018-08-30,0.19958065344196518
2018-08-31,0.19852701450792443
2018-09-04,0.1990142452072855
2018-09-05,0.2042501873983975
2018-09-06,0.1369486825487638
2018-09-07,0.13732602422299667
2018-09-10,0.13696370802151425
2018-09-11,0.1360783253036888
2018-09-12,0.11476550740132851
2018-09-13,0.11443191869590197
2018-09-14,0.11370418827478546
2018-09-17,0.11416187357535257
2018-09-18,0.1133937031294947
2018-09-19,0.11387315407946264
2018-09-20,0.11349030324544429
2018-09-21,0.11349982955783178
2018-09-24,0.11265479528615885
2018-09-25,0.1128976619060611
2018-09-26,0.05761982585916603
2018-09-27,0.11260467840099664
2018-09-28,0.1122422290438938
2018-10-01,0.11180543206079052
2018-10-02,0.11292929811828811
2018-10-03,0.11223235971847201
2018-10-04,0.11389191830184775
2018-10-05,0.058393245925876025
2018-10-08,0.055454672466179855
2018-10-09,0.055346969317204286
2018-10-10,0.057934429823309874
2018-10-11,0.11043421458355418
2018-10-12,0.4804640184918668
2018-10-15,0.179930671663037
2018-10-16,0.07863400110117102
2018-10-17,0.07889244608034984
2018-10-18,0.07966574410115546
2018-10-19,0.0794570746117903
2018-10-22,0.08937430386461487
2018-10-23,0.09070112106573103
2018-10-24,0.09366091137142729
2018-10-25,0.28036718068855626
2018-10-26,0.2830085115211499
2018-10-29,0.4865410064138107
2018-10-30,0.48464633637791843
2018-10-31,0.5864053261920675
2018-11-01,0.5837885060186441
2018-11-02,0.5859120926572777
2018-11-05,0.5802341409674449
2018-11-06,0.579870158687106
2018-11-07,0.5761132768989998
2018-11-08,0.5761981276993777
2018-11-09,0.5762558377759223
2018-11-12,0.5764434381425633
2018-11-13,0.5783108822081948
2018-11-14,0.5851628641111881
2018-11-15,0.6785823602806983
2018-11-16,0.6784352233752575
2018-11-19,0.7781375631794716
2018-11-20,0.7821988213610939
2018-11-21,0.7829386693596226
2018-11-23,0.7818842188959735
2018-11-26,0.7807925438832751
2018-11-27,0.780686359739784
2018-11-28,0.7782119638769378
2018-11-29,0.07760698784766307
2018-11-30,0.07719027013809054
2018-12-03,0.07644943565354445
2018-12-04,0.07748444712404734
2018-12-06,0.07672544324107133
2018-12-07,0.07763595579282434
2018-12-10,0.0776949742592149
2018-12-11,0.07720094155484714
2018-12-12,0.07667690061823718
2018-12-13,0.07653513172055737
2018-12-14,0.07732084519472382
2018-12-17,0.07970865636251478
2018-12-18,0.2680375454948949
2018-12-19,0.2704238744351992
2018-12-20,0.3837330870337531
2018-12-21,0.591258270167791
2018-12-24,1.0
2018-12-26,1.0
2018-12-27,1.0
2018-12-28,1.0
2018-12-31,1.0
2019-01-02,1.0
2019-01-03,1.0
2019-01-04,1.0
2019-01-07,1.0
2019-01-08,1.0
2019-01-09,1.0
2019-01-10,1.0
2019-01-11,1.0
2019-01-14,1.0
2019-01-15,1.0
2019-01-16,1.0
2019-01-17,1.0
2019-01-18,1.0
2019-01-22,1.0
2019-01-23,1.0
2019-01-24,1.0
2019-01-25,1.0
2019-01-28,1.0
2019-01-29,1.0
2019-01-30,1.0
2019-01-31,1.0
2019-02-01,1.0
2019-02-04,1.0
2019-02-05,0.9003422444654947
2019-02-06,0.9034669620816094
2019-02-07,0.8050729535973931
2019-02-08,0.8041172003409462
2019-02-11,0.8011601989078481
2019-02-12,0.7974877447737897
2019-02-13,0.6008174946666491
2019-02-14,0.3989250491948554
2019-02-15,0.3951552899678217
2019-02-19,0.19657837936209888
2019-02-20,0.0967022839199232
2019-02-21,0.09672909909854965
2019-02-22,0.09605268629995778
2019-02-25,0.09629150523141616
2019-02-26,0.09593924067068738
2019-02-27,0.09289655312054224
2019-02-28,0.059106553812917295
2019-03-01,0.05851418875904579
2019-03-04,0.05953329821530706
2019-03-05,0.059268545918511495
2019-03-06,0.06010060416157015
2019-03-07,0.06092625137737784
2019-03-08,0.04327189312256785
2019-03-11,0.038938771046816645
2019-03-12,0.038559471493469166
2019-03-13,0.038231354960253316
2019-03-14,0.03798348837015253
2019-03-15,0.0379425852726869
2019-03-18,0.03809211841561133
2019-03-19,0.03790784951040327
2019-03-20,0.03781566104885514
2019-03-21,0.03697530378638525
2019-03-22,0.09453595962438777
2019-03-25,0.09413356369757742
2019-03-26,0.09344836439177084
2019-03-27,0.09538928327314122
2019-03-28,0.09483449186628601
2019-03-29,0.09445145565583069
2019-04-01,0.09481302119760882
2019-04-02,0.08701282593366155
2019-04-03,0.08714169409100458
2019-04-04,0.08796392075582948
2019-04-05,0.08732848534625515
2019-04-08,0.08758523301431265
2019-04-09,0.08748117554240531
2019-04-10,0.08663634739243731
2019-04-11,0.08671556993222718
2019-04-12,0.08701071874539856
2019-04-15,0.08433533514542824
2019-04-16,0.08554007966325494
2019-04-17,0.07603229014250967
2019-04-18,0.037983101693431665
2019-04-22,0.03759064870969975
2019-04-23,0.03420969699634113
2019-04-24,0.034133766823297274
2019-04-25,0.028731391326290434
2019-04-26,0.028495410817883426
2019-04-29,0.028499715395717162
2019-04-30,0.08540600154578049
2019-05-01,0.08653385263686308
2019-05-02,0.08625026507202715
2019-05-03,0.08555401399023277
2019-05-06,0.08577472120028473
2019-05-07,0.08747596879293396
2019-05-08,0.08132196700293037
2019-05-09,0.0816857299358481
2019-05-10,0.07667559219706566
2019-05-13,0.07944700172492924
2019-05-14,0.0309334579494992
2019-05-15,0.030646941306937014
2019-05-16,0.03031864092951919
2019-05-17,0.026651650108164504
2019-05-20,0.027216456581276915
2019-05-21,0.026273797079625516
2019-05-22,0.026236938330947868
2019-05-23,0.026691641942618194
2019-05-24,0.022436336394182743
2019-05-28,0.020033207391529917
2019-05-29,0.020298958986060933
2019-05-30,0.09046070645392046
2019-05-31,0.09059392420639067
2019-06-03,0.09231823693121732
2019-06-04,0.29115805189533905
2019-06-05,0.08970569155239849
2019-06-06,0.08936093252790234
2019-06-07,0.08825478561439137
2019-06-10,0.08796469289137465
2019-06-11,0.0892140865810882
2019-06-12,0.08950434456562528
2019-06-13,0.08952746621225793
2019-06-14,0.08908089585256607
2019-06-17,0.08914324266363172
2019-06-18,0.08827825661096056
2019-06-19,0.0875913255477474
2019-06-20,0.08681649179113649
2019-06-21,0.08866797962826034
2019-06-24,0.08946903559259523
2019-06-25,0.08241785342053964
2019-06-26,0.08083715419231718
2019-06-27,0.07985056872082519
2019-06-28,0.07892522906246535
2019-07-01,0.0785050069635922
2019-07-02,0.07743650359553411
2019-07-03,0.07686986784794769
2019-07-05,0.0768997837697496
2019-07-08,0.07743673723204347
2019-07-09,0.07700565540062332
2019-07-10,0.07683377090951471
2019-07-11,0.07686002169713957
2019-07-12,0.07670892773719329
2019-07-15,0.07664463899202634
2019-07-16,0.07724299629608888
2019-07-17,0.07776775885187237
2019-07-18,0.07753945514794913
2019-07-19,0.07070751961839927
2019-07-22,0.07044267616297317
2019-07-23,0.0705866238011218
2019-07-24,0.07084185362382467
2019-07-25,0.06791018942751292
2019-07-26,0.06267080642298806
2019-07-29,0.020763107444977558
2019-07-30,0.01836027034273746
2019-07-31,0.021341922197878893
2019-08-01,0.021859467279383038
2019-08-02,0.018738336054984872
2019-08-05,0.027071640520355045
2019-08-06,0.08115352294562217
2019-08-07,0.08005840768513073
2019-08-08,0.07854174970647099
2019-08-09,0.07933652544760261
2019-08-12,0.08029611840686413
2019-08-13,0.07880160311008422
2019-08-14,0.008251509098141208
2019-08-15,0.006508714852840436
2019-08-16,0.007050929345966184
2019-08-19,0.006976924216677061
2019-08-20,0.006997743426383596
2019-08-21,0.008156212592439926
2019-08-22,0.11061874049232023
2019-08-23,0.11302996364615425
2019-08-26,0.3144489049556197
2019-08-27,0.3156997433325639
2019-08-28,0.31649971704578195
2019-08-29,0.41840345771283927
2019-08-30,0.41965426985258114
2019-09-03,0.42234929038563385
2019-09-04,0.025701726363401955
2019-09-05,0.025522057651095276
2019-09-06,0.02561536466333636
2019-09-09,0.025321034164119793
2019-09-10,0.013995217698216655
2019-09-11,0.01585687158764526
2019-09-12,0.01002637274762097
2019-09-13,0.010047376559363386
2019-09-16,0.010053757822300113
2019-09-17,0.009925005856857072
2019-09-18,0.01009799299767522
2019-09-19,0.0962472915689363
2019-09-20,0.09634313650680315
2019-09-23,0.09630212216289791
2019-09-24,0.07196922922542093
2019-09-25,0.07141382585767508
2019-09-26,0.0716640614092966
2019-09-27,0.07210334859309175
2019-09-30,0.0717523460583459
2019-10-01,0.07229219418746058
2019-10-02,0.07294492784779294
2019-10-03,0.07275274832995049
2019-10-04,0.07200263376680105
2019-10-07,0.07229380059910706
2019-10-08,0.07284366983090029
2019-10-09,0.07259842304294939
2019-10-10,0.07254680925676904
2019-10-11,0.07225998946596002
2019-10-14,0.07236856415370552
2019-10-15,0.07191414142878183
2019-10-16,0.07009632405607458
2019-10-17,0.06953884048365777
2019-10-18,0.06946377923495528
2019-10-21,0.0691259149019573
2019-10-22,0.06919055816868036
2019-10-23,0.07043791430362523
2019-10-24,0.07076523718864114
2019-10-25,0.03210538591852308
2019-10-28,0.028453646522369147
2019-10-29,0.02518920764181265
2019-10-30,0.025088312400715407
2019-10-31,0.025227293646645
2019-11-01,0.025252857076836333
2019-11-04,0.025300664836646947
2019-11-05,0.025401957391841146
2019-11-06,0.03139797789222587
2019-11-07,0.027368100617177538
2019-11-08,0.02738609389096458
2019-11-11,0.027394626606841888
2019-11-12,0.027351955240483394
2019-11-13,0.031072545220910297
2019-11-14,0.025555882417232056
2019-11-15,0.025466418251067102
2019-11-18,0.02361218861432679
2019-11-19,0.022505171590420203
2019-11-20,0.02262233286654336
2019-11-21,0.022863579567261594
2019-11-22,0.022798959673607122
2019-11-25,0.022059827183286584
2019-11-26,0.021962000769014445
2019-11-27,0.021900370854560647
2019-11-29,0.02212097767893695
2019-12-02,0.022304267851496862
2019-12-03,0.022484000685733307
2019-12-04,0.02232006952087684
2019-12-05,0.022262554825146608
2019-12-06,0.021446699910388833
2019-12-09,0.021604098229906277
2019-12-10,0.02154211857433086
2019-12-11,0.021280929696190443
2019-12-12,0.021081131866377945
2019-12-13,0.02111416646995712
2019-12-16,0.02022408071872739
2019-12-17,0.02009113053604361
2019-12-18,0.020080865603853915
2019-12-19,0.01990008319181069
2019-12-20,0.021117027390108234
2019-12-23,0.020872133605045695
2019-12-24,0.02076106791772414
2019-12-26,0.02064247332528002
2019-12-27,0.02070648342448711
2019-12-30,0.020702341973308114
2019-12-31,0.07536574769868798
2020-01-02,0.03256078778553784
2020-01-03,0.021829682764849978
2020-01-06,0.022141276351759775
2020-01-07,0.02208828054615286
2020-01-08,0.02221458908585283
2020-01-09,0.00730466686387532
2020-01-10,0.007332757658482958
2020-01-13,0.007271263331302347
2020-01-14,0.062488389386878174
2020-01-15,0.0625384614886988
2020-01-16,0.061676765979121195
2020-01-17,0.11815548524817698
2020-01-21,0.11969964233678188
2020-01-22,0.1190454639959786
2020-01-23,0.11801094619016417
2020-01-24,0.12082280295263126
2020-01-27,0.10957607637969469
2020-01-28,0.1021015099621857
2020-01-29,0.10244619878734573
2020-01-30,0.10254036798135135
2020-01-31,0.10555626937814477
2020-02-03,0.015347438874696362
2020-02-04,0.014748094439635873
2020-02-05,0.014607752546730524
2020-02-06,0.014572783985560611
2020-02-07,0.014785871431173048
2020-02-10,0.014539018315067764
2020-02-11,0.07255115056055972
2020-02-12,0.07157208374023505
2020-02-13,0.07144470795652835
2020-02-14,0.07127971857159598
2020-02-18,0.07179792853075906
2020-02-19,0.06750982794925253
2020-02-20,0.14310702726675606
2020-02-21,0.09338715362871575
2020-02-24,0.09671949573942262
2020-02-25,0.10033356456694242
2020-02-26,0.05670513629628582
2020-02-27,0.059220102258274454
2020-02-28,0.24744791919871545
2020-03-02,0.34374776182826927
2020-03-03,0.3479274559750354
2020-03-04,0.3360467387327285
2020-03-05,0.3402449245596588
2020-03-06,0.3434783635336045
2020-03-09,0.36125095898735193
2020-03-10,0.6165735285025766
2020-03-11,0.6155141062907592
2020-03-12,0.6429801163612341
2020-03-13,0.8928557498124023
2020-03-16,0.8989018733399912
2020-03-17,1.0
2020-03-18,1.0
2020-03-19,1.0
2020-03-20,1.0
2020-03-23,1.0
2020-03-24,1.0
2020-03-25,1.0
2020-03-26,1.0
2020-03-27,1.0
2020-03-30,1.0
2020-03-31,1.0
2020-04-01,1.0
2020-04-02,1.0
2020-04-03,1.0
2020-04-06,1.0
2020-04-07,1.0
2020-04-08,1.0
2020-04-09,1.0
2020-04-13,1.0
2020-04-14,1.0
2020-04-15,1.0
2020-04-16,1.0
2020-04-17,1.0
2020-04-20,1.0
2020-04-21,1.0
2020-04-22,1.0
2020-04-23,1.0
2020-04-24,1.0
2020-04-27,1.0
2020-04-28,1.0
2020-04-29,1.0
2020-04-30,1.0
2020-05-01,1.0
2020-05-04,1.0
2020-05-05,1.0
2020-05-06,1.0
2020-05-07,1.0
2020-05-08,1.0
2020-05-11,1.0
2020-05-12,1.0
2020-05-13,1.0
2020-05-14,1.0
2020-05-15,1.0
2020-05-18,1.0
2020-05-19,1.0
2020-05-20,1.0
2020-05-21,1.0
2020-05-22,1.0
2020-05-26,1.0
2020-05-27,0.00042321762903274607
2020-05-28,0.0004223178490064816
2020-05-29,0.0004111452538194671
2020-06-01,0.0004062271558654684
2020-06-02,0.000406235352187978
2020-06-03,0.0004130021812178697
2020-06-04,0.0004196570425576418
2020-06-05,0.0903857334137943
2020-06-08,0.08977668310596665
2020-06-09,0.07796952806441193
2020-06-10,0.07613399171815027
2020-06-11,0.08011280355631267
2020-06-12,0.08016527247354788
2020-06-15,0.0785853340897229
2020-06-16,0.07804371422232592
2020-06-17,0.07737242294295155
2020-06-18,0.028674583877689175
2020-06-19,0.02862965273155238
2020-06-22,0.019415527077265682
2020-06-23,0.019478023412878742
2020-06-24,0.01997028692252989
2020-06-25,0.019681369970204865
2020-06-26,0.020202645725244883
2020-06-29,0.11294924603852485
2020-06-30,0.10936189106358607
2020-07-01,0.10809132365489149
2020-07-02,0.16446667283187943
2020-07-06,0.15976953932055593
2020-07-07,0.21870805378027314
2020-07-08,0.21481501032855432
2020-07-09,0.21049688505704334
2020-07-10,0.26435031395858
2020-07-13,0.17032362243870425
2020-07-14,0.1601653147088511
2020-07-15,0.15213254247594077
2020-07-16,0.15383822557156035
2020-07-17,0.15214305852917653
2020-07-20,0.14563224930424312
2020-07-21,0.1985456671342647
2020-07-22,0.19496396099725732
2020-07-23,0.19797610861081094
2020-07-24,0.19942040567141583
2020-07-27,0.2505998593002927
2020-07-28,0.25480111780721193
2020-07-29,0.24841363358397728
2020-07-30,0.24233321893815296
2020-07-31,0.2989435437224084
2020-08-03,0.29520703962198513
2020-08-04,0.28837604589636334
2020-08-05,0.3479152083456598
2020-08-06,0.34639286117895796
2020-08-07,0.3503551431130846
2020-08-10,0.3390867739929484
2020-08-11,0.34447739577416536
2020-08-12,0.33461124160626876
2020-08-13,0.3299672677104446
2020-08-14,0.32945383620258106
2020-08-17,0.32358978826217144
2020-08-18,0.32056835827260477
2020-08-19,0.3193909924978605
2020-08-20,0.31538836659094505
2020-08-21,0.3163665201196062
2020-08-24,0.31854787432871745
2020-08-25,0.31315320389042844
2020-08-26,0.3090010629569552
2020-08-27,0.311107771018007
2020-08-28,0.25023821524120604
2020-08-31,0.24476024187195367
2020-09-01,0.24181267390736438
2020-09-02,0.24129132622208538
2020-09-03,0.2565736738457307
2020-09-04,0.25290211123630435
2020-09-08,0.2406778328644641
2020-09-09,0.13707213655032435
2020-09-10,0.13720209287591711
2020-09-11,0.13972083542296576
2020-09-14,0.13374704606075916
2020-09-15,0.13135105831056892
2020-09-16,0.13264534726787292
2020-09-17,0.1333614753646195
2020-09-18,0.13376255948518856
2020-09-21,0.08591803350465799
2020-09-22,0.06953027202626882
2020-09-23,0.07250873988680795
2020-09-24,0.07329282750376831
2020-09-25,0.07051120800294575
2020-09-28,0.06816300268201758
2020-09-29,0.06164164676462891
2020-09-30,0.12419631523569474
2020-10-01,0.17528256776980955
2020-10-02,0.17949157883691336
2020-10-05,0.17458793224935
2020-10-06,0.17541717370178345
2020-10-07,0.17213019758834913
2020-10-08,0.17271841298199309
2020-10-09,0.2239271494483771
2020-10-12,0.22405444694755927
2020-10-13,0.22180709214789418
2020-10-14,0.22131069383058055
2020-10-15,0.2205619556648868
2020-10-16,0.22304951249118843
2020-10-19,0.22640542556402943
2020-10-20,0.2276515400882928
2020-10-21,0.2345771819888286
2020-10-22,0.185288349985124
2020-10-23,0.1852055234825305
2020-10-26,0.1943627355816797
2020-10-27,0.14124260117739584
2020-10-28,0.1443293596002524
2020-10-29,0.08510931786925979
2020-10-30,0.08664315270984235
2020-11-02,0.08909333956653132
2020-11-03,0.03637799844373735
2020-11-04,0.03521708432526782
2020-11-05,0.034600326703758344
2020-11-06,0.034661103408646365
2020-11-09,0.03602342807213499
2020-11-10,0.08157615281914543
2020-11-11,0.07080825285514802
2020-11-12,0.07167037834451373
2020-11-13,0.07099142316318063
2020-11-16,0.06955376367023247
2020-11-17,0.06959266320594126
2020-11-18,0.07046502643312169
2020-11-19,0.06920667917821477
2020-11-20,0.025519612807242242
2020-11-23,0.025108620200695597
2020-11-24,0.07660977408879899
2020-11-25,0.06673947459516227
2020-11-27,0.014314889504183248
2020-11-30,0.014470374237726902
2020-12-01,0.07063307434980248
2020-12-02,0.07077525795311523
2020-12-03,0.0698857287800887
2020-12-04,0.1251374006161572
2020-12-07,0.12490455001704215
2020-12-08,0.12259481610707668
2020-12-09,0.18106984968856255
2020-12-10,0.1664096366545359
2020-12-11,0.1679322334175285
2020-12-14,0.16665999098787165
2020-12-15,0.16390773498914135
2020-12-16,0.165086198569258
2020-12-17,0.16453942774471886
2020-12-18,0.15835078735425467
2020-12-21,0.15801313755040758
2020-12-22,0.15748552009079064
2020-12-23,0.15791112442979316
2020-12-24,0.15729253395849507
2020-12-28,0.15811922727814987
2020-12-29,0.1601889830455231
2020-12-30,0.15803569194002287
2020-12-31,0.15884033668534425
2021-01-04,0.16096845542811078
2021-01-05,0.14979789768691165
2021-01-06,0.14547160506007428
2021-01-07,0.19674949855133095
2021-01-08,0.24928564947276566
2021-01-11,0.24678195249024626
2021-01-12,0.24554387455303883
2021-01-13,0.24813935949475896
2021-01-14,0.2455631156902769
2021-01-15,0.2364271366108498
2021-01-19,0.23312827132057767
2021-01-20,0.29197576313422746
2021-01-21,0.29310644651176854
2021-01-22,0.2929902329859537
2021-01-25,0.2947340965979478
2021-01-26,0.24702731661652821
2021-01-27,0.2553836634925215
2021-01-28,0.16343218294242445
2021-01-29,0.12654611625004986
2021-02-01,0.08213365423654995
2021-02-02,0.08087891247268819
2021-02-03,0.081024820652286
2021-02-04,0.07936771061220982
2021-02-05,0.07861437776839775
2021-02-08,0.07675558091612888
2021-02-09,0.07651827047945536
2021-02-10,0.1337905630405991
2021-02-11,0.13282588258642958
2021-02-12,0.07975263945635247
2021-02-16,0.0804717924027919
2021-02-17,0.0823547782580164
2021-02-18,0.06313214813142187
2021-02-19,0.0612911031716753
2021-02-22,0.12089977902724613
2021-02-23,0.11020217408788802
2021-02-24,0.10896942707541502
2021-02-25,0.11232085955852833
2021-02-26,0.10568228161645199
2021-03-01,0.10098687964861641
2021-03-02,0.10238159044119255
2021-03-03,0.1024307370687263
2021-03-04,0.10493380625371762
2021-03-05,0.10327378904248541
2021-03-08,0.10359667065504297
2021-03-09,0.14327812676880636
2021-03-10,0.14101779758126276
2021-03-11,0.1920289184709021
2021-03-12,0.3376423483417793
2021-03-15,0.2345114667483641
2021-03-16,0.289182551217965
2021-03-17,0.2871105486450123
2021-03-18,0.29222519820895687
2021-03-19,0.2907139777385217
2021-03-22,0.29350876212509946
2021-03-23,0.30477068525053685
2021-03-24,0.2686631249040303
2021-03-25,0.22223898059827663
2021-03-26,0.21928406044255633
2021-03-29,0.22511218537526267
2021-03-30,0.221858448339862
2021-03-31,0.214301702489474
2021-04-01,0.2122844645604105
2021-04-05,0.20904529993470322
2021-04-06,0.21016142686576933
2021-04-07,0.15974999885364183
2021-04-08,0.15916475806427632
2021-04-09,0.15737881959078726
2021-04-12,0.15536816956956367
2021-04-13,0.1573375479119874
2021-04-14,0.155740526819787
2021-04-15,0.15649995576967668
2021-04-16,0.15569620983338528
2021-04-19,0.15773968897889767
2021-04-20,0.16319474252866906
2021-04-21,0.16511171081530684
2021-04-22,0.16580007047752698
2021-04-23,0.158532045693908
2021-04-26,0.15841363591078217
2021-04-27,0.15630304197069267
2021-04-28,0.15525171677752203
2021-04-29,0.15481707440304238
2021-04-30,0.156382313458988
2021-05-03,0.1531244065345344
2021-05-04,0.15195684442374113
2021-05-05,0.1510575385606362
2021-05-06,0.14879654836583212
2021-05-07,0.14638327211604552
2021-05-10,0.1480456887414514
2021-05-11,0.14967716995286218
2021-05-12,0.15507664765058415
2021-05-13,0.10455609274117716
2021-05-14,0.10260667119664779
2021-05-17,0.15874661165506532
2021-05-18,0.16149159494030918
2021-05-19,0.15537693957760867
2021-05-20,0.15497715441434212
2021-05-21,0.11095114701249398
2021-05-24,0.10998090831974772
2021-05-25,0.11070877161746429
2021-05-26,0.10830404949902861
2021-05-27,0.10711405899485682
2021-05-28,0.16260760988026046
2021-06-01,0.16019448531436709
2021-06-02,0.16142977699218974
2021-06-03,0.1627373239330523
2021-06-04,0.1623936602792534
2021-06-07,0.14938798280693255
2021-06-08,0.14821843697222892
2021-06-09,0.15120173361867617
2021-06-10,0.14516317385863375
2021-06-11,0.13400837501953233
2021-06-14,0.13618068868724842
2021-06-15,0.135369295010205
2021-06-16,0.13577877298229413
2021-06-17,0.1321021442135566
2021-06-18,0.08997476648672365
2021-06-21,0.013478129379204895
2021-06-22,0.0133880276502234
2021-06-23,0.013230660217915413
2021-06-24,0.013099944737189229
2021-06-25,0.012978795159987788
2021-06-28,0.07023836929688254
2021-06-29,0.07041767648306307
2021-06-30,0.069917403569842
2021-07-01,0.06881013011062231
2021-07-02,0.06883269891417387
2021-07-06,0.06323691274954801
2021-07-07,0.06352415308733772
2021-07-08,0.01729700212777152
2021-07-09,0.016778833375217572
2021-07-12,0.01659901248712703
2021-07-13,0.016838665151378773
2021-07-14,0.017142865268227503
2021-07-15,0.013465151596989133
2021-07-16,0.007248437041045275
2021-07-19,0.04273625580679763
2021-07-20,0.04562653554558305
2021-07-21,0.044973714479317084
2021-07-22,0.007584388171974044
2021-07-23,0.007384879173707115
2021-07-26,0.00744687798816801
2021-07-27,0.007495350029378844
2021-07-28,0.007402863171213192
2021-07-29,0.0073717463024953744
2021-07-30,0.07722035700540164
2021-08-02,0.07747464004181726
2021-08-03,0.07586333116832367
2021-08-04,0.07630306593852099
2021-08-05,0.07592357558831353
2021-08-06,0.07640504537760084
2021-08-09,0.06925928559946859
2021-08-10,0.06030045881955637
2021-08-11,0.06100150094540824
2021-08-12,0.060956649153201314
2021-08-13,0.05627901137303615
2021-08-16,0.05633063450837317
2021-08-17,0.056495335269441616
2021-08-18,0.05644320396540903
2021-08-19,0.05585988282423038
2021-08-20,0.05532664072829019
2021-08-23,0.05458167651792567
2021-08-24,0.05459752949267904
2021-08-25,0.054319546636197424
2021-08-26,0.054308855925763955
2021-08-27,0.05232682233055996
2021-08-30,0.1188539518677596
2021-08-31,0.17113128916616016
2021-09-01,0.17032686956827092
2021-09-02,0.16937897843093597
2021-09-03,0.16869719543249917
2021-09-07,0.16911130441444722
2021-09-08,0.16920987518281339
2021-09-09,0.168357447611849
2021-09-10,0.16947085528419426
2021-09-13,0.16407600362788533
2021-09-14,0.16370984398073452
2021-09-15,0.16292718224189495
2021-09-16,0.1426455297808502
2021-09-17,0.14378835066233842
2021-09-20,0.14657841240344716
2021-09-21,0.14601194429750752
2021-09-22,0.14427636199554839
2021-09-23,0.1424029707048855
2021-09-24,0.14343717539277367
2021-09-27,0.14514208309168686
2021-09-28,0.13347468197733525
2021-09-29,0.07260106243333342
2021-09-30,0.0740409710187856
2021-10-01,0.0681543131167095
2021-10-04,0.06881583500318844
2021-10-05,0.06151995533434551
2021-10-06,0.06165081353409185
2021-10-07,0.06053948715216062
2021-10-08,0.060666902951766244
2021-10-11,0.06130154271323207
2021-10-12,0.06108158901614846
2021-10-13,0.06094728639160729
2021-10-14,0.059894491904495695
2021-10-15,0.059937617941583254
2021-10-18,0.05952454235623461
2021-10-19,0.059935101317974526
2021-10-20,0.059784077528245216
2021-10-21,0.05939459721908169
2021-10-22,0.05911060658032197
2021-10-25,0.058875863568170095
2021-10-26,0.05842703323887466
2021-10-27,0.05906283516322053
2021-10-28,0.058164635670618914
2021-10-29,0.05779549479812374
2021-11-01,0.05668136786784528
2021-11-02,0.056276275332062475
2021-11-03,0.05582882100658482
2021-11-04,0.10984011546569417
2021-11-05,0.16264676718033355
2021-11-08,0.1632198000626287
2021-11-09,0.1626723820074546
2021-11-10,0.16419269957110516
2021-11-11,0.21612109770946641
2021-11-12,0.21653387940941848
2021-11-15,0.21649824406206875
2021-11-16,0.21450786943387035
2021-11-17,0.20534922579385972
2021-11-18,0.20366125438206972
2021-11-19,0.20585061285407313
2021-11-22,0.20582755916746742
2021-11-23,0.20472862783373247
2021-11-24,0.16674957929564538
2021-11-26,0.1729329970350213
2021-11-29,0.1666271568169595
2021-11-30,0.1656171004080269
2021-12-01,0.16363715394398448
2021-12-02,0.11369382968229202
2021-12-03,0.11471436138552793
2021-12-06,0.11377017523020005
2021-12-07,0.11030164163548095
2021-12-08,0.10960922395457362
2021-12-09,0.11145909103414187
2021-12-10,0.11125669410776817
2021-12-13,0.11422153400413937
2021-12-14,0.1141451814966149
2021-12-15,0.11425092869077791
2021-12-16,0.11766600414968198
2021-12-17,0.07642434293215528
2021-12-20,0.07711599026574723
2021-12-21,0.07469294524648151
2021-12-22,0.07391659708949994
2021-12-23,0.0731664248699746
2021-12-27,0.06800289083468392
2021-12-28,0.0681142329358807
2021-12-29,0.06766957877727442
2021-12-30,0.06817676078162649
2021-12-31,0.06796351115868737
2022-01-03,0.06807880674913236
2022-01-04,0.06777155198472595
2022-01-05,0.0695632859080707
2022-01-06,0.06971182794995767
2022-01-07,0.06559374027796205
2022-01-10,0.01765029003689811
2022-01-11,0.013149670931226431
2022-01-12,0.01316381039178438
2022-01-13,0.013288084174904458
2022-01-14,0.013217783553277962
2022-01-18,0.013612397003674781
2022-01-19,0.018102974483115597
2022-01-20,0.09963909292213824
2022-01-21,0.09280184928462387
2022-01-24,0.1901170332720018
2022-01-25,0.08899664130882468
2022-01-26,0.18842039784729514
2022-01-27,0.18987368503606006
2022-01-28,0.28620531055179477
2022-01-31,0.08559117373951675
2022-02-01,0.08254262451145844
2022-02-02,0.08187593233485613
2022-02-03,0.08218191962209198
2022-02-04,0.08201556643111907
2022-02-07,0.08216849758010403
2022-02-08,0.08400309120295246
2022-02-09,0.08275169467610621
2022-02-10,0.083117002741527
2022-02-11,0.07755516089783954
2022-02-14,0.07962330004810436
2022-02-15,0.07971655473635375
2022-02-16,0.07154208927014172
2022-02-17,0.06862776926549785
2022-02-18,0.0692064406883347
2022-02-22,0.07042294737468857
2022-02-23,0.06991105405540121
2022-02-24,0.16794534941669026
2022-02-25,0.16215698675928159
2022-02-28,0.2151311998256623
2022-03-01,0.21299692480865973
2022-03-02,0.4178707476293989
2022-03-03,0.4170146050354757
2022-03-04,0.408306760686027
2022-03-07,0.40895097850297923
2022-03-08,0.4100397819779582
2022-03-09,0.4123926049514455
2022-03-10,0.40471330178690845
2022-03-11,0.40770730573475145
2022-03-14,0.4706114713959463
2022-03-15,0.47345412468961556
2022-03-16,0.4730862186589899
2022-03-17,0.46219596298567833
2022-03-18,0.5146395123521557
2022-03-21,0.21096452027523305
2022-03-22,0.2114362763854839
2022-03-23,0.20997047038150152
2022-03-24,0.20936427868108587
2022-03-25,0.20469169275101418
2022-03-28,0.20960306135244633
2022-03-29,0.2103373953763773
2022-03-30,0.20850927896336302
2022-03-31,0.20920128552719908
2022-04-01,0.20766610342117198
2022-04-04,0.207803349930893
2022-04-05,0.2103600343266545
2022-04-06,0.21012667929750584
2022-04-07,0.20748909485755418
2022-04-08,0.2036529686211178
2022-04-11,0.20863449543997137
2022-04-12,0.2980066843007163
2022-04-13,0.29527451942738525
2022-04-14,0.29278469243355654
2022-04-18,0.28965476634570364
2022-04-19,0.2908708042815744
2022-04-20,0.289240939925432
2022-04-21,0.29873228012780517
2022-04-22,0.3060077872033071
2022-04-25,0.4074057925137814
2022-04-26,0.6596179702803915
2022-04-27,0.768346349645512
2022-04-28,0.7645885678372315
2022-04-29,0.77029240528245
2022-05-02,0.8407161175895149
2022-05-03,0.8363944475568525
2022-05-04,0.832953205048352
2022-05-05,0.8350441715274939
2022-05-06,0.8349478103385563
2022-05-09,0.8453298032550312
2022-05-10,0.9000605549347204
2022-05-11,1.0
2022-05-12,1.0
2022-05-13,1.0
2022-05-16,1.0
2022-05-17,1.0
2022-05-18,1.0
2022-05-19,1.0
2022-05-20,1.0
2022-05-23,1.0
2022-05-24,1.0
2022-05-25,1.0
2022-05-26,1.0
2022-05-27,1.0
2022-05-31,1.0
2022-06-01,1.0
2022-06-02,1.0
2022-06-03,1.0
2022-06-06,1.0
2022-06-07,1.0
2022-06-08,1.0
2022-06-09,1.0
2022-06-10,1.0
2022-06-13,1.0
2022-06-14,1.0
2022-06-15,1.0
2022-06-16,1.0
2022-06-17,1.0
2022-06-21,1.0
2022-06-22,1.0
2022-06-23,1.0
2022-06-24,1.0
2022-06-27,1.0
2022-06-28,1.0
2022-06-29,1.0
2022-06-30,1.0
2022-07-01,1.0
2022-07-05,1.0
2022-07-06,1.0
2022-07-07,1.0
2022-07-08,1.0
2022-07-11,1.0
2022-07-12,1.0
2022-07-13,1.0
2022-07-14,1.0
2022-07-15,1.0
2022-07-18,1.0
2022-07-19,1.0
2022-07-20,1.0
2022-07-21,1.0
2022-07-22,1.0
2022-07-25,1.0
2022-07-26,1.0
2022-07-27,1.0
2022-07-28,1.0
2022-07-29,1.0
2022-08-01,1.0
2022-08-02,1.0
2022-08-03,1.0
2022-08-04,1.0
2022-08-05,1.0
2022-08-08,1.0
2022-08-09,1.0
2022-08-10,1.0
2022-08-11,1.0
2022-08-12,1.0
2022-08-15,1.0
2022-08-16,1.0
2022-08-17,1.0
2022-08-18,1.0
2022-08-19,1.0
2022-08-22,1.0
2022-08-23,1.0
2022-08-24,1.0
2022-08-25,1.0
2022-08-26,1.0
2022-08-29,1.0
2022-08-30,1.0
2022-08-31,1.0
2022-09-01,1.0
2022-09-02,1.0
2022-09-06,1.0
2022-09-07,1.0
2022-09-08,1.0
2022-09-09,1.0
2022-09-12,1.0
2022-09-13,1.0
2022-09-14,1.0
2022-09-15,1.0
2022-09-16,1.0
2022-09-19,1.0
2022-09-20,1.0
2022-09-21,1.0
2022-09-22,1.0
2022-09-23,1.0
2022-09-26,1.0
2022-09-27,1.0
2022-09-28,1.0
2022-09-29,1.0
2022-09-30,1.0
2022-10-03,1.0
2022-10-04,1.0
2022-10-05,1.0
2022-10-06,1.0
2022-10-07,1.0
2022-10-10,1.0
2022-10-11,1.0
2022-10-12,1.0
2022-10-13,1.0
2022-10-14,1.0
2022-10-17,1.0
2022-10-18,1.0
2022-10-19,1.0
2022-10-20,1.0
2022-10-21,1.0
2022-10-24,1.0
2022-10-25,1.0
2022-10-26,1.0
2022-10-27,1.0
2022-10-28,1.0
2022-10-31,1.0
2022-11-01,1.0
2022-11-02,1.0
2022-11-03,1.0
2022-11-04,1.0
2022-11-07,1.0
2022-11-08,1.0
2022-11-09,1.0
2022-11-10,1.0
2022-11-11,1.0
2022-11-14,1.0
2022-11-15,1.0
2022-11-16,1.0
2022-11-17,1.0
2022-11-18,1.0
2022-11-21,1.0
2022-11-22,1.0
2022-11-23,1.0
2022-11-25,1.0
2022-11-28,1.0
2022-11-29,1.0
2022-11-30,1.0
2022-12-01,0.49989609033795257
2022-12-02,0.0003884404076361925
2022-12-05,0.00039875744930295554
2022-12-06,0.0004009241568886379
2022-12-07,0.00040344869052233445
2022-12-08,0.00039966619176334817
2022-12-09,0.0004047645150985213
2022-12-12,0.0003976273365465799
2022-12-13,0.0003960126015165599
2022-12-14,0.0003989016667612644
2022-12-15,0.00041156084344307065
2022-12-16,0.19481195321925404
2022-12-19,0.29285229609347796
2022-12-20,0.3909272468388514
2022-12-21,0.3861932302050398
2022-12-22,0.3901193260324981
2022-12-23,0.586083042937092
2022-12-27,0.8901819674689044
2022-12-28,0.8913539349976125
2022-12-29,0.8905443911312411
2022-12-30,0.8913539349976125
2023-01-03,0.8950292487854469
2023-01-04,0.8959598687680119
2023-01-05,1.0
2023-01-06,1.0
2023-01-09,1.0
2023-01-10,1.0
2023-01-11,1.0
2023-01-12,0.8005626363054223
2023-01-13,0.6975781114899221
2023-01-17,0.4990363755702959
2023-01-18,0.3990463167065532
2023-01-19,0.4010338541296353
2023-01-20,0.39951567682639666
2023-01-23,0.29934573700394196
2023-01-24,0.09926799564478428
2023-01-25,0.09819874150078489
2023-01-26,0.0969960166156355
2023-01-27,0.09753498915009762
2023-01-30,0.09817999838199687
2023-01-31,0.09717744599947642
2023-02-01,0.09655651475966864
2023-02-02,0.09739982758913046
2023-02-03,0.09730906336828227
2023-02-06,0.09341162672728165
2023-02-07,0.012901953375675235
2023-02-08,0.003142923750780735
2023-02-09,0.0004322892362919051
2023-02-10,0.0004229011535081817
2023-02-13,0.00041718765640264
2023-02-14,0.0004173108856726504
2023-02-15,0.0004160450589657527
2023-02-16,0.0004191996862007441
2023-02-17,0.00042339067513219586
2023-02-21,0.00042544825940860065
2023-02-22,0.0004290899862585684
2023-02-23,0.09552395084156584
2023-02-24,0.09312071149206691
2023-02-27,0.09270346142750907
2023-02-28,0.09315575782789798
2023-03-01,0.08965813048930238
2023-03-02,0.06848603120715258
2023-03-03,0.061601267741527854
2023-03-06,0.062466431753070095
2023-03-07,0.06307607274209015
2023-03-08,0.0633447063240794
2023-03-09,0.06523807747504895
2023-03-10,0.06677772529214987
2023-03-13,0.3737290208172248
2023-03-14,0.6766655025183743
2023-03-15,0.07676169793247856
2023-03-16,0.17740494326415768
2023-03-17,0.0794552571314796
2023-03-20,0.07841541482536774
2023-03-21,0.07772496162777132
2023-03-22,0.07926385818772097
2023-03-23,0.07761354288717937
2023-03-24,0.0827010922217426
2023-03-27,0.08233578207714343
2023-03-28,0.08281625838132856
2023-03-29,0.08154413208656441
2023-03-30,0.08096400691278227
2023-03-31,0.07969740849979534
2023-04-03,0.07961877060655809
2023-04-04,0.08100349832668596
2023-04-05,0.08160431634531884
2023-04-06,0.0823688415625301
2023-04-10,0.08127375438679363
2023-04-11,0.07550101510933815
2023-04-12,0.07604854917653947
2023-04-13,0.07564692859849032
2023-04-14,0.0753958539855859
2023-04-17,0.07564811763211832
2023-04-18,0.07024540857599959
2023-04-19,0.07075442359191342
2023-04-20,0.1690235234895422
2023-04-21,0.06887506629486362
2023-04-24,0.06863434586393713
2023-04-25,0.06985314421601663
2023-04-26,0.06326238552706598
2023-04-27,0.07414680355180281
2023-04-28,0.07384818794539638
2023-05-01,0.07144511037636958
2023-05-02,0.07162988015505745
2023-05-03,0.07140221132359115
2023-05-04,0.07228304799042362
2023-05-05,0.07135433420012549
2023-05-08,0.07094440318427409
2023-05-09,0.07103674669773175
2023-05-10,0.06992528737797132
2023-05-11,0.06965788775693549
2023-05-12,0.07022652814108266
2023-05-15,0.06952880789600213
2023-05-16,0.07076339266442055
2023-05-17,0.06321410564309826
2023-05-18,0.062266244575785
2023-05-19,0.063632143994662
2023-05-22,0.0637626618849102
2023-05-23,0.06497259500576658
2023-05-24,0.05396677634648339
2023-05-25,0.05407049213656867
2023-05-26,0.05338511015644298
2023-05-30,0.05325474847063438
2023-05-31,0.053813764893272054
2023-06-01,0.05230333351187044
2023-06-02,0.05141554141110938
2023-06-05,0.05157229653601991
2023-06-06,0.05101691452019519
2023-06-07,0.051251300305007685
2023-06-08,0.05139985895110777
2023-06-09,0.05963547022082327
2023-06-12,0.05892786093424618
2023-06-13,0.05838309450857493
2023-06-14,0.058738839561477185
2023-06-15,0.058909134862955015
2023-06-16,0.05865887123449676
2023-06-20,0.0590358420104391
2023-06-21,0.05527928666322812
2023-06-22,0.05564261654943259
2023-06-23,0.05187113130605481
2023-06-26,0.051623368726551155
2023-06-27,0.05149309723317852
2023-06-28,0.04239541477930242
2023-06-29,0.04182544985294623
2023-06-30,0.09873643282734168
2023-07-03,0.09886481916960044
2023-07-05,0.09958052109583915
2023-07-06,0.00012364039855217168
2023-07-07,0.0961563226619847
2023-07-10,0.09398769411478602
2023-07-11,0.09313939234247237
2023-07-12,0.09274361325621039
2023-07-13,0.145727265551008
2023-07-14,0.0454086572643273
2023-07-17,0.10122459885716573
2023-07-18,0.10026294631930632
2023-07-19,0.15675136928575817
2023-07-20,0.1602710026842168
2023-07-21,0.16106055858136836
2023-07-24,0.16074206833971227
2023-07-25,0.158861194637672
2023-07-26,0.15913470748063685
2023-07-27,0.15812144393285832
2023-07-28,0.15494650933426268
2023-07-31,0.15268160387840746
2023-08-01,0.2094574197429684
2023-08-02,0.21279104098646173
2023-08-03,0.2136041686966914
2023-08-04,0.21449232582247268
2023-08-07,0.21278181139564767
2023-08-08,0.21313076718981105
2023-08-09,0.1665112222815558
2023-08-10,0.11421508220458965
2023-08-11,0.11424997824281269
2023-08-14,0.10732048200610012
2023-08-15,0.10712711148576493
2023-08-16,0.1084444716163252
2023-08-17,0.11071588493572038
2023-08-18,0.10591418211882142
2023-08-21,0.10599452911814611
2023-08-22,0.10615401707793903
2023-08-23,0.10501951779076601
2023-08-24,0.10672504295982788
2023-08-25,0.10648043212969804
2023-08-28,0.10489116953769229
2023-08-29,0.10362043252467479
2023-08-30,0.1028992679396531
2023-08-31,0.10195209343092515
2023-09-01,0.10124327043556991
2023-09-05,0.10336763380437719
2023-09-06,0.05172262991350496
2023-09-07,0.05185041177669092
2023-09-08,0.05165447956369473
2023-09-11,0.0513570898172907
2023-09-12,0.05143665423540411
2023-09-13,0.051416549427114155
2023-09-14,0.0511569635369864
2023-09-15,0.05176744742008321
2023-09-18,0.051439786150944466
2023-09-19,0.051758484848201114
2023-09-20,0.0518743376694788
2023-09-21,0.05307535062169133
2023-09-22,0.00966148564754854
2023-09-25,0.009497774541911252
2023-09-26,0.009634987688168062
2023-09-27,0.009486361427612056
2023-09-28,0.007529497043539224
2023-09-29,0.0076101991131548585
2023-10-02,0.0076956716664059455
2023-10-03,0.007815732830617317
2023-10-04,0.007750424298553771
2023-10-05,0.07194991441712606
2023-10-06,0.07274811828302408
2023-10-09,0.07215433689621398
2023-10-10,0.07126116132229232
2023-10-11,0.0301924681913901
2023-10-12,0.03052249887968539
2023-10-13,0.03065115985887601
2023-10-16,0.0302906293211902
2023-10-17,0.029980146368055904
2023-10-18,0.030262305072117468
2023-10-19,0.030725561684531555
2023-10-20,0.07595511622800821
2023-10-23,0.16941204006003918
2023-10-24,0.06816919052863124
2023-10-25,0.0695860204867984
2023-10-26,0.16839274550822558
2023-10-27,0.1690236030993767
2023-10-30,0.1670290102322629
2023-10-31,0.16506010007062077
2023-11-01,0.16308866340489492
2023-11-02,0.26942662970366027
2023-11-03,0.2440446087535617
2023-11-06,0.04345370193883713
2023-11-07,0.0026897653608934924
2023-11-08,0.0027158374154152565
2023-11-09,0.002741446532603997
2023-11-10,0.002692611739087525
2023-11-13,0.00266800297396641
2023-11-14,0.002589851251631581
2023-11-15,0.061035467926378484
2023-11-16,0.061728463137241785
2023-11-17,0.06085001540142243
2023-11-20,0.060376457077541135
2023-11-21,0.060418939202911415
2023-11-22,0.060205814541600455
2023-11-24,0.05959995761193504
2023-11-27,0.0595116489206966
2023-11-28,0.059851567581563625
2023-11-29,0.0470832419249132
2023-11-30,0.09115450054558882
2023-12-01,0.08982498054800458
2023-12-04,0.14500983485534158
2023-12-05,0.14551380627411592
2023-12-06,0.14706365613074535
2023-12-07,0.14146482285463025
2023-12-08,0.1954515373477691
2023-12-11,0.19353869226859344
2023-12-12,0.19092253302508888
2023-12-13,0.19103337981654345
2023-12-14,0.24399877160596617
2023-12-15,0.2423511483825238
2023-12-18,0.24152086766437952
2023-12-19,0.23930009700635557
2023-12-20,0.24316828578395222
2023-12-21,0.24013715315492934
2023-12-22,0.23993259619832508
2023-12-26,0.23949154766776182
2023-12-27,0.2392933879275111
2023-12-28,0.23962961790168624
2023-12-29,0.24122916629950042
2024-01-02,0.24494800767121716
2024-01-03,0.24880948425623806
2024-01-04,0.14954643112480215
2024-01-05,0.1488754020789308
2024-01-08,0.14457586777258502
2024-01-09,0.1440606484695145
2024-01-10,0.14212756163945073
2024-01-11,0.1415215111803405
2024-01-12,0.14191922647959743
2024-01-16,0.1421246473225164
2024-01-17,0.14283788234872696
2024-01-18,0.1409517766139634
2024-01-19,0.1926518609331802
2024-01-22,0.19702062530158826
2024-01-23,0.19803065052941438
2024-01-24,0.19863392021174087
2024-01-25,0.19864185609120555
2024-01-26,0.1982157152162356
2024-01-29,0.19548557382357312
2024-01-30,0.19431045455786367
2024-01-31,0.19950917047897287
2024-02-01,0.18180569219779286
2024-02-02,0.17603080621581302
2024-02-05,0.23794510315323192
2024-02-06,0.22729629532602946
2024-02-07,0.22509868804019184
2024-02-08,0.22371554074367395
2024-02-09,0.22054432170850058
2024-02-12,0.22041265723495385
2024-02-13,0.22370776849448704
2024-02-14,0.22014431795426803
2024-02-15,0.21905772865117934
2024-02-16,0.2200503167762199
2024-02-20,0.22291337875247363
2024-02-21,0.225800979138973
2024-02-22,0.21990333292839126
2024-02-23,0.21940795312597283
2024-02-26,0.2163005603839364
2024-02-27,0.21416854538124908
2024-02-28,0.2131239187192252
2024-02-29,0.21109330031370954
2024-03-01,0.2571924683573068
2024-03-04,0.25663223385252165
2024-03-05,0.24261534295523168
2024-03-06,0.23912938250647453
2024-03-07,0.23858185191900294
2024-03-08,0.29318651789592354
2024-03-11,0.35450873967794005
2024-03-12,0.3479764527917667
2024-03-13,0.34630345003614726
2024-03-14,0.34767815999262486
2024-03-15,0.3495814464640662
2024-03-18,0.3461377682269352
2024-03-19,0.34605330103546905
2024-03-20,0.3419692080186131
2024-03-21,0.338722983518008
2024-03-22,0.3386866294186016
2024-03-25,0.34217462226290973
2024-03-26,0.34180412234914415
2024-03-27,0.3435467555446331
2024-03-28,0.34348212651217913
2024-04-01,0.3417266093520207
2024-04-02,0.34353519055550796
2024-04-03,0.340248451461465
2024-04-04,0.34555172334708895
2024-04-05,0.30547436164829855
2024-04-08,0.3068441013630817
2024-04-09,0.28979129616495913
2024-04-10,0.2901468466224768
2024-04-11,0.28835263812886125
2024-04-12,0.29388403331174384
2024-04-15,0.24830889381490595
2024-04-16,0.19960645741684058
2024-04-17,0.20186781691004374
2024-04-18,0.16643585248413462
2024-04-19,0.15878511054293676
2024-04-22,0.2671090129377953
2024-04-23,0.16421134318340347
2024-04-24,0.16371216569156577
2024-04-25,0.06325694483182476
2024-04-26,0.06275587606648259
2024-04-29,0.1616944126537403
2024-04-30,0.0619348501400836
2024-05-01,0.06669001746639625
2024-05-02,0.06603398505302749
2024-05-03,0.0649741156672381
2024-05-06,0.0638786272736116
2024-05-07,0.0636751790137371
2024-05-08,0.06328267643146013
2024-05-09,0.06281972291000437
2024-05-10,0.062122614143687915
2024-05-13,0.11894636433318773
2024-05-14,0.11788720579453227
2024-05-15,0.11725785485381357
2024-05-16,0.17392219006550969
2024-05-17,0.15449956766755868
2024-05-20,0.15406941476091085
2024-05-21,0.15273414753071135
2024-05-22,0.15368908339401544
2024-05-23,0.14353347879865552
2024-05-24,0.1412130440175171
2024-05-28,0.14255391485433344
2024-05-29,0.13192500476270164
2024-05-30,0.12166157406441758
2024-05-31,0.12226681317815002
2024-06-03,0.12326135198454158
2024-06-04,0.12411549150923729
2024-06-05,0.12178303870567464
2024-06-06,0.12380504480669097
2024-06-07,0.10243538207491065
2024-06-10,0.004370201543658303
2024-06-11,0.09716130462027073
2024-06-12,0.09538080841147656
2024-06-13,0.0951768212830495
2024-06-14,0.09580800843979143
2024-06-17,0.09651988900675312
2024-06-18,0.09591691368481148
2024-06-20,0.09717371765528116
2024-06-21,0.09049125342412145
2024-06-24,0.09056500326351524
2024-06-25,0.09003594829311767
2024-06-26,0.08132759608497286
2024-06-27,0.0813645546934132
2024-06-28,0.07163434474592345
2024-07-01,0.07166881311881068
2024-07-02,0.07208743761897118
2024-07-03,0.07067444885776797
2024-07-05,0.07043114255777905
2024-07-08,0.06999463448959142
2024-07-09,0.07015798143557739
2024-07-10,0.06978580657708722
2024-07-11,0.06942249624616881
2024-07-12,0.06848762072523062
2024-07-15,0.06806529886637858
2024-07-16,0.06684880455147524
2024-07-17,0.12972909657484133
2024-07-18,0.029992728884284947
2024-07-19,0.025562530525388483
2024-07-22,0.02494806106880798
2024-07-23,0.01909308700162149
2024-07-24,0.01965101534777003
2024-07-25,0.008026030679935237
2024-07-26,0.09559425148989131
2024-07-29,0.10059022323159916
2024-07-30,0.0004911758901794405
2024-07-31,0.0004858030001854141
2024-08-01,0.0004956334841574872
2024-08-02,0.0005115547766800788
2024-08-05,0.09879949712231018
2024-08-06,0.0002088661679957582
2024-08-07,0.00020975817134427643
2024-08-08,0.00020490299485376173
2024-08-09,0.004823396818942949
2024-08-12,0.004818096261803295
2024-08-13,0.004814167769321642
2024-08-14,0.009510157089893001
2024-08-15,0.009403633700618697
2024-08-16,0.00938752181671354
2024-08-19,0.009225578332934248
2024-08-20,0.011184698897792722
2024-08-21,0.01105297991940013
2024-08-22,0.011085178653010508
2024-08-23,0.010889510866077257
2024-08-26,0.06997193032739113
2024-08-27,0.06989659136451842
2024-08-28,0.06960571979585262
2024-08-29,0.06952982269242924
2024-08-30,0.0689781444108355
2024-09-03,0.07049525318714656
2024-09-04,0.07022013902097812
2024-09-05,0.07032852296875014
2024-09-06,0.07148201053426695
2024-09-09,0.07039426717783981
2024-09-10,0.071055244088995
2024-09-11,0.07111987393106256
2024-09-12,0.0671395719264295
2024-09-13,0.06658265592288803
2024-09-16,0.06598959595943221
2024-09-17,0.06584441237497396
2024-09-18,0.0658981090923324
2024-09-19,0.0654946883070684
2024-09-20,0.06548420706471825
2024-09-23,0.06514835018584819
2024-09-24,0.06490537874202262
2024-09-25,0.016903626202684707
2024-09-26,0.01695220577284562
2024-09-27,0.017034839463349494
2024-09-30,0.016971753165683223
2024-10-01,0.016965257496626807
2024-10-02,0.01969302156802255
2024-10-03,0.01967153806367905
2024-10-04,0.019560429164542592
2024-10-07,0.019731890186956202
2024-10-08,0.019537130340371966
2024-10-09,0.019470346544641637
2024-10-10,0.01968176615789652
2024-10-11,0.019367175643976386
2024-10-14,0.0192714614230306
2024-10-15,0.01927640819042309
2024-10-16,0.01906973270114587
2024-10-17,0.013945798412473454
2024-10-18,0.013961219273740721
2024-10-21,0.014149595341894416
2024-10-22,0.014212434385356132
2024-10-23,0.009061509453451744
2024-10-24,0.009023004063941964
2024-10-25,0.009075861821498665
2024-10-28,0.007283873197591051
2024-10-29,0.007268851419384936
2024-10-30,0.007271545054353679
2024-10-31,0.06169356937857007
2024-11-01,0.04792608927021624
2024-11-04,0.047902887174412045
2024-11-05,0.047055161915114496
2024-11-06,0.04502182674113753
2024-11-07,0.3172019600757885
2024-11-08,0.11448834690055743
2024-11-11,0.11385210079622132
2024-11-12,0.11562193402959764
2024-11-13,0.11869805626680141
2024-11-14,0.16929836060528058
2024-11-15,0.17095054379977703
2024-11-18,0.16989396438333992
2024-11-19,0.16180948276195983
2024-11-20,0.16292259271760823
2024-11-21,0.16075856455527204
2024-11-22,0.15969456717464514
2024-11-25,0.21656771539899455
2024-11-26,0.2156498527422771
2024-11-27,0.21714007002858682
2024-11-29,0.2646176988126189
2024-12-02,0.16511346826863937
2024-12-03,0.16234414494053628
2024-12-04,0.1611517348953907
2024-12-05,0.16210737664826325
2024-12-06,0.16182997608416005
2024-12-09,0.11622731926380236
2024-12-10,0.11596660632114864
2024-12-11,0.11396464567576325
2024-12-12,0.1146423706421521
2024-12-13,0.11547096187365413
2024-12-16,0.11473735440477362
2024-12-17,0.11628957935925521
2024-12-18,0.11498756820568268
2024-12-19,0.033097820829199986
2024-12-20,0.032521816267284565
2024-12-23,0.03286243482274365
2024-12-24,0.03269069095162114
2024-12-26,0.03258332630791272
2024-12-27,0.033086949432621804
2024-12-30,0.0333958077626324
2024-12-31,0.03345539371842721
2025-01-02,0.03349712706984587
2025-01-03,0.032742508676347204
2025-01-06,0.032926057769355976
2025-01-07,0.03140613420627836
2025-01-08,0.03122340096378029
2025-01-10,0.03230285595073057
2025-01-13,0.08078265310716026
2025-01-14,0.0800990240854248
2025-01-15,0.16896567980689048
2025-01-16,0.06948628977513316
2025-01-17,0.0695155962667583
2025-01-21,0.06840659252173176
2025-01-22,0.06907075448716404
2025-01-23,0.0683651508712746
2025-01-24,0.06835988770422685
2025-01-27,0.06842639511998694
2025-01-28,0.06693872335333362
2025-01-29,0.06721196309677457
2025-01-30,0.0666373596062273
2025-01-31,0.06758747436935775
2025-02-03,0.0682861493401914
2025-02-04,0.0680537281564817
2025-02-05,0.06747779633850703
2025-02-06,0.06749779467062855
2025-02-07,0.06106486650298415
2025-02-10,0.0632019084117863
2025-02-11,0.06318357043250977
2025-02-12,0.06336925010094085
2025-02-13,0.062375270270906946
2025-02-14,0.024042334202966753
2025-02-18,0.009865901785919395
2025-02-19,0.06639450544051906
2025-02-20,0.06725379860098324
2025-02-21,0.07001873340504083
2025-02-24,0.0801386875673138
2025-02-25,0.08038419943462238
2025-02-26,0.06077571345726296
2025-02-27,0.06172385152855209
2025-02-28,0.06102231716813267
2025-03-03,0.06219179662303487
2025-03-04,0.01871360820179968
2025-03-05,0.01471616759532679
2025-03-06,0.07243442611742845
2025-03-07,0.07503710789771834
2025-03-10,0.06791807578264097
2025-03-11,0.16595880532118812
2025-03-12,0.26907427658604166
2025-03-13,0.27378954655178345
2025-03-14,0.36804863010855393
2025-03-17,0.3646006720986352
2025-03-18,0.5853210560480935
2025-03-19,0.5819349220712174
2025-03-20,0.6886331316568814
2025-03-21,0.6894806752428737
2025-03-24,0.6840284624103283
2025-03-25,0.2836735150482922
2025-03-26,0.1833926303103126
2025-03-27,0.18491265503815502
2025-03-28,0.27753787547079833
2025-03-31,0.2784630692342701
2025-04-01,0.27948013411353123
2025-04-02,0.362217468311415
2025-04-03,0.36506545782361755
2025-04-04,0.4734715967633458
2025-04-07,0.584055435016211
2025-04-08,0.6821328587896855
2025-04-09,0.672944527699022
2025-04-10,0.6738780891958522
2025-04-11,0.6701821837994322
2025-04-14,0.665772157531701
2025-04-15,0.6633835079757134
2025-04-16,0.9374200041632594
2025-04-17,0.93767354119891
2025-04-21,0.9398752900232776
2025-04-22,0.938388071295817
2025-04-23,0.9368120826617904
2025-04-24,0.9363644375466179
2025-04-25,0.9385756757173143
2025-04-28,0.9378491462737111
2025-04-29,0.9384076127908137
2025-04-30,0.9395382931917236
2025-05-01,0.9399144918103963
2025-05-02,0.936886078732496
2025-05-05,0.9353772405773773
2025-05-06,0.9351288235570286
2025-05-07,0.9349387219688661
2025-05-08,0.9337030031523048
2025-05-09,0.9337339549449437
2025-05-12,0.9355286805262563
2025-05-13,0.6357349549148106
2025-05-14,0.4369430042570781
2025-05-15,0.036798093092503925
2025-05-16,0.036406709269099724
2025-05-19,0.03615700067817729
2025-05-20,0.03607535011445462
2025-05-21,0.036552415306916
2025-05-22,0.03667908212618065
2025-05-23,0.036317209197671674
2025-05-27,0.03571795736646233
2025-05-28,0.0360598312030318
2025-05-29,0.036249528978463785
2025-05-30,0.035852759688512204
2025-06-02,0.03556241272472138
2025-06-03,0.035837881862655796
2025-06-04,0.03605745996063503
2025-06-05,0.023315668192679828
2025-06-06,0.01713527760297595
2025-06-09,0.01723035419351182
2025-06-10,0.012530180713210881
2025-06-11,0.012423534593032026
2025-06-12,0.012250008336230578
2025-06-13,0.012226905371278796
2025-06-16,0.07022003279496702
2025-06-17,0.0695963228212878
2025-06-18,0.06907524644080054
2025-06-20,0.06893695158748991
2025-06-23,0.02488418584759966
2025-06-24,0.024821393721483953
2025-06-25,0.025134253179144084
2025-06-26,0.02492362569631834
2025-06-27,0.024767639498380678
2025-06-30,0.015429311239608001
2025-07-01,0.016076061365010164
2025-07-02,0.010704510434653813
2025-07-03,0.010601605676946235
2025-07-07,0.006166376700851739
2025-07-08,0.006308341169166232
2025-07-09,0.006316468787952223
2025-07-10,0.006262787035843376
2025-07-11,0.00624203931838041
2025-07-14,0.00607553590112464
2025-07-15,0.006113016824961459
2025-07-16,0.0009623221540987492
2025-07-17,0.0009504032635268
2025-07-18,0.05633819987143496
2025-07-21,0.05778577494976256
2025-07-22,0.04465063086213783
2025-07-23,0.03636894566744264
2025-07-24,0.03607608119241146
2025-07-25,0.03585466132585402
2025-07-28,0.036012076440030016
2025-07-29,0.09942398377945016
2025-07-30,0.09884600618056305
2025-07-31,0.10142713836528616
2025-08-01,0.08832964823482303
2025-08-04,0.08709623773048503
2025-08-05,0.08657705101965352
2025-08-06,0.0858201696605998
2025-08-07,0.08611093949053583
2025-08-08,0.07773728597218299
2025-08-11,0.07760165292186127
2025-08-12,0.07652179065243814
2025-08-13,0.07776103530133816
2025-08-14,0.027570706223537078
2025-08-15,0.027663338419754213
2025-08-18,0.02762457355623249
2025-08-19,0.02642699780301494
2025-08-20,0.02651274479310939
2025-08-21,0.02642434593146914
2025-08-22,0.026345321635868224
2025-08-25,0.02615340525066745
2025-08-26,0.028257406548930386
2025-08-27,0.028154948357296594
2025-08-28,0.027778198958987588
2025-08-29,0.028283011309985895
2025-09-02,0.028420013942246136
2025-09-03,0.028463850133632618
2025-09-04,0.02817750165429278
2025-09-05,0.0899723657161634
2025-09-08,0.03172375823114493
2025-09-09,0.03172527641703016
2025-09-10,0.029356318886735067
2025-09-11,0.02892893505519778
2025-09-12,0.029075903424585436
2025-09-15,0.028734600976865088
2025-09-16,0.028533938560552863
2025-09-17,0.028572348638988054
2025-09-18,0.027897790579337167
2025-09-19,0.0829340905637419
2025-09-22,0.08220019481564533
2025-09-23,0.08201714021079809
2025-09-24,0.08305007113173513
2025-09-25,0.08267134597376624
2025-09-26,0.08201792435800015
2025-09-29,0.08163661953143364
2025-09-30,0.06095109835690826
2025-10-01,0.060126250565112116
2025-10-02,0.046757299061179536
2025-10-03,0.04720014526370442
2025-10-06,0.04683081460375438
2025-10-07,0.047236913997475205
2025-10-08,0.046317525988411434
2025-10-09,0.10069071571680055
2025-10-10,0.04965917218161919
2025-10-13,0.04671523042216563
2025-10-14,0.04665277977204063
2025-10-15,0.046730204893231986
2025-10-16,0.04714159073397428
2025-10-17,0.04793373867697637
2025-10-20,0.047521111433819985
2025-10-21,0.04806768492440683
2025-10-22,0.049035188268364616
2025-10-23,0.04148917367998628
2025-10-24,0.09351486641504525
2025-10-27,0.14031894841871373
2025-10-28,0.14092697344026828
2025-10-29,0.13881710489958565
2025-10-30,0.13452556426665474
2025-10-31,0.13503315634799273
2025-11-03,0.13415560507809432
2025-11-04,0.13681585208738722
2025-11-05,0.13648481919454325
2025-11-06,0.13474892511073966
2025-11-07,0.11909305887077415
2025-11-10,0.1159125936413885
2025-11-11,0.11660888552700632
2025-11-12,0.1170317073468009
2025-11-13,0.12204381154229815
2025-11-14,0.10971599286868383
2025-11-17,0.11150407666461692
2025-11-18,0.11771177206366634
2025-11-19,0.07559635221121686
2025-11-20,0.07898353379547107
2025-11-21,0.07369607043799276
2025-11-24,0.0714966108137206
2025-11-25,0.07070991867647292
2025-11-26,0.069849391991466
2025-11-28,0.06941168314688251
2025-12-01,0.07333622486695712
2025-12-02,0.07359827766535798
2025-12-03,0.07420821654101983
2025-12-04,0.07353736351545204
2025-12-05,0.0732539441905673
2025-12-08,0.0731904071120677
2025-12-09,0.073000529895339
2025-12-10,0.07155939432345826
2025-12-11,0.0706331249715465
2025-12-12,0.10589868528970758
2025-12-15,0.06302995039140358
2025-12-16,0.0636237530451117
2025-12-17,0.06448416531281853
2025-12-18,0.022004526402183644
2025-12-19,0.021685734738326023
2025-12-22,0.02163639655505656
2025-12-23,0.021636528747408734
2025-12-24,0.021655950676320646
2025-12-26,0.021617267373190252
2025-12-29,0.021776628053006286
2025-12-30,0.021868985271650487
2025-12-31,0.022122698837583887
2026-01-02,0.03040283372632968
2026-01-05,0.030036287822598595
2026-01-06,0.02875177030663234
2026-01-07,0.07713390045936297
2026-01-08,0.08025445047318969
2026-01-09,0.07022496852863835
2026-01-12,0.0684289421528732
2026-01-13,0.056873361079701534
2026-01-14,0.057118111191122534
2026-01-15,0.05614723497614804
2026-01-16,0.11563105670737361
2026-01-20,0.11539111471436736
2026-01-21,0.11277451321602039
2026-01-22,0.11148741840149123
2026-01-23,0.11248370162651677
2026-01-26,0.11258149804253825
2026-01-27,0.18266663062672517
2026-01-28,0.178749173026991
2026-01-29,0.17846122526496155
2026-01-30,0.23879448904794054
2026-02-02,0.2171540713072746
2026-02-03,0.21800277131169976
2026-02-04,0.20423451123268044
2026-02-05,0.18884958033356847
2026-02-06,0.183345343554574
2026-02-09,0.18319478086793162
2026-02-10,0.184285872214639
2026-02-11,0.1846855467989793
2026-02-12,0.1703442537439408
2026-02-13,0.0729734102455073
2026-02-17,0.07335851381725178
2026-02-18,0.06637219639495107
2026-02-19,0.06654789480232581
2026-02-20,0.06614220030296614
2026-02-23,0.015716774065487438
2026-02-24,0.01580591938561904
2026-02-25,0.015628090497255
2026-02-26,0.0157258780423839
2026-02-27,0.015801686934231673
2026-03-02,0.009981481913729384
2026-03-03,0.01032284346354262
2026-03-04,0.020575643366426477
2026-03-05,0.02137260013299025
2026-03-06,0.01040689413857987
2026-03-09,0.06823690774158042
2026-03-10,0.06761503601672625
2026-03-11,0.06740517821625125
2026-03-12,0.06913006326851034
2026-03-13,0.06485395784890746
2026-03-16,0.06322746237328447
2026-03-17,0.06322117638160529
2026-03-18,0.0629569935329296
2026-03-19,0.062047422363261884
2026-03-20,0.06485214234974535
2026-03-23,0.3890263536386208
2026-03-24,0.38031401925883757
2026-03-25,0.37704807120894723
2026-03-26,0.3884812519821591
2026-03-27,0.39024339117661366
2026-03-30,0.49964986376339626
2026-03-31,0.4893213547244052
2026-04-01,0.480839833193221
2026-04-02,0.5299264384794206
2026-04-06,0.5325486705863365
2026-04-07,0.6189107404565571
2026-04-08,0.6021224769198599
2026-04-09,0.6004843639637962
2026-04-10,0.6011943924258853
2026-04-13,0.6006433580306497
2026-04-14,0.6039404138275086
2026-04-15,0.6096824359271971
2026-04-16,0.6052906264585913
2026-04-17,0.5962941681587031
2026-04-20,0.5969193218572807
2026-04-21,0.4987432200021825
2026-04-22,0.3550633642823364
2026-04-23,0.2536374102868758
2026-04-24,0.25384718552494745
2026-04-27,0.0538641728769248
2026-04-28,0.055188305590825104
2026-04-29,0.055664404005723034
2026-04-30,0.04609716953950571
2026-05-01,0.046228330062871636
2026-05-04,0.04669083964733767
2026-05-05,0.04583132738923967
2026-05-06,0.04466336786906755
2026-05-07,0.04581982174803201
2026-05-08,0.044910081353205844
2026-05-11,0.044223264325157996
2026-05-12,0.02963402317364483
2026-05-13,0.02952172183633206
2026-05-14,0.02394387920541774
2026-05-15,0.015868802773461366
2026-05-18,0.016428321982952854
2026-05-19,0.010334222525332448
2026-05-20,0.010232920909515109
2026-05-21,0.010060137857955564
2026-05-22,0.009988457689020347
2026-05-26,0.009726324478380288
2026-05-27,0.009841965492366822
2026-05-28,0.09932538902300514
2026-05-29,0.09944956321094467
2026-06-01,0.0999679534111948
2026-06-02,0.00028111873726255343
2026-06-03,0.05562079161292288
2026-06-04,0.05685057400895677
2026-06-05,0.060307190073164874
2026-06-08,0.038989292782968143
2026-06-09,0.03903897416707269
2026-06-10,0.06413532075803996
2026-06-11,0.06114408410537586
2026-06-12,0.024732811809968114
2026-06-15,0.0848407875228202
2026-06-16,0.08635394363774407
2026-06-17,0.08637883981512806
2026-06-18,0.07083960360690789
2026-06-22,0.06981664372449958
2026-06-23,0.07242019760561436
2026-06-24,0.07310109139133858
2026-06-25,0.07207629225100054
2026-06-26,0.06456037267107884
2026-06-29,0.0628045260962915
2026-06-30,0.06148933335496409
2026-07-01,0.0631059767144182
2026-07-02,0.054702642450551564
2026-07-06,0.039441581620163646
2026-07-07,0.10040587936941181
2026-07-08,0.046197027529189194
2026-07-09,0.04561451882588885
2026-07-10,0.04522106751840138
2026-07-13,0.04569380451911076
2026-07-14,0.045058119078569825
2026-07-15,0.04502246785514663
2026-07-16,0.09706885494786666
2026-07-17,0.09797417597952651
2026-07-20,0.0980040192200533
2026-07-21,0.09676017790498948
2026-07-22,0.09755041989472946
2026-07-23,0.09811826165748894
2026-07-24,0.09811068290964575
2026-07-27,0.09855221475772746
2026-07-28,0.09123800158215456
2026-07-29,0.09224047819216297
2026-07-30,0.08919644209260691
2026-07-31,0.08904641556488402
2026-08-03,0.08885183896796722
2026-08-04,0.08888525903851408
2026-08-05,0.08929698928646357
2026-08-06,0.0898738413726603
2026-08-07,0.09415702128522796
2026-08-10,0.09409945330272995
2026-08-11,0.0940790045987695
2026-08-12,0.09334686786792823
2026-08-13,0.09287268883677724
2026-08-14,0.09301449685493579
2026-08-17,0.0933233889411027
2026-08-18,0.09341917809673239
2026-08-19,0.08835021169301571
2026-08-20,0.0007769434040759693
2026-08-21,0.06252178382842044
2026-08-24,0.06296971860217782
2026-08-25,0.05653904234728757
