date,cash_fraction
2007-01-03,1.0
2007-01-04,0.6006147752337108
2007-01-05,0.20204175430195137
2007-01-08,0.0018400930663640125
2007-01-09,0.0018285924784163798
2007-01-10,0.0018096708722592503
2007-01-11,0.001787794356338579
2007-01-12,0.001788572368738972
2007-01-16,0.0017861679524442398
2007-01-17,0.0017899159002222609
2007-01-18,0.0018037737877379945
2007-01-19,0.0017913740403563416
2007-01-22,0.0017953438655997633
2007-01-23,0.0017876888926264822
2007-01-24,0.0017707571467971972
2007-01-25,0.001777238380661128
2007-01-26,0.0017747837612878126
2007-01-29,0.0957336299673478
2007-01-30,0.09538396591764908
2007-01-31,0.08944359224993881
2007-02-01,0.08911398657787484
2007-02-02,0.08838188302338701
2007-02-05,0.08820704529126278
2007-02-06,0.08737756801764207
2007-02-07,0.08658652241140041
2007-02-08,0.08640118639451155
2007-02-09,0.08758403009072091
2007-02-12,0.08822539883990377
2007-02-13,0.08752381771566109
2007-02-14,0.08770480446640627
2007-02-15,0.08751233064019825
2007-02-16,0.08760974019782874
2007-02-20,0.08687720965069323
2007-02-21,0.0871094737821726
2007-02-22,0.08725422817650608
2007-02-23,0.0879804091420755
2007-02-26,0.08303366434653481
2007-02-27,0.08012586948991851
2007-02-28,0.08719118705206741
2007-03-01,0.07564120479963321
2007-03-02,0.07690922952924095
2007-03-05,0.18181056593450518
2007-03-06,0.08463985833171417
2007-03-07,0.0839423510573647
2007-03-08,0.08364934589019735
2007-03-09,0.08355563261311727
2007-03-12,0.0829633339136624
2007-03-13,0.08422309176075438
2007-03-14,0.08391858951333464
2007-03-15,0.08331242216308765
2007-03-16,0.08381089265855457
2007-03-19,0.08318385971714026
2007-03-20,0.08250288621516721
2007-03-21,0.07743204211753574
2007-03-22,0.17475353595755616
2007-03-23,0.1743417693931707
2007-03-26,0.07419553431589732
2007-03-27,0.07509638065380586
2007-03-28,0.0754350894032978
2007-03-29,0.07532367240074289
2007-03-30,0.07526131195448194
2007-04-02,0.07473796043261849
2007-04-03,0.07416406373084361
2007-04-04,0.07438550657423526
2007-04-05,0.07431081920771654
2007-04-09,0.07367853404739488
2007-04-10,0.07373899387564187
2007-04-11,0.07455705683447011
2007-04-12,0.07404840938351809
2007-04-13,0.0738688299154644
2007-04-16,0.07268175660940879
2007-04-17,0.12975408461767546
2007-04-18,0.12412063958401254
2007-04-19,0.11783059831546794
2007-04-20,0.11739282452674471
2007-04-23,0.11716667344805665
2007-04-24,0.07285007578697344
2007-04-25,0.1645780361357727
2007-04-26,0.06502105745218312
2007-04-27,0.06530934125613308
2007-04-30,0.0660827050291457
2007-05-01,0.06586244902129723
2007-05-02,0.0655414288340076
2007-05-03,0.07473116740924257
2007-05-04,0.07460504732352946
2007-05-07,0.07427827729653791
2007-05-08,0.07369173870137025
2007-05-09,0.07319470639115888
2007-05-10,0.0743804517826463
2007-05-11,0.0737102427862103
2007-05-14,0.07049958719175764
2007-05-15,0.07088681241446437
2007-05-16,0.06978224325617033
2007-05-17,0.07037553854506984
2007-05-18,0.06516897420102608
2007-05-21,0.06461676836324826
2007-05-22,0.0654523413923006
2007-05-23,0.06349041356754659
2007-05-24,0.07340452989840418
2007-05-25,0.07169865608201209
2007-05-29,0.071564813370814
2007-05-30,0.07077989294537479
2007-05-31,0.07068125903744238
2007-06-01,0.06987597012292346
2007-06-04,0.06956967508188627
2007-06-05,0.07013759571502298
2007-06-06,0.06870532102940796
2007-06-07,0.07006432040050126
2007-06-08,0.06325658269376533
2007-06-11,0.06329629885244947
2007-06-12,0.06728125014462061
2007-06-13,0.06653829333930328
2007-06-14,0.06634801840439009
2007-06-15,0.0657468893400579
2007-06-18,0.06436468484196656
2007-06-19,0.063992484326437
2007-06-20,0.06459891951157037
2007-06-21,0.06471831704589248
2007-06-22,0.06541100747011497
2007-06-25,0.06576738370028368
2007-06-26,0.06569689725270955
2007-06-27,0.0649384866563738
2007-06-28,0.06578296907372871
2007-06-29,0.06589305714050209
2007-07-02,0.059750623752760745
2007-07-03,0.05979825525009652
2007-07-05,0.05966533995091983
2007-07-06,0.05932777968003211
2007-07-09,0.05911855728845483
2007-07-10,0.05999767173169113
2007-07-11,0.05967366959091047
2007-07-12,0.05866100105801619
2007-07-13,0.058756508954369124
2007-07-16,0.058858809960236624
2007-07-17,0.0587184296111245
2007-07-18,0.05898008436690949
2007-07-19,0.05944239408370233
2007-07-20,0.05829252087241399
2007-07-23,0.2642499820523392
2007-07-24,0.06499887565311802
2007-07-25,0.06207095409461705
2007-07-26,0.02249467573704944
2007-07-27,0.022893086519197747
2007-07-30,0.020659835625124856
2007-07-31,0.02089378256094787
2007-08-01,0.020738956182741908
2007-08-02,0.020660075157972857
2007-08-03,0.021326511312787844
2007-08-06,0.021209520287606254
2007-08-07,0.02095536877570059
2007-08-08,0.020590752921264
2007-08-09,0.020936562639210843
2007-08-10,0.005172785413248726
2007-08-13,0.005266959308691366
2007-08-14,0.0053594917841562895
2007-08-15,0.2139440189007713
2007-08-16,0.5128670216383042
2007-08-17,0.7194393580195522
2007-08-20,0.7132744869727325
2007-08-21,0.7136206838049699
2007-08-22,0.5098053842316758
2007-08-23,0.4136969123508857
2007-08-24,0.40955499106491355
2007-08-27,0.4101438089102527
2007-08-28,0.4171793810508335
2007-08-29,0.4090768273413464
2007-08-30,0.40688454871230295
2007-08-31,0.4025570418652471
2007-09-04,0.40063099948025716
2007-09-05,0.4022581497549087
2007-09-06,0.39876779175107613
2007-09-07,0.20231920009473991
2007-09-10,0.002238039269920389
2007-09-11,0.0022197851997259876
2007-09-12,0.002229762766779664
2007-09-13,0.0022348444243580623
2007-09-14,0.09593398844713374
2007-09-17,0.09612234850878143
2007-09-18,0.09324285384266251
2007-09-19,0.09257596724972361
2007-09-20,0.15254296325042305
2007-09-21,0.15289190231882488
2007-09-24,0.1531805610896544
2007-09-25,0.05296521641638563
2007-09-26,0.05285297723884874
2007-09-27,0.052361010413689346
2007-09-28,0.05235830701784494
2007-10-01,0.047959504810416775
2007-10-02,0.09868520913554202
2007-10-03,0.09866787244020792
2007-10-04,0.09831882391510649
2007-10-05,0.0964530289698361
2007-10-08,0.09635932125628599
2007-10-09,0.09561912702149622
2007-10-10,0.09439827206097251
2007-10-11,0.09463706750392542
2007-10-12,0.09403522812565035
2007-10-15,0.09273360805279929
2007-10-16,0.14842421306118037
2007-10-17,0.14858540755975314
2007-10-18,0.14698927161994413
2007-10-19,0.1500658394219213
2007-10-22,0.1399697809960163
2007-10-23,0.12721692744959612
2007-10-24,0.18092026499388014
2007-10-25,0.1802165845978041
2007-10-26,0.18104659559062763
2007-10-29,0.17142786422652878
2007-10-30,0.17264314186534258
2007-10-31,0.17095201086352196
2007-11-01,0.17508348002785912
2007-11-02,0.12804086835546447
2007-11-05,0.12813842511292772
2007-11-06,0.12962758668718022
2007-11-07,0.11065992133433744
2007-11-08,0.0680820061088031
2007-11-09,0.12258705229978939
2007-11-12,0.22319986814195736
2007-11-13,0.5828071199913393
2007-11-14,0.08331391728050586
2007-11-15,0.08429589200063992
2007-11-16,0.08367783653829286
2007-11-19,0.08412673453346697
2007-11-20,0.08350157779667244
2007-11-21,0.0847801562863647
2007-11-23,0.08297952138194475
2007-11-26,0.08459751234709845
2007-11-27,0.08397545190294908
2007-11-28,0.08098659195309399
2007-11-29,0.0812241311672196
2007-11-30,0.08110074868910755
2007-12-03,0.08075127372856206
2007-12-04,0.08082342725062275
2007-12-05,0.07941560493695365
2007-12-06,0.07799101241042627
2007-12-07,0.07762708999967138
2007-12-10,0.07723201864464324
2007-12-11,0.07927707247540006
2007-12-12,0.07837739693743606
2007-12-13,0.077920704410253
2007-12-14,0.07805480852780555
2007-12-17,0.08047565644437671
2007-12-18,0.07986326298856461
2007-12-19,0.07906759110825778
2007-12-20,0.07817942688726776
2007-12-21,0.07648238185001421
2007-12-24,0.0753600418960364
2007-12-26,0.07489636802407185
2007-12-27,0.07583327446902799
2007-12-28,0.07566595886162764
2007-12-31,0.0761712046195534
2008-01-02,0.07703800596824084
2008-01-03,0.2642909869157237
2008-01-04,0.27248228811612685
2008-01-07,0.4774716027420489
2008-01-08,0.48132423798537416
2008-01-09,0.575532015649703
2008-01-10,0.5816621294764032
2008-01-11,0.6816634892043552
2008-01-14,0.674316932808962
2008-01-15,0.6830707812423676
2008-01-16,0.8001290098556518
2008-01-17,1.0
2008-01-18,1.0
2008-01-22,1.0
2008-01-23,1.0
2008-01-24,1.0
2008-01-25,1.0
2008-01-28,1.0
2008-01-29,1.0
2008-01-30,1.0
2008-01-31,1.0
2008-02-01,1.0
2008-02-04,1.0
2008-02-05,1.0
2008-02-06,1.0
2008-02-07,1.0
2008-02-08,1.0
2008-02-11,1.0
2008-02-12,1.0
2008-02-13,1.0
2008-02-14,1.0
2008-02-15,1.0
2008-02-19,1.0
2008-02-20,1.0
2008-02-21,1.0
2008-02-22,1.0
2008-02-25,1.0
2008-02-26,1.0
2008-02-27,1.0
2008-02-28,1.0
2008-02-29,1.0
2008-03-03,1.0
2008-03-04,1.0
2008-03-05,1.0
2008-03-06,1.0
2008-03-07,1.0
2008-03-10,1.0
2008-03-11,1.0
2008-03-12,1.0
2008-03-13,1.0
2008-03-14,1.0
2008-03-17,1.0
2008-03-18,1.0
2008-03-19,1.0
2008-03-20,1.0
2008-03-24,1.0
2008-03-25,1.0
2008-03-26,1.0
2008-03-27,1.0
2008-03-28,1.0
2008-03-31,1.0
2008-04-01,1.0
2008-04-02,1.0
2008-04-03,1.0
2008-04-04,1.0
2008-04-07,1.0
2008-04-08,1.0
2008-04-09,1.0
2008-04-10,1.0
2008-04-11,1.0
2008-04-14,1.0
2008-04-15,1.0
2008-04-16,1.0
2008-04-17,1.0
2008-04-18,1.0
2008-04-21,1.0
2008-04-22,1.0
2008-04-23,1.0
2008-04-24,1.0
2008-04-25,1.0
2008-04-28,1.0
2008-04-29,1.0
2008-04-30,1.0
2008-05-01,1.0
2008-05-02,1.0
2008-05-05,1.0
2008-05-06,1.0
2008-05-07,0.8001642058810927
2008-05-08,0.7999048865825351
2008-05-09,0.7971981477333924
2008-05-12,0.7974846421411345
2008-05-13,0.7978661806272033
2008-05-14,0.7948725231540097
2008-05-15,0.7961710186322597
2008-05-16,0.7954884570666257
2008-05-19,0.7980922906793156
2008-05-20,0.4983594726504951
2008-05-21,0.2019506382072247
2008-05-22,0.2010853523706274
2008-05-23,0.2043847480803508
2008-05-27,0.2959895224871121
2008-05-28,0.2908244633073338
2008-05-29,0.28956128519914737
2008-05-30,0.28841455430010643
2008-06-02,0.2908208776892389
2008-06-03,0.2914634745303184
2008-06-04,0.2901415572165902
2008-06-05,0.2864215147516759
2008-06-06,0.29289241724148884
2008-06-09,0.29460656997503865
2008-06-10,0.3892763396619101
2008-06-11,0.3946735287608186
2008-06-12,0.594370387754545
2008-06-13,0.7895654672343008
2008-06-16,0.789945648969301
2008-06-17,0.791666030559253
2008-06-18,0.8896142922922476
2008-06-19,0.889140868488778
2008-06-20,0.8898259832220885
2008-06-23,0.8875430209783322
2008-06-24,0.8903405234084054
2008-06-25,0.8890200575552776
2008-06-26,0.8933487272523599
2008-06-27,1.0
2008-06-30,1.0
2008-07-01,1.0
2008-07-02,1.0
2008-07-03,1.0
2008-07-07,1.0
2008-07-08,1.0
2008-07-09,1.0
2008-07-10,1.0
2008-07-11,1.0
2008-07-14,1.0
2008-07-15,1.0
2008-07-16,1.0
2008-07-17,1.0
2008-07-18,1.0
2008-07-21,1.0
2008-07-22,1.0
2008-07-23,1.0
2008-07-24,1.0
2008-07-25,1.0
2008-07-28,1.0
2008-07-29,1.0
2008-07-30,1.0
2008-07-31,1.0
2008-08-01,1.0
2008-08-04,1.0
2008-08-05,1.0
2008-08-06,1.0
2008-08-07,1.0
2008-08-08,1.0
2008-08-11,1.0
2008-08-12,1.0
2008-08-13,1.0
2008-08-14,1.0
2008-08-15,1.0
2008-08-18,1.0
2008-08-19,1.0
2008-08-20,1.0
2008-08-21,1.0
2008-08-22,1.0
2008-08-25,1.0
2008-08-26,1.0
2008-08-27,1.0
2008-08-28,1.0
2008-08-29,1.0
2008-09-02,1.0
2008-09-03,1.0
2008-09-04,1.0
2008-09-05,1.0
2008-09-08,1.0
2008-09-09,1.0
2008-09-10,1.0
2008-09-11,1.0
2008-09-12,1.0
2008-09-15,1.0
2008-09-16,1.0
2008-09-17,1.0
2008-09-18,1.0
2008-09-19,1.0
2008-09-22,1.0
2008-09-23,1.0
2008-09-24,1.0
2008-09-25,1.0
2008-09-26,1.0
2008-09-29,1.0
2008-09-30,1.0
2008-10-01,1.0
2008-10-02,1.0
2008-10-03,1.0
2008-10-06,1.0
2008-10-07,1.0
2008-10-08,1.0
2008-10-09,1.0
2008-10-10,1.0
2008-10-13,1.0
2008-10-14,1.0
2008-10-15,1.0
2008-10-16,1.0
2008-10-17,1.0
2008-10-20,1.0
2008-10-21,1.0
2008-10-22,1.0
2008-10-23,1.0
2008-10-24,1.0
2008-10-27,1.0
2008-10-28,1.0
2008-10-29,1.0
2008-10-30,1.0
2008-10-31,1.0
2008-11-03,1.0
2008-11-04,1.0
2008-11-05,1.0
2008-11-06,1.0
2008-11-07,1.0
2008-11-10,1.0
2008-11-11,1.0
2008-11-12,1.0
2008-11-13,1.0
2008-11-14,1.0
2008-11-17,1.0
2008-11-18,1.0
2008-11-19,1.0
2008-11-20,1.0
2008-11-21,1.0
2008-11-24,1.0
2008-11-25,1.0
2008-11-26,1.0
2008-11-28,1.0
2008-12-01,1.0
2008-12-02,1.0
2008-12-03,1.0
2008-12-04,1.0
2008-12-05,1.0
2008-12-08,1.0
2008-12-09,1.0
2008-12-10,1.0
2008-12-11,1.0
2008-12-12,1.0
2008-12-15,1.0
2008-12-16,1.0
2008-12-17,1.0
2008-12-18,1.0
2008-12-19,1.0
2008-12-22,1.0
2008-12-23,1.0
2008-12-24,1.0
2008-12-26,1.0
2008-12-29,1.0
2008-12-30,1.0
2008-12-31,1.0
2009-01-02,1.0
2009-01-05,1.0
2009-01-06,1.0
2009-01-07,1.0
2009-01-08,1.0
2009-01-09,1.0
2009-01-12,1.0
2009-01-13,1.0
2009-01-14,1.0
2009-01-15,1.0
2009-01-16,1.0
2009-01-20,1.0
2009-01-21,1.0
2009-01-22,1.0
2009-01-23,1.0
2009-01-26,1.0
2009-01-27,1.0
2009-01-28,1.0
2009-01-29,1.0
2009-01-30,1.0
2009-02-02,1.0
2009-02-03,1.0
2009-02-04,1.0
2009-02-05,1.0
2009-02-06,1.0
2009-02-09,1.0
2009-02-10,1.0
2009-02-11,1.0
2009-02-12,1.0
2009-02-13,1.0
2009-02-17,1.0
2009-02-18,1.0
2009-02-19,1.0
2009-02-20,1.0
2009-02-23,1.0
2009-02-24,1.0
2009-02-25,1.0
2009-02-26,1.0
2009-02-27,1.0
2009-03-02,1.0
2009-03-03,1.0
2009-03-04,1.0
2009-03-05,1.0
2009-03-06,1.0
2009-03-09,1.0
2009-03-10,1.0
2009-03-11,1.0
2009-03-12,1.0
2009-03-13,1.0
2009-03-16,1.0
2009-03-17,1.0
2009-03-18,1.0
2009-03-19,1.0
2009-03-20,1.0
2009-03-23,1.0
2009-03-24,1.0
2009-03-25,1.0
2009-03-26,1.0
2009-03-27,1.0
2009-03-30,1.0
2009-03-31,1.0
2009-04-01,1.0
2009-04-02,1.0
2009-04-03,1.0
2009-04-06,1.0
2009-04-07,1.0
2009-04-08,1.0
2009-04-09,1.0
2009-04-13,1.0
2009-04-14,1.0
2009-04-15,1.0
2009-04-16,1.0
2009-04-17,1.0
2009-04-20,1.0
2009-04-21,1.0
2009-04-22,1.0
2009-04-23,1.0
2009-04-24,1.0
2009-04-27,1.0
2009-04-28,1.0
2009-04-29,1.0
2009-04-30,1.0
2009-05-01,1.0
2009-05-04,1.0
2009-05-05,1.0
2009-05-06,1.0
2009-05-07,1.0
2009-05-08,1.0
2009-05-11,1.0
2009-05-12,1.0
2009-05-13,1.0
2009-05-14,1.0
2009-05-15,1.0
2009-05-18,1.0
2009-05-19,1.0
2009-05-20,1.0
2009-05-21,1.0
2009-05-22,1.0
2009-05-26,1.0
2009-05-27,1.0
2009-05-28,1.0
2009-05-29,1.0
2009-06-01,1.0
2009-06-02,1.0
2009-06-03,1.0
2009-06-04,1.0
2009-06-05,1.0
2009-06-08,1.0
2009-06-09,1.0
2009-06-10,1.0
2009-06-11,1.0
2009-06-12,1.0
2009-06-15,1.0
2009-06-16,0.900002211036087
2009-06-17,0.8983769916660529
2009-06-18,0.8993289975091121
2009-06-19,0.7983664780135482
2009-06-22,0.803977259872716
2009-06-23,0.7067258055140875
2009-06-24,0.7034069699729998
2009-06-25,0.6946397662008074
2009-06-26,0.6911221819989531
2009-06-29,0.6888782363511133
2009-06-30,0.5915658931276191
2009-07-01,0.48780464815025637
2009-07-02,0.4968270208196932
2009-07-06,0.2989958750898951
2009-07-07,0.3049851602459278
2009-07-08,0.20566885749721864
2009-07-09,0.39655926306916844
2009-07-10,0.3948741937400023
2009-07-13,0.2882860912708254
2009-07-14,0.2854602138046479
2009-07-15,0.2785524483889741
2009-07-16,0.27690833168702766
2009-07-17,0.3322716806938618
2009-07-20,0.330476474291555
2009-07-21,0.33097551361546307
2009-07-22,0.22993278381917526
2009-07-23,0.2264174296767837
2009-07-24,0.22681727304855637
2009-07-27,0.2279099834274385
2009-07-28,0.22847190703263554
2009-07-29,0.22539327365333195
2009-07-30,0.2230314872499114
2009-07-31,0.23262579191763266
2009-08-03,0.22990977620394737
2009-08-04,0.23078079137912666
2009-08-05,0.1318065098065081
2009-08-06,0.1334174929267008
2009-08-07,0.12005922082976694
2009-08-10,0.12040907088127839
2009-08-11,0.12157052964632531
2009-08-12,0.12008484206200298
2009-08-13,0.1197204259899094
2009-08-14,0.12184929980194492
2009-08-17,0.12445909623320961
2009-08-18,0.12204671004361112
2009-08-19,0.12152441844178097
2009-08-20,0.12064728402558778
2009-08-21,0.11952571105656973
2009-08-24,0.11945008894237596
2009-08-25,0.11802919276750579
2009-08-26,0.11810908462397629
2009-08-27,0.1757921235291241
2009-08-28,0.17607369683098628
2009-08-31,0.17230037802836973
2009-09-01,0.12676998432312858
2009-09-02,0.02548907533993905
2009-09-03,0.08058567816483397
2009-09-04,0.07196123802158305
2009-09-08,0.12522879665283715
2009-09-09,0.12351105473496682
2009-09-10,0.12244464142756961
2009-09-11,0.12357385188857073
2009-09-14,0.12267700570442308
2009-09-15,0.1211516744266532
2009-09-16,0.11972866227280432
2009-09-17,0.06826718755660144
2009-09-18,0.12460666425345979
2009-09-21,0.12609353825371838
2009-09-22,0.12478180566295582
2009-09-23,0.12588000639191876
2009-09-24,0.13015482265423728
2009-09-25,0.1270822302711334
2009-09-28,0.1231064651356224
2009-09-29,0.1814921043373765
2009-09-30,0.1752637005550619
2009-10-01,0.18337096149129128
2009-10-02,0.179296415951666
2009-10-05,0.12210438027250725
2009-10-06,0.12031216140061485
2009-10-07,0.12015908610024495
2009-10-08,0.11841315051519608
2009-10-09,0.11664312976558289
2009-10-12,0.1163889385306961
2009-10-13,0.11669076464315142
2009-10-14,0.11484300697264349
2009-10-15,0.11577277214205772
2009-10-16,0.11845112412455427
2009-10-19,0.11756341504404977
2009-10-20,0.11859560797004864
2009-10-21,0.12028042838000885
2009-10-22,0.05988072489121632
2009-10-23,0.06093591734623205
2009-10-26,0.061363285012098534
2009-10-27,0.06304502719246141
2009-10-28,0.25812172425317503
2009-10-29,0.12812405693018003
2009-10-30,0.02871172994896576
2009-11-02,0.02846781583341973
2009-11-03,0.02815886926701605
2009-11-04,0.028103508491254647
2009-11-05,0.027318906140826216
2009-11-06,0.027351116743023263
2009-11-09,0.026556376271424487
2009-11-10,0.08383488082778856
2009-11-11,0.08322923211419286
2009-11-12,0.08445023875243352
2009-11-13,0.08389029754249955
2009-11-16,0.08211690805115368
2009-11-17,0.08206269591060555
2009-11-18,0.08259328135499511
2009-11-19,0.08417048254488801
2009-11-20,0.0848636624809288
2009-11-23,0.08345162208997392
2009-11-24,0.08351445797504065
2009-11-25,0.08339923611915734
2009-11-27,0.08536269202973967
2009-11-30,0.07710796900728856
2009-12-01,0.07618077958724667
2009-12-02,0.07601357596968483
2009-12-03,0.16479326522077165
2009-12-04,0.06450771832656144
2009-12-07,0.147574993670208
2009-12-08,0.0475010651850708
2009-12-09,0.04706724247655647
2009-12-10,0.04701534362278992
2009-12-11,0.04662937280736079
2009-12-14,0.046066376663182806
2009-12-15,0.046148826255864916
2009-12-16,0.045786116635208374
2009-12-17,0.045843701471593445
2009-12-18,0.044895913001229415
2009-12-21,0.04438085650154344
2009-12-22,0.11368258978671997
2009-12-23,0.11242208779589469
2009-12-24,0.11116341596411239
2009-12-28,0.11125697680844182
2009-12-29,0.11166118029292782
2009-12-30,0.11134200315406206
2009-12-31,0.1124351785462182
2010-01-04,0.11130929179549942
2010-01-05,0.11040866011028083
2010-01-06,0.16529608147509067
2010-01-07,0.22077316042121353
2010-01-08,0.22122603610835834
2010-01-11,0.2059227626068394
2010-01-12,0.20895793160603238
2010-01-13,0.20725300542994518
2010-01-14,0.19319098564651105
2010-01-15,0.1965703542651004
2010-01-19,0.19416170916144848
2010-01-20,0.19548094303686447
2010-01-21,0.19897498067189456
2010-01-22,0.19691056296582354
2010-01-25,0.10187292391286862
2010-01-26,0.10207986279687176
2010-01-27,0.1689375782845467
2010-01-28,0.16586070430447863
2010-01-29,0.16728552572637767
2010-02-01,0.06603381376553874
2010-02-02,0.0654719450743998
2010-02-03,0.16684598059912503
2010-02-04,0.06929436115534893
2010-02-05,0.057129414989633975
2010-02-08,0.12451471957743343
2010-02-09,0.0241960961288743
2010-02-10,0.02423251367769741
2010-02-11,0.023791175612404514
2010-02-12,0.023538975688825237
2010-02-16,0.023127471142128098
2010-02-17,0.02036098973477085
2010-02-18,0.02019575966139353
2010-02-19,0.020193274936782468
2010-02-22,0.020050217702795248
2010-02-23,0.020361785653508768
2010-02-24,0.020215643305384057
2010-02-25,0.020159105262744892
2010-02-26,0.02014002759768696
2010-03-01,0.11333298096324285
2010-03-02,0.07576126293924579
2010-03-03,0.07577393927522014
2010-03-04,0.07554673125985112
2010-03-05,0.07457547900533601
2010-03-08,0.07436392969374961
2010-03-09,0.07409720940111031
2010-03-10,0.12831935688567564
2010-03-11,0.18067147268335282
2010-03-12,0.23338970389382685
2010-03-15,0.235273488244778
2010-03-16,0.23457519087332512
2010-03-17,0.286844298920651
2010-03-18,0.2870735932581113
2010-03-19,0.2931365718470291
2010-03-22,0.2911864554731869
2010-03-23,0.27696910907387395
2010-03-24,0.2788231310783462
2010-03-25,0.2795808055621479
2010-03-26,0.2794216269554334
2010-03-29,0.27686677705802176
2010-03-30,0.2779379396136741
2010-03-31,0.27956445887412174
2010-04-01,0.2777810679520273
2010-04-05,0.2762078566632934
2010-04-06,0.27706022094061633
2010-04-07,0.23624508238331265
2010-04-08,0.2339144231079222
2010-04-09,0.2329450727879926
2010-04-12,0.22109375868556658
2010-04-13,0.2211460529181093
2010-04-14,0.21886195596128633
2010-04-15,0.21782859119138076
2010-04-16,0.22098344628475308
2010-04-19,0.2218750558204593
2010-04-20,0.21803031139485285
2010-04-21,0.21529247050886258
2010-04-22,0.2131649617434972
2010-04-23,0.21206318298713311
2010-04-26,0.2629617581491459
2010-04-27,0.2687453206834398
2010-04-28,0.2695206868669904
2010-04-29,0.2646467769882438
2010-04-30,0.2711029140201071
2010-05-03,0.21969062303442577
2010-05-04,0.1700307150975623
2010-05-05,0.07957952243787159
2010-05-06,0.07564717247205799
2010-05-07,0.38743444664526194
2010-05-10,0.001800726206557357
2010-05-11,0.001795059886269379
2010-05-12,0.001746089867323608
2010-05-13,0.0017671735025199808
2010-05-14,0.0018353326423157235
2010-05-17,0.001826332961249122
2010-05-18,0.0018680692825799872
2010-05-19,0.09873308470181241
2010-05-20,0.1035507849545545
2010-05-21,0.6771261347287125
2010-05-24,0.678588389833521
2010-05-25,0.6759014876234097
2010-05-26,0.7877576693708211
2010-05-27,0.780703107108969
2010-05-28,0.7857485037896725
2010-06-01,0.7886487158501121
2010-06-02,0.8796216113043095
2010-06-03,0.8788588237313535
2010-06-04,0.8831989378360242
2010-06-07,0.885471057742171
2010-06-08,0.8846980776840526
2010-06-09,0.8840549729452254
2010-06-10,0.8815770616252413
2010-06-11,0.8776537786344204
2010-06-14,0.8767890301908048
2010-06-15,0.8757577894951633
2010-06-16,0.8735769982946417
2010-06-17,0.9362580904829069
2010-06-18,0.9370537307457426
2010-06-21,0.8379825039420284
2010-06-22,0.6406563841389121
2010-06-23,0.6384873007768076
2010-06-24,0.6418151064392374
2010-06-25,0.6430670505995805
2010-06-28,0.6446744415317353
2010-06-29,0.6533093305935389
2010-06-30,0.8028382388310067
2010-07-01,0.8006741400908313
2010-07-02,0.8000387386127696
2010-07-06,0.8001342144763544
2010-07-07,0.8014943975092509
2010-07-08,0.8002385491662046
2010-07-09,0.7986276513756123
2010-07-12,0.8001247326698852
2010-07-13,0.7987690391113618
2010-07-14,0.8997956447953575
2010-07-15,1.0
2010-07-16,1.0
2010-07-19,1.0
2010-07-20,1.0
2010-07-21,1.0
2010-07-22,1.0
2010-07-23,1.0
2010-07-26,1.0
2010-07-27,1.0
2010-07-28,1.0
2010-07-29,1.0
2010-07-30,1.0
2010-08-02,1.0
2010-08-03,0.8001266512655532
2010-08-04,0.6994771216081364
2010-08-05,0.501242778503837
2010-08-06,0.000540969166080707
2010-08-09,0.000535771398982976
2010-08-10,0.0005420327892891041
2010-08-11,0.000555195661946617
2010-08-12,0.0005567980142023865
2010-08-13,0.0005566798367470094
2010-08-16,0.09418905229423302
2010-08-17,0.09251645094597627
2010-08-18,0.09250401212624915
2010-08-19,0.09429314157737279
2010-08-20,0.09440459605037776
2010-08-23,0.09476039858976915
2010-08-24,0.09544797037879371
2010-08-25,0.19643735771969717
2010-08-26,0.29499008885151046
2010-08-27,0.4909964885638881
2010-08-30,0.7937337487543129
2010-08-31,0.7919464758280435
2010-09-01,0.7890164317728685
2010-09-02,0.7872436658698198
2010-09-03,0.7860066860807987
2010-09-07,0.7899848157294205
2010-09-08,0.7895276357537429
2010-09-09,0.7908241046495926
2010-09-10,0.7906871940238549
2010-09-13,0.7874885043367739
2010-09-14,0.6875953176164158
2010-09-15,0.6863631342199317
2010-09-16,0.38674569958487315
2010-09-17,0.08629554207340107
2010-09-20,0.08485730717431417
2010-09-21,0.08529546954629119
2010-09-22,0.0855321591080781
2010-09-23,0.08669675414011391
2010-09-24,0.08519559675891686
2010-09-27,0.0854562574072556
2010-09-28,0.08508225519446067
2010-09-29,0.08521202027479846
2010-09-30,0.08531940804720184
2010-10-01,0.0847746520735646
2010-10-04,0.08476313217944031
2010-10-05,0.08384402349266085
2010-10-06,0.08413034320637813
2010-10-07,0.08410081955811732
2010-10-08,0.08394194536212041
2010-10-11,0.08414885804379568
2010-10-12,0.08430445873448111
2010-10-13,0.08404660655282425
2010-10-14,0.08393204799228637
2010-10-15,0.08363240145406636
2010-10-18,0.0834881004728778
2010-10-19,0.08370348722223242
2010-10-20,0.08271160814281941
2010-10-21,0.08292861877371938
2010-10-22,0.08268054874793351
2010-10-25,0.08245942398343986
2010-10-26,0.08284609472360471
2010-10-27,0.08311590704603344
2010-10-28,0.08137388706513615
2010-10-29,0.08151469677738621
2010-11-01,0.08165322680802178
2010-11-02,0.08066700760816448
2010-11-03,0.08067847915517246
2010-11-04,0.07972766088830796
2010-11-05,0.07966041005396751
2010-11-08,0.080045983358631
2010-11-09,0.08111809535442993
2010-11-10,0.08093272929466833
2010-11-11,0.0780377598748192
2010-11-12,0.07871698234399482
2010-11-15,0.07733854838732734
2010-11-16,0.07867245959181746
2010-11-17,0.0881543186200564
2010-11-18,0.08716669854716397
2010-11-19,0.08635698048734652
2010-11-22,0.08605973816020152
2010-11-23,0.08675690400688074
2010-11-24,0.0855353448468269
2010-11-26,0.08567928610011666
2010-11-29,0.08596435383599876
2010-11-30,0.08605306269107149
2010-12-01,0.08441245722823887
2010-12-02,0.08350461152437894
2010-12-03,0.08306041193709812
2010-12-06,0.08298984070016913
2010-12-07,0.082834492703873
2010-12-08,0.08322993668312295
2010-12-09,0.08069524516751103
2010-12-10,0.08035481569276837
2010-12-13,0.08064862284530239
2010-12-14,0.07798144828495435
2010-12-15,0.07867168234419486
2010-12-16,0.07778421421199866
2010-12-17,0.03578907510449458
2010-12-20,0.035627640991885645
2010-12-21,0.03515747105938205
2010-12-22,0.03518775211409897
2010-12-23,0.03522651181875336
2010-12-27,0.0354154637884424
2010-12-28,0.03562659513024857
2010-12-29,0.035468812202376965
2010-12-30,0.03545094172679386
2010-12-31,0.024416237796294316
2011-01-03,0.017928464154903345
2011-01-04,0.018056100192418767
2011-01-05,0.01799207130285363
2011-01-06,0.018162716268876777
2011-01-07,0.01896442540963872
2011-01-10,0.01878470247939934
2011-01-11,0.018807373818836126
2011-01-12,0.018644828283584713
2011-01-13,0.01867015447071696
2011-01-14,0.018531014251072286
2011-01-18,0.018519133157089196
2011-01-19,0.018109881279642304
2011-01-20,0.018351662702585148
2011-01-21,0.1212042347141149
2011-01-24,0.015015182918362457
2011-01-25,0.014978483420116206
2011-01-26,0.014734616697264169
2011-01-27,0.01471205376282625
2011-01-28,0.015102009423064167
2011-01-31,0.07062771859805628
2011-02-01,0.07055672821949022
2011-02-02,0.07114351471339864
2011-02-03,0.07077900393529957
2011-02-04,0.07067142401492332
2011-02-07,0.06976090357705356
2011-02-08,0.06953015508252613
2011-02-09,0.06975116893545186
2011-02-10,0.06927279870029057
2011-02-11,0.06871164004168362
2011-02-14,0.06901799680527843
2011-02-15,0.019505450199164054
2011-02-16,0.01811306866828477
2011-02-17,0.017873674175528653
2011-02-18,0.017955914736120238
2011-02-22,0.01845198167444273
2011-02-23,0.01892690343436587
2011-02-24,0.010964090928931358
2011-02-25,0.016488038306415653
2011-02-28,0.016531228755887417
2011-03-01,0.013784344398317439
2011-03-02,0.013665330576602464
2011-03-03,0.013325517924321684
2011-03-04,0.013446977085701306
2011-03-07,0.013669362956303388
2011-03-08,0.013477973706726543
2011-03-09,0.013530288813395575
2011-03-10,0.011158428734104997
2011-03-11,0.012047603084011094
2011-03-14,0.012188656899017047
2011-03-15,0.015812881588546324
2011-03-16,0.02387106672980177
2011-03-17,0.07799923961480815
2011-03-18,0.07390162425273683
2011-03-21,0.06905611089100105
2011-03-22,0.06914599175096081
2011-03-23,0.06916763096962386
2011-03-24,0.06882266312427776
2011-03-25,0.06771782607672616
2011-03-28,0.06776584404431119
2011-03-29,0.06720565522029742
2011-03-30,0.06702506198536007
2011-03-31,0.0668659221559822
2011-04-01,0.06628534171355982
2011-04-04,0.0661555838002289
2011-04-05,0.0656929977318752
2011-04-06,0.06626277202130992
2011-04-07,0.06633814428535811
2011-04-08,0.06659032839136192
2011-04-11,0.06837422237450386
2011-04-12,0.1552114483224113
2011-04-13,0.04879150397682086
2011-04-14,0.04890687767346402
2011-04-15,0.04837808889473216
2011-04-18,0.049331520270937235
2011-04-19,0.048856097576908564
2011-04-20,0.047839430695436835
2011-04-21,0.1476643425770634
2011-04-25,0.04770868613972967
2011-04-26,0.04825814711286269
2011-04-27,0.13542012015983684
2011-04-28,0.13509389632488633
2011-04-29,0.13586252804324173
2011-05-02,0.034557624801272224
2011-05-03,0.0353614964681469
2011-05-04,0.025424903141967325
2011-05-05,0.027805699095186043
2011-05-06,0.027600636713169258
2011-05-09,0.02715332869157905
2011-05-10,0.027128929206990615
2011-05-11,0.09251366450976262
2011-05-12,0.09226558568849519
2011-05-13,0.09301478854426393
2011-05-16,0.09403955386919305
2011-05-17,0.09091720518027024
2011-05-18,0.09139600700750627
2011-05-19,0.08224963467108537
2011-05-20,0.08318287074655206
2011-05-23,0.08493036532810261
2011-05-24,0.09543126257987378
2011-05-25,0.08828621054504926
2011-05-26,0.08733509249475602
2011-05-27,0.08687545575976785
2011-05-31,0.08620464701710406
2011-06-01,0.08809410375995319
2011-06-02,0.08829712744449558
2011-06-03,0.06481965128098888
2011-06-06,0.07646667181114253
2011-06-07,0.08081743027771249
2011-06-08,0.08114708459986908
2011-06-09,0.08224955877744
2011-06-10,0.08219950736897652
2011-06-13,0.08810333331942777
2011-06-14,0.08672757326138014
2011-06-15,0.08835471371796
2011-06-16,0.08452621313154618
2011-06-17,0.08569346822946222
2011-06-20,0.08452444719632213
2011-06-21,0.08355958071028502
2011-06-22,0.08415588984214184
2011-06-23,0.08481205589923457
2011-06-24,0.08523007284148287
2011-06-27,0.08717645631967863
2011-06-28,0.18168623741424494
2011-06-29,0.18111118172154073
2011-06-30,0.18082792290929928
2011-07-01,0.2746452900905304
2011-07-05,0.27305223640899845
2011-07-06,0.27258715000212974
2011-07-07,0.2717880930002753
2011-07-08,0.2730857226095673
2011-07-11,0.27661642362447836
2011-07-12,0.07672442844660199
2011-07-13,0.07647371415542892
2011-07-14,0.07670320294134347
2011-07-15,0.07631158727400256
2011-07-18,0.07667176771629258
2011-07-19,0.075749124520468
2011-07-20,0.07607622933082814
2011-07-21,0.1756360052108571
2011-07-22,0.1760025337514558
2011-07-25,0.17641576101873813
2011-07-26,0.23363045470716415
2011-07-27,0.034229136672367044
2011-07-28,0.032373427402715316
2011-07-29,0.03228911825616387
2011-08-01,0.0320179600210565
2011-08-02,0.03315753946357858
2011-08-03,0.23151456432141182
2011-08-04,0.4385550678632535
2011-08-05,0.8363750442196926
2011-08-08,0.8953609243926173
2011-08-09,1.0
2011-08-10,1.0
2011-08-11,1.0
2011-08-12,1.0
2011-08-15,1.0
2011-08-16,1.0
2011-08-17,1.0
2011-08-18,1.0
2011-08-19,1.0
2011-08-22,1.0
2011-08-23,1.0
2011-08-24,1.0
2011-08-25,1.0
2011-08-26,1.0
2011-08-29,1.0
2011-08-30,1.0
2011-08-31,1.0
2011-09-01,1.0
2011-09-02,1.0
2011-09-06,1.0
2011-09-07,1.0
2011-09-08,1.0
2011-09-09,1.0
2011-09-12,1.0
2011-09-13,1.0
2011-09-14,1.0
2011-09-15,1.0
2011-09-16,1.0
2011-09-19,1.0
2011-09-20,1.0
2011-09-21,1.0
2011-09-22,1.0
2011-09-23,1.0
2011-09-26,1.0
2011-09-27,1.0
2011-09-28,1.0
2011-09-29,1.0
2011-09-30,1.0
2011-10-03,1.0
2011-10-04,1.0
2011-10-05,1.0
2011-10-06,1.0
2011-10-07,1.0
2011-10-10,1.0
2011-10-11,1.0
2011-10-12,1.0
2011-10-13,1.0
2011-10-14,1.0
2011-10-17,1.0
2011-10-18,1.0
2011-10-19,1.0
2011-10-20,1.0
2011-10-21,1.0
2011-10-24,1.0
2011-10-25,1.0
2011-10-26,1.0
2011-10-27,1.0
2011-10-28,1.0
2011-10-31,0.9000093496839994
2011-11-01,0.901304610885003
2011-11-02,0.9010998124775649
2011-11-03,0.9016916096088173
2011-11-04,0.9009179138697567
2011-11-07,0.9010543435863091
2011-11-08,0.9004861369679356
2011-11-09,0.5013176018541415
2011-11-10,0.5007499041192522
2011-11-11,0.4961559163114182
2011-11-14,0.29742416881634837
2011-11-15,0.29559606650374715
2011-11-16,0.2995367044908054
2011-11-17,0.3011682841755423
2011-11-18,0.29973876138288347
2011-11-21,0.3033069269756641
2011-11-22,0.4980244638914181
2011-11-23,0.5019152295264715
2011-11-25,0.5039301049539584
2011-11-28,0.4979212075039804
2011-11-29,0.49440581692934205
2011-11-30,0.48568939144393364
2011-12-01,0.48537360710425337
2011-12-02,0.582818293169641
2011-12-05,0.5815754236927366
2011-12-06,0.5815526032659393
2011-12-07,0.28245530883887726
2011-12-08,0.08334917917868523
2011-12-09,0.08295917743302617
2011-12-12,0.08326001503715763
2011-12-13,0.1823826258043758
2011-12-14,0.2844464925993615
2011-12-15,0.3846405249428537
2011-12-16,0.3836950775737519
2011-12-19,0.3860295527753075
2011-12-20,0.38009935392914174
2011-12-21,0.37788140594995534
2011-12-22,0.37849066903301687
2011-12-23,0.3751627799991627
2011-12-27,0.3727960639105107
2011-12-28,0.3748842943864521
2011-12-29,0.27357409228182206
2011-12-30,0.2755405009153865
2012-01-03,0.07564587895991703
2012-01-04,0.07558540175789008
2012-01-05,0.07501219921413382
2012-01-06,0.07513716562928763
2012-01-09,0.0750511247658634
2012-01-10,0.07478301162555523
2012-01-11,0.07467836594572708
2012-01-12,0.07444017478000486
2012-01-13,0.07430191167370714
2012-01-17,0.07394235507957414
2012-01-18,0.0730658254941483
2012-01-19,0.13107484025474148
2012-01-20,0.13119344908014574
2012-01-23,0.1315301697276554
2012-01-24,0.12646180561092424
2012-01-25,0.026084224893113572
2012-01-26,0.12008600303674699
2012-01-27,0.020258783451599927
2012-01-30,0.020257498948339392
2012-01-31,0.020317112410207616
2012-02-01,0.020093833434952302
2012-02-02,0.02000353467561633
2012-02-03,0.019864059672557777
2012-02-06,0.07665568616394125
2012-02-07,0.07661511334378712
2012-02-08,0.07690110775723458
2012-02-09,0.07635001287118748
2012-02-10,0.07695909475697782
2012-02-13,0.07690898507227983
2012-02-14,0.06847663067457366
2012-02-15,0.06937055090507538
2012-02-16,0.06833494319196409
2012-02-17,0.06773259810358623
2012-02-21,0.06819629792007798
2012-02-22,0.06869836228665005
2012-02-23,0.11717222871088295
2012-02-24,0.017259434657657446
2012-02-27,0.017214719965882974
2012-02-28,0.017106267219657023
2012-02-29,0.01727397666199415
2012-03-01,0.013764754748793018
2012-03-02,0.01394873381816586
2012-03-05,0.013944083151642528
2012-03-06,0.003452986778493039
2012-03-07,0.09472964446897525
2012-03-08,0.09338867055821853
2012-03-09,0.09257043544897614
2012-03-12,0.09285559159908863
2012-03-13,0.09198898894330054
2012-03-14,0.0920504794606205
2012-03-15,0.048625066863826616
2012-03-16,0.1053618430280483
2012-03-19,0.10535334098529359
2012-03-20,0.1051541284791474
2012-03-21,0.10435521523159252
2012-03-22,0.10393680699152441
2012-03-23,0.10346238286918485
2012-03-26,0.10178164264693079
2012-03-27,0.10215359833161297
2012-03-28,0.10263914003813801
2012-03-29,0.10297996293282319
2012-03-30,0.10308168301469134
2012-04-02,0.10198658527627003
2012-04-03,0.10106113423701901
2012-04-04,0.1582911547193836
2012-04-05,0.1583754265851438
2012-04-09,0.14871468441537228
2012-04-10,0.15179714407073852
2012-04-11,0.10853478862767707
2012-04-12,0.1069299957529043
2012-04-13,0.10716630978963704
2012-04-16,0.10692658051913873
2012-04-17,0.1060255543172689
2012-04-18,0.10515668870356099
2012-04-19,0.10622411399718301
2012-04-20,0.10556682628307212
2012-04-23,0.10682151182875
2012-04-24,0.10169711650268631
2012-04-25,0.09325112793841939
2012-04-26,0.14901767146362255
2012-04-27,0.14839393201503903
2012-04-30,0.20566381959988178
2012-05-01,0.20509605343026938
2012-05-02,0.19983460187823865
2012-05-03,0.20235588358587786
2012-05-04,0.20490695161014993
2012-05-07,0.20529677907158428
2012-05-08,0.20734622593468344
2012-05-09,0.11624045182915299
2012-05-10,0.11501940582676295
2012-05-11,0.11482620951701872
2012-05-14,0.11666838832726056
2012-05-15,0.07564146464132127
2012-05-16,0.07491012563106159
2012-05-17,0.07789491243654478
2012-05-18,0.18642735855473558
2012-05-21,0.08222365145430999
2012-05-22,0.08191796163103993
2012-05-23,0.08138205721567682
2012-05-24,0.08125565309947469
2012-05-25,0.0813098394493178
2012-05-29,0.08027558207776053
2012-05-30,0.0819022522632884
2012-05-31,0.08162220652984187
2012-06-01,0.08403531698740252
2012-06-04,0.08336052924850013
2012-06-05,0.07097051162783397
2012-06-06,0.06981213669719544
2012-06-07,0.17323461123920336
2012-06-08,0.07432248895371474
2012-06-11,0.07580792739706332
2012-06-12,0.07405991918102217
2012-06-13,0.07443709947738963
2012-06-14,0.07278612647109794
2012-06-15,0.07263261970482904
2012-06-18,0.07192617797916734
2012-06-19,0.07155481072172765
2012-06-20,0.07155310850695795
2012-06-21,0.07232437806912295
2012-06-22,0.07196418467980858
2012-06-25,0.07263167383047875
2012-06-26,0.07215554596744833
2012-06-27,0.07223341627877278
2012-06-28,0.07208420737467625
2012-06-29,0.17990678974539398
2012-07-02,0.07955700697627333
2012-07-03,0.0798577813398148
2012-07-05,0.07933234179369353
2012-07-06,0.07920069952910547
2012-07-09,0.0796549344102454
2012-07-10,0.0798184536579476
2012-07-11,0.08019867244635837
2012-07-12,0.03718531756680721
2012-07-13,0.03669232104064457
2012-07-16,0.03685192020607353
2012-07-17,0.03660992899517379
2012-07-18,0.036800395471596414
2012-07-19,0.037375178557228494
2012-07-20,0.029070983622013324
2012-07-23,0.07939702647806857
2012-07-24,0.07911761875040768
2012-07-25,0.07691400793211356
2012-07-26,0.0760915294788449
2012-07-27,0.07539131270292965
2012-07-30,0.07559177100224213
2012-07-31,0.07622537456904932
2012-08-01,0.07687845391929182
2012-08-02,0.0763768595198252
2012-08-03,0.0744987961408825
2012-08-06,0.07462704059449476
2012-08-07,0.07453321657155032
2012-08-08,0.07439329863912725
2012-08-09,0.07454370865036775
2012-08-10,0.07464584379454697
2012-08-13,0.07469447011200325
2012-08-14,0.0745588829692243
2012-08-15,0.07422983023679242
2012-08-16,0.06566920695098333
2012-08-17,0.06544317293046831
2012-08-20,0.06568125601831543
2012-08-21,0.06605378570761733
2012-08-22,0.06573251313820117
2012-08-23,0.06613261011606264
2012-08-24,0.06565584185408635
2012-08-27,0.06330943017140056
2012-08-28,0.0632296970110342
2012-08-29,0.06303548685570604
2012-08-30,0.06328393465803761
2012-08-31,0.06303388358437678
2012-09-04,0.06261204744387161
2012-09-05,0.06286267309814464
2012-09-06,0.06166527438938696
2012-09-07,0.06194838962289717
2012-09-10,0.05999594410559672
2012-09-11,0.05724563559580509
2012-09-12,0.056641402738445645
2012-09-13,0.05589162078088261
2012-09-14,0.05577904396567679
2012-09-17,0.05628404600192316
2012-09-18,0.05663295225397558
2012-09-19,0.06089808629561344
2012-09-20,0.060814665213544505
2012-09-21,0.06276375765932529
2012-09-24,0.022244675421314808
2012-09-25,0.022424481312588784
2012-09-26,0.02281414692917394
2012-09-27,0.022581549317128524
2012-09-28,0.02261973707968956
2012-10-01,0.022559106135874418
2012-10-02,0.022542859768117096
2012-10-03,0.02211705749735282
2012-10-04,0.02195452957193056
2012-10-05,0.02194061605651665
2012-10-08,0.02205853719685913
2012-10-09,0.022800508701487754
2012-10-10,0.002888062379267531
2012-10-11,0.011875880459892185
2012-10-12,0.011911468387099777
2012-10-15,0.008709567131076401
2012-10-16,0.008658569925666937
2012-10-17,0.008538412906839432
2012-10-18,0.008481515070831613
2012-10-19,0.008574247634626442
2012-10-22,0.008642167031495673
2012-10-23,0.008799476384725113
2012-10-24,0.011262944817774456
2012-10-25,0.11552144985707757
2012-10-26,0.1160186209686328
2012-10-31,0.01597143979024307
2012-11-01,0.015715094146585007
2012-11-02,0.11632080939495437
2012-11-05,0.010552445188857229
2012-11-06,0.010511783888048853
2012-11-07,0.010681929588402528
2012-11-08,0.0033239314353835647
2012-11-09,0.0033524352186253825
2012-11-12,0.0034129142691227132
2012-11-13,0.09816135080872301
2012-11-14,0.06221845484656674
2012-11-15,0.3755605715253798
2012-11-16,0.470345573298968
2012-11-19,0.46720183727920206
2012-11-20,0.36673096583493636
2012-11-21,0.5728891657285914
2012-11-23,0.5692097700093293
2012-11-26,0.5705230903488712
2012-11-27,0.5729936172618033
2012-11-28,0.4716212284503354
2012-11-29,0.4698903059672258
2012-11-30,0.3700804214265544
2012-12-03,0.07013741486309077
2012-12-04,0.0708550467398168
2012-12-05,0.07129728913176447
2012-12-06,0.07076220998829763
2012-12-07,0.07068800505204798
2012-12-10,0.07010928871508626
2012-12-11,0.07007170295092224
2012-12-12,0.07013079408273659
2012-12-13,0.07045292367635714
2012-12-14,0.0705423943236495
2012-12-17,0.06961177787020567
2012-12-18,0.06905947175227878
2012-12-19,0.06914255554440496
2012-12-20,0.0660391291200434
2012-12-21,0.06611993706834063
2012-12-24,0.06356108595077248
2012-12-26,0.06405973200774273
2012-12-27,0.06392651855227693
2012-12-28,0.06702839282345596
2012-12-31,0.06583783834733214
2013-01-02,0.06414082340284621
2013-01-03,0.06438130626072092
2013-01-04,0.06346711538108796
2013-01-07,0.06333019335192003
2013-01-08,0.06320128767889865
2013-01-09,0.019404163688178877
2013-01-10,0.01936560351395611
2013-01-11,0.019445485352818648
2013-01-14,0.01940883239773239
2013-01-15,0.019303210596822273
2013-01-16,0.07653455622363792
2013-01-17,0.07540914277464006
2013-01-18,0.07513469646063509
2013-01-22,0.07440414477633106
2013-01-23,0.07434605687639662
2013-01-24,0.07398576383631383
2013-01-25,0.07367381777951398
2013-01-28,0.07374144092634605
2013-01-29,0.07333532361493389
2013-01-30,0.12752131346388051
2013-01-31,0.12741997713254793
2013-02-01,0.12611538453967264
2013-02-04,0.1841101402697547
2013-02-05,0.1832281184838419
2013-02-06,0.18317348188097438
2013-02-07,0.18337480450359278
2013-02-08,0.1824712491263889
2013-02-11,0.18274375259258757
2013-02-12,0.18223162968477702
2013-02-13,0.18148893494006701
2013-02-14,0.1819465219655516
2013-02-15,0.1809696197790288
2013-02-19,0.1802720506108486
2013-02-20,0.23804852966310308
2013-02-21,0.17883927559177393
2013-02-22,0.1741022466586758
2013-02-25,0.17802773399156324
2013-02-26,0.17626680093851477
2013-02-27,0.17359737569804434
2013-02-28,0.1727922537607448
2013-03-01,0.17162192924549258
2013-03-04,0.22217879700040366
2013-03-05,0.22046354996358564
2013-03-06,0.22052376010525365
2013-03-07,0.22047421448854587
2013-03-08,0.22027374552870183
2013-03-11,0.22132119075514045
2013-03-12,0.22086290014920307
2013-03-13,0.22188953485022578
2013-03-14,0.22078349876028747
2013-03-15,0.22049713451320718
2013-03-18,0.21152347469201305
2013-03-19,0.21201184653370453
2013-03-20,0.20235748825587785
2013-03-21,0.2049463762713566
2013-03-22,0.20417582383188482
2013-03-25,0.20497250310030557
2013-03-26,0.2033326695721106
2013-03-27,0.20359747299548203
2013-03-28,0.2029395658414842
2013-04-01,0.20377212981641324
2013-04-02,0.205050944535476
2013-04-03,0.20942594393035685
2013-04-04,0.1700365794737313
2013-04-05,0.1695104286053436
2013-04-08,0.16781843044730238
2013-04-09,0.1675411988969896
2013-04-10,0.16480506474045653
2013-04-11,0.12063130926763854
2013-04-12,0.12111855792949777
2013-04-15,0.12529823190800204
2013-04-16,0.07593768874064721
2013-04-17,0.07748543561546428
2013-04-18,0.07790244142020797
2013-04-19,0.0349752819770065
2013-04-22,0.03486525491529713
2013-04-23,0.032911750049536836
2013-04-24,0.03273757810174238
2013-04-25,0.032335654312194095
2013-04-26,0.032375204701900695
2013-04-29,0.03227081240433438
2013-04-30,0.1266857591801671
2013-05-01,0.027052379925911918
2013-05-02,0.026658398072535228
2013-05-03,0.026057069406626554
2013-05-06,0.025721104210119416
2013-05-07,0.08393910315794817
2013-05-08,0.08340416355862212
2013-05-09,0.08350342305920944
2013-05-10,0.08302593798414337
2013-05-13,0.08266411939451024
2013-05-14,0.08101204964676689
2013-05-15,0.08139640133189263
2013-05-16,0.0820844889036636
2013-05-17,0.08105801571087923
2013-05-20,0.08147028949083168
2013-05-21,0.03355970247292239
2013-05-22,0.0341082899131816
2013-05-23,0.03405491571899888
2013-05-24,0.033952069098278304
2013-05-28,0.033429734050287485
2013-05-29,0.034112860034486436
2013-05-30,0.03400394104596438
2013-05-31,0.03460316561970744
2013-06-03,0.033031164064212026
2013-06-04,0.03341594289345429
2013-06-05,0.03235948527542609
2013-06-06,0.03114099264470771
2013-06-07,0.02775303199257806
2013-06-10,0.02652818512230637
2013-06-11,0.0269978754326069
2013-06-12,0.027351671061806915
2013-06-13,0.016971252935960468
2013-06-14,0.016977983789342455
2013-06-17,0.01690294016164684
2013-06-18,0.016771827085521385
2013-06-19,0.01701358470909764
2013-06-20,0.01752257853781425
2013-06-21,0.07557651268699106
2013-06-24,0.07052126124181812
2013-06-25,0.06670055956257115
2013-06-26,0.06520622994112923
2013-06-27,0.06416533543447556
2013-06-28,0.06467097990031323
2013-07-01,0.06336729170518562
2013-07-02,0.02353515009559748
2013-07-03,0.023499323676257955
2013-07-05,0.023189726674049504
2013-07-08,0.07413039035842339
2013-07-09,0.07375342547679187
2013-07-10,0.07388202450063985
2013-07-11,0.0733068633708811
2013-07-12,0.07300233811541557
2013-07-15,0.07220128177474372
2013-07-16,0.12991136468842945
2013-07-17,0.12908893506759733
2013-07-18,0.12124959235028054
2013-07-19,0.12173256794516596
2013-07-22,0.12089496026365054
2013-07-23,0.17712098353962202
2013-07-24,0.17734147902477815
2013-07-25,0.17682291390855798
2013-07-26,0.17700660737467633
2013-07-29,0.17605729148464389
2013-07-30,0.17604150715481715
2013-07-31,0.17557853173877114
2013-08-01,0.17262111163127636
2013-08-02,0.1717778493190727
2013-08-05,0.17144308207999415
2013-08-06,0.17286580010519115
2013-08-07,0.17441451272626318
2013-08-08,0.17228674009026168
2013-08-09,0.17165154867980514
2013-08-12,0.17230082076231523
2013-08-13,0.17181081027499878
2013-08-14,0.17307808057138308
2013-08-15,0.17595806191087104
2013-08-16,0.16710077023705072
2013-08-19,0.16805660525757515
2013-08-20,0.1662422313923556
2013-08-21,0.16690917520303628
2013-08-22,0.1646899774563786
2013-08-23,0.16396895539211953
2013-08-26,0.1642001014052441
2013-08-27,0.16776276160443127
2013-08-28,0.10793383553796909
2013-08-29,0.10750444763635236
2013-08-30,0.10843792669545083
2013-09-03,0.1068060971696051
2013-09-04,0.10566037565722086
2013-09-05,0.10512365317433758
2013-09-06,0.10559405369940489
2013-09-09,0.10459407221326156
2013-09-10,0.10333477314465678
2013-09-11,0.10335185318935891
2013-09-12,0.10341229199255597
2013-09-13,0.1026436495670896
2013-09-16,0.10174927328199945
2013-09-17,0.1528244773169979
2013-09-18,0.1529382879579294
2013-09-19,0.15251029989514753
2013-09-20,0.15216847229898212
2013-09-23,0.14415588516056932
2013-09-24,0.1430199662511107
2013-09-25,0.14166085226862468
2013-09-26,0.19888216645714085
2013-09-27,0.19888552439210838
2013-09-30,0.1980052985977181
2013-10-01,0.19598165903998332
2013-10-02,0.24790793380723808
2013-10-03,0.2489497987012006
2013-10-04,0.2348701888576613
2013-10-07,0.23794833988198394
2013-10-08,0.2456065717501762
2013-10-09,0.20017675355899722
2013-10-10,0.15021224067393812
2013-10-11,0.14967800395333053
2013-10-14,0.1484795753310072
2013-10-15,0.1430815687665966
2013-10-16,0.14126404938877524
2013-10-17,0.1416245646737292
2013-10-18,0.2320899975058237
2013-10-21,0.2304402098070203
2013-10-22,0.23092919594807593
2013-10-23,0.23386214637830627
2013-10-24,0.20500936895292754
2013-10-25,0.10682271784252029
2013-10-28,0.05412385902000816
2013-10-29,0.0536369536313418
2013-10-30,0.10915509675998347
2013-10-31,0.10043839678056676
2013-11-01,0.10017941581909906
2013-11-04,0.09914049122306778
2013-11-05,0.09898891269389798
2013-11-06,0.09954932427495589
2013-11-07,0.10180592842716485
2013-11-08,0.10008128140967232
2013-11-11,0.10072734868273192
2013-11-12,0.10098357477426578
2013-11-13,0.09926669232197449
2013-11-14,0.09836071828280901
2013-11-15,0.0980359333476708
2013-11-18,0.09906216690081837
2013-11-19,0.09675390395960493
2013-11-20,0.0967128617194003
2013-11-21,0.09556517473019543
2013-11-22,0.09508001538962407
2013-11-25,0.09542302016381288
2013-11-26,0.09473261884005757
2013-11-27,0.09416321759361757
2013-11-29,0.09394316572178796
2013-12-02,0.09432423644176002
2013-12-03,0.09474202259107345
2013-12-04,0.09524137244191733
2013-12-05,0.05047923127721543
2013-12-06,0.05007069444425116
2013-12-09,0.012219889351345548
2013-12-10,0.012143213924811547
2013-12-11,0.012299312247032734
2013-12-12,0.012273472513648853
2013-12-13,0.012202336927636281
2013-12-16,0.007139301560384004
2013-12-17,0.0071639917021348865
2013-12-18,0.007070157353012196
2013-12-19,0.007091964137900475
2013-12-20,0.0070259430905407205
2013-12-23,0.007010732237311523
2013-12-24,0.006987416883416531
2013-12-26,0.06362387688985216
2013-12-27,0.06407409139164144
2013-12-30,0.06422968806212881
2013-12-31,0.1204086579059116
2014-01-02,0.1130241343794709
2014-01-03,0.11203278052689969
2014-01-06,0.17637896143224963
2014-01-07,0.13073472938734487
2014-01-08,0.1312974415791055
2014-01-09,0.12806906185247335
2014-01-10,0.12753550405847836
2014-01-13,0.12971846893968786
2014-01-14,0.12182841059502025
2014-01-15,0.12000977751560848
2014-01-16,0.12138737392614207
2014-01-17,0.11038451613392275
2014-01-21,0.10962361573316004
2014-01-22,0.10931299927768734
2014-01-23,0.11079628264739083
2014-01-24,0.1143969354839357
2014-01-27,0.06885896897058463
2014-01-28,0.07080258048161725
2014-01-29,0.07045850862011038
2014-01-30,0.07359451581457455
2014-01-31,0.07338850989569545
2014-02-03,0.07638695528720096
2014-02-04,0.3586553549122181
2014-02-05,0.05926812611069254
2014-02-06,0.05916071402335277
2014-02-07,0.058004841985923816
2014-02-10,0.05799303828047264
2014-02-11,0.05749314428367602
2014-02-12,0.05729657134792143
2014-02-13,0.05645653560320596
2014-02-14,0.05589416280769699
2014-02-18,0.05570655236562028
2014-02-19,0.05621888682815546
2014-02-20,0.05553693188731823
2014-02-21,0.05488567580066117
2014-02-24,0.05400929998389459
2014-02-25,0.11259704549960847
2014-02-26,0.11240008785529743
2014-02-27,0.1678140400132635
2014-02-28,0.1578466492779349
2014-03-03,0.1579621936303054
2014-03-04,0.1547503076534914
2014-03-05,0.15426527774331156
2014-03-06,0.15576367878487585
2014-03-07,0.14782484788184447
2014-03-10,0.10410826994131517
2014-03-11,0.10463762017599743
2014-03-12,0.1046267200994091
2014-03-13,0.106303436229509
2014-03-14,0.10616471224215118
2014-03-17,0.10508943617125455
2014-03-18,0.10363762154787126
2014-03-19,0.10502934598383762
2014-03-20,0.1053815680359731
2014-03-21,0.10857348065496375
2014-03-24,0.1040048710060858
2014-03-25,0.09750722581246773
2014-03-26,0.09952132330085939
2014-03-27,0.0604439885561151
2014-03-28,0.015367382917661154
2014-03-31,0.07463467504540611
2014-04-01,0.07402044759856607
2014-04-02,0.0736449850527574
2014-04-03,0.03197911944330545
2014-04-04,0.03265216734788501
2014-04-07,0.03311555189378257
2014-04-08,0.03293966605270793
2014-04-09,0.03632597143116689
2014-04-10,0.03708650646485323
2014-04-11,0.03742028849556689
2014-04-14,0.13268766313907643
2014-04-15,0.23109443015837883
2014-04-16,0.1302431648259068
2014-04-17,0.12878791644000898
2014-04-21,0.12719965490533636
2014-04-22,0.026647440935686828
2014-04-23,0.026546164488736146
2014-04-24,0.02643528899454295
2014-04-25,0.0172660706573301
2014-04-28,0.017388151365928417
2014-04-29,0.01735085812970849
2014-04-30,0.017113615413832606
2014-05-01,0.012943229943780166
2014-05-02,0.012971324261991546
2014-05-05,0.01295150491420649
2014-05-06,0.013090848493487073
2014-05-07,0.013161876693280727
2014-05-08,0.01323273208203446
2014-05-09,0.013004994081264987
2014-05-12,0.012680329759518716
2014-05-13,0.012679446146299345
2014-05-14,0.01086923257435457
2014-05-15,0.011018284417672941
2014-05-16,0.012521610908979852
2014-05-19,0.012354522000982526
2014-05-20,0.012527073475816386
2014-05-21,0.012318831286797116
2014-05-22,0.012265389947898053
2014-05-23,0.00830286724605711
2014-05-27,0.06528228890537624
2014-05-28,0.06511798829681836
2014-05-29,0.06451151122129906
2014-05-30,0.06450593878572919
2014-06-02,0.06453317790038637
2014-06-03,0.06429255850263926
2014-06-04,0.11902728672544827
2014-06-05,0.11807567363544014
2014-06-06,0.11694716608206945
2014-06-09,0.17071527271386722
2014-06-10,0.17114092465706554
2014-06-11,0.17237006733660132
2014-06-12,0.17502433744219026
2014-06-13,0.1288528661882049
2014-06-16,0.1288726339712265
2014-06-17,0.12802684742095782
2014-06-18,0.12747053291567634
2014-06-19,0.12639439725846502
2014-06-20,0.12591079767344726
2014-06-23,0.12637852778681313
2014-06-24,0.1277477310946361
2014-06-25,0.12775927383890662
2014-06-26,0.12208727017070686
2014-06-27,0.12163480414567229
2014-06-30,0.12075767720515806
2014-07-01,0.11909539298181226
2014-07-02,0.11839655718370412
2014-07-03,0.1173244121421887
2014-07-07,0.17104504693388645
2014-07-08,0.1727820801575407
2014-07-09,0.12154593183821572
2014-07-10,0.12240400574940047
2014-07-11,0.12161230957844316
2014-07-14,0.17572958499929725
2014-07-15,0.1758795501701561
2014-07-16,0.1749229201464435
2014-07-17,0.17804168044417035
2014-07-18,0.17423313398284435
2014-07-21,0.17402941936845162
2014-07-22,0.17258979256748574
2014-07-23,0.1725562703722422
2014-07-24,0.17299669996564793
2014-07-25,0.17412482354272663
2014-07-28,0.16048027332109305
2014-07-29,0.16199823697165716
2014-07-30,0.1611302667534591
2014-07-31,0.10673426341533021
2014-08-01,0.10629640351300951
2014-08-04,0.104728971195722
2014-08-05,0.10591621277059249
2014-08-06,0.1063943003906963
2014-08-07,0.1068543676685707
2014-08-08,0.06586492543478228
2014-08-11,0.06518297859376099
2014-08-12,0.06526474304934393
2014-08-13,0.06434065111718656
2014-08-14,0.0643182983653322
2014-08-15,0.11846841284960274
2014-08-18,0.11650630981050292
2014-08-19,0.1158302889166768
2014-08-20,0.11515104310600566
2014-08-21,0.11674202235444342
2014-08-22,0.11657200349315155
2014-08-25,0.11691114731289753
2014-08-26,0.11686991145942893
2014-08-27,0.11510889655648116
2014-08-28,0.11395310416560656
2014-08-29,0.17442348553727927
2014-09-02,0.17406105492131996
2014-09-03,0.17377761620905752
2014-09-04,0.17447436839543162
2014-09-05,0.1736697910693047
2014-09-08,0.17405677961021349
2014-09-09,0.17525814624831437
2014-09-10,0.16898273305577038
2014-09-11,0.16407040540532747
2014-09-12,0.1663961721589815
2014-09-15,0.11500929806348137
2014-09-16,0.11344787531425671
2014-09-17,0.1127110705091392
2014-09-18,0.1113882637586423
2014-09-19,0.11173045432513407
2014-09-22,0.1123652419192287
2014-09-23,0.11348388348482441
2014-09-24,0.11221042243519663
2014-09-25,0.11394787927627514
2014-09-26,0.11473347754863816
2014-09-29,0.11473924318808393
2014-09-30,0.1151744877314742
2014-10-01,0.11857840141683895
2014-10-02,0.029298217032664553
2014-10-03,0.028827971317961554
2014-10-06,0.029153651384713597
2014-10-07,0.12703750081212517
2014-10-08,0.027000687327966788
2014-10-09,0.027533404619491275
2014-10-10,0.19038298053508806
2014-10-13,0.29281046638595565
2014-10-14,0.29243955467554783
2014-10-15,0.3868209064027184
2014-10-16,0.49137639679305234
2014-10-17,0.49032946633722285
2014-10-20,0.5875448294505627
2014-10-21,0.5801501272848746
2014-10-22,0.5813775211667753
2014-10-23,0.5792265123912301
2014-10-24,0.678823846472045
2014-10-27,0.6783772904409888
2014-10-28,0.6698704994832102
2014-10-29,0.671981610583898
2014-10-30,0.6717875178558934
2014-10-31,0.6669946682968981
2014-11-03,0.6665026375717849
2014-11-04,0.6660963839481086
2014-11-05,0.6677313590499178
2014-11-06,0.4639903119787957
2014-11-07,0.36483123840922704
2014-11-10,0.36316175405115236
2014-11-11,0.362412557491421
2014-11-12,0.36113623219852287
2014-11-13,0.4229595384320475
2014-11-14,0.32508287969190486
2014-11-17,0.026018431994660585
2014-11-18,0.025859979366217756
2014-11-19,0.025897881425091196
2014-11-20,0.025858246086665093
2014-11-21,0.025908362379247096
2014-11-24,0.025511721854125646
2014-11-25,0.025649202184401032
2014-11-26,0.0254426709347364
2014-11-28,0.025275337492740024
2014-12-01,0.025417177427839777
2014-12-02,0.018022967622868813
2014-12-03,0.07538981735129846
2014-12-04,0.07571006538603953
2014-12-05,0.07556566514489205
2014-12-08,0.07574793901171017
2014-12-09,0.0759834450816882
2014-12-10,0.07740012575388944
2014-12-11,0.07104404281120635
2014-12-12,0.07163866849501443
2014-12-15,0.06745030217614778
2014-12-16,0.06785390593960317
2014-12-17,0.0658451913323902
2014-12-18,0.06488032732607762
2014-12-19,0.06437585069240215
2014-12-22,0.06444236779302537
2014-12-23,0.0646007507567895
2014-12-24,0.058483745672116116
2014-12-26,0.05831198656903969
2014-12-29,0.058424659740932694
2014-12-30,0.058965594777387054
2014-12-31,0.059411931887578096
2015-01-02,0.05937339262650543
2015-01-05,0.05962343466035669
2015-01-06,0.05965573880547248
2015-01-07,0.058334219061326076
2015-01-08,0.05756914404178637
2015-01-09,0.0583159094462935
2015-01-12,0.05840183264594745
2015-01-13,0.0581837457419947
2015-01-14,0.05799110349131953
2015-01-15,0.058294772225870095
2015-01-16,0.05715452979348323
2015-01-20,0.15179851334368355
2015-01-21,0.05163338329635048
2015-01-22,0.050900065302502684
2015-01-23,0.05081156797810804
2015-01-26,0.10657446253294556
2015-01-27,0.10727778889958761
2015-01-28,0.10791411221322311
2015-01-29,0.10764833695659648
2015-01-30,0.20569203928754431
2015-02-02,0.20553559406657995
2015-02-03,0.2041535421375653
2015-02-04,0.20307284411213478
2015-02-05,0.20044488213759293
2015-02-06,0.2018029261608113
2015-02-09,0.10192768880997338
2015-02-10,0.09919923386582163
2015-02-11,0.15897843750412488
2015-02-12,0.15774873752915208
2015-02-13,0.15809894569948812
2015-02-17,0.15802533805476993
2015-02-18,0.15685784671796954
2015-02-19,0.1565291490903592
2015-02-20,0.1091848995181911
2015-02-23,0.10871538994535446
2015-02-24,0.10876889941063572
2015-02-25,0.10552411876763368
2015-02-26,0.10542373987866915
2015-02-27,0.1041733418455969
2015-03-02,0.15970060693842314
2015-03-03,0.16069059840350397
2015-03-04,0.1612071078892775
2015-03-05,0.15964849667039482
2015-03-06,0.2173291400662819
2015-03-09,0.21126710576974528
2015-03-10,0.21051413268102426
2015-03-11,0.2099667680427355
2015-03-12,0.21065424467069205
2015-03-13,0.2102032795774328
2015-03-16,0.2092888791504779
2015-03-17,0.20833825025323416
2015-03-18,0.20783477578309906
2015-03-19,0.2021236240769111
2015-03-20,0.20146311792907146
2015-03-23,0.201733292936916
2015-03-24,0.20246889706233706
2015-03-25,0.20575776819349534
2015-03-26,0.2057284233810145
2015-03-27,0.20021275607512312
2015-03-30,0.19810913048750056
2015-03-31,0.19433813493199337
2015-04-01,0.19481296325675146
2015-04-02,0.19461835376850256
2015-04-06,0.19387905219563428
2015-04-07,0.19531607170353582
2015-04-08,0.19364959552383765
2015-04-09,0.19478377919593892
2015-04-10,0.1917523168505577
2015-04-13,0.19328817930979503
2015-04-14,0.19406485956569464
2015-04-15,0.19541317837655747
2015-04-16,0.1939795445394905
2015-04-17,0.152764098562296
2015-04-20,0.15295805279222519
2015-04-21,0.15208175233707277
2015-04-22,0.1456396923287474
2015-04-23,0.14487895897199654
2015-04-24,0.14479989100081747
2015-04-27,0.14628247505369496
2015-04-28,0.14692930282712857
2015-04-29,0.14883230070428988
2015-04-30,0.12109777868265115
2015-05-01,0.11989973824544087
2015-05-04,0.117022598027964
2015-05-05,0.12073919698117963
2015-05-06,0.06554220229448027
2015-05-07,0.06879343070276045
2015-05-08,0.06884409663903401
2015-05-11,0.02408772506189072
2015-05-12,0.026722267094882124
2015-05-13,0.026742597265823176
2015-05-14,0.027640724961228158
2015-05-15,0.08331476115573899
2015-05-18,0.08260586876074139
2015-05-19,0.0825557651228529
2015-05-20,0.08269378626277257
2015-05-21,0.08249976158231143
2015-05-22,0.08250229485568272
2015-05-26,0.08311791182903117
2015-05-27,0.08239616258794624
2015-05-28,0.08229383788731082
2015-05-29,0.08282438841611084
2015-06-01,0.08270198990063138
2015-06-02,0.08254848181894114
2015-06-03,0.08207579802952292
2015-06-04,0.08263622293689776
2015-06-05,0.08219049610911211
2015-06-08,0.08272582381386329
2015-06-09,0.08287054323797693
2015-06-10,0.08202461955546392
2015-06-11,0.07918035868099838
2015-06-12,0.0795017862128986
2015-06-15,0.07981850853415506
2015-06-16,0.08347480804068297
2015-06-17,0.08320540251767572
2015-06-18,0.08250265957739822
2015-06-19,0.08280385158294856
2015-06-22,0.08211991205356739
2015-06-23,0.08216707565860715
2015-06-24,0.08260362421145773
2015-06-25,0.08216012748404578
2015-06-26,0.0818492800792191
2015-06-29,0.08379219699538165
2015-06-30,0.08129465446138473
2015-07-01,0.08072183523749388
2015-07-02,0.08093754203137105
2015-07-06,0.07782066636038232
2015-07-07,0.07779444703364347
2015-07-08,0.07908155585903565
2015-07-09,0.07894490741258253
2015-07-10,0.07762380641159361
2015-07-13,0.07686684202053351
2015-07-14,0.076724585778282
2015-07-15,0.07722710564572377
2015-07-16,0.07698536563531244
2015-07-17,0.07733436600336452
2015-07-20,0.07706331656682108
2015-07-21,0.07743652605462159
2015-07-22,0.07646094775586554
2015-07-23,0.07770144659154621
2015-07-24,0.0720964446078356
2015-07-27,0.07267645279815871
2015-07-28,0.06326970174933733
2015-07-29,0.06332852118733179
2015-07-30,0.06325338188289265
2015-07-31,0.06343217208156982
2015-08-03,0.06334040104625838
2015-08-04,0.06306379345361357
2015-08-05,0.0631952028845374
2015-08-06,0.06926381426192607
2015-08-07,0.06888705596959932
2015-08-10,0.06868478807999123
2015-08-11,0.06903271938739541
2015-08-12,0.06935007576883057
2015-08-13,0.06871759204675665
2015-08-14,0.06740917453025885
2015-08-17,0.06670732580905303
2015-08-18,0.027282861382890822
2015-08-19,0.01790646186076872
2015-08-20,0.018574107286565722
2015-08-21,0.30861395972174754
2015-08-24,0.5282487952684054
2015-08-25,0.8397445445955187
2015-08-26,0.8375429607462448
2015-08-27,0.839327434857811
2015-08-28,0.8398395359039579
2015-08-31,0.8401659338855726
2015-09-01,0.8439504029944669
2015-09-02,1.0
2015-09-03,1.0
2015-09-04,1.0
2015-09-08,1.0
2015-09-09,1.0
2015-09-10,1.0
2015-09-11,1.0
2015-09-14,1.0
2015-09-15,1.0
2015-09-16,1.0
2015-09-17,1.0
2015-09-18,1.0
2015-09-21,1.0
2015-09-22,1.0
2015-09-23,1.0
2015-09-24,1.0
2015-09-25,1.0
2015-09-28,1.0
2015-09-29,1.0
2015-09-30,1.0
2015-10-01,1.0
2015-10-02,1.0
2015-10-05,1.0
2015-10-06,1.0
2015-10-07,1.0
2015-10-08,1.0
2015-10-09,1.0
2015-10-12,1.0
2015-10-13,1.0
2015-10-14,1.0
2015-10-15,1.0
2015-10-16,1.0
2015-10-19,1.0
2015-10-20,1.0
2015-10-21,1.0
2015-10-22,1.0
2015-10-23,1.0
2015-10-26,1.0
2015-10-27,0.900044499715457
2015-10-28,0.7967273551710985
2015-10-29,0.49814816237190473
2015-10-30,0.299478219311028
2015-11-02,0.09883570585612611
2015-11-03,0.09851246272922887
2015-11-04,0.09881390388892253
2015-11-05,0.09861812317482743
2015-11-06,0.09758774366460454
2015-11-09,0.09858357146852481
2015-11-10,0.09790984583593187
2015-11-11,0.0977908977451798
2015-11-12,0.09959741867153116
2015-11-13,0.10084406508318455
2015-11-16,0.10026851483917543
2015-11-17,8.07348119338247e-05
2015-11-18,7.972103769893213e-05
2015-11-19,7.962672140371385e-05
2015-11-20,7.894820865994578e-05
2015-11-23,0.09506144056984356
2015-11-24,0.08744203152724894
2015-11-25,0.08188788247010148
2015-11-27,0.08154238623175003
2015-11-30,0.08201386650218434
2015-12-01,0.08130493236184955
2015-12-02,0.08171565206939868
2015-12-03,0.08073950882823655
2015-12-04,0.07904238549084686
2015-12-07,0.07946773014274178
2015-12-08,0.07944751043472398
2015-12-09,0.08093391885508294
2015-12-10,0.07962943098435349
2015-12-11,0.08107910472633983
2015-12-14,0.0811468665525431
2015-12-15,0.1835705075121884
2015-12-16,0.18119534632754908
2015-12-17,0.0817567878814267
2015-12-18,0.17939784917198087
2015-12-21,0.2854661515567466
2015-12-22,0.2841696620076034
2015-12-23,0.28296069540394164
2015-12-24,0.2825271778384867
2015-12-28,0.28284787056583816
2015-12-29,0.3800643010123411
2015-12-30,0.3818609910774615
2015-12-31,0.3854287871007622
2016-01-04,0.4940063492245371
2016-01-05,0.7954954361406816
2016-01-06,0.797275984285197
2016-01-07,0.7958699752425946
2016-01-08,0.8885257349793936
2016-01-11,0.8884920420568981
2016-01-12,0.8884987913917934
2016-01-13,0.8904637785667673
2016-01-14,0.8910596833229087
2016-01-15,0.8913986359239676
2016-01-19,0.8894565680047328
2016-01-20,0.889780788299509
2016-01-21,0.8909241756715639
2016-01-22,0.887341463504538
2016-01-25,0.8876842992991104
2016-01-26,0.8875969271434189
2016-01-27,0.8891258432206286
2016-01-28,0.8852898822100004
2016-01-29,0.8848486762876204
2016-02-01,0.8835941500664638
2016-02-02,0.8848286247885884
2016-02-03,0.8862407493869668
2016-02-04,0.8885594548047236
2016-02-05,0.8944665710936273
2016-02-08,1.0
2016-02-09,1.0
2016-02-10,1.0
2016-02-11,1.0
2016-02-12,1.0
2016-02-16,1.0
2016-02-17,1.0
2016-02-18,1.0
2016-02-19,1.0
2016-02-22,1.0
2016-02-23,1.0
2016-02-24,1.0
2016-02-25,1.0
2016-02-26,1.0
2016-02-29,1.0
2016-03-01,1.0
2016-03-02,1.0
2016-03-03,1.0
2016-03-04,1.0
2016-03-07,1.0
2016-03-08,1.0
2016-03-09,1.0
2016-03-10,1.0
2016-03-11,1.0
2016-03-14,0.9002048641648673
2016-03-15,0.8001294853381266
2016-03-16,0.19978806036465924
2016-03-17,0.1987452829626578
2016-03-18,0.09969984819305377
2016-03-21,0.09982542418019302
2016-03-22,2.7575608144037034e-05
2016-03-23,2.7694691812296668e-05
2016-03-24,2.7474582382502888e-05
2016-03-28,2.753674781041937e-05
2016-03-29,2.68320011720391e-05
2016-03-30,2.689858637727749e-05
2016-03-31,2.6937663209380958e-05
2016-04-01,2.6767311456343812e-05
2016-04-04,2.683446235451914e-05
2016-04-05,2.7324846465281993e-05
2016-04-06,2.715806846820268e-05
2016-04-07,2.7245365414652056e-05
2016-04-08,0.09255724957857348
2016-04-11,0.09233879852745164
2016-04-12,0.08549204491655282
2016-04-13,0.08511640507846197
2016-04-14,0.08542685434401265
2016-04-15,0.08512335617360467
2016-04-18,0.08479938231754791
2016-04-19,0.08588208225079863
2016-04-20,0.1738842945538598
2016-04-21,0.17644096321951153
2016-04-22,0.07424676969821642
2016-04-25,0.07361113606738845
2016-04-26,0.07300554756974365
2016-04-27,0.0727884285555388
2016-04-28,0.07335471276525585
2016-04-29,0.0737907577742305
2016-05-02,0.07287315717740472
2016-05-03,0.07233950961302316
2016-05-04,0.0721359221215302
2016-05-05,0.06921015287026411
2016-05-06,0.06883310703260737
2016-05-09,0.06904808934297757
2016-05-10,0.06865493909613407
2016-05-11,0.0686958395484415
2016-05-12,0.06905549184635262
2016-05-13,0.06918626823922736
2016-05-16,0.049224124550462545
2016-05-17,0.05025488739933215
2016-05-18,0.05063472615296327
2016-05-19,0.0513895269477429
2016-05-20,0.050927477290894085
2016-05-23,0.050926617574534205
2016-05-24,0.05017345064805756
2016-05-25,0.050109760645574486
2016-05-26,0.049628458727832725
2016-05-27,0.049537583860880474
2016-05-31,0.049380569070555214
2016-06-01,0.048965239856525455
2016-06-02,0.007780505495879386
2016-06-03,0.007731929966827811
2016-06-06,0.00772693382236056
2016-06-07,0.007669580095357231
2016-06-08,0.0075668860397876125
2016-06-09,0.06376532740005181
2016-06-10,0.06407668783286613
2016-06-13,0.06458615384015498
2016-06-14,0.06429812125750867
2016-06-15,0.06423502251242785
2016-06-16,0.06401926282877468
2016-06-17,0.0639140924669126
2016-06-20,0.06359282216379247
2016-06-21,0.06362214485125373
2016-06-22,0.11944223933997367
2016-06-23,0.1179870486521748
2016-06-24,0.11947030383489898
2016-06-27,0.12049986383066369
2016-06-28,0.3614824296856777
2016-06-29,0.06190790361936149
2016-06-30,0.11545468605015363
2016-07-01,0.11489930795676273
2016-07-05,0.11429370932646676
2016-07-06,0.16814601330697132
2016-07-07,0.16997102144754328
2016-07-08,0.16835221818942947
2016-07-11,0.16748770473963193
2016-07-12,0.16776838156357532
2016-07-13,0.22121682337615411
2016-07-14,0.22209166468713393
2016-07-15,0.2221216560548558
2016-07-18,0.22223158096033657
2016-07-19,0.22189793919981515
2016-07-20,0.22168354421438996
2016-07-21,0.22178008358627876
2016-07-22,0.2190464228628155
2016-07-25,0.2191876387842826
2016-07-26,0.22061489946871982
2016-07-27,0.22172483482826622
2016-07-28,0.21968487943791104
2016-07-29,0.2185371529855088
2016-08-01,0.21797332931663305
2016-08-02,0.22272417055028304
2016-08-03,0.21047667117437363
2016-08-04,0.1600278961159397
2016-08-05,0.15977792690054682
2016-08-08,0.11208713694119365
2016-08-09,0.0680111381509827
2016-08-10,0.06575679143486657
2016-08-11,0.06594462892944819
2016-08-12,0.06573957339971015
2016-08-15,0.06560695402656536
2016-08-16,0.06623808031300615
2016-08-17,0.02350366403588089
2016-08-18,0.023400279911321542
2016-08-19,0.023422549680600202
2016-08-22,0.023309124048482732
2016-08-23,0.0231196150330627
2016-08-24,0.02331071288857267
2016-08-25,0.02321559397839701
2016-08-26,0.022242239643813888
2016-08-29,0.024468580864764222
2016-08-30,0.01912836739424284
2016-08-31,0.019253907818052696
2016-09-01,0.019279310075667966
2016-09-02,0.019083853333433987
2016-09-06,0.018883883196423645
2016-09-07,0.07337828020753479
2016-09-08,0.06995443617472774
2016-09-09,0.07276109574300982
2016-09-12,0.0204296168764323
2016-09-13,0.020774703231787095
2016-09-14,0.020849066638444658
2016-09-15,0.020609082697268355
2016-09-16,0.02069409201915262
2016-09-19,0.020642032513418784
2016-09-20,0.020648555229374033
2016-09-21,0.023840879392441172
2016-09-22,0.023660807842750042
2016-09-23,0.023835789371320137
2016-09-26,0.023957035912646862
2016-09-27,0.02386242619086454
2016-09-28,0.023634045662802694
2016-09-29,0.023859917186793034
2016-09-30,0.02369775525223272
2016-10-03,0.023784950941127647
2016-10-04,0.07755945123794328
2016-10-05,0.07725026777523814
2016-10-06,0.07735635841746835
2016-10-07,0.07214336230792018
2016-10-10,0.07160858224273747
2016-10-11,0.07295951843342718
2016-10-12,0.07674921960394343
2016-10-13,0.07339633978413562
2016-10-14,0.07381480878638169
2016-10-17,0.07398244976343704
2016-10-18,0.07387911025871718
2016-10-19,0.07891527042866131
2016-10-20,0.07180672512688357
2016-10-21,0.07197149015591164
2016-10-24,0.0717116210319082
2016-10-25,0.07225776809651474
2016-10-26,0.07748019750000124
2016-10-27,0.19783806595620468
2016-10-28,0.09765373005006395
2016-10-31,0.09748834959322816
2016-11-01,0.09836559803826395
2016-11-02,0.10003328981542015
2016-11-03,0.08738486218318364
2016-11-04,0.08872260200678117
2016-11-07,0.08684768099712314
2016-11-08,0.08673687118206075
2016-11-09,0.08447091889987213
2016-11-10,0.08171336030287124
2016-11-11,0.07684443957073495
2016-11-14,0.07628150537805956
2016-11-15,0.07610467197973314
2016-11-16,0.07638326732182177
2016-11-17,0.0756258976607388
2016-11-18,0.07516767504188715
2016-11-21,0.07456460842563539
2016-11-22,0.0742037061777181
2016-11-23,0.08554467684803502
2016-11-25,0.08543351588971682
2016-11-28,0.14173742432865688
2016-11-29,0.14132216882086301
2016-11-30,0.14131543415484327
2016-12-01,0.14433063259750423
2016-12-02,0.1255346343871262
2016-12-05,0.12427603253627928
2016-12-06,0.12348721105132032
2016-12-07,0.12246121310347924
2016-12-08,0.12075418792221271
2016-12-09,0.1732275401648643
2016-12-12,0.17462721977043671
2016-12-13,0.1741082816482996
2016-12-14,0.1752324073036765
2016-12-15,0.1731048052827593
2016-12-16,0.17374751565711177
2016-12-19,0.17319272116243611
2016-12-20,0.17173306358315288
2016-12-21,0.2252197714194215
2016-12-22,0.2259352665621982
2016-12-23,0.2251437187858576
2016-12-27,0.22512320288427712
2016-12-28,0.2272529241283251
2016-12-29,0.2273498735573577
2016-12-30,0.22875804584908355
2017-01-03,0.227355303320521
2017-01-04,0.22517655089911315
2017-01-05,0.22615723955272093
2017-01-06,0.21966645745722513
2017-01-09,0.21728501927393096
2017-01-10,0.2160660806681266
2017-01-11,0.27223758270503473
2017-01-12,0.2732545886190685
2017-01-13,0.272240542129632
2017-01-17,0.27579096674285153
2017-01-18,0.25885044306955773
2017-01-19,0.25953041438934477
2017-01-20,0.2585071352635183
2017-01-23,0.26044684853152866
2017-01-24,0.16522689388744627
2017-01-25,0.16351470781730515
2017-01-26,0.21676091465318315
2017-01-27,0.21757150511988566
2017-01-30,0.21947890979059104
2017-01-31,0.17168043808169653
2017-02-01,0.17028069849253868
2017-02-02,0.1703084931842178
2017-02-03,0.16890491798561313
2017-02-06,0.16968152457028807
2017-02-07,0.17073868138242965
2017-02-08,0.17050616897150805
2017-02-09,0.16650540782227008
2017-02-10,0.22406403071198755
2017-02-13,0.27634737059762526
2017-02-14,0.27527963766604324
2017-02-15,0.2742758928421526
2017-02-16,0.27510790779896566
2017-02-17,0.21583535031279888
2017-02-21,0.21552186517311245
2017-02-22,0.21612711038384202
2017-02-23,0.21648342299188417
2017-02-24,0.20593898507459996
2017-02-27,0.20556908179629507
2017-02-28,0.20692401401181515
2017-03-01,0.20201704857984792
2017-03-02,0.2619689068617592
2017-03-03,0.260580124876844
2017-03-06,0.26078985048440806
2017-03-07,0.26196108688129327
2017-03-08,0.262489133708695
2017-03-09,0.262978552711033
2017-03-10,0.26209094592550475
2017-03-13,0.26098374895505594
2017-03-14,0.26012356359333244
2017-03-15,0.25907930724396067
2017-03-16,0.25843766477223773
2017-03-17,0.2586027024668378
2017-03-20,0.25041357556542454
2017-03-21,0.25200510846698854
2017-03-22,0.16233212707161382
2017-03-23,0.16146679529759556
2017-03-24,0.1616453433106536
2017-03-27,0.1617657433450358
2017-03-28,0.15984723114621013
2017-03-29,0.1605568298576241
2017-03-30,0.15953099022673867
2017-03-31,0.1590084139401492
2017-04-03,0.16070450360553512
2017-04-04,0.16053256550089967
2017-04-05,0.16019280817825587
2017-04-06,0.11106053650592329
2017-04-07,0.11095594241824636
2017-04-10,0.1113205778009263
2017-04-11,0.11183304892776547
2017-04-12,0.11032182110354805
2017-04-13,0.20775485934600357
2017-04-17,0.10658291740806736
2017-04-18,0.10643683669895265
2017-04-19,0.10555770910721574
2017-04-20,0.10392290429338102
2017-04-21,0.1039931250944719
2017-04-24,0.10258929597590383
2017-04-25,0.10189081267218947
2017-04-26,0.10188795724439259
2017-04-27,0.10035029040634946
2017-04-28,0.10110371372642524
2017-05-01,0.09898504024715016
2017-05-02,0.15750415515352278
2017-05-03,0.15735128820095667
2017-05-04,0.15678699216967462
2017-05-05,0.1564497940005385
2017-05-08,0.14943245275178907
2017-05-09,0.1341247718177574
2017-05-10,0.13374472295082052
2017-05-11,0.12418348637288679
2017-05-12,0.12434556829490695
2017-05-15,0.12346323565757145
2017-05-16,0.12303402453034196
2017-05-17,0.12780389177046636
2017-05-18,0.12633914589706585
2017-05-19,0.12617840599291608
2017-05-22,0.1252112698022798
2017-05-23,0.12506783320966042
2017-05-24,0.12401287844057496
2017-05-25,0.12307872897896432
2017-05-26,0.12244746913430082
2017-05-30,0.12288308844876117
2017-05-31,0.11577296412593407
2017-06-01,0.11440382611470323
2017-06-02,0.11376505680923499
2017-06-05,0.11399208475288836
2017-06-06,0.11344223213452986
2017-06-07,0.11218309680021432
2017-06-08,0.11080188256173495
2017-06-09,0.11420005204913652
2017-06-12,0.11540903062538133
2017-06-13,0.10929123048511058
2017-06-14,0.11003654111731254
2017-06-15,0.11078004644888118
2017-06-16,0.06319416496254027
2017-06-19,0.06245895746465524
2017-06-20,0.06302639739409344
2017-06-21,0.04838185714473575
2017-06-22,0.04833286027216943
2017-06-23,0.04822238134931722
2017-06-26,0.04855585052459277
2017-06-27,0.04937299771796133
2017-06-28,0.04870349157974685
2017-06-29,0.04970607098093971
2017-06-30,0.0010083622795099556
2017-07-03,0.0010165768499714734
2017-07-05,0.0010152690559267485
2017-07-06,0.10059576942283233
2017-07-07,0.006562808657408992
2017-07-10,0.006602410581074802
2017-07-11,0.00657986040177494
2017-07-12,0.006519837526600458
2017-07-13,0.006556643223932013
2017-07-14,0.00654683374515308
2017-07-17,0.006559665164346362
2017-07-18,0.006538021634838187
2017-07-19,0.006352187815815258
2017-07-20,0.00635250981249702
2017-07-21,0.0063713961642121175
2017-07-24,0.0063121153849107214
2017-07-25,0.06867219143127523
2017-07-26,0.06863260356496115
2017-07-27,0.06951346233069777
2017-07-28,0.0687166059088391
2017-07-31,0.053002242333119676
2017-08-01,0.05248346154562433
2017-08-02,0.05306839440752775
2017-08-03,0.055120826978769855
2017-08-04,0.053830895476165375
2017-08-07,0.05312968882562097
2017-08-08,0.05314467183488991
2017-08-09,0.053061385943289796
2017-08-10,0.05415518036156397
2017-08-11,0.05378765211255132
2017-08-14,0.053026623791187055
2017-08-15,0.05286314023536143
2017-08-16,0.10484563223693355
2017-08-17,0.10652965382539115
2017-08-18,0.10655350558428933
2017-08-21,0.10643834309739264
2017-08-22,0.1034137564726415
2017-08-23,0.10381429780377593
2017-08-24,0.10333019340442806
2017-08-25,0.09899728211007375
2017-08-28,0.09855278440731552
2017-08-29,0.09858586859815555
2017-08-30,0.09772257028872966
2017-08-31,0.0969065376047068
2017-09-01,0.09701582144115006
2017-09-05,0.09688722379398795
2017-09-06,0.09724791318027104
2017-09-07,0.09622084351897042
2017-09-08,0.09612927943236116
2017-09-11,0.15116367810998566
2017-09-12,0.1509096969814845
2017-09-13,0.15125868535830023
2017-09-14,0.14487881944628833
2017-09-15,0.14483930763990993
2017-09-18,0.14365661686936682
2017-09-19,0.14352999371884667
2017-09-20,0.1977865615344483
2017-09-21,0.19908616793384626
2017-09-22,0.19847804179651152
2017-09-25,0.1527793328674597
2017-09-26,0.15259727929553912
2017-09-27,0.15066794082561186
2017-09-28,0.1504435464996805
2017-09-29,0.149225063887225
2017-10-02,0.1475132630735253
2017-10-03,0.14727189984636235
2017-10-04,0.14686847307628015
2017-10-05,0.14542679175901796
2017-10-06,0.1450119628530372
2017-10-09,0.1456202420020054
2017-10-10,0.14585776548006435
2017-10-11,0.14452718007909904
2017-10-12,0.1438185832262029
2017-10-13,0.14344258571495472
2017-10-16,0.1437616099657525
2017-10-17,0.201732839096732
2017-10-18,0.20108411201112686
2017-10-19,0.2013963590906439
2017-10-20,0.1989162590313025
2017-10-23,0.30396993043559273
2017-10-24,0.3024638815810684
2017-10-25,0.30408533868161025
2017-10-26,0.3035554274569846
2017-10-27,0.29870716473913117
2017-10-30,0.29821943443834376
2017-10-31,0.2953169673640659
2017-11-01,0.29846433402502215
2017-11-02,0.29590547688107927
2017-11-03,0.29398892461929294
2017-11-06,0.28636907451565585
2017-11-07,0.28695040415255313
2017-11-08,0.2832861749786528
2017-11-09,0.28341699703855994
2017-11-10,0.28227236103155096
2017-11-13,0.2802725903680896
2017-11-14,0.28083705238027656
2017-11-15,0.2823292668011449
2017-11-16,0.2794396754456273
2017-11-17,0.27909192773993774
2017-11-20,0.27760107772729026
2017-11-21,0.2745088855279134
2017-11-22,0.2752519947176798
2017-11-24,0.27440646307101546
2017-11-27,0.2780889879439056
2017-11-28,0.27599787214602645
2017-11-29,0.2822274050168597
2017-11-30,0.28097531296565026
2017-12-01,0.2830627588139296
2017-12-04,0.24329339256661953
2017-12-05,0.17225761555581032
2017-12-06,0.17179578178208388
2017-12-07,0.16957447741076248
2017-12-08,0.16902707733970967
2017-12-11,0.17017517181914643
2017-12-12,0.17076598454919345
2017-12-13,0.17057540333739907
2017-12-14,0.13066480161826366
2017-12-15,0.12713608954381184
2017-12-18,0.1262670957620632
2017-12-19,0.12732113040838378
2017-12-20,0.12647989058038445
2017-12-21,0.12635813030365606
2017-12-22,0.0850126263847788
2017-12-26,0.08471801313492533
2017-12-27,0.08433488443618953
2017-12-28,0.08051994362727033
2017-12-29,0.08126377874026058
2018-01-02,0.08070944084741083
2018-01-03,0.07982541417499878
2018-01-04,0.0804447280898275
2018-01-05,0.07993186015078324
2018-01-08,0.0800905941386626
2018-01-09,0.0717838566922192
2018-01-10,0.07240836787431792
2018-01-11,0.07139895328546586
2018-01-12,0.07127844318088661
2018-01-16,0.07282647982811163
2018-01-17,0.07390615684298274
2018-01-18,0.06949004079505561
2018-01-19,0.06848097067577341
2018-01-22,0.06783699568122492
2018-01-23,0.06769882870331645
2018-01-24,0.0683573014864004
2018-01-25,0.06878187867946017
2018-01-26,0.05494035777520134
2018-01-29,0.05561918010290523
2018-01-30,0.05653203595897072
2018-01-31,0.060818206322500346
2018-02-01,0.06096487496583558
2018-02-02,0.06196118630179215
2018-02-05,0.011756258251665708
2018-02-06,0.00331633175965107
2018-02-07,0.05801987461390812
2018-02-08,0.06039106411706996
2018-02-09,0.4748124706718607
2018-02-12,0.47389719836252187
2018-02-13,0.5713201940003979
2018-02-14,0.5679750921891734
2018-02-15,0.5661690516166635
2018-02-16,0.5660959744931022
2018-02-20,0.5687198794667141
2018-02-21,0.5671923091750705
2018-02-22,0.5682919727475947
2018-02-23,0.5663956526582912
2018-02-26,0.5636478142032
2018-02-27,0.5664179817347625
2018-02-28,0.5692078617114991
2018-03-01,0.7781119805835104
2018-03-02,0.7763774137673258
2018-03-05,0.7757099806870223
2018-03-06,0.7762259956642819
2018-03-07,0.7740375743908016
2018-03-08,0.7741655071279843
2018-03-09,0.7722328561141794
2018-03-12,0.6733278654473105
2018-03-13,0.07298035849317264
2018-03-14,0.07381073531547966
2018-03-15,0.07360279889317012
2018-03-16,0.0732179363943839
2018-03-19,0.07351080236948626
2018-03-20,0.07322150407185068
2018-03-21,0.073070561965907
2018-03-22,0.07570399550690643
2018-03-23,0.07713973018022158
2018-03-26,0.06614151410223679
2018-03-27,0.06724412115614131
2018-03-28,0.06738562580506346
2018-03-29,0.06625652013068162
2018-04-02,0.0676520042249551
2018-04-03,0.06723502659937297
2018-04-04,0.16915353469347516
2018-04-05,0.2706253380670317
2018-04-06,0.2746414625554866
2018-04-09,0.2740862959380257
2018-04-10,0.27255770319486927
2018-04-11,0.27282362785140113
2018-04-12,0.2708958270427785
2018-04-13,0.2718706529291164
2018-04-16,0.26855218182161056
2018-04-17,0.2655329179028162
2018-04-18,0.3589109834282731
2018-04-19,0.3591621485457447
2018-04-20,0.36029017112082506
2018-04-23,0.3606254198661589
2018-04-24,0.06093174160539949
2018-04-25,0.06969146949580218
2018-04-26,0.06866761822852285
2018-04-27,0.06965995461635788
2018-04-30,0.07010772057118964
2018-05-01,0.08916438821215922
2018-05-02,0.08911756822303829
2018-05-03,0.0886056347727655
2018-05-04,0.08839833082970128
2018-05-07,0.08806507194584823
2018-05-08,0.0867666030890728
2018-05-09,0.08550878420203367
2018-05-10,0.08520578049095251
2018-05-11,0.08494957438256445
2018-05-14,0.08546156404783334
2018-05-15,0.08532552678331229
2018-05-16,0.07972446739413064
2018-05-17,0.07952935050857068
2018-05-18,0.0792944343460501
2018-05-21,0.07937183915143853
2018-05-22,0.0810255059223538
2018-05-23,0.07704805641933266
2018-05-24,0.07646632091461847
2018-05-25,0.07708320866505536
2018-05-29,0.0757494987189462
2018-05-30,0.07495303944409404
2018-05-31,0.07527648259594844
2018-06-01,0.07458038370703646
2018-06-04,0.0733353858118877
2018-06-05,0.07231896499075763
2018-06-06,0.07189404280510736
2018-06-07,0.07266417872057263
2018-06-08,0.07219065898578336
2018-06-11,0.07219457903126514
2018-06-12,0.07171106459255994
2018-06-13,0.026760447440891344
2018-06-14,0.026759525256233374
2018-06-15,0.02666728325641743
2018-06-18,0.02644964628154578
2018-06-19,0.0268685099445074
2018-06-20,0.020769498590848423
2018-06-21,0.07686021628279682
2018-06-22,0.13535453960291988
2018-06-25,0.13244557689905512
2018-06-26,0.13251185115021924
2018-06-27,0.13416197396565566
2018-06-28,0.12817002413754008
2018-06-29,0.12871516317559806
2018-07-02,0.12792471391099614
2018-07-03,0.12822078568130713
2018-07-05,0.1277979236151997
2018-07-06,0.12664638021605112
2018-07-09,0.12589145841970772
2018-07-10,0.12626297570963108
2018-07-11,0.126308646637608
2018-07-12,0.1259211592579923
2018-07-13,0.12576490678424657
2018-07-16,0.1258090623461683
2018-07-17,0.12487026123747302
2018-07-18,0.22268699380141588
2018-07-19,0.22195118686421023
2018-07-20,0.22265010013662923
2018-07-23,0.12211968881747426
2018-07-24,0.12291990661411234
2018-07-25,0.12133066802821346
2018-07-26,0.12166177704108139
2018-07-27,0.12433858430143663
2018-07-30,0.07548145035979037
2018-07-31,0.02954587381694862
2018-08-01,0.029635705918214406
2018-08-02,0.029297879145107175
2018-08-03,0.029427628347336587
2018-08-06,0.02909490408852755
2018-08-07,0.02895091405762029
2018-08-08,0.028740249915408134
2018-08-09,0.02872434830377213
2018-08-10,0.028567886824250266
2018-08-13,0.028821902929630827
2018-08-14,0.028489597043133585
2018-08-15,0.02886809640837662
2018-08-16,0.028663456374564245
2018-08-17,0.028329714835778508
2018-08-20,0.02812230440741781
2018-08-21,0.027865202187657645
2018-08-22,0.027811873210341287
2018-08-23,0.027612963518278022
2018-08-24,0.027361473796981395
2018-08-27,0.027489035732640277
2018-08-28,0.027456823139929698
2018-08-29,0.02733927832389449
2018-08-30,0.07959696704594321
2018-08-31,0.03270019351889264
2018-09-04,0.03258184878473047
2018-09-05,0.03298459653598296
2018-09-06,0.033008569363176976
2018-09-07,0.03259868853845849
2018-09-10,0.08417623932061413
2018-09-11,0.0790552791385174
2018-09-12,0.07941583600916391
2018-09-13,0.07927582354633655
2018-09-14,0.07911939075674623
2018-09-17,0.07964949382307795
2018-09-18,0.02865446495551227
2018-09-19,0.02899571805931589
2018-09-20,0.028785837143267656
2018-09-21,0.028979619590114636
2018-09-24,0.028944704386728914
2018-09-25,0.02863377105593712
2018-09-26,0.028609767758153493
2018-09-27,0.0826999792777624
2018-09-28,0.08235534284056967
2018-10-01,0.08304693351836578
2018-10-02,0.08456663802221909
2018-10-03,0.07935298243132594
2018-10-04,0.0744684572162212
2018-10-05,0.07482173572541129
2018-10-08,0.07279102564598461
2018-10-09,0.0730105538674567
2018-10-10,0.17406963581362123
2018-10-11,0.5924562584854098
2018-10-12,0.8851599970808942
2018-10-15,0.7842646226587549
2018-10-16,0.4817827838833899
2018-10-17,0.48245991143038514
2018-10-18,0.2829486199257151
2018-10-19,0.28291651976007504
2018-10-22,0.3977943777171127
2018-10-23,0.4013172433731371
2018-10-24,0.4080810508185321
2018-10-25,0.5961994215454381
2018-10-26,0.6009786202015452
2018-10-29,0.6005622194176745
2018-10-30,0.5992844175600729
2018-10-31,0.599670007279319
2018-11-01,0.5977909963794734
2018-11-02,0.5966964811196881
2018-11-05,0.5931459614158825
2018-11-06,0.5913806461357604
2018-11-07,0.6869741111461245
2018-11-08,0.6894745930477939
2018-11-09,0.6861953287331364
2018-11-12,0.6837924325662632
2018-11-13,0.683583925131354
2018-11-14,0.686666691118194
2018-11-15,0.7868160555469039
2018-11-16,0.7867507202094086
2018-11-19,0.786729482133758
2018-11-20,0.7903605278900149
2018-11-21,0.7894770231390329
2018-11-23,0.789257737754157
2018-11-26,0.7873379476601039
2018-11-27,0.7885009290491871
2018-11-28,0.7864032437122069
2018-11-29,0.1862707990564687
2018-11-30,0.18506541530676635
2018-12-03,0.08454735922451573
2018-12-04,0.08485780405579835
2018-12-06,0.08400853393499308
2018-12-07,0.08455307227439812
2018-12-10,0.08459985303921391
2018-12-11,0.08430450798111244
2018-12-12,0.08406584705254028
2018-12-13,0.0837236658563083
2018-12-14,0.08423736552082417
2018-12-17,0.08700145388312397
2018-12-18,0.2835954921598365
2018-12-19,0.2853793258492442
2018-12-20,0.28702890703827455
2018-12-21,0.4901034477651053
2018-12-24,0.8026259543953574
2018-12-26,0.8997691618844528
2018-12-27,1.0
2018-12-28,1.0
2018-12-31,1.0
2019-01-02,1.0
2019-01-03,1.0
2019-01-04,1.0
2019-01-07,1.0
2019-01-08,1.0
2019-01-09,1.0
2019-01-10,1.0
2019-01-11,1.0
2019-01-14,1.0
2019-01-15,1.0
2019-01-16,1.0
2019-01-17,1.0
2019-01-18,1.0
2019-01-22,1.0
2019-01-23,1.0
2019-01-24,1.0
2019-01-25,1.0
2019-01-28,1.0
2019-01-29,1.0
2019-01-30,1.0
2019-01-31,1.0
2019-02-01,1.0
2019-02-04,1.0
2019-02-05,1.0
2019-02-06,1.0
2019-02-07,0.9014501768604228
2019-02-08,0.9015809318622289
2019-02-11,0.9025601890404286
2019-02-12,0.9027017483400961
2019-02-13,0.8055473980499008
2019-02-14,0.705975575934952
2019-02-15,0.7053038238704195
2019-02-19,0.5062409605625691
2019-02-20,0.10711113257691063
2019-02-21,0.006975069400778522
2019-02-22,0.006910445948007604
2019-02-25,0.0069158740080425
2019-02-26,0.006919485265135639
2019-02-27,0.006901547227534333
2019-02-28,0.006882669084447679
2019-03-01,0.006864109366532034
2019-03-04,0.006940408930181663
2019-03-05,0.006932905614622231
2019-03-06,0.006997225504667637
2019-03-07,0.007050436528017068
2019-03-08,0.09160814911256177
2019-03-11,0.090826649283263
2019-03-12,0.09017110267639838
2019-03-13,0.08964034192311476
2019-03-14,0.08908804365644996
2019-03-15,0.08932548961109255
2019-03-18,0.08964753157821492
2019-03-19,0.08957290669980322
2019-03-20,0.08940484740467602
2019-03-21,0.08756737680667803
2019-03-22,0.045625868213654
2019-03-25,0.04548811663054719
2019-03-26,0.04510151461822631
2019-03-27,0.045543423265320016
2019-03-28,0.04525870560948875
2019-03-29,0.04528378989477422
2019-04-01,0.045386650682856744
2019-04-02,0.04114132410561855
2019-04-03,0.041243454869159146
2019-04-04,0.041537799128416375
2019-04-05,0.04129898545401889
2019-04-08,0.04138139386009043
2019-04-09,0.04159722688384271
2019-04-10,0.041201798930860956
2019-04-11,0.041189979110813124
2019-04-12,0.04118059088433268
2019-04-15,0.0412915066208418
2019-04-16,0.04218657259345027
2019-04-17,0.23902798066495
2019-04-18,0.044102337031482586
2019-04-22,0.04379466235687102
2019-04-23,0.044534899207182455
2019-04-24,0.04445465060319542
2019-04-25,0.040755422312811485
2019-04-26,0.04042938564425402
2019-04-29,0.04038774197582562
2019-04-30,0.04002519111635394
2019-05-01,0.04070458324216786
2019-05-02,0.040439697348671366
2019-05-03,0.03999178067889497
2019-05-06,0.04004700631169755
2019-05-07,0.04069884068617435
2019-05-08,0.04071004623450447
2019-05-09,0.04091291980615741
2019-05-10,0.035507658032838174
2019-05-13,0.018191967879362614
2019-05-14,0.07327449408701514
2019-05-15,0.07267156735968006
2019-05-16,0.07200954493079204
2019-05-17,0.06629326896561993
2019-05-20,0.06771977730640533
2019-05-21,0.0018905382022068595
2019-05-22,0.0018962857566905411
2019-05-23,0.0019199970922968435
2019-05-24,0.0019149263275038964
2019-05-28,0.0975040511132631
2019-05-29,0.09861259093989061
2019-05-30,0.00951738668982749
2019-05-31,0.009576966889599081
2019-06-03,0.009660726431734212
2019-06-04,0.20794278232352004
2019-06-05,0.015403972293658419
2019-06-06,0.01525736124386623
2019-06-07,0.015047051929629962
2019-06-10,0.014942252393660094
2019-06-11,0.015155390585820716
2019-06-12,0.015127071657781377
2019-06-13,0.07434858683415213
2019-06-14,0.07399871495567101
2019-06-17,0.07414358868821247
2019-06-18,0.07360772089177647
2019-06-19,0.07337939537253058
2019-06-20,0.07267883874896208
2019-06-21,0.07365479311705725
2019-06-24,0.07378666496689723
2019-06-25,0.07520164176102595
2019-06-26,0.07495358900492033
2019-06-27,0.03744211128597286
2019-06-28,0.036872392653868546
2019-07-01,0.03669433293121804
2019-07-02,0.03614989185545292
2019-07-03,0.03574755062744561
2019-07-05,0.03562961042413426
2019-07-08,0.03581524725361229
2019-07-09,0.03554512738296878
2019-07-10,0.035490761347550914
2019-07-11,0.03549405790152238
2019-07-12,0.03540952379819462
2019-07-15,0.03544886517435497
2019-07-16,0.03547701323035457
2019-07-17,0.035785095352246166
2019-07-18,0.03553550424784968
2019-07-19,0.026734158749788794
2019-07-22,0.026538354098769812
2019-07-23,0.026731344235319754
2019-07-24,0.026415726964174713
2019-07-25,0.0264489955702516
2019-07-26,0.026469835250933937
2019-07-29,0.013625800215545492
2019-07-30,0.008094327875732499
2019-07-31,0.07574651441566249
2019-08-01,0.07627888947022832
2019-08-02,0.06918312270276217
2019-08-05,0.07173802603428603
2019-08-06,0.062323095645480775
2019-08-07,0.06141047098019392
2019-08-08,0.06012952232001123
2019-08-09,0.06028800347037366
2019-08-12,0.060929059141182296
2019-08-13,0.06039048507937761
2019-08-14,0.062117329920282405
2019-08-15,0.061674419347308995
2019-08-16,0.060416833129969594
2019-08-19,0.059963248959713056
2019-08-20,0.06022487434193169
2019-08-21,0.05587408578502007
2019-08-22,0.05604644889430843
2019-08-23,0.0571036667253757
2019-08-26,0.24929513614323984
2019-08-27,0.2505439037495826
2019-08-28,0.3453901500488523
2019-08-29,0.3460472039636465
2019-08-30,0.3473949549575992
2019-09-03,0.34773919598091674
2019-09-04,0.047556425809453406
2019-09-05,0.047848587483862004
2019-09-06,0.014855121610841016
2019-09-09,0.015009450186107332
2019-09-10,0.017831550625305614
2019-09-11,0.07499885904157488
2019-09-12,0.07456044489622227
2019-09-13,0.0054769457272551
2019-09-16,0.005489489386907631
2019-09-17,0.005428052102325109
2019-09-18,0.005511400419545565
2019-09-19,0.08903164843663713
2019-09-20,0.08937888794980042
2019-09-23,0.0894217891413519
2019-09-24,0.09002474877393696
2019-09-25,0.08927805115774967
2019-09-26,0.08977576184492497
2019-09-27,0.09103564680943033
2019-09-30,0.09083125069501585
2019-10-01,0.09195342476237167
2019-10-02,0.09558889792082337
2019-10-03,0.0005956749706881315
2019-10-04,0.0005827793562824812
2019-10-07,0.09670839242186957
2019-10-08,0.09730550274273386
2019-10-09,0.0016065991855400696
2019-10-10,0.0016046322069040997
2019-10-11,0.0016053220824788772
2019-10-14,0.0016036567204548158
2019-10-15,0.0015997353155279281
2019-10-16,0.0015888057529801491
2019-10-17,0.0015735923144196695
2019-10-18,0.001564873796451538
2019-10-21,0.0015566294423746685
2019-10-22,0.0015688128228034115
2019-10-23,0.0015516369266663776
2019-10-24,0.0015383533079443845
2019-10-25,0.055240273930347805
2019-10-28,0.055467176348119596
2019-10-29,0.06040382075827211
2019-10-30,0.060645819404176016
2019-10-31,0.056414060729106374
2019-11-01,0.056692170669294994
2019-11-04,0.04475811435286303
2019-11-05,0.07401976764005702
2019-11-06,0.08072352244449643
2019-11-07,0.0819556157145166
2019-11-08,0.07511435911423814
2019-11-11,0.07480123032160124
2019-11-12,0.07453524370065934
2019-11-13,0.0740046156211438
2019-11-14,0.07359640218529517
2019-11-15,0.07334130121716431
2019-11-18,0.07349407348431869
2019-11-19,0.07344952970558838
2019-11-20,0.0735673356079043
2019-11-21,0.07449058463295954
2019-11-22,0.07462142975145192
2019-11-25,0.0739086706090698
2019-11-26,0.07048654589473802
2019-11-27,0.07045888903719288
2019-11-29,0.07090933565840629
2019-12-02,0.07189260712513112
2019-12-03,0.05754983129556068
2019-12-04,0.057190520877874906
2019-12-05,0.057057376615901156
2019-12-06,0.056956926597387936
2019-12-09,0.05695200828783198
2019-12-10,0.05711961934655252
2019-12-11,0.05561191027454415
2019-12-12,0.055291854098019955
2019-12-13,0.05578785921249163
2019-12-16,0.05574926606598929
2019-12-17,0.05857303655181689
2019-12-18,0.018527292947618346
2019-12-19,0.018676396570690312
2019-12-20,0.018661907358673013
2019-12-23,0.018688556889922436
2019-12-24,0.018515645405564385
2019-12-26,0.017059407472548638
2019-12-27,0.017169811670547208
2019-12-30,0.01727783482639722
2019-12-31,0.017356071915886506
2020-01-02,0.009618103418896351
2020-01-03,0.007652052208029558
2020-01-06,0.002348229996315232
2020-01-07,0.0023324531723430963
2020-01-08,0.0023258309491414053
2020-01-09,0.002321078992493786
2020-01-10,0.0023425964048936487
2020-01-13,0.004857600693424002
2020-01-14,0.004752820550256609
2020-01-15,0.004764514512248907
2020-01-16,0.004689672185660965
2020-01-17,0.0047012833636818074
2020-01-21,0.004677650649969611
2020-01-22,0.00464870837791076
2020-01-23,0.004608019744582692
2020-01-24,0.004715318775851851
2020-01-27,0.004839234149947136
2020-01-28,0.004792693468180564
2020-01-29,0.01887258865921282
2020-01-30,0.01882502939824371
2020-01-31,0.019527572373754354
2020-02-03,0.17894013609261128
2020-02-04,0.07778207152065475
2020-02-05,0.07659594950371451
2020-02-06,0.07681955099599025
2020-02-07,0.07782841485357739
2020-02-10,0.07669335664796217
2020-02-11,0.07579156944889187
2020-02-12,0.07519833890316197
2020-02-13,0.07461290418263367
2020-02-14,0.07475302565772723
2020-02-18,0.034494531378878035
2020-02-19,0.0341970020414849
2020-02-20,0.03382554148192518
2020-02-21,0.02891525555616481
2020-02-24,0.021701806814926172
2020-02-25,0.23015656707486132
2020-02-26,0.020707300723899147
2020-02-27,0.017177414317151474
2020-02-28,0.21694774021370855
2020-03-02,0.4746925752591834
2020-03-03,0.4780843824537724
2020-03-04,0.4655815277944776
2020-03-05,0.4752622238139296
2020-03-06,0.48138277969003496
2020-03-09,0.5972582044829271
2020-03-10,1.0
2020-03-11,1.0
2020-03-12,1.0
2020-03-13,1.0
2020-03-16,1.0
2020-03-17,1.0
2020-03-18,1.0
2020-03-19,1.0
2020-03-20,1.0
2020-03-23,1.0
2020-03-24,1.0
2020-03-25,1.0
2020-03-26,1.0
2020-03-27,1.0
2020-03-30,1.0
2020-03-31,1.0
2020-04-01,1.0
2020-04-02,1.0
2020-04-03,1.0
2020-04-06,1.0
2020-04-07,1.0
2020-04-08,1.0
2020-04-09,1.0
2020-04-13,1.0
2020-04-14,1.0
2020-04-15,1.0
2020-04-16,1.0
2020-04-17,1.0
2020-04-20,1.0
2020-04-21,1.0
2020-04-22,1.0
2020-04-23,1.0
2020-04-24,1.0
2020-04-27,1.0
2020-04-28,1.0
2020-04-29,1.0
2020-04-30,1.0
2020-05-01,1.0
2020-05-04,1.0
2020-05-05,1.0
2020-05-06,1.0
2020-05-07,1.0
2020-05-08,1.0
2020-05-11,1.0
2020-05-12,1.0
2020-05-13,1.0
2020-05-14,1.0
2020-05-15,1.0
2020-05-18,1.0
2020-05-19,1.0
2020-05-20,1.0
2020-05-21,1.0
2020-05-22,1.0
2020-05-26,1.0
2020-05-27,0.003705928433855088
2020-05-28,0.003705774075498436
2020-05-29,0.0036199237391295602
2020-06-01,0.0036288334450894633
2020-06-02,0.0036199821606918148
2020-06-03,0.003686411714315385
2020-06-04,0.0037539661451980733
2020-06-05,0.08841502225497078
2020-06-08,0.0883545239497826
2020-06-09,0.08027607984271823
2020-06-10,0.07920661603091561
2020-06-11,0.08359007750543768
2020-06-12,0.08278803773542709
2020-06-15,0.08166253804076529
2020-06-16,0.08096786785021837
2020-06-17,0.07990379715057672
2020-06-18,0.07343796638515576
2020-06-19,0.07311554460124092
2020-06-22,0.06773995541707367
2020-06-23,0.06775490411722063
2020-06-24,0.06898457345971465
2020-06-25,0.06821125834470332
2020-06-26,0.06967720325040594
2020-06-29,0.163055535451889
2020-06-30,0.1591566462745474
2020-07-01,0.15793461933926456
2020-07-02,0.15698469859508946
2020-07-06,0.15568146024798935
2020-07-07,0.15615112507133666
2020-07-08,0.15386431439252246
2020-07-09,0.20928671014107825
2020-07-10,0.26897126284286454
2020-07-13,0.07169207038552194
2020-07-14,0.06737581953893312
2020-07-15,0.06629483629220789
2020-07-16,0.06747904143899586
2020-07-17,0.0657494784612006
2020-07-20,0.047372662041678115
2020-07-21,0.16095879678295466
2020-07-22,0.15926461325626484
2020-07-23,0.16349807085078782
2020-07-24,0.16282922470805283
2020-07-27,0.21202624432911776
2020-07-28,0.21336224535409376
2020-07-29,0.20829630740084604
2020-07-30,0.2041668142692734
2020-07-31,0.26189501300752915
2020-08-03,0.25766093206744467
2020-08-04,0.25643666003261056
2020-08-05,0.2570656500039802
2020-08-06,0.25965885196301364
2020-08-07,0.26822562230278946
2020-08-10,0.2621854874292636
2020-08-11,0.2561343587604903
2020-08-12,0.2525935842083711
2020-08-13,0.25117008994709655
2020-08-14,0.25265650337137846
2020-08-17,0.24824681297728557
2020-08-18,0.24645805524513964
2020-08-19,0.24759951300625893
2020-08-20,0.2454375699485175
2020-08-21,0.24562045700604873
2020-08-24,0.24645672395652507
2020-08-25,0.2448915463081337
2020-08-26,0.24054821067665266
2020-08-27,0.24399954395582946
2020-08-28,0.188076674581801
2020-08-31,0.18647569047707435
2020-09-01,0.1807598180307448
2020-09-02,0.18022437653048573
2020-09-03,0.24974957786253138
2020-09-04,0.197495599948047
2020-09-08,0.1960277719343947
2020-09-09,0.14971511725803666
2020-09-10,0.15191332238124
2020-09-11,0.15395220042477387
2020-09-14,0.10265575605279686
2020-09-15,0.10081543855958452
2020-09-16,0.10201887651469477
2020-09-17,0.1036411369455219
2020-09-18,0.2050066436314938
2020-09-21,0.16985382579612196
2020-09-22,0.3452903063043231
2020-09-23,0.35494693178353554
2020-09-24,0.34255856181182964
2020-09-25,0.23879660386541157
2020-09-28,0.23290995734786324
2020-09-29,0.23271348225629318
2020-09-30,0.2973408776322166
2020-10-01,0.2916267023454424
2020-10-02,0.35247772441835135
2020-10-05,0.35089477234494304
2020-10-06,0.35350525606367844
2020-10-07,0.3505444322777834
2020-10-08,0.3514702058346153
2020-10-09,0.35002114921836314
2020-10-12,0.3502858755288524
2020-10-13,0.3489619835206419
2020-10-14,0.34921757718909996
2020-10-15,0.24878741975023821
2020-10-16,0.24929860587785546
2020-10-19,0.24140990380256455
2020-10-20,0.14147161995330748
2020-10-21,0.14390176511067887
2020-10-22,0.1955620417616215
2020-10-23,0.09476875001114116
2020-10-26,0.09724988524837719
2020-10-27,0.09294040108296431
2020-10-28,0.08780384869822278
2020-10-29,0.0562550247640462
2020-10-30,0.057571065890297035
2020-11-02,0.05543243661083452
2020-11-03,0.016591673539490204
2020-11-04,0.016426768860314467
2020-11-05,0.015979497852367963
2020-11-06,0.016217449436614073
2020-11-09,0.016482792240579913
2020-11-10,0.008289515445556006
2020-11-11,0.008267328722855294
2020-11-12,0.008390977441652847
2020-11-13,0.008230788028324776
2020-11-16,0.00808192461116175
2020-11-17,0.008061368375396283
2020-11-18,0.00808118485865672
2020-11-19,0.008084067778947324
2020-11-20,0.008039862043525248
2020-11-23,0.007891388581884429
2020-11-24,0.00788988634850385
2020-11-25,0.007938700958093792
2020-11-27,0.007920082628891212
2020-11-30,0.06371477392129432
2020-12-01,0.06320232467721087
2020-12-02,0.06300760829675245
2020-12-03,0.06159126167284712
2020-12-04,0.10071118067811291
2020-12-07,0.15528692611549244
2020-12-08,0.15515924415858062
2020-12-09,0.20949540509090425
2020-12-10,0.20827508857445398
2020-12-11,0.20936866116951103
2020-12-14,0.21071284200958118
2020-12-15,0.19878307623184677
2020-12-16,0.1996258414390929
2020-12-17,0.1977804370744174
2020-12-18,0.24063199423121429
2020-12-21,0.24061145232977676
2020-12-22,0.23910719257532453
2020-12-23,0.23761693772121673
2020-12-24,0.2382486139254143
2020-12-28,0.23935624231579755
2020-12-29,0.24147230920397722
2020-12-30,0.2391602547632472
2020-12-31,0.23980844798386836
2021-01-04,0.24265363718023492
2021-01-05,0.23864034178109683
2021-01-06,0.23296753832193717
2021-01-07,0.22851448181363276
2021-01-08,0.27899716140551334
2021-01-11,0.2775772622677404
2021-01-12,0.22043452002488695
2021-01-13,0.278567107101117
2021-01-14,0.27858310636658434
2021-01-15,0.28113793662983744
2021-01-19,0.2819712577291209
2021-01-20,0.27735207580430987
2021-01-21,0.2786917847756988
2021-01-22,0.2797612648702599
2021-01-25,0.28249814236660775
2021-01-26,0.2814872656957239
2021-01-27,0.29031824895255465
2021-01-28,0.17839379008480505
2021-01-29,0.1813632519964088
2021-02-01,0.1789727399765212
2021-02-02,0.1764342298910524
2021-02-03,0.17408497188316363
2021-02-04,0.16993591921170337
2021-02-05,0.16817246163053445
2021-02-08,0.1657664833002438
2021-02-09,0.16549849560909324
2021-02-10,0.16623351832694788
2021-02-11,0.16648617965949275
2021-02-12,0.11327834704121897
2021-02-16,0.11269857917205928
2021-02-17,0.06653134336548461
2021-02-18,0.0676418690248215
2021-02-19,0.057548856176310115
2021-02-22,0.11359657483441954
2021-02-23,0.11394651998536298
2021-02-24,0.11180642649002637
2021-02-25,0.11543369991988572
2021-02-26,0.11496400155417019
2021-03-01,0.11147915067583203
2021-03-02,0.11274676657628813
2021-03-03,0.1116283165788895
2021-03-04,0.11233193949000186
2021-03-05,0.16339195557254826
2021-03-08,0.15995382160742166
2021-03-09,0.21478858091409425
2021-03-10,0.2103192832625097
2021-03-11,0.2598866763177148
2021-03-12,0.2575297991016655
2021-03-15,0.25599480586827916
2021-03-16,0.36592023512254945
2021-03-17,0.364185764403432
2021-03-18,0.367360259879984
2021-03-19,0.36562462308276156
2021-03-22,0.37183641571230197
2021-03-23,0.38152988580841396
2021-03-24,0.33141265581508017
2021-03-25,0.32449208481119474
2021-03-26,0.3187761747221374
2021-03-29,0.33008599274465567
2021-03-30,0.27547119292857924
2021-03-31,0.27571084108862454
2021-04-01,0.2751590847045222
2021-04-05,0.2725305829311776
2021-04-06,0.35519941455878434
2021-04-07,0.25540887630271036
2021-04-08,0.2543555008651478
2021-04-09,0.2521550623219877
2021-04-12,0.2513574890690382
2021-04-13,0.25267703080153026
2021-04-14,0.2519701443969944
2021-04-15,0.2511574008096198
2021-04-16,0.2506157487013485
2021-04-19,0.25319887282190734
2021-04-20,0.25901192851008037
2021-04-21,0.200835525551342
2021-04-22,0.20160988542303182
2021-04-23,0.19872612983828064
2021-04-26,0.20008377281138712
2021-04-27,0.19735793128284318
2021-04-28,0.19527173761019234
2021-04-29,0.19531580107016866
2021-04-30,0.19798015040061812
2021-05-03,0.19500422316632415
2021-05-04,0.19589938605882729
2021-05-05,0.19455942737321696
2021-05-06,0.19220269010621693
2021-05-07,0.18879646075407808
2021-05-10,0.19071282351040164
2021-05-11,0.19355456674581117
2021-05-12,0.2556546051480869
2021-05-13,0.20472772967074604
2021-05-14,0.19928635581483034
2021-05-17,0.19829247765043534
2021-05-18,0.2018837737896354
2021-05-19,0.20551369939023967
2021-05-20,0.16011235689129832
2021-05-21,0.07386212294750993
2021-05-24,0.07283667210717659
2021-05-25,0.0742447521573586
2021-05-26,0.07289250500232836
2021-05-27,0.07148131095235011
2021-05-28,0.0716434830773155
2021-06-01,0.06889470107281737
2021-06-02,0.06933892770164884
2021-06-03,0.0691679366646265
2021-06-04,0.06886721973053123
2021-06-07,0.058868862367638664
2021-06-08,0.11546165453885959
2021-06-09,0.11736433834844229
2021-06-10,0.1195422616882379
2021-06-11,0.10688639787551013
2021-06-14,0.10893089221722851
2021-06-15,0.10822416006240443
2021-06-16,0.10827103170893271
2021-06-17,0.11213237847925794
2021-06-18,0.06819174736588074
2021-06-21,0.018609594720067957
2021-06-22,0.01850127019538428
2021-06-23,0.01811107848836435
2021-06-24,0.017866106565690987
2021-06-25,0.017677260370145498
2021-06-28,0.07452544004455097
2021-06-29,0.07452518681085007
2021-06-30,0.07318827259804006
2021-07-01,0.07254017673562407
2021-07-02,0.07338748235099612
2021-07-06,0.07227692955740161
2021-07-07,0.0713569553709591
2021-07-08,0.02463834205584836
2021-07-09,0.02390853419826744
2021-07-12,0.02402798444657339
2021-07-13,0.024132230232076113
2021-07-14,0.024856792829725638
2021-07-15,0.020961544096287255
2021-07-16,0.021504574250062358
2021-07-19,0.16196092565902098
2021-07-20,0.46375070509852145
2021-07-21,0.3626189418305382
2021-07-22,0.26372288988010206
2021-07-23,0.1617476394115156
2021-07-26,0.16185098588303315
2021-07-27,0.16215643617348496
2021-07-28,0.16210814817549635
2021-07-29,0.06145289061514492
2021-07-30,0.06138244911991242
2021-08-02,0.0611617771392039
2021-08-03,0.060369542669444054
2021-08-04,0.06136936061451681
2021-08-05,0.06061266573537827
2021-08-06,0.060371979619508354
2021-08-09,0.06056769957859509
2021-08-10,0.06019622948477321
2021-08-11,0.06002489225743579
2021-08-12,0.060050431007718674
2021-08-13,0.06009351066382129
2021-08-16,0.05934818800851549
2021-08-17,0.060186533510817486
2021-08-18,0.06057850152614219
2021-08-19,0.05987939968724032
2021-08-20,0.05903459892209806
2021-08-23,0.05855938533086791
2021-08-24,0.05860345929701938
2021-08-25,0.057479365603519295
2021-08-26,0.022101194898623278
2021-08-27,0.021772515871402276
2021-08-30,0.021665772810976147
2021-08-31,0.0787409994620043
2021-09-01,0.07874339312968626
2021-09-02,0.07886474277049826
2021-09-03,0.1353399811821927
2021-09-07,0.13709081335445572
2021-09-08,0.1292253211592691
2021-09-09,0.12897691086639573
2021-09-10,0.11443379030527145
2021-09-13,0.11491090034699036
2021-09-14,0.11430061702658834
2021-09-15,0.11286801921474865
2021-09-16,0.11224186917522427
2021-09-17,0.10241282950679476
2021-09-20,0.1044074535119982
2021-09-21,0.10399734437145769
2021-09-22,0.10278794747966169
2021-09-23,0.10199275913590322
2021-09-24,0.10275960882538349
2021-09-27,0.1034244795284669
2021-09-28,0.10554812393199353
2021-09-29,0.056240314356144405
2021-09-30,0.04825560233369619
2021-10-01,0.060451415423098065
2021-10-04,0.05774661200454512
2021-10-05,0.05705437737895869
2021-10-06,0.057158271704876196
2021-10-07,0.02181095526234933
2021-10-08,0.02180772081246829
2021-10-11,0.02185969348306549
2021-10-12,0.021683444367223137
2021-10-13,0.021589512833516844
2021-10-14,0.021359090508496825
2021-10-15,0.0729433225814139
2021-10-18,0.07260493945666102
2021-10-19,0.07209173358429843
2021-10-20,0.0721823643321925
2021-10-21,0.07192987225280645
2021-10-22,0.07122687954329776
2021-10-25,0.07076447274674302
2021-10-26,0.02738767103842732
2021-10-27,0.028233623815196673
2021-10-28,0.02280708547467092
2021-10-29,0.022628578151466572
2021-11-01,0.08231385330405994
2021-11-02,0.08211094130482932
2021-11-03,0.08243787912671652
2021-11-04,0.076827112755538
2021-11-05,0.07694337402712725
2021-11-08,0.07380607944732931
2021-11-09,0.07351113998109127
2021-11-10,0.07581921378055634
2021-11-11,0.0752035815051122
2021-11-12,0.07519927391383863
2021-11-15,0.07592273649151149
2021-11-16,0.06345985983380276
2021-11-17,0.06673771311834853
2021-11-18,0.06682201993059478
2021-11-19,0.051751247892378505
2021-11-22,0.04635896645640547
2021-11-23,0.042341994805224825
2021-11-24,0.04212263353866097
2021-11-26,0.04332806978831327
2021-11-29,0.06140872721460322
2021-11-30,0.06306380659796385
2021-12-01,0.05929857064448896
2021-12-02,0.015290604109201689
2021-12-03,0.015603454663144722
2021-12-06,0.015749228884335498
2021-12-07,0.011917185183408674
2021-12-08,0.011930696609731783
2021-12-09,0.012300831055691241
2021-12-10,0.013709380056557752
2021-12-13,0.011078952040744383
2021-12-14,0.06449473644658932
2021-12-15,0.062886367883076
2021-12-16,0.06571553355099347
2021-12-17,0.06530016548058137
2021-12-20,0.015059625978089297
2021-12-21,0.014563081814411794
2021-12-22,0.014371300066194137
2021-12-23,0.014183423599604339
2021-12-27,0.013653571276977639
2021-12-28,0.013803794379344425
2021-12-29,0.013678711353458328
2021-12-30,0.013817204994914345
2021-12-31,0.01372453880208313
2022-01-03,0.013715160072242383
2022-01-04,0.07644690382401986
2022-01-05,0.0713864417669483
2022-01-06,0.059075194576897694
2022-01-07,0.05294410650768544
2022-01-10,0.05911270858421791
2022-01-11,0.058637748896609
2022-01-12,0.11453153311754094
2022-01-13,0.014506270724572667
2022-01-14,0.01444649130911646
2022-01-18,0.015039419474214943
2022-01-19,0.12886748990896324
2022-01-20,0.088338492154585
2022-01-21,0.07949147566216619
2022-01-24,0.0789269761612783
2022-01-25,0.07823116947037256
2022-01-26,0.07864059928742095
2022-01-27,0.07912194588155819
2022-01-28,0.07836282204655098
2022-01-31,0.07786159982347463
2022-02-01,0.07665031451211857
2022-02-02,0.08001292056557374
2022-02-03,0.08043748190708222
2022-02-04,0.08000157241725347
2022-02-07,0.07961540773923526
2022-02-08,0.07975540762162359
2022-02-09,0.07955928413220847
2022-02-10,0.08026786612323045
2022-02-11,0.271119390677391
2022-02-14,0.27534302284343015
2022-02-15,0.27231794958582634
2022-02-16,0.07254985970679428
2022-02-17,0.07030270595829713
2022-02-18,0.07061354428277256
2022-02-22,0.07166255857573711
2022-02-23,0.07114814156191773
2022-02-24,0.1698612112108877
2022-02-25,0.26181487123232017
2022-02-28,0.258533483722466
2022-03-01,0.2591440514624296
2022-03-02,0.507535501626344
2022-03-03,0.5046501392813282
2022-03-04,0.4966629272249993
2022-03-07,0.555477518007307
2022-03-08,0.5526563748872002
2022-03-09,0.5574248405135058
2022-03-10,0.5477165892655698
2022-03-11,0.5503121679443177
2022-03-14,0.6149223236383169
2022-03-15,0.6219145881068722
2022-03-16,0.6230050528243465
2022-03-17,0.6120726259856467
2022-03-18,0.6115722889876622
2022-03-21,0.21093577769366956
2022-03-22,0.11070111804167149
2022-03-23,0.1097520289281747
2022-03-24,0.10954796656118082
2022-03-25,0.105981666900125
2022-03-28,0.10912966507032851
2022-03-29,0.10954625873072676
2022-03-30,0.10891590970103793
2022-03-31,0.10963201661771338
2022-04-01,0.10858861762334782
2022-04-04,0.10837643962789567
2022-04-05,0.10998588695207456
2022-04-06,0.10948807465279187
2022-04-07,0.10864774497023921
2022-04-08,0.10621305179212703
2022-04-11,0.10908190541258167
2022-04-12,0.2000297648070236
2022-04-13,0.19694567780262606
2022-04-14,0.2519568273318461
2022-04-18,0.2499605016788261
2022-04-19,0.2514370424937057
2022-04-20,0.250415009749287
2022-04-21,0.2589204123548322
2022-04-22,0.3199688308068299
2022-04-25,0.42664264154168363
2022-04-26,0.7289244501749566
2022-04-27,0.8466104352365147
2022-04-28,0.8977810086919464
2022-04-29,0.8995613391156825
2022-05-02,0.9008160030322216
2022-05-03,1.0
2022-05-04,1.0
2022-05-05,1.0
2022-05-06,1.0
2022-05-09,1.0
2022-05-10,1.0
2022-05-11,1.0
2022-05-12,1.0
2022-05-13,1.0
2022-05-16,1.0
2022-05-17,1.0
2022-05-18,1.0
2022-05-19,1.0
2022-05-20,1.0
2022-05-23,1.0
2022-05-24,1.0
2022-05-25,1.0
2022-05-26,1.0
2022-05-27,1.0
2022-05-31,1.0
2022-06-01,1.0
2022-06-02,1.0
2022-06-03,1.0
2022-06-06,1.0
2022-06-07,1.0
2022-06-08,1.0
2022-06-09,1.0
2022-06-10,1.0
2022-06-13,1.0
2022-06-14,1.0
2022-06-15,1.0
2022-06-16,1.0
2022-06-17,1.0
2022-06-21,1.0
2022-06-22,1.0
2022-06-23,1.0
2022-06-24,1.0
2022-06-27,1.0
2022-06-28,1.0
2022-06-29,1.0
2022-06-30,1.0
2022-07-01,1.0
2022-07-05,1.0
2022-07-06,1.0
2022-07-07,1.0
2022-07-08,1.0
2022-07-11,1.0
2022-07-12,1.0
2022-07-13,1.0
2022-07-14,1.0
2022-07-15,1.0
2022-07-18,1.0
2022-07-19,1.0
2022-07-20,1.0
2022-07-21,1.0
2022-07-22,1.0
2022-07-25,1.0
2022-07-26,1.0
2022-07-27,1.0
2022-07-28,1.0
2022-07-29,1.0
2022-08-01,1.0
2022-08-02,1.0
2022-08-03,1.0
2022-08-04,1.0
2022-08-05,1.0
2022-08-08,1.0
2022-08-09,1.0
2022-08-10,1.0
2022-08-11,1.0
2022-08-12,1.0
2022-08-15,1.0
2022-08-16,1.0
2022-08-17,1.0
2022-08-18,1.0
2022-08-19,1.0
2022-08-22,1.0
2022-08-23,1.0
2022-08-24,1.0
2022-08-25,1.0
2022-08-26,1.0
2022-08-29,1.0
2022-08-30,1.0
2022-08-31,1.0
2022-09-01,1.0
2022-09-02,1.0
2022-09-06,1.0
2022-09-07,1.0
2022-09-08,1.0
2022-09-09,1.0
2022-09-12,1.0
2022-09-13,1.0
2022-09-14,1.0
2022-09-15,1.0
2022-09-16,1.0
2022-09-19,1.0
2022-09-20,1.0
2022-09-21,1.0
2022-09-22,1.0
2022-09-23,1.0
2022-09-26,1.0
2022-09-27,1.0
2022-09-28,1.0
2022-09-29,1.0
2022-09-30,1.0
2022-10-03,1.0
2022-10-04,1.0
2022-10-05,1.0
2022-10-06,1.0
2022-10-07,1.0
2022-10-10,1.0
2022-10-11,1.0
2022-10-12,1.0
2022-10-13,1.0
2022-10-14,1.0
2022-10-17,1.0
2022-10-18,1.0
2022-10-19,1.0
2022-10-20,1.0
2022-10-21,1.0
2022-10-24,1.0
2022-10-25,1.0
2022-10-26,1.0
2022-10-27,1.0
2022-10-28,1.0
2022-10-31,1.0
2022-11-01,1.0
2022-11-02,1.0
2022-11-03,1.0
2022-11-04,1.0
2022-11-07,1.0
2022-11-08,1.0
2022-11-09,1.0
2022-11-10,1.0
2022-11-11,1.0
2022-11-14,1.0
2022-11-15,1.0
2022-11-16,1.0
2022-11-17,1.0
2022-11-18,1.0
2022-11-21,1.0
2022-11-22,1.0
2022-11-23,1.0
2022-11-25,1.0
2022-11-28,1.0
2022-11-29,1.0
2022-11-30,1.0
2022-12-01,0.7017705519962727
2022-12-02,0.30218873680410574
2022-12-05,0.00418649624167633
2022-12-06,0.0042062298462040015
2022-12-07,0.004233005411448887
2022-12-08,0.004197159472816403
2022-12-09,0.004234033198824649
2022-12-12,0.004197831464273438
2022-12-13,0.004161543619041308
2022-12-14,0.004194429414593248
2022-12-15,0.004280216270902026
2022-12-16,0.004296589377064897
2022-12-19,0.0990393929385901
2022-12-20,0.09780321218796861
2022-12-21,0.0962016097370928
2022-12-22,0.09703237610853876
2022-12-23,0.2856300073292173
2022-12-27,0.4826635657879892
2022-12-28,0.5868469914138261
2022-12-29,0.5851787870093701
2022-12-30,0.58854579591774
2023-01-03,0.5882333671518667
2023-01-04,0.5870624795583762
2023-01-05,0.7845402355813738
2023-01-06,0.7795257077090432
2023-01-09,0.7816773913871236
2023-01-10,0.7793701579190828
2023-01-11,0.779508878515637
2023-01-12,0.7785094969673532
2023-01-13,0.6745169604179708
2023-01-17,0.575728539610898
2023-01-18,0.4770050540540315
2023-01-19,0.477802380090675
2023-01-20,0.4757258713697945
2023-01-23,0.3748761636152024
2023-01-24,0.07478099367163016
2023-01-25,0.07391143377739373
2023-01-26,0.07316004104142604
2023-01-27,0.07357766552618417
2023-01-30,0.07389825155348961
2023-01-31,0.07293928693802776
2023-02-01,0.07247796323284939
2023-02-02,0.07295079907313384
2023-02-03,0.07253927731415877
2023-02-06,0.1323914053821792
2023-02-07,0.0324991573160317
2023-02-08,0.02710350132122985
2023-02-09,0.023020622166686988
2023-02-10,0.02253547652777299
2023-02-13,0.022239080883623474
2023-02-14,0.022175714412406844
2023-02-15,0.02214732123313823
2023-02-16,0.022347157394245976
2023-02-17,0.02250937301424738
2023-02-21,0.022734042796665688
2023-02-22,0.02297351733533226
2023-02-23,0.01930860160442749
2023-02-24,0.07596138479927605
2023-02-27,0.08372092558928923
2023-02-28,0.08351311971923259
2023-03-01,0.08303558599410088
2023-03-02,0.0755630241629941
2023-03-03,0.0681799173464055
2023-03-06,0.06846030620922061
2023-03-07,0.06901826354396967
2023-03-08,0.028338043640544597
2023-03-09,0.02912222156664135
2023-03-10,0.03004262431969118
2023-03-13,0.2300189968981159
2023-03-14,0.43153182465542594
2023-03-15,0.03282521497646296
2023-03-16,0.03198275715628551
2023-03-17,0.032487938333230604
2023-03-20,0.02539028959043632
2023-03-21,0.12309629494394714
2023-03-22,0.12550926069421042
2023-03-23,0.02545404542026175
2023-03-24,0.025552064374574468
2023-03-27,0.025444230711672566
2023-03-28,0.025623861019235306
2023-03-29,0.02509612031437114
2023-03-30,0.024901544046933788
2023-03-31,0.0245703606817389
2023-04-03,0.02462118362270782
2023-04-04,0.025220023252410018
2023-04-05,0.07812789348168114
2023-04-06,0.07913306049905544
2023-04-10,0.06838688476115107
2023-04-11,0.06814779030149498
2023-04-12,0.068596570924923
2023-04-13,0.17408559193710305
2023-04-14,0.07392428167825604
2023-04-17,0.07414222543667892
2023-04-18,0.07242688888082327
2023-04-19,0.07250272743532038
2023-04-20,0.17323463342048995
2023-04-21,0.17397689141931694
2023-04-24,0.17280972049768228
2023-04-25,0.07383196830484384
2023-04-26,0.06531353822726538
2023-04-27,0.007999417453810054
2023-04-28,0.00792247691081216
2023-05-01,0.007909993729064757
2023-05-02,0.007936896715668551
2023-05-03,0.007863652275297173
2023-05-04,0.007751516012689863
2023-05-05,0.07356605938459515
2023-05-08,0.07294942956877659
2023-05-09,0.05984177506608257
2023-05-10,0.05193582365123772
2023-05-11,0.0521288500940601
2023-05-12,0.052234151622822966
2023-05-15,0.05214066872588807
2023-05-16,0.052398435242125396
2023-05-17,0.05213677536672301
2023-05-18,0.05142053702091265
2023-05-19,0.05169722688544642
2023-05-22,0.051910467100823476
2023-05-23,0.05376408887823991
2023-05-24,0.09220820580659073
2023-05-25,0.09180974615856463
2023-05-26,0.0903626884360701
2023-05-30,0.0902238606062824
2023-05-31,0.09282116366842152
2023-06-01,0.09193555214670257
2023-06-02,0.090455427177911
2023-06-05,0.09044598281603167
2023-06-06,0.08914185630898452
2023-06-07,0.048636303946224424
2023-06-08,0.04858973236743469
2023-06-09,0.0483986585743188
2023-06-12,0.04788926093508605
2023-06-13,0.04774018947390479
2023-06-14,0.048057629829328485
2023-06-15,0.1019323251479789
2023-06-16,0.10234270407881074
2023-06-20,0.10251011333507387
2023-06-21,0.09779283323145549
2023-06-22,0.0975196091508902
2023-06-23,0.08846684522580928
2023-06-26,0.08888645519013694
2023-06-27,0.0876084250455631
2023-06-28,0.14296419666742666
2023-06-29,0.14166878408488104
2023-06-30,0.19452652485526778
2023-07-03,0.1960221879409796
2023-07-05,0.19801785628072244
2023-07-06,0.19189494347414093
2023-07-07,0.19247644332290803
2023-07-10,0.159416123218329
2023-07-11,0.15921529871415996
2023-07-12,0.15718482873132422
2023-07-13,0.10701247514028533
2023-07-14,0.10633631645692099
2023-07-17,0.15804461656154123
2023-07-18,0.15759627537104826
2023-07-19,0.1585763826579284
2023-07-20,0.16306999449834558
2023-07-21,0.16386375270604392
2023-07-24,0.1637490999981307
2023-07-25,0.16149876068267466
2023-07-26,0.1633104908287648
2023-07-27,0.20476739644756758
2023-07-28,0.19920267297568206
2023-07-31,0.19779131091064084
2023-08-01,0.24564765435972258
2023-08-02,0.24964548680090248
2023-08-03,0.25127891951926595
2023-08-04,0.25105548019079504
2023-08-07,0.24791107654105626
2023-08-08,0.24955238721386608
2023-08-09,0.20247203035288053
2023-08-10,0.1555501171642043
2023-08-11,0.15667634684943443
2023-08-14,0.14634113277935612
2023-08-15,0.14703393223772843
2023-08-16,0.14292498706166035
2023-08-17,0.14639469245082026
2023-08-18,0.06989748768866866
2023-08-21,0.06995504466357827
2023-08-22,0.06993094695299074
2023-08-23,0.06281171724663082
2023-08-24,0.06361021909559206
2023-08-25,0.0634255920170681
2023-08-28,0.062698853578817
2023-08-29,0.061733605583362494
2023-08-30,0.06185171049858984
2023-08-31,0.16644557008171856
2023-09-01,0.26627656049275594
2023-09-05,0.06784224773403913
2023-09-06,0.031110436452829404
2023-09-07,0.031135054938122186
2023-09-08,0.031225493201634258
2023-09-11,0.031139957681185826
2023-09-12,0.031456484985206146
2023-09-13,0.032010324250756006
2023-09-14,0.029628603238805673
2023-09-15,0.025494738480679735
2023-09-18,0.025502170665411605
2023-09-19,0.025519030144722676
2023-09-20,0.027578151549198404
2023-09-21,0.028178873548330263
2023-09-22,0.0828382590223633
2023-09-25,0.08197167943970085
2023-09-26,0.08302904622724327
2023-09-27,0.09342920044859204
2023-09-28,0.0962244548077783
2023-09-29,0.09763754333702213
2023-10-02,0.09852113979356147
2023-10-03,0.09941859470407322
2023-10-04,0.09931129542551465
2023-10-05,0.08959036231516082
2023-10-06,0.08832272790669271
2023-10-09,0.08802169807559268
2023-10-10,0.08729020717642666
2023-10-11,0.08669985274350434
2023-10-12,0.08760810160805288
2023-10-13,0.08794307556371173
2023-10-16,0.08700955475499428
2023-10-17,0.08630652784316317
2023-10-18,0.08684941645308042
2023-10-19,0.08116493427798555
2023-10-20,0.18436566351726025
2023-10-23,0.27697637177999435
2023-10-24,0.17502169910740695
2023-10-25,0.17859011209308162
2023-10-26,0.2814578863642835
2023-10-27,0.37767226176631286
2023-10-30,0.3751150249578479
2023-10-31,0.4718006837200227
2023-11-01,0.4670742891887619
2023-11-02,0.48093950933736784
2023-11-03,0.45737949492951757
2023-11-06,0.21759720029151108
2023-11-07,0.018644182636383344
2023-11-08,0.018787976742427492
2023-11-09,0.018940201546810864
2023-11-10,0.01864677753495969
2023-11-13,0.018444946048930433
2023-11-14,0.018032311708071735
2023-11-15,0.01813548881041782
2023-11-16,0.01841677866792979
2023-11-17,0.018117012319925574
2023-11-20,0.018015432512215268
2023-11-21,0.017968491123165786
2023-11-22,0.017871218087658347
2023-11-24,0.01773290810664485
2023-11-27,0.017714578593092556
2023-11-28,0.017905415059748298
2023-11-29,2.251736479719213e-06
2023-11-30,0.04758237157624545
2023-12-01,0.047086718265316185
2023-12-04,0.10410811736672143
2023-12-05,0.10464488942127659
2023-12-06,0.10527053387419916
2023-12-07,0.10459155089494387
2023-12-08,0.10387413894202802
2023-12-11,0.10282645631481535
2023-12-12,0.10253792492630665
2023-12-13,0.10197051702531701
2023-12-14,0.15868591137835908
2023-12-15,0.14354208128131873
2023-12-18,0.14216813781824789
2023-12-19,0.13967149142819213
2023-12-20,0.14145732431431302
2023-12-21,0.13922334592986985
2023-12-22,0.13885295195809466
2023-12-26,0.13838484205760138
2023-12-27,0.13857269154719987
2023-12-28,0.1405551840157636
2023-12-29,0.13228848430238405
2024-01-02,0.13334123439304435
2024-01-03,0.1350924731558324
2024-01-04,0.08913463688195777
2024-01-05,0.08130004324373608
2024-01-08,0.07953658241217476
2024-01-09,0.08006797141311017
2024-01-10,0.07975584487846932
2024-01-11,0.08000124430735356
2024-01-12,0.07814245943436715
2024-01-16,0.0779968362105673
2024-01-17,0.07807371267829177
2024-01-18,0.07751257005747414
2024-01-19,0.07638069589221663
2024-01-22,0.07451170923394324
2024-01-23,0.07478176129706593
2024-01-24,0.07457556524869291
2024-01-25,0.07491748020268374
2024-01-26,0.07425302885994434
2024-01-29,0.07337566937573148
2024-01-30,0.07326767269647971
2024-01-31,0.07543796367463873
2024-02-01,0.07457937648254342
2024-02-02,0.07459443873216387
2024-02-05,0.07536670234768572
2024-02-06,0.06056916867547946
2024-02-07,0.059979771074746724
2024-02-08,0.05109316167007005
2024-02-09,0.05044929199308734
2024-02-12,0.05019380408176599
2024-02-13,0.05103663240515732
2024-02-14,0.05069041576434463
2024-02-15,0.050065019975176206
2024-02-16,0.10146270446175487
2024-02-20,0.10345597862620359
2024-02-21,0.10439158779023916
2024-02-22,0.10141337714050147
2024-02-23,0.15307594254952517
2024-02-26,0.15143418553733867
2024-02-27,0.1510443641500514
2024-02-28,0.15058125882446993
2024-02-29,0.14866048480025607
2024-03-01,0.13496218980112829
2024-03-04,0.20067688939806072
2024-03-05,0.2012540432891612
2024-03-06,0.2018099444925826
2024-03-07,0.2016791904303188
2024-03-08,0.25641783281125896
2024-03-11,0.257776019281058
2024-03-12,0.25594407068778247
2024-03-13,0.2515742281329435
2024-03-14,0.252350964779851
2024-03-15,0.23965433275650372
2024-03-18,0.29021489987132865
2024-03-19,0.28945345204143713
2024-03-20,0.28324954914030553
2024-03-21,0.2791632775914824
2024-03-22,0.279550291572223
2024-03-25,0.2819438409713765
2024-03-26,0.28091162683731863
2024-03-27,0.2825546816907396
2024-03-28,0.2801641936875945
2024-04-01,0.27799435298236164
2024-04-02,0.2795328978016448
2024-04-03,0.2762293188845345
2024-04-04,0.28116430571772666
2024-04-05,0.24596223904604775
2024-04-08,0.24603489008301194
2024-04-09,0.23621133894464041
2024-04-10,0.23810016582842086
2024-04-11,0.2374964156884718
2024-04-12,0.24046541748801809
2024-04-15,0.24269762639338943
2024-04-16,0.1907698902766659
2024-04-17,0.2878553914777683
2024-04-18,0.2549678327677518
2024-04-19,0.15485465312508262
2024-04-22,0.15306560133228353
2024-04-23,0.1504486817128976
2024-04-24,0.1509389792706014
2024-04-25,0.15078133055230547
2024-04-26,0.1491002880804051
2024-04-29,0.14865995901531237
2024-04-30,0.15017418973822083
2024-05-01,0.1999092675872286
2024-05-02,0.19678980960249248
2024-05-03,0.19375742144061692
2024-05-06,0.1914791749172613
2024-05-07,0.24581517544146292
2024-05-08,0.29450323871842676
2024-05-09,0.2936821412951607
2024-05-10,0.19607054235040566
2024-05-13,0.2557986254603749
2024-05-14,0.1548405079279731
2024-05-15,0.1525269410472886
2024-05-16,0.15352125861781374
2024-05-17,0.15384570127979247
2024-05-20,0.15378284120812824
2024-05-21,0.15313338651893738
2024-05-22,0.15526067625456585
2024-05-23,0.10725501716156771
2024-05-24,0.09910222441912098
2024-05-28,0.15662982096184797
2024-05-29,0.15680183913761125
2024-05-30,0.15621796108436803
2024-05-31,0.15933165341936406
2024-06-03,0.1604616618777852
2024-06-04,0.16342758899227738
2024-06-05,0.1448037355511541
2024-06-06,0.1465784547238882
2024-06-07,0.14719133807218987
2024-06-10,0.07027176539299995
2024-06-11,0.070923582957781
2024-06-12,0.06992191384631385
2024-06-13,0.07038790891487734
2024-06-14,0.07150850783922513
2024-06-17,0.08384438949534168
2024-06-18,0.0844347034346763
2024-06-20,0.07431823317187392
2024-06-21,0.07418501987990178
2024-06-24,0.07381571705153889
2024-06-25,0.07326430903894565
2024-06-26,0.07308205473625617
2024-06-27,0.072694582927336
2024-06-28,0.07253159554852218
2024-07-01,0.07216972772835661
2024-07-02,0.07206311669778709
2024-07-03,0.06850980508223137
2024-07-05,0.06860997650328426
2024-07-08,0.06840269978278901
2024-07-09,0.06979394433372843
2024-07-10,0.07022759478600937
2024-07-11,0.06742624460828195
2024-07-12,0.06714687520100082
2024-07-15,0.25376969379599723
2024-07-16,0.15283934070209582
2024-07-17,0.15958565720025086
2024-07-18,0.05306942812212512
2024-07-19,0.04978546123180305
2024-07-22,0.048742892942938765
2024-07-23,0.04736091785691754
2024-07-24,0.04863847016646139
2024-07-25,0.04801373170378265
2024-07-26,0.042304377339494215
2024-07-29,0.04280522055941627
2024-07-30,0.0430412274448464
2024-07-31,0.042510549535015985
2024-08-01,0.04389340444845358
2024-08-02,0.06365345191668448
2024-08-05,0.06275748259055314
2024-08-06,0.062198640228731894
2024-08-07,0.06156284188790628
2024-08-08,0.06050799777266547
2024-08-09,0.0604313429878941
2024-08-12,0.0706223377241797
2024-08-13,0.0695446021180518
2024-08-14,0.07602069394825683
2024-08-15,0.07476023241675811
2024-08-16,0.07427143153164983
2024-08-19,0.07970192665104303
2024-08-20,0.08024591034697648
2024-08-21,0.0794402372459938
2024-08-22,0.07976377337427143
2024-08-23,0.07785024648813377
2024-08-26,0.0780475932343212
2024-08-27,0.07771924570806743
2024-08-28,0.07799643320310734
2024-08-29,0.07809450233960136
2024-08-30,0.07728351490210328
2024-09-03,0.07919853661610976
2024-09-04,0.0793488779096122
2024-09-05,0.08004870247397089
2024-09-06,0.07416234276722056
2024-09-09,0.07689719514798488
2024-09-10,0.0762973782036328
2024-09-11,0.07638288358272627
2024-09-12,0.07530321627461656
2024-09-13,0.07412769515648687
2024-09-16,0.07357733958347401
2024-09-17,0.07385370171421957
2024-09-18,0.07418821693912847
2024-09-19,0.07380951169196481
2024-09-20,0.06574011420939763
2024-09-23,0.06508376879519695
2024-09-24,0.06492196636513026
2024-09-25,0.06535000649192668
2024-09-26,0.06624948743207704
2024-09-27,0.0646546828763831
2024-09-30,0.06407374727105053
2024-10-01,0.06417944019913135
2024-10-02,0.06414684148869287
2024-10-03,0.06436232705663136
2024-10-04,0.06435084765668009
2024-10-07,0.06138926045324822
2024-10-08,0.06155789662076616
2024-10-09,0.0612814625207424
2024-10-10,0.061557622766639564
2024-10-11,0.060102604978061414
2024-10-14,0.06084711330568404
2024-10-15,0.06005936318786165
2024-10-16,0.05935867276517304
2024-10-17,0.11342299368560027
2024-10-18,0.013826993828204404
2024-10-21,0.014293462730278872
2024-10-22,0.014416879813944017
2024-10-23,0.006398377485739015
2024-10-24,0.006334209878193442
2024-10-25,0.0063494473808785035
2024-10-28,0.006255203864772518
2024-10-29,0.06996742941401057
2024-10-30,0.06987461735951972
2024-10-31,0.12478142814304527
2024-11-01,0.1248701928927527
2024-11-04,0.1138973302329902
2024-11-05,0.10411943594497808
2024-11-06,0.09797094750561186
2024-11-07,0.14177698648595738
2024-11-08,0.13302312332462152
2024-11-11,0.13194675426586744
2024-11-12,0.1351393514206436
2024-11-13,0.1379465002915815
2024-11-14,0.1949151144927126
2024-11-15,0.18173307686411844
2024-11-18,0.1801534651487665
2024-11-19,0.17777547012543116
2024-11-20,0.1812213821111599
2024-11-21,0.1754063924046374
2024-11-22,0.1727913874615541
2024-11-25,0.17326984339835416
2024-11-26,0.17500924275993546
2024-11-27,0.17647714771257483
2024-11-29,0.22107199263305277
2024-12-02,0.12302284077808667
2024-12-03,0.12237361851344775
2024-12-04,0.12255802732318133
2024-12-05,0.12225962595290185
2024-12-06,0.12220874268601334
2024-12-09,0.12570424618220633
2024-12-10,0.12670022769974099
2024-12-11,0.12528844542825535
2024-12-12,0.12336463397015074
2024-12-13,0.186975324607898
2024-12-16,0.18576003521467765
2024-12-17,0.18910740031863493
2024-12-18,0.1930959339074778
2024-12-19,0.4186011386252886
2024-12-20,0.11696592599423439
2024-12-23,0.11755008945633383
2024-12-24,0.11624380788866251
2024-12-26,0.11548516903197914
2024-12-27,0.11736638722302284
2024-12-30,0.1187198977752274
2024-12-31,0.12036269686526557
2025-01-02,0.12047418813808075
2025-01-03,0.11786241780518925
2025-01-06,0.11879308977396763
2025-01-07,0.12128488251551606
2025-01-08,0.0998737199060189
2025-01-10,0.1020102133879841
2025-01-13,0.05915070877785267
2025-01-14,0.05882959063318438
2025-01-15,0.0597357488379322
2025-01-16,0.059395793114419004
2025-01-17,0.05877278249951434
2025-01-21,0.05753599525076847
2025-01-22,0.05732972220748056
2025-01-23,0.0567510952229181
2025-01-24,0.05658333934513016
2025-01-27,0.05855585056284551
2025-01-28,0.017896155504991795
2025-01-29,0.01769221459568382
2025-01-30,0.017500901837222083
2025-01-31,0.017802248036131174
2025-02-03,0.07608058383462601
2025-02-04,0.07587648188196505
2025-02-05,0.07483950380147886
2025-02-06,0.07491867895239668
2025-02-07,0.07586456771512606
2025-02-10,0.07548833247575304
2025-02-11,0.0756357809622148
2025-02-12,0.07563265911565942
2025-02-13,0.07564961247762769
2025-02-14,0.11976642912367985
2025-02-18,0.11947893155123779
2025-02-19,0.1724124292662157
2025-02-20,0.2265940245025988
2025-02-21,0.19106192278758927
2025-02-24,0.13540455620473157
2025-02-25,0.13383580408618245
2025-02-26,0.13381613132875436
2025-02-27,0.1353734478627433
2025-02-28,0.1273069648817049
2025-03-03,0.12938548473350375
2025-03-04,0.08510033252638993
2025-03-05,0.07750159496400955
2025-03-06,0.028981452318254664
2025-03-07,0.025726474684485634
2025-03-10,0.01812111530616578
2025-03-11,0.07157537743517106
2025-03-12,0.17419284087979425
2025-03-13,0.27848535021316123
2025-03-14,0.2755074393381105
2025-03-17,0.2728385845967687
2025-03-18,0.2748123777792798
2025-03-19,0.377169918560857
2025-03-20,0.3770707091854386
2025-03-21,0.3778958880034815
2025-03-24,0.37351323995705643
2025-03-25,0.07421026219978577
2025-03-26,0.07437111630705961
2025-03-27,0.07486729035531292
2025-03-28,0.16798810782646867
2025-03-31,0.1671755032876151
2025-04-01,0.16634661125645056
2025-04-02,0.16526760576774535
2025-04-03,0.168622646225987
2025-04-04,0.3731757378889845
2025-04-07,0.791436757103046
2025-04-08,0.7915356071004611
2025-04-09,0.7888704836923958
2025-04-10,0.7898898411464742
2025-04-11,0.7887710798463949
2025-04-14,0.785232959769864
2025-04-15,0.7848811741774925
2025-04-16,1.0
2025-04-17,1.0
2025-04-21,1.0
2025-04-22,1.0
2025-04-23,1.0
2025-04-24,1.0
2025-04-25,1.0
2025-04-28,1.0
2025-04-29,1.0
2025-04-30,1.0
2025-05-01,1.0
2025-05-02,1.0
2025-05-05,1.0
2025-05-06,1.0
2025-05-07,1.0
2025-05-08,1.0
2025-05-09,1.0
2025-05-12,1.0
2025-05-13,0.9001350640615965
2025-05-14,0.6014422478448661
2025-05-15,0.20168859319964894
2025-05-16,0.0029931601566509647
2025-05-19,0.0029612613927982867
2025-05-20,0.0029611960837366835
2025-05-21,0.0029765205278671214
2025-05-22,0.002989751990394751
2025-05-23,0.0029653930044828414
2025-05-27,0.0029297655269201472
2025-05-28,0.0029579731308361223
2025-05-29,0.00295957775567246
2025-05-30,0.0028994871509786524
2025-06-02,0.002881140739846133
2025-06-03,0.002914142500963335
2025-06-04,0.002954495182277417
2025-06-05,0.0029654724991285963
2025-06-06,0.0965566427447263
2025-06-09,0.09756112588273036
2025-06-10,0.09211648065284161
2025-06-11,0.09052948647223202
2025-06-12,0.08361848266572558
2025-06-13,0.08463343678433854
2025-06-16,0.08355467784226522
2025-06-17,0.08428040721141794
2025-06-18,0.084747222144402
2025-06-20,0.0845964949410064
2025-06-23,0.08064791925658965
2025-06-24,0.07946487264430413
2025-06-25,0.08076615910427454
2025-06-26,0.07628715613398973
2025-06-27,0.07598239128727835
2025-06-30,0.07500092603233754
2025-07-01,0.07646642527589476
2025-07-02,0.0721640436975618
2025-07-03,0.03366216660422294
2025-07-07,0.034021382403976674
2025-07-08,0.028629086043744145
2025-07-09,0.028644162467301948
2025-07-10,0.028841602426013746
2025-07-11,0.028614991607011198
2025-07-14,0.028444445573047927
2025-07-15,0.01903116181327036
2025-07-16,0.010887670927763993
2025-07-17,0.010786067034410207
2025-07-18,0.01051183126671007
2025-07-21,0.010650886757842981
2025-07-22,0.010697917360895315
2025-07-23,0.010409789660831503
2025-07-24,0.010497130603951743
2025-07-25,0.010408365410230602
2025-07-28,0.06280338341211544
2025-07-29,0.06313413215430352
2025-07-30,0.12360835004886539
2025-07-31,0.1241451882914858
2025-08-01,0.12542149349565457
2025-08-04,0.12298729917021012
2025-08-05,0.12418266002910938
2025-08-06,0.1264621392697698
2025-08-07,0.0736248189067662
2025-08-08,0.07130671747068384
2025-08-11,0.07125965269430345
2025-08-12,0.0698341924624396
2025-08-13,0.06899018976473958
2025-08-14,0.06956784091220458
2025-08-15,0.0704858412402185
2025-08-18,0.07013721350972779
2025-08-19,0.07146253632606048
2025-08-20,0.07168037144484107
2025-08-21,0.07181688402545328
2025-08-22,0.07054182958278465
2025-08-25,0.07063027864239968
2025-08-26,0.0662544571689695
2025-08-27,0.06558126470613246
2025-08-28,0.06515417186750316
2025-08-29,0.06646505747486264
2025-09-02,0.06701260807887499
2025-09-03,0.06716333788737838
2025-09-04,0.06609229583819243
2025-09-05,0.12380828171777758
2025-09-08,0.12369205310954734
2025-09-09,0.12393908038128776
2025-09-10,0.10996813704345454
2025-09-11,0.10753890461263715
2025-09-12,0.10889436585985879
2025-09-15,0.10600755079851931
2025-09-16,0.10563980236740522
2025-09-17,0.10588474660272207
2025-09-18,0.1038794590000871
2025-09-19,0.10400547889987988
2025-09-22,0.10312185382080297
2025-09-23,0.15272351607719004
2025-09-24,0.2077501890088097
2025-09-25,0.20881810794940803
2025-09-26,0.2067067438669712
2025-09-29,0.20589586633800327
2025-09-30,0.20349011179821408
2025-10-01,0.20201585654576937
2025-10-02,0.18610070731777606
2025-10-03,0.1855413227562941
2025-10-06,0.1847561006109676
2025-10-07,0.1872732845063868
2025-10-08,0.18223275030923602
2025-10-09,0.1846146113203524
2025-10-10,0.19171908470384003
2025-10-13,0.17806876209226452
2025-10-14,0.17822459087967435
2025-10-15,0.1771013648987252
2025-10-16,0.17668130927711245
2025-10-17,0.17909105068948794
2025-10-20,0.17719571314400762
2025-10-21,0.22924692379582245
2025-10-22,0.1901850877049227
2025-10-23,0.18486573561788588
2025-10-24,0.1809701632743448
2025-10-27,0.18052645580152094
2025-10-28,0.18067245123071907
2025-10-29,0.17737622080875215
2025-10-30,0.23061275795367975
2025-10-31,0.280821572871073
2025-11-03,0.2680682540631435
2025-11-04,0.27225949984146836
2025-11-05,0.26725716399398036
2025-11-06,0.24078439213937142
2025-11-07,0.24224614357095386
2025-11-10,0.23867839393707235
2025-11-11,0.2409460726202689
2025-11-12,0.24151133505566624
2025-11-13,0.2505586086071441
2025-11-14,0.24129298288209677
2025-11-17,0.24294471636508175
2025-11-18,0.19192877681885512
2025-11-19,0.18852559674057512
2025-11-20,0.1964878581574323
2025-11-21,0.1498319916910087
2025-11-24,0.145307673272283
2025-11-25,0.1422005007196615
2025-11-26,0.1408436273096746
2025-11-28,0.14052001555107896
2025-12-01,0.14190822353378785
2025-12-02,0.14219063597970016
2025-12-03,0.20112971116595313
2025-12-04,0.1995357851006342
2025-12-05,0.19942659490577097
2025-12-08,0.18807543940668925
2025-12-09,0.18859454387957786
2025-12-10,0.18484214727807124
2025-12-11,0.18239906872323997
2025-12-12,0.23764926359367888
2025-12-15,0.23840993991102155
2025-12-16,0.22753951888674062
2025-12-17,0.2323732022939322
2025-12-18,0.18758879974932818
2025-12-19,0.1829299401946699
2025-12-22,0.18236771280142638
2025-12-23,0.18190414155825851
2025-12-24,0.18219135849857648
2025-12-26,0.1824977460774838
2025-12-29,0.18324518479084928
2025-12-30,0.18345199876450313
2025-12-31,0.18570678026712695
2026-01-02,0.1799645232270779
2026-01-05,0.1746743991804851
2026-01-06,0.16904222698484583
2026-01-07,0.1579957720616626
2026-01-08,0.1621143633505595
2026-01-09,0.2314662127310877
2026-01-12,0.2280297646713484
2026-01-13,0.2256437842447152
2026-01-14,0.22918670728046198
2026-01-15,0.2250420575672626
2026-01-16,0.2235998026457222
2026-01-20,0.22268681512128385
2026-01-21,0.21674642411044143
2026-01-22,0.21496389212065514
2026-01-23,0.21648253790034078
2026-01-26,0.19904838943824976
2026-01-27,0.1955148368613715
2026-01-28,0.28993464982993555
2026-01-29,0.2948062422347628
2026-01-30,0.35772192626213095
2026-02-02,0.35303588122294793
2026-02-03,0.34994298683253555
2026-02-04,0.3592371255281175
2026-02-05,0.312139456293952
2026-02-06,0.2515231287891262
2026-02-09,0.2513292951711077
2026-02-10,0.25624234654360634
2026-02-11,0.2532383112997827
2026-02-12,0.252798764119591
2026-02-13,0.2526925270097169
2026-02-17,0.20206841713274493
2026-02-18,0.19769689962881998
2026-02-19,0.1978731436818243
2026-02-20,0.19394812583546972
2026-02-23,0.1949767284002989
2026-02-24,0.19396062209050002
2026-02-25,0.19111114528027617
2026-02-26,0.19618753881086093
2026-02-27,0.17982033170937362
2026-03-02,0.16961426515598588
2026-03-03,0.178736033438345
2026-03-04,0.16711569541477367
2026-03-05,0.17420302685334266
2026-03-06,0.17374942465884968
2026-03-09,0.11151773462186687
2026-03-10,0.11034688462082587
2026-03-11,0.10921474652030183
2026-03-12,0.11128837617022191
2026-03-13,0.1111294091550733
2026-03-16,0.09040557997485521
2026-03-17,0.08963609827492436
2026-03-18,0.08844985315627585
2026-03-19,0.08653315828680197
2026-03-20,0.08889245886909669
2026-03-23,0.14771850517230112
2026-03-24,0.14354188829279835
2026-03-25,0.14257765289918556
2026-03-26,0.2440196811715004
2026-03-27,0.3127272728938154
2026-03-30,0.3217561252958847
2026-03-31,0.4346725801803021
2026-04-01,0.4328358932972217
2026-04-02,0.4807537091144817
2026-04-06,0.4834487201128419
2026-04-07,0.47646728601555555
2026-04-08,0.5643662151580149
2026-04-09,0.5678061251105913
2026-04-10,0.6657323180073771
2026-04-13,0.6675537232802488
2026-04-14,0.6740988221763716
2026-04-15,0.6742044244778207
2026-04-16,0.6667017435162887
2026-04-17,0.6661884777160046
2026-04-20,0.6662959767292471
2026-04-21,0.6643975554615399
2026-04-22,0.5642872932067751
2026-04-23,0.5588904730904287
2026-04-24,0.5571681510171567
2026-04-27,0.4559078861287137
2026-04-28,0.1606658810640147
2026-04-29,0.06025589690676347
2026-04-30,0.05711064124638976
2026-05-01,0.05654903193726668
2026-05-04,0.057112516999615504
2026-05-05,0.05625235492895264
2026-05-06,0.05528226438362904
2026-05-07,0.056405107173048474
2026-05-08,0.05581216860727145
2026-05-11,0.0032674577110300973
2026-05-12,0.003322643105861278
2026-05-13,0.0032859342732184382
2026-05-14,0.08829123618884327
2026-05-15,0.09082409418639015
2026-05-18,0.09287010341373991
2026-05-19,0.07847133112657478
2026-05-20,0.10183387354290063
2026-05-21,0.09402362496341554
2026-05-22,0.09341654592837545
2026-05-26,0.09142871563682076
2026-05-27,0.09256233887369969
2026-05-28,0.08092974228754424
2026-05-29,0.06745936459743784
2026-06-01,0.06848064384604091
2026-06-02,0.1186561372776117
2026-06-03,0.11862111576390122
2026-06-04,0.11910693888684265
2026-06-05,0.1279149947610978
2026-06-08,0.13220712225610387
2026-06-09,0.13397589576423607
2026-06-10,0.05495458758346894
2026-06-11,0.05148704030764417
2026-06-12,0.05020889116650984
2026-06-15,0.049013703665264696
2026-06-16,0.05099915250004006
2026-06-17,0.051084579049705536
2026-06-18,0.04859134410523036
2026-06-22,0.04750971804016213
2026-06-23,0.11234302435072607
2026-06-24,0.11178077670679032
2026-06-25,0.10895883563394693
2026-06-26,0.11263849518715774
2026-06-29,0.10913280481333187
2026-06-30,0.1061716622363168
2026-07-01,0.11107380352216123
2026-07-02,0.12001851975263522
2026-07-06,0.12212816492365319
2026-07-07,0.12712488561168978
2026-07-08,0.0723853036633445
2026-07-09,0.07061299665459153
2026-07-10,0.07019990453923752
2026-07-13,0.07138950237750064
2026-07-14,0.07081810198632299
2026-07-15,0.07186790152643763
2026-07-16,0.07271358723576093
2026-07-17,0.12385995137187178
2026-07-20,0.12141499267914635
2026-07-21,0.021229152384570904
2026-07-22,0.021309973537595228
2026-07-23,0.0215596208715938
2026-07-24,0.07541343045072624
2026-07-27,0.07556418887184913
2026-07-28,0.0747349970994371
2026-07-29,0.07551005955599643
2026-07-30,0.07378833543022567
2026-07-31,0.07437595641214012
2026-08-03,0.07426197554098546
2026-08-04,0.07390886453488699
2026-08-05,0.07403054626123806
2026-08-06,0.07474244490902782
2026-08-07,0.07517627084823664
2026-08-10,0.07559123271636214
2026-08-11,0.07695996193157051
2026-08-12,0.07709932417896115
2026-08-13,0.0771295629954265
2026-08-14,0.06704312580086003
2026-08-17,0.06697659208315265
2026-08-18,0.06724916684986582
2026-08-19,0.06490283850957668
2026-08-20,0.07558351459221624
2026-08-21,0.0827489480313347
2026-08-24,0.08285688811997327
2026-08-25,0.08736283042601256
