date,cash_fraction
2007-01-03,1.0
2007-01-04,0.501107621240195
2007-01-05,0.5054948840000651
2007-01-08,0.5040221494838724
2007-01-09,0.503403719384049
2007-01-10,0.5020641186721106
2007-01-11,0.4986830244750453
2007-01-12,0.4979911441045768
2007-01-16,0.4985513498539128
2007-01-17,0.4985444310412931
2007-01-18,0.5035604057350046
2007-01-19,0.4936267030939161
2007-01-22,0.4946346230163208
2007-01-23,0.49452217812900345
2007-01-24,0.49343565786181687
2007-01-25,0.49562351215949985
2007-01-26,0.4956131110675779
2007-01-29,0.4914175181831302
2007-01-30,0.4901275477643622
2007-01-31,0.4885528925024354
2007-02-01,0.4863004351678042
2007-02-02,0.485099053030289
2007-02-05,0.4852641930728576
2007-02-06,0.4827933282860265
2007-02-07,0.48288066912417604
2007-02-08,0.4833971630063453
2007-02-09,0.4858742061439969
2007-02-12,0.4859991659548044
2007-02-13,0.48687501489830687
2007-02-14,0.48403010913148614
2007-02-15,0.48433786367759457
2007-02-16,0.48545823805593535
2007-02-20,0.4839144109772572
2007-02-21,0.48609098186482047
2007-02-22,0.485599884108996
2007-02-23,0.48517642161673136
2007-02-26,0.48869396853941505
2007-02-27,0.49203657441196225
2007-02-28,0.49207178847912314
2007-03-01,0.45828117286420567
2007-03-02,0.46281893419258135
2007-03-05,0.46914856621194845
2007-03-06,0.46300198177580487
2007-03-07,0.4305652565374213
2007-03-08,0.4269695446692776
2007-03-09,0.427767504894654
2007-03-12,0.40353814261269616
2007-03-13,0.40896255885462574
2007-03-14,0.4088321670051014
2007-03-15,0.40726476274855583
2007-03-16,0.40843272999067637
2007-03-19,0.40562247283120745
2007-03-20,0.40008538269193183
2007-03-21,0.397088092856684
2007-03-22,0.3962368957227559
2007-03-23,0.3950795881329644
2007-03-26,0.36600159786900033
2007-03-27,0.3685157165013253
2007-03-28,0.3379361278323971
2007-03-29,0.3185198134439664
2007-03-30,0.31825590668116854
2007-04-02,0.3157749916701531
2007-04-03,0.3130795817766008
2007-04-04,0.31419640165365137
2007-04-05,0.3120717716724537
2007-04-09,0.31152816408290396
2007-04-10,0.3112947182807132
2007-04-11,0.3136163695317049
2007-04-12,0.31117847106790264
2007-04-13,0.3105188485302708
2007-04-16,0.30957048718823243
2007-04-17,0.31047284874437187
2007-04-18,0.3104326797810312
2007-04-19,0.31098342250765487
2007-04-20,0.3098514756616251
2007-04-23,0.309704403599368
2007-04-24,0.3119093419936366
2007-04-25,0.307159163263681
2007-04-26,0.30715887328114666
2007-04-27,0.3605461678730232
2007-04-30,0.36060504992511555
2007-05-01,0.360044021757295
2007-05-02,0.35723791117605874
2007-05-03,0.3583274649863466
2007-05-04,0.35546613237122193
2007-05-07,0.3548625190883562
2007-05-08,0.3539122477605009
2007-05-09,0.323545333598222
2007-05-10,0.30525973016680674
2007-05-11,0.30314510129844874
2007-05-14,0.36052403870859717
2007-05-15,0.36069645208450996
2007-05-16,0.3592285317533097
2007-05-17,0.35825190512604366
2007-05-18,0.3578299428519722
2007-05-21,0.35461504766537477
2007-05-22,0.3553749707408448
2007-05-23,0.3572635985456466
2007-05-24,0.398857249710033
2007-05-25,0.447398075420822
2007-05-29,0.44709405628406595
2007-05-30,0.44532884702077247
2007-05-31,0.4417534131925791
2007-06-01,0.40857201037203805
2007-06-04,0.4081414769613436
2007-06-05,0.3891037599948509
2007-06-06,0.3920078273270353
2007-06-07,0.3986930209969093
2007-06-08,0.41268804895561695
2007-06-11,0.41360497793974516
2007-06-12,0.41622078028946485
2007-06-13,0.3894704647823034
2007-06-14,0.38802326111070384
2007-06-15,0.3837979306195002
2007-06-18,0.38170412456054337
2007-06-19,0.3817591170639022
2007-06-20,0.3835536058239746
2007-06-21,0.3817409384843832
2007-06-22,0.3841117934893392
2007-06-25,0.3863983618612573
2007-06-26,0.3859618252899579
2007-06-27,0.38142762055978285
2007-06-28,0.382556187637357
2007-06-29,0.3839530580100827
2007-07-02,0.3782074728070318
2007-07-03,0.3783955401314426
2007-07-05,0.3775311902548162
2007-07-06,0.3749357427776633
2007-07-09,0.372573820117197
2007-07-10,0.43698646787103057
2007-07-11,0.4332153254075626
2007-07-12,0.42774002807389944
2007-07-13,0.4277318249566203
2007-07-16,0.42812813542766204
2007-07-17,0.4298496187361127
2007-07-18,0.4297221784144194
2007-07-19,0.43133089357291143
2007-07-20,0.430516809619336
2007-07-23,0.49847257978690873
2007-07-24,0.5045549007100614
2007-07-25,0.5062599730061366
2007-07-26,0.5114382273334226
2007-07-27,0.7059474986373262
2007-07-30,0.5019369762128825
2007-07-31,0.5036821006484633
2007-08-01,0.504569019138744
2007-08-02,0.5031037182220433
2007-08-03,0.5115688890428779
2007-08-06,0.6163269714202172
2007-08-07,0.5159508080434014
2007-08-08,0.5150922213635237
2007-08-09,0.5208615669604266
2007-08-10,0.5007311700504322
2007-08-13,0.5061744169232498
2007-08-14,0.5106889981582052
2007-08-15,0.655163835368663
2007-08-16,0.7516591858932212
2007-08-17,0.7928261436678209
2007-08-20,0.6422439059337316
2007-08-21,0.693661659048845
2007-08-22,0.49288232882653127
2007-08-23,0.4966936616771018
2007-08-24,0.49594550409365956
2007-08-27,0.5424888982383862
2007-08-28,0.49940752812416933
2007-08-29,0.5439453115390058
2007-08-30,0.4930554550864622
2007-08-31,0.48832451138217947
2007-09-04,0.48537393540857154
2007-09-05,0.4862137374279756
2007-09-06,0.48287428966799106
2007-09-07,0.48905190537797905
2007-09-10,0.4608524505618048
2007-09-11,0.43605335007544954
2007-09-12,0.4359687533799378
2007-09-13,0.4350126969468502
2007-09-14,0.43300970776504333
2007-09-17,0.4337253744677877
2007-09-18,0.42351807585590195
2007-09-19,0.42011994398265595
2007-09-20,0.42077298430085297
2007-09-21,0.41905593083256854
2007-09-24,0.479142256805999
2007-09-25,0.47822820800079713
2007-09-26,0.4774033557845673
2007-09-27,0.48048110724209836
2007-09-28,0.48226793088543507
2007-10-01,0.4760821132348362
2007-10-02,0.47863450925059303
2007-10-03,0.48143138161985966
2007-10-04,0.45176392402003174
2007-10-05,0.4438132047675798
2007-10-08,0.4445018545050238
2007-10-09,0.44036554904532155
2007-10-10,0.4363198929173351
2007-10-11,0.43984447990616005
2007-10-12,0.4341032734740301
2007-10-15,0.43217838427190813
2007-10-16,0.459571517687682
2007-10-17,0.4572785059392105
2007-10-18,0.4569227758504678
2007-10-19,0.46419162276245485
2007-10-22,0.4623281190408369
2007-10-23,0.45818312694827756
2007-10-24,0.45903691904981203
2007-10-25,0.45900869874243144
2007-10-26,0.45517913918103137
2007-10-29,0.46261966319087733
2007-10-30,0.46557516339704474
2007-10-31,0.46146264567273
2007-11-01,0.4706760427498726
2007-11-02,0.5260077347341736
2007-11-05,0.5106410585157302
2007-11-06,0.474597613708712
2007-11-07,0.4668272628024971
2007-11-08,0.4657906350579183
2007-11-09,0.4996067765649961
2007-11-12,0.507594249656218
2007-11-13,0.7013361949462906
2007-11-14,0.5029260178606327
2007-11-15,0.5054089522926186
2007-11-16,0.5046432315407585
2007-11-19,0.5561404625733195
2007-11-20,0.5555397823176218
2007-11-21,0.5845219412942726
2007-11-23,0.605114706384977
2007-11-26,0.6055170539258676
2007-11-27,0.6029263892870733
2007-11-28,0.5952832488815697
2007-11-29,0.596334382917145
2007-11-30,0.5976347006079474
2007-12-03,0.548520985896042
2007-12-04,0.449339135180979
2007-12-05,0.44668590601056557
2007-12-06,0.44094341056829844
2007-12-07,0.4416413590111635
2007-12-10,0.43906679159033
2007-12-11,0.44502776283700807
2007-12-12,0.4473935608360097
2007-12-13,0.43799147863451604
2007-12-14,0.43544262158236746
2007-12-17,0.5159490437467565
2007-12-18,0.5136995966779228
2007-12-19,0.5129245406887031
2007-12-20,0.5070579475318893
2007-12-21,0.5029678484907105
2007-12-24,0.4488690241501899
2007-12-26,0.41705135082413225
2007-12-27,0.42292813317939715
2007-12-28,0.420313370055599
2007-12-31,0.4231160532806809
2008-01-02,0.39470063461866334
2008-01-03,0.4392471506110831
2008-01-04,0.4909718439695745
2008-01-07,0.5726003965563706
2008-01-08,0.6228090091844937
2008-01-09,0.7493871064346607
2008-01-10,0.7463975921740309
2008-01-11,0.7450498001259493
2008-01-14,0.7407680171043332
2008-01-15,0.7461536002151358
2008-01-16,0.7525098127481769
2008-01-17,0.7621579315597428
2008-01-18,0.9180743440533223
2008-01-22,0.9664550892380581
2008-01-23,0.9660380383216506
2008-01-24,0.9668103103650572
2008-01-25,0.9676016114372852
2008-01-28,0.9664639684474825
2008-01-29,0.9664107057963589
2008-01-30,0.9668725004023666
2008-01-31,0.9659759555811515
2008-02-01,0.9652670024278043
2008-02-04,0.9645414041969929
2008-02-05,0.965878415525194
2008-02-06,0.9663485751489745
2008-02-07,0.966242084535376
2008-02-08,0.9663840783651977
2008-02-11,0.966321951141417
2008-02-12,0.9638433821682432
2008-02-13,0.9631992731304383
2008-02-14,0.9630317705846163
2008-02-15,0.9633580149272382
2008-02-19,0.9632698200761923
2008-02-20,0.9656568003670655
2008-02-21,0.9660114314223969
2008-02-22,0.9662864524898486
2008-02-25,0.9650545210494025
2008-02-26,0.9650456677190512
2008-02-27,0.9636668308605056
2008-02-28,0.9641171699695129
2008-02-29,0.9651076309351223
2008-03-03,0.9652315812413673
2008-03-04,0.9652492915096282
2008-03-05,0.9648509760421615
2008-03-06,0.9658695470717799
2008-03-07,1.0
2008-03-10,1.0
2008-03-11,1.0
2008-03-12,1.0
2008-03-13,1.0
2008-03-14,1.0
2008-03-17,1.0
2008-03-18,1.0
2008-03-19,1.0
2008-03-20,1.0
2008-03-24,1.0
2008-03-25,1.0
2008-03-26,1.0
2008-03-27,1.0
2008-03-28,1.0
2008-03-31,1.0
2008-04-01,1.0
2008-04-02,1.0
2008-04-03,1.0
2008-04-04,1.0
2008-04-07,1.0
2008-04-08,1.0
2008-04-09,1.0
2008-04-10,1.0
2008-04-11,1.0
2008-04-14,1.0
2008-04-15,1.0
2008-04-16,1.0
2008-04-17,1.0
2008-04-18,1.0
2008-04-21,1.0
2008-04-22,1.0
2008-04-23,1.0
2008-04-24,1.0
2008-04-25,1.0
2008-04-28,1.0
2008-04-29,1.0
2008-04-30,1.0
2008-05-01,1.0
2008-05-02,1.0
2008-05-05,1.0
2008-05-06,1.0
2008-05-07,0.8012618616183828
2008-05-08,0.7994304451240755
2008-05-09,0.7975859331864601
2008-05-12,0.7968820312292235
2008-05-13,0.7966068112276616
2008-05-14,0.7949716146598588
2008-05-15,0.7949940310490003
2008-05-16,0.49510022494490125
2008-05-19,0.49699455058408426
2008-05-20,0.49709726723042325
2008-05-21,0.5016091529834572
2008-05-22,0.5010215145491157
2008-05-23,0.5051886273366673
2008-05-27,0.5028623852036188
2008-05-28,0.49895937199411367
2008-05-29,0.49668627212928995
2008-05-30,0.5429851714617042
2008-06-02,0.544660574577464
2008-06-03,0.5455194785818758
2008-06-04,0.5434375675879807
2008-06-05,0.5901729588175533
2008-06-06,0.5974749666101042
2008-06-09,0.5973521223505903
2008-06-10,0.6924373053133814
2008-06-11,0.697044848594145
2008-06-12,0.7438426581689237
2008-06-13,0.739865862089548
2008-06-16,0.7400514801705314
2008-06-17,0.7431298622782481
2008-06-18,0.7921525115506514
2008-06-19,0.7895623087004136
2008-06-20,0.7929482699858414
2008-06-23,0.841544291929979
2008-06-24,0.8424655155340783
2008-06-25,0.8112315484452006
2008-06-26,0.8171068541414049
2008-06-27,0.9505285996522624
2008-06-30,1.0
2008-07-01,1.0
2008-07-02,1.0
2008-07-03,1.0
2008-07-07,1.0
2008-07-08,1.0
2008-07-09,1.0
2008-07-10,1.0
2008-07-11,1.0
2008-07-14,1.0
2008-07-15,1.0
2008-07-16,1.0
2008-07-17,1.0
2008-07-18,1.0
2008-07-21,1.0
2008-07-22,1.0
2008-07-23,1.0
2008-07-24,1.0
2008-07-25,1.0
2008-07-28,1.0
2008-07-29,1.0
2008-07-30,1.0
2008-07-31,1.0
2008-08-01,1.0
2008-08-04,1.0
2008-08-05,1.0
2008-08-06,1.0
2008-08-07,1.0
2008-08-08,1.0
2008-08-11,1.0
2008-08-12,1.0
2008-08-13,1.0
2008-08-14,1.0
2008-08-15,1.0
2008-08-18,1.0
2008-08-19,1.0
2008-08-20,1.0
2008-08-21,1.0
2008-08-22,1.0
2008-08-25,1.0
2008-08-26,1.0
2008-08-27,1.0
2008-08-28,1.0
2008-08-29,1.0
2008-09-02,1.0
2008-09-03,1.0
2008-09-04,1.0
2008-09-05,1.0
2008-09-08,1.0
2008-09-09,1.0
2008-09-10,1.0
2008-09-11,1.0
2008-09-12,1.0
2008-09-15,1.0
2008-09-16,1.0
2008-09-17,1.0
2008-09-18,1.0
2008-09-19,1.0
2008-09-22,1.0
2008-09-23,1.0
2008-09-24,1.0
2008-09-25,1.0
2008-09-26,1.0
2008-09-29,1.0
2008-09-30,1.0
2008-10-01,1.0
2008-10-02,1.0
2008-10-03,1.0
2008-10-06,1.0
2008-10-07,1.0
2008-10-08,1.0
2008-10-09,1.0
2008-10-10,1.0
2008-10-13,1.0
2008-10-14,1.0
2008-10-15,1.0
2008-10-16,1.0
2008-10-17,1.0
2008-10-20,1.0
2008-10-21,1.0
2008-10-22,1.0
2008-10-23,1.0
2008-10-24,1.0
2008-10-27,1.0
2008-10-28,1.0
2008-10-29,1.0
2008-10-30,1.0
2008-10-31,1.0
2008-11-03,1.0
2008-11-04,1.0
2008-11-05,1.0
2008-11-06,1.0
2008-11-07,1.0
2008-11-10,1.0
2008-11-11,1.0
2008-11-12,1.0
2008-11-13,1.0
2008-11-14,1.0
2008-11-17,1.0
2008-11-18,1.0
2008-11-19,1.0
2008-11-20,1.0
2008-11-21,1.0
2008-11-24,1.0
2008-11-25,1.0
2008-11-26,1.0
2008-11-28,1.0
2008-12-01,1.0
2008-12-02,1.0
2008-12-03,1.0
2008-12-04,1.0
2008-12-05,1.0
2008-12-08,1.0
2008-12-09,1.0
2008-12-10,1.0
2008-12-11,1.0
2008-12-12,1.0
2008-12-15,1.0
2008-12-16,1.0
2008-12-17,1.0
2008-12-18,1.0
2008-12-19,1.0
2008-12-22,1.0
2008-12-23,1.0
2008-12-24,1.0
2008-12-26,1.0
2008-12-29,1.0
2008-12-30,1.0
2008-12-31,1.0
2009-01-02,1.0
2009-01-05,1.0
2009-01-06,1.0
2009-01-07,1.0
2009-01-08,1.0
2009-01-09,1.0
2009-01-12,1.0
2009-01-13,1.0
2009-01-14,1.0
2009-01-15,1.0
2009-01-16,1.0
2009-01-20,1.0
2009-01-21,1.0
2009-01-22,1.0
2009-01-23,1.0
2009-01-26,1.0
2009-01-27,1.0
2009-01-28,1.0
2009-01-29,1.0
2009-01-30,1.0
2009-02-02,1.0
2009-02-03,1.0
2009-02-04,1.0
2009-02-05,1.0
2009-02-06,1.0
2009-02-09,1.0
2009-02-10,1.0
2009-02-11,1.0
2009-02-12,1.0
2009-02-13,1.0
2009-02-17,1.0
2009-02-18,1.0
2009-02-19,1.0
2009-02-20,1.0
2009-02-23,1.0
2009-02-24,1.0
2009-02-25,1.0
2009-02-26,1.0
2009-02-27,1.0
2009-03-02,1.0
2009-03-03,1.0
2009-03-04,1.0
2009-03-05,1.0
2009-03-06,1.0
2009-03-09,1.0
2009-03-10,1.0
2009-03-11,1.0
2009-03-12,1.0
2009-03-13,1.0
2009-03-16,1.0
2009-03-17,1.0
2009-03-18,1.0
2009-03-19,1.0
2009-03-20,1.0
2009-03-23,1.0
2009-03-24,1.0
2009-03-25,1.0
2009-03-26,1.0
2009-03-27,1.0
2009-03-30,1.0
2009-03-31,1.0
2009-04-01,1.0
2009-04-02,1.0
2009-04-03,1.0
2009-04-06,1.0
2009-04-07,1.0
2009-04-08,1.0
2009-04-09,1.0
2009-04-13,1.0
2009-04-14,1.0
2009-04-15,1.0
2009-04-16,1.0
2009-04-17,1.0
2009-04-20,1.0
2009-04-21,1.0
2009-04-22,1.0
2009-04-23,1.0
2009-04-24,1.0
2009-04-27,1.0
2009-04-28,1.0
2009-04-29,1.0
2009-04-30,1.0
2009-05-01,1.0
2009-05-04,1.0
2009-05-05,1.0
2009-05-06,1.0
2009-05-07,1.0
2009-05-08,1.0
2009-05-11,1.0
2009-05-12,1.0
2009-05-13,1.0
2009-05-14,1.0
2009-05-15,1.0
2009-05-18,1.0
2009-05-19,1.0
2009-05-20,1.0
2009-05-21,1.0
2009-05-22,1.0
2009-05-26,1.0
2009-05-27,1.0
2009-05-28,1.0
2009-05-29,1.0
2009-06-01,1.0
2009-06-02,1.0
2009-06-03,1.0
2009-06-04,1.0
2009-06-05,1.0
2009-06-08,0.9500553183636793
2009-06-09,0.9495864682336632
2009-06-10,0.9005835311952372
2009-06-11,0.8519440896775072
2009-06-12,0.8017280660196096
2009-06-15,0.8048644324312112
2009-06-16,0.7580673955232331
2009-06-17,0.7544154298533521
2009-06-18,0.7540579975937204
2009-06-19,0.7028323417677377
2009-06-22,0.7085896218224801
2009-06-23,0.707489394632264
2009-06-24,0.7059501480619046
2009-06-25,0.6505400301969491
2009-06-26,0.6485423843869946
2009-06-29,0.6450193489396796
2009-06-30,0.5964317932220923
2009-07-01,0.5432710737759543
2009-07-02,0.5977080336476626
2009-07-06,0.5000012017286397
2009-07-07,0.5056923218775593
2009-07-08,0.5089127168306757
2009-07-09,0.6467078161571889
2009-07-10,0.6459584222896131
2009-07-13,0.5894629078232074
2009-07-14,0.586614604481053
2009-07-15,0.5791736271645684
2009-07-16,0.5766212046190373
2009-07-17,0.6042491942346502
2009-07-20,0.6015281746424869
2009-07-21,0.6051640140395955
2009-07-22,0.5562945164788407
2009-07-23,0.5982536745803415
2009-07-24,0.5979837564532327
2009-07-27,0.5994825641785342
2009-07-28,0.5496694396519708
2009-07-29,0.5463773344286882
2009-07-30,0.5448471890595493
2009-07-31,0.5983634055780807
2009-08-03,0.5451359587607669
2009-08-04,0.5444348694577696
2009-08-05,0.5485759320012151
2009-08-06,0.5242423796579541
2009-08-07,0.5122521885018153
2009-08-10,0.5117086413157212
2009-08-11,0.48601029944690866
2009-08-12,0.46274756223960545
2009-08-13,0.46078318813173824
2009-08-14,0.46500564596286253
2009-08-17,0.4393610045460744
2009-08-18,0.4048632911255765
2009-08-19,0.4037563998698859
2009-08-20,0.38138634414926553
2009-08-21,0.3795687661827368
2009-08-24,0.3794252231941828
2009-08-25,0.377084059439473
2009-08-26,0.3769216639876878
2009-08-27,0.3583698940981562
2009-08-28,0.358802110036494
2009-08-31,0.3411646280295487
2009-09-01,0.32228912579809066
2009-09-02,0.27311907131295554
2009-09-03,0.27051806530875266
2009-09-04,0.26629275863887425
2009-09-08,0.2622840306632891
2009-09-09,0.3139577663066828
2009-09-10,0.3123354310249091
2009-09-11,0.316243125808108
2009-09-14,0.3140776864089482
2009-09-15,0.3096217575190078
2009-09-16,0.3060168567052445
2009-09-17,0.3519830002558393
2009-09-18,0.37575046120982014
2009-09-21,0.4324314227726538
2009-09-22,0.42999157985901826
2009-09-23,0.4338520489853379
2009-09-24,0.4447537844624957
2009-09-25,0.4742456040402381
2009-09-28,0.4346947580030762
2009-09-29,0.46589817866109273
2009-09-30,0.448198849332617
2009-10-01,0.4623284965324027
2009-10-02,0.5324308283579261
2009-10-05,0.5286006750571299
2009-10-06,0.5240527816999342
2009-10-07,0.523450693573968
2009-10-08,0.5203291600572568
2009-10-09,0.5190103372225274
2009-10-12,0.49317033364131746
2009-10-13,0.4928309802469807
2009-10-14,0.48330661533872865
2009-10-15,0.5399784126646663
2009-10-16,0.546418146570554
2009-10-19,0.5437148162790928
2009-10-20,0.5492967655174441
2009-10-21,0.5791036182939007
2009-10-22,0.526813673848727
2009-10-23,0.53197446686914
2009-10-26,0.5307533532431591
2009-10-27,0.512004187627662
2009-10-28,0.51444567895643
2009-10-29,0.5105058214916784
2009-10-30,0.5182652869441976
2009-11-02,0.5166274412460601
2009-11-03,0.5145549113165426
2009-11-04,0.5150129989803528
2009-11-05,0.5124830421167426
2009-11-06,0.5145303390701116
2009-11-09,0.5052926379010858
2009-11-10,0.5041373954243427
2009-11-11,0.5024554875643672
2009-11-12,0.506627869496979
2009-11-13,0.504626994750506
2009-11-16,0.49863089416765727
2009-11-17,0.49856874558682895
2009-11-18,0.5009915418770214
2009-11-19,0.5071174192233576
2009-11-20,0.5081821568270776
2009-11-23,0.5050065653018776
2009-11-24,0.5048791120009752
2009-11-25,0.5027980883257526
2009-11-27,0.5097853132126253
2009-11-30,0.5072549967246955
2009-12-01,0.5028293145795869
2009-12-02,0.5014873869842056
2009-12-03,0.5035493703983803
2009-12-04,0.5028178608583673
2009-12-07,0.5009886334099589
2009-12-08,0.5023534788171232
2009-12-09,0.4699845510184302
2009-12-10,0.46927367887819427
2009-12-11,0.4666829550262237
2009-12-14,0.4652262222658121
2009-12-15,0.46528900852074684
2009-12-16,0.4640938357582174
2009-12-17,0.46734549337752884
2009-12-18,0.43845480908751266
2009-12-21,0.43483516876651884
2009-12-22,0.46660405717569275
2009-12-23,0.43315668704808963
2009-12-24,0.43216429361373165
2009-12-28,0.432636114440069
2009-12-29,0.4311679387682522
2009-12-30,0.43195407504716365
2009-12-31,0.435150671879069
2010-01-04,0.4112865796072708
2010-01-05,0.40959897722467464
2010-01-06,0.411067880738903
2010-01-07,0.41003574801874976
2010-01-08,0.4060467704760171
2010-01-11,0.4030582614885645
2010-01-12,0.4097730345868408
2010-01-13,0.40635150734537917
2010-01-14,0.4066849834929279
2010-01-15,0.41001006730685474
2010-01-19,0.4558481341916031
2010-01-20,0.428276038229514
2010-01-21,0.4061093337090642
2010-01-22,0.3754706134298864
2010-01-25,0.46526159796856903
2010-01-26,0.4652693642000827
2010-01-27,0.4470846497997516
2010-01-28,0.4508425547256554
2010-01-29,0.4525193244664858
2010-02-01,0.4487152033394056
2010-02-02,0.44772751795009114
2010-02-03,0.4505130136874378
2010-02-04,0.4618292607981319
2010-02-05,0.5080023319453162
2010-02-08,0.49331620994520864
2010-02-09,0.48869590794418427
2010-02-10,0.4891773576324292
2010-02-11,0.4807543311063527
2010-02-12,0.4782209811797077
2010-02-16,0.47288445690579106
2010-02-17,0.47263525739146317
2010-02-18,0.4673169142664996
2010-02-19,0.46735573386280005
2010-02-22,0.4652830590596492
2010-02-23,0.4703096119461223
2010-02-24,0.4674910789399672
2010-02-25,0.4693495937913025
2010-02-26,0.46809525476531455
2010-03-01,0.4293083897227856
2010-03-02,0.4284324494364372
2010-03-03,0.46304525548578646
2010-03-04,0.4633328158154948
2010-03-05,0.459437707304563
2010-03-08,0.4571689035104295
2010-03-09,0.4554417546466787
2010-03-10,0.4834967942362456
2010-03-11,0.4805340557481027
2010-03-12,0.5273825229664878
2010-03-15,0.5309003806663761
2010-03-16,0.5291167370736092
2010-03-17,0.5266102122006695
2010-03-18,0.5262186586342699
2010-03-19,0.5012384898684543
2010-03-22,0.47418688035140144
2010-03-23,0.471047698951385
2010-03-24,0.4714477131042445
2010-03-25,0.47376896460428175
2010-03-26,0.4734730358692485
2010-03-29,0.4712206245351015
2010-03-30,0.47260216790493526
2010-03-31,0.474772951384806
2010-04-01,0.4722979682904521
2010-04-05,0.4702429459527603
2010-04-06,0.46952541547197923
2010-04-07,0.4803109000028575
2010-04-08,0.47777610277008065
2010-04-09,0.4771968108306659
2010-04-12,0.5021598124664705
2010-04-13,0.5027603859771311
2010-04-14,0.49861894155869946
2010-04-15,0.4974496919051766
2010-04-16,0.5321215222648079
2010-04-19,0.5337002032039143
2010-04-20,0.5292379907218996
2010-04-21,0.5284352196090913
2010-04-22,0.5243887119239475
2010-04-23,0.5209369439353284
2010-04-26,0.5231584622780793
2010-04-27,0.5305779451522752
2010-04-28,0.5284240843921479
2010-04-29,0.5204652669238052
2010-04-30,0.5277867735392924
2010-05-03,0.5014868971626221
2010-05-04,0.5123649527126539
2010-05-05,0.41097400511900095
2010-05-06,0.46633089128134575
2010-05-07,0.5065158407823003
2010-05-10,0.46220629568241056
2010-05-11,0.461486634685745
2010-05-12,0.4559319420150407
2010-05-13,0.4572686202906575
2010-05-14,0.4639344730791436
2010-05-17,0.46148664666613215
2010-05-18,0.465768772876609
2010-05-19,0.46822524620993156
2010-05-20,0.48057270624445325
2010-05-21,0.6931100972932299
2010-05-24,0.6926230252481285
2010-05-25,0.69341281140498
2010-05-26,0.6933169935861152
2010-05-27,0.7331093841933343
2010-05-28,0.6834879630964565
2010-06-01,0.684905010232122
2010-06-02,0.6783520091655586
2010-06-03,0.6732104974119927
2010-06-04,0.6296156718823818
2010-06-07,0.6325624934825813
2010-06-08,0.6329004986995607
2010-06-09,0.6297883114172709
2010-06-10,0.67136444606574
2010-06-11,0.6673700902753521
2010-06-14,0.6670099037667017
2010-06-15,0.6633854026414236
2010-06-16,0.7003430605570906
2010-06-17,0.6501732918185281
2010-06-18,0.651431416582759
2010-06-21,0.5534080964607624
2010-06-22,0.5069518663008659
2010-06-23,0.5050057001393489
2010-06-24,0.5072354304727305
2010-06-25,0.5074666769710139
2010-06-28,0.5074458519963188
2010-06-29,0.5162484871468376
2010-06-30,0.7077752335855776
2010-07-01,0.7082862247027222
2010-07-02,0.8151450772420399
2010-07-06,0.8140577719327722
2010-07-07,0.8133428259350715
2010-07-08,0.812599721948403
2010-07-09,0.8123972569121976
2010-07-12,0.8124792802886811
2010-07-13,0.8106593281540315
2010-07-14,0.8611874168311185
2010-07-15,0.8608846491088015
2010-07-16,0.8636753975288828
2010-07-19,0.8631444079683382
2010-07-20,0.8627403597918916
2010-07-21,0.8644502173569463
2010-07-22,0.8643731624048079
2010-07-23,0.9154013196836647
2010-07-26,0.9143742909945152
2010-07-27,0.9148522905876925
2010-07-28,0.9158910043901575
2010-07-29,0.866874754783629
2010-07-30,0.8665690625046543
2010-08-02,0.8667470930031721
2010-08-03,0.6487645568659132
2010-08-04,0.4978155485613939
2010-08-05,0.5007284138717856
2010-08-06,0.5007246936711648
2010-08-09,0.4997330973270505
2010-08-10,0.5031935977757243
2010-08-11,0.5060949917589054
2010-08-12,0.5495468096575274
2010-08-13,0.5501802301843051
2010-08-16,0.5964833656688601
2010-08-17,0.593520843238831
2010-08-18,0.5918830738430902
2010-08-19,0.5947773353642363
2010-08-20,0.6907105185932508
2010-08-23,0.6936930778821754
2010-08-24,0.6961041410923547
2010-08-25,0.766246228962274
2010-08-26,0.8152177904166904
2010-08-27,0.7916501396492689
2010-08-30,0.7957518537814073
2010-08-31,0.7952039685269364
2010-09-01,0.7900042680568296
2010-09-02,0.7872554993599583
2010-09-03,0.7859021547938599
2010-09-07,0.78744017438076
2010-09-08,0.786150108609646
2010-09-09,0.7877580320618978
2010-09-10,0.7873472706205304
2010-09-13,0.7853482609140978
2010-09-14,0.7342035449888241
2010-09-15,0.7343831135981995
2010-09-16,0.533787573189165
2010-09-17,0.4334070891746884
2010-09-20,0.42831763730343564
2010-09-21,0.4289798450012934
2010-09-22,0.4274800903158895
2010-09-23,0.4301212475735652
2010-09-24,0.4254472443282987
2010-09-27,0.4254702697154368
2010-09-28,0.4242237816126927
2010-09-29,0.42374131661991077
2010-09-30,0.4250367871144508
2010-10-01,0.4234879965106454
2010-10-04,0.42522616293018
2010-10-05,0.4214355956612229
2010-10-06,0.42379857685134603
2010-10-07,0.4483957084510941
2010-10-08,0.4476006843686118
2010-10-11,0.44790795695465935
2010-10-12,0.4476102916520813
2010-10-13,0.44555365471610653
2010-10-14,0.44652972060522045
2010-10-15,0.4146080629814676
2010-10-18,0.39520951253158176
2010-10-19,0.3976945253769937
2010-10-20,0.3946996801505023
2010-10-21,0.39524738585832486
2010-10-22,0.39391256449559486
2010-10-25,0.39315291861452917
2010-10-26,0.3941573551966471
2010-10-27,0.3659302032299664
2010-10-28,0.36293827731713046
2010-10-29,0.4205058179017199
2010-11-01,0.4021856471242429
2010-11-02,0.39891350254241253
2010-11-03,0.39911510572623243
2010-11-04,0.3938806454980486
2010-11-05,0.41999043563459637
2010-11-08,0.4174390533432206
2010-11-09,0.4762129352754513
2010-11-10,0.47353699538491223
2010-11-11,0.472639756174397
2010-11-12,0.4759973436560786
2010-11-15,0.44450118129461136
2010-11-16,0.4480635577181499
2010-11-17,0.44551005156564005
2010-11-18,0.44256911379107566
2010-11-19,0.4412810639645449
2010-11-22,0.40863772392295983
2010-11-23,0.39070702999708895
2010-11-24,0.3861525287979568
2010-11-26,0.41543407248720576
2010-11-29,0.41712266474444937
2010-11-30,0.4167112920991386
2010-12-01,0.4131007796756784
2010-12-02,0.4116252927866556
2010-12-03,0.40994914093896917
2010-12-06,0.4604414521936815
2010-12-07,0.46108199533760397
2010-12-08,0.4608509752622726
2010-12-09,0.4611007778658005
2010-12-10,0.4583413941804316
2010-12-13,0.4575967639995395
2010-12-14,0.4551488584324449
2010-12-15,0.45749910929016646
2010-12-16,0.45559015205940423
2010-12-17,0.4557407508070388
2010-12-20,0.4537476541197194
2010-12-21,0.45237730237387785
2010-12-22,0.45681292230476356
2010-12-23,0.45729713149818196
2010-12-27,0.45894037885047667
2010-12-28,0.4588384858268305
2010-12-29,0.45836369537076993
2010-12-30,0.45808333310072735
2010-12-31,0.4550790553897234
2011-01-03,0.45171565685199744
2011-01-04,0.4594795746843273
2011-01-05,0.4577443549196347
2011-01-06,0.4617564687877631
2011-01-07,0.49132060067240746
2011-01-10,0.434914693391239
2011-01-11,0.43406125171934773
2011-01-12,0.429270548835466
2011-01-13,0.42630307612868634
2011-01-14,0.42406770213780587
2011-01-18,0.42210989064629667
2011-01-19,0.42876090816085144
2011-01-20,0.4338836228619235
2011-01-21,0.43557438551471395
2011-01-24,0.433717349418978
2011-01-25,0.4292895107007042
2011-01-26,0.4254194959743297
2011-01-27,0.424721484081779
2011-01-28,0.432664075660273
2011-01-31,0.341388890889019
2011-02-01,0.3363856417762209
2011-02-02,0.3383983497798042
2011-02-03,0.3386083335835889
2011-02-04,0.3368500843015304
2011-02-07,0.332291430425223
2011-02-08,0.3301608823969715
2011-02-09,0.33087294816830937
2011-02-10,0.32790539378534067
2011-02-11,0.4079928566562875
2011-02-14,0.4062183908202254
2011-02-15,0.40520443442298393
2011-02-16,0.40402610761095636
2011-02-17,0.40405745756453126
2011-02-18,0.40435391942518917
2011-02-22,0.41257596393586027
2011-02-23,0.41846181680090366
2011-02-24,0.4287080363983725
2011-02-25,0.4206260102291757
2011-02-28,0.4009176031465962
2011-03-01,0.4059806044762977
2011-03-02,0.4030942702308289
2011-03-03,0.45301576886744965
2011-03-04,0.4546442076281143
2011-03-07,0.45812186820793355
2011-03-08,0.45411899382688725
2011-03-09,0.4586178576392742
2011-03-10,0.5063022370724791
2011-03-11,0.47879076992282976
2011-03-14,0.48141274440607407
2011-03-15,0.4825386570552328
2011-03-16,0.48698186783134956
2011-03-17,0.47924700963847877
2011-03-18,0.4747486292387635
2011-03-21,0.4691660738969764
2011-03-22,0.4718948469049775
2011-03-23,0.4711146869620859
2011-03-24,0.46782412647427174
2011-03-25,0.46514235771827217
2011-03-28,0.4655304971482521
2011-03-29,0.4607987643480914
2011-03-30,0.4588999622606882
2011-03-31,0.4602554919241273
2011-04-01,0.4589926432679746
2011-04-04,0.4590996713434229
2011-04-05,0.45752231261001275
2011-04-06,0.4593674682859944
2011-04-07,0.46045485188814717
2011-04-08,0.4602222232727001
2011-04-11,0.4674842700796533
2011-04-12,0.4664046760682312
2011-04-13,0.4604718593209782
2011-04-14,0.4627454183847727
2011-04-15,0.45685834427589245
2011-04-18,0.46124704169871367
2011-04-19,0.46032779535441715
2011-04-20,0.4530328327452763
2011-04-21,0.4498623044235559
2011-04-25,0.4504945570372286
2011-04-26,0.4537666677170056
2011-04-27,0.44757564750694
2011-04-28,0.44901245755086505
2011-04-29,0.45077090379034557
2011-05-02,0.45358313633463176
2011-05-03,0.4549569109985101
2011-05-04,0.4546741854968078
2011-05-05,0.47643548636481425
2011-05-06,0.4764574526209361
2011-05-09,0.47334851676111556
2011-05-10,0.4689302581513557
2011-05-11,0.47398097668545747
2011-05-12,0.471689848615203
2011-05-13,0.47437113110749174
2011-05-16,0.47693682827262496
2011-05-17,0.4750238480746619
2011-05-18,0.4714940751110608
2011-05-19,0.4666649619179374
2011-05-20,0.46942175260310703
2011-05-23,0.4744002584876623
2011-05-24,0.4760337182444845
2011-05-25,0.4107425401345507
2011-05-26,0.387606758084418
2011-05-27,0.386737938993569
2011-05-31,0.385970076251016
2011-06-01,0.3900754595545165
2011-06-02,0.3922029701159002
2011-06-03,0.3942017228316429
2011-06-06,0.3973845176646055
2011-06-07,0.42448832627612365
2011-06-08,0.4783205287984671
2011-06-09,0.4729095758078836
2011-06-10,0.47693489555152546
2011-06-13,0.4801230420056505
2011-06-14,0.4766304052444096
2011-06-15,0.48027016607692885
2011-06-16,0.4824210457044842
2011-06-17,0.4823569259851921
2011-06-20,0.47902629260634944
2011-06-21,0.4755393106057859
2011-06-22,0.47712247099990635
2011-06-23,0.47852220245306554
2011-06-24,0.47830025975559265
2011-06-27,0.4766988044022047
2011-06-28,0.47072285607139575
2011-06-29,0.4700448520675401
2011-06-30,0.46577666882192215
2011-07-01,0.5092769566542776
2011-07-05,0.5082005105740711
2011-07-06,0.5076149896207798
2011-07-07,0.5068030120752783
2011-07-08,0.4587701957531519
2011-07-11,0.46423244429419874
2011-07-12,0.4351162104753804
2011-07-13,0.4141500680203455
2011-07-14,0.4158339838942029
2011-07-15,0.4159168578257788
2011-07-18,0.41780588473172753
2011-07-19,0.41210460248961434
2011-07-20,0.41157000230185936
2011-07-21,0.40873107408426557
2011-07-22,0.409483470008175
2011-07-25,0.4105674406361117
2011-07-26,0.4421755044097243
2011-07-27,0.4485738746377752
2011-07-28,0.51974426114891
2011-07-29,0.5162757430161786
2011-08-01,0.5152870821544859
2011-08-02,0.5249806134414496
2011-08-03,0.5234311718746589
2011-08-04,0.5523531118442737
2011-08-05,0.8392127413499791
2011-08-08,0.8740031943745985
2011-08-09,1.0
2011-08-10,1.0
2011-08-11,1.0
2011-08-12,1.0
2011-08-15,1.0
2011-08-16,1.0
2011-08-17,1.0
2011-08-18,1.0
2011-08-19,1.0
2011-08-22,1.0
2011-08-23,1.0
2011-08-24,1.0
2011-08-25,1.0
2011-08-26,1.0
2011-08-29,1.0
2011-08-30,1.0
2011-08-31,1.0
2011-09-01,1.0
2011-09-02,1.0
2011-09-06,1.0
2011-09-07,1.0
2011-09-08,1.0
2011-09-09,1.0
2011-09-12,1.0
2011-09-13,1.0
2011-09-14,1.0
2011-09-15,1.0
2011-09-16,1.0
2011-09-19,1.0
2011-09-20,1.0
2011-09-21,1.0
2011-09-22,1.0
2011-09-23,1.0
2011-09-26,1.0
2011-09-27,1.0
2011-09-28,1.0
2011-09-29,1.0
2011-09-30,1.0
2011-10-03,1.0
2011-10-04,1.0
2011-10-05,1.0
2011-10-06,1.0
2011-10-07,1.0
2011-10-10,1.0
2011-10-11,1.0
2011-10-12,1.0
2011-10-13,1.0
2011-10-14,1.0
2011-10-17,1.0
2011-10-18,1.0
2011-10-19,1.0
2011-10-20,1.0
2011-10-21,1.0
2011-10-24,1.0
2011-10-25,1.0
2011-10-26,1.0
2011-10-27,1.0
2011-10-28,1.0
2011-10-31,0.9006355699507649
2011-11-01,0.9025056623251575
2011-11-02,0.902140109117072
2011-11-03,0.9008401736095408
2011-11-04,0.9009646311122723
2011-11-07,0.9007534356458367
2011-11-08,0.8996436062053222
2011-11-09,0.6519817085365314
2011-11-10,0.6513083812695111
2011-11-11,0.6466531741490663
2011-11-14,0.49874834241290456
2011-11-15,0.4958669152611449
2011-11-16,0.5009761148257905
2011-11-17,0.5033820557370311
2011-11-18,0.5023754573419195
2011-11-21,0.5066931807721702
2011-11-22,0.6523492086359381
2011-11-23,0.6555118551577948
2011-11-25,0.6573633448809985
2011-11-28,0.6498710129276933
2011-11-29,0.6478399951836198
2011-11-30,0.6396529214195686
2011-12-01,0.6393242351264031
2011-12-02,0.6880953541748953
2011-12-05,0.687353710408144
2011-12-06,0.6381093493535182
2011-12-07,0.48894918741974036
2011-12-08,0.49241424157180513
2011-12-09,0.49078611393766935
2011-12-12,0.4927888717261756
2011-12-13,0.5454035259611609
2011-12-14,0.6474136552286558
2011-12-15,0.6975239813895558
2011-12-16,0.6945709114340337
2011-12-19,0.6661030304167008
2011-12-20,0.659913402318195
2011-12-21,0.6626867046799889
2011-12-22,0.7057208229260352
2011-12-23,0.6027668374666013
2011-12-27,0.4520253412731604
2011-12-28,0.45537403917796715
2011-12-29,0.451928556913873
2011-12-30,0.45401676071734454
2012-01-03,0.4548560999282276
2012-01-04,0.45553436998500274
2012-01-05,0.42387568110003837
2012-01-06,0.4244316907557121
2012-01-09,0.382831315954444
2012-01-10,0.3803395167076322
2012-01-11,0.38129459558175804
2012-01-12,0.3802519465131702
2012-01-13,0.37998566437521597
2012-01-17,0.3777922646638522
2012-01-18,0.37516002542237337
2012-01-19,0.3729165315471631
2012-01-20,0.3711673292667096
2012-01-23,0.3728550761761893
2012-01-24,0.3718497906978052
2012-01-25,0.370541376890028
2012-01-26,0.3719292156090822
2012-01-27,0.3713170426870841
2012-01-30,0.34241591942356975
2012-01-31,0.3442594721213639
2012-02-01,0.3182542027915597
2012-02-02,0.3170862601111698
2012-02-03,0.3148216865662504
2012-02-06,0.3145241516034294
2012-02-07,0.31429911171445024
2012-02-08,0.31413005828936824
2012-02-09,0.31162341724019593
2012-02-10,0.3398522199055084
2012-02-13,0.3356328713661386
2012-02-14,0.3303786929834208
2012-02-15,0.33411682800145504
2012-02-16,0.33141021541313387
2012-02-17,0.33166727768445237
2012-02-21,0.33312937250469243
2012-02-22,0.3339237461235266
2012-02-23,0.3931753412445341
2012-02-24,0.39245252061896874
2012-02-27,0.3919864512523218
2012-02-28,0.4206861900384169
2012-02-29,0.424249335562916
2012-03-01,0.4218477464705248
2012-03-02,0.4226785016074044
2012-03-05,0.42322530961333027
2012-03-06,0.42248423176310657
2012-03-07,0.41725565286135546
2012-03-08,0.41219896151798585
2012-03-09,0.40968568140806116
2012-03-12,0.41108928948525203
2012-03-13,0.38680257532704054
2012-03-14,0.3867831595856204
2012-03-15,0.38495358469622165
2012-03-16,0.38713506566580624
2012-03-19,0.3852308404792869
2012-03-20,0.3870735513748922
2012-03-21,0.38493762602162873
2012-03-22,0.38437657178296114
2012-03-23,0.4406547941460759
2012-03-26,0.43498502851804455
2012-03-27,0.4928087209859975
2012-03-28,0.49446180701168085
2012-03-29,0.494997963735341
2012-03-30,0.49553154048774317
2012-04-02,0.4914746085382964
2012-04-03,0.4921114423761471
2012-04-04,0.49583963210600235
2012-04-05,0.49549496284572514
2012-04-09,0.49422702983050215
2012-04-10,0.4993636398468271
2012-04-11,0.4639649234172649
2012-04-12,0.46042419494333986
2012-04-13,0.4601423160150572
2012-04-16,0.4412596085597854
2012-04-17,0.4393904361587291
2012-04-18,0.43825224728000656
2012-04-19,0.44148994040366696
2012-04-20,0.4396103465340433
2012-04-23,0.44232186120258865
2012-04-24,0.44393989633149944
2012-04-25,0.43579632166074633
2012-04-26,0.43516931716147034
2012-04-27,0.4333654379394759
2012-04-30,0.43445555140452874
2012-05-01,0.4322362819663622
2012-05-02,0.4300636674027738
2012-05-03,0.43506787978069494
2012-05-04,0.44513262683959054
2012-05-07,0.44453213119251256
2012-05-08,0.44659541988347706
2012-05-09,0.45421185489479043
2012-05-10,0.4516184999130033
2012-05-11,0.45211537334106244
2012-05-14,0.45547027219801073
2012-05-15,0.45418169151964594
2012-05-16,0.45456088267053896
2012-05-17,0.4587368343681253
2012-05-18,0.4581005564956384
2012-05-21,0.452628630617382
2012-05-22,0.45140617602427613
2012-05-23,0.45080592124595187
2012-05-24,0.44912848260273674
2012-05-25,0.4494004301654496
2012-05-29,0.44724234541888697
2012-05-30,0.4483634547160853
2012-05-31,0.44832676992644716
2012-06-01,0.4567103885580295
2012-06-04,0.456464230065006
2012-06-05,0.4489032962410072
2012-06-06,0.444626306253855
2012-06-07,0.4463863534972763
2012-06-08,0.4423524545541755
2012-06-11,0.44640412415558073
2012-06-12,0.4435846570114548
2012-06-13,0.444931818447835
2012-06-14,0.440407431045336
2012-06-15,0.4979345167987026
2012-06-18,0.49416178117320597
2012-06-19,0.49396918575983273
2012-06-20,0.49527379967637686
2012-06-21,0.4981425226281879
2012-06-22,0.4981414285889165
2012-06-25,0.5009028431542196
2012-06-26,0.4990695756321112
2012-06-27,0.49786059082595646
2012-06-28,0.5006872742811541
2012-06-29,0.4883249979742471
2012-07-02,0.4853355071301938
2012-07-03,0.48420654062884694
2012-07-05,0.48357081198574714
2012-07-06,0.4831100602625591
2012-07-09,0.48532467535740853
2012-07-10,0.48781119411434715
2012-07-11,0.4837173747962289
2012-07-12,0.5115616258149484
2012-07-13,0.5078939285356853
2012-07-16,0.5097250631741458
2012-07-17,0.5084061336545804
2012-07-18,0.5105641960352072
2012-07-19,0.5108458865508345
2012-07-20,0.5606592172010609
2012-07-23,0.4874738448896737
2012-07-24,0.4855140376560383
2012-07-25,0.4862562234821922
2012-07-26,0.4822658586088495
2012-07-27,0.47885343237955613
2012-07-30,0.47969052660247535
2012-07-31,0.4823321209716236
2012-08-01,0.484483830760703
2012-08-02,0.4570250404901526
2012-08-03,0.4498286440651974
2012-08-06,0.45086456475951486
2012-08-07,0.45114380651306485
2012-08-08,0.4497772827248343
2012-08-09,0.448987689636392
2012-08-10,0.44958432591485775
2012-08-13,0.4499049740104323
2012-08-14,0.4490635389605997
2012-08-15,0.44904691442078004
2012-08-16,0.4472120477120689
2012-08-17,0.4461606725524605
2012-08-20,0.4482136876800801
2012-08-21,0.44999110440708123
2012-08-22,0.480337399375112
2012-08-23,0.4820474091824348
2012-08-24,0.4788421431577926
2012-08-27,0.47625846438449515
2012-08-28,0.47600678741363134
2012-08-29,0.4746926535717839
2012-08-30,0.47644628322401883
2012-08-31,0.4747701620141559
2012-09-04,0.4727398007065642
2012-09-05,0.4734429522119059
2012-09-06,0.4986477711191014
2012-09-07,0.49987146628176915
2012-09-10,0.5021466990268586
2012-09-11,0.5023257269265687
2012-09-12,0.4986912714531273
2012-09-13,0.4948091350147885
2012-09-14,0.493429767619212
2012-09-17,0.5255678993995847
2012-09-18,0.5279049569428129
2012-09-19,0.5288922135546307
2012-09-20,0.5277847741254623
2012-09-21,0.525897494781552
2012-09-24,0.5277148422119222
2012-09-25,0.5312747022720039
2012-09-26,0.5358830731921722
2012-09-27,0.5317194839499201
2012-09-28,0.5325214876147781
2012-10-01,0.5326562479473093
2012-10-02,0.531151856179163
2012-10-03,0.49628720166468554
2012-10-04,0.4943485319604174
2012-10-05,0.4923551972732685
2012-10-08,0.49540477641753844
2012-10-09,0.5056466206736834
2012-10-10,0.4928642790612182
2012-10-11,0.49520478185106653
2012-10-12,0.49593269423753716
2012-10-15,0.48924470206927373
2012-10-16,0.48785586456640206
2012-10-17,0.48443894730899617
2012-10-18,0.48305943661346973
2012-10-19,0.4856423733703169
2012-10-22,0.4875966656117885
2012-10-23,0.4622260650629827
2012-10-24,0.44235457013478785
2012-10-25,0.4477529619376427
2012-10-26,0.4745119355126831
2012-10-31,0.4741734335832689
2012-11-01,0.4699968854649298
2012-11-02,0.47503575464415215
2012-11-05,0.4690533010321669
2012-11-06,0.46702600644260894
2012-11-07,0.4710305461079133
2012-11-08,0.4745596888892015
2012-11-09,0.47421470906862084
2012-11-12,0.47704828990561243
2012-11-13,0.47530627286477944
2012-11-14,0.5164232912966935
2012-11-15,0.6038094860771156
2012-11-16,0.6494574886452588
2012-11-19,0.6454608021439573
2012-11-20,0.49566911747131737
2012-11-21,0.4944330432950337
2012-11-23,0.49239064568008617
2012-11-26,0.49274067348364337
2012-11-27,0.4942632335634106
2012-11-28,0.4934835491482491
2012-11-29,0.49157940085267104
2012-11-30,0.49268137088238806
2012-12-03,0.4931078521764034
2012-12-04,0.49445183436572726
2012-12-05,0.49572699178190216
2012-12-06,0.49379905510747346
2012-12-07,0.4926296047930625
2012-12-10,0.49140668353534944
2012-12-11,0.4910612994691975
2012-12-12,0.4905376492432466
2012-12-13,0.4902185507256608
2012-12-14,0.4884878308930173
2012-12-17,0.48595290463452745
2012-12-18,0.48231972831978986
2012-12-19,0.4823097151984316
2012-12-20,0.4834424529304172
2012-12-21,0.453391590010234
2012-12-24,0.4331140740797855
2012-12-26,0.4347513524727089
2012-12-27,0.4355052306475551
2012-12-28,0.43781959494031586
2012-12-31,0.43271459120388345
2013-01-02,0.42463133010593423
2013-01-03,0.425220160631989
2013-01-04,0.4216962484861846
2013-01-07,0.4214275948166408
2013-01-08,0.421765800489468
2013-01-09,0.4481908175961299
2013-01-10,0.44802963979227206
2013-01-11,0.44762488776203535
2013-01-14,0.44719357666389503
2013-01-15,0.44500767493151405
2013-01-16,0.415683233387364
2013-01-17,0.41189457450509614
2013-01-18,0.448490329244038
2013-01-22,0.4464259390267806
2013-01-23,0.44580527122378844
2013-01-24,0.41504187243138135
2013-01-25,0.41379274980548897
2013-01-28,0.39587476792361453
2013-01-29,0.3955227381390093
2013-01-30,0.39751078188816735
2013-01-31,0.36894941150292326
2013-02-01,0.3651113046021768
2013-02-04,0.36718872638722
2013-02-05,0.36537984640610055
2013-02-06,0.364689086417017
2013-02-07,0.36491358303375143
2013-02-08,0.3596279550978436
2013-02-11,0.36039904914842447
2013-02-12,0.3613939547230621
2013-02-13,0.3591145608546594
2013-02-14,0.35960870904308184
2013-02-15,0.32983977594308633
2013-02-19,0.3296120390538094
2013-02-20,0.36534011724600357
2013-02-21,0.3860295136836094
2013-02-22,0.4136598025655909
2013-02-25,0.41823910006807674
2013-02-26,0.41448639376490803
2013-02-27,0.41074034144953764
2013-02-28,0.40908753705833
2013-03-01,0.3773954074877871
2013-03-04,0.3573302928250358
2013-03-05,0.35487411926498946
2013-03-06,0.35356458055975415
2013-03-07,0.3523470353652597
2013-03-08,0.3972031598038408
2013-03-11,0.39723155115283415
2013-03-12,0.3986476715920284
2013-03-13,0.39934474454234314
2013-03-14,0.39733495445864364
2013-03-15,0.3682085541670893
2013-03-18,0.3669258729776873
2013-03-19,0.3658829576770728
2013-03-20,0.3638273130431673
2013-03-21,0.3608434023036754
2013-03-22,0.3943703952538522
2013-03-25,0.39455293592994345
2013-03-26,0.39261600584514034
2013-03-27,0.39229210420441263
2013-03-28,0.3920242750854621
2013-04-01,0.4779989341516927
2013-04-02,0.4789112545798858
2013-04-03,0.48456805853116147
2013-04-04,0.4744520327554276
2013-04-05,0.474891646474207
2013-04-08,0.47171810107514767
2013-04-09,0.5226029928566027
2013-04-10,0.5180541781240675
2013-04-11,0.5136710126859956
2013-04-12,0.5158064159115763
2013-04-15,0.5255613035147506
2013-04-16,0.5205034332341743
2013-04-17,0.5243886500824375
2013-04-18,0.5249369482109488
2013-04-19,0.49948284050793423
2013-04-22,0.497064527058261
2013-04-23,0.48990171864336174
2013-04-24,0.4901380611147199
2013-04-25,0.4882194266790868
2013-04-26,0.48733413987634844
2013-04-29,0.48670196481430505
2013-04-30,0.486479234238983
2013-05-01,0.492152497029658
2013-05-02,0.4863165599027348
2013-05-03,0.48100880693525094
2013-05-06,0.4797759708118068
2013-05-07,0.5067035462258573
2013-05-08,0.506504678971704
2013-05-09,0.5069483219208462
2013-05-10,0.5047316104822972
2013-05-13,0.5029677907532897
2013-05-14,0.4985519987083298
2013-05-15,0.49831150167997795
2013-05-16,0.5007805260367335
2013-05-17,0.49810104780403697
2013-05-20,0.4976528097396169
2013-05-21,0.49714918231456595
2013-05-22,0.4694290963006439
2013-05-23,0.4391020751512671
2013-05-24,0.4390509337191346
2013-05-28,0.4342910416571001
2013-05-29,0.4671759883894304
2013-05-30,0.46456540815988423
2013-05-31,0.4482016983787579
2013-06-03,0.4474343849667556
2013-06-04,0.44829745191323944
2013-06-05,0.45274290797405925
2013-06-06,0.47233323592060295
2013-06-07,0.47000188703711443
2013-06-10,0.46224413355313454
2013-06-11,0.46628017252787946
2013-06-12,0.4712071006769659
2013-06-13,0.4357396087493002
2013-06-14,0.4365725481591267
2013-06-17,0.43431043690746785
2013-06-18,0.43350778840231174
2013-06-19,0.4379849001120545
2013-06-20,0.4460413992430592
2013-06-21,0.4221919313199832
2013-06-24,0.4742659081859413
2013-06-25,0.471507228970212
2013-06-26,0.4673443692237793
2013-06-27,0.4630320868435869
2013-06-28,0.46265864155328973
2013-07-01,0.4587148073162012
2013-07-02,0.4609531603107243
2013-07-03,0.4606650422298906
2013-07-05,0.457337109121134
2013-07-08,0.45582405811414706
2013-07-09,0.4555733186791233
2013-07-10,0.4571598378434192
2013-07-11,0.45406535308359997
2013-07-12,0.4529094569580797
2013-07-15,0.45026010696299845
2013-07-16,0.4524718178844769
2013-07-17,0.4530271849052868
2013-07-18,0.4789118203901762
2013-07-19,0.47974267985715835
2013-07-22,0.4485995795074995
2013-07-23,0.4507594866723085
2013-07-24,0.4511636997511127
2013-07-25,0.44911474773826654
2013-07-26,0.4503680145613125
2013-07-29,0.4506170360367491
2013-07-30,0.44731441247348114
2013-07-31,0.41567199353458906
2013-08-01,0.41157349665538545
2013-08-02,0.4103869710813439
2013-08-05,0.41014839837674544
2013-08-06,0.41361154028587754
2013-08-07,0.38247118368649113
2013-08-08,0.36546715833795373
2013-08-09,0.3555706846956903
2013-08-12,0.3568389966009513
2013-08-13,0.35109822277923475
2013-08-14,0.35176680971212193
2013-08-15,0.35631663898833166
2013-08-16,0.3367501199899712
2013-08-19,0.33689976514209374
2013-08-20,0.3305953851683946
2013-08-21,0.37966739505075364
2013-08-22,0.37532427376001176
2013-08-23,0.37504292002683537
2013-08-26,0.3745617223389289
2013-08-27,0.38201828490322054
2013-08-28,0.4053010586277124
2013-08-29,0.4038206273914392
2013-08-30,0.4064080184565112
2013-09-03,0.4025963992517988
2013-09-04,0.4005094821812426
2013-09-05,0.39899707538746987
2013-09-06,0.3992927458245007
2013-09-09,0.39499709263835525
2013-09-10,0.3915164516950974
2013-09-11,0.39083927316949907
2013-09-12,0.39265678165418905
2013-09-13,0.36125219478289217
2013-09-16,0.35628878340109316
2013-09-17,0.35481649242370317
2013-09-18,0.35489780271348825
2013-09-19,0.35546203136965815
2013-09-20,0.3532080948741242
2013-09-23,0.39973212780785794
2013-09-24,0.39989065780553024
2013-09-25,0.4001769473112877
2013-09-26,0.39686155884209484
2013-09-27,0.3977992767948597
2013-09-30,0.34771645839508314
2013-10-01,0.3246759325041474
2013-10-02,0.3237195189874006
2013-10-03,0.3250656388715749
2013-10-04,0.32196398933456527
2013-10-07,0.3274010395200482
2013-10-08,0.38599964719157487
2013-10-09,0.39198791538725364
2013-10-10,0.4357891529206489
2013-10-11,0.4152023471511783
2013-10-14,0.41192166975312183
2013-10-15,0.41268329501338075
2013-10-16,0.40636515929412387
2013-10-17,0.4050757837018961
2013-10-18,0.40257574083419945
2013-10-21,0.4031498728724252
2013-10-22,0.40034562463475454
2013-10-23,0.403568740022499
2013-10-24,0.40325620357567293
2013-10-25,0.4042161230214073
2013-10-28,0.40597061331498474
2013-10-29,0.40518607602760104
2013-10-30,0.43193831597506993
2013-10-31,0.4325435894586084
2013-11-01,0.43042715922984753
2013-11-04,0.4739971037575965
2013-11-05,0.47742090965433415
2013-11-06,0.48429871272372604
2013-11-07,0.4931450304607651
2013-11-08,0.4816775969518967
2013-11-11,0.5103173294697845
2013-11-12,0.5113567091172742
2013-11-13,0.5059277614408952
2013-11-14,0.5076623537275368
2013-11-15,0.505744002319888
2013-11-18,0.5070121398156038
2013-11-19,0.513280542361129
2013-11-20,0.5167176208349675
2013-11-21,0.509272683792334
2013-11-22,0.5076762096250459
2013-11-25,0.5093503018947212
2013-11-26,0.506531657990631
2013-11-27,0.5066074974973848
2013-11-29,0.508348024321376
2013-12-02,0.5094940134457929
2013-12-03,0.5084658155252652
2013-12-04,0.5093358429037456
2013-12-05,0.5083280060218768
2013-12-06,0.5299119524962042
2013-12-09,0.5319112339161831
2013-12-10,0.5316340800119783
2013-12-11,0.5369205424565975
2013-12-12,0.5327433622178703
2013-12-13,0.5302844838978917
2013-12-16,0.5266294748907709
2013-12-17,0.529732206843158
2013-12-18,0.5223531061005335
2013-12-19,0.523282368229445
2013-12-20,0.5200813476932352
2013-12-23,0.5178349630863892
2013-12-24,0.5177546160092759
2013-12-26,0.5156733898150456
2013-12-27,0.5179345350911787
2013-12-30,0.5175484706705858
2013-12-31,0.5155267728526425
2014-01-02,0.5165407726741768
2014-01-03,0.5164240086511308
2014-01-06,0.4885337612943311
2014-01-07,0.46577560893606984
2014-01-08,0.4635039153160647
2014-01-09,0.462816655256826
2014-01-10,0.49087556108386776
2014-01-13,0.4993162292317038
2014-01-14,0.4644503666528077
2014-01-15,0.4918442714943101
2014-01-16,0.4932523063892542
2014-01-17,0.4924172913400864
2014-01-21,0.4609347203791425
2014-01-22,0.4383425395527768
2014-01-23,0.4390279067509638
2014-01-24,0.4480235508824678
2014-01-27,0.50060504226933
2014-01-28,0.49368139673052036
2014-01-29,0.4958331038931223
2014-01-30,0.49108022980876376
2014-01-31,0.4918731723258931
2014-02-03,0.5023768931561412
2014-02-04,0.511685192169433
2014-02-05,0.5134938528044808
2014-02-06,0.4815143415518679
2014-02-07,0.4778333731273342
2014-02-10,0.4773324172927812
2014-02-11,0.47561321801822853
2014-02-12,0.4745767993790806
2014-02-13,0.4723213199258449
2014-02-14,0.47363555233387356
2014-02-18,0.46996414692886657
2014-02-19,0.4734468479008491
2014-02-20,0.4694694566875106
2014-02-21,0.4706932550462357
2014-02-24,0.47074117188369335
2014-02-25,0.45222833278539887
2014-02-26,0.45177771630831176
2014-02-27,0.45184302105329677
2014-02-28,0.4541091051454228
2014-03-03,0.45237472234416476
2014-03-04,0.4472455292905153
2014-03-05,0.44633043296826147
2014-03-06,0.41831330583402315
2014-03-07,0.4175411559337755
2014-03-10,0.4172188409586681
2014-03-11,0.4174626026002507
2014-03-12,0.4174265740177129
2014-03-13,0.422181748472763
2014-03-14,0.4234828002997082
2014-03-17,0.40484290127356604
2014-03-18,0.4020170296701635
2014-03-19,0.40395818705671827
2014-03-20,0.3746644000839421
2014-03-21,0.37958729346372566
2014-03-24,0.4656482549091914
2014-03-25,0.46218141628376785
2014-03-26,0.464725460407015
2014-03-27,0.4644991303243945
2014-03-28,0.46351021765805767
2014-03-31,0.46138661216388355
2014-04-01,0.457809170560575
2014-04-02,0.4352897040686159
2014-04-03,0.43772670713071493
2014-04-04,0.44228509374298774
2014-04-07,0.44205270937444263
2014-04-08,0.4398141480218908
2014-04-09,0.4367344863249152
2014-04-10,0.4428415102734131
2014-04-11,0.4149332335612931
2014-04-14,0.44096380268333457
2014-04-15,0.4086747899533414
2014-04-16,0.40393610382358847
2014-04-17,0.4006242182340447
2014-04-21,0.39562387268330745
2014-04-22,0.3952610852596391
2014-04-23,0.3953868337365527
2014-04-24,0.39523326202205067
2014-04-25,0.399331128961419
2014-04-28,0.40029659894910563
2014-04-29,0.39789895702825684
2014-04-30,0.396269200053349
2014-05-01,0.3941692053855338
2014-05-02,0.3932055524265262
2014-05-05,0.3954806821164413
2014-05-06,0.39222091609516496
2014-05-07,0.38823783192230876
2014-05-08,0.39345104517574625
2014-05-09,0.3337212651616709
2014-05-12,0.24965242181968683
2014-05-13,0.22863738791163113
2014-05-14,0.23034226986941142
2014-05-15,0.19274101146187494
2014-05-16,0.19083238325794905
2014-05-19,0.189071749608148
2014-05-20,0.1911207004555685
2014-05-21,0.18858984129942502
2014-05-22,0.18542304924016084
2014-05-23,0.18422597177655897
2014-05-27,0.18463113422841826
2014-05-28,0.18518550673149725
2014-05-29,0.18141902195095527
2014-05-30,0.1813139191443086
2014-06-02,0.18067999864037076
2014-06-03,0.18059423077639147
2014-06-04,0.17910636992471207
2014-06-05,0.17756708768325313
2014-06-06,0.1751955078306714
2014-06-09,0.23047136578020444
2014-06-10,0.23045722492462373
2014-06-11,0.2319692118764356
2014-06-12,0.2339479132090514
2014-06-13,0.23168789356333275
2014-06-16,0.28582120863449334
2014-06-17,0.28440954077496106
2014-06-18,0.2627362134586876
2014-06-19,0.3133290294754464
2014-06-20,0.34214651952003794
2014-06-23,0.3424114521337426
2014-06-24,0.3475893015099082
2014-06-25,0.34521970610026176
2014-06-26,0.3444779236879959
2014-06-27,0.3431318954173169
2014-06-30,0.3408375074897375
2014-07-01,0.39339376184662245
2014-07-02,0.39208415254936124
2014-07-03,0.39017709255659816
2014-07-07,0.3929272328545711
2014-07-08,0.39624539817690085
2014-07-09,0.39300621784502143
2014-07-10,0.3941271196766333
2014-07-11,0.3932504901562942
2014-07-14,0.3912357754190061
2014-07-15,0.3936079136159727
2014-07-16,0.3907860106235004
2014-07-17,0.39519086884206756
2014-07-18,0.38651505307491574
2014-07-21,0.3863101570700306
2014-07-22,0.38479165693951534
2014-07-23,0.38473112894549444
2014-07-24,0.38597405269860197
2014-07-25,0.38967054477157104
2014-07-28,0.38994916602302676
2014-07-29,0.39210499353968353
2014-07-30,0.4456617982074419
2014-07-31,0.49917945274600994
2014-08-01,0.5059372201462701
2014-08-04,0.5023193687661281
2014-08-05,0.5041262876948616
2014-08-06,0.5052062074320933
2014-08-07,0.5069630752340581
2014-08-08,0.48405529376723955
2014-08-11,0.4806927146868476
2014-08-12,0.48096348102084396
2014-08-13,0.4778818271604355
2014-08-14,0.4783912531003168
2014-08-15,0.47793154494101975
2014-08-18,0.4743174346016905
2014-08-19,0.47317938647219826
2014-08-20,0.47266230799594877
2014-08-21,0.476255479098325
2014-08-22,0.47584612021835226
2014-08-25,0.47706675332106774
2014-08-26,0.4770245019029967
2014-08-27,0.47336893536716784
2014-08-28,0.47162884354534684
2014-08-29,0.5019513568257563
2014-09-02,0.5006228611681247
2014-09-03,0.4985463414115495
2014-09-04,0.4983124601454427
2014-09-05,0.46711290305575737
2014-09-08,0.4676731551285007
2014-09-09,0.4692914005376032
2014-09-10,0.44996926506974066
2014-09-11,0.4494490969581926
2014-09-12,0.45409872044881083
2014-09-15,0.43129806667286397
2014-09-16,0.4388063111492345
2014-09-17,0.4063462223933776
2014-09-18,0.4029730326691956
2014-09-19,0.40626173252254727
2014-09-22,0.4069173134837334
2014-09-23,0.38836836212393755
2014-09-24,0.38586769677402444
2014-09-25,0.389981600720413
2014-09-26,0.3833439520603096
2014-09-29,0.38321742918357315
2014-09-30,0.38514080335843237
2014-10-01,0.3935222945169141
2014-10-02,0.4411996343835667
2014-10-03,0.4077543043504499
2014-10-06,0.4062559777681084
2014-10-07,0.5094750286114345
2014-10-08,0.4576948143917917
2014-10-09,0.46284134946753364
2014-10-10,0.5631116083169645
2014-10-13,0.5166621311981279
2014-10-14,0.5617203599697742
2014-10-15,0.5641582745192055
2014-10-16,0.653714758439105
2014-10-17,0.7504225220932228
2014-10-20,0.7969081188264716
2014-10-21,0.792764671599387
2014-10-22,0.7922076451660072
2014-10-23,0.7892919572672568
2014-10-24,0.7886765379207256
2014-10-27,0.7883574014032725
2014-10-28,0.7829539472132918
2014-10-29,0.7841195054789305
2014-10-30,0.7837141791376582
2014-10-31,0.7802691660499913
2014-11-03,0.7808696573397247
2014-11-04,0.7793171644817708
2014-11-05,0.7801118650427921
2014-11-06,0.6293588116060199
2014-11-07,0.5804797069300873
2014-11-10,0.5281348065441187
2014-11-11,0.4770824601699841
2014-11-12,0.47593295627119836
2014-11-13,0.4776973670790192
2014-11-14,0.48099366298016233
2014-11-17,0.48119059786721474
2014-11-18,0.47792826573338976
2014-11-19,0.44921757244307003
2014-11-20,0.4492902823411241
2014-11-21,0.4495289451256983
2014-11-24,0.406605983899464
2014-11-25,0.40595648605693124
2014-11-26,0.3733791321145151
2014-11-28,0.3739693308795311
2014-12-01,0.3750890344986849
2014-12-02,0.3699019518039849
2014-12-03,0.3684681057215412
2014-12-04,0.3484520207260208
2014-12-05,0.3474546118136338
2014-12-08,0.347230838790589
2014-12-09,0.34591030278215407
2014-12-10,0.35083610611891636
2014-12-11,0.34531007022574645
2014-12-12,0.31890913719780933
2014-12-15,0.321725704775241
2014-12-16,0.32292578832567487
2014-12-17,0.3391449789046841
2014-12-18,0.3163320082440584
2014-12-19,0.3160993376317711
2014-12-22,0.31688917290913465
2014-12-23,0.30021205872243095
2014-12-24,0.34214792938793437
2014-12-26,0.34193532869825616
2014-12-29,0.3422347054548259
2014-12-30,0.34381450222937593
2014-12-31,0.34554611908040134
2015-01-02,0.345358739795007
2015-01-05,0.34597638605687175
2015-01-06,0.3474686385631691
2015-01-07,0.34379342961984016
2015-01-08,0.33882975474937616
2015-01-09,0.34159556793854995
2015-01-12,0.3440322237905258
2015-01-13,0.34271325699290445
2015-01-14,0.34198808434362393
2015-01-15,0.34367824560956006
2015-01-16,0.44293141652727086
2015-01-20,0.4434292081857988
2015-01-21,0.3947147771411127
2015-01-22,0.36205458516318423
2015-01-23,0.34153174945723463
2015-01-26,0.339203947585453
2015-01-27,0.341162063744726
2015-01-28,0.34359790586766403
2015-01-29,0.34113372051253343
2015-01-30,0.393976687979564
2015-02-02,0.3648536955407944
2015-02-03,0.3655166702927999
2015-02-04,0.4375277960223767
2015-02-05,0.4354737336255997
2015-02-06,0.43660742475983194
2015-02-09,0.3090659555535652
2015-02-10,0.2854648488217363
2015-02-11,0.2852071171891941
2015-02-12,0.2836263031449011
2015-02-13,0.2836787486374688
2015-02-17,0.2828825488117489
2015-02-18,0.28130216006428077
2015-02-19,0.2810888603686059
2015-02-20,0.336573803308423
2015-02-23,0.33620210195128564
2015-02-24,0.3345790374789782
2015-02-25,0.33414453999430116
2015-02-26,0.3328615514595836
2015-02-27,0.3287953087233422
2015-03-02,0.3841625833383999
2015-03-03,0.44290911025020274
2015-03-04,0.44401600029497956
2015-03-05,0.4422887522486766
2015-03-06,0.4739298278069052
2015-03-09,0.46718709174122675
2015-03-10,0.46658212502129737
2015-03-11,0.46527861513192703
2015-03-12,0.46497155661639455
2015-03-13,0.46377082144025616
2015-03-16,0.4351199241128276
2015-03-17,0.4355463362568014
2015-03-18,0.43519225064172784
2015-03-19,0.4336215086362952
2015-03-20,0.48690548699729685
2015-03-23,0.4868561002581008
2015-03-24,0.4582214455693654
2015-03-25,0.4446715298961401
2015-03-26,0.44140035230944275
2015-03-27,0.43622633737916594
2015-03-30,0.4338440871245689
2015-03-31,0.4339918512507266
2015-04-01,0.4355353102816325
2015-04-02,0.43558272331950676
2015-04-06,0.43630833001339686
2015-04-07,0.4366513708940608
2015-04-08,0.43290586119102814
2015-04-09,0.4327471227395362
2015-04-10,0.43189762207581284
2015-04-13,0.43154243514356583
2015-04-14,0.43440095492923425
2015-04-15,0.43398080655282256
2015-04-16,0.4319727376553386
2015-04-17,0.43577410773656666
2015-04-20,0.48511450905019693
2015-04-21,0.4828459281785732
2015-04-22,0.4831456046062611
2015-04-23,0.48040537595510135
2015-04-24,0.48141204738345467
2015-04-27,0.48595062214944496
2015-04-28,0.48455671347461104
2015-04-29,0.4867874937793837
2015-04-30,0.4749374925517099
2015-05-01,0.4830741283110155
2015-05-04,0.4517294153154964
2015-05-05,0.4553307310231606
2015-05-06,0.4542364715881265
2015-05-07,0.4511952305618957
2015-05-08,0.4519092807655962
2015-05-11,0.45505612717303956
2015-05-12,0.45572777018235
2015-05-13,0.455862900639438
2015-05-14,0.4535974363770565
2015-05-15,0.4578537997627212
2015-05-18,0.45595419324145803
2015-05-19,0.45546361740270447
2015-05-20,0.4561907284577452
2015-05-21,0.45713285917816016
2015-05-22,0.45714753324703095
2015-05-26,0.4601376628630476
2015-05-27,0.45682113568112437
2015-05-28,0.456687167310765
2015-05-29,0.45659651319158867
2015-06-01,0.4572468909718771
2015-06-02,0.42779703800480673
2015-06-03,0.40517421401895304
2015-06-04,0.3883200139070502
2015-06-05,0.38693812104837644
2015-06-08,0.3891006780545676
2015-06-09,0.38601550364738924
2015-06-10,0.38363366456496784
2015-06-11,0.38274004104712356
2015-06-12,0.38281426334593527
2015-06-15,0.3835760515324732
2015-06-16,0.3808387522874114
2015-06-17,0.3786372104836452
2015-06-18,0.3751732553187821
2015-06-19,0.3760945065954321
2015-06-22,0.3745695061441262
2015-06-23,0.37459517184901003
2015-06-24,0.3479421275007075
2015-06-25,0.34745462513809555
2015-06-26,0.38328927025566184
2015-06-29,0.39007195013497253
2015-06-30,0.3874290594538914
2015-07-01,0.38577452436582904
2015-07-02,0.3865952824483393
2015-07-06,0.38557921121149075
2015-07-07,0.4374222261699213
2015-07-08,0.44050604288139406
2015-07-09,0.43861495419287755
2015-07-10,0.43375208377051566
2015-07-13,0.43080917434028365
2015-07-14,0.4304358926625629
2015-07-15,0.43226439582840004
2015-07-16,0.43018808609156756
2015-07-17,0.4308616018771313
2015-07-20,0.43002406096273427
2015-07-21,0.4302574717849662
2015-07-22,0.42631513199612125
2015-07-23,0.4301948286125685
2015-07-24,0.42532443780401163
2015-07-27,0.4881338176967017
2015-07-28,0.4862522000230727
2015-07-29,0.48544459072514456
2015-07-30,0.47954686851984396
2015-07-31,0.47431340867108596
2015-08-03,0.47536425169445706
2015-08-04,0.47356153188333105
2015-08-05,0.47192974557086786
2015-08-06,0.478338413441748
2015-08-07,0.48061295789258085
2015-08-10,0.4744081351293994
2015-08-11,0.47509878322833543
2015-08-12,0.4770199385002264
2015-08-13,0.47471969095120414
2015-08-14,0.4737889562365343
2015-08-17,0.4731278357474882
2015-08-18,0.4743127998728518
2015-08-19,0.4456027884130057
2015-08-20,0.45048657293049166
2015-08-21,0.5027713441821433
2015-08-24,0.8947728120683514
2015-08-25,1.0
2015-08-26,1.0
2015-08-27,1.0
2015-08-28,1.0
2015-08-31,1.0
2015-09-01,1.0
2015-09-02,1.0
2015-09-03,1.0
2015-09-04,1.0
2015-09-08,1.0
2015-09-09,1.0
2015-09-10,1.0
2015-09-11,1.0
2015-09-14,1.0
2015-09-15,1.0
2015-09-16,1.0
2015-09-17,1.0
2015-09-18,1.0
2015-09-21,1.0
2015-09-22,1.0
2015-09-23,1.0
2015-09-24,1.0
2015-09-25,1.0
2015-09-28,1.0
2015-09-29,1.0
2015-09-30,1.0
2015-10-01,1.0
2015-10-02,1.0
2015-10-05,1.0
2015-10-06,1.0
2015-10-07,1.0
2015-10-08,1.0
2015-10-09,1.0
2015-10-12,1.0
2015-10-13,1.0
2015-10-14,1.0
2015-10-15,1.0
2015-10-16,1.0
2015-10-19,1.0
2015-10-20,1.0
2015-10-21,1.0
2015-10-22,1.0
2015-10-23,1.0
2015-10-26,1.0
2015-10-27,0.8504033245921978
2015-10-28,0.7491891224908558
2015-10-29,0.6014364621721594
2015-10-30,0.5043440181538039
2015-11-02,0.5029966241031296
2015-11-03,0.5038626243051372
2015-11-04,0.49820182321272244
2015-11-05,0.49735298444980836
2015-11-06,0.49566319692962413
2015-11-09,0.49834175452855956
2015-11-10,0.4956252852957168
2015-11-11,0.49474262431572835
2015-11-12,0.49840769885240066
2015-11-13,0.5013004192978673
2015-11-16,0.4985473891586414
2015-11-17,0.49635103932784486
2015-11-18,0.49460347111922565
2015-11-19,0.49338902469515056
2015-11-20,0.46119155488256713
2015-11-23,0.4575586232174276
2015-11-24,0.45838182511404124
2015-11-25,0.4582548321211857
2015-11-27,0.4569000688456677
2015-11-30,0.45827125450282125
2015-12-01,0.45759016757357807
2015-12-02,0.45739889437138403
2015-12-03,0.46104547664899087
2015-12-04,0.45469592484689125
2015-12-07,0.4562492671514503
2015-12-08,0.45783082383476603
2015-12-09,0.4625712612322177
2015-12-10,0.46265572898341045
2015-12-11,0.46138483633573524
2015-12-14,0.5117455003156566
2015-12-15,0.560790487274705
2015-12-16,0.6047565688201813
2015-12-17,0.4560385490502893
2015-12-18,0.4589095195186883
2015-12-21,0.5385449751821152
2015-12-22,0.5381554835506184
2015-12-23,0.5372567441347422
2015-12-24,0.5367484646410461
2015-12-28,0.5354938898012216
2015-12-29,0.5828742817430981
2015-12-30,0.5848557441983226
2015-12-31,0.5884314932083193
2016-01-04,0.613983638942376
2016-01-05,0.6405618107366646
2016-01-06,0.6427517796472553
2016-01-07,0.6940175545327123
2016-01-08,0.7407953207429632
2016-01-11,0.7867414135648189
2016-01-12,0.8357327626726242
2016-01-13,0.8376161886089455
2016-01-14,0.8402602996752764
2016-01-15,0.8416332416936284
2016-01-19,0.8085060444609083
2016-01-20,0.7927957345636734
2016-01-21,0.8970131859650499
2016-01-22,0.8936065900191795
2016-01-25,0.8939326391437726
2016-01-26,0.8938495464234814
2016-01-27,0.895303445765591
2016-01-28,0.8916551698685885
2016-01-29,0.8912354386787514
2016-02-01,0.8900418469098539
2016-02-02,0.8912163625910224
2016-02-03,0.8925596767416224
2016-02-04,0.8947648798583828
2016-02-05,0.9003799436128228
2016-02-08,1.0
2016-02-09,1.0
2016-02-10,1.0
2016-02-11,1.0
2016-02-12,1.0
2016-02-16,1.0
2016-02-17,1.0
2016-02-18,1.0
2016-02-19,1.0
2016-02-22,1.0
2016-02-23,1.0
2016-02-24,1.0
2016-02-25,1.0
2016-02-26,1.0
2016-02-29,1.0
2016-03-01,1.0
2016-03-02,1.0
2016-03-03,1.0
2016-03-04,1.0
2016-03-07,1.0
2016-03-08,1.0
2016-03-09,1.0
2016-03-10,1.0
2016-03-11,1.0
2016-03-14,0.800336055314639
2016-03-15,0.7519601310662446
2016-03-16,0.5014635012316035
2016-03-17,0.4999278806124048
2016-03-18,0.5023881699675234
2016-03-21,0.5029202702361635
2016-03-22,0.5025526943250131
2016-03-23,0.5028911617368166
2016-03-24,0.5013577235480786
2016-03-28,0.5003978971177985
2016-03-29,0.49503199948153465
2016-03-30,0.4942549844741422
2016-03-31,0.49569510939118566
2016-04-01,0.49370793114971734
2016-04-04,0.4941205756121877
2016-04-05,0.4983033473643407
2016-04-06,0.49704832269264776
2016-04-07,0.4985383211704689
2016-04-08,0.4950558706782747
2016-04-11,0.4951298392050607
2016-04-12,0.4945465788772013
2016-04-13,0.4931175868623714
2016-04-14,0.4918674510539539
2016-04-15,0.4907607317528432
2016-04-18,0.48942260254245196
2016-04-19,0.4924237199145354
2016-04-20,0.4876402932361935
2016-04-21,0.4922677214398544
2016-04-22,0.48775007807579096
2016-04-25,0.4868311025855674
2016-04-26,0.4847458114867761
2016-04-27,0.4831732891837207
2016-04-28,0.48595984982546303
2016-04-29,0.4883569016413747
2016-05-02,0.4857528013301369
2016-05-03,0.48751453596242755
2016-05-04,0.4850799900946865
2016-05-05,0.4835418104462105
2016-05-06,0.481291000728871
2016-05-09,0.48297623333146666
2016-05-10,0.47995190437325685
2016-05-11,0.4813364603385407
2016-05-12,0.48031689805270406
2016-05-13,0.48105696786375196
2016-05-16,0.47506444198370923
2016-05-17,0.4792770509706781
2016-05-18,0.48107904619653064
2016-05-19,0.4215530903103235
2016-05-20,0.4000780320434113
2016-05-23,0.4003788507495418
2016-05-24,0.3958975597628396
2016-05-25,0.3965389371746304
2016-05-26,0.3930598574222871
2016-05-27,0.39283217975324236
2016-05-31,0.3918338309567049
2016-06-01,0.38962397820313366
2016-06-02,0.4188714885945478
2016-06-03,0.4165511920534427
2016-06-06,0.4172057360538117
2016-06-07,0.4157805789752125
2016-06-08,0.4127208780097963
2016-06-09,0.4406123212927674
2016-06-10,0.4415177227144639
2016-06-13,0.4431987482593248
2016-06-14,0.41249792430416976
2016-06-15,0.41206696445484703
2016-06-16,0.390820160463371
2016-06-17,0.3916642029169656
2016-06-20,0.3884474404747895
2016-06-21,0.3876533217786653
2016-06-22,0.38875949167781654
2016-06-23,0.38546499149567104
2016-06-24,0.33696325602000876
2016-06-27,0.3379325249860158
2016-06-28,0.41159126026263326
2016-06-29,0.29129416932702956
2016-06-30,0.2866982480167858
2016-07-01,0.34356143351879664
2016-07-05,0.34273579285541655
2016-07-06,0.34298976652092017
2016-07-07,0.34504743226017964
2016-07-08,0.34254738244850025
2016-07-11,0.3413440172408918
2016-07-12,0.3429009710307406
2016-07-13,0.34261697168607863
2016-07-14,0.34369231960579905
2016-07-15,0.3434173502522131
2016-07-18,0.3435719729098693
2016-07-19,0.34521077435710856
2016-07-20,0.3444466127760871
2016-07-21,0.34427586123148135
2016-07-22,0.3423045123372217
2016-07-25,0.39232982487539614
2016-07-26,0.39321841896615184
2016-07-27,0.3953077306072412
2016-07-28,0.3923419435971198
2016-07-29,0.3912264253929436
2016-08-01,0.3938095471938279
2016-08-02,0.3934719950401223
2016-08-03,0.38978113461562747
2016-08-04,0.38927173326481646
2016-08-05,0.3879396990794959
2016-08-08,0.44370811156740575
2016-08-09,0.42281066355758945
2016-08-10,0.4245843551740899
2016-08-11,0.42140766637927785
2016-08-12,0.4201894328887996
2016-08-15,0.41882616319846644
2016-08-16,0.4222863811983303
2016-08-17,0.4301558248033812
2016-08-18,0.42769762077988116
2016-08-19,0.4273474499213542
2016-08-22,0.4270230879980259
2016-08-23,0.4259525334723123
2016-08-24,0.4008027623655941
2016-08-25,0.3915407374374096
2016-08-26,0.39244218897996863
2016-08-29,0.3912664847307371
2016-08-30,0.36889280911304967
2016-08-31,0.3693626654197151
2016-09-01,0.33915010881732
2016-09-02,0.3328519057149142
2016-09-06,0.33318737086398453
2016-09-07,0.33576616959066785
2016-09-08,0.3368046709300254
2016-09-09,0.36785609053087365
2016-09-12,0.39020241522705357
2016-09-13,0.3941373230880725
2016-09-14,0.3717049756246569
2016-09-15,0.3662620707079628
2016-09-16,0.36659733186948507
2016-09-19,0.36625675273164693
2016-09-20,0.3645144008008355
2016-09-21,0.39439945354690475
2016-09-22,0.3929066543940152
2016-09-23,0.3960544316177611
2016-09-26,0.3980225787878765
2016-09-27,0.39524647318600903
2016-09-28,0.395328019452136
2016-09-29,0.40052274378538133
2016-09-30,0.3987155334853364
2016-10-03,0.4566547770312045
2016-10-04,0.4534519786894854
2016-10-05,0.45218782874504504
2016-10-06,0.45392236804818376
2016-10-07,0.5059845061641002
2016-10-10,0.5037894661412421
2016-10-11,0.5080574085526746
2016-10-12,0.511040934233522
2016-10-13,0.4841246783908584
2016-10-14,0.4843592960596387
2016-10-17,0.4851758245461617
2016-10-18,0.48378416180377637
2016-10-19,0.4836822788842041
2016-10-20,0.4859018426698136
2016-10-21,0.4862078478833972
2016-10-24,0.48675554948762456
2016-10-25,0.4896102078098422
2016-10-26,0.4916914484559619
2016-10-27,0.49850369077249823
2016-10-28,0.4934129550344296
2016-10-31,0.4918177015512485
2016-11-01,0.49401891468113934
2016-11-02,0.49986389352459326
2016-11-03,0.4980254564825375
2016-11-04,0.4994420648049064
2016-11-07,0.49403712205765526
2016-11-08,0.49439887229556523
2016-11-09,0.4892061964399197
2016-11-10,0.48903286787192823
2016-11-11,0.4836957910759908
2016-11-14,0.4830930969419408
2016-11-15,0.4823099923080453
2016-11-16,0.48240338258094706
2016-11-17,0.48125359440237314
2016-11-18,0.47862347298720254
2016-11-21,0.47684847992509793
2016-11-22,0.47456470262294226
2016-11-23,0.4736889013899037
2016-11-25,0.47325492194741514
2016-11-28,0.5032195161604691
2016-11-29,0.5032191943964244
2016-11-30,0.5050315898218872
2016-12-01,0.5118012252742524
2016-12-02,0.723017550162858
2016-12-05,0.5210666187342006
2016-12-06,0.5193398640141325
2016-12-07,0.5153640215013813
2016-12-08,0.5437349352113002
2016-12-09,0.5728700996566971
2016-12-12,0.5754021146327751
2016-12-13,0.5732059637052229
2016-12-14,0.5758306922427336
2016-12-15,0.5728976129245263
2016-12-16,0.5748542467945561
2016-12-19,0.5737313368579698
2016-12-20,0.5717864311781526
2016-12-21,0.6016078277568042
2016-12-22,0.6023599156038916
2016-12-23,0.6020682269558327
2016-12-27,0.6014451581692546
2016-12-28,0.6039651462394093
2016-12-29,0.605280101448971
2016-12-30,0.6071300871145424
2017-01-03,0.6042374190996127
2017-01-04,0.601388740564786
2017-01-05,0.6030988703287316
2017-01-06,0.6042385433143243
2017-01-09,0.6032360170505158
2017-01-10,0.598747703441427
2017-01-11,0.5983381005386271
2017-01-12,0.6265156517707293
2017-01-13,0.6247503436663975
2017-01-17,0.6285413065851181
2017-01-18,0.6271725137151407
2017-01-19,0.623609742181821
2017-01-20,0.6015532625753326
2017-01-23,0.6025108544849558
2017-01-24,0.5757967235208588
2017-01-25,0.5731072606418737
2017-01-26,0.5718859044614734
2017-01-27,0.571423586765511
2017-01-30,0.5735898530364092
2017-01-31,0.5515800382764846
2017-02-01,0.5503249843338149
2017-02-02,0.5517689824715708
2017-02-03,0.5498317469730545
2017-02-06,0.5505430337309197
2017-02-07,0.5497692581610822
2017-02-08,0.5505042461345198
2017-02-09,0.5478184149241585
2017-02-10,0.5481869147634149
2017-02-13,0.5481147323425208
2017-02-14,0.5480222077750078
2017-02-15,0.5457981052959373
2017-02-16,0.5458925510356099
2017-02-17,0.5094846073916053
2017-02-21,0.50663071990689
2017-02-22,0.506685488555852
2017-02-23,0.5064673850336231
2017-02-24,0.505811098259089
2017-02-27,0.5045521335416966
2017-02-28,0.506921896613146
2017-03-01,0.5008839393678364
2017-03-02,0.5348459858781536
2017-03-03,0.5346777368070643
2017-03-06,0.5039921444880686
2017-03-07,0.484947358785339
2017-03-08,0.4852779576672851
2017-03-09,0.48544917121907916
2017-03-10,0.4832745875810468
2017-03-13,0.48060050476346416
2017-03-14,0.4814323332791096
2017-03-15,0.47904584144771856
2017-03-16,0.47783825006590797
2017-03-17,0.4773566394141501
2017-03-20,0.4755276936918802
2017-03-21,0.48425575706980784
2017-03-22,0.5137567703082105
2017-03-23,0.5123613692243983
2017-03-24,0.5122995691101473
2017-03-27,0.4835511957459071
2017-03-28,0.4820809525408881
2017-03-29,0.48190843689370133
2017-03-30,0.47996331790802504
2017-03-31,0.45941073820818645
2017-04-03,0.461685649107205
2017-04-04,0.4615034879689023
2017-04-05,0.46514365761243626
2017-04-06,0.4426627621280723
2017-04-07,0.4407983117776454
2017-04-10,0.44078695381305133
2017-04-11,0.441071894527611
2017-04-12,0.4448861194493804
2017-04-13,0.4244048247270623
2017-04-17,0.42019276803004524
2017-04-18,0.42007717787262533
2017-04-19,0.4159816688263911
2017-04-20,0.41168136038426717
2017-04-21,0.41194107309331174
2017-04-24,0.40800809944336236
2017-04-25,0.4065867690309113
2017-04-26,0.4062759276715272
2017-04-27,0.3996207333673295
2017-04-28,0.4015026298632006
2017-05-01,0.3969299437239374
2017-05-02,0.4264965752670482
2017-05-03,0.4260681848144122
2017-05-04,0.42431994508064974
2017-05-05,0.42233368119913306
2017-05-08,0.45170493461385597
2017-05-09,0.44952364999403815
2017-05-10,0.500744694735614
2017-05-11,0.5453788344229432
2017-05-12,0.5463858054684776
2017-05-15,0.543259589222173
2017-05-16,0.540815094463573
2017-05-17,0.5198019934400072
2017-05-18,0.5157412716687432
2017-05-19,0.5139080005604884
2017-05-22,0.48992461315734237
2017-05-23,0.5184648843777314
2017-05-24,0.5176611020408003
2017-05-25,0.5168832286923246
2017-05-26,0.5144167261293331
2017-05-30,0.5166790547366951
2017-05-31,0.5161862581285823
2017-06-01,0.5116770833195237
2017-06-02,0.5091945958744593
2017-06-05,0.5108527415492243
2017-06-06,0.5106679574021117
2017-06-07,0.5070551443989687
2017-06-08,0.5044842662841416
2017-06-09,0.5117116171884228
2017-06-12,0.48652240765629884
2017-06-13,0.48397725831611915
2017-06-14,0.4865485165011131
2017-06-15,0.4710104626578213
2017-06-16,0.4385607562290267
2017-06-19,0.4358115539227594
2017-06-20,0.4394669842610428
2017-06-21,0.43426678320582957
2017-06-22,0.43515356900301405
2017-06-23,0.41137267405166933
2017-06-26,0.41333197748610206
2017-06-27,0.417843084194937
2017-06-28,0.4194852078739647
2017-06-29,0.42528644064097343
2017-06-30,0.4168448819934373
2017-07-03,0.41782892298660357
2017-07-05,0.385535837298036
2017-07-06,0.36876734307026315
2017-07-07,0.4660866916114227
2017-07-10,0.46638639378367286
2017-07-11,0.46643563426154466
2017-07-12,0.4650473381504019
2017-07-13,0.4654002035816214
2017-07-14,0.4647740922099831
2017-07-17,0.48300491945484814
2017-07-18,0.4844227304550399
2017-07-19,0.47754278504888015
2017-07-20,0.478256905782139
2017-07-21,0.472804744214411
2017-07-24,0.47032361039376536
2017-07-25,0.5014734026632872
2017-07-26,0.502217783700609
2017-07-27,0.505334911776104
2017-07-28,0.48187656278640156
2017-07-31,0.484366334329854
2017-08-01,0.4820999278687187
2017-08-02,0.47773171139377046
2017-08-03,0.47444391488506044
2017-08-04,0.4755509117495348
2017-08-07,0.4744127644773827
2017-08-08,0.4743824818084582
2017-08-09,0.4735343869927827
2017-08-10,0.48091699868529225
2017-08-11,0.5254125152201983
2017-08-14,0.5256363975734449
2017-08-15,0.5251861840020169
2017-08-16,0.5200214148207902
2017-08-17,0.4937960880852984
2017-08-18,0.4941659024726365
2017-08-21,0.49264864140546016
2017-08-22,0.4703422056179263
2017-08-23,0.47112325423941226
2017-08-24,0.47051505276928673
2017-08-25,0.47120730745272765
2017-08-28,0.4700909410505141
2017-08-29,0.4706970185374528
2017-08-30,0.4686959212645665
2017-08-31,0.4656970404224857
2017-09-01,0.4654829978653422
2017-09-05,0.4646604341636338
2017-09-06,0.46562224723381906
2017-09-07,0.4627249040537008
2017-09-08,0.46279481774266806
2017-09-11,0.4592391279101561
2017-09-12,0.4889615755234551
2017-09-13,0.4910708161195263
2017-09-14,0.48745895077098855
2017-09-15,0.48783085569296025
2017-09-18,0.4844201125274926
2017-09-19,0.4847940215818012
2017-09-20,0.514309570682733
2017-09-21,0.5164030151141399
2017-09-22,0.5138642266320564
2017-09-25,0.49326437849210425
2017-09-26,0.49312614199910243
2017-09-27,0.49014790827175647
2017-09-28,0.49015697376429024
2017-09-29,0.4882975477244069
2017-10-02,0.4859769713602269
2017-10-03,0.48602518197960676
2017-10-04,0.4610798039107614
2017-10-05,0.4590815616559927
2017-10-06,0.4579742629013941
2017-10-09,0.4590474152638979
2017-10-10,0.45929035021386133
2017-10-11,0.4573487434851956
2017-10-12,0.5132919459143366
2017-10-13,0.5094954586569543
2017-10-16,0.5094903673683124
2017-10-17,0.5400385227785044
2017-10-18,0.5400189303203053
2017-10-19,0.5385668502291032
2017-10-20,0.532703129335476
2017-10-23,0.5337195434560444
2017-10-24,0.5317201818615773
2017-10-25,0.5326200210531009
2017-10-26,0.530715079879297
2017-10-27,0.5231195969811808
2017-10-30,0.5228650765212822
2017-10-31,0.5203069521518431
2017-11-01,0.5234865713888732
2017-11-02,0.5227726693186352
2017-11-03,0.5223562359304799
2017-11-06,0.5180212378940332
2017-11-07,0.5187140895645233
2017-11-08,0.5137847003457218
2017-11-09,0.5152542980838613
2017-11-10,0.5118512963047026
2017-11-13,0.509728994393148
2017-11-14,0.5100376556328196
2017-11-15,0.48292904335795817
2017-11-16,0.47906854414913536
2017-11-17,0.50749510265562
2017-11-20,0.48594828867644047
2017-11-21,0.48264941813888207
2017-11-22,0.4830138384011917
2017-11-24,0.4820786901789693
2017-11-27,0.4855218019176015
2017-11-28,0.48375514730675206
2017-11-29,0.4910243866216837
2017-11-30,0.5174969490259353
2017-12-01,0.5200187616512946
2017-12-04,0.5092197144812245
2017-12-05,0.5022404427971818
2017-12-06,0.5014993814443389
2017-12-07,0.49723242052747185
2017-12-08,0.4964056926334065
2017-12-11,0.4978787744553519
2017-12-12,0.49840470273749127
2017-12-13,0.49768359319437794
2017-12-14,0.48038697221511206
2017-12-15,0.45104464280895684
2017-12-18,0.4498035745144515
2017-12-19,0.45113282901672225
2017-12-20,0.44876276091515954
2017-12-21,0.4486119590481563
2017-12-22,0.4612298178046562
2017-12-26,0.4604585152116334
2017-12-27,0.46142791731751065
2017-12-28,0.4888970458362407
2017-12-29,0.4912282819410052
2018-01-02,0.4883066618129118
2018-01-03,0.4877402949656726
2018-01-04,0.4894433344089323
2018-01-05,0.48916594314653494
2018-01-08,0.4875051907971387
2018-01-09,0.5377557260388517
2018-01-10,0.5053414113675399
2018-01-11,0.4513334482028235
2018-01-12,0.44981777516279275
2018-01-16,0.45504133133711466
2018-01-17,0.48014038649983326
2018-01-18,0.48124303860861106
2018-01-19,0.4769037311144185
2018-01-22,0.4714696664330853
2018-01-23,0.4696772593735402
2018-01-24,0.4748543477709656
2018-01-25,0.5225002214812562
2018-01-26,0.5126150776816993
2018-01-29,0.5149762598028811
2018-01-30,0.5190136471137671
2018-01-31,0.5197309065367641
2018-02-01,0.4899208202455543
2018-02-02,0.47310272783305596
2018-02-05,0.45915289574688023
2018-02-06,0.4495045944810173
2018-02-07,0.4484510980968758
2018-02-08,0.4594926453057373
2018-02-09,0.6910712973479979
2018-02-12,0.6910268253631023
2018-02-13,0.7348571149568285
2018-02-14,0.7283660512424873
2018-02-15,0.727406302004511
2018-02-16,0.7279609957476856
2018-02-20,0.7295972451838384
2018-02-21,0.730416530522571
2018-02-22,0.7296565525823955
2018-02-23,0.7295087488925538
2018-02-26,0.7266167577738507
2018-02-27,0.7300489107712627
2018-02-28,0.7300718572394864
2018-03-01,0.7322169859627232
2018-03-02,0.6997862248755272
2018-03-05,0.698464433493598
2018-03-06,0.6951237251459532
2018-03-07,0.6853865989151269
2018-03-08,0.7500295175186544
2018-03-09,0.7485013723410143
2018-03-12,0.7488458589579727
2018-03-13,0.6692633831306308
2018-03-14,0.4993854904332877
2018-03-15,0.40040581797644026
2018-03-16,0.39992210939133455
2018-03-19,0.38089384134281035
2018-03-20,0.37858594321609473
2018-03-21,0.3772972008391243
2018-03-22,0.38384566555770816
2018-03-23,0.3877569131728691
2018-03-26,0.3776263686896931
2018-03-27,0.38365159431134
2018-03-28,0.38531825921245844
2018-03-29,0.4314677441241942
2018-04-02,0.4357977934795191
2018-04-03,0.5312476042425168
2018-04-04,0.5264982568451835
2018-04-05,0.5729872264765973
2018-04-06,0.6248355765034299
2018-04-09,0.7228618036237229
2018-04-10,0.716803258524696
2018-04-11,0.7163046028544072
2018-04-12,0.7148108376124565
2018-04-13,0.7170962774564368
2018-04-16,0.7165787138480062
2018-04-17,0.7134215058601518
2018-04-18,0.7142717614753711
2018-04-19,0.7165402624966521
2018-04-20,0.7202798033911322
2018-04-23,0.720267454789623
2018-04-24,0.4405960257325052
2018-04-25,0.42281007947066107
2018-04-26,0.416976203163836
2018-04-27,0.4202618707365904
2018-04-30,0.4207777377277061
2018-05-01,0.42620145933017595
2018-05-02,0.41755523599751665
2018-05-03,0.4164093593805398
2018-05-04,0.4161278279526063
2018-05-07,0.4162366960835464
2018-05-08,0.4611878775311916
2018-05-09,0.46039865621711673
2018-05-10,0.45971221677151464
2018-05-11,0.4586152919880885
2018-05-14,0.4613121141268238
2018-05-15,0.46044615357020746
2018-05-16,0.4565231215892066
2018-05-17,0.4847424495327505
2018-05-18,0.48595515135493195
2018-05-21,0.4852863286385952
2018-05-22,0.4895622935279418
2018-05-23,0.5043429592294567
2018-05-24,0.5005459892510893
2018-05-25,0.5002045307345722
2018-05-29,0.4683293551295902
2018-05-30,0.46509146369104193
2018-05-31,0.4661080344450045
2018-06-01,0.4601421177366958
2018-06-04,0.48550860984521005
2018-06-05,0.4815555459289208
2018-06-06,0.5099144798134079
2018-06-07,0.5124138536508747
2018-06-08,0.5113660877943593
2018-06-11,0.5121312573062218
2018-06-12,0.510447700253489
2018-06-13,0.47654240684128046
2018-06-14,0.4765237553174744
2018-06-15,0.5080400641922815
2018-06-18,0.5317758653102092
2018-06-19,0.5121041176912604
2018-06-20,0.5769497630584697
2018-06-21,0.5787235607241268
2018-06-22,0.5840051626658567
2018-06-25,0.5395601900885862
2018-06-26,0.5138858204088561
2018-06-27,0.5213599959018049
2018-06-28,0.5161518252951524
2018-06-29,0.5158138632448194
2018-07-02,0.5139907081454127
2018-07-03,0.5126602474948041
2018-07-05,0.5116145358682904
2018-07-06,0.5072542650327183
2018-07-09,0.5071509902142726
2018-07-10,0.5085920799313586
2018-07-11,0.5078163113205165
2018-07-12,0.5096842380876938
2018-07-13,0.5080773227471118
2018-07-16,0.5097383105669925
2018-07-17,0.5071192366485343
2018-07-18,0.5076428046015435
2018-07-19,0.5071854686485279
2018-07-20,0.4846629993807171
2018-07-23,0.4858811277645615
2018-07-24,0.48878128081089167
2018-07-25,0.48638985443600735
2018-07-26,0.4890987370121339
2018-07-27,0.5001289025980251
2018-07-30,0.4978953399353263
2018-07-31,0.5537423942929984
2018-08-01,0.5537504999553068
2018-08-02,0.5503552864429243
2018-08-03,0.5522038035367122
2018-08-06,0.5477698945686084
2018-08-07,0.5462831770663324
2018-08-08,0.5471658715094421
2018-08-09,0.5456900781292204
2018-08-10,0.5452235610002054
2018-08-13,0.5476355730805925
2018-08-14,0.5439010821108281
2018-08-15,0.5778818227762494
2018-08-16,0.5757374956855603
2018-08-17,0.5736274891924829
2018-08-20,0.5734345339346764
2018-08-21,0.5670997535201743
2018-08-22,0.5670401543341097
2018-08-23,0.5635959679372416
2018-08-24,0.5597317887768489
2018-08-27,0.5619139992112989
2018-08-28,0.5610634140055781
2018-08-29,0.5596434213666361
2018-08-30,0.5589707502186345
2018-08-31,0.5571908624728276
2018-09-04,0.5565718356959746
2018-09-05,0.5643927902009294
2018-09-06,0.532398315704214
2018-09-07,0.5318901931365858
2018-09-10,0.5300751349893971
2018-09-11,0.5279793407613458
2018-09-12,0.4978935582003591
2018-09-13,0.46687284261557904
2018-09-14,0.4152309087551156
2018-09-17,0.4188940742627728
2018-09-18,0.39545964044654913
2018-09-19,0.37757196484419797
2018-09-20,0.3766586907812096
2018-09-21,0.3779971199906449
2018-09-24,0.3756507516530728
2018-09-25,0.37349787335123286
2018-09-26,0.37292956974524316
2018-09-27,0.37166451207664386
2018-09-28,0.37077705181193676
2018-10-01,0.37200017807113683
2018-10-02,0.37683773841754886
2018-10-03,0.37546336678678316
2018-10-04,0.4254821777675529
2018-10-05,0.41282643483437764
2018-10-08,0.379550515550928
2018-10-09,0.38134380842081095
2018-10-10,0.391271761825039
2018-10-11,0.53006175758605
2018-10-12,0.6399354405033455
2018-10-15,0.4909858194240374
2018-10-16,0.43654471832245145
2018-10-17,0.43750495224554853
2018-10-18,0.4395383743646293
2018-10-19,0.43603690481575297
2018-10-22,0.5447779611354584
2018-10-23,0.49826115397168735
2018-10-24,0.5052875938430469
2018-10-25,0.5937503468796445
2018-10-26,0.5948770843692427
2018-10-29,0.6923570550725978
2018-10-30,0.6848114237484393
2018-10-31,0.7153804330230931
2018-11-01,0.7141285526708501
2018-11-02,0.7157696365593417
2018-11-05,0.7125187172468563
2018-11-06,0.7114539326409588
2018-11-07,0.7087129544532162
2018-11-08,0.7097061734830603
2018-11-09,0.710840226901893
2018-11-12,0.711590225799397
2018-11-13,0.7136071082917596
2018-11-14,0.7675279757547477
2018-11-15,0.8129858419404761
2018-11-16,0.8127519454841695
2018-11-19,0.8618763959284852
2018-11-20,0.8348593876923251
2018-11-21,0.8355348902724528
2018-11-23,0.8343546081946132
2018-11-26,0.8331291932425107
2018-11-27,0.8329584515710472
2018-11-28,0.8308865267905162
2018-11-29,0.4816723676652882
2018-11-30,0.4804876226787699
2018-12-03,0.478048246863093
2018-12-04,0.4817769147578802
2018-12-06,0.4605340183192054
2018-12-07,0.490321121954136
2018-12-10,0.4903692395133217
2018-12-11,0.48855365389436467
2018-12-12,0.48657806097692624
2018-12-13,0.48598244092011744
2018-12-14,0.48915669076682367
2018-12-17,0.4974942275311506
2018-12-18,0.5902125851443945
2018-12-19,0.5634225313084305
2018-12-20,0.6685521532789716
2018-12-21,0.7991510903813556
2018-12-24,1.0
2018-12-26,1.0
2018-12-27,1.0
2018-12-28,1.0
2018-12-31,1.0
2019-01-02,1.0
2019-01-03,1.0
2019-01-04,1.0
2019-01-07,1.0
2019-01-08,1.0
2019-01-09,1.0
2019-01-10,1.0
2019-01-11,1.0
2019-01-14,1.0
2019-01-15,1.0
2019-01-16,1.0
2019-01-17,1.0
2019-01-18,1.0
2019-01-22,1.0
2019-01-23,1.0
2019-01-24,1.0
2019-01-25,1.0
2019-01-28,1.0
2019-01-29,1.0
2019-01-30,1.0
2019-01-31,1.0
2019-02-01,1.0
2019-02-04,1.0
2019-02-05,0.9503936808278824
2019-02-06,0.9520326706378215
2019-02-07,0.9029671015791069
2019-02-08,0.9024346385243149
2019-02-11,0.9007844575768759
2019-02-12,0.8987241141746093
2019-02-13,0.8008144010196705
2019-02-14,0.6988290518546029
2019-02-15,0.6955053853561117
2019-02-19,0.5976092889497888
2019-02-20,0.49928833535594774
2019-02-21,0.4992857621172788
2019-02-22,0.4974575401122777
2019-02-25,0.49770461956746403
2019-02-26,0.4968389201385477
2019-02-27,0.4884923177197398
2019-02-28,0.5207236053341273
2019-03-01,0.5182925903982446
2019-03-04,0.522159386743541
2019-03-05,0.5210049932983646
2019-03-06,0.5244084540926461
2019-03-07,0.5282605530526567
2019-03-08,0.5191080233998733
2019-03-11,0.5124887329764829
2019-03-12,0.5095729543290997
2019-03-13,0.5075348217080343
2019-03-14,0.5067536273545146
2019-03-15,0.506625218170337
2019-03-18,0.5068240217354076
2019-03-19,0.5063793411852959
2019-03-20,0.5063081572450647
2019-03-21,0.5008834290981259
2019-03-22,0.5347628115706959
2019-03-25,0.5335840383962371
2019-03-26,0.5321656703567701
2019-03-27,0.5357736350505131
2019-03-28,0.5339028010866051
2019-03-29,0.5343287099011078
2019-04-01,0.533937288166114
2019-04-02,0.5324935483187946
2019-04-03,0.5343036603123773
2019-04-04,0.505517197317486
2019-04-05,0.503685142353983
2019-04-08,0.5032979413461267
2019-04-09,0.5052243544005519
2019-04-10,0.5025669099702548
2019-04-11,0.5024314588301424
2019-04-12,0.5035086617226154
2019-04-15,0.504669504036326
2019-04-16,0.507928308924261
2019-04-17,0.5573239055860972
2019-04-18,0.4876340002271705
2019-04-22,0.4851339666970166
2019-04-23,0.4890341477381861
2019-04-24,0.48902092060934843
2019-04-25,0.4902400179659123
2019-04-26,0.4891687523028524
2019-04-29,0.4890091941314898
2019-04-30,0.48801152926386937
2019-05-01,0.4915557050735305
2019-05-02,0.45908534585879757
2019-05-03,0.43765881499593196
2019-05-06,0.43669699576814824
2019-05-07,0.4407426956296988
2019-05-08,0.44087860215592034
2019-05-09,0.4220403265752237
2019-05-10,0.4192013661479148
2019-05-13,0.41863270770628314
2019-05-14,0.44487734622517694
2019-05-15,0.4333417603243105
2019-05-16,0.4293061573886531
2019-05-17,0.43243828538465634
2019-05-20,0.43690480504122287
2019-05-21,0.4343571579846862
2019-05-22,0.4341332719079146
2019-05-23,0.4367664842576633
2019-05-24,0.4346878021226833
2019-05-28,0.43456675799546174
2019-05-29,0.4389926148289488
2019-05-30,0.4388728868640772
2019-05-31,0.4894714821365411
2019-06-03,0.4959548081726558
2019-06-04,0.48839935549244295
2019-06-05,0.4875589876273113
2019-06-06,0.48382672704704655
2019-06-07,0.4812696605465776
2019-06-10,0.4801891121869837
2019-06-11,0.45442788323899774
2019-06-12,0.4555190855352943
2019-06-13,0.48445120063730307
2019-06-14,0.46476668681951394
2019-06-17,0.463420896872324
2019-06-18,0.4618541008407937
2019-06-19,0.4597470821520082
2019-06-20,0.4566722842390707
2019-06-21,0.4616734365061206
2019-06-24,0.4625987597432999
2019-06-25,0.4684068602296063
2019-06-26,0.5162331612622347
2019-06-27,0.5121345617815023
2019-06-28,0.5081881603458047
2019-07-01,0.5070794898329749
2019-07-02,0.5030700791869829
2019-07-03,0.4999405338315771
2019-07-05,0.49898287982259515
2019-07-08,0.4998338920964117
2019-07-09,0.498048085165566
2019-07-10,0.4981976113280002
2019-07-11,0.4980026075657752
2019-07-12,0.5274734740531035
2019-07-15,0.5273431493464379
2019-07-16,0.527837081322154
2019-07-17,0.5293844937312873
2019-07-18,0.5278109284958054
2019-07-19,0.526902170537443
2019-07-22,0.5261345543244962
2019-07-23,0.5283312687709063
2019-07-24,0.5290184248410001
2019-07-25,0.49804233703320044
2019-07-26,0.4943910654011411
2019-07-29,0.49517835547726596
2019-07-30,0.49384092433242655
2019-07-31,0.5224926766329723
2019-08-01,0.5249301598909628
2019-08-02,0.5232725007529937
2019-08-05,0.5335525311542069
2019-08-06,0.5556460012732369
2019-08-07,0.5521702378852094
2019-08-08,0.546495982242432
2019-08-09,0.5476976733429237
2019-08-12,0.5500606866661479
2019-08-13,0.546076664001919
2019-08-14,0.5527527544228977
2019-08-15,0.532039332778999
2019-08-16,0.52674434218394
2019-08-19,0.5240636192834796
2019-08-20,0.5249122974390524
2019-08-21,0.5208629686917123
2019-08-22,0.5211753687728533
2019-08-23,0.527094629562127
2019-08-26,0.5720687717899267
2019-08-27,0.5725578771374957
2019-08-28,0.5711974332796934
2019-08-29,0.6189948344686125
2019-08-30,0.6199632913184752
2019-09-03,0.6242241560903826
2019-09-04,0.5224340892340771
2019-09-05,0.5219412887448222
2019-09-06,0.5069271855244148
2019-09-09,0.5149438954412413
2019-09-10,0.5094784296197277
2019-09-11,0.4872203625977318
2019-09-12,0.48529989872975343
2019-09-13,0.4842191512570386
2019-09-16,0.48492642458120583
2019-09-17,0.4826120005038732
2019-09-18,0.48729347457526306
2019-09-19,0.4802465243868739
2019-09-20,0.4515261047135848
2019-09-23,0.4317583568180303
2019-09-24,0.4341556461290471
2019-09-25,0.43030225158241553
2019-09-26,0.43213490251189135
2019-09-27,0.4380954321791103
2019-09-30,0.4333113931912028
2019-10-01,0.4338405187640726
2019-10-02,0.43880689212939206
2019-10-03,0.44235438744359423
2019-10-04,0.43928344062440705
2019-10-07,0.44034107113801146
2019-10-08,0.44198184247102
2019-10-09,0.43721067376373524
2019-10-10,0.4347631821969139
2019-10-11,0.4364793234803913
2019-10-14,0.43604737622385725
2019-10-15,0.4345039174652162
2019-10-16,0.431542225387044
2019-10-17,0.4293671556719172
2019-10-18,0.427730036820685
2019-10-21,0.42635676992487015
2019-10-22,0.4264294313351433
2019-10-23,0.42461602578817303
2019-10-24,0.42087633268129765
2019-10-25,0.42116969154139017
2019-10-28,0.42000346565173174
2019-10-29,0.4825346395658383
2019-10-30,0.48600895875692984
2019-10-31,0.48489901594160256
2019-11-01,0.48765416191142863
2019-11-04,0.4822186770837825
2019-11-05,0.5104688809753635
2019-11-06,0.510838426017479
2019-11-07,0.5125563325681181
2019-11-08,0.5108466678509341
2019-11-11,0.5097186647682699
2019-11-12,0.5102526736625466
2019-11-13,0.5088156067395757
2019-11-14,0.5075058004265545
2019-11-15,0.5067711665651407
2019-11-18,0.5065271233054628
2019-11-19,0.5068106323535241
2019-11-20,0.5028689152866563
2019-11-21,0.5053104464581866
2019-11-22,0.5052902195998323
2019-11-25,0.5032966486585373
2019-11-26,0.49746942609092193
2019-11-27,0.4975018657332111
2019-11-29,0.4996669162946512
2019-12-02,0.5034639467110731
2019-12-03,0.4978579019747499
2019-12-04,0.49590294884402153
2019-12-05,0.4953329480040246
2019-12-06,0.4939092497203629
2019-12-09,0.49587663908659396
2019-12-10,0.4966019792277656
2019-12-11,0.49343270102519354
2019-12-12,0.49214393549585067
2019-12-13,0.4931396198895496
2019-12-16,0.49200641386722177
2019-12-17,0.49014592187682604
2019-12-18,0.49152658235860236
2019-12-19,0.4890256877889717
2019-12-20,0.48892633283932185
2019-12-23,0.49087103188171033
2019-12-24,0.4894402835949824
2019-12-26,0.48917050681929575
2019-12-27,0.4895448394516285
2019-12-30,0.49022941319720337
2019-12-31,0.46056176341767197
2020-01-02,0.4312639331371255
2020-01-03,0.40313618041303445
2020-01-06,0.35897326777671446
2020-01-07,0.35825770990697803
2020-01-08,0.35867080154655906
2020-01-09,0.3577609246344674
2020-01-10,0.35853327633958765
2020-01-13,0.35639258175462474
2020-01-14,0.354970185811465
2020-01-15,0.355412861149067
2020-01-16,0.3811078867882989
2020-01-17,0.3803785141584185
2020-01-21,0.37968849176252173
2020-01-22,0.37745176930860047
2020-01-23,0.37536421711165147
2020-01-24,0.37860448888028486
2020-01-27,0.38576050333732537
2020-01-28,0.384135963977692
2020-01-29,0.4461802001652565
2020-01-30,0.4488468654951866
2020-01-31,0.4546398342050485
2020-02-03,0.422005258320834
2020-02-04,0.4179152680023407
2020-02-05,0.4169044499150222
2020-02-06,0.4171656645834938
2020-02-07,0.4185819750546611
2020-02-10,0.43175436013781765
2020-02-11,0.4304624339122036
2020-02-12,0.42813445077189616
2020-02-13,0.42730091803574954
2020-02-14,0.4269880736038273
2020-02-18,0.45743797366492744
2020-02-19,0.45547078406300545
2020-02-20,0.4546848436063724
2020-02-21,0.5058377303113308
2020-02-24,0.5138785971396012
2020-02-25,0.5227284777797989
2020-02-26,0.5176430350893666
2020-02-27,0.525320639621043
2020-02-28,0.5779146314719958
2020-03-02,0.6431435387867395
2020-03-03,0.615939227907057
2020-03-04,0.7026010617230984
2020-03-05,0.7060105277638814
2020-03-06,0.7083894876677987
2020-03-09,0.7231683820194426
2020-03-10,0.8492469070709334
2020-03-11,0.8177259515229311
2020-03-12,0.8317492703009189
2020-03-13,0.9223344765314685
2020-03-16,0.9268534020430009
2020-03-17,1.0
2020-03-18,1.0
2020-03-19,1.0
2020-03-20,1.0
2020-03-23,1.0
2020-03-24,1.0
2020-03-25,1.0
2020-03-26,1.0
2020-03-27,1.0
2020-03-30,1.0
2020-03-31,1.0
2020-04-01,1.0
2020-04-02,1.0
2020-04-03,1.0
2020-04-06,1.0
2020-04-07,1.0
2020-04-08,1.0
2020-04-09,1.0
2020-04-13,1.0
2020-04-14,1.0
2020-04-15,1.0
2020-04-16,1.0
2020-04-17,1.0
2020-04-20,1.0
2020-04-21,1.0
2020-04-22,1.0
2020-04-23,1.0
2020-04-24,1.0
2020-04-27,1.0
2020-04-28,1.0
2020-04-29,1.0
2020-04-30,1.0
2020-05-01,1.0
2020-05-04,1.0
2020-05-05,1.0
2020-05-06,1.0
2020-05-07,1.0
2020-05-08,1.0
2020-05-11,1.0
2020-05-12,1.0
2020-05-13,1.0
2020-05-14,1.0
2020-05-15,1.0
2020-05-18,1.0
2020-05-19,1.0
2020-05-20,1.0
2020-05-21,1.0
2020-05-22,1.0
2020-05-26,1.0
2020-05-27,0.5039478038526226
2020-05-28,0.5036703915353555
2020-05-29,0.4959386288748835
2020-06-01,0.4929600405707929
2020-06-02,0.4929699694487313
2020-06-03,0.4965749056236155
2020-06-04,0.5012585382476986
2020-06-05,0.49677729009035676
2020-06-08,0.49544860508185384
2020-06-09,0.4889015678038151
2020-06-10,0.48125616889810197
2020-06-11,0.49475574411961953
2020-06-12,0.4948635564916031
2020-06-15,0.43078863158541103
2020-06-16,0.4089848582050908
2020-06-17,0.4068260642694602
2020-06-18,0.4311661024578085
2020-06-19,0.43253472603651866
2020-06-22,0.42844106722262987
2020-06-23,0.424320516445437
2020-06-24,0.42959021168320866
2020-06-25,0.3959211395970076
2020-06-26,0.3791942867901025
2020-06-29,0.47441553146741255
2020-06-30,0.4656851248233931
2020-07-01,0.46063815467650226
2020-07-02,0.45900145259507363
2020-07-06,0.45368485532044267
2020-07-07,0.4847444143287283
2020-07-08,0.47723912260590107
2020-07-09,0.5445008497564974
2020-07-10,0.5439442393979277
2020-07-13,0.4541314469555613
2020-07-14,0.44776117621911005
2020-07-15,0.4453404137418586
2020-07-16,0.44736364653774896
2020-07-17,0.44081329350088816
2020-07-20,0.43390276932130234
2020-07-21,0.43888209848450843
2020-07-22,0.4368278770932066
2020-07-23,0.4448744124269076
2020-07-24,0.44886480359842784
2020-07-27,0.4405740190942711
2020-07-28,0.44337508979148665
2020-07-29,0.4373136296584784
2020-07-30,0.4370580510654859
2020-07-31,0.489826425949879
2020-08-03,0.4835578083076778
2020-08-04,0.48243170033274463
2020-08-05,0.5103167353717554
2020-08-06,0.5132564470892658
2020-08-07,0.51843511852741
2020-08-10,0.51527392801361
2020-08-11,0.523275111607242
2020-08-12,0.5182730630927208
2020-08-13,0.513331047557436
2020-08-14,0.5142035065617989
2020-08-17,0.5062784339355644
2020-08-18,0.5046391815364271
2020-08-19,0.5058557375303425
2020-08-20,0.5003037208476293
2020-08-21,0.49999347950163364
2020-08-24,0.5008870183617169
2020-08-25,0.49966078484869425
2020-08-26,0.48856842745269835
2020-08-27,0.54527414536837
2020-08-28,0.5420201950075523
2020-08-31,0.5370032778866349
2020-09-01,0.5008830700098568
2020-09-02,0.5029307252373019
2020-09-03,0.5492235267377523
2020-09-04,0.5237476165164838
2020-09-08,0.5324845721340594
2020-09-09,0.49332999330125105
2020-09-10,0.49557594213494705
2020-09-11,0.5018845364143854
2020-09-14,0.4646749262934674
2020-09-15,0.45942442368222036
2020-09-16,0.4644318064509454
2020-09-17,0.46501614212385045
2020-09-18,0.46457607351625085
2020-09-21,0.4652425438830222
2020-09-22,0.4561360308112715
2020-09-23,0.46834702194296174
2020-09-24,0.4720642448948842
2020-09-25,0.46185363249262446
2020-09-28,0.45526921386164054
2020-09-29,0.485833157991722
2020-09-30,0.4828257361489491
2020-10-01,0.47434643331489335
2020-10-02,0.4793744059607523
2020-10-05,0.46824469389962087
2020-10-06,0.5176886872564284
2020-10-07,0.540479876993049
2020-10-08,0.5406313558409261
2020-10-09,0.53552661712056
2020-10-12,0.5332461687901315
2020-10-13,0.5301212451033124
2020-10-14,0.5316049376879393
2020-10-15,0.5307762338523947
2020-10-16,0.5327453611558823
2020-10-19,0.5378510778536312
2020-10-20,0.5398695540650735
2020-10-21,0.5452773928533821
2020-10-22,0.5466399709249101
2020-10-23,0.5453713662966981
2020-10-26,0.5427053577909235
2020-10-27,0.4931970855700428
2020-10-28,0.5014344478260861
2020-10-29,0.5074326705740521
2020-10-30,0.5084707299571012
2020-11-02,0.5049251822824945
2020-11-03,0.5077016420417488
2020-11-04,0.5074361561607108
2020-11-05,0.5009783248888742
2020-11-06,0.5014557345974564
2020-11-09,0.501449371486254
2020-11-10,0.5014977284714376
2020-11-11,0.4899315468247296
2020-11-12,0.4934684540694141
2020-11-13,0.48769993239829434
2020-11-16,0.4803989570412054
2020-11-17,0.48049779838731066
2020-11-18,0.48388551119082257
2020-11-19,0.48127237408376433
2020-11-20,0.5087405295443941
2020-11-23,0.5045101843014147
2020-11-24,0.5318940001954953
2020-11-25,0.5334471296779728
2020-11-27,0.5058367125572902
2020-11-30,0.4791403418117127
2020-12-01,0.4860910241277375
2020-12-02,0.48624656450936965
2020-12-03,0.48112700302442113
2020-12-04,0.5053614210582721
2020-12-07,0.5623133932313019
2020-12-08,0.5244246689980214
2020-12-09,0.5260487893448208
2020-12-10,0.5234914043481782
2020-12-11,0.5241980929920602
2020-12-14,0.5264704183903082
2020-12-15,0.5206766953842841
2020-12-16,0.5222794892706515
2020-12-17,0.5208153611959782
2020-12-18,0.5199898523701045
2020-12-21,0.4716968409529936
2020-12-22,0.47115739452474026
2020-12-23,0.4685593587887221
2020-12-24,0.4700445241495218
2020-12-28,0.4703547227884224
2020-12-29,0.4721722995208292
2020-12-30,0.46703267641865864
2020-12-31,0.4673239246022295
2021-01-04,0.4706941335773086
2021-01-05,0.46439379190740804
2021-01-06,0.45288071961201637
2021-01-07,0.4779359092141482
2021-01-08,0.4785547035979363
2021-01-11,0.4734302409865857
2021-01-12,0.5148735154833773
2021-01-13,0.5171854917280052
2021-01-14,0.5153203584460815
2021-01-15,0.5199592959616026
2021-01-19,0.518689026232849
2021-01-20,0.5166317280182853
2021-01-21,0.518976828875525
2021-01-22,0.5172647266610748
2021-01-25,0.5473247694164158
2021-01-26,0.5288571597187358
2021-01-27,0.5386976899441169
2021-01-28,0.5434647164256458
2021-01-29,0.5497611256758079
2021-02-01,0.5446888808546542
2021-02-02,0.5411162474070563
2021-02-03,0.5396886952460132
2021-02-04,0.53497169667324
2021-02-05,0.5316190944483868
2021-02-08,0.5277359400482453
2021-02-09,0.5241456659133195
2021-02-10,0.5257700823831291
2021-02-11,0.5258047377487387
2021-02-12,0.5242489807569313
2021-02-16,0.5202858934224481
2021-02-17,0.5236135325120419
2021-02-18,0.4961957459893511
2021-02-19,0.49006139336464305
2021-02-22,0.49902104952598736
2021-02-23,0.5023334106723539
2021-02-24,0.46831022186391724
2021-02-25,0.47896335942613943
2021-02-26,0.44828600183172074
2021-03-01,0.4390396214576008
2021-03-02,0.44269928201738307
2021-03-03,0.44229891851973024
2021-03-04,0.40857165345641144
2021-03-05,0.3647893800964649
2021-03-08,0.3585942564157104
2021-03-09,0.3587772528874906
2021-03-10,0.35420447143511335
2021-03-11,0.35301209619633234
2021-03-12,0.3485478025323824
2021-03-15,0.3922208965005921
2021-03-16,0.3992790135336983
2021-03-17,0.39766016102165824
2021-03-18,0.39995821038820745
2021-03-19,0.39593311216074145
2021-03-22,0.46322338969002375
2021-03-23,0.4758290196905779
2021-03-24,0.4725108567884454
2021-03-25,0.5147628243316451
2021-03-26,0.4792884622365977
2021-03-29,0.4917287172937822
2021-03-30,0.4891075244907397
2021-03-31,0.4902452986083007
2021-04-01,0.48903888379796157
2021-04-05,0.4819207858624037
2021-04-06,0.4824135612347643
2021-04-07,0.48168547479166357
2021-04-08,0.47952570831394636
2021-04-09,0.4741863418749619
2021-04-12,0.47231323751793164
2021-04-13,0.4566078552999401
2021-04-14,0.45748762850127955
2021-04-15,0.45775257525585245
2021-04-16,0.454886915028359
2021-04-19,0.4593873335785128
2021-04-20,0.4688533033815433
2021-04-21,0.44769691790755306
2021-04-22,0.4492244802547335
2021-04-23,0.444571631032015
2021-04-26,0.44642705563834395
2021-04-27,0.4407130695103866
2021-04-28,0.43885871475656546
2021-04-29,0.4707740981348931
2021-04-30,0.473937852091991
2021-05-03,0.46771340141675477
2021-05-04,0.49935794516555543
2021-05-05,0.4978220409257199
2021-05-06,0.49680527178799483
2021-05-07,0.4879252657469981
2021-05-10,0.4926803624442406
2021-05-11,0.4967890368915382
2021-05-12,0.5842657925881969
2021-05-13,0.5635046076085524
2021-05-14,0.5577328627737481
2021-05-17,0.557196686014279
2021-05-18,0.5612812704492038
2021-05-19,0.565361274262828
2021-05-20,0.5629215621289532
2021-05-21,0.5340192479800276
2021-05-24,0.5318855826047371
2021-05-25,0.5377005785502613
2021-05-26,0.5321915780407287
2021-05-27,0.5283790923260203
2021-05-28,0.5290587873160111
2021-06-01,0.5230770738256798
2021-06-02,0.5253576189745421
2021-06-03,0.5260734635098028
2021-06-04,0.5269701852144094
2021-06-07,0.5206948400103424
2021-06-08,0.5482489593856064
2021-06-09,0.5535889411724807
2021-06-10,0.5597557512787135
2021-06-11,0.5468669731858871
2021-06-14,0.5478605940818089
2021-06-15,0.546149269145338
2021-06-16,0.5459637832870681
2021-06-17,0.5556344902915513
2021-06-18,0.5529583592759908
2021-06-21,0.4964086659916074
2021-06-22,0.4965918518076321
2021-06-23,0.49594576100933074
2021-06-24,0.4945996147560352
2021-06-25,0.4954505383289469
2021-06-28,0.5003907663166578
2021-06-29,0.49581123558564477
2021-06-30,0.49533208734597434
2021-07-01,0.4912012609135128
2021-07-02,0.49182444598332475
2021-07-06,0.4942229457956545
2021-07-07,0.49361160317254094
2021-07-08,0.4947153127613697
2021-07-09,0.46995856216275067
2021-07-12,0.46821794675393946
2021-07-13,0.4712119585193847
2021-07-14,0.4662578198583456
2021-07-15,0.4698458285058914
2021-07-16,0.46925407562214383
2021-07-19,0.4425299377631604
2021-07-20,0.47345465548251053
2021-07-21,0.47020608316599477
2021-07-22,0.46993039629848443
2021-07-23,0.4637582581378247
2021-07-26,0.46497967833439624
2021-07-27,0.46713078719462664
2021-07-28,0.464198180650355
2021-07-29,0.46318684923443787
2021-07-30,0.4962698555121132
2021-08-02,0.4969581452561699
2021-08-03,0.4912554122056598
2021-08-04,0.5198675053791071
2021-08-05,0.5182202865440151
2021-08-06,0.5190485371148317
2021-08-09,0.4857521710777062
2021-08-10,0.48692985838170133
2021-08-11,0.47112316103842333
2021-08-12,0.4691115048929446
2021-08-13,0.4699195091381958
2021-08-16,0.4704417883508277
2021-08-17,0.471165966586617
2021-08-18,0.4435836761031329
2021-08-19,0.43996311522945575
2021-08-20,0.4173054361904007
2021-08-23,0.4133241844842648
2021-08-24,0.41333946873592453
2021-08-25,0.41273022047690167
2021-08-26,0.41470717162604775
2021-08-27,0.40955653387473745
2021-08-30,0.47247787695142074
2021-08-31,0.4715383676523677
2021-09-01,0.4692831094229758
2021-09-02,0.46936923075059755
2021-09-03,0.4387260725952091
2021-09-07,0.4386781866049504
2021-09-08,0.4411315064315794
2021-09-09,0.4833737951128325
2021-09-10,0.48657115299275067
2021-09-13,0.4617458863333235
2021-09-14,0.4606507401657447
2021-09-15,0.45841760675716503
2021-09-16,0.45351042790274687
2021-09-17,0.45665014178008545
2021-09-20,0.46101923401944855
2021-09-21,0.4610964266729005
2021-09-22,0.4579917022064801
2021-09-23,0.4356838897048526
2021-09-24,0.43639435833154006
2021-09-27,0.438973853681471
2021-09-28,0.4481135420856286
2021-09-29,0.5309129134941182
2021-09-30,0.5096483756658741
2021-10-01,0.5351123237672044
2021-10-04,0.5427516838405803
2021-10-05,0.5343082545176822
2021-10-06,0.5321437247439874
2021-10-07,0.5267543977325407
2021-10-08,0.5285298692254794
2021-10-11,0.5289642873661212
2021-10-12,0.5063671324965169
2021-10-13,0.5043585353850955
2021-10-14,0.501601688721658
2021-10-15,0.5033117603244376
2021-10-18,0.4995139908632573
2021-10-19,0.5001720090212617
2021-10-20,0.49927925032602816
2021-10-21,0.49534026301971135
2021-10-22,0.49515835189218804
2021-10-25,0.4924516929149707
2021-10-26,0.4956516414222085
2021-10-27,0.4991408197566648
2021-10-28,0.49426402376945733
2021-10-29,0.4928395233841777
2021-11-01,0.4889575539501685
2021-11-02,0.4902041923776189
2021-11-03,0.48795277623527966
2021-11-04,0.5173168158505599
2021-11-05,0.5080444039997957
2021-11-08,0.5330081818694319
2021-11-09,0.5344773446886069
2021-11-10,0.5414926377932472
2021-11-11,0.5115690537235605
2021-11-12,0.509935759422323
2021-11-15,0.5093809170242152
2021-11-16,0.47779737891988094
2021-11-17,0.47990739481405786
2021-11-18,0.45520040875318224
2021-11-19,0.4553924722641689
2021-11-22,0.4586045388157224
2021-11-23,0.4566999909996118
2021-11-24,0.4064391704001602
2021-11-26,0.4135130290723644
2021-11-29,0.4610793679734544
2021-11-30,0.4670230908526313
2021-12-01,0.47579680069529184
2021-12-02,0.4989304235172125
2021-12-03,0.4828764660971301
2021-12-06,0.4623980554372069
2021-12-07,0.4511408131237352
2021-12-08,0.4475258160631923
2021-12-09,0.5153295484900637
2021-12-10,0.5153501637793967
2021-12-13,0.5224972680228133
2021-12-14,0.516981918890682
2021-12-15,0.4821013876819724
2021-12-16,0.49221874323288406
2021-12-17,0.4897108290864064
2021-12-20,0.49111567755806373
2021-12-21,0.5148372713131096
2021-12-22,0.511564700360254
2021-12-23,0.5090283917159664
2021-12-27,0.5001086251241589
2021-12-28,0.5036579385145195
2021-12-29,0.5004300710307517
2021-12-30,0.5026521337029086
2021-12-31,0.5021274324423078
2022-01-03,0.5032119858828544
2022-01-04,0.5080426579225794
2022-01-05,0.4959214581453488
2022-01-06,0.400399405037122
2022-01-07,0.40834503024094904
2022-01-10,0.41011620926268777
2022-01-11,0.4336959802675392
2022-01-12,0.39188361159046914
2022-01-13,0.39362438873712435
2022-01-14,0.41190313140247525
2022-01-18,0.42176828464454263
2022-01-19,0.47344021593746033
2022-01-20,0.4991161518734787
2022-01-21,0.49784861952979464
2022-01-24,0.5432960318226019
2022-01-25,0.4611418132273689
2022-01-26,0.4617341716006602
2022-01-27,0.4625182580384015
2022-01-28,0.5120769817531983
2022-01-31,0.46090173170577686
2022-02-01,0.4557771454457038
2022-02-02,0.45329342830786634
2022-02-03,0.45401851247167235
2022-02-04,0.4535110133322745
2022-02-07,0.45408110176954086
2022-02-08,0.5059373551896711
2022-02-09,0.4538835251961242
2022-02-10,0.45506998058826276
2022-02-11,0.4501984389913728
2022-02-14,0.45570011108979724
2022-02-15,0.4550159856725172
2022-02-16,0.4538686938602523
2022-02-17,0.45455377576348854
2022-02-18,0.4564198273593376
2022-02-22,0.4603486548606558
2022-02-23,0.4587960267161505
2022-02-24,0.5056429022419522
2022-02-25,0.5461001544664057
2022-02-28,0.5398771966150628
2022-03-01,0.5382602756720924
2022-03-02,0.6106852754447122
2022-03-03,0.654238333006296
2022-03-04,0.6473280529715313
2022-03-07,0.6792684565212994
2022-03-08,0.6772483613126894
2022-03-09,0.6489082174650995
2022-03-10,0.6421970975129709
2022-03-11,0.6454227487223483
2022-03-14,0.6594834753033934
2022-03-15,0.6629947747589007
2022-03-16,0.6331032925030384
2022-03-17,0.6243020502633038
2022-03-18,0.6048050415298838
2022-03-21,0.4522424280106552
2022-03-22,0.4525563317831356
2022-03-23,0.4512085799786413
2022-03-24,0.4494840539668663
2022-03-25,0.44240476387426664
2022-03-28,0.4465124292936342
2022-03-29,0.4454604578798217
2022-03-30,0.4442959469720521
2022-03-31,0.44550243674247236
2022-04-01,0.44325532855743865
2022-04-04,0.44312388679118464
2022-04-05,0.4446630866581819
2022-04-06,0.4423399305497041
2022-04-07,0.49726979327920773
2022-04-08,0.49295960802028194
2022-04-11,0.5007306469849744
2022-04-12,0.5447958464688096
2022-04-13,0.5391720635930813
2022-04-14,0.5371659151575368
2022-04-18,0.5350643875445893
2022-04-19,0.5364713917933833
2022-04-20,0.5334925330281494
2022-04-21,0.5427685878180613
2022-04-22,0.5775653058122002
2022-04-25,0.5553547250855967
2022-04-26,0.7558448277644115
2022-04-27,0.830334036056533
2022-04-28,0.8106869627945131
2022-04-29,0.8150696303749617
2022-05-02,0.8160855092253304
2022-05-03,0.813718218439222
2022-05-04,0.8099155195619243
2022-05-05,0.8122150286322212
2022-05-06,0.8121718150737774
2022-05-09,0.8188317440200109
2022-05-10,0.8477568858810455
2022-05-11,0.943351577918667
2022-05-12,0.9449728310955735
2022-05-13,1.0
2022-05-16,1.0
2022-05-17,1.0
2022-05-18,1.0
2022-05-19,1.0
2022-05-20,1.0
2022-05-23,1.0
2022-05-24,1.0
2022-05-25,1.0
2022-05-26,1.0
2022-05-27,1.0
2022-05-31,1.0
2022-06-01,1.0
2022-06-02,1.0
2022-06-03,1.0
2022-06-06,1.0
2022-06-07,1.0
2022-06-08,1.0
2022-06-09,1.0
2022-06-10,1.0
2022-06-13,1.0
2022-06-14,1.0
2022-06-15,1.0
2022-06-16,1.0
2022-06-17,1.0
2022-06-21,1.0
2022-06-22,1.0
2022-06-23,1.0
2022-06-24,1.0
2022-06-27,1.0
2022-06-28,1.0
2022-06-29,1.0
2022-06-30,1.0
2022-07-01,1.0
2022-07-05,1.0
2022-07-06,1.0
2022-07-07,1.0
2022-07-08,1.0
2022-07-11,1.0
2022-07-12,1.0
2022-07-13,1.0
2022-07-14,1.0
2022-07-15,1.0
2022-07-18,1.0
2022-07-19,1.0
2022-07-20,1.0
2022-07-21,1.0
2022-07-22,1.0
2022-07-25,1.0
2022-07-26,1.0
2022-07-27,1.0
2022-07-28,1.0
2022-07-29,1.0
2022-08-01,1.0
2022-08-02,1.0
2022-08-03,1.0
2022-08-04,1.0
2022-08-05,1.0
2022-08-08,1.0
2022-08-09,1.0
2022-08-10,1.0
2022-08-11,1.0
2022-08-12,1.0
2022-08-15,1.0
2022-08-16,1.0
2022-08-17,1.0
2022-08-18,1.0
2022-08-19,1.0
2022-08-22,1.0
2022-08-23,1.0
2022-08-24,1.0
2022-08-25,1.0
2022-08-26,1.0
2022-08-29,1.0
2022-08-30,1.0
2022-08-31,1.0
2022-09-01,1.0
2022-09-02,1.0
2022-09-06,1.0
2022-09-07,1.0
2022-09-08,1.0
2022-09-09,1.0
2022-09-12,1.0
2022-09-13,1.0
2022-09-14,1.0
2022-09-15,1.0
2022-09-16,1.0
2022-09-19,1.0
2022-09-20,1.0
2022-09-21,1.0
2022-09-22,1.0
2022-09-23,1.0
2022-09-26,1.0
2022-09-27,1.0
2022-09-28,1.0
2022-09-29,1.0
2022-09-30,1.0
2022-10-03,1.0
2022-10-04,1.0
2022-10-05,1.0
2022-10-06,1.0
2022-10-07,1.0
2022-10-10,1.0
2022-10-11,1.0
2022-10-12,1.0
2022-10-13,1.0
2022-10-14,1.0
2022-10-17,1.0
2022-10-18,1.0
2022-10-19,1.0
2022-10-20,1.0
2022-10-21,1.0
2022-10-24,1.0
2022-10-25,1.0
2022-10-26,1.0
2022-10-27,1.0
2022-10-28,1.0
2022-10-31,1.0
2022-11-01,1.0
2022-11-02,1.0
2022-11-03,1.0
2022-11-04,1.0
2022-11-07,1.0
2022-11-08,1.0
2022-11-09,1.0
2022-11-10,1.0
2022-11-11,1.0
2022-11-14,1.0
2022-11-15,1.0
2022-11-16,1.0
2022-11-17,1.0
2022-11-18,1.0
2022-11-21,1.0
2022-11-22,1.0
2022-11-23,1.0
2022-11-25,1.0
2022-11-28,1.0
2022-11-29,1.0
2022-11-30,1.0
2022-12-01,0.7520390809960914
2022-12-02,0.5017352460351732
2022-12-05,0.5086374729096029
2022-12-06,0.5100568453037504
2022-12-07,0.5113881478368381
2022-12-08,0.5087476765951179
2022-12-09,0.5117375538606787
2022-12-12,0.5075480507551562
2022-12-13,0.5064571997635714
2022-12-14,0.5086107663510266
2022-12-15,0.5161289009297745
2022-12-16,0.6121083674482994
2022-12-19,0.6605960415712506
2022-12-20,0.7061901429467318
2022-12-21,0.702088541819837
2022-12-22,0.7053749149065187
2022-12-23,0.7991190528821486
2022-12-27,0.9466873794566467
2022-12-28,0.9472920316726069
2022-12-29,0.9468744518672053
2022-12-30,0.9472920316726069
2023-01-03,0.9491829352892158
2023-01-04,0.9496604573516418
2023-01-05,1.0
2023-01-06,1.0
2023-01-09,1.0
2023-01-10,1.0
2023-01-11,1.0
2023-01-12,0.9002013839828952
2023-01-13,0.8484209725999943
2023-01-17,0.7497075379296939
2023-01-18,0.6998053405951132
2023-01-19,0.7015356184292589
2023-01-20,0.7001991099822038
2023-01-23,0.6501314926156121
2023-01-24,0.5002122740116195
2023-01-25,0.49795707784150767
2023-01-26,0.49471878238953015
2023-01-27,0.49555572935485437
2023-01-30,0.4972220269597516
2023-01-31,0.49329524303540384
2023-02-01,0.49152650450529634
2023-02-02,0.4939101551801509
2023-02-03,0.4932968345888382
2023-02-06,0.49261223668114584
2023-02-07,0.49158069801184945
2023-02-08,0.4862150344694596
2023-02-09,0.4883095843145575
2023-02-10,0.4528936730674539
2023-02-13,0.4301660970950246
2023-02-14,0.42933992281597877
2023-02-15,0.4280584076018793
2023-02-16,0.4291290409461035
2023-02-17,0.43229925153950544
2023-02-21,0.43476489247239014
2023-02-22,0.43677670893731313
2023-02-23,0.435675147684665
2023-02-24,0.449511269093955
2023-02-27,0.4208094044481825
2023-02-28,0.4212167338555055
2023-03-01,0.419517315866755
2023-03-02,0.41712453343734057
2023-03-03,0.40981036975082286
2023-03-06,0.41252794764227607
2023-03-07,0.4137321299026564
2023-03-08,0.42352001001244177
2023-03-09,0.42866878546466936
2023-03-10,0.4338342710633434
2023-03-13,0.5695815313380349
2023-03-14,0.8097264733246867
2023-03-15,0.4836617929654097
2023-03-16,0.47728819808317724
2023-03-17,0.48145103522342614
2023-03-20,0.47775046458956616
2023-03-21,0.47466931873938045
2023-03-22,0.4802063357131172
2023-03-23,0.4763414719733938
2023-03-24,0.47565105632522253
2023-03-27,0.4728404607467318
2023-03-28,0.47511026503666054
2023-03-29,0.4704794295682003
2023-03-30,0.46967797129698097
2023-03-31,0.4643839117671441
2023-04-03,0.4632245909418331
2023-04-04,0.4686896883337016
2023-04-05,0.45040340396205125
2023-04-06,0.4432265720116626
2023-04-10,0.409516274679639
2023-04-11,0.39096069591856764
2023-04-12,0.3616679349519406
2023-04-13,0.3614608618942814
2023-04-14,0.361590034229602
2023-04-17,0.392143975491717
2023-04-18,0.38973423052461253
2023-04-19,0.3926842714084454
2023-04-20,0.514237564283394
2023-04-21,0.4637921047281883
2023-04-24,0.4645450290459925
2023-04-25,0.4189709832369223
2023-04-26,0.4679464585045573
2023-04-27,0.44582123180975963
2023-04-28,0.4450854217223582
2023-05-01,0.44365498084446797
2023-05-02,0.44367377950157905
2023-05-03,0.44561164713516
2023-05-04,0.4485268193708808
2023-05-05,0.445602982001853
2023-05-08,0.44524943635364855
2023-05-09,0.44201135328573904
2023-05-10,0.41186796286082694
2023-05-11,0.3913784564499607
2023-05-12,0.39309300408078773
2023-05-15,0.3929563118325191
2023-05-16,0.396806090134014
2023-05-17,0.3951252426912205
2023-05-18,0.3923471486455926
2023-05-19,0.5032523222924065
2023-05-22,0.5041491489417067
2023-05-23,0.5104828661267926
2023-05-24,0.4811172061948348
2023-05-25,0.44885666277003167
2023-05-26,0.4467791004450139
2023-05-30,0.44800821294047644
2023-05-31,0.4484446239550345
2023-06-01,0.4456918255777117
2023-06-02,0.4411013891836103
2023-06-05,0.44178460519159524
2023-06-06,0.4372948146005686
2023-06-07,0.43847284628304595
2023-06-08,0.4367267494238276
2023-06-09,0.43505934948794545
2023-06-12,0.4348067846210414
2023-06-13,0.43258632133174213
2023-06-14,0.43386621547221227
2023-06-15,0.43303115686615146
2023-06-16,0.37247904088681394
2023-06-20,0.3745405322348383
2023-06-21,0.3740959319328908
2023-06-22,0.37304260350393537
2023-06-23,0.3997923538606879
2023-06-26,0.379952979945257
2023-06-27,0.3791682965050298
2023-06-28,0.3769852269762871
2023-06-29,0.37587223205178855
2023-06-30,0.373784264905074
2023-07-03,0.3809097523112198
2023-07-05,0.4032293989042285
2023-07-06,0.3778940940788509
2023-07-07,0.42892182588226546
2023-07-10,0.4058454718630945
2023-07-11,0.4038889532518244
2023-07-12,0.3997585393580858
2023-07-13,0.4251862400542281
2023-07-14,0.4248477113666791
2023-07-17,0.421720223270309
2023-07-18,0.41931924948656707
2023-07-19,0.45130944305045817
2023-07-20,0.4560343760668165
2023-07-21,0.45657463879933347
2023-07-24,0.4574893212981477
2023-07-25,0.45386564788062234
2023-07-26,0.45485254755152194
2023-07-27,0.4524671876631492
2023-07-28,0.45004247483860016
2023-07-31,0.4490289119919184
2023-08-01,0.4207464043686009
2023-08-02,0.3647595018237928
2023-08-03,0.36469502187770486
2023-08-04,0.3438387763100339
2023-08-07,0.34161872146987315
2023-08-08,0.3437275173875184
2023-08-09,0.40108097653683805
2023-08-10,0.40619897120139103
2023-08-11,0.4071774012258086
2023-08-14,0.405291640601533
2023-08-15,0.40541843857316984
2023-08-16,0.40854727903411703
2023-08-17,0.4973804422563358
2023-08-18,0.5013266869171455
2023-08-21,0.5020440814165983
2023-08-22,0.5024737424132146
2023-08-23,0.49942924100302044
2023-08-24,0.5030018727371159
2023-08-25,0.5023482229070739
2023-08-28,0.4984868732230867
2023-08-29,0.49545053063291966
2023-08-30,0.4946996446778319
2023-08-31,0.4946978665813303
2023-09-01,0.49328615989687774
2023-09-05,0.5006238896412584
2023-09-06,0.48025763001379596
2023-09-07,0.47887561651446187
2023-09-08,0.48028758019760187
2023-09-11,0.4797579197198464
2023-09-12,0.47947503497478905
2023-09-13,0.48208798916205686
2023-09-14,0.4765943303101825
2023-09-15,0.4811305194530594
2023-09-18,0.4818362902947071
2023-09-19,0.48512240486238534
2023-09-20,0.4866911498180285
2023-09-21,0.4925646311130316
2023-09-22,0.5059113591767814
2023-09-25,0.5018152261812769
2023-09-26,0.505293530550034
2023-09-27,0.5015945324104407
2023-09-28,0.504707978392124
2023-09-29,0.5078387056905558
2023-10-02,0.5119561509779944
2023-10-03,0.5144548662980248
2023-10-04,0.47445677766601746
2023-10-05,0.47470130933972865
2023-10-06,0.4663146289945459
2023-10-09,0.4619579934935827
2023-10-10,0.45882799389190665
2023-10-11,0.456694715274809
2023-10-12,0.4614932541337311
2023-10-13,0.5090670741248118
2023-10-16,0.4560829507082428
2023-10-17,0.45327774024231293
2023-10-18,0.45862649685520185
2023-10-19,0.4439789196765591
2023-10-20,0.4869193315620933
2023-10-23,0.534867421010042
2023-10-24,0.4320274428219799
2023-10-25,0.43727759570080726
2023-10-26,0.4620081108549453
2023-10-27,0.5101516451070881
2023-10-30,0.5067252972263404
2023-10-31,0.4866356767141161
2023-11-01,0.5302418679247354
2023-11-02,0.5252360499983844
2023-11-03,0.4729854135890451
2023-11-06,0.3720109025078778
2023-11-07,0.37190017857884416
2023-11-08,0.37328984205055615
2023-11-09,0.3755359393297981
2023-11-10,0.3718255291606697
2023-11-13,0.37068431213175457
2023-11-14,0.3625694215467914
2023-11-15,0.4228849389432112
2023-11-16,0.4264849535303513
2023-11-17,0.42012739412273636
2023-11-20,0.41971720487509434
2023-11-21,0.41919797684830673
2023-11-22,0.41795538699294443
2023-11-24,0.4168284560617629
2023-11-27,0.41560256949714813
2023-11-28,0.41746955935266694
2023-11-29,0.40903029204912555
2023-11-30,0.43450390931860305
2023-12-01,0.43111126512252673
2023-12-04,0.45798709643482705
2023-12-05,0.46056928524110763
2023-12-06,0.4640637556105264
2023-12-07,0.4601093466089681
2023-12-08,0.4864683125622682
2023-12-11,0.48207474302527253
2023-12-12,0.47488800652130414
2023-12-13,0.47459284020583203
2023-12-14,0.47461780429741784
2023-12-15,0.4745595512315006
2023-12-18,0.4736516203598439
2023-12-19,0.46672678156310843
2023-12-20,0.5263248367402943
2023-12-21,0.5217008874909798
2023-12-22,0.5216281830842571
2023-12-26,0.5211887094542554
2023-12-27,0.5202083946313907
2023-12-28,0.521364796099363
2023-12-29,0.5238970629080939
2024-01-02,0.5246029263120293
2024-01-03,0.5298873114531433
2024-01-04,0.5244390347293635
2024-01-05,0.5268582738124976
2024-01-08,0.5179221206605018
2024-01-09,0.5188559801116439
2024-01-10,0.5183482381842208
2024-01-11,0.5207733538177648
2024-01-12,0.4779451241186551
2024-01-16,0.4795963513730338
2024-01-17,0.44886563752437325
2024-01-18,0.4455238023561039
2024-01-19,0.4697536903711145
2024-01-22,0.44465026066714763
2024-01-23,0.4466245399743677
2024-01-24,0.4478862689041273
2024-01-25,0.44930168183046715
2024-01-26,0.44765808610966884
2024-01-29,0.4445148264137748
2024-01-30,0.44365920126923153
2024-01-31,0.45081476658622843
2024-02-01,0.44499355768030646
2024-02-02,0.44294460626292076
2024-02-05,0.4472637138494744
2024-02-06,0.47873657334661945
2024-02-07,0.47259756681154586
2024-02-08,0.4687829346530348
2024-02-09,0.46331177411764357
2024-02-12,0.46318943150151437
2024-02-13,0.46557113715224396
2024-02-14,0.46102148912373886
2024-02-15,0.4608869718622568
2024-02-16,0.4304660050682665
2024-02-20,0.43714612765251903
2024-02-21,0.44000332794087316
2024-02-22,0.43058776411144106
2024-02-23,0.4293039597511139
2024-02-26,0.4255427386610784
2024-02-27,0.4681524681333671
2024-02-28,0.4660932775314526
2024-02-29,0.4614264106315854
2024-03-01,0.5032486652058241
2024-03-04,0.5611010328633937
2024-03-05,0.563633483626026
2024-03-06,0.5618841906231091
2024-03-07,0.5635649011731838
2024-03-08,0.5977425355740813
2024-03-11,0.6046045094145354
2024-03-12,0.595042555203987
2024-03-13,0.5925639244868053
2024-03-14,0.5938497185013019
2024-03-15,0.594000934842933
2024-03-18,0.5906890128838134
2024-03-19,0.591637815459135
2024-03-20,0.5866777125899516
2024-03-21,0.5824557196500064
2024-03-22,0.5834998413652251
2024-03-25,0.5902182441156342
2024-03-26,0.5881639012452138
2024-03-27,0.5648753976644062
2024-03-28,0.562846105187474
2024-04-01,0.5589710869556075
2024-04-02,0.5602540816357222
2024-04-03,0.5562963016766429
2024-04-04,0.564138760254719
2024-04-05,0.5472775414287286
2024-04-08,0.5493824386864581
2024-04-09,0.5930131787913402
2024-04-10,0.5933036376383558
2024-04-11,0.5685538944647794
2024-04-12,0.5748713181691294
2024-04-15,0.5794980525797441
2024-04-16,0.5471826832274778
2024-04-17,0.5504898814225523
2024-04-18,0.5387951545529845
2024-04-19,0.5376791808018574
2024-04-22,0.5351333055016003
2024-04-23,0.5298757169034987
2024-04-24,0.5284561601595585
2024-04-25,0.5251484261879249
2024-04-26,0.5220435627185301
2024-04-29,0.5211473447642924
2024-04-30,0.5242762221978228
2024-05-01,0.5222251932822812
2024-05-02,0.566168904309315
2024-05-03,0.5126626911410985
2024-05-06,0.507255681207279
2024-05-07,0.5071408344587266
2024-05-08,0.5062356938817414
2024-05-09,0.5056392489213306
2024-05-10,0.5065175575875582
2024-05-13,0.5098809242495246
2024-05-14,0.48814561266720924
2024-05-15,0.48358055480271755
2024-05-16,0.4876688820479568
2024-05-17,0.48400793693745414
2024-05-20,0.48382495242355394
2024-05-21,0.48319776130138525
2024-05-22,0.4869401406126197
2024-05-23,0.4846105500188155
2024-05-24,0.47828078162151155
2024-05-28,0.47856126342120764
2024-05-29,0.47966736679881783
2024-05-30,0.45728249627922346
2024-05-31,0.4486503085700456
2024-06-03,0.49787833265077774
2024-06-04,0.502055735647007
2024-06-05,0.4916968099085266
2024-06-06,0.49798857085858783
2024-06-07,0.4960621317339662
2024-06-10,0.46007124357973095
2024-06-11,0.46179615684624664
2024-06-12,0.4586016505807028
2024-06-13,0.45822735624081556
2024-06-14,0.4606871810165529
2024-06-17,0.45850181767859854
2024-06-18,0.45601436267662454
2024-06-20,0.4532970493186087
2024-06-21,0.4541220542339981
2024-06-24,0.454148816743732
2024-06-25,0.4223621570171393
2024-06-26,0.39477403487791374
2024-06-27,0.39489894470400944
2024-06-28,0.42608235978940023
2024-07-01,0.42053708361939024
2024-07-02,0.4247801683923117
2024-07-03,0.42217209442253667
2024-07-05,0.4250563890721498
2024-07-08,0.4210954543291672
2024-07-09,0.4035603862340308
2024-07-10,0.4068056387876666
2024-07-11,0.40127924597424336
2024-07-12,0.40139875111892287
2024-07-15,0.39535831417799383
2024-07-16,0.3905144387908883
2024-07-17,0.43057553535847926
2024-07-18,0.4274459507983974
2024-07-19,0.42450016515458555
2024-07-22,0.39654965421826116
2024-07-23,0.39211446630035807
2024-07-24,0.39745165058416654
2024-07-25,0.428552159815181
2024-07-26,0.41701669139749675
2024-07-29,0.47137961665167616
2024-07-30,0.46852711915638257
2024-07-31,0.4973940995161823
2024-08-01,0.49701778497209004
2024-08-02,0.5557444971049597
2024-08-05,0.5571584508396858
2024-08-06,0.5461149080619951
2024-08-07,0.5491342944095385
2024-08-08,0.5441989597586903
2024-08-09,0.5371086738166767
2024-08-12,0.5377045957500497
2024-08-13,0.5388858729810284
2024-08-14,0.5368234035435191
2024-08-15,0.5343934497537377
2024-08-16,0.5333905568864272
2024-08-19,0.5293863122946174
2024-08-20,0.5320274560624273
2024-08-21,0.529377148932866
2024-08-22,0.5295243753274178
2024-08-23,0.5245545514575392
2024-08-26,0.5240627328215219
2024-08-27,0.5242939946335629
2024-08-28,0.5242653960527738
2024-08-29,0.5235606385420629
2024-08-30,0.5228795797584995
2024-09-03,0.5305861799844542
2024-09-04,0.5305472355514587
2024-09-05,0.5301273078122866
2024-09-06,0.5253833518428559
2024-09-09,0.5206545803246114
2024-09-10,0.5226535913148385
2024-09-11,0.5212511120222245
2024-09-12,0.5160606192373307
2024-09-13,0.5132622397128552
2024-09-16,0.5111083844269111
2024-09-17,0.5109183258377001
2024-09-18,0.5101227774746747
2024-09-19,0.5079036192749524
2024-09-20,0.5058717825990227
2024-09-23,0.5347754681525115
2024-09-24,0.5339271458825139
2024-09-25,0.5351701864560567
2024-09-26,0.507694668640133
2024-09-27,0.4876301021972186
2024-09-30,0.4541060060673826
2024-10-01,0.4556128385914374
2024-10-02,0.4561961550876369
2024-10-03,0.4557697999523842
2024-10-04,0.4531919913524277
2024-10-07,0.482692635531792
2024-10-08,0.4806109508595754
2024-10-09,0.5091539861010916
2024-10-10,0.5125606711292847
2024-10-11,0.482709576765745
2024-10-14,0.4809629591485862
2024-10-15,0.4782386558572712
2024-10-16,0.47656550596897773
2024-10-17,0.4773972807812856
2024-10-18,0.4755940480463686
2024-10-21,0.47564183108477853
2024-10-22,0.4768696402450796
2024-10-23,0.47730492044772965
2024-10-24,0.4812673090003775
2024-10-25,0.5089030168320743
2024-10-28,0.5078481843390636
2024-10-29,0.47683391042177725
2024-10-30,0.4522642046684209
2024-10-31,0.4565043677220988
2024-11-01,0.454646706487962
2024-11-04,0.48243259017161855
2024-11-05,0.4768428531344304
2024-11-06,0.4692887383840403
2024-11-07,0.591186460992552
2024-11-08,0.5867593484767428
2024-11-11,0.5843756880286705
2024-11-12,0.5886347458874754
2024-11-13,0.5772726324818787
2024-11-14,0.5322866145982023
2024-11-15,0.5306051354745327
2024-11-18,0.5300480918844706
2024-11-19,0.5247804189809943
2024-11-20,0.5556547276619386
2024-11-21,0.5511599680379367
2024-11-22,0.5456760999498094
2024-11-25,0.5440275490146427
2024-11-26,0.5734762646283811
2024-11-27,0.5749114730193745
2024-11-29,0.5998478706380632
2024-12-02,0.5487641846816984
2024-12-03,0.5484815050663372
2024-12-04,0.547486276796816
2024-12-05,0.5489272953580662
2024-12-06,0.5483740563718883
2024-12-09,0.5573804903456883
2024-12-10,0.5498068664197191
2024-12-11,0.5472150700643779
2024-12-12,0.5497233228973377
2024-12-13,0.5225547085352131
2024-12-16,0.5033558582800535
2024-12-17,0.48982571677461395
2024-12-18,0.47587706305183464
2024-12-19,0.5213794251084755
2024-12-20,0.5148675749342366
2024-12-23,0.5163748360672733
2024-12-24,0.5110743148800652
2024-12-26,0.5094777453902872
2024-12-27,0.5146167679193121
2024-12-30,0.5186402757210045
2024-12-31,0.5008950833800839
2025-01-02,0.47091492768398
2025-01-03,0.4651685345415487
2025-01-06,0.46576624396694566
2025-01-07,0.4713396757935515
2025-01-08,0.46395700833493536
2025-01-10,0.4672460588375794
2025-01-13,0.4603068335924523
2025-01-14,0.4560623681162881
2025-01-15,0.4530723366604573
2025-01-16,0.45133615571249563
2025-01-17,0.44963626641634824
2025-01-21,0.4426879913424352
2025-01-22,0.49215466227861204
2025-01-23,0.49001707446792797
2025-01-24,0.49108645422561203
2025-01-27,0.49379883423956816
2025-01-28,0.4896881913329417
2025-01-29,0.4856678547506912
2025-01-30,0.5147487314219841
2025-01-31,0.5192307898267343
2025-02-03,0.5225741983766456
2025-02-04,0.5227813643558256
2025-02-05,0.5165999227218908
2025-02-06,0.5161121204498804
2025-02-07,0.5156971597005762
2025-02-10,0.4883272515791143
2025-02-11,0.49103546606649806
2025-02-12,0.4889539765209623
2025-02-13,0.48438801041643065
2025-02-14,0.4500847675824906
2025-02-18,0.4280282084442065
2025-02-19,0.4362204124570308
2025-02-20,0.4410074717190594
2025-02-21,0.45583674780322225
2025-02-24,0.5280896386112615
2025-02-25,0.5298690853754364
2025-02-26,0.5211746142486873
2025-02-27,0.5222397983908889
2025-02-28,0.5181539323753838
2025-03-03,0.5215430724025305
2025-03-04,0.5309062417700241
2025-03-05,0.5244733866034061
2025-03-06,0.509584925108006
2025-03-07,0.5072343193201289
2025-03-10,0.507358137016716
2025-03-11,0.5095180941587584
2025-03-12,0.5582277433379339
2025-03-13,0.6100808217695453
2025-03-14,0.6053047969701126
2025-03-17,0.6021008383128101
2025-03-18,0.7028757546475551
2025-03-19,0.7500910341246522
2025-03-20,0.7996823448689121
2025-03-21,0.8006668181615445
2025-03-24,0.7966827326670026
2025-03-25,0.5983141849557325
2025-03-26,0.5488805784856474
2025-03-27,0.5494853496819501
2025-03-28,0.6011184860799843
2025-03-31,0.6503667172530723
2025-04-01,0.6997718145500518
2025-04-02,0.7408236561725312
2025-04-03,0.7441099881924677
2025-04-04,0.8013319297377195
2025-04-07,0.8550551204086883
2025-04-08,0.9017638396608919
2025-04-09,0.9003291369643297
2025-04-10,0.9008792085507525
2025-04-11,0.9002765582086983
2025-04-14,0.8983647478150819
2025-04-15,0.8981749380786486
2025-04-16,1.0
2025-04-17,1.0
2025-04-21,1.0
2025-04-22,1.0
2025-04-23,1.0
2025-04-24,1.0
2025-04-25,1.0
2025-04-28,1.0
2025-04-29,1.0
2025-04-30,1.0
2025-05-01,1.0
2025-05-02,1.0
2025-05-05,1.0
2025-05-06,1.0
2025-05-07,1.0
2025-05-08,1.0
2025-05-09,1.0
2025-05-12,1.0
2025-05-13,0.8507652031011976
2025-05-14,0.702479676395896
2025-05-15,0.5016240379780637
2025-05-16,0.4988144086392312
2025-05-19,0.49698620297466956
2025-05-20,0.49653475338723607
2025-05-21,0.49969055327279865
2025-05-22,0.5005949257941169
2025-05-23,0.4980157068047737
2025-05-27,0.4937762548063034
2025-05-28,0.4962423933336939
2025-05-29,0.4974762413142163
2025-05-30,0.494310380043813
2025-06-02,0.4920470102306612
2025-06-03,0.4939947636292821
2025-06-04,0.4956927035428531
2025-06-05,0.4913269358537531
2025-06-06,0.48633820024002195
2025-06-09,0.4877687955729839
2025-06-10,0.4889833876412262
2025-06-11,0.48442412650428446
2025-06-12,0.48088568884479066
2025-06-13,0.4825088289636654
2025-06-16,0.5079967536689642
2025-06-17,0.5093423390550543
2025-06-18,0.5047523188081604
2025-06-20,0.4750521852085552
2025-06-23,0.47325574874901144
2025-06-24,0.4699055427597677
2025-06-25,0.4727490614537476
2025-06-26,0.46653833235149256
2025-06-27,0.44584232653101286
2025-06-30,0.43961940227218366
2025-07-01,0.44690987345441546
2025-07-02,0.44383597311506084
2025-07-03,0.47270052269549445
2025-07-07,0.44330944951771656
2025-07-08,0.42893908762575794
2025-07-09,0.42840001542414663
2025-07-10,0.4308630180778549
2025-07-11,0.43348788746009403
2025-07-14,0.4279714618512521
2025-07-15,0.43016787953046287
2025-07-16,0.4230922698982683
2025-07-17,0.4219253721943518
2025-07-18,0.42191938251408123
2025-07-21,0.42310253936785247
2025-07-22,0.42888776811336615
2025-07-23,0.46731987851822365
2025-07-24,0.4686386835647718
2025-07-25,0.46589091483835265
2025-07-28,0.4677446627899772
2025-07-29,0.4691224798970174
2025-07-30,0.4653819295258894
2025-07-31,0.4668508307801069
2025-08-01,0.4415979731934948
2025-08-04,0.43584379419260444
2025-08-05,0.49441995309462794
2025-08-06,0.49462987830889527
2025-08-07,0.4750337176049926
2025-08-08,0.4719979872133032
2025-08-11,0.47149880595207283
2025-08-12,0.46618059145073
2025-08-13,0.4654548781978871
2025-08-14,0.46743752739479316
2025-08-15,0.4698642333161941
2025-08-18,0.47074410696102365
2025-08-19,0.5058307904286341
2025-08-20,0.5012399602100457
2025-08-21,0.5012481559393475
2025-08-22,0.4976397394167287
2025-08-25,0.4960243557624324
2025-08-26,0.49423972665835847
2025-08-27,0.4916981431920888
2025-08-28,0.4894326113987528
2025-08-29,0.4949805951906663
2025-09-02,0.49214705946757686
2025-09-03,0.49408933373151165
2025-09-04,0.46545773413785496
2025-09-05,0.48189915430920127
2025-09-08,0.48750791955224626
2025-09-09,0.4552956125613812
2025-09-10,0.4530989914045561
2025-09-11,0.4475027964181074
2025-09-12,0.44941242980446117
2025-09-15,0.4451146793633668
2025-09-16,0.4175946962243038
2025-09-17,0.3996632484793794
2025-09-18,0.3965919204082441
2025-09-19,0.3966195854769957
2025-09-22,0.3954986822365064
2025-09-23,0.3948005159666017
2025-09-24,0.3982229554523189
2025-09-25,0.371184373948657
2025-09-26,0.3686184754603731
2025-09-29,0.3687191737828348
2025-09-30,0.36216566007102424
2025-10-01,0.35964164105501184
2025-10-02,0.35959716147305
2025-10-03,0.35924368158073905
2025-10-06,0.3570487714303785
2025-10-07,0.35910513011890555
2025-10-08,0.354208249845108
2025-10-09,0.36036294243094846
2025-10-10,0.4057227158098382
2025-10-13,0.3948338791995476
2025-10-14,0.39511685188714496
2025-10-15,0.39769363576927397
2025-10-16,0.3993096289954926
2025-10-17,0.4449360778226944
2025-10-20,0.4418045057890172
2025-10-21,0.4754482425961646
2025-10-22,0.4723138392620453
2025-10-23,0.4612233500478481
2025-10-24,0.49736307235985955
2025-10-27,0.5386338443309924
2025-10-28,0.5387834803413549
2025-10-29,0.5338472271102483
2025-10-30,0.5357324162585512
2025-10-31,0.5615729665994428
2025-11-03,0.561456026527528
2025-11-04,0.5670989968363109
2025-11-05,0.5689286685207999
2025-11-06,0.5747687858808335
2025-11-07,0.5665083785293707
2025-11-10,0.5617281270986005
2025-11-11,0.5632915372472784
2025-11-12,0.5613015820900333
2025-11-13,0.5657986465554723
2025-11-14,0.5651552728409162
2025-11-17,0.5673884392558046
2025-11-18,0.545267176722916
2025-11-19,0.539775437743929
2025-11-20,0.5498046277403756
2025-11-21,0.546568555927649
2025-11-24,0.5352522098211976
2025-11-25,0.5326730646125628
2025-11-26,0.5301817069785284
2025-11-28,0.527377967767169
2025-12-01,0.5306144146370086
2025-12-02,0.5312049351719751
2025-12-03,0.5317656938003494
2025-12-04,0.528615844530372
2025-12-05,0.5274384230851703
2025-12-08,0.5512358457112883
2025-12-09,0.5444522583061031
2025-12-10,0.5409241036189514
2025-12-11,0.5359714978155904
2025-12-12,0.5756525589307094
2025-12-15,0.5692812829536444
2025-12-16,0.5713328920145827
2025-12-17,0.5771548589145352
2025-12-18,0.5651990946542054
2025-12-19,0.5302845987706721
2025-12-22,0.5287581146830385
2025-12-23,0.5287339879910731
2025-12-24,0.5281555186919993
2025-12-26,0.5279157440392195
2025-12-29,0.5300134914004171
2025-12-30,0.5311608730730651
2025-12-31,0.5344494251326997
2026-01-02,0.5276345319658773
2026-01-05,0.5233716322237707
2026-01-06,0.5110125540518928
2026-01-07,0.5152847257260444
2026-01-08,0.5201792798463294
2026-01-09,0.54260569684874
2026-01-12,0.5342954955816698
2026-01-13,0.5362770076089489
2026-01-14,0.5400961857915164
2026-01-15,0.5330900497613429
2026-01-16,0.5304848377792022
2026-01-20,0.5325620950351393
2026-01-21,0.5255206426259765
2026-01-22,0.5213912808376517
2026-01-23,0.5231714290490288
2026-01-26,0.5235327729343044
2026-01-27,0.5592338408908398
2026-01-28,0.5535345353932939
2026-01-29,0.5241533124480205
2026-01-30,0.5118684760447112
2026-02-02,0.5022604578287109
2026-02-03,0.5019623057686247
2026-02-04,0.5063663604450109
2026-02-05,0.5135489834456147
2026-02-06,0.5211130617911672
2026-02-09,0.5173236433932953
2026-02-10,0.5216687032193363
2026-02-11,0.5177936757439756
2026-02-12,0.5209886384644371
2026-02-13,0.49726843611716376
2026-02-17,0.47378357373630675
2026-02-18,0.47094745742750954
2026-02-19,0.47114134265596086
2026-02-20,0.4663534576004259
2026-02-23,0.46796547940988176
2026-02-24,0.46487412037955356
2026-02-25,0.45915919464525423
2026-02-26,0.51915779477012
2026-02-27,0.5224510406854384
2026-03-02,0.5140915616108265
2026-03-03,0.5214595326074938
2026-03-04,0.5217303632207637
2026-03-05,0.5333372733980293
2026-03-06,0.5421390589582769
2026-03-09,0.5310950268657222
2026-03-10,0.5305687041342599
2026-03-11,0.52973657849622
2026-03-12,0.5324916223034568
2026-03-13,0.5261367821707037
2026-03-16,0.5237211600746348
2026-03-17,0.5227109212577268
2026-03-18,0.520737152458548
2026-03-19,0.5179001779754744
2026-03-20,0.5260808899002389
2026-03-23,0.6523088422413899
2026-03-24,0.6454058504597711
2026-03-25,0.6435306418134175
2026-03-26,0.7002253502882027
2026-03-27,0.698054086958994
2026-03-30,0.706551584880967
2026-03-31,0.8208940504642336
2026-04-01,0.8189658214883254
2026-04-02,0.8136499025089922
2026-04-06,0.8153464368236027
2026-04-07,0.8606391702865209
2026-04-08,0.8586221879951517
2026-04-09,0.8607571944496901
2026-04-10,0.8599069129418748
2026-04-13,0.8608738084222213
2026-04-14,0.8647663232993048
2026-04-15,0.8637535729997261
2026-04-16,0.8601131625789065
2026-04-17,0.8619676161234615
2026-04-20,0.8623801524635666
2026-04-21,0.8113497553078841
2026-04-22,0.7129824981892746
2026-04-23,0.6619811334481446
2026-04-24,0.6632423723209118
2026-04-27,0.5605252872735484
2026-04-28,0.5187922149564809
2026-04-29,0.5209200971083958
2026-04-30,0.4766761926323445
2026-05-01,0.45797714585219285
2026-05-04,0.4586996182212253
2026-05-05,0.4549994528977459
2026-05-06,0.45024520827574477
2026-05-07,0.45670980923896765
2026-05-08,0.4522392457687341
2026-05-11,0.42675630895357175
2026-05-12,0.394276129681679
2026-05-13,0.39174116409782056
2026-05-14,0.3855270673726935
2026-05-15,0.3576697045147199
2026-05-18,0.33766641755242366
2026-05-19,0.32961576257574265
2026-05-20,0.3341394427073999
2026-05-21,0.33122070527815417
2026-05-22,0.36168546831567594
2026-05-26,0.35794311142555946
2026-05-27,0.36162899771609525
2026-05-28,0.4110812400192928
2026-05-29,0.40598718787417865
2026-06-01,0.4087550275169073
2026-06-02,0.39863636400170566
2026-06-03,0.38903258425162235
2026-06-04,0.3919509486201862
2026-06-05,0.38112824613634366
2026-06-08,0.38537006605895685
2026-06-09,0.34172016481020384
2026-06-10,0.40060808006478643
2026-06-11,0.36831650054393883
2026-06-12,0.36016378483000844
2026-06-15,0.34708345690319753
2026-06-16,0.4708907859440047
2026-06-17,0.46849672090814787
2026-06-18,0.4338559788562364
2026-06-22,0.4322785741434878
2026-06-23,0.47748992881563734
2026-06-24,0.4817484704991828
2026-06-25,0.46456583156092013
2026-06-26,0.5094479133487426
2026-06-29,0.49906708218636586
2026-06-30,0.4967479334456021
2026-07-01,0.5016548267530718
2026-07-02,0.526407118263101
2026-07-06,0.5018360643313527
2026-07-07,0.51130248707954
2026-07-08,0.5028771773315104
2026-07-09,0.46803602813384615
2026-07-10,0.46713710976925704
2026-07-13,0.4705152237566097
2026-07-14,0.4684674073262797
2026-07-15,0.4705633093318451
2026-07-16,0.46967585127175193
2026-07-17,0.44606726138632913
2026-07-20,0.44443433579431224
2026-07-21,0.4413001536028802
2026-07-22,0.44271991038559977
2026-07-23,0.44418451994572083
2026-07-24,0.4402967661707775
2026-07-27,0.43960328709428953
2026-07-28,0.4347077104166325
2026-07-29,0.43770792160794825
2026-07-30,0.437693081565946
2026-07-31,0.43879619573259343
2026-08-03,0.4402030658344245
2026-08-04,0.43857828499873674
2026-08-05,0.4395005288616898
2026-08-06,0.44575332359528685
2026-08-07,0.4877923140477173
2026-08-10,0.4876409499656791
2026-08-11,0.49244051462000726
2026-08-12,0.4913106121372416
2026-08-13,0.4918439479389819
2026-08-14,0.48895486860559045
2026-08-17,0.4897285322138486
2026-08-18,0.49151543015229127
2026-08-19,0.49336105783895623
2026-08-20,0.5019833308669404
2026-08-21,0.49933899407027427
2026-08-24,0.5004096446694191
2026-08-25,0.4977646385570844
