ticker,entry_date,exit_date,entry_px,exit_px,days_held,ret_net,weight,bet_eur,bet_frac,div_eur,exit_reason
GEF,2007-01-04,2007-01-19,58.375,53.26499938964844,10,-0.09118004862447882,1.0,10002.08925,0.1,0.0,stop
AEIS,2007-01-04,2007-01-19,18.889999389648438,16.8799991607666,10,-0.10997276454179816,1.0,10012.79529647827,0.1,0.0,stop
ADEA,2007-01-04,2007-01-29,17.759967803955078,16.717817306518555,16,-0.06243751696601485,1.0,10018.859597373963,0.1,0.0,egg
MLKN,2007-01-04,2007-01-29,37.29999923706055,37.220001220703125,16,-0.006128173196709108,1.0,10016.39259512329,0.1,0.0,egg
ETR,2007-01-04,2007-01-29,47.040000915527344,45.75,16,-0.03130602928156334,1.0,9992.42515447998,0.1,0.0,egg
CMCSA,2007-01-04,2007-02-06,13.448922157287598,13.367697715759277,22,-0.010007382204450743,1.0,10012.534261190414,0.1,0.0,sma
MS,2007-01-05,2007-02-13,80.86000061035156,80.33000183105469,26,-0.010520373768240443,1.0,9965.671635223389,0.1,33.21,sma
UCTT,2007-01-19,2007-02-20,13.760000228881836,13.430000305175781,21,-0.027878829432737118,1.0,9913.227044895171,0.1,0.0,sma
CNS,2007-02-20,2007-02-27,48.79999923706055,41.25,5,-0.15808750033513075,1.0,10024.007843284608,0.1,0.0,stop
RHP,2007-01-04,2007-02-28,51.650001525878906,52.25,37,0.007578230943393827,1.0,9988.387195083618,0.1,0.0,sma
AMT,2007-01-29,2007-02-28,39.540000915527344,39.310001373291016,21,-0.009785677452302965,1.0,9865.151148422241,0.1,0.0,sma
MIDD,2007-01-29,2007-02-28,14.793510437011719,14.562885284423828,21,-0.019519398347936923,1.0,9901.829101867675,0.1,0.0,sma
KMX,2007-02-06,2007-03-01,28.7450008392334,26.09000015258789,16,-0.0959872083251263,1.0,10138.476776000976,0.1,0.0,stop
LMT,2007-01-04,2007-03-05,91.69000244140625,94.95999908447266,40,0.03152922601612196,1.0,10014.198686645508,0.1,38.15,sma
CBRL,2007-01-29,2007-03-06,46.11000061035156,45.619998931884766,25,-0.014576391970705038,1.0,9887.275210876465,0.1,0.0,sma
APOG,2007-02-28,2007-03-06,20.979999542236328,19.139999389648438,4,-0.09134448892251146,1.0,9522.947672218323,0.1,0.0,stop
ATI,2007-02-13,2007-03-08,99.72000122070312,101.0,16,0.00879267103679493,1.0,9991.944122314453,0.1,0.0,egg
HAS,2007-03-06,2007-03-28,29.299999237060547,29.65999984741211,16,0.008245645857981154,1.0,9277.317358428954,0.1,0.0,egg
SYK,2007-01-04,2007-04-03,55.599998474121094,67.5999984741211,61,0.210973741880766,0.4972067039106145,9972.304526321412,0.1,0.0,strength
LII,2007-03-28,2007-04-25,35.7400016784668,33.90999984741211,19,-0.05499079461730216,1.0,9991.40338922882,0.1,0.0,sma
HLIT,2007-03-05,2007-04-27,9.170000076293945,8.800000190734863,38,-0.044179893508048074,1.0,9344.541857746124,0.1,0.0,breakeven
OI,2007-02-28,2007-04-27,23.760000228881836,29.850000381469727,41,0.25129791316922656,0.5,9523.00809173584,0.1,0.0,strength
SYK,2007-01-04,2007-05-01,55.599998474121094,65.2699966430664,80,0.16923452443061326,0.5027932960893855,9972.304526321412,0.1,0.0,sma
CE,2007-02-28,2007-05-03,28.579999923706055,34.900001525878906,45,0.21625893125595996,0.5,9507.53709461975,0.1,6.640000000000001,strength
EL,2007-03-01,2007-05-04,23.454999923706055,23.899999618530273,45,0.014904733142079074,1.0,9588.779248809815,0.1,0.0,sma
LNT,2007-04-03,2007-05-14,22.329999923706055,22.135000228881836,28,-0.012689788184467865,1.0,10135.72094536972,0.1,72.027,sma
CAR,2007-04-27,2007-05-21,28.639999389648438,28.200000762939453,16,-0.019293767172836374,1.0,10273.626021057129,0.1,0.0,egg
ES,2007-03-08,2007-05-24,29.239999771118164,31.549999237060547,54,0.07469395972269921,1.0,9609.901364776611,0.1,0.0,sma
MAT,2007-03-06,2007-05-31,27.059999465942383,27.75,60,0.02140510356154479,1.0,9300.142976451874,0.1,0.0,sma
CLF,2007-05-01,2007-06-01,34.244998931884766,45.20000076293945,22,0.31463171389445055,0.49830508474576274,10122.479234275817,0.1,9.1875,strength
BDC,2007-05-14,2007-06-06,57.9900016784668,56.400001525878906,16,-0.03130108306156576,1.0,10284.758757682801,0.1,8.85,egg
RS,2007-05-21,2007-06-13,61.779998779296875,56.279998779296875,16,-0.09266220082425713,1.0,10461.701433288574,0.1,13.52,stop
IT,2007-05-24,2007-06-18,27.0,26.149999618530273,16,-0.035347836944880084,1.0,10415.79,0.1,0.0,egg
DCH,2007-02-27,2007-06-22,24.65999984741211,29.889999389648438,81,0.2072456698706655,0.5,9982.5652182312,0.1,60.599999999999994,strength
FCN,2007-05-31,2007-06-26,37.08000183105469,35.97999954223633,18,-0.03353923840641082,1.0,10514.627799224854,0.1,0.0,sma
GT,2007-05-04,2007-06-27,33.68000030517578,33.5,37,-0.009315107994749772,1.0,10259.197532958984,0.1,0.0,sma
PH,2007-06-06,2007-06-28,65.95333099365234,64.69999694824219,16,-0.02291950146546362,1.0,10771.893737869263,0.1,0.0,egg
WWD,2007-06-13,2007-07-06,27.68000030517578,27.614999771118164,16,-0.006330926740244158,1.0,10317.554033752442,0.1,0.0,egg
GME,2007-04-25,2007-07-06,8.454999923706055,10.375,50,0.22218603519535574,0.4995836802664446,10174.763818187714,0.1,0.0,strength
AVT,2007-06-18,2007-07-11,42.70000076293945,40.06999969482422,16,-0.06533866737442251,1.0,10610.779389587402,0.1,0.0,egg
GEO,2007-06-27,2007-07-20,19.233333587646484,18.053333282470703,16,-0.06509893327698446,1.0,10387.500337348938,0.1,0.0,egg
DCH,2007-02-27,2007-07-23,24.65999984741211,28.799999237060547,101,0.16322097963176851,0.5,9982.5652182312,0.1,60.599999999999994,sma
CE,2007-02-28,2007-07-23,28.579999923706055,37.099998474121094,100,0.29292843899369725,0.5,9507.53709461975,0.1,13.280000000000001,sma
SF,2007-06-28,2007-07-23,11.899258613586426,11.510123252868652,16,-0.036563955004796256,1.0,10456.521103723526,0.1,0.0,egg
CLF,2007-05-01,2007-07-26,34.244998931884766,39.32500076293945,60,0.14375867874480197,0.5016949152542373,10122.479234275817,0.1,9.25,sma
WLY,2007-07-06,2007-07-26,48.47999954223633,43.20000076293945,14,-0.11246810898611226,1.0,10589.777180007935,0.1,0.0,stop
DE,2007-06-26,2007-07-27,60.28499984741211,60.10499954223633,22,-0.00696591895449572,1.0,10389.758013702392,0.1,37.84,sma
AA,2007-07-20,2007-07-27,103.521240234375,91.5542984008789,5,-0.11912944654388147,1.0,10580.284836914063,0.1,0.0,stop
MOS,2007-07-23,2007-07-27,40.0,35.79999923706055,4,-0.10857287328876175,1.0,10420.8,0.1,0.0,stop
DY,2007-07-23,2007-07-27,31.440000534057617,28.280000686645508,4,-0.10409968212897036,1.0,10427.453457126618,0.1,0.0,stop
RBC,2007-07-11,2007-08-02,41.310001373291016,38.65999984741211,16,-0.06788508277339977,1.0,10513.72582951355,0.1,0.0,egg
GME,2007-04-25,2007-08-06,8.454999923706055,10.0,71,0.17801063633287306,0.5004163197335554,10174.763818187714,0.1,0.0,sma
OI,2007-02-28,2007-08-10,23.760000228881836,35.18000030517578,114,0.4747289917787185,0.5,9523.00809173584,0.1,0.0,sma
CXT,2007-07-23,2007-08-10,16.300798416137695,13.765195846557617,14,-0.15892187517872935,1.0,10437.042608287811,0.1,0.0,stop
CALM,2007-07-26,2007-08-10,9.739999771118164,7.284999847412109,11,-0.2550392010059659,1.0,10091.302082862854,0.1,0.0,stop
ETN,2007-08-02,2007-08-10,49.79499816894531,43.20000076293945,6,-0.13590627066419725,1.0,9679.550104064941,0.1,0.0,stop
HAL,2007-07-27,2007-08-15,36.060001373291016,32.779998779296875,13,-0.09458848426668587,1.0,9864.069135658265,0.1,0.0,stop
HXL,2007-08-10,2007-08-15,24.6299991607666,21.989999771118164,3,-0.11075046337060301,1.0,9057.288111385345,0.1,0.0,stop
WAB,2007-07-30,2007-08-16,20.280000686645508,17.975000381469727,13,-0.11719707659032119,1.0,9753.869130249024,0.1,2.4,stop
TDY,2007-08-10,2007-08-16,50.2599983215332,45.16999816894531,4,-0.10486111584881885,1.0,9064.893297271728,0.1,0.0,stop
HON,2007-07-26,2007-08-17,55.9961051940918,52.20774841308594,16,-0.07137587395541323,1.0,10043.349435401917,0.1,42.171504999999996,stop
NOV,2007-08-07,2007-08-17,52.92155075073242,48.80522918701172,8,-0.08146308558240045,1.0,9757.040468811036,0.1,0.0,stop
MMM,2007-07-30,2007-08-21,75.40133666992188,73.6622085571289,16,-0.026964891013754877,1.0,9746.225975280762,0.1,0.0,egg
FAST,2007-07-27,2007-08-29,5.728750228881836,5.541250228881836,23,-0.0365910104336401,1.0,9890.37791765213,0.1,49.53625,sma
IEX,2007-08-10,2007-09-11,38.470001220703125,37.86000061035156,21,-0.01978524338931853,1.0,9058.531187438964,0.1,0.0,sma
J,2007-08-23,2007-09-20,52.25109100341797,62.86343002319336,19,0.19829992071625369,0.5,8586.317282409667,0.1,0.0,strength
MOS,2007-08-30,2007-09-24,39.91999816894531,50.65999984741211,16,0.26397211005714394,0.5,8639.965043701171,0.1,0.0,strength
FLR,2007-08-23,2007-10-02,60.42499923706055,75.01000213623047,27,0.23641807121638814,0.5,8597.510591445924,0.1,7.1000000000000005,strength
GRMN,2007-08-30,2007-10-03,102.54000091552734,98.98999786376953,23,-0.038474475021300414,1.0,8630.586797058106,0.1,0.0,breakeven
SYNA,2007-09-12,2007-10-11,28.48666763305664,34.63999938964844,21,0.21115310514293317,0.5,8962.703264053345,0.1,0.0,strength
ANDE,2007-08-23,2007-10-12,30.753332138061523,30.84000015258789,35,-0.0011850994999254016,1.0,8628.154864654542,0.1,14.559999999999999,sma
CALM,2007-10-12,2007-10-22,13.369999885559082,11.345000267028809,6,-0.15484585328905331,1.0,9819.810335947037,0.1,0.0,stop
CF,2007-10-03,2007-10-25,13.82800006866455,16.601999282836914,16,0.19581456136013697,0.5,9615.825311748506,0.1,0.0,strength
WEX,2007-08-23,2007-10-26,35.599998474121094,37.41999816894531,45,0.04692748697231819,1.0,8632.430029998779,0.1,0.0,sma
ON,2007-08-30,2007-10-26,11.399999618530273,12.279999732971191,40,0.0728928234408317,1.0,8669.904909885407,0.1,0.0,sma
VMI,2007-10-26,2007-11-06,93.75,82.88999938964844,7,-0.11936958732275038,1.0,9863.4375,0.1,0.0,stop
FLR,2007-08-23,2007-11-08,60.42499923706055,73.25,54,0.20740729419144355,0.5,8597.510591445924,0.1,7.1000000000000005,sma
JEF,2007-09-21,2007-11-08,39.9027099609375,41.41061019897461,34,0.033646547369585944,1.0,9395.891114501954,0.1,0.0,sma
SGI,2007-10-26,2007-11-09,8.797499656677246,7.519999980926514,10,-0.148624005317469,1.0,9890.536204021453,0.1,0.0,stop
J,2007-08-23,2007-11-13,52.25109100341797,65.3117904663086,57,0.24497045911651827,0.5,8586.317282409667,0.1,0.0,sma
EPAC,2007-10-22,2007-11-13,33.369998931884766,32.79999923706055,16,-0.02100502960643813,1.0,9796.964506416321,0.1,0.0,egg
MORN,2007-11-06,2007-11-13,75.08000183105469,68.61000061035156,5,-0.08982276603939954,1.0,9855.1512003479,0.1,0.0,stop
FCN,2007-08-28,2007-11-19,49.81999969482422,59.310001373291016,58,0.18573334529506313,0.49710982658959535,8636.097667098998,0.1,0.0,strength
SYNA,2007-09-12,2007-12-17,28.48666763305664,33.79999923706055,67,0.18178333577072614,0.5,8962.703264053345,0.1,0.0,sma
TDG,2007-12-03,2007-12-26,48.34000015258789,45.58000183105469,16,-0.06085962779025067,1.0,9590.462670272827,0.1,0.0,egg
FSLR,2007-12-06,2007-12-31,218.39999389648438,265.739990234375,16,0.21190091276035883,0.5,9628.818930908203,0.1,0.0,strength
KO,2007-12-03,2008-01-03,31.100000381469727,30.584999084472656,21,-0.020485437103245352,1.0,9597.95771772766,0.1,0.0,sma
MCK,2007-12-03,2008-01-03,65.58000183105469,64.11000061035156,21,-0.026317921907024644,1.0,9593.829627868652,0.1,0.0,sma
BLKB,2007-12-06,2008-01-04,28.200000762939453,26.969999313354492,19,-0.04743496742243036,1.0,9691.945462211608,0.1,0.0,sma
CCI,2007-12-06,2008-01-04,40.77000045776367,39.15999984741211,19,-0.043324207388264924,1.0,9681.81508870697,0.1,0.0,sma
MORN,2007-12-26,2008-01-08,80.8499984741211,72.29000091552734,8,-0.10944441018650353,1.0,10207.474007354736,0.1,0.0,stop
FSLR,2007-12-06,2008-01-14,218.39999389648438,222.32000732421875,25,0.013885112148461776,0.5,9628.818930908203,0.1,0.0,sma
MA,2007-12-26,2008-01-14,20.947999954223633,18.05500030517578,12,-0.14154456296777285,1.0,10264.059121570586,0.1,7.335,stop
FCN,2007-08-28,2008-01-18,49.81999969482422,57.869998931884766,99,0.1569446271607451,0.5028901734104047,8636.097667098998,0.1,0.0,sma
CF,2007-10-03,2008-01-18,13.82800006866455,18.43199920654297,74,0.3276264304473704,0.5,9615.825311748506,0.1,1.3880000000000001,sma
MOS,2007-08-30,2008-01-22,39.91999816894531,71.91000366210938,98,0.7941618503115022,0.5,8639.965043701171,0.1,0.0,sma
NUE,2008-05-20,2008-05-27,79.83999633789062,72.23999786376953,4,-0.09880238052293688,1.0,9199.962778015137,0.1,0.0,stop
CHRW,2008-05-20,2008-06-12,64.81999969482422,59.540000915527344,16,-0.08512316321610203,1.0,9222.848836578369,0.1,31.24,stop
JBHT,2008-05-20,2008-06-12,34.470001220703125,33.45000076293945,16,-0.03346484926284976,1.0,9256.436247802734,0.1,0.0,egg
GILD,2008-05-20,2008-06-12,26.934999465942383,26.7549991607666,16,-0.010648104501124855,1.0,9257.182226451874,0.1,0.0,egg
BKNG,2008-05-20,2008-06-12,5.290800094604492,4.854400157928467,16,-0.08614553025479954,1.0,9256.212439109802,0.1,0.0,stop
LIN,2008-05-20,2008-06-12,95.73999786376953,95.26000213623047,16,-0.008985535788383792,1.0,9209.42187451172,0.1,36.0,egg
TAP,2008-05-20,2008-06-17,56.290000915527344,56.0099983215332,19,-0.008946445078596765,1.0,9250.023270446778,0.1,32.800000000000004,sma
ESE,2008-05-20,2008-06-23,48.540000915527344,48.099998474121094,23,-0.013020568427237422,1.0,9241.045374298095,0.1,0.0,sma
MA,2008-05-20,2008-06-27,27.764999389648438,27.500999450683594,27,-0.013462430258473046,1.0,9236.415756958007,0.1,0.0,sma
STRA,2008-05-20,2008-08-27,194.08999633789062,211.49000549316406,69,0.08529928377883511,1.0,9140.474287536621,0.1,35.25,sma
WBD,2009-06-12,2009-06-23,11.303014755249023,10.327031135559082,7,-0.08999451163358019,1.0,8981.217282314301,0.1,0.0,stop
AAP,2009-06-10,2009-07-02,43.5,41.689998626708984,16,-0.04543513824177936,1.0,9022.509,0.1,12.42,egg
PEGA,2009-06-08,2009-07-09,6.574999809265137,5.757500171661377,22,-0.1278302197120672,1.0,9019.177088361741,0.1,10.2675,stop
SMTC,2009-06-16,2009-07-09,16.030000686645508,15.210000038146973,16,-0.054941932239515934,1.0,8914.443681850433,0.1,0.0,egg
EEFT,2009-07-01,2009-07-09,19.65999984741211,18.200000762939453,5,-0.07795797507795177,1.0,8943.491210586548,0.1,0.0,stop
ICUI,2009-06-25,2009-07-23,40.119998931884766,38.709999084472656,19,-0.038996281743110206,1.0,8723.451847755432,0.1,0.0,sma
EW,2009-06-11,2009-07-31,5.449166774749756,5.446667194366455,35,-0.004448893527773223,1.0,9009.107428693771,0.1,0.0,sma
AN,2009-06-19,2009-07-31,17.059999465942383,20.469999313354492,29,0.19509281286504954,0.5,8923.130360664367,0.1,0.0,strength
GPI,2009-07-06,2009-07-31,24.0,28.889999389648438,19,0.19894458544865024,0.4986449864498645,8873.712,0.1,0.0,strength
ORCL,2009-07-15,2009-08-06,21.510000228881836,21.420000076293945,16,-0.00815942041194051,1.0,8815.185273799896,0.1,0.0,egg
OSK,2009-08-03,2009-08-07,30.940000534057617,25.350000381469727,4,-0.18394304009906148,1.0,9269.562280002594,0.1,0.0,stop
MSCI,2009-07-22,2009-08-27,25.360000610351562,30.600000381469727,26,0.2018077270425438,0.5,8995.395096496582,0.1,0.0,strength
FFIV,2009-08-06,2009-08-28,36.56999969482422,34.560001373291016,16,-0.05873564169527978,1.0,9270.714342636109,0.1,0.0,egg
CRI,2009-08-07,2009-08-31,26.059999465942383,25.489999771118164,16,-0.02577729066396872,1.0,9087.017573776246,0.1,0.0,egg
AN,2009-06-19,2009-09-02,17.059999465942383,17.81999969482422,52,0.04037881167138435,0.5,8923.130360664367,0.1,0.0,sma
GPI,2009-07-06,2009-09-02,24.0,26.469999313354492,42,0.0985137772258724,0.5013550135501355,8873.712,0.1,0.0,sma
FISV,2009-07-31,2009-09-03,11.852499961853027,11.800000190734863,24,-0.008403759596989024,1.0,9204.058845376969,0.1,0.0,sma
CVLT,2009-07-06,2009-09-03,16.3700008392334,19.940000534057617,43,0.21321922512818348,0.49907578558225507,8873.882794933319,0.1,0.0,strength
SLAB,2009-06-30,2009-09-08,37.97999954223633,46.97999954223633,48,0.23202883617330494,0.4978723404255319,8943.150492210389,0.1,0.0,strength
MSCI,2009-07-22,2009-09-17,25.360000610351562,27.6299991607666,40,0.0851616364585619,0.5,8995.395096496582,0.1,0.0,sma
NEU,2009-08-05,2009-09-18,78.27999877929688,95.48999786376953,31,0.2149821378466974,0.4957983193277311,9333.9504944458,0.1,14.75,strength
LZB,2009-08-31,2009-09-25,8.470000267028809,8.380000114440918,18,-0.014575353360693821,1.0,9284.712652713775,0.1,0.0,breakeven
ASH,2009-09-02,2009-09-25,17.27005958557129,20.50391387939453,16,0.182512534284613,0.49903660886319845,8981.087246761323,0.1,0.0,strength
RDN,2009-09-03,2009-09-28,8.350000381469727,10.5,16,0.252465072402134,0.49954001839926404,9094.603315486907,0.1,0.0,strength
SNX,2009-07-28,2009-10-02,14.229999542236328,14.704999923706055,47,0.029254940292042564,1.0,9082.63872782135,0.1,0.0,sma
VSH,2009-09-17,2009-10-02,7.416741847991943,6.444643974304199,11,-0.13453683784501824,1.0,10359.616012372971,0.1,0.0,stop
SLAB,2009-06-30,2009-10-05,37.97999954223633,43.38999938964844,67,0.13788273670647855,0.502127659574468,8943.150492210389,0.1,0.0,sma
RDN,2009-09-03,2009-10-12,8.350000381469727,8.399999618530273,26,0.001972012419087399,0.500459981600736,9094.603315486907,0.1,0.0,sma
VECO,2009-09-02,2009-10-15,20.549999237060547,26.110000610351562,30,0.2654875930160241,0.5,8977.719266693115,0.1,0.0,strength
CAR,2009-10-05,2009-10-19,12.779999732971191,11.680000305175781,10,-0.08972035989660276,1.0,9476.114202003479,0.1,0.0,stop
AGO,2009-10-12,2009-10-26,20.139999389648438,18.31999969482422,10,-0.09399868339191297,1.0,9908.517179718017,0.1,0.0,stop
AWI,2009-09-25,2009-10-26,33.02000045776367,39.459999084472656,21,0.190262676958469,0.5,9793.467975769043,0.1,0.0,strength
ASH,2009-09-02,2009-10-27,17.27005958557129,19.33953094482422,38,0.11535962762808394,0.5009633911368016,8981.087246761323,0.1,0.0,sma
OI,2009-08-28,2009-10-28,34.7400016784668,34.84000015258789,42,-0.0011250247820112635,1.0,9294.131609046935,0.1,0.0,sma
CVLT,2009-07-06,2009-10-29,16.3700008392334,19.799999237060547,82,0.2047010576000725,0.5009242144177449,8873.882794933319,0.1,0.0,sma
WBD,2009-10-02,2009-10-29,14.82882022857666,14.246294975280762,19,-0.04311851384446508,1.0,9568.859747657776,0.1,0.0,sma
ULTA,2009-10-19,2009-10-29,16.950000762939453,15.479999542236328,8,-0.09037153729282266,1.0,9952.565847976684,0.1,0.0,stop
PVH,2009-10-26,2009-10-29,42.959999084472656,39.380001068115234,3,-0.0869926370830505,1.0,9814.469550842285,0.1,0.0,stop
VECO,2009-09-02,2009-11-05,20.549999237060547,23.329999923706055,45,0.13074778852398006,0.5,8977.719266693115,0.1,0.0,sma
COF,2009-10-28,2009-11-30,37.38999938964844,37.5,22,-0.001061780933375167,1.0,9628.448302825927,0.1,12.850000000000001,sma
AAPL,2009-10-29,2009-12-07,7.012499809265137,6.904285907745361,26,-0.019361985711882967,1.0,9331.22494619751,0.1,0.0,sma
INVX,2009-10-02,2009-12-09,48.310001373291016,52.18000030517578,47,0.07579580694190069,1.0,9536.104411079406,0.1,0.0,sma
FCX,2009-10-29,2009-12-09,39.084999084472656,38.5,28,-0.018899621761448993,1.0,9320.834241668701,0.1,0.0,sma
AWI,2009-09-25,2009-12-11,33.02000045776367,39.54999923706055,54,0.1929774216374185,0.5,9793.467975769043,0.1,0.0,sma
OSK,2009-12-09,2009-12-15,40.33000183105469,35.290000915527344,4,-0.12846216036384517,1.0,9738.969502166748,0.1,0.0,stop
HOG,2009-12-07,2009-12-18,28.600000381469727,25.899999618530273,9,-0.09802076704886431,1.0,9886.73413187027,0.1,34.5,stop
DAN,2009-11-30,2009-12-22,7.28000020980835,11.050000190734863,16,0.5117978154311178,0.4996276991809382,9796.594362336158,0.1,0.0,strength
CAT,2009-10-29,2010-01-04,57.25,57.650001525878906,44,0.0029670183271386374,1.0,9293.049,0.1,0.0,sma
LULU,2009-11-05,2010-01-06,12.890000343322754,15.925000190734863,41,0.23052187069168917,0.49930843706777317,9338.109188718796,0.1,0.0,strength
ISRG,2009-10-27,2010-01-07,28.666667938232422,34.524444580078125,49,0.1995332879328069,0.49852507374631266,9737.436431922913,0.1,0.0,strength
GPN,2009-10-29,2010-01-11,24.684999465942383,24.46500015258789,49,-0.012868705347171883,1.0,9324.857288257599,0.1,3.77,sma
LZB,2009-12-22,2010-01-12,10.109999656677246,9.289999961853027,13,-0.08477601900304499,1.0,10160.610314958572,0.1,0.0,stop
HL,2009-12-11,2010-01-19,6.510000228881836,6.190000057220459,24,-0.05295095831222807,1.0,9797.576384468079,0.1,0.0,sma
CENX,2010-01-12,2010-01-22,16.3799991607666,13.670000076293945,7,-0.16877717244835755,1.0,10372.863788543702,0.1,0.0,stop
EHC,2009-12-09,2010-01-25,14.685759544372559,15.091487884521484,30,0.023525026301037366,1.0,9756.131895074845,0.1,0.0,sma
WHR,2009-12-15,2010-01-25,77.44999694824219,79.33999633789062,26,0.02031340115368674,1.0,9855.821911651612,0.1,0.0,sma
SHO,2010-01-19,2010-01-25,9.770000457763672,9.069999694824219,4,-0.07535397257494525,1.0,10141.96391519165,0.1,0.0,stop
NEU,2009-08-05,2010-01-27,78.27999877929688,111.3499984741211,120,0.4167793718911028,0.5042016806722689,9333.9504944458,0.1,37.5,sma
LULU,2009-11-05,2010-01-29,12.890000343322754,14.21500015258789,57,0.09839047850196159,0.5006915629322268,9338.109188718796,0.1,0.0,sma
SM,2010-01-25,2010-01-29,36.5099983215332,33.54999923706055,4,-0.08474202572972367,1.0,9804.24890927124,0.1,0.0,stop
PSKY,2010-01-11,2010-02-01,14.09000015258789,13.0,14,-0.08104303391103862,1.0,10489.807853599548,0.1,0.0,stop
EWBC,2010-01-04,2010-02-05,16.040000915527344,15.300000190734863,23,-0.04994255138039305,1.0,10141.48305885315,0.1,0.0,sma
CVBF,2010-01-25,2010-02-05,9.5600004196167,8.699999809265137,9,-0.09359112021337912,1.0,9818.598430967331,0.1,0.0,stop
DAN,2009-11-30,2010-02-08,7.28000020980835,9.729999542236328,47,0.33120287766442136,0.5003723008190618,9796.594362336158,0.1,0.0,sma
GE,2010-01-27,2010-02-19,78.11672973632812,77.34993743896484,16,-0.013768810936899523,1.0,9705.847436279297,0.1,0.0,egg
AAL,2010-01-29,2010-02-23,5.309999942779541,7.090000152587891,16,0.32988640957851123,0.5,9726.093255191803,0.1,0.0,strength
RCL,2010-02-01,2010-02-24,26.600000381469727,26.399999618530273,16,-0.011480826262929233,1.0,9648.458538368224,0.1,0.0,egg
SANM,2010-02-08,2010-03-03,13.069999694824219,17.40999984741211,16,0.3267405703830404,0.5,9350.6437416687,0.1,0.0,strength
EZPW,2010-01-25,2010-03-10,17.59000015258789,21.530000686645508,31,0.21910474099439292,0.4991023339317774,9817.225345161438,0.1,0.0,strength
ISRG,2009-10-27,2010-04-07,28.666667938232422,38.22222137451172,110,0.3280105570161762,0.5014749262536873,9737.436431922913,0.1,0.0,sma
AAL,2010-01-29,2010-04-08,5.309999942779541,7.840000152587891,47,0.47056550488428806,0.5,9726.093255191803,0.1,0.0,sma
ALGT,2010-02-22,2010-04-12,52.380001068115234,54.15999984741211,34,0.029854737746990656,1.0,10129.558886558532,0.1,0.0,sma
FULT,2010-01-22,2010-04-12,9.069999694824219,10.869999885559082,54,0.19367222014585783,0.5,9906.072266693116,0.1,16.349999999999998,strength
PTC,2010-01-29,2010-04-22,16.559999465942383,19.979999542236328,57,0.20170529630444922,0.5,9723.56800641632,0.1,0.0,strength
SGI,2010-02-24,2010-04-22,6.869999885559082,8.592499732971191,40,0.24573485871828615,0.5,10146.632590976715,0.1,0.0,strength
GNTX,2010-02-05,2010-04-26,9.46500015258789,11.180000305175781,54,0.17647854050905254,0.49949031600407745,9303.735479988098,0.1,26.95,strength
DE,2010-04-07,2010-04-29,60.400001525878906,60.15999984741211,16,-0.007949691165001882,1.0,10893.74427520752,0.1,0.0,egg
BC,2010-04-08,2010-04-30,16.59000015258789,22.549999237060547,16,0.3538263455966766,0.4992343032159265,10854.936639839172,0.1,0.0,strength
EZPW,2010-01-25,2010-05-03,17.59000015258789,20.799999237060547,68,0.17776947858198544,0.5008976660682226,9817.225345161438,0.1,0.0,sma
FULT,2010-01-22,2010-05-05,9.069999694824219,10.210000038146973,71,0.12119535800688275,0.5,9906.072266693116,0.1,16.349999999999998,sma
PTC,2010-01-29,2010-05-05,16.559999465942383,17.809999465942383,66,0.07118974853624249,0.5,9723.56800641632,0.1,0.0,sma
SANM,2010-02-08,2010-05-05,13.069999694824219,15.949999809265137,60,0.21548030040329635,0.5,9350.6437416687,0.1,0.0,sma
CBT,2010-02-05,2010-05-06,28.280000686645508,30.920000076293945,62,0.08898748919761235,1.0,9294.391905670165,0.1,59.04,sma
CNK,2010-04-12,2010-05-06,18.139999389648438,18.200000762939453,18,-0.0006975369790053199,1.0,11033.001588775634,0.1,0.0,sma
DAN,2010-05-03,2010-05-06,13.760000228881836,12.520000457763672,3,-0.09374853135235384,1.0,11553.941952186584,0.1,0.0,stop
GNTX,2010-02-05,2010-05-07,9.46500015258789,10.069999694824219,63,0.05967247052835667,0.5005096839959225,9303.735479988098,0.1,27.005,sma
UAL,2010-04-29,2010-05-07,21.469999313354492,18.040000915527344,6,-0.16311199261974574,1.0,11401.857835350036,0.1,0.0,stop
SGI,2010-02-24,2010-05-10,6.869999885559082,8.119999885559082,52,0.17723214717303937,0.5,10146.632590976715,0.1,0.0,sma
JLL,2010-05-05,2010-05-10,79.7300033569336,77.19000244140625,3,-0.03572236947109875,1.0,11264.414334274292,0.1,0.0,stop
SAFE,2010-05-06,2010-05-10,34.07320785522461,32.22351837158203,2,-0.058061051719431434,1.0,11061.798783782959,0.1,0.0,stop
PRGO,2010-05-05,2010-05-21,61.66999816894531,55.209999084472656,12,-0.10832493077288041,1.0,11246.387546081543,0.1,0.0,stop
MTB,2010-05-05,2010-05-21,87.41000366210938,78.5,12,-0.10551855084294592,1.0,11210.8574296875,0.1,0.0,stop
SLG,2010-05-06,2010-05-21,66.78204345703125,59.03150177001953,11,-0.1195859840652358,1.0,11041.075244750977,0.1,0.0,stop
OC,2010-05-06,2010-05-21,33.88999938964844,29.739999771118164,11,-0.12595816610757027,1.0,11070.236080627441,0.1,0.0,stop
BC,2010-04-08,2010-05-27,16.59000015258789,18.239999771118164,35,0.09506842879326083,0.5007656967840735,10854.936639839172,0.1,0.0,sma
SBUX,2010-05-10,2010-05-27,13.520000457763672,12.729999542236328,13,-0.06219077281839647,1.0,10444.768193641663,0.1,0.0,stop
AKAM,2010-05-07,2010-06-04,35.709999084472656,42.099998474121094,19,0.1742351073369166,0.4983388704318937,10770.207143875123,0.1,0.0,strength
NPO,2010-05-28,2010-06-10,31.579999923706055,29.420000076293945,8,-0.07211668660542059,1.0,10758.674374008178,0.1,0.0,stop
SAM,2010-05-10,2010-06-16,59.099998474121094,70.61000061035156,26,0.18998521448702843,0.5,10422.402930908203,0.1,0.0,strength
ALK,2010-05-10,2010-06-17,10.862500190734863,13.324999809265137,27,0.22180031891481566,0.5,10448.85618347168,0.1,0.0,strength
UHS,2010-05-10,2010-06-30,36.650001525878906,38.529998779296875,36,0.047099176293967204,1.0,10429.417634216308,0.1,14.200000000000001,sma
ALK,2010-05-10,2010-06-30,10.862500190734863,11.364999771118164,36,0.04208334285783155,0.5,10448.85618347168,0.1,0.0,sma
UNFI,2010-06-16,2010-06-30,33.0099983215332,30.309999465942383,10,-0.08545886097821043,1.0,11014.314099952699,0.1,0.0,stop
LULU,2010-06-22,2010-06-30,20.735000610351562,18.790000915527344,6,-0.09742028546218062,1.0,10928.423541687012,0.1,0.0,stop
AKAM,2010-05-07,2010-07-02,35.709999084472656,40.470001220703125,39,0.1287719227954096,0.5016611295681063,10770.207143875123,0.1,0.0,sma
DLTR,2010-06-21,2010-07-14,21.016666412353516,20.799999237060547,16,-0.014260163743516907,1.0,10992.641266983032,0.1,0.0,egg
IT,2010-06-22,2010-07-15,24.93000030517578,24.520000457763672,16,-0.02037240571838239,1.0,10916.19895362854,0.1,0.0,egg
HSY,2010-06-21,2010-07-23,49.31999969482422,47.810001373291016,23,-0.03448614397755223,1.0,10970.938012115479,0.1,0.0,sma
SAM,2010-05-10,2010-08-03,59.099998474121094,67.87999725341797,59,0.1439766660920483,0.5,10422.402930908203,0.1,0.0,sma
LSCC,2010-08-03,2010-08-11,5.5,4.849999904632568,6,-0.12170206771487879,1.0,10476.411,0.1,0.0,stop
AAL,2010-08-04,2010-08-12,10.029999732971191,8.930000305175781,6,-0.11322514076200019,1.0,10452.06212173462,0.1,0.0,stop
PII,2010-08-03,2010-08-16,29.825000762939453,27.104999542236328,9,-0.09482664675081665,1.0,10459.627767562866,0.1,0.0,stop
UAL,2010-08-04,2010-08-20,22.610000610351562,20.579999923706055,12,-0.09341690924133295,1.0,10444.056701934815,0.1,0.0,stop
SWKS,2010-08-03,2010-08-25,17.8700008392334,17.040000915527344,16,-0.05025315261793717,1.0,10474.858391933441,0.1,0.0,egg
EW,2010-08-03,2010-08-25,9.576666831970215,9.451666831970215,16,-0.016992468023925844,1.0,10478.635620872497,0.1,0.0,egg
DLR,2010-08-04,2010-08-26,62.18000030517578,59.040000915527344,16,-0.054288967505468744,1.0,10404.828171066285,0.1,0.0,egg
CRM,2010-09-17,2010-10-07,29.184999465942383,26.704999923706055,14,-0.08862793817684878,1.0,10118.205834846496,0.1,0.0,stop
CMI,2010-08-11,2010-10-15,77.80999755859375,94.37000274658203,46,0.20798456673811216,0.4961832061068702,10213.495899536132,0.1,17.095000000000002,strength
AAP,2010-06-21,2010-10-26,51.34000015258789,62.0099983215332,89,0.20300843853699857,0.49765258215962443,10957.290872566224,0.1,12.719999999999999,strength
CCI,2010-09-16,2010-10-28,41.63999938964844,42.65999984741211,30,0.02040588543779931,1.0,10097.033611999512,0.1,0.0,sma
BWA,2010-09-16,2010-11-05,20.97271156311035,25.779048919677734,36,0.2242641332993658,0.498960498960499,10108.050010379791,0.1,0.0,strength
TMUS,2010-09-17,2010-11-05,18.920000076293945,22.940000534057617,35,0.2076333823194052,0.49906542056074765,10142.444440898895,0.1,0.0,strength
CMS,2010-09-17,2010-11-10,17.729999542236328,18.18000030517578,38,0.02128741800148859,1.0,10144.077398094178,0.1,119.91,sma
AZO,2010-08-03,2010-11-11,206.8300018310547,248.9600067138672,71,0.1988887114849167,0.5,10362.18309173584,0.1,0.0,strength
UAA,2010-10-28,2010-11-26,5.869999885559082,7.152500152587891,20,0.21361965871463862,0.5,10669.476151988983,0.1,0.0,strength
OSIS,2010-11-10,2010-12-03,37.279998779296875,33.029998779296875,16,-0.117539067221899,1.0,11169.013074279785,0.1,0.0,stop
MCD,2010-09-15,2010-12-10,74.70999908447266,77.6500015258789,61,0.035203084294259446,1.0,10106.021576156616,0.1,82.35,sma
SMTC,2010-12-03,2010-12-28,24.1299991607666,23.110000610351562,16,-0.04609424287432062,1.0,11581.386137203217,0.1,0.0,egg
AAP,2010-06-21,2011-01-04,51.34000015258789,65.45999908447266,137,0.2699392584550182,0.5023474178403756,10957.290872566224,0.1,19.259999999999998,sma
DLTR,2010-12-10,2011-01-04,28.329999923706055,28.2450008392334,16,-0.0069803593142749865,1.0,11610.143908733367,0.1,0.0,egg
AZO,2010-08-03,2011-01-06,206.8300018310547,254.0399932861328,109,0.2233518316316958,0.5,10362.18309173584,0.1,0.0,sma
UAA,2010-10-28,2011-01-10,5.869999885559082,6.651249885559082,50,0.12856867443999698,0.5,10669.476151988983,0.1,0.0,sma
TDC,2010-10-07,2011-01-12,37.45000076293945,45.650001525878906,67,0.2140925250885548,0.5,10582.022015579223,0.1,0.0,strength
CMI,2010-08-11,2011-01-31,77.80999755859375,106.69999694824219,119,0.3658148334550997,0.5038167938931297,10213.495899536132,0.1,34.716,sma
BWA,2010-09-16,2011-01-31,20.97271156311035,29.828344345092773,94,0.4165678590851811,0.501039501039501,10108.050010379791,0.1,0.0,sma
TTC,2010-10-15,2011-01-31,14.3725004196167,15.1850004196167,73,0.052313878163023464,1.0,10656.92161113739,0.1,37.0,sma
WLK,2011-01-06,2011-01-31,21.350000381469727,19.3700008392334,16,-0.09636182005287308,1.0,11637.62900793457,0.1,0.0,stop
TTMI,2010-12-28,2011-02-11,15.079999923706055,17.829999923706055,32,0.177640740659609,0.49934980494148246,11619.712981212617,0.1,0.0,strength
NPO,2011-01-04,2011-02-18,41.56999969482422,41.54999923706055,32,-0.004471222505546546,1.0,11662.879114379883,0.1,0.0,sma
GNTX,2011-01-31,2011-02-23,16.03499984741211,15.899999618530273,16,-0.012377504405355455,1.0,11568.290289916993,0.1,0.0,egg
TMUS,2010-09-17,2011-02-24,18.920000076293945,26.020000457763672,110,0.3697742122590788,0.5009345794392523,10142.444440898895,0.1,0.0,sma
FLR,2011-01-04,2011-02-24,64.55000305175781,68.05999755859375,35,0.05016727740816829,1.0,11642.238550415039,0.1,0.0,sma
IDCC,2011-01-31,2011-02-25,48.150001525878906,47.33000183105469,18,-0.02095413885625752,1.0,11530.86606541443,0.1,0.0,breakeven
JAZZ,2011-01-10,2011-03-04,21.549999237060547,26.459999084472656,37,0.22294066258200296,0.49906191369606,11509.121892539979,0.1,0.0,strength
DY,2011-01-31,2011-03-08,16.06999969482422,15.850000381469727,25,-0.01762742833544506,1.0,11561.336300445557,0.1,0.0,sma
SWKS,2011-01-31,2011-03-10,31.770000457763672,30.90999984741211,27,-0.03095353506911791,1.0,11555.57518650055,0.1,0.0,sma
TTMI,2010-12-28,2011-03-11,15.079999923706055,15.800000190734863,51,0.04356275976761004,0.5006501950585176,11619.712981212617,0.1,0.0,sma
AA,2011-02-18,2011-03-11,41.523841857910156,37.19844055175781,14,-0.10774287432581997,1.0,12482.066862487793,0.1,0.0,stop
SAH,2011-03-10,2011-03-17,14.710000038146973,12.949999809265137,5,-0.1231608994023543,1.0,11909.4513908844,0.1,20.200000000000003,stop
AMP,2011-02-24,2011-03-18,63.29999923706055,60.849998474121094,16,-0.042542100489128876,1.0,11797.347457809448,0.1,0.0,egg
URI,2011-02-25,2011-03-21,32.189998626708984,31.170000076293945,16,-0.03555233728697926,1.0,11805.10257637024,0.1,0.0,egg
THC,2011-03-11,2011-04-12,28.360000610351562,26.440000534057617,22,-0.0714227410799908,1.0,11650.85545074463,0.1,0.0,stop
BKR,2011-02-24,2011-04-13,68.94000244140625,68.0,34,-0.01757266440865357,1.0,11812.31789831543,0.1,0.0,sma
CDE,2011-04-12,2011-04-15,34.61000061035156,32.810001373291016,3,-0.05579246611967381,1.0,11825.614228546143,0.1,0.0,stop
HUBB,2011-02-23,2011-04-19,64.69999694824219,66.44000244140625,39,0.022794065101417793,1.0,12058.267831237794,0.1,70.68,sma
WCC,2011-03-17,2011-04-20,58.939998626708984,59.810001373291016,24,0.010709879212041251,1.0,11280.054817176819,0.1,0.0,sma
UPBD,2011-03-21,2011-04-27,33.939998626708984,30.25,26,-0.11227923582601607,1.0,11528.670853523254,0.1,20.34,stop
CVI,2011-04-13,2011-05-04,22.329999923706055,19.709999084472656,14,-0.12085461171202916,1.0,11769.071119789123,0.1,0.0,stop
JAZZ,2011-01-10,2011-05-05,21.549999237060547,28.899999618530273,80,0.33571375302295947,0.50093808630394,11509.121892539979,0.1,0.0,sma
EXEL,2011-03-08,2011-05-05,11.34000015258789,11.0,41,-0.03385470221082676,1.0,11998.990241455078,0.1,0.0,sma
BKNG,2011-03-11,2011-05-17,18.527599334716797,19.994400024414062,46,0.07486035834815552,1.0,11658.603046966553,0.1,0.0,sma
PLD,2011-04-27,2011-05-19,36.25,35.470001220703125,16,-0.025423326636059618,1.0,11877.4575,0.1,91.56,egg
WRLD,2011-05-05,2011-05-19,66.93000030517578,61.220001220703125,10,-0.08896444464008368,1.0,11602.047832901,0.1,0.0,stop
EMN,2011-03-18,2011-05-24,46.900001525878906,50.380001068115234,46,0.06991218905807672,1.0,11419.493771530151,0.1,0.0,sma
LSCC,2011-05-19,2011-05-25,6.840000152587891,6.230000019073486,4,-0.09281730685800971,1.0,11644.40257976532,0.1,0.0,stop
HRL,2011-04-19,2011-05-26,14.154999732971191,14.3100004196167,26,0.006914513480308804,1.0,11800.513697387696,0.1,0.0,sma
ULTA,2011-04-15,2011-06-03,50.06999969482422,49.9900016784668,33,-0.005583361354210226,1.0,11739.812688446045,0.1,0.0,sma
ARW,2011-05-19,2011-06-03,46.09000015258789,41.5,10,-0.103182226068956,1.0,11637.909398529053,0.1,0.0,stop
SGI,2011-05-04,2011-06-07,14.797499656677246,14.417499542236328,23,-0.029569522756206723,1.0,11802.367346168518,0.1,0.0,sma
TMUS,2011-04-20,2011-06-08,33.2400016784668,33.540000915527344,33,0.004997202450338412,1.0,11757.188033683777,0.1,0.0,sma
COR,2011-05-17,2011-06-09,42.040000915527344,40.970001220703125,16,-0.029342354116202007,1.0,11541.998171356201,0.1,31.51,egg
ANF,2011-05-25,2011-06-09,74.58999633789062,66.61000061035156,10,-0.11054972943361763,1.0,11210.876449584961,0.1,0.0,stop
PLAB,2011-06-08,2011-06-17,9.239999771118164,8.4399995803833,7,-0.09022649615599687,1.0,10832.42133167267,0.1,0.0,stop
CAH,2011-05-26,2011-06-20,45.36000061035156,43.650001525878906,16,-0.04153991539276958,1.0,11226.32799105835,0.1,0.0,egg
MCO,2011-06-03,2011-06-27,39.43000030517578,37.189998626708984,16,-0.06057480924044967,1.0,11141.49860623169,0.1,0.0,egg
CPT,2011-06-06,2011-06-28,63.779998779296875,63.689998626708984,16,-0.005397485899975019,1.0,10864.28499206543,0.1,83.3,egg
VMRK,2011-06-09,2011-07-01,60.540000915527344,60.130001068115234,16,-0.010737359795265466,1.0,10737.011322372437,0.1,59.826,egg
DAR,2011-06-09,2011-07-01,18.100000381469727,17.18000030517578,16,-0.0546178392822374,1.0,10736.630626281738,0.1,0.0,egg
HUM,2011-05-24,2011-07-21,78.0,79.88999938964844,40,0.020142015851235096,1.0,11254.464,0.1,36.0,sma
CACI,2011-06-28,2011-07-21,62.63999938964844,62.650001525878906,16,-0.003832976893351381,1.0,10732.862775421143,0.1,0.0,egg
DINO,2011-06-27,2011-07-26,31.0,37.119998931884766,20,0.19263920333594076,0.49854227405247814,10654.266,0.1,0.0,strength
TDC,2010-10-07,2011-07-28,37.45000076293945,55.0,203,0.46276202952623846,0.5,10582.022015579223,0.1,0.0,sma
MNST,2011-06-17,2011-07-28,6.0258331298828125,6.267499923706055,28,0.03595300921520561,1.0,10421.38915814209,0.1,0.0,sma
CI,2011-06-20,2011-07-28,50.04999923706055,50.150001525878906,27,-0.0020019444475272152,1.0,10431.22064099121,0.1,0.0,sma
NDSN,2011-07-21,2011-07-29,55.77000045776367,50.5,6,-0.09811004517195054,1.0,11064.545010818481,0.1,0.0,stop
ST,2011-06-03,2011-08-01,35.5,35.459999084472656,40,-0.00511430417183345,1.0,11133.723,0.1,0.0,sma
AZO,2011-07-11,2011-08-02,295.5,280.8500061035156,16,-0.053371071422945726,1.0,10955.367,0.1,0.0,egg
GWW,2011-07-21,2011-08-03,156.1699981689453,141.36000061035156,9,-0.09844598270177218,1.0,10953.763671569825,0.1,0.0,stop
ESS,2011-07-01,2011-08-04,137.58999633789062,133.10000610351562,23,-0.03649485949369735,1.0,11029.214106445312,0.1,0.0,sma
CE,2011-07-28,2011-08-04,54.77000045776367,48.619998931884766,5,-0.11583153706333338,1.0,10701.510389442445,0.1,0.0,stop
CNP,2011-06-07,2011-08-05,19.09000015258789,18.739999771118164,42,-0.022253051671136448,1.0,10788.29360623169,0.1,0.0,sma
PII,2011-07-28,2011-08-05,58.8849983215332,53.42499923706055,6,-0.09634495535760568,1.0,10679.501065589904,0.1,0.0,stop
LULU,2011-07-28,2011-08-05,61.68000030517578,57.18000030517578,6,-0.07665796775094047,1.0,10691.981332901001,0.1,0.0,stop
KEX,2011-07-29,2011-08-05,58.31999969482422,54.029998779296875,5,-0.07725805138864972,1.0,10635.468424346924,0.1,0.0,stop
DINO,2011-06-27,2011-08-08,31.0,32.20000076293945,29,0.03456315631361706,0.5014577259475219,10654.266,0.1,0.0,sma
DPZ,2011-08-01,2011-08-09,26.920000076293945,23.639999389648438,6,-0.12534814012372575,1.0,10627.692990119935,0.1,0.0,stop
PM,2011-08-02,2011-09-07,69.75,68.27999877929688,25,-0.02498316940687395,1.0,10623.204,0.1,0.0,sma
DG,2011-10-31,2011-11-22,39.65999984741211,39.09000015258789,16,-0.018306797842117084,1.0,9775.872682388306,0.1,0.0,egg
TDY,2011-10-31,2011-11-22,54.470001220703125,52.20000076293945,16,-0.045499975010103055,1.0,9769.63047894287,0.1,0.0,egg
CMG,2011-11-09,2011-11-22,6.656799793243408,6.083799839019775,9,-0.08972578399214359,1.0,9825.077027638436,0.1,0.0,stop
CVLT,2011-12-08,2011-12-22,48.0,40.81999969482422,10,-0.15297821657862265,1.0,9667.296,0.1,0.0,stop
MANH,2011-12-08,2011-12-29,11.15250015258789,10.067500114440918,14,-0.10089124805806071,1.0,9699.730872711181,0.1,0.0,stop
VSAT,2011-12-08,2012-01-09,45.869998931884766,45.08000183105469,20,-0.021145786147070633,1.0,9697.92691417694,0.1,0.0,sma
LQDT,2011-12-27,2012-01-20,36.90999984741211,35.150001525878906,16,-0.0514851719522621,1.0,9800.712259483338,0.1,0.0,egg
OZK,2011-12-08,2012-01-27,13.539999961853027,14.210000038146973,33,0.04529346609773155,1.0,9700.462172670364,0.1,39.325,sma
OKE,2011-12-08,2012-01-31,35.475399017333984,36.68359375,35,0.029929282546794056,1.0,9704.153499595643,0.1,72.89891700000001,sma
V,2011-11-09,2012-02-10,23.282499313354492,27.947500228881836,63,0.19557324954947575,0.498812351543943,9821.536075344085,0.1,11.55,strength
HALO,2011-12-27,2012-02-15,9.609999656677246,11.699999809265137,34,0.2126216066098643,0.49950932286555444,9812.174829454421,0.1,0.0,strength
BMRN,2012-01-20,2012-02-22,35.20000076293945,35.75,22,0.011570586857233112,1.0,9875.712214050292,0.1,0.0,sma
DG,2011-12-08,2012-02-23,39.9900016784668,41.380001068115234,51,0.030627899805403924,1.0,9696.935567001343,0.1,0.0,sma
PZZA,2011-12-08,2012-02-23,18.420000076293945,18.75,51,0.01385177107752722,1.0,9689.84104013443,0.1,0.0,sma
DY,2012-01-09,2012-03-01,21.149999618530273,21.399999618530273,36,0.007781128263571135,1.0,9663.688625701905,0.1,0.0,sma
LZB,2012-02-23,2012-03-07,14.760000228881836,13.420000076293945,9,-0.09441551392776948,1.0,10086.452796409607,0.1,0.0,stop
REGN,2012-02-23,2012-04-04,103.31999969482422,123.30000305175781,29,0.18861583268921445,0.4948453608247423,10042.084050338744,0.1,0.0,strength
STX,2012-03-01,2012-04-09,27.360000610351562,25.549999237060547,26,-0.06988294355176228,1.0,10088.617185058594,0.1,0.0,sma
URI,2012-02-22,2012-04-10,41.150001525878906,41.33000183105469,33,0.00036476980193222985,1.0,10184.378477645874,0.1,0.0,sma
HALO,2011-12-27,2012-04-11,9.609999656677246,10.729999542236328,72,0.11208799110629708,0.5004906771344455,9812.174829454421,0.1,0.0,sma
TCBI,2012-02-10,2012-04-11,32.380001068115234,33.20000076293945,41,0.021231153148904003,1.0,10155.210214988709,0.1,0.0,sma
ORLY,2011-12-30,2012-04-19,5.329999923706055,6.428667068481445,75,0.2013140372502229,0.4997269251774986,9778.748320026398,0.1,0.0,strength
ROST,2012-01-31,2012-04-27,25.40999984741211,30.75,61,0.2053225380912893,0.5,9776.954821289062,0.1,13.440000000000001,strength
DLTR,2012-01-27,2012-04-30,42.31999969482422,51.04499816894531,64,0.20135222324642466,0.5,9753.067129669189,0.1,0.0,strength
V,2011-11-09,2012-05-04,23.282499313354492,29.05500030517578,121,0.24295127814763573,0.501187648456057,9821.536075344085,0.1,23.21,sma
FICO,2012-03-07,2012-05-07,40.029998779296875,41.459999084472656,42,0.031588592689356654,1.0,10027.514694213867,0.1,0.0,sma
FUL,2012-04-11,2012-05-07,31.829999923706055,31.360000610351562,18,-0.018698992710528772,1.0,10205.97117553711,0.1,27.200000000000003,sma
LOW,2012-04-09,2012-05-09,31.09000015258789,30.389999389648438,22,-0.02641743717405598,1.0,10622.893432136536,0.1,47.74,sma
HII,2012-04-11,2012-05-10,39.02000045776367,37.29999923706055,21,-0.04789603770735973,1.0,10204.588559715272,0.1,0.0,sma
ORLY,2011-12-30,2012-05-18,5.329999923706055,6.331333160400391,96,0.18312541605820742,0.5002730748225014,9778.748320026398,0.1,0.0,sma
DLTR,2012-01-27,2012-05-18,42.31999969482422,47.61000061035156,78,0.12050900448080615,0.5,9753.067129669189,0.1,0.0,sma
PSKY,2012-05-04,2012-05-18,33.220001220703125,30.209999084472656,10,-0.09423843527795683,1.0,10784.806956298828,0.1,0.0,stop
REGN,2012-02-23,2012-05-21,103.31999969482422,120.38999938964844,61,0.16056330762548932,0.5051546391752577,10042.084050338744,0.1,0.0,sma
CVI,2012-05-18,2012-05-24,30.469999313354492,27.889999389648438,4,-0.08832744690739958,1.0,10105.740912265777,0.1,0.0,stop
CCI,2012-05-07,2012-05-30,56.04999923706055,54.5099983215332,16,-0.031357818433009,1.0,10670.798854751587,0.1,0.0,egg
PM,2012-05-07,2012-05-30,88.27999877929688,84.94999694824219,16,-0.04156234284202909,1.0,10614.787053222657,0.1,0.0,egg
VRSK,2012-04-10,2012-06-04,46.34000015258789,46.5099983215332,38,-0.00033816329256075583,1.0,10493.785714553833,0.1,0.0,sma
AME,2012-05-09,2012-06-04,33.439998626708984,32.47999954223633,17,-0.03258552051547159,1.0,10621.680523796082,0.1,0.0,sma
MAR,2012-05-10,2012-06-04,39.2400016784668,36.7400016784668,16,-0.06744817941278303,1.0,10458.716127365113,0.1,34.58,egg
TOL,2012-05-30,2012-06-05,27.229999542236328,23.860000610351562,4,-0.1272584830544845,1.0,10313.525706619263,0.1,0.0,stop
BMRN,2012-05-18,2012-06-12,36.599998474121094,36.34000015258789,16,-0.011067437139599567,1.0,10121.802778015137,0.1,0.0,egg
EAT,2012-06-06,2012-06-28,31.530000686645508,30.389999389648438,16,-0.040003762523361686,1.0,9983.407177413941,0.1,50.56,egg
ROST,2012-01-31,2012-06-29,25.40999984741211,31.329999923706055,105,0.2280570740306107,0.5,9776.954821289062,0.1,26.880000000000003,sma
AEIS,2012-05-30,2012-07-11,13.600000381469727,12.899999618530273,29,-0.05525718722983075,1.0,10315.790689350128,0.1,0.0,sma
EBAY,2012-06-06,2012-07-11,17.230640411376953,16.696128845214844,24,-0.034889172123871104,1.0,9996.493879783631,0.1,0.0,sma
CRUS,2012-06-12,2012-07-11,28.56999969482422,26.010000228881836,20,-0.09323877601118791,1.0,10019.498892974854,0.1,0.0,stop
RHP,2012-05-24,2012-07-24,34.5,35.900001525878906,41,0.03642574337779947,1.0,10128.717,0.1,0.0,sma
ALGT,2012-05-18,2012-08-02,62.310001373291016,66.69000244140625,52,0.06602107884437114,1.0,10114.408662918091,0.1,0.0,sma
FISV,2012-06-28,2012-08-02,17.452499389648438,17.297500610351562,24,-0.012837741628794141,1.0,10195.15675845337,0.1,0.0,sma
HCA,2012-07-11,2012-08-02,27.90999984741211,26.229999542236328,16,-0.06394521289673805,1.0,10095.660964805604,0.1,0.0,egg
MATX,2012-07-11,2012-08-02,24.950000762939453,24.420000076293945,16,-0.025149727362824614,1.0,10099.959908843994,0.1,60.599999999999994,egg
CHD,2012-05-21,2012-08-08,26.360000610351562,26.774999618530273,55,0.01168864852133722,1.0,10063.246553009034,0.1,0.0,sma
ALGN,2012-08-02,2012-08-24,33.560001373291016,32.220001220703125,16,-0.04376111000760552,1.0,9953.627927307129,0.1,0.0,egg
TCBI,2012-06-06,2012-09-04,38.06999969482422,46.099998474121094,62,0.20609316816798273,0.5,9994.288599884034,0.1,0.0,strength
PHM,2012-08-02,2012-09-06,11.569999694824219,14.130000114440918,24,0.21638662917606433,0.4994192799070848,9981.693276718139,0.1,0.0,strength
TJX,2012-07-24,2012-09-21,22.0049991607666,22.584999084472656,42,0.02226040742575819,1.0,9900.005112430572,0.1,25.817500000000003,sma
SWKS,2012-08-02,2012-09-21,27.8700008392334,24.81999969482422,35,-0.11299185090390096,1.0,9969.489480205535,0.1,0.0,stop
RHP,2012-09-04,2012-09-26,40.400001525878906,38.68000030517578,16,-0.04639634477155696,1.0,10403.56599293518,0.1,0.0,egg
NEU,2012-08-24,2012-09-27,246.6699981689453,240.30999755859375,23,-0.029672526096496843,1.0,10133.696864776612,0.1,30.75,sma
AAPL,2012-08-02,2012-10-08,21.706785202026367,23.10285758972168,46,0.06006626034920748,1.0,9983.341236545562,0.1,43.441137000000005,sma
EW,2012-09-21,2012-10-10,17.641666412353516,13.885000228881836,13,-0.21608476415995148,1.0,10588.492897361755,0.1,0.0,stop
DIS,2012-06-06,2012-10-12,45.529998779296875,50.54999923706055,90,0.1058248228158225,1.0,9991.011872131348,0.1,0.0,sma
URBN,2012-09-21,2012-10-15,38.75,36.72999954223633,16,-0.0559129600630518,1.0,10561.08,0.1,0.0,egg
SRPT,2012-09-27,2012-10-19,14.710000038146973,26.579999923706055,16,0.7997207390160153,0.5,10288.115186679841,0.1,0.0,strength
TCBI,2012-06-06,2012-10-24,38.06999969482422,47.2400016784668,98,0.23591855042309962,0.5,9994.288599884034,0.1,0.0,sma
MTH,2012-08-08,2012-10-26,18.030000686645508,17.985000610351562,56,-0.006477896920027093,1.0,10098.927924602509,0.1,0.0,sma
GEO,2012-10-08,2012-11-01,18.600000381469727,18.559999465942383,16,-0.006134017603371067,1.0,12020.994246540069,0.1,0.0,egg
MTN,2012-10-19,2012-11-13,58.029998779296875,52.33000183105469,15,-0.10182490566015079,1.0,11280.335402709961,0.1,0.0,stop
PMT,2012-10-10,2012-11-14,24.06999969482422,23.59000015258789,23,-0.023854225459568723,1.0,11528.470773834228,0.1,0.0,sma
LEN,2012-10-15,2012-11-14,35.26687240600586,34.76237869262695,20,-0.018239941347852784,1.0,11025.270719055176,0.1,0.0,sma
PHM,2012-08-02,2012-11-15,11.569999694824219,15.229999542236328,72,0.3110805134814292,0.5005807200929152,9981.693276718139,0.1,0.0,sma
AROC,2012-09-26,2012-11-15,19.649999618530273,19.719999313354492,34,-0.0004439113228619229,1.0,10455.018097034454,0.1,0.0,sma
BFH,2012-10-24,2012-11-19,113.94253540039062,109.65682220458984,16,-0.04145479968872501,1.0,10846.189944763184,0.1,0.0,egg
AMGN,2012-10-26,2012-11-21,87.62999725341797,86.62000274658203,16,-0.015471676177658988,1.0,10800.046641494751,0.1,44.28,egg
SBAC,2012-07-11,2012-12-03,56.77000045776367,69.13999938964844,99,0.21303489259766994,0.4971751412429379,10068.386661186218,0.1,0.0,strength
SRPT,2012-09-27,2012-12-10,14.710000038146973,25.25,49,0.7096669973886993,0.5,10288.115186679841,0.1,0.0,sma
DVA,2012-11-20,2012-12-13,56.7400016784668,53.71500015258789,16,-0.05709257258344391,1.0,10574.747592819214,0.1,0.0,egg
MAS,2012-11-20,2012-12-13,14.332161903381348,14.244288444519043,16,-0.010098747611299586,1.0,10569.56810321045,0.1,0.0,egg
LKQ,2012-11-20,2012-12-13,21.459999084472656,21.309999465942383,16,-0.01095384374213837,1.0,10557.933269577026,0.1,0.0,egg
LAMR,2012-11-21,2012-12-14,40.220001220703125,39.560001373291016,16,-0.020336250118508037,1.0,10599.016041687011,0.1,0.0,egg
GEO,2012-12-10,2013-01-03,19.213333129882812,19.15333366394043,16,-0.00710235329018738,1.0,10530.71260848999,0.1,0.0,egg
STC,2012-12-13,2013-01-08,26.780000686645508,26.84000015258789,16,-0.0017605019432690439,1.0,10652.923593143463,0.1,0.0,egg
SBAC,2012-07-11,2013-02-01,56.77000045776367,69.76000213623047,140,0.2239126040779944,0.5028248587570622,10068.386661186218,0.1,0.0,sma
CCI,2012-11-01,2013-02-01,67.31999969482422,70.73999786376953,62,0.04660729325780988,1.0,10725.287711380004,0.1,0.0,sma
MPC,2013-01-03,2013-02-04,31.110000610351562,37.83000183105469,21,0.2111534272080955,0.5,11159.654978942872,0.1,0.0,strength
SNA,2012-11-20,2013-02-08,77.76000213623047,77.12999725341797,54,-0.012061587418962572,1.0,10518.595488967896,0.1,0.0,sma
AVNT,2012-12-13,2013-02-22,19.8799991607666,21.829999923706055,47,0.09370498658458448,1.0,10657.071150112151,0.1,0.0,sma
VAC,2012-12-13,2013-02-22,39.900001525878906,40.38999938964844,47,0.00823960723517092,1.0,10634.627206695557,0.1,0.0,sma
WGO,2013-02-01,2013-02-26,19.1200008392334,17.8700008392334,16,-0.06910759784006959,1.0,11590.73570875168,0.1,0.0,egg
URBN,2013-02-04,2013-02-26,42.56999969482422,39.27000045776367,15,-0.08120191991389869,1.0,11730.163415908813,0.1,0.0,stop
AROC,2012-12-14,2013-03-04,21.239999771118164,25.610000610351562,52,0.20093057221488264,0.5,10598.674925788879,0.1,0.0,strength
CVI,2013-01-08,2013-03-05,49.2599983215332,60.38999938964844,38,0.22105001212475628,0.4977578475336323,11006.949584953309,0.1,610.5,strength
LII,2012-11-20,2013-03-08,51.060001373291016,61.939998626708984,73,0.20823994327975415,0.5,10539.397003463746,0.1,20.6,strength
CI,2012-11-20,2013-03-15,51.849998474121094,62.029998779296875,78,0.19155980427862884,0.4975369458128079,10546.600789627075,0.1,4.04,strength
ECHO,2013-02-22,2013-03-18,31.085899353027344,30.777957916259766,16,-0.013858615809734687,1.0,11400.194041534423,0.1,0.0,egg
VLO,2013-02-22,2013-03-18,42.11151885986328,39.80804443359375,16,-0.05847304590224012,1.0,11392.850312347413,0.1,0.0,egg
CVI,2013-01-08,2013-03-19,49.2599983215332,53.38999938964844,48,0.07951415898251546,0.5022421524663677,11006.949584953309,0.1,616.0,sma
ACAD,2013-02-08,2013-03-22,6.0,8.229999542236328,29,0.36619087544109363,0.49974606399187405,11837.628,0.1,0.0,strength
AROC,2012-12-14,2013-04-04,21.239999771118164,24.940000534057617,74,0.1695122373522715,0.5,10598.674925788879,0.1,0.0,sma
MPC,2013-01-03,2013-04-04,31.110000610351562,40.58000183105469,62,0.2991965613241532,0.5,11159.654978942872,0.1,31.325,sma
LPX,2013-03-18,2013-04-04,21.649999618530273,19.760000228881836,12,-0.0909414162024238,1.0,11931.314789772034,0.1,0.0,stop
TREX,2013-03-18,2013-04-10,6.193749904632568,6.0625,16,-0.025098123726740584,1.0,11940.608366146087,0.1,0.0,egg
CSL,2013-03-19,2013-04-11,69.38999938964844,67.44000244140625,16,-0.031981820642667635,1.0,11819.892496032715,0.1,0.0,egg
LII,2012-11-20,2013-04-16,51.060001373291016,60.27000045776367,99,0.17566392555840893,0.5,10539.397003463746,0.1,41.2,sma
HRB,2013-04-10,2013-05-02,28.950000762939453,27.950000762939453,16,-0.03839643592604125,1.0,12038.278817253113,0.1,0.0,egg
CAG,2013-02-26,2013-05-03,26.31906509399414,27.338520050048828,47,0.03458782233413715,1.0,11181.602167053223,0.1,82.490472,sma
RDN,2013-04-04,2013-05-07,10.220000267028809,12.869999885559082,23,0.25426832735627913,0.5,11817.468068767548,0.1,0.0,strength
WT,2013-04-04,2013-05-07,10.3100004196167,12.539999961853027,23,0.21143933786863367,0.5,11818.229761001587,0.1,0.0,strength
WAL,2013-05-03,2013-05-28,14.359999656677246,14.470000267028809,16,0.003637614169677672,1.0,12777.183054519654,0.1,0.0,egg
CAR,2013-04-04,2013-05-29,27.229999542236328,33.31999969482422,38,0.21876556305153128,0.49884526558891457,11814.170981391906,0.1,0.0,strength
STAG,2013-02-26,2013-06-03,20.530000686645508,22.09000015258789,67,0.0716909782451256,1.0,11170.085953594207,0.1,162.9,sma
TSLA,2013-05-28,2013-06-03,7.355332851409912,6.507999897003174,4,-0.11873194749416827,1.0,13678.800767761231,0.1,0.0,stop
FLO,2013-04-11,2013-06-06,21.15999984741211,21.440000534057617,39,0.009187706217399949,1.0,12254.940871627809,0.1,65.121526,sma
SYNA,2013-05-02,2013-06-10,39.97999954223633,40.540000915527344,26,0.009959105724107742,1.0,12618.887255516052,0.1,0.0,sma
RDN,2013-04-04,2013-06-21,10.220000267028809,12.109999656677246,55,0.18020117705741967,0.5,11817.468068767548,0.1,1.731,sma
CAR,2013-04-04,2013-06-21,27.229999542236328,29.809999465942383,55,0.09037818476687054,0.5011547344110855,11814.170981391906,0.1,0.0,sma
WT,2013-04-04,2013-06-21,10.3100004196167,10.760000228881836,55,0.039480669250079536,0.5,11818.229761001587,0.1,0.0,sma
PBH,2013-04-16,2013-06-21,26.940000534057617,27.969999313354492,47,0.0340884215740922,1.0,12309.209524017335,0.1,0.0,sma
CPAY,2013-06-03,2013-06-25,86.13999938964844,83.04000091552734,16,-0.039836260832111,1.0,13378.403305206299,0.1,0.0,egg
HCI,2013-06-03,2013-06-25,34.029998779296875,29.5,16,-0.13657841366666046,1.0,13400.5370993042,0.1,0.0,stop
IVZ,2013-06-10,2013-06-25,34.2599983215332,31.790000915527344,11,-0.075799875204699,1.0,13697.078808952332,0.1,0.0,stop
SAIA,2013-06-06,2013-06-28,31.360000610351562,30.639999389648438,16,-0.026859584538720727,1.0,13197.54265686035,0.1,0.0,egg
TXRH,2013-06-21,2013-07-18,24.260000228881836,24.3799991607666,18,0.0009346078202674413,1.0,13223.835004760742,0.1,0.0,sma
SMP,2013-06-21,2013-07-24,34.7599983215332,33.779998779296875,22,-0.03207278166276073,1.0,13235.216960906982,0.1,0.0,sma
CRI,2013-06-25,2013-07-30,72.58999633789062,71.63999938964844,24,-0.0170269325266873,1.0,12801.391034179687,0.1,0.0,sma
DXCM,2013-06-25,2013-08-01,5.440000057220459,5.505000114440918,26,0.007908825074792514,1.0,12858.62605525303,0.1,0.0,sma
OPCH,2013-07-18,2013-08-09,66.16000366210938,54.040000915527344,16,-0.1864530019700683,1.0,13589.926352233886,0.1,0.0,stop
BBY,2013-06-28,2013-08-21,27.329999923706055,34.65999984741211,37,0.2631407490281059,0.5,13308.944722846985,0.1,0.0,strength
FFIN,2013-08-01,2013-08-23,15.677499771118164,15.02750015258789,16,-0.04528717266559701,1.0,13855.209907722474,0.1,0.0,egg
GME,2013-07-24,2013-08-23,10.8100004196167,13.149999618530273,22,0.2116100001536798,0.49960348929421095,13658.673350194931,0.1,0.0,strength
MET,2013-06-21,2013-08-28,40.142601013183594,40.87343978881836,47,0.01414136944294353,1.0,13233.329564804077,0.1,80.637242,sma
SNA,2013-08-09,2013-09-03,96.47000122070312,95.4000015258789,16,-0.01503926615435236,1.0,13629.47471246338,0.1,53.58,egg
CI,2012-11-20,2013-09-20,51.849998474121094,77.83999633789062,209,0.49526056144922426,0.5024630541871922,10546.600789627075,0.1,4.08,sma
AIZ,2013-06-21,2013-09-23,50.2400016784668,53.810001373291016,64,0.06678322448262497,1.0,13189.206200637818,0.1,65.5,sma
HUM,2013-08-28,2013-10-01,92.81999969482422,93.66000366210938,23,0.005021673546968142,1.0,13671.829035049439,0.1,39.690000000000005,sma
EQT,2013-06-25,2013-10-08,43.84866714477539,46.96788024902344,73,0.06685987892466994,1.0,12829.418427886963,0.1,4.7686519999999994,sma
GME,2013-07-24,2013-10-09,10.8100004196167,12.375,54,0.14020336021709912,0.500396510705789,13658.673350194931,0.1,43.38125,sma
LAD,2013-08-21,2013-10-09,66.77999877929688,66.94000244140625,34,-0.0016055989592529407,1.0,13717.27954925537,0.1,0.0,sma
SANM,2013-08-23,2013-10-09,16.489999771118164,16.75,32,0.011712187028348975,1.0,14028.00982529068,0.1,0.0,sma
ACAD,2013-02-08,2013-10-10,6.0,20.610000610351562,169,2.4212875264688716,0.500253936008126,11837.628,0.1,0.0,sma
BSX,2013-09-23,2013-10-25,11.5,11.550000190734863,24,0.0003384700471573687,1.0,14784.009,0.1,0.0,sma
CIEN,2013-10-01,2013-10-28,25.649999618530273,24.200000762939453,19,-0.060296517273486394,1.0,15060.961576011658,0.1,0.0,sma
VTRS,2013-10-08,2013-10-30,38.869998931884766,38.9900016784668,16,-0.0009170559221189922,1.0,14994.879487953185,0.1,0.0,egg
MGM,2013-10-10,2013-11-01,20.34000015258789,19.09000015258789,16,-0.06520194569766202,1.0,13818.101143661499,0.1,0.0,egg
THO,2013-10-28,2013-11-06,59.220001220703125,53.459999084472656,7,-0.10086820640152361,1.0,14656.5949821167,0.1,247.0,stop
DXCM,2013-09-03,2013-11-07,6.695000171661377,8.425000190734863,47,0.25337822857145276,1.0,13738.783072265625,0.1,0.0,sma
LYV,2013-10-09,2013-11-07,18.579999923706055,18.0,21,-0.035083757470822596,1.0,14204.893021671296,0.1,0.0,sma
INCY,2013-09-20,2013-11-08,35.65999984741211,36.970001220703125,35,0.032597210966140544,1.0,14792.76641670227,0.1,0.0,sma
EOG,2013-10-09,2013-11-08,85.76000213623047,85.55999755859375,22,-0.006314848887921554,1.0,14178.701153182983,0.1,15.51,sma
CHRD,2013-10-30,2013-11-08,53.779998779296875,49.099998474121094,7,-0.0906658310485765,1.0,14603.528428527832,0.1,0.0,stop
HALO,2013-10-10,2013-11-11,10.260000228881836,13.050000190734863,22,0.2668522506462714,0.4996282527881041,13827.299708461762,0.1,0.0,strength
PLXS,2013-10-25,2013-11-18,40.34000015258789,39.47999954223633,16,-0.025225716288899136,1.0,14753.548255805968,0.1,0.0,egg
BBY,2013-06-28,2013-11-20,27.329999923706055,39.0099983215332,101,0.4216710535596191,0.5,13308.944722846985,0.1,41.31,sma
FANG,2013-11-07,2013-11-20,54.0,49.310001373291016,9,-0.09049712851067437,1.0,13851.648,0.1,0.0,stop
MTG,2013-11-06,2013-11-29,8.109999656677246,8.149999618530273,16,0.0009204726944707087,1.0,14318.399033855438,0.1,0.0,egg
MAN,2013-11-08,2013-12-03,80.0,79.72000122070312,16,-0.007478028714299811,1.0,13787.52,0.1,79.12,egg
ULTA,2013-11-07,2013-12-04,126.83999633789062,123.7300033569336,18,-0.028413160155618122,1.0,13853.210720031739,0.1,0.0,sma
WEN,2013-11-18,2013-12-11,8.6899995803833,8.5,16,-0.025768898380311045,1.0,14576.153416156769,0.1,83.7,egg
PCRX,2013-11-20,2013-12-13,52.2400016784668,49.290000915527344,16,-0.060236736840634686,1.0,13975.976609046937,0.1,0.0,egg
AXON,2013-11-07,2013-12-16,16.010000228881836,16.049999237060547,26,-0.0015036130367830358,1.0,13892.389518608094,0.1,0.0,sma
LCII,2013-11-08,2013-12-19,51.83000183105469,50.56999969482422,28,-0.028205254309701555,1.0,13814.354048034667,0.1,532.0,sma
UTHR,2013-11-29,2013-12-23,92.30999755859375,104.63999938964844,16,0.12904644781332264,1.0,14521.654955932618,0.1,0.0,egg
AON,2013-12-19,2014-01-14,83.08999633789062,81.37000274658203,16,-0.024609748847249202,1.0,14569.830857849121,0.1,0.0,egg
NXST,2013-12-03,2014-01-15,47.7400016784668,49.04999923706055,29,0.02333869164710234,1.0,14494.150949592591,0.1,0.0,sma
APOG,2013-12-23,2014-01-16,36.400001525878906,35.869998931884766,16,-0.01849440039242989,1.0,14589.120611572265,0.1,0.0,egg
UAA,2013-12-11,2014-01-17,21.11750030517578,20.602500915527344,25,-0.028281988571293715,1.0,14409.779743240357,0.1,0.0,sma
GNRC,2013-12-13,2014-01-17,51.97999954223633,50.619998931884766,23,-0.0300514903452771,1.0,14218.920954780579,0.1,0.0,sma
RAMP,2013-11-20,2014-01-24,32.970001220703125,34.40999984741211,43,0.03950965452312638,1.0,14007.239078613282,0.1,0.0,sma
WST,2013-11-08,2014-01-27,46.70000076293945,48.25,52,0.029066048060510274,1.0,13850.846626281738,0.1,29.6,sma
LVS,2013-12-04,2014-01-27,74.51000213623047,74.86000061035156,35,0.0006865676398957188,1.0,14334.532250976563,0.1,67.19999999999999,sma
ARCB,2013-12-16,2014-01-27,33.189998626708984,32.13999938964844,27,-0.035501737770165964,1.0,14100.704536560059,0.1,0.0,sma
HALO,2013-10-10,2014-02-04,10.260000228881836,14.140000343322754,79,0.3726659768017029,0.5003717472118959,13827.299708461762,0.1,0.0,sma
EXTR,2014-01-14,2014-02-04,7.699999809265137,6.960000038146973,14,-0.09971223654893147,1.0,14612.967238025665,0.1,0.0,stop
ITT,2014-01-17,2014-02-04,43.720001220703125,38.400001525878906,11,-0.1251896834691163,1.0,14719.300250976563,0.1,0.0,stop
WEN,2014-01-15,2014-02-07,9.0600004196167,8.9399995803833,16,-0.017184266346795707,1.0,14770.101924081802,0.1,0.0,egg
CGNX,2014-01-16,2014-02-18,19.174999237060547,18.3700008392334,21,-0.04580608967186384,1.0,14851.918959068298,0.1,0.0,sma
RGEN,2014-02-07,2014-03-07,14.829999923706055,14.170000076293945,19,-0.04831872674784676,1.0,13864.062708675385,0.1,0.0,sma
SAFE,2014-01-27,2014-03-11,72.91666412353516,72.67328643798828,30,-0.007316442844329307,1.0,14101.06200819397,0.1,0.0,sma
INCY,2014-02-18,2014-03-12,65.5,65.43000030517578,16,-0.005056447340960446,1.0,14307.558,0.1,0.0,egg
MU,2014-01-17,2014-03-24,22.3799991607666,23.809999465942383,44,0.05964926082072375,1.0,14755.491526679993,0.1,0.0,sma
PTC,2014-01-27,2014-03-24,35.29999923706055,36.599998474121094,39,0.032688144013026,1.0,14148.239694213868,0.1,0.0,sma
SBAC,2014-02-04,2014-03-24,91.62000274658203,92.2300033569336,33,0.002639346834391265,1.0,13495.076684555053,0.1,0.0,sma
PCRX,2014-03-11,2014-03-25,73.69000244140625,66.05999755859375,10,-0.10712060233941878,1.0,14398.289577026368,0.1,0.0,stop
DXCM,2014-03-12,2014-03-28,11.454999923706055,10.092499732971191,12,-0.12246090093143513,1.0,14416.254863983155,0.1,0.0,stop
AAP,2014-03-07,2014-03-31,126.80000305175781,125.26000213623047,16,-0.016088649803755684,1.0,14484.110748596191,0.1,6.84,egg
URI,2014-01-24,2014-04-02,79.5,96.62000274658203,47,0.2104942660727458,0.4972972972972973,14736.915,0.1,0.0,strength
ALK,2014-01-27,2014-04-03,39.400001525878906,47.29499816894531,47,0.19558867910461375,0.5,14133.410947357177,0.1,22.375,strength
URI,2014-01-24,2014-04-08,79.5,85.75,51,0.07431049849985571,0.5027027027027027,14736.915,0.1,0.0,sma
HOPE,2014-03-24,2014-04-11,17.68000030517578,15.619999885559082,14,-0.12004274162595407,1.0,14207.718965240478,0.1,0.0,stop
RVTY,2014-02-04,2014-04-14,42.84000015258789,44.08000183105469,48,0.02483738570249905,1.0,13564.51492831421,0.1,0.0,sma
TRN,2014-03-24,2014-04-14,26.55867576599121,24.654428482055664,15,-0.07540542208372625,1.0,14210.697524757385,0.1,28.833864000000002,stop
AVGO,2014-03-25,2014-04-14,6.400000095367432,5.84499979019165,14,-0.09036462953964275,1.0,14037.619409176827,0.1,0.0,stop
NEU,2014-03-28,2014-04-25,383.4599914550781,374.57000732421875,19,-0.02708306945360195,1.0,13447.94190032959,0.1,0.0,sma
TCBI,2014-04-02,2014-04-25,65.4800033569336,56.2400016784668,16,-0.14454050363467164,1.0,14171.968086547851,0.1,0.0,stop
MLM,2014-03-24,2014-04-29,123.62999725341797,118.94999694824219,25,-0.041695791530496074,1.0,14122.007326263427,0.1,0.0,sma
TSN,2014-04-14,2014-05-06,42.380001068115234,38.560001373291016,15,-0.09376903576873108,1.0,13333.93497605896,0.1,0.0,stop
RBA,2014-04-14,2014-05-07,24.09000015258789,23.600000381469727,16,-0.024251197417470505,1.0,13348.413624549867,0.1,0.0,egg
KNX,2014-04-25,2014-05-19,23.84000015258789,22.639999389648438,16,-0.05412667759063794,1.0,13592.090006996155,0.1,0.0,egg
CENX,2014-04-29,2014-05-21,13.949999809265137,13.470000267028809,16,-0.03826322621435574,1.0,13320.938517866134,0.1,0.0,egg
HPQ,2014-04-11,2014-05-23,14.736602783203125,14.673025131225586,29,-0.008289061217041427,1.0,13540.49168170166,0.1,0.0,sma
CRK,2014-05-06,2014-05-29,133.89999389648438,132.4499969482422,16,-0.014777741159266111,1.0,13282.611594543458,0.1,0.0,egg
CAR,2014-03-31,2014-06-06,48.70000076293945,58.290000915527344,47,0.192141794487928,0.49823321554770317,13809.664416343689,0.1,0.0,strength
ALK,2014-01-27,2014-06-13,39.400001525878906,46.525001525878906,96,0.17612363406728826,0.5,14133.410947357177,0.1,44.75,sma
TPC,2014-05-21,2014-06-13,30.899999618530273,30.280000686645508,16,-0.023976608002756916,1.0,13344.535635257722,0.1,0.0,egg
RDNT,2014-06-06,2014-06-30,7.480000019073486,6.650000095367432,16,-0.11451160803345606,1.0,14098.019795948981,0.1,0.0,stop
AA,2014-04-14,2014-07-10,30.90258026123047,37.43873977661133,60,0.20667217476273403,0.4988399071925754,13345.650116775512,0.1,15.49935,strength
URI,2014-04-25,2014-07-21,92.3499984741211,111.08000183105469,59,0.19801375763981022,0.4965986394557823,13602.600675247193,0.1,0.0,strength
SWKS,2014-05-23,2014-07-21,41.790000915527344,52.70000076293945,39,0.2560330310706924,0.5,13315.798731719971,0.1,0.0,strength
NXPI,2014-05-19,2014-07-28,60.540000915527344,63.029998779296875,48,0.036973588839200655,1.0,13345.437801818847,0.1,0.0,sma
AVGO,2014-06-13,2014-07-28,7.142000198364258,7.001999855041504,30,-0.023516162683799413,1.0,13797.315935211182,0.1,55.912000000000006,sma
LUV,2014-05-07,2014-07-28,24.200000762939453,29.360000610351562,56,0.20837992137074224,0.4990859232175503,13263.875218162537,0.1,16.38,strength
CAR,2014-03-31,2014-07-30,48.70000076293945,57.959999084472656,84,0.18539262706849424,0.5017667844522968,13809.664416343689,0.1,0.0,sma
THRM,2014-06-13,2014-07-31,42.18000030517578,42.150001525878906,33,-0.00470038541981177,1.0,13778.181459686279,0.1,0.0,sma
URI,2014-04-25,2014-08-01,92.3499984741211,104.63999938964844,68,0.12855740728996978,0.5034013605442177,13602.600675247193,0.1,0.0,sma
MAR,2014-04-08,2014-08-15,55.93000030517578,67.66000366210938,90,0.2048972551293673,0.4979253112033195,13506.088333694459,0.1,24.0,strength
REX,2014-07-31,2014-08-29,14.058333396911621,18.086666107177734,21,0.2814082109637772,0.49951503394762364,14523.130015680314,0.1,0.0,strength
REX,2014-07-31,2014-09-15,14.058333396911621,14.831666946411133,31,0.05079729424921142,0.5004849660523764,14523.130015680314,0.1,0.0,sma
AA,2014-04-14,2014-09-16,30.90258026123047,38.6162109375,107,0.24462274935225437,0.5011600928074246,13345.650116775512,0.1,31.14288,sma
RUSHA,2014-07-28,2014-09-16,15.782221794128418,15.408888816833496,35,-0.027552870132874552,1.0,14785.89013226509,0.1,0.0,sma
WEX,2014-08-01,2014-09-23,106.44000244140625,108.2699966430664,36,0.013132080177922445,1.0,14291.486247802735,0.1,0.0,sma
WLK,2014-07-10,2014-09-26,84.36000061035156,90.31999969482422,55,0.06637553535968443,1.0,14369.882503967285,0.1,28.05,sma
CENX,2014-09-16,2014-09-26,26.959999084472656,24.540000915527344,8,-0.09339622885620191,1.0,15127.794686279296,0.1,0.0,stop
PIPR,2014-07-30,2014-09-30,13.204999923706055,13.180000305175781,43,-0.005877651696785446,1.0,14594.245145679473,0.1,0.0,sma
MAR,2014-04-08,2014-10-02,55.93000030517578,67.9800033569336,123,0.2105958471049374,0.5020746887966805,13506.088333694459,0.1,48.400000000000006,sma
SWKS,2014-05-23,2014-10-02,41.790000915527344,53.68000030517578,91,0.2793899907986439,0.5,13315.798731719971,0.1,17.49,sma
R,2014-09-15,2014-10-07,91.76000213623047,88.76000213623047,16,-0.0365554846094408,1.0,15170.681153182983,0.1,0.0,egg
THC,2014-09-16,2014-10-08,61.900001525878906,56.72999954223633,16,-0.08718043480866977,1.0,15071.783771530152,0.1,0.0,egg
LUV,2014-05-07,2014-10-10,24.200000762939453,31.139999389648438,109,0.2816399602076767,0.5009140767824497,13263.875218162537,0.1,32.879999999999995,sma
NSC,2014-07-28,2014-10-10,105.33000183105469,105.48999786376953,53,-0.002479082110405595,1.0,14775.692656860352,0.1,79.8,sma
EPC,2014-09-23,2014-10-13,91.33432006835938,84.29948425292969,14,-0.08070745692473358,1.0,15100.303136901855,0.1,0.0,stop
UNP,2014-09-26,2014-10-14,108.58000183105469,98.55000305175781,12,-0.09599752983381382,1.0,14905.2111713562,0.1,0.0,stop
ODFL,2014-09-30,2014-10-14,23.546667098999023,20.90999984741211,10,-0.11552124525451968,1.0,14911.256593780518,0.1,0.0,stop
PANW,2014-10-08,2014-10-14,17.040000915527344,15.119999885559082,4,-0.11621832186311531,1.0,14325.153889663696,0.1,0.0,stop
PPC,2014-10-08,2014-10-17,31.68000030517578,27.3799991607666,7,-0.1391825282761805,1.0,14316.255497909546,0.1,0.0,stop
LLY,2014-09-26,2014-10-20,65.4800033569336,62.630001068115234,16,-0.047343037480676475,1.0,14893.688683547975,0.1,0.0,egg
CNC,2014-10-02,2014-11-13,20.172500610351562,24.19499969482422,30,0.194617035100201,0.5,14472.397457885741,0.1,0.0,strength
GILD,2014-11-07,2014-12-02,106.44999694824219,101.16999816894531,16,-0.05339475049717379,1.0,13972.839499420166,0.1,0.0,egg
XPO,2014-11-10,2014-12-03,13.356879234313965,13.177035331726074,16,-0.017402780542233542,1.0,13932.320305486679,0.1,0.0,egg
CENX,2014-11-11,2014-12-04,27.440000534057617,27.100000381469727,16,-0.016333228065684158,1.0,14049.883953449249,0.1,0.0,egg
EHC,2014-11-06,2014-12-11,31.99681854248047,30.70008087158203,24,-0.04435731265201659,1.0,13914.392485931396,0.1,0.0,sma
COO,2014-11-13,2014-12-11,40.432498931884766,39.91749954223633,19,-0.016678432029696877,1.0,14139.164011482238,0.1,0.0,sma
VRTX,2014-10-02,2014-12-17,104.80000305175781,110.37000274658203,53,0.048944663474211225,1.0,14386.315618927001,0.1,0.0,sma
REGN,2014-11-06,2014-12-24,376.94000244140625,392.6000061035156,33,0.037387218330250827,1.0,13596.979768066407,0.1,0.0,sma
ANIP,2014-12-04,2015-01-22,53.45000076293945,53.619998931884766,32,-0.0008242043474185889,1.0,14353.24940487671,0.1,0.0,sma
ISRG,2014-12-03,2015-01-26,57.62333297729492,57.49444580078125,35,-0.0062198054799535996,1.0,14261.42917188263,0.1,0.0,sma
NCLH,2014-12-11,2015-01-30,43.72999954223633,44.0,33,0.002157597899760555,1.0,13933.952134140014,0.1,0.0,sma
LEG,2014-12-11,2015-02-02,41.599998474121094,42.75,34,0.023541896133804086,1.0,13922.188289337158,0.1,0.0,sma
PTCT,2014-12-24,2015-02-04,51.65999984741211,50.0099983215332,27,-0.03580414717778935,1.0,14390.202917495728,0.1,0.0,sma
AXON,2015-01-22,2015-02-13,27.440000534057617,27.3700008392334,16,-0.006532841535402678,1.0,14682.266205757142,0.1,0.0,egg
SWKS,2014-12-17,2015-02-24,70.81999969482422,86.0,45,0.20949854555007308,0.49743589743589745,13837.519740371705,0.1,12.610000000000001,strength
MNST,2014-12-02,2015-03-02,18.26333236694336,23.696666717529297,60,0.29231997597124115,0.5,14200.690608581543,0.1,0.0,strength
CTAS,2014-11-05,2015-03-03,17.602500915527344,21.037500381469727,79,0.1903716661951962,0.4993678887484197,13951.425380630493,0.1,0.0,strength
LULU,2015-02-09,2015-03-09,65.43000030517578,62.29999923706055,19,-0.051638447869802095,1.0,14620.071848190308,0.1,0.0,sma
KRC,2015-02-09,2015-03-09,74.3499984741211,72.55999755859375,19,-0.027971239100264222,1.0,14601.74490032959,0.1,0.0,sma
ULTA,2014-11-06,2015-03-16,122.08000183105469,150.0,87,0.2237974718541147,0.49557522123893805,13822.630287322998,0.1,0.0,strength
PENN,2015-02-24,2015-03-23,16.270000457763672,15.470000267028809,19,-0.052965989832875815,1.0,15177.665167030334,0.1,0.0,sma
SHW,2015-02-09,2015-03-27,91.46333312988281,93.46333312988281,33,0.017787378024008538,1.0,14571.75530758667,0.1,35.509947000000004,sma
CTAS,2014-11-05,2015-04-01,17.602500915527344,20.447500228881836,100,0.1569874973559131,0.5006321112515802,13951.425380630493,0.1,0.0,sma
SBH,2015-03-09,2015-04-10,33.31999969482422,33.130001068115234,23,-0.009671492285305616,1.0,15291.080979949951,0.1,0.0,sma
EXLS,2015-04-01,2015-04-14,7.302000045776367,6.682000160217285,8,-0.08856128907741179,1.0,15650.21605411148,0.1,0.0,stop
CSGP,2015-03-23,2015-04-15,20.062000274658203,19.80500030517578,16,-0.016751163510485,1.0,15820.371804588318,0.1,0.0,egg
DLTR,2015-01-26,2015-04-20,70.36000061035156,79.79000091552734,58,0.12949797140974817,1.0,14805.151328430176,0.1,0.0,sma
LII,2015-03-27,2015-04-21,110.5199966430664,106.45999908447266,16,-0.04058077914518643,1.0,15393.004092453002,0.1,0.0,egg
CNC,2014-10-02,2015-04-30,20.172500610351562,31.959999084472656,144,0.5780103256734201,0.5,14472.397457885741,0.1,0.0,sma
SWKS,2014-12-17,2015-05-01,70.81999969482422,95.87000274658203,92,0.3483096381845636,0.5025641025641026,13837.519740371705,0.1,12.74,sma
OLED,2015-04-15,2015-05-01,48.59000015258789,44.16999816894531,12,-0.09459414091805807,1.0,15385.14892831421,0.1,0.0,stop
DCH,2015-04-10,2015-05-04,25.56999969482422,24.200000762939453,16,-0.0573565013242624,1.0,15577.65293408203,0.1,0.0,egg
MMS,2015-04-14,2015-05-06,67.0199966430664,64.02999877929688,16,-0.048427436644274624,1.0,15445.428426361084,0.1,0.0,egg
MNST,2014-12-02,2015-05-11,18.26333236694336,21.540000915527344,109,0.1747041808619889,0.5,14200.690608581543,0.1,0.0,sma
LULU,2015-04-20,2015-05-12,66.19000244140625,65.52999877929688,16,-0.013923559897725868,1.0,15187.825580200195,0.1,0.0,egg
UNH,2015-04-21,2015-05-13,119.27999877929688,114.62000274658203,16,-0.0429037639697476,1.0,15178.856964660645,0.1,0.0,egg
ULTA,2014-11-06,2015-05-15,122.08000183105469,149.41000366210938,130,0.21898389834268994,0.504424778761062,13822.630287322998,0.1,0.0,sma
MATX,2015-05-13,2015-06-05,42.77000045776367,42.459999084472656,16,-0.011211184533741703,1.0,14870.872539161683,0.1,0.0,egg
CRUS,2015-05-01,2015-06-09,35.79999923706055,34.970001220703125,26,-0.02708376648874178,1.0,14779.098885040283,0.1,0.0,sma
PANW,2015-05-01,2015-06-19,25.136667251586914,30.479999542236328,34,0.20773062687698096,0.4991482112436116,14784.734124034881,0.1,0.0,strength
IBKR,2015-05-06,2015-06-24,8.595000267028809,10.4350004196167,34,0.20923134478362204,0.49970879440885263,14787.130689405441,0.1,21.450000000000003,strength
EFX,2015-03-09,2015-06-30,92.97000122070312,98.12000274658203,79,0.05118107825805285,1.0,15277.574360595703,0.1,47.559999999999995,sma
IART,2015-06-09,2015-07-01,30.9222412109375,30.48372459411621,16,-0.018116672990989846,1.0,15306.138332519531,0.1,0.0,egg
RVTY,2015-05-04,2015-07-06,52.060001373291016,51.93000030517578,43,-0.0064791865089752765,1.0,14866.774592170716,0.1,0.0,sma
RNG,2015-05-11,2015-07-07,17.09000015258789,17.59000015258789,39,0.025148065223834504,1.0,14898.036733016968,0.1,0.0,sma
TDS,2015-06-05,2015-07-08,29.899999618530273,28.540000915527344,22,-0.049295346528125505,1.0,15339.417404296875,0.1,72.192,sma
TMUS,2015-06-19,2015-07-22,39.15999984741211,37.45000076293945,22,-0.04748468061205058,1.0,15852.281218231201,0.1,0.0,sma
MMSI,2015-04-30,2015-07-27,19.40999984741211,25.280000686645508,60,0.2972221905292196,0.49934980494148246,14956.142462425232,0.1,0.0,strength
PNFP,2015-06-30,2015-07-28,54.369998931884766,52.58000183105469,19,-0.03678310367903381,1.0,15471.961856048583,0.1,0.0,sma
EPAM,2015-07-07,2015-07-29,74.33000183105469,72.75,16,-0.02516374205105809,1.0,15491.561661621094,0.1,0.0,egg
IBKR,2015-05-06,2015-08-03,8.595000267028809,10.079999923706055,61,0.16809308797417488,0.5002912055911474,14787.130689405441,0.1,21.475,sma
PANW,2015-05-01,2015-08-07,25.136667251586914,29.301666259765625,68,0.16104069199242343,0.5008517887563884,14784.734124034881,0.1,0.0,sma
LGND,2015-07-01,2015-08-10,60.567684173583984,58.633811950683594,27,-0.03579366399849082,1.0,15597.026622276306,0.1,0.0,sma
GIII,2015-07-22,2015-08-13,71.29000091552734,65.87999725341797,16,-0.07957634437181516,1.0,15929.465544570923,0.1,0.0,egg
LAD,2015-07-29,2015-08-20,116.2300033569336,111.66000366210938,16,-0.04315364421899259,1.0,15955.357480819703,0.1,27.400000000000002,egg
SEIC,2015-05-12,2015-08-24,46.83000183105469,48.2599983215332,72,0.026421989284221903,1.0,14921.724463439941,0.1,76.32,sma
ULTA,2015-07-06,2015-08-24,157.22999572753906,143.0,35,-0.09413505319061577,1.0,15596.90111618042,0.1,0.0,sma
ACHC,2015-08-07,2015-08-24,81.77999877929688,69.08999633789062,11,-0.15854501104863028,1.0,16142.881079040528,0.1,0.0,stop
JLL,2015-08-10,2015-08-24,178.91000366210938,155.8300018310547,10,-0.13248044939639914,1.0,15954.83630657959,0.1,0.0,stop
MMSI,2015-04-30,2015-08-25,19.40999984741211,22.219999313354492,81,0.14020076740165077,0.5006501950585176,14956.142462425232,0.1,0.0,sma
PBH,2015-07-08,2015-08-25,46.36000061035156,46.27000045776367,34,-0.005925598137206833,1.0,15468.755963653564,0.1,0.0,sma
SNA,2015-08-03,2015-08-25,163.61000061035156,157.47000122070312,16,-0.041370467109357545,1.0,16393.722061157227,0.1,53.0,egg
FTNT,2015-08-13,2015-08-25,9.300000190734863,8.562000274658203,8,-0.08303005828547705,1.0,15795.027323942184,0.1,0.0,stop
SCI,2015-08-20,2015-08-25,30.920000076293945,29.100000381469727,3,-0.0626186078991039,1.0,16017.611319522857,0.1,0.0,stop
BLDR,2015-07-28,2015-08-26,12.899999618530273,13.850000381469727,21,0.06935747028811723,1.0,15859.95613100052,0.1,0.0,sma
CENTA,2015-10-27,2015-11-04,13.984000205993652,12.232000350952148,6,-0.12877790111816634,1.0,14376.279379772186,0.1,0.0,stop
ELS,2015-10-28,2015-11-19,30.829999923706055,30.15999984741211,16,-0.025637342823146003,1.0,14364.621864452361,0.1,0.0,egg
HAFC,2015-10-29,2015-12-03,26.3700008392334,25.389999389648438,24,-0.041007155789267946,1.0,14400.393758296967,0.1,0.0,sma
HOMB,2015-10-27,2015-12-04,21.540000915527344,21.450000762939453,27,-0.008153616094877858,1.0,14374.331890960693,0.1,49.949999999999996,sma
SHEN,2015-11-19,2015-12-10,25.34000015258789,23.18000030517578,14,-0.0888924532441272,1.0,14498.078367301941,0.1,0.0,stop
SNX,2015-10-27,2015-12-14,45.66999816894531,45.4900016784668,33,-0.007917523933952841,1.0,14369.060183898926,0.1,0.0,sma
AIZ,2015-10-29,2015-12-15,82.44000244140625,82.44999694824219,32,-0.0038712662311612966,1.0,14373.249545654297,0.1,87.0,sma
SKYW,2015-10-29,2015-12-21,18.850000381469727,19.93000030517578,36,0.0530736882757703,1.0,14411.315391643524,0.1,0.0,sma
MANH,2015-12-07,2015-12-22,75.56999969482422,69.81999969482422,11,-0.07977666505250558,1.0,14538.458821289063,0.1,0.0,stop
GOOGL,2015-12-03,2015-12-28,38.40999984741211,38.5,16,-0.0016582260462274512,1.0,14509.531082359314,0.1,0.0,egg
TYL,2015-10-29,2016-01-04,170.11000061035156,172.5,44,0.010001626177490452,1.0,14317.81853137207,0.1,0.0,sma
RNG,2015-12-17,2016-01-08,23.670000076293945,21.200000762939453,14,-0.10792691367507157,1.0,14325.273406173706,0.1,0.0,stop
ABCB,2015-12-17,2016-01-11,34.25,31.3700008392334,15,-0.08774390379664232,1.0,14310.8145,0.1,20.85,stop
MSCI,2015-12-17,2016-01-12,70.88999938964844,68.66999816894531,16,-0.035183142493927955,1.0,14277.387657073974,0.1,0.0,egg
EXR,2015-10-30,2016-01-21,79.23999786376953,85.08999633789062,55,0.06953960119346747,1.0,14291.726014709473,0.1,106.19999999999999,sma
STZ,2015-10-28,2016-02-08,135.61000061035156,135.5399932861328,69,-0.004506195258298873,1.0,14267.528164215088,0.1,65.1,sma
OGS,2016-03-16,2016-04-08,60.13999938964844,59.970001220703125,16,-0.006807438902196483,1.0,13618.823141784667,0.1,0.0,egg
JBSS,2016-03-14,2016-04-14,68.51000213623047,66.5999984741211,22,-0.031759916094651675,1.0,13660.757405960083,0.1,0.0,sma
MO,2016-03-14,2016-04-15,62.0099983215332,61.709999084472656,23,-0.008810620119066304,1.0,13669.484029998779,0.1,0.0,sma
MXL,2016-04-08,2016-04-20,18.309999465942383,16.0,8,-0.12964892357571822,1.0,13815.004457050323,0.1,0.0,stop
TSN,2016-03-16,2016-04-21,67.05000305175781,63.529998779296875,25,-0.05628063937783867,1.0,13571.188817687987,0.1,0.0,sma
MAT,2016-03-14,2016-04-22,32.81999969482422,31.020000457763672,28,-0.05861765972291211,1.0,13713.311752487183,0.1,0.0,sma
SR,2016-03-14,2016-04-22,65.68000030517578,64.16000366210938,28,-0.027042088823751476,1.0,13688.762943603515,0.1,0.0,sma
HSIC,2016-03-14,2016-05-02,66.00784301757812,66.2196044921875,34,-0.0007966969002201063,1.0,13690.95075164795,0.1,0.0,sma
BRKR,2016-03-16,2016-05-05,27.309999465942383,27.0,35,-0.0152978361497631,1.0,13600.215874042511,0.1,0.0,sma
AVGO,2016-04-15,2016-05-05,15.548999786376953,14.381999969482422,14,-0.07874545033424929,1.0,13741.646247207642,0.1,0.0,stop
RES,2016-05-02,2016-05-05,14.619999885559082,13.619999885559082,3,-0.07211841759791238,1.0,13404.054495077133,0.1,0.0,stop
AMAT,2016-04-20,2016-05-12,21.139999389648438,20.139999389648438,16,-0.051106869931571985,1.0,13662.570205535889,0.1,0.0,egg
SMTC,2016-04-21,2016-05-13,22.520000457763672,21.020000457763672,16,-0.07033357661101003,1.0,13606.719396583558,0.1,0.0,egg
WOR,2016-04-22,2016-05-16,22.669544219970703,22.503082275390625,16,-0.011305679808432556,1.0,13424.496035270691,0.1,0.0,egg
SCL,2016-05-05,2016-05-27,59.189998626708984,58.939998626708984,16,-0.008198841475500651,1.0,13107.151675895691,0.1,41.99,egg
EIG,2016-03-14,2016-06-16,27.719999313354492,28.520000457763672,66,0.024752845027742554,1.0,13693.291580806732,0.1,44.37,sma
REXR,2016-03-15,2016-06-20,17.5,21.200000762939453,67,0.20659257264976172,0.499359795134443,13694.835,0.1,52.650000000000006,strength
ASTE,2016-05-05,2016-06-24,47.4900016784668,54.689998626708984,35,0.147013547139895,0.5,13133.45494418335,0.1,13.8,strength
MWA,2016-05-05,2016-06-27,10.369999885559082,10.569999694824219,36,0.015217377381143704,1.0,13144.285954942703,0.1,37.949999999999996,sma
MTD,2016-05-13,2016-06-27,367.92999267578125,358.7900085449219,30,-0.028734486952980642,1.0,12903.30484313965,0.1,0.0,sma
RS,2016-04-25,2016-06-28,71.63999938964844,72.94999694824219,45,0.014220826557591826,1.0,13423.473245635987,0.1,74.8,sma
JCI,2016-06-20,2016-07-13,45.19371795654297,45.151832580566406,16,-0.00491511260124966,1.0,13766.36803930664,0.1,0.0,egg
ASTE,2016-05-05,2016-07-25,47.4900016784668,53.66999816894531,55,0.12562107369828013,0.5,13133.45494418335,0.1,13.8,sma
BKH,2016-05-16,2016-08-05,60.16999816894531,61.4900016784668,57,0.017858309350910817,1.0,13203.584058197022,0.1,0.0,sma
IRM,2016-06-27,2016-08-05,37.97999954223633,38.06999969482422,28,-0.0016318034451030528,1.0,13662.089475334167,0.1,0.0,sma
AWK,2016-05-27,2016-08-08,74.12000274658203,78.41999816894531,49,0.053790358738770694,1.0,13442.55193812561,0.1,67.875,sma
UGI,2016-06-16,2016-08-17,44.08000183105469,44.34000015258789,43,0.0018827660946612035,1.0,13780.46649243164,0.1,0.0,sma
FIVE,2016-06-27,2016-08-17,44.91999816894531,47.2599983215332,36,0.047892644085745895,1.0,13637.98096408081,0.1,0.0,sma
CDE,2016-08-17,2016-08-25,15.239999771118164,12.619999885559082,6,-0.17522173010001774,1.0,14094.65282831955,0.1,0.0,stop
WYNN,2016-08-05,2016-08-29,97.51000213623047,89.3499984741211,16,-0.08734170952909992,1.0,14069.523188232422,0.1,72.0,egg
MLM,2016-08-08,2016-08-30,200.42999267578125,189.60000610351562,16,-0.057810074577605675,1.0,14058.159686279298,0.1,29.4,egg
HR,2016-05-12,2016-09-01,31.0,35.0,78,0.12452514326186326,1.0,13263.474,0.1,128.1,sma
MKTX,2016-06-29,2016-09-06,142.02000427246094,172.60000610351562,47,0.2104702080789731,0.5,13661.188250976562,0.1,12.48,strength
DOV,2016-07-25,2016-09-08,57.33441162109375,57.85137176513672,32,0.004988566832643926,1.0,14247.371950195313,0.1,88.142176,sma
AMD,2016-07-25,2016-09-09,6.699999809265137,6.230000019073486,33,-0.07386120355772186,1.0,14272.687993686675,0.1,0.0,sma
REXR,2016-03-15,2016-09-12,17.5,21.649999618530273,125,0.23220414139111556,0.5006402048655569,13694.835,0.1,105.57000000000001,sma
ROCK,2016-08-17,2016-09-12,37.15999984741211,35.540000915527344,17,-0.04741321825293965,1.0,14074.57290220642,0.1,0.0,sma
JBTM,2016-08-05,2016-09-14,66.83999633789062,65.2300033569336,27,-0.027983128342789376,1.0,14064.472029418945,0.1,21.0,sma
CXT,2016-08-29,2016-09-21,22.73011589050293,21.43105125427246,16,-0.060915559855479584,1.0,13893.1014345932,0.1,0.0,egg
ITW,2016-09-06,2016-09-28,119.81999969482422,118.7300033569336,16,-0.013052649066626176,1.0,13926.918204528809,0.1,75.4,egg
EXEL,2016-09-28,2016-09-30,13.350000381469727,12.4399995803833,2,-0.0718847528563421,1.0,13403.45378299713,0.1,0.0,stop
MKTX,2016-06-29,2016-10-03,142.02000427246094,166.0,66,0.16418335710022158,0.5,13661.188250976562,0.1,12.48,sma
HWC,2016-09-12,2016-10-04,32.2599983215332,32.279998779296875,16,-0.0033745139019334403,1.0,13285.377028770446,0.1,0.0,egg
BURL,2016-09-14,2016-10-06,82.1500015258789,79.30999755859375,16,-0.03842496269427076,1.0,13087.973943099976,0.1,0.0,egg
VEEV,2016-09-12,2016-10-07,40.79999923706055,38.810001373291016,19,-0.05257176590885693,1.0,13286.519751548767,0.1,0.0,sma
XYL,2016-09-01,2016-10-12,50.40999984741211,49.84000015258789,28,-0.015254151430455498,1.0,13789.453818260194,0.1,0.0,sma
AMAT,2016-09-21,2016-10-13,30.56999969482422,28.25,16,-0.07958044390605323,1.0,13263.283487594605,0.1,0.0,egg
XNCR,2016-09-30,2016-10-13,24.489999771118164,20.959999084472656,9,-0.14755709969189335,1.0,13251.049076156616,0.1,0.0,stop
AMPH,2016-10-04,2016-10-17,19.610000610351562,18.010000228881836,9,-0.08525734512653249,1.0,13361.470015869141,0.1,0.0,stop
CVLT,2016-09-08,2016-10-19,52.41999816894531,51.81999969482422,29,-0.015392307679360173,1.0,13814.032437469483,0.1,0.0,sma
PTC,2016-09-09,2016-10-27,43.209999084472656,46.0,34,0.06031863541355631,1.0,13681.668430114747,0.1,0.0,sma
OKE,2016-08-30,2016-10-28,47.15999984741211,48.52000045776367,42,0.02473087356928194,1.0,13940.024354896545,0.1,181.425,sma
BRC,2016-10-06,2016-10-28,35.349998474121094,32.25,16,-0.09133638270040778,1.0,13282.761926651001,0.1,0.0,stop
EZPW,2016-10-07,2016-10-31,10.460000038146973,9.949999809265137,16,-0.052554568355435816,1.0,13205.959248161316,0.1,0.0,egg
AGX,2016-10-12,2016-11-03,57.790000915527344,54.45000076293945,16,-0.06155676360508289,1.0,12912.944544570923,0.1,223.0,egg
CPRT,2016-10-13,2016-11-04,6.735000133514404,6.482500076293945,16,-0.041333080255298915,1.0,12889.577955522538,0.1,0.0,egg
RBA,2016-10-13,2016-11-04,35.5099983215332,34.2599983215332,16,-0.03905284499899486,1.0,12880.32863117981,0.1,0.0,egg
SNPS,2016-10-17,2016-11-08,59.75,58.75,16,-0.020661605658975013,1.0,12692.334,0.1,0.0,egg
WAFD,2016-10-28,2016-11-25,27.299999237060547,33.150001525878906,19,0.20943835579393744,0.5,12364.27885446167,0.1,31.640000000000004,strength
QCOM,2016-11-08,2016-12-01,68.2699966430664,67.72000122070312,16,-0.012016036164210875,1.0,12518.396204452514,0.1,96.99000000000001,egg
CRUS,2016-11-03,2016-12-02,54.93000030517578,49.65999984741211,20,-0.09954931621606689,1.0,12218.848987884521,0.1,0.0,stop
POWI,2016-11-04,2016-12-02,31.850000381469727,31.600000381469727,19,-0.011809974932763034,1.0,12318.688347541809,0.1,25.09,sma
KWR,2016-10-28,2016-12-02,106.19000244140625,128.97999572753906,24,0.2097664805678734,0.5,12342.676363769531,0.1,0.0,strength
NWBI,2016-10-27,2016-12-09,15.710000038146973,19.100000381469727,30,0.21093270711416023,0.4993646759847522,12388.49757008171,0.1,58.949999999999996,strength
LNTH,2016-11-28,2016-12-19,9.600000381469727,8.75,15,-0.09218025896107374,1.0,13630.406941623687,0.1,0.0,stop
BOH,2016-11-04,2016-12-21,74.27999877929688,89.08999633789062,32,0.19459274512867686,0.49696969696969695,12280.712198181152,0.1,39.36,strength
CC,2016-12-19,2016-12-23,24.75,22.549999237060547,4,-0.09252608969590403,1.0,13565.3265,0.1,0.0,stop
PPLI,2016-10-31,2017-01-03,11.51658821105957,11.688157081604004,43,0.010846056014877536,1.0,12347.394884605408,0.1,0.0,sma
CSX,2016-10-19,2017-01-09,10.356666564941406,12.523332595825195,55,0.2043777960712838,0.49959316517493896,12753.799894729615,0.1,36.839999999999996,strength
UCTT,2016-12-05,2017-01-12,9.90999984741211,11.920000076293945,26,0.19802375665529515,0.5,13286.098955429077,0.1,0.0,strength
VECO,2016-12-01,2017-01-13,26.0,27.149999618530273,29,0.04006216871231438,1.0,13442.832,0.1,0.0,sma
NWBI,2016-10-27,2017-01-18,15.710000038146973,17.5,55,0.10949329587747125,0.5006353240152478,12388.49757008171,0.1,59.099999999999994,sma
KWR,2016-10-28,2017-01-18,106.19000244140625,126.01000213623047,54,0.18190945767064437,0.5,12342.676363769531,0.1,20.009999999999998,sma
PRDO,2016-12-23,2017-01-20,10.210000038146973,9.779999732971191,17,-0.04593949250979534,1.0,13504.154450454713,0.1,0.0,sma
BOH,2016-11-04,2017-01-24,74.27999877929688,87.08999633789062,53,0.1677750822207571,0.503030303030303,12280.712198181152,0.1,39.839999999999996,sma
FIBK,2017-01-03,2017-01-26,42.75,41.79999923706055,16,-0.026125544499622455,1.0,13279.005,0.1,74.39999999999999,egg
WAFD,2016-10-28,2017-01-31,27.299999237060547,32.650001525878906,63,0.1911964508146906,0.5,12364.27885446167,0.1,122.04,sma
TPL,2017-01-13,2017-02-07,36.387779235839844,35.22222137451172,16,-0.03589571990695606,1.0,13526.865828689575,0.1,0.0,egg
XYZ,2017-01-24,2017-02-15,14.65999984741211,14.3100004196167,16,-0.02777115840457456,1.0,13499.484939491273,0.1,0.0,egg
DAN,2017-01-18,2017-02-17,19.520000457763672,19.209999084472656,22,-0.019809835415701804,1.0,13476.178876029968,0.1,0.0,sma
CRK,2017-02-07,2017-02-21,11.539999961853027,9.9399995803833,9,-0.14208674384205744,1.0,13806.31747436142,0.1,0.0,stop
NTAP,2016-12-05,2017-03-02,35.459999084472656,43.130001068115234,59,0.21144462843371103,0.49865951742627346,13253.032817825317,0.1,35.34,strength
PIPR,2017-02-21,2017-03-06,18.975000381469727,17.5,9,-0.08141557996591653,1.0,14069.583282852172,0.1,0.0,stop
NFLX,2017-02-15,2017-03-10,14.22700023651123,14.138999938964844,16,-0.010152766477398267,1.0,14084.388786140442,0.1,0.0,egg
CFG,2017-01-31,2017-03-16,36.16999816894531,37.060001373291016,31,0.02051587295141677,1.0,13699.60382647705,0.1,0.0,sma
CGNX,2017-01-18,2017-03-21,33.654998779296875,40.48500061035156,43,0.19813951282188702,0.49874686716791977,13455.201201965332,0.1,7.4624999999999995,strength
CSX,2016-10-19,2017-03-22,10.356666564941406,15.213333129882812,105,0.46307705921461917,0.500406834825061,12753.799894729615,0.1,73.8,sma
GS,2017-01-26,2017-03-22,239.5800018310547,231.22000122070312,38,-0.0387471177744898,1.0,13683.372224578858,0.1,37.050000000000004,sma
TCBI,2017-03-06,2017-03-22,90.30000305175781,78.05000305175781,12,-0.13910937357654407,1.0,14114.974077026367,0.1,0.0,stop
ON,2017-01-20,2017-04-06,13.399999618530273,14.859999656677246,53,0.10452826284376582,1.0,13574.494413562774,0.1,0.0,sma
NTAP,2016-12-05,2017-04-13,35.459999084472656,39.650001525878906,89,0.11369766233148626,0.5013404825737265,13253.032817825317,0.1,71.06,sma
LNTH,2017-03-16,2017-04-13,12.399999618530273,11.199999809265137,20,-0.10037987303531604,1.0,14263.6699611969,0.1,0.0,stop
ELV,2017-03-22,2017-04-13,166.44000244140625,165.94000244140625,16,-0.006984109123020832,1.0,13842.149243041993,0.1,0.0,egg
PH,2017-03-22,2017-04-13,157.5500030517578,154.5800018310547,16,-0.02276792755870405,1.0,13734.263966033936,0.1,0.0,egg
MRCY,2017-03-10,2017-04-27,38.15999984741211,37.459999084472656,33,-0.022262622663661746,1.0,14070.965703735352,0.1,0.0,sma
AEIS,2017-02-17,2017-04-28,61.560001373291016,75.08000183105469,48,0.21475437941279374,0.4977973568281938,14002.068552360535,0.1,0.0,strength
OLLI,2017-04-13,2017-05-08,33.29999923706055,41.04999923706055,16,0.2278116492901845,0.49878345498783455,13713.672285804749,0.1,0.0,strength
CCS,2017-04-13,2017-05-12,25.549999237060547,25.549999237060547,20,-0.003992015968063978,1.0,13722.189190246581,0.1,0.0,sma
VEEV,2017-04-13,2017-05-23,50.66999816894531,62.63999938964844,27,0.23129942305944406,0.5,13708.261304626465,0.1,0.0,strength
KFY,2017-05-12,2017-06-06,32.349998474121094,31.700000762939453,16,-0.024004471624199275,1.0,15267.322979873657,0.1,0.0,egg
AEIS,2017-02-17,2017-06-16,61.560001373291016,71.80000305175781,82,0.16168574882611386,0.5022026431718062,14002.068552360535,0.1,0.0,sma
UCTT,2016-12-05,2017-06-21,9.90999984741211,20.31999969482422,136,1.0422686420985765,0.5,13286.098955429077,0.1,0.0,sma
OLLI,2017-04-13,2017-06-23,33.29999923706055,39.400001525878906,49,0.17845996966184563,0.5012165450121655,13713.672285804749,0.1,0.0,sma
CGNX,2017-01-18,2017-06-29,33.654998779296875,45.04999923706055,113,0.3332390595226271,0.5012531328320802,13455.201201965332,0.1,16.0,sma
FIVN,2017-06-16,2017-06-30,23.100000381469727,21.1299991607666,10,-0.08893300782826119,1.0,15669.977658771515,0.1,0.0,stop
CHE,2017-03-22,2017-07-07,184.30999755859375,201.97999572753906,74,0.09149634324860956,1.0,13666.21769897461,0.1,19.240000000000002,sma
LOPE,2017-04-06,2017-07-07,70.56999969482422,77.16000366210938,63,0.08901771330219921,1.0,13859.383380065918,0.1,0.0,sma
NVR,2017-04-27,2017-07-17,2106.0,2529.64990234375,55,0.19636823339980158,0.5,12661.272,0.1,0.0,strength
TRU,2017-06-23,2017-07-18,44.439998626708984,44.349998474121094,16,-0.006009137329713976,1.0,15585.107518386842,0.1,0.0,egg
VRTX,2017-06-30,2017-07-25,128.8699951171875,166.94000244140625,16,0.2902427375336767,0.5,15237.072742675782,0.1,0.0,strength
BCO,2017-06-29,2017-07-27,66.8499984741211,81.0,19,0.20683094312737027,0.5,15540.218045288086,0.1,17.4,strength
VEEV,2017-04-13,2017-07-28,50.66999816894531,62.150001525878906,73,0.2216676527395438,0.5,13708.261304626465,0.1,0.0,sma
PENN,2017-06-06,2017-07-31,20.010000228881836,20.18000030517578,38,0.004469824678515089,1.0,15879.616021636963,0.1,0.0,sma
ALG,2017-07-07,2017-07-31,93.30999755859375,92.22000122070312,16,-0.015626836282177647,1.0,15239.948661254883,0.1,16.3,egg
RNG,2017-07-07,2017-07-31,37.0,35.20000076293945,16,-0.05244643789681236,1.0,15274.488,0.1,0.0,egg
RH,2017-07-28,2017-08-02,69.87000274658203,62.650001525878906,3,-0.10691427985608726,1.0,16102.240832977295,0.1,0.0,stop
ICUI,2017-07-18,2017-08-09,172.64999389648438,170.85000610351562,16,-0.014376043053705212,1.0,15396.581155700684,0.1,0.0,egg
LNTH,2017-08-09,2017-08-16,18.5,16.850000381469727,5,-0.09282513995216113,1.0,15997.431,0.1,0.0,stop
CBOE,2017-04-13,2017-08-17,81.29000091552734,97.87000274658203,87,0.1991549149337446,0.5,13684.03359411621,0.1,21.0,strength
GWRE,2017-07-31,2017-08-22,72.16000366210938,71.48999786376953,16,-0.01323995236810871,1.0,16051.559854614257,0.1,0.0,egg
FIZZ,2017-08-02,2017-09-12,52.400001525878906,63.724998474121094,28,0.21127109569455227,0.49834983498349833,15908.954863265992,0.1,0.0,strength
CSGP,2017-07-31,2017-09-14,27.55500030517578,27.469999313354492,32,-0.007064477066485053,1.0,16041.474087661743,0.1,0.0,sma
NOVT,2017-06-21,2017-09-20,36.04999923706055,43.650001525878906,63,0.20598476956657263,0.5,15604.746869750976,0.1,0.0,strength
ADBE,2017-07-31,2017-09-21,146.49000549316406,150.3800048828125,37,0.022456685681756072,1.0,15999.345419952393,0.1,0.0,sma
VRTX,2017-06-30,2017-09-25,128.8699951171875,151.19000244140625,59,0.16851443503596975,0.5,15237.072742675782,0.1,0.0,sma
FIZZ,2017-08-02,2017-10-04,52.400001525878906,54.30500030517578,44,0.03221779201855823,0.5016501650165016,15908.954863265992,0.1,0.0,sma
FSLR,2017-09-21,2017-10-13,48.7599983215332,47.209999084472656,16,-0.03565345297582401,1.0,16660.413746498107,0.1,0.0,egg
XYZ,2017-09-25,2017-10-17,27.450000762939453,33.25,16,0.2064577249037407,0.5,16722.979664794922,0.1,0.0,strength
BCO,2017-06-29,2017-10-26,66.8499984741211,81.1500015258789,83,0.2090658379785677,0.5,15540.218045288086,0.1,17.4,sma
CROX,2017-10-13,2017-11-06,9.529999732971191,9.050000190734863,16,-0.05415816390036865,1.0,17140.562219724656,0.1,0.0,egg
EXTR,2017-09-14,2017-11-10,11.329999923706055,11.460000038146973,41,0.007436152856306721,1.0,16608.941468158722,0.1,0.0,sma
TEX,2017-11-06,2017-11-15,46.61000061035156,42.630001068115234,7,-0.08904053063447315,1.0,17607.114170562745,0.1,30.16,stop
LOPE,2017-08-16,2017-11-30,79.1500015258789,95.83000183105469,74,0.20590581293062882,0.5,15861.660305786132,0.1,0.0,strength
NOVT,2017-06-21,2017-12-04,36.04999923706055,47.20000076293945,115,0.3040659806137187,0.5,15604.746869750976,0.1,0.0,sma
TTWO,2017-10-04,2017-12-05,102.9800033569336,101.43000030517578,43,-0.018983425605852644,1.0,16922.497991638185,0.1,0.0,sma
YELP,2017-11-10,2017-12-05,45.97999954223633,42.95000076293945,16,-0.06962714006184556,1.0,17599.488544784545,0.1,0.0,egg
XYZ,2017-09-25,2017-12-14,27.450000762939453,35.849998474121094,57,0.300797220959119,0.5,16722.979664794922,0.1,0.0,sma
LOPE,2017-08-16,2017-12-15,79.1500015258789,89.12000274658203,85,0.1214685099345374,0.5,15861.660305786132,0.1,0.0,sma
TREX,2017-12-05,2017-12-28,27.440000534057617,27.229999542236328,16,-0.011614561902384302,1.0,17349.269617664337,0.1,0.0,egg
STZ,2017-08-22,2018-01-09,196.74000549316406,216.77000427246094,96,0.09741104465664874,1.0,15770.678840332032,0.1,41.6,sma
CALY,2017-12-15,2018-01-10,14.789999961853027,13.670000076293945,16,-0.07941654815257493,1.0,17516.7435148201,0.1,0.0,egg
HLI,2017-10-26,2018-01-12,41.33000183105469,49.7400016784668,53,0.19867981133962132,0.4988066825775656,17351.905308746336,0.1,41.800000000000004,strength
LGIH,2017-12-05,2018-01-17,66.83999633789062,69.6500015258789,28,0.037880930706843285,1.0,17346.1821696167,0.1,0.0,sma
PBF,2017-12-04,2018-01-25,32.59000015258789,33.15999984741211,35,0.013428181769971514,1.0,17633.797282562256,0.1,0.0,sma
NVR,2017-04-27,2018-01-26,2106.0,3374.989990234375,189,0.5961619070756428,0.5,12661.272,0.1,0.0,sma
NTNX,2018-01-17,2018-01-26,36.72999954223633,33.45000076293945,7,-0.09293579523596263,1.0,18070.498634788513,0.1,0.0,stop
THO,2018-01-09,2018-01-29,153.72999572753906,140.0,13,-0.09294788499436824,1.0,18022.382319122313,0.1,0.0,stop
HLI,2017-10-26,2018-02-06,41.33000183105469,44.099998474121094,69,0.06276188313684217,0.5011933174224343,17351.905308746336,0.1,42.0,sma
DLTR,2017-12-28,2018-02-06,108.06999969482422,103.02999877929688,26,-0.050442290471339635,1.0,17758.926909851074,0.1,0.0,sma
UFPI,2018-01-25,2018-02-06,39.209999084472656,33.79999923706055,8,-0.14141622324808523,1.0,18308.403292510986,0.1,0.0,stop
FSLR,2018-01-26,2018-02-06,70.55999755859375,61.5,7,-0.1318807661933703,1.0,18028.78497619629,0.1,0.0,stop
CBOE,2017-04-13,2018-02-07,81.29000091552734,111.01000213623047,206,0.36015312079998085,0.5,13684.03359411621,0.1,66.36,sma
NMIH,2017-12-14,2018-02-09,17.0,18.25,38,0.06924386521075498,1.0,17596.122,0.1,0.0,sma
CPRI,2018-01-10,2018-02-09,63.91999816894531,60.400001525878906,21,-0.05884096560340779,1.0,18061.490362609864,0.1,0.0,sma
CROX,2018-01-29,2018-02-09,13.770000457763672,12.829999923706055,9,-0.0719838827648297,1.0,18019.587839035034,0.1,0.0,stop
CZR,2018-01-26,2018-02-13,33.04999923706055,30.100000381469727,12,-0.09289436032148712,1.0,18081.39018260193,0.1,0.0,stop
MA,2017-11-15,2018-03-06,148.3300018310547,179.17999267578125,74,0.20315985357520705,0.4957983193277311,17686.5727583313,0.1,14.75,strength
MA,2017-11-15,2018-03-26,148.3300018310547,175.3300018310547,88,0.1773078912448547,0.5042016806722689,17686.5727583313,0.1,15.0,sma
RF,2018-03-13,2018-03-26,19.709999084472656,18.329999923706055,9,-0.07372769561929815,1.0,16826.505058410643,0.1,0.0,stop
BAC,2018-03-14,2018-03-26,32.13999938964844,29.889999389648438,8,-0.0737187741083779,1.0,16778.42956137085,0.1,0.0,stop
AMZN,2018-02-06,2018-03-29,72.14199829101562,70.30000305175781,36,-0.029422999421679585,1.0,16770.417490722655,0.1,0.0,sma
TKO,2018-02-06,2018-04-03,34.560001373291016,35.16999816894531,38,0.013587893018141228,1.0,16795.123867378235,0.1,58.199999999999996,sma
IBKR,2018-03-15,2018-04-03,17.667499542236328,16.25,12,-0.08390376907459818,1.0,16729.17864154816,0.1,0.0,stop
EZPW,2018-03-14,2018-04-06,13.350000381469727,13.100000381469727,16,-0.022643850342061955,1.0,16787.758979701997,0.1,0.0,egg
ENVA,2018-03-15,2018-04-09,22.649999618530273,22.200000762939453,16,-0.023780204070593003,1.0,16726.435818294525,0.1,0.0,egg
EL,2018-02-06,2018-05-02,137.22000122070312,140.0,59,0.01618653639417711,1.0,16774.321829223634,0.1,46.36,sma
MTCH,2018-04-24,2018-05-02,45.2599983215332,36.54999923706055,6,-0.19566742362971712,1.0,16280.836076225281,0.1,0.0,stop
TECH,2018-03-27,2018-05-03,36.6974983215332,36.70750045776367,26,-0.003720547666447249,1.0,16436.58931322479,0.1,0.0,sma
AEO,2018-03-14,2018-05-07,19.600000381469727,20.149999618530273,37,0.023957148351426927,1.0,16771.877126426698,0.1,117.852,sma
ANF,2018-04-24,2018-05-16,27.020000457763672,26.030000686645508,16,-0.04048526761566551,1.0,16298.572356124878,0.1,0.0,egg
NTNX,2018-04-24,2018-05-29,52.5099983215332,51.959999084472656,24,-0.014424384066219709,1.0,16258.040660316467,0.1,0.0,sma
LULU,2018-05-07,2018-06-04,97.16999816894531,122.62000274658203,19,0.25687459132468615,0.5,15773.022782775879,0.1,0.0,strength
ETSY,2018-03-29,2018-06-15,28.059999465942383,41.689998626708984,54,0.47981369482496006,0.5,16026.188094978332,0.1,0.0,strength
KFY,2018-05-02,2018-06-18,53.83000183105469,64.13999938964844,32,0.18677223323144143,0.5,15749.797255737305,0.1,0.0,strength
OLLI,2018-05-02,2018-06-19,63.04999923706055,74.9000015258789,33,0.18320381326712876,0.4979919678714859,15730.848709648133,0.1,0.0,strength
FFIV,2018-05-29,2018-06-26,172.75,170.64999389648438,20,-0.016099818258178855,1.0,16270.977,0.1,0.0,sma
AUB,2018-05-16,2018-06-28,40.7599983215332,39.9900016784668,30,-0.022807590937476308,1.0,16214.082772315978,0.1,0.0,sma
NEOG,2018-05-03,2018-07-10,34.90999984741211,42.185001373291016,46,0.2035691308463512,0.49888641425389757,15705.939111351014,0.1,0.0,strength
CHRD,2018-06-04,2018-07-17,12.4399995803833,11.850000381469727,30,-0.05123027420860482,1.0,16802.657673225403,0.1,0.0,sma
OLLI,2018-05-02,2018-07-30,63.04999923706055,70.05000305175781,61,0.10658783767282776,0.5020080321285141,15730.848709648133,0.1,0.0,sma
LULU,2018-05-07,2018-07-30,97.16999816894531,120.04000091552734,58,0.23042916093495158,0.5,15773.022782775879,0.1,0.0,sma
BR,2018-03-27,2018-07-31,107.33999633789062,113.48999786376953,87,0.053073857243837175,1.0,16455.86547857666,0.1,55.845,sma
CPRT,2018-04-24,2018-07-31,12.792499542236328,14.100000381469727,68,0.09780836094070589,1.0,16291.785452018737,0.1,0.0,sma
TTD,2018-07-17,2018-07-31,9.489999771118164,8.600000381469727,10,-0.09740050061009742,1.0,17933.935847465516,0.1,0.0,stop
TNC,2018-07-30,2018-08-21,79.9000015258789,76.4000015258789,16,-0.04762190179457004,1.0,17613.156336364747,0.1,0.0,egg
KFY,2018-05-02,2018-09-06,53.83000183105469,63.689998626708984,88,0.1784459405050387,0.5,15749.797255737305,0.1,14.600000000000001,sma
BLFS,2018-08-21,2018-09-06,24.139999389648438,20.520000457763672,11,-0.15335191362781342,1.0,17971.891585601807,0.1,0.0,stop
CSGP,2018-06-28,2018-09-18,41.534000396728516,42.130001068115234,56,0.010300405217455122,1.0,17645.637000549315,0.1,0.0,sma
FBP,2018-07-31,2018-09-18,8.220000267028809,8.350000381469727,34,0.011759948472567672,1.0,17395.361845092775,0.1,0.0,sma
NEOG,2018-05-03,2018-09-26,34.90999984741211,37.005001068115234,101,0.05577991045695585,0.5011135857461024,15705.939111351014,0.1,0.0,sma
TKO,2018-07-31,2018-09-27,79.11000061035156,95.18000030517578,41,0.1983319364519458,0.4977168949771689,17359.740313934326,0.1,13.08,strength
STAA,2018-09-18,2018-10-03,50.0,45.040000915527344,11,-0.1027959897465811,1.0,18386.7,0.1,0.0,stop
BJRI,2018-07-31,2018-10-04,63.25,67.19999694824219,46,0.058209225096774064,1.0,17365.161,0.1,30.14,sma
ETSY,2018-03-29,2018-10-05,28.059999465942383,46.0,132,0.632800004899442,0.5,16026.188094978332,0.1,0.0,sma
MSA,2018-07-30,2018-10-08,99.62000274658203,101.81999969482422,49,0.01800371244874044,1.0,17668.00596711731,0.1,67.26,sma
ALRM,2018-09-06,2018-10-08,55.150001525878906,51.310001373291016,22,-0.07334234606491219,1.0,18291.15980607605,0.1,0.0,sma
PRKS,2018-09-27,2018-10-09,31.43000030517578,28.639999389648438,8,-0.09240637041730748,1.0,18423.323278884887,0.1,0.0,stop
XYZ,2018-10-05,2018-10-09,94.11000061035156,83.69000244140625,2,-0.11427149001501358,1.0,17728.065474975585,0.1,0.0,stop
TKO,2018-07-31,2018-10-11,79.11000061035156,82.33000183105469,51,0.03654833164499438,0.502283105022831,17359.740313934326,0.1,13.2,sma
TPL,2018-09-18,2018-10-11,92.4655532836914,88.57333374023438,17,-0.0459177018393675,1.0,18344.79590927124,0.1,0.0,sma
SM,2018-09-06,2018-10-12,29.209999084472656,29.579999923706055,26,0.008624341496010102,1.0,18322.03034573364,0.1,0.0,sma
RAMP,2018-10-03,2018-10-12,48.65999984741211,44.93000030517578,7,-0.08034033771390603,1.0,17942.693703735353,0.1,0.0,stop
EMR,2018-10-08,2018-10-12,77.9000015258789,72.73999786376953,4,-0.06996640293117096,1.0,17640.61114553833,0.1,0.0,stop
TJX,2018-06-26,2018-10-22,47.584999084472656,54.34000015258789,82,0.13739781539546003,1.0,17880.0634059906,0.1,73.125,sma
MOS,2018-10-11,2018-10-25,32.689998626708984,29.760000228881836,10,-0.09326402331077,1.0,16574.221583724975,0.1,0.0,stop
ADP,2018-10-08,2018-10-29,149.3000030517578,138.8000030517578,15,-0.07403946150434981,1.0,17503.036557769774,0.1,0.0,stop
AAP,2018-10-09,2018-10-31,168.88999938964844,166.08999633789062,16,-0.020504689335007487,1.0,17261.23349761963,0.1,0.0,egg
NEO,2018-10-04,2018-10-31,14.470000267028809,18.25,19,0.2561952573007955,0.5,18094.677453918455,0.1,0.0,strength
PGR,2018-10-18,2018-11-15,71.80000305175781,64.51000213623047,20,-0.10511874029746615,1.0,16475.085100250246,0.1,0.0,stop
NEO,2018-10-04,2018-12-07,14.470000267028809,14.710000038146973,44,0.012527796318616335,0.5,18094.677453918455,0.1,0.0,sma
CI,2018-12-04,2018-12-18,217.83999633789062,201.52000427246094,9,-0.07861028015171267,1.0,16370.67572479248,0.1,0.0,stop
SHEN,2018-12-04,2018-12-24,46.810001373291016,41.599998474121094,13,-0.11484876307689118,1.0,16556.97834574127,0.1,0.0,stop
NJR,2018-12-04,2018-12-26,48.43000030517578,44.27000045776367,14,-0.08954628058679204,1.0,16547.65936427307,0.1,99.913,stop
NNN,2019-02-14,2019-03-11,52.29999923706055,52.290000915527344,16,-0.004182425303040138,1.0,15983.402766838073,0.1,0.0,egg
REGN,2019-02-14,2019-03-11,414.9700012207031,404.1499938964844,16,-0.02996211898877399,1.0,15800.397766479493,0.1,0.0,egg
TWLO,2019-02-19,2019-03-22,112.56999969482422,135.0,23,0.19446636056527988,0.5,16016.909836578368,0.1,0.0,strength
LLY,2019-02-13,2019-04-15,119.6500015258789,123.7699966430664,42,0.030304247956377317,1.0,15945.277103347778,0.1,85.785,sma
MPT,2019-02-20,2019-04-16,18.239999771118164,18.420000076293945,39,0.005837026977821624,1.0,16028.472758869171,0.1,219.25,sma
WELL,2019-02-19,2019-04-17,76.76000213623047,73.9000015258789,41,-0.0411022734325025,1.0,16074.926127365112,0.1,181.83,sma
WAT,2019-02-20,2019-04-17,234.0,241.4199981689453,40,0.027590793509593814,1.0,15943.824,0.1,0.0,sma
UDR,2019-02-20,2019-04-18,44.33000183105469,43.709999084472656,41,-0.01792225869782693,1.0,16035.136922332764,0.1,123.82300000000001,sma
VMRK,2019-02-20,2019-04-18,72.68000030517578,74.26000213623047,41,0.01766035651278064,1.0,16021.57926727295,0.1,124.96,sma
EW,2019-02-21,2019-04-18,57.97999954223633,59.336666107177734,40,0.019313446967762493,1.0,16034.484833404542,0.1,0.0,sma
ZBRA,2019-03-22,2019-05-01,207.24000549316406,212.25999450683594,27,0.020134354447105318,1.0,16820.013325836182,0.1,0.0,sma
ACIW,2019-04-17,2019-05-10,33.709999084472656,31.989999771118164,16,-0.0548117458748385,1.0,16753.599864990236,0.1,0.0,egg
ALRM,2019-04-18,2019-05-13,67.12999725341797,61.939998626708984,16,-0.08099604219798795,1.0,16479.743025741576,0.1,0.0,egg
KEYS,2019-04-18,2019-05-13,89.83999633789062,84.12000274658203,16,-0.06740652529337265,1.0,16473.600768493652,0.1,0.0,egg
OSW,2019-04-18,2019-05-13,13.770000457763672,13.619999885559082,16,-0.014841817170568317,1.0,16501.858388580324,0.1,0.0,egg
TWLO,2019-02-19,2019-05-14,112.56999969482422,126.0,59,0.11483526986092807,0.5,16016.909836578368,0.1,0.0,sma
MTD,2019-04-16,2019-05-14,732.1699829101562,705.0599975585938,19,-0.04087110482366141,1.0,16873.58942614746,0.1,0.0,sma
TDG,2019-04-15,2019-05-16,458.1600036621094,452.739990234375,22,-0.01577474821102276,1.0,16985.823975769043,0.1,0.0,sma
SNPS,2019-04-17,2019-05-21,116.04000091552734,116.38999938964844,23,-0.0009878685027654432,1.0,16743.17965209961,0.1,0.0,sma
FAST,2019-05-01,2019-05-23,17.3174991607666,15.960000038146973,16,-0.08206795244673759,1.0,16814.2180001564,0.1,0.0,egg
CCK,2019-03-12,2019-05-31,54.650001525878906,54.7599983215332,56,-0.001987300805563308,1.0,16208.753252563476,0.1,0.0,sma
NOW,2019-05-13,2019-06-05,52.02399826049805,52.4739990234375,16,0.004623322485237669,1.0,16316.07847844696,0.1,0.0,egg
FRPT,2019-05-13,2019-06-26,44.79999923706055,45.93000030517578,31,0.021130531017971244,1.0,16294.924522499085,0.1,0.0,sma
LGIH,2019-05-14,2019-06-26,70.75,69.0999984741211,30,-0.027220492200435098,1.0,15808.8045,0.1,0.0,sma
PAYX,2019-05-31,2019-06-26,85.79000091552734,84.0199966430664,18,-0.02454147824021846,1.0,15730.969307876587,0.1,0.0,sma
NVR,2019-05-21,2019-06-27,3309.320068359375,3246.0,26,-0.023049493737704818,1.0,13263.754833984374,0.1,0.0,sma
MSCI,2019-06-05,2019-06-27,234.5,232.22999572753906,16,-0.013633561294962293,1.0,15977.892,0.1,0.0,egg
FICO,2019-05-10,2019-07-12,287.3299865722656,345.44000244140625,43,0.1974420231600793,0.49122807017543857,16410.564853088377,0.1,0.0,strength
ENPH,2019-06-27,2019-07-31,17.920000076293945,26.309999465942383,23,0.46233088261091493,0.5,16052.5210283432,0.1,0.0,strength
MDLZ,2019-06-26,2019-08-01,54.459999084472656,53.38999938964844,25,-0.023561025458930906,1.0,16097.831129379272,0.1,76.7,sma
VCYT,2019-06-27,2019-08-02,26.530000686645508,26.700000762939453,25,0.00239024671163679,1.0,16056.168655563355,0.1,0.0,sma
APD,2019-05-13,2019-08-06,204.5500030517578,221.0,59,0.07610736341744717,1.0,16191.769141571045,0.1,91.64,sma
EL,2019-05-16,2019-08-06,170.6999969482422,175.99000549316406,56,0.026874362711116317,1.0,16077.891312561034,0.1,40.42,sma
PAYC,2019-05-23,2019-08-06,206.77000427246094,225.5,51,0.08623009023710404,1.0,15953.132909637452,0.1,0.0,sma
AON,2019-06-26,2019-08-06,189.88999938964844,183.50999450683594,28,-0.03745631541442218,1.0,15982.66146862793,0.1,36.96,sma
ARWR,2019-07-12,2019-08-06,27.149999618530273,28.280000686645508,17,0.03746249974541804,1.0,16975.482961486818,0.1,0.0,sma
FICO,2019-05-10,2019-08-15,287.3299865722656,327.7699890136719,67,0.13619023854153034,0.5087719298245614,16410.564853088377,0.1,0.0,sma
BRO,2019-08-06,2019-08-28,35.9900016784668,35.380001068115234,16,-0.020873523326759735,1.0,16840.945445411682,0.1,0.0,egg
ENPH,2019-06-27,2019-09-06,17.920000076293945,25.31999969482422,49,0.4073059009130684,0.5,16052.5210283432,0.1,0.0,sma
MTCH,2019-08-01,2019-09-10,75.44000244140625,76.25,27,0.006702098683275981,1.0,17688.26649243164,0.1,0.0,sma
CTAS,2019-08-06,2019-09-10,64.29750061035156,63.38750076293945,24,-0.018088475470945165,1.0,16815.21095462036,0.1,0.0,sma
BAH,2019-08-06,2019-09-11,68.8499984741211,68.95999908447266,25,-0.002400708944292007,1.0,16832.998426940918,0.1,56.120000000000005,sma
ROKU,2019-09-11,2019-09-19,149.75999450683594,127.80999755859375,6,-0.1499747417415208,1.0,17256.844167022704,0.1,0.0,stop
NVR,2019-09-06,2019-09-30,3649.75,3643.0,16,-0.00583407470968067,1.0,14628.198,0.1,0.0,egg
ARES,2019-09-19,2019-10-01,29.40999984741211,26.920000076293945,8,-0.08831910420807321,1.0,17475.01016933441,0.1,0.0,stop
LDOS,2019-08-02,2019-10-03,81.86000061035156,83.0199966430664,43,0.01012190171352545,1.0,17635.099931488036,0.1,73.10000000000001,sma
CMCSA,2019-09-04,2019-10-03,42.66166687011719,41.30271911621094,21,-0.035718924738264324,1.0,17697.253944396973,0.1,81.480582,sma
MEDP,2019-09-10,2019-10-04,80.48999786376953,78.66999816894531,18,-0.026513251837006258,1.0,17581.91317337036,0.1,0.0,sma
WRB,2019-06-26,2019-10-09,28.915555953979492,31.573333740234375,73,0.08755621153638682,1.0,16080.229821567535,0.1,27.133395,sma
GNRC,2019-08-06,2019-10-21,72.08000183105469,88.05000305175781,53,0.21668290518554656,0.4978540772532189,16828.229707489012,0.1,0.0,strength
RNR,2019-08-15,2019-10-23,187.83999633789062,186.2100067138672,48,-0.012634917964804648,1.0,17315.84222241211,0.1,31.28,sma
FE,2019-10-04,2019-10-28,48.22999954223633,47.86000061035156,16,-0.011632942647272992,1.0,16624.302082214355,0.1,0.0,egg
VMC,2019-08-06,2019-10-29,138.1199951171875,147.6300048828125,59,0.0645863650747942,1.0,16745.94444799805,0.1,37.51,sma
LGIH,2019-10-03,2019-10-29,82.19999694824219,80.4800033569336,18,-0.024832982063303533,1.0,16637.60818231201,0.1,0.0,sma
SEDG,2019-09-30,2019-11-04,83.72000122070312,84.8499984741211,25,0.009451441627827073,1.0,17029.15056829834,0.1,0.0,sma
KNSL,2019-10-03,2019-11-04,101.61000061035156,95.01000213623047,22,-0.06868693905965473,1.0,16697.36818029785,0.1,0.0,sma
CTAS,2019-10-23,2019-11-14,67.03250122070312,63.48249816894531,16,-0.056740031012987635,1.0,17396.140651794434,0.1,165.11249999999998,egg
BLDR,2019-10-09,2019-11-15,20.799999237060547,25.399999618530273,27,0.21627900684670776,0.49937733499377335,16735.804186134337,0.1,0.0,strength
DG,2019-10-28,2019-11-19,162.63999938964844,159.1300048828125,16,-0.025487235876059944,1.0,17437.284894561766,0.1,0.0,egg
TTEK,2019-10-01,2019-11-22,16.72599983215332,16.923999786376953,38,0.0077985817375267885,1.0,17128.159772117615,0.1,0.0,sma
KLAC,2019-11-19,2019-11-22,17.599000930786133,16.047000885009766,3,-0.09182679948166095,1.0,17457.85694332123,0.1,0.0,stop
ENTG,2019-11-04,2019-11-26,48.439998626708984,47.38999938964844,16,-0.025581769332819415,1.0,17182.05503288269,0.1,0.0,egg
ELS,2019-11-04,2019-12-17,69.06999969482422,69.79000091552734,30,0.006390595404479615,1.0,17163.61864416504,0.1,0.0,sma
XPO,2019-11-22,2019-12-17,28.809633255004883,28.543325424194336,16,-0.013198822710438929,1.0,17233.74975534439,0.1,0.0,egg
LPG,2019-11-14,2019-12-24,12.489999771118164,15.229999542236328,27,0.21450771968365667,0.4996358339402768,17183.06722511673,0.1,0.0,strength
KRYS,2019-12-17,2020-01-02,60.720001220703125,55.63999938964844,10,-0.08732077553505402,1.0,17826.54227838135,0.1,0.0,stop
OC,2019-10-29,2020-01-08,62.06999969482422,64.94000244140625,48,0.04206156327865318,1.0,17476.553254074097,0.1,67.44,sma
MTSI,2019-11-22,2020-01-22,24.219999313354492,29.5,39,0.21313940387856478,0.5,17230.591911506654,0.1,0.0,strength
LPG,2019-11-14,2020-01-24,12.489999771118164,14.15999984741211,47,0.1291811977872317,0.5003641660597232,17183.06722511673,0.1,0.0,sma
DKS,2020-01-02,2020-01-27,48.220001220703125,45.290000915527344,16,-0.06451262200898866,1.0,17732.133928894043,0.1,0.0,egg
ROST,2019-10-21,2020-01-28,110.9800033569336,115.11000061035156,67,0.03307331214518561,1.0,17458.70824809265,0.1,40.035000000000004,sma
MTSI,2019-11-22,2020-01-29,24.219999313354492,30.530000686645508,44,0.2554965028274341,0.5,17230.591911506654,0.1,0.0,sma
BHE,2019-12-17,2020-01-31,34.56999969482422,32.16999816894531,30,-0.07313927378022156,1.0,17804.51780282593,0.1,77.1,sma
TTMI,2020-01-08,2020-01-31,14.979999542236328,14.680000305175781,16,-0.02393872120482421,1.0,17891.871773254396,0.1,0.0,egg
BLDR,2019-10-09,2020-02-03,20.799999237060547,24.950000762939453,79,0.19473081120182045,0.5006226650062267,16735.804186134337,0.1,0.0,sma
TER,2019-11-26,2020-02-03,63.66999816894531,66.37999725341797,45,0.03840127447450614,1.0,17480.4706572876,0.1,0.0,sma
GNRC,2019-08-06,2020-02-10,72.08000183105469,106.2699966430664,129,0.46844842439972,0.5021459227467812,16828.229707489012,0.1,0.0,sma
DAR,2020-01-24,2020-02-18,28.790000915527344,28.520000457763672,16,-0.013332849697591742,1.0,18577.84211077881,0.1,0.0,egg
NEE,2019-10-29,2020-02-19,58.150001525878906,68.75499725341797,76,0.17765304229651235,0.5,17479.890458679198,0.1,46.875,strength
ENOV,2020-01-29,2020-02-21,64.37177276611328,64.33734893798828,16,-0.0045246470605463385,1.0,18124.645083572388,0.1,0.0,egg
VICR,2020-01-27,2020-02-24,52.68000030517578,45.5099983215332,19,-0.13955350381663545,1.0,18316.520026107788,0.1,0.0,stop
UCTT,2020-01-28,2020-02-24,24.260000228881836,22.229999542236328,18,-0.08733483840885448,1.0,18012.613489940642,0.1,0.0,sma
CACI,2020-01-31,2020-02-25,267.44000244140625,266.989990234375,16,-0.0056679647678817835,1.0,17686.342241455077,0.1,0.0,egg
ACMR,2020-02-18,2020-02-25,13.94333267211914,12.983332633972168,5,-0.0725672787943813,1.0,18455.980744789125,0.1,0.0,stop
FBIN,2020-01-31,2020-02-26,58.726497650146484,57.70940017700195,17,-0.021242103140393875,1.0,17829.717045570374,0.1,0.0,sma
LRCX,2020-02-03,2020-02-26,30.8439998626709,29.624000549316406,16,-0.04338797829541341,1.0,17338.09089080429,0.1,0.0,egg
KBH,2020-02-03,2020-02-26,37.83000183105469,36.0,16,-0.0521732569487946,1.0,17322.887458465575,0.1,41.129999999999995,egg
AAPL,2020-02-19,2020-02-26,80.90499877929688,71.63249969482422,5,-0.118144210015521,1.0,18321.098783569338,0.1,0.0,stop
NEE,2019-10-29,2020-02-28,58.150001525878906,62.037498474121094,83,0.06259401836979994,0.5,17479.890458679198,0.1,99.375,sma
ROK,2020-02-21,2020-02-28,209.3699951171875,179.5800018310547,5,-0.14570798219636083,1.0,18251.619954345704,0.1,0.0,stop
GLPI,2020-02-24,2020-02-28,48.7599983215332,43.470001220703125,4,-0.11204943043285753,1.0,17637.564112861633,0.1,0.0,stop
CWST,2020-02-25,2020-03-02,53.06999969482422,48.29999923706055,4,-0.09351450639747216,1.0,17016.364702148436,0.1,0.0,stop
EQIX,2020-02-26,2020-03-02,629.8400268554688,577.8800048828125,3,-0.08615985943399873,1.0,16408.59237963867,0.1,0.0,stop
LW,2020-02-25,2020-03-04,93.7699966430664,86.55999755859375,6,-0.08057532523630329,1.0,17006.31413117981,0.1,0.0,stop
KNSL,2020-02-24,2020-03-10,126.37999725341797,118.0,11,-0.0700352534420563,1.0,17601.953257461548,0.1,12.51,stop
ES,2020-02-26,2020-03-13,93.45999908447266,85.88999938964844,12,-0.084665889379399,1.0,16669.151596710206,0.1,101.10399999999998,stop
SUI,2020-02-26,2020-03-13,165.52999877929688,148.5,12,-0.10646295705016617,1.0,16751.966936462402,0.1,0.0,stop
QDEL,2020-02-26,2020-03-17,80.94000244140625,77.45999908447266,14,-0.04681523098430973,1.0,16706.987783935547,0.1,0.0,stop
RGEN,2020-05-28,2020-06-09,129.2100067138672,117.30000305175781,8,-0.095799601456235,1.0,15277.274353820801,0.1,0.0,stop
AMZN,2020-05-28,2020-07-06,120.05500030517578,146.74850463867188,26,0.21746434461975084,0.49606299212598426,15277.479008834838,0.1,0.0,strength
RNG,2020-05-28,2020-07-14,259.510009765625,260.0,32,-0.002111417273716887,1.0,15341.71275732422,0.1,0.0,sma
FTNT,2020-05-28,2020-07-14,26.93400001525879,26.562000274658203,32,-0.017748409800620868,1.0,15329.109032684326,0.1,0.0,sma
UTHR,2020-05-28,2020-07-14,115.0,116.83000183105469,32,0.011857518245184107,1.0,15325.59,0.1,0.0,sma
CYTK,2020-07-14,2020-07-20,27.8799991607666,24.06999969482422,4,-0.14010356551847214,1.0,16090.997275634765,0.1,0.0,stop
WST,2020-05-28,2020-07-21,206.02999877929688,255.33999633789062,37,0.23438662574403724,0.5,15276.712349487305,0.1,0.0,strength
VRTX,2020-05-28,2020-07-27,277.3800048828125,280.8399963378906,41,0.008432019843010563,1.0,15286.412069091797,0.1,0.0,sma
ETSY,2020-07-14,2020-08-05,103.73999786376953,131.81500244140625,16,0.2655561745744115,0.5,16007.91159036255,0.1,0.0,strength
TWLO,2020-07-14,2020-08-05,223.82000732421875,277.0,16,0.232661078315463,0.49295774647887325,15923.00296105957,0.1,0.0,strength
REGN,2020-05-28,2020-08-11,578.2100219726562,601.1099853515625,52,0.035454803513920385,1.0,15063.52749243164,0.1,0.0,sma
CRWD,2020-07-20,2020-08-11,26.68000030517578,24.274999618530273,16,-0.09377461934519049,1.0,16815.283632339477,0.1,0.0,stop
MRNA,2020-07-13,2020-08-12,71.77999877929688,75.66999816894531,22,0.04998500431417496,1.0,16614.342077453613,0.1,0.0,breakeven
TSLA,2020-07-27,2020-08-12,102.63999938964844,98.0,12,-0.049018092210025066,1.0,16146.708863983155,0.1,0.0,stop
CLX,2020-05-28,2020-08-25,204.9600067138672,222.97999572753906,62,0.08357654541884707,1.0,15197.374577819824,0.1,82.14,sma
NOW,2020-05-28,2020-08-26,75.59600067138672,93.0,63,0.22531273734471857,0.5,15300.932919891358,0.1,0.0,strength
CHWY,2020-08-12,2020-09-03,53.150001525878906,68.38999938964844,16,0.2815989363022444,0.498371335504886,16349.684569381714,0.1,0.0,strength
ETSY,2020-07-14,2020-09-04,103.73999786376953,114.2300033569336,38,0.0967225535218128,0.5,16007.91159036255,0.1,0.0,sma
TWLO,2020-07-14,2020-09-04,223.82000732421875,245.14999389648438,38,0.09092727734826567,0.5070422535211268,15923.00296105957,0.1,0.0,sma
FOXF,2020-08-25,2020-09-04,106.30999755859375,92.93000030517578,8,-0.1293479034365459,1.0,17043.61880859375,0.1,0.0,stop
TSCO,2020-08-11,2020-09-08,29.02199935913086,27.974000930786133,19,-0.039958345819003815,1.0,16750.104974121095,0.1,46.08,sma
TTD,2020-08-12,2020-09-08,46.00299835205078,41.70000076293945,18,-0.09715594239795933,1.0,16317.63153945923,0.1,0.0,sma
AMZN,2020-05-28,2020-09-09,120.05500030517578,160.14950561523438,72,0.3286425873647185,0.5039370078740157,15277.479008834838,0.1,0.0,sma
IDXX,2020-08-11,2020-09-09,374.0299987792969,366.3699951171875,20,-0.02438991140445823,1.0,16490.23458618164,0.1,0.0,sma
CHWY,2020-08-12,2020-09-14,53.150001525878906,54.15999984741211,22,0.014934914666474786,0.501628664495114,16349.684569381714,0.1,0.0,sma
ODFL,2020-09-09,2020-09-22,99.5199966430664,89.50499725341797,9,-0.10422332312878191,1.0,16553.36008163452,0.1,0.0,stop
WST,2020-05-28,2020-09-25,206.02999877929688,261.2699890136719,84,0.2630539076220322,0.5,15276.712349487305,0.1,5.92,sma
PTGX,2020-09-04,2020-09-29,20.520000457763672,20.110000610351562,16,-0.023892752438068765,1.0,16983.41941886902,0.1,0.0,egg
PENN,2020-09-04,2020-09-29,54.150001525878906,72.70999908447266,16,0.33739127546431,0.4984025559105431,16982.848378555296,0.1,0.0,strength
RUN,2020-09-08,2020-09-30,51.88999938964844,71.55000305175781,16,0.37337396676240386,0.4984423676012461,16690.0031836853,0.1,0.0,strength
PINS,2020-09-09,2020-10-02,35.5099983215332,43.20000076293945,17,0.2117022727084048,0.4989247311827957,16545.173517951964,0.1,0.0,strength
AGNT,2020-09-04,2020-10-06,19.309999465942383,25.49250030517578,21,0.31490080471902826,0.5,16988.087890159608,0.1,0.0,strength
TGTX,2020-09-08,2020-10-08,23.959999084472656,31.0,22,0.28865812540867153,0.5,16709.511681518554,0.1,0.0,strength
RUN,2020-09-08,2020-10-22,51.88999938964844,57.0099983215332,32,0.09428433543635584,0.5015576323987538,16690.0031836853,0.1,0.0,sma
AGNT,2020-09-04,2020-10-26,19.309999465942383,22.0,35,0.1347579624406383,0.5,16988.087890159608,0.1,0.0,sma
SAM,2020-09-25,2020-10-26,875.77001953125,1080.7900390625,21,0.22917602105700552,0.47368421052631576,16672.909631835937,0.1,0.0,strength
PENN,2020-09-04,2020-10-27,54.150001525878906,61.43000030517578,36,0.12991263229786698,0.5015974440894568,16982.848378555296,0.1,0.0,sma
TGTX,2020-09-08,2020-10-27,23.959999084472656,26.260000228881836,35,0.09161815058652101,0.5,16709.511681518554,0.1,0.0,sma
NVDA,2020-09-14,2020-10-29,12.872249603271484,12.838500022888184,33,-0.006603436081526581,1.0,16793.18832142639,0.1,0.0,sma
CRL,2020-09-22,2020-10-29,217.3300018310547,221.1999969482422,27,0.013743897170517716,1.0,17203.408284942627,0.1,0.0,sma
FND,2020-09-29,2020-11-02,73.38999938964844,74.41999816894531,24,0.009986550815621609,1.0,18090.047729553222,0.1,0.0,breakeven
RH,2020-10-22,2020-11-02,378.739990234375,338.6300048828125,7,-0.10947299679831146,1.0,18595.376040527342,0.1,0.0,stop
NOW,2020-05-28,2020-11-03,75.59600067138672,95.52200317382812,111,0.25854115253305654,0.5,15300.932919891358,0.1,0.0,sma
SAM,2020-09-25,2020-11-11,875.77001953125,925.0,33,0.05199694518278264,0.5263157894736842,16672.909631835937,0.1,0.0,sma
FCX,2020-10-29,2020-11-20,17.479999542236328,21.40999984741211,16,0.21993886410690422,0.4995278564683664,18548.342154258728,0.1,0.0,strength
DY,2020-10-26,2020-11-24,64.61000061035156,68.3499984741211,21,0.05366264580855318,0.5,19292.287742248536,0.1,0.0,strength
DY,2020-10-26,2020-11-27,64.61000061035156,63.939998626708984,23,-0.014320561374675744,0.5,19292.287742248536,0.1,0.0,breakeven
LSCC,2020-10-29,2020-12-01,34.7599983215332,42.4900016784668,22,0.2175023865598571,0.5,18529.303745269775,0.1,0.0,strength
FIVE,2020-10-27,2020-12-04,135.25,162.6300048828125,27,0.19763980263537162,0.49640287769784175,18837.3495,0.1,0.0,strength
GSHD,2020-11-27,2020-12-08,122.83999633789062,112.05999755859375,7,-0.09139811473169868,1.0,20309.136594543455,0.1,0.0,stop
MPWR,2020-11-02,2020-12-10,315.260009765625,307.3900146484375,27,-0.028855867164536808,1.0,18321.65072753906,0.1,0.0,sma
WOR,2020-11-02,2020-12-18,31.029592514038086,31.226879119873047,33,0.002340617451639826,1.0,18561.716064342498,0.1,92.016207,sma
CROX,2020-11-11,2021-01-07,55.40999984741211,68.48999786376953,38,0.23112407302832194,0.5,19432.286946487427,0.1,0.0,strength
DAR,2020-12-08,2021-01-07,50.70000076293945,64.30999755859375,20,0.26337810764403713,0.5,20726.971511901855,0.1,0.0,strength
ROCK,2020-12-10,2021-01-07,68.8499984741211,93.30000305175781,18,0.3497102397857541,0.5,20558.334144378663,0.1,0.0,strength
RUSHA,2020-10-27,2021-01-08,24.420000076293945,29.68000030517578,50,0.2105453389708476,0.49934980494148246,18816.538018787385,0.1,35.839872,strength
LSCC,2020-10-29,2021-01-26,34.7599983215332,41.59000015258789,59,0.19171387250055072,0.5,18529.303745269775,0.1,0.0,sma
PINS,2020-09-09,2021-01-28,35.5099983215332,67.31999969482422,97,0.8882359997300437,0.5010752688172043,16545.173517951964,0.1,0.0,sma
FCX,2020-10-29,2021-01-28,17.479999542236328,26.329999923706055,61,0.5002797957863321,0.5004721435316336,18548.342154258728,0.1,0.0,sma
CAT,2020-11-03,2021-01-28,167.69000244140625,182.25999450683594,58,0.08254760006850104,1.0,18650.817451538085,0.1,114.33,sma
VC,2020-12-18,2021-01-28,125.5999984741211,126.5199966430664,26,0.0033035694833412066,1.0,21017.15014466858,0.1,0.0,sma
RUSHA,2020-10-27,2021-02-12,24.420000076293945,27.706666946411133,74,0.13005984452590114,0.5006501950585176,18816.538018787385,0.1,35.933205,sma
TFIN,2021-01-28,2021-02-22,58.09000015258789,73.69999694824219,16,0.26365614031261697,0.5,22118.348458099365,0.1,0.0,strength
DAR,2020-12-08,2021-02-26,50.70000076293945,62.40999984741211,54,0.2260524101785133,0.5,20726.971511901855,0.1,0.0,sma
ROKU,2021-01-28,2021-02-26,404.010009765625,391.3999938964844,20,-0.035079553852879086,1.0,21860.173608398436,0.1,0.0,breakeven
ROCK,2020-12-10,2021-03-01,68.8499984741211,88.37999725341797,53,0.2785357275819256,0.5,20558.334144378663,0.1,0.0,sma
UPWK,2021-02-26,2021-03-04,53.880001068115234,45.189998626708984,4,-0.16463254383211445,1.0,23538.66382662964,0.1,0.0,stop
PI,2021-03-01,2021-03-04,66.0,58.849998474121094,3,-0.1118929039319414,1.0,23542.992,0.1,0.0,stop
FIVE,2020-10-27,2021-03-05,135.25,188.1999969482422,88,0.3859423257318686,0.5035971223021583,18837.3495,0.1,0.0,sma
GIII,2021-01-26,2021-03-09,26.229999542236328,32.130001068115234,29,0.2200433911280577,0.5,23128.564396362304,0.1,0.0,strength
MTZ,2021-01-28,2021-03-11,79.05999755859375,96.54000091552734,29,0.21622330710360282,0.4982078853046595,22101.85479748535,0.1,0.0,strength
RNST,2021-01-28,2021-03-11,36.779998779296875,44.25,29,0.19829675791674184,0.5,22112.13526611328,0.1,0.0,strength
CROX,2020-11-11,2021-03-24,55.40999984741211,77.41999816894531,90,0.39164296178226454,0.5,19432.286946487427,0.1,0.0,sma
CHEF,2021-02-12,2021-03-24,30.309999465942383,29.540000915527344,27,-0.02929471202281464,1.0,24053.53061618042,0.1,0.0,sma
AZZ,2021-02-26,2021-03-24,51.09000015258789,49.689998626708984,18,-0.031285276748405644,1.0,23548.40287033081,0.1,0.0,sma
MTZ,2021-01-28,2021-03-25,79.05999755859375,85.20999908447266,39,0.07348649163047516,0.5017921146953405,22101.85479748535,0.1,0.0,sma
GIII,2021-01-26,2021-03-30,26.229999542236328,29.049999237060547,44,0.10308927492139364,0.5,23128.564396362304,0.1,0.0,sma
RNST,2021-01-28,2021-04-21,36.779998779296875,39.619998931884766,57,0.07291562189248135,0.5,22112.13526611328,0.1,66.0,sma
CASH,2021-03-05,2021-04-21,45.20000076293945,43.63999938964844,32,-0.038367542443112246,1.0,23188.68519140625,0.1,25.6,sma
BFH,2021-03-24,2021-04-21,84.78052520751953,81.42857360839844,19,-0.04337099535798061,1.0,23361.273720932008,0.1,0.0,sma
CHRD,2021-03-25,2021-04-29,61.599998474121094,77.66999816894531,24,0.25584318526428595,0.5,23207.92262512207,0.1,0.0,strength
CPRI,2021-03-04,2021-05-04,46.439998626708984,57.040000915527344,42,0.22334836350274534,0.5,23638.7023409729,0.1,0.0,strength
SONO,2021-04-21,2021-05-07,41.779998779296875,38.5,12,-0.08218505252251995,1.0,23862.22850280762,0.1,0.0,stop
KSS,2021-03-04,2021-05-12,54.810001373291016,58.34000015258789,48,0.06015516300858148,1.0,23615.437191696168,0.1,107.5,sma
RRR,2021-03-24,2021-05-12,33.0,39.540000915527344,34,0.19339868486349387,0.49929278642149927,23377.662,0.1,0.0,strength
TFIN,2021-01-28,2021-05-13,58.09000015258789,81.44000244140625,73,0.39636585364352683,0.5,22118.348458099365,0.1,0.0,sma
UNFI,2021-03-24,2021-05-13,33.0,34.939998626708984,35,0.054561139220212995,1.0,23377.662,0.1,0.0,sma
SIG,2021-03-30,2021-05-13,58.61000061035156,58.58000183105469,31,-0.00450180991755611,1.0,23255.979362182617,0.1,0.0,sma
KFY,2021-04-21,2021-05-13,64.7300033569336,63.459999084472656,16,-0.02353371733567655,1.0,23868.282517822267,0.1,0.0,egg
BBWI,2021-04-21,2021-05-13,52.797088623046875,53.01536178588867,16,0.0001256696574163385,1.0,23859.10994293213,0.1,0.0,egg
TPL,2021-05-13,2021-05-20,184.1377716064453,170.9166717529297,5,-0.07550543169424884,1.0,24170.292176605224,0.1,0.0,stop
CPRI,2021-03-04,2021-05-21,46.439998626708984,54.060001373291016,55,0.15943571440176418,0.5,23638.7023409729,0.1,0.0,sma
HZO,2021-05-13,2021-05-21,59.33000183105469,54.5099983215332,6,-0.08490827806789947,1.0,24255.054028564453,0.1,0.0,stop
PFG,2021-05-07,2021-06-01,66.66000366210938,66.11000061035156,16,-0.012209948771810364,1.0,25314.66967071533,0.1,0.0,egg
KBR,2021-05-13,2021-06-07,41.65999984741211,40.52000045776367,16,-0.031247140740991886,1.0,24294.612151016234,0.1,0.0,egg
CUBI,2021-05-13,2021-06-08,34.58000183105469,43.33000183105469,17,0.24803428243579684,0.4992867332382311,24289.062446136475,0.1,0.0,strength
LQDT,2021-06-01,2021-06-11,25.540000915527344,23.200000762939453,8,-0.09524725289315472,1.0,24925.71281350708,0.1,0.0,stop
CCS,2021-06-07,2021-06-11,78.3499984741211,66.95999908447266,4,-0.14878500321943966,1.0,25122.143510742186,0.1,0.0,stop
BHF,2021-05-20,2021-06-14,48.540000915527344,46.70000076293945,16,-0.04174757443595167,1.0,24269.903377761842,0.1,0.0,egg
FHN,2021-05-12,2021-06-15,18.200000762939453,17.940000534057617,23,-0.018220713383492737,1.0,24983.869047317505,0.1,205.5,sma
ALLY,2021-06-11,2021-06-18,54.790000915527344,49.31999969482422,5,-0.10342922709139413,1.0,24649.91183189392,0.1,0.0,stop
HL,2021-06-14,2021-06-18,8.970000267028809,7.989999771118164,4,-0.11280899358511964,1.0,24788.739257938385,0.1,0.0,stop
RRR,2021-03-24,2021-06-21,33.0,39.75,61,0.19973688985665006,0.5007072135785007,23377.662,0.1,0.0,sma
TBBK,2021-05-21,2021-06-21,24.1299991607666,22.950000762939453,20,-0.052698516848994514,1.0,24154.080899929046,0.1,0.0,sma
PRKS,2021-06-11,2021-06-29,55.54999923706055,49.2599983215332,12,-0.1167713358146385,1.0,24657.866961341857,0.1,0.0,stop
VNOM,2021-05-13,2021-07-07,18.040000915527344,18.200000762939453,37,0.004841748853377181,1.0,24294.252752929686,0.1,0.0,sma
ABR,2021-06-15,2021-07-08,18.479999542236328,17.43000030517578,16,-0.06058333897916768,1.0,24497.937473167418,0.1,0.0,egg
PGNY,2021-06-21,2021-07-14,63.79999923706055,57.5,16,-0.10234389080417583,1.0,23269.64612173462,0.1,0.0,stop
NOG,2021-06-18,2021-07-15,19.059999465942383,16.81999969482422,18,-0.1210464608147177,1.0,23796.25685323334,0.1,37.379999999999995,sma
CHRD,2021-03-25,2021-07-19,61.599998474121094,84.88999938964844,79,0.37258310472324085,0.5,23207.92262512207,0.1,822.5,sma
CUBI,2021-05-13,2021-07-19,34.58000183105469,35.16999816894531,45,0.013001651815982562,0.5007132667617689,24289.062446136475,0.1,0.0,sma
SIG,2021-07-07,2021-07-19,76.12000274658203,64.69000244140625,8,-0.1535502286673368,1.0,23720.667495895384,0.1,0.0,stop
BOOT,2021-05-21,2021-07-20,72.83999633789062,76.23999786376953,40,0.042499318954403176,1.0,24158.25886541748,0.1,0.0,sma
MRNA,2021-07-08,2021-07-30,232.7899932861328,346.8999938964844,16,0.4842354634927968,0.49504950495049505,23558.812900543213,0.1,0.0,strength
IT,2021-06-21,2021-08-04,238.8699951171875,295.2799987792969,31,0.23121883166965596,0.4948453608247423,23216.730305419922,0.1,0.0,strength
DKS,2021-07-15,2021-08-26,98.91000366210938,131.0,30,0.3191491363594703,0.4978902953586498,23488.554209655762,0.1,0.0,strength
NAVI,2021-06-29,2021-08-30,19.1299991607666,23.25,43,0.21051681362512564,0.49959316517493896,23557.79050651932,0.1,0.0,strength
BILL,2021-07-19,2021-08-30,188.5399932861328,290.0,30,0.5319949382352396,0.5,23047.88293927002,0.1,0.0,strength
GOOGL,2021-06-18,2021-08-31,120.11100006103516,145.14700317382812,51,0.20361643767830295,0.49746192893401014,23709.190746047974,0.1,0.0,strength
PTGX,2021-07-14,2021-09-09,44.869998931884766,46.20000076293945,40,0.025530882940815625,1.0,23693.78241597748,0.1,0.0,sma
GOOGL,2021-06-18,2021-09-29,120.11100006103516,136.97999572753906,71,0.1358923772840126,0.5025380710659898,23709.190746047974,0.1,0.0,sma
MRNA,2021-07-08,2021-09-29,232.7899932861328,393.2099914550781,58,0.682375970555591,0.504950495049505,23558.812900543213,0.1,0.0,sma
INTU,2021-07-19,2021-09-29,498.7799987792969,548.8800048828125,51,0.09605210408742049,1.0,22989.767703735353,0.1,0.0,sma
EPAM,2021-09-09,2021-09-29,626.8900146484375,574.9099731445312,14,-0.08657833117239255,1.0,27638.326965820313,0.1,0.0,stop
NAVI,2021-06-29,2021-09-30,19.1299991607666,18.520000457763672,65,-0.035751744409980635,0.500406834825061,23557.79050651932,0.1,98.4,sma
DKS,2021-07-15,2021-10-01,98.91000366210938,120.97000122070312,55,0.21814864607400453,0.5021097046413502,23488.554209655762,0.1,706.622,sma
BBWI,2021-07-20,2021-10-01,60.19401931762695,63.29999923706055,52,0.047401475163916684,1.0,23040.103610092163,0.1,57.3,sma
CROX,2021-09-29,2021-10-05,149.80999755859375,136.2899932861328,4,-0.0938794228098544,1.0,27019.73115966797,0.1,0.0,stop
IT,2021-06-21,2021-10-12,238.8699951171875,303.8299865722656,79,0.26686942102473465,0.5051546391752577,23216.730305419922,0.1,0.0,sma
EXLS,2021-09-29,2021-10-21,25.24799919128418,24.68000030517578,16,-0.026398996465770375,1.0,27044.091357753754,0.1,0.0,egg
NXRT,2021-07-30,2021-10-25,58.95000076293945,70.94000244140625,60,0.1985887685230705,0.4987951807228916,24513.178817253112,0.1,70.587,strength
DFIN,2021-09-30,2021-11-04,34.619998931884766,43.95000076293945,25,0.2644296074134578,0.5,26918.849409484865,0.1,0.0,strength
DDOG,2021-10-01,2021-11-08,144.69000244140625,186.28599548339844,26,0.28234387783592285,0.4972375690607735,26241.26822277832,0.1,0.0,strength
CELH,2021-09-29,2021-11-11,30.19333267211914,35.18333435058594,31,0.16061656056960083,1.0,27046.82508769226,0.1,0.0,sma
WTS,2021-09-29,2021-11-11,174.1199951171875,210.2899932861328,31,0.20290901762341895,0.4967741935483871,27042.57644165039,0.1,0.0,strength
NTAP,2021-10-21,2021-11-12,92.73999786376953,91.9800033569336,16,-0.012154196408707518,1.0,27877.64335784912,0.1,0.0,egg
BILL,2021-07-19,2021-11-24,188.5399932861328,291.04998779296875,91,0.5375417519732977,0.5,23047.88293927002,0.1,0.0,sma
PRKS,2021-10-12,2021-11-30,58.56999969482422,59.95000076293945,34,0.01947549451472752,1.0,26820.022840255737,0.1,0.0,sma
WTS,2021-09-29,2021-12-02,174.1199951171875,186.4600067138672,45,0.06659579943514493,0.5032258064516129,27042.57644165039,0.1,20.28,sma
ZWS,2021-10-05,2021-12-02,33.04999923706055,34.7599983215332,41,0.047541199769872255,1.0,26128.602296836852,0.1,23.669999999999998,sma
DDOG,2021-10-01,2021-12-06,144.69000244140625,160.42999267578125,45,0.10435794379070251,0.5027624309392266,26241.26822277832,0.1,0.0,sma
TNDM,2021-11-11,2021-12-06,134.02999877929688,133.66000366210938,16,-0.006741535434809709,1.0,30082.765166015626,0.1,0.0,egg
PANW,2021-10-01,2021-12-07,81.08499908447266,86.22000122070312,46,0.05908380796304824,1.0,26324.08278277588,0.1,0.0,sma
SITM,2021-11-12,2021-12-08,254.85000610351562,319.20001220703125,17,0.24750148341043676,0.4957983193277311,30387.805027770995,0.1,0.0,strength
NVDA,2021-12-07,2021-12-14,32.426998138427734,27.698999404907227,5,-0.14921435406351458,1.0,29502.60173831177,0.1,0.0,stop
SITM,2021-11-12,2021-12-17,254.85000610351562,248.8699951171875,24,-0.027363169761806416,0.5042016806722689,30387.805027770995,0.1,0.0,breakeven
OMCL,2021-11-24,2021-12-17,179.77999877929688,175.0,16,-0.030473921520233982,1.0,30623.72499206543,0.1,0.0,egg
DFIN,2021-09-30,2022-01-05,34.619998931884766,44.06999969482422,67,0.26788194415291544,0.5,26918.849409484865,0.1,0.0,sma
ZTS,2021-12-06,2022-01-05,222.97000122070312,227.0,21,0.014010006446805834,1.0,29490.90424145508,0.1,0.0,sma
KEYS,2021-12-06,2022-01-06,195.14999389648438,192.1999969482422,22,-0.019048232238701446,1.0,29331.0440826416,0.1,0.0,sma
EFX,2021-12-14,2022-01-06,288.2200012207031,278.92999267578125,16,-0.03609569594612938,1.0,29457.237004760744,0.1,0.0,egg
MSI,2021-11-30,2022-01-10,253.17999267578125,251.8300018310547,28,-0.009302868715577617,1.0,30442.362319335938,0.1,94.80000000000001,sma
P,2021-12-17,2022-01-11,32.09000015258789,29.75,16,-0.07662083564806421,1.0,29260.30393913269,0.1,0.0,egg
AOSL,2021-12-17,2022-01-14,50.560001373291016,48.380001068115234,19,-0.04693698531480428,1.0,29231.467033973695,0.1,0.0,breakeven
ON,2021-12-02,2022-01-19,62.540000915527344,63.41999816894531,32,0.010022763013380898,1.0,29515.253112075807,0.1,0.0,sma
ACLS,2021-12-02,2022-01-20,63.9900016784668,63.90999984741211,33,-0.005237248979121256,1.0,29494.271573638915,0.1,0.0,breakeven
BLDR,2022-01-06,2022-01-20,82.45999908447266,73.7699966430664,9,-0.10895577911376886,1.0,29744.970869750978,0.1,0.0,stop
PLAB,2022-01-06,2022-01-21,19.260000228881836,16.450000762939453,10,-0.14930779322372045,1.0,29739.019673412324,0.1,0.0,stop
NXRT,2021-07-30,2022-01-24,58.95000076293945,77.48999786376953,122,0.30925624352924297,0.5012048192771085,24513.178817253112,0.1,149.96800000000002,sma
ONTO,2022-01-05,2022-01-24,97.37000274658203,86.79000091552734,12,-0.11221596582486792,1.0,30830.458709655763,0.1,0.0,stop
UDR,2022-01-05,2022-01-28,59.209999084472656,54.709999084472656,16,-0.07968929678965897,1.0,30791.44950389099,0.1,188.397,egg
COKE,2022-01-14,2022-02-03,61.560001373291016,55.79999923706055,13,-0.09718577795221583,1.0,28867.700803985597,0.1,11.700000000000001,stop
PEP,2022-01-20,2022-02-11,173.94000244140625,168.05999755859375,16,-0.037661854574631004,1.0,27537.48542651367,0.1,0.0,egg
CHRD,2022-01-20,2022-02-17,132.8800048828125,129.8300018310547,20,-0.026853449436188837,1.0,27561.173332763672,0.1,121.095,sma
VNOM,2022-02-01,2022-02-24,27.65999984741211,28.190000534057617,16,0.01509276054507569,1.0,27521.312608177184,0.1,0.0,egg
AIG,2022-01-19,2022-03-02,58.84000015258789,58.75,29,-0.005515484192217035,1.0,28181.771113082887,0.1,0.0,sma
APA,2022-01-21,2022-03-02,30.100000381469727,38.0,27,0.2574187014467244,0.5,27566.423149360657,0.1,0.0,strength
HCC,2022-02-01,2022-03-03,28.389999389648438,37.0099983215332,21,0.29842390312612466,0.49948293691830403,27508.03566860962,0.1,28.98,strength
AMPH,2022-02-03,2022-03-08,25.440000534057617,30.09000015258789,22,0.17806131141301473,0.5,28039.968588638305,0.1,0.0,strength
MCK,2022-01-10,2022-03-25,250.72000122070312,305.0,52,0.21164021079565853,0.4956521739130435,28890.46574066162,0.1,26.79,strength
EXC,2022-01-11,2022-04-01,39.671897888183594,47.599998474121094,56,0.19505193963139833,0.49930651872399445,28660.645254135132,0.1,121.68,strength
HCC,2022-02-01,2022-04-22,28.389999389648438,34.209999084472656,56,0.20019136859452846,0.500517063081696,27508.03566860962,0.1,29.04,sma
COP,2022-02-17,2022-04-25,91.16000366210938,93.0,45,0.01611165855482688,1.0,27768.066395507813,0.1,91.2,sma
RES,2022-03-25,2022-04-26,11.479999542236328,10.630000114440918,21,-0.07773820501554918,1.0,31057.99076156616,0.1,0.0,stop
APA,2022-01-21,2022-04-27,30.100000381469727,38.84000015258789,66,0.2852142777909905,0.5,27566.423149360657,0.1,57.125,sma
KBR,2022-03-23,2022-04-27,53.16999816894531,51.5099983215332,24,-0.03508799412214891,1.0,30687.170783203124,0.1,0.0,sma
AMPH,2022-02-03,2022-05-06,25.440000534057617,34.099998474121094,64,0.3350577839113076,0.5,28039.968588638305,0.1,0.0,sma
NFG,2022-03-23,2022-05-10,65.25,67.62999725341797,33,0.032337428727390094,1.0,30663.4545,0.1,213.395,sma
ELV,2022-02-11,2022-05-11,447.9100036621094,489.32000732421875,61,0.08809053170677328,1.0,27825.961067504883,0.1,79.36,sma
EXC,2022-01-11,2022-05-13,39.671897888183594,46.15999984741211,85,0.15889914116333315,0.5006934812760055,28660.645254135132,0.1,244.03600000000003,sma
MCK,2022-01-10,2022-06-03,250.72000122070312,318.5899963378906,100,0.26562770596796703,0.5043478260869565,28890.46574066162,0.1,54.519999999999996,sma
FSS,2022-12-01,2022-12-16,48.95000076293945,44.459999084472656,11,-0.09535212731367149,1.0,30360.650573204042,0.1,0.0,stop
TKO,2022-12-01,2022-12-16,79.11000061035156,72.22000122070312,11,-0.0907382471539987,1.0,30359.72849423218,0.1,45.96,stop
DGII,2022-12-02,2022-12-19,41.06999969482422,37.400001525878906,11,-0.09299487705434661,1.0,30329.12695463562,0.1,0.0,stop
SMCI,2022-12-02,2022-12-20,8.670000076293945,8.331999778747559,12,-0.04282142680992351,1.0,30327.504206874848,0.1,0.0,stop
HUBB,2022-12-01,2022-12-23,252.3300018310547,234.6999969482422,16,-0.0735819398549592,1.0,30340.159420166015,0.1,0.0,egg
TKR,2022-12-01,2022-12-23,74.66999816894531,70.12999725341797,16,-0.06455016877726194,1.0,30301.8319569397,0.1,0.0,egg
EME,2022-12-02,2022-12-27,153.88999938964844,149.8000030517578,16,-0.030463320298151797,1.0,30222.764760131835,0.1,0.0,egg
IRDM,2022-12-02,2022-12-27,52.72999954223633,50.470001220703125,16,-0.04668073949712115,1.0,30327.55377671814,0.1,0.0,egg
FLR,2022-12-01,2023-01-05,33.72999954223633,33.20000076293945,23,-0.019642268647310224,1.0,30350.11866810608,0.1,0.0,sma
TTC,2023-01-17,2023-02-08,113.91999816894531,110.18000030517578,16,-0.03669099588774838,1.0,28651.107379486086,0.1,0.0,egg
ROST,2023-01-18,2023-02-09,117.37999725341797,115.68000030517578,16,-0.018417050666468038,1.0,28580.386011245726,0.1,0.0,egg
SLB,2023-01-24,2023-02-21,55.470001220703125,53.29999923706055,19,-0.042956127262629096,1.0,28457.44190625,0.1,128.0,sma
DNOW,2023-01-24,2023-02-21,13.15999984741211,12.770000457763672,19,-0.03350892405023309,1.0,28469.26454990387,0.1,0.0,sma
CMC,2023-01-24,2023-02-24,51.56999969482422,51.93000030517578,22,0.0029609311773384217,1.0,28420.22683181763,0.1,0.0,sma
DRI,2023-01-24,2023-02-28,145.97999572753906,142.8800048828125,24,-0.025142966249884546,1.0,28376.759409484865,0.1,0.0,sma
STRL,2023-01-24,2023-03-08,34.150001525878906,42.0,30,0.2249585200645079,0.5,28469.626872070312,0.1,0.0,strength
IR,2023-01-24,2023-03-13,56.380001068115234,54.810001373291016,33,-0.031727599532232476,1.0,28415.85881833649,0.1,10.06,sma
TBBK,2023-02-21,2023-03-13,34.38999938964844,29.040000915527344,14,-0.15893942188128507,1.0,29255.503700775145,0.1,0.0,stop
ACGL,2023-01-18,2023-03-14,63.52000045776367,66.5,38,0.042735051334973795,1.0,28641.16820640564,0.1,0.0,sma
HLX,2023-01-24,2023-03-14,7.579999923706055,7.71999979019165,34,0.014403892499819326,1.0,28466.659393478392,0.1,0.0,sma
HXL,2023-02-24,2023-03-16,72.4000015258789,64.88999938964844,14,-0.10730723599756564,1.0,29090.465413101196,0.1,0.0,stop
PH,2023-02-28,2023-03-16,351.8500061035156,309.79998779296875,12,-0.12302613061767931,1.0,29261.95760760498,0.1,0.0,stop
AGYS,2023-03-08,2023-03-30,82.87000274658203,80.23999786376953,16,-0.03560183586073029,1.0,29892.86739074707,0.1,0.0,egg
STRL,2023-01-24,2023-04-05,34.150001525878906,35.279998779296875,50,0.02896512125155115,0.5,28469.626872070312,0.1,0.0,sma
MTSI,2023-03-21,2023-04-06,71.7699966430664,64.66999816894531,12,-0.10252420905159731,1.0,28046.27928817749,0.1,0.0,stop
KTB,2023-03-17,2023-04-11,49.369998931884766,46.34000015258789,16,-0.0651202930812651,1.0,28048.77497316742,0.1,0.0,egg
CVCO,2023-03-17,2023-04-11,289.4100036621094,285.6099853515625,16,-0.01706982436749671,1.0,27838.927072265626,0.1,0.0,egg
DXCM,2023-03-17,2023-04-11,113.93000030517578,112.0,16,-0.020864619391131045,1.0,27968.675774917603,0.1,0.0,egg
GE,2023-02-09,2023-04-19,64.47725677490234,78.67517852783203,47,0.21532940262062406,0.5,29331.219924957277,0.1,14.493269,strength
SMCI,2023-03-30,2023-04-25,10.333999633789062,9.798999786376953,17,-0.05555618650819283,1.0,28175.05062954712,0.1,0.0,sma
PDFS,2023-04-11,2023-04-26,41.11000061035156,37.68000030517578,11,-0.08709363694753003,1.0,27887.133354034424,0.1,0.0,stop
AXON,2023-04-06,2023-05-01,219.7100067138672,211.3300018310547,16,-0.041980962827356194,1.0,27958.977194366456,0.1,0.0,egg
ULTA,2023-04-11,2023-05-04,526.75,523.2100219726562,17,-0.010685601878898221,1.0,27445.782,0.1,0.0,sma
GRBK,2023-04-11,2023-05-05,35.130001068115234,46.38999938964844,18,0.31525215959253106,0.49936948297604034,27913.807028709412,0.1,0.0,strength
ASO,2023-04-25,2023-05-09,65.87000274658203,60.2400016784668,10,-0.08912220847047847,1.0,28446.75112614441,0.1,0.0,stop
OMC,2023-04-21,2023-05-15,93.8499984741211,92.87000274658203,16,-0.014392480377397265,1.0,28587.46033520508,0.1,0.0,egg
PCG,2023-03-17,2023-05-19,16.100000381469727,16.6200008392334,44,0.02817721355748226,1.0,28053.896464702608,0.1,0.0,sma
CPRT,2023-03-17,2023-05-19,34.86000061035156,44.209999084472656,44,0.26315293434343046,0.49937733499377335,28048.56565109253,0.1,0.0,strength
NVR,2023-02-13,2023-05-24,5199.990234375,5609.0,70,0.07434986041018954,1.0,26051.95107421875,0.1,0.0,sma
LVS,2023-05-09,2023-05-24,62.369998931884766,54.869998931884766,11,-0.12376209786910242,1.0,28872.569385543822,0.1,0.0,stop
DECK,2023-05-04,2023-05-25,79.79499816894531,74.14666748046875,15,-0.07449496215855211,1.0,27664.28750518799,0.1,0.0,stop
COO,2023-04-26,2023-05-26,93.98750305175781,92.75250244140625,22,-0.01707961195959784,1.0,27970.116983184813,0.1,0.0,sma
VCEL,2023-05-24,2023-06-16,34.40999984741211,34.779998779296875,16,0.006717716431665632,1.0,28272.632274627686,0.1,0.0,egg
SPNT,2023-05-01,2023-06-23,8.949999809265137,8.710000038146973,37,-0.03070058505116824,1.0,27952.94370429039,0.1,0.0,sma
ROIV,2023-05-15,2023-06-28,9.149999618530273,9.180000305175781,30,-0.0007263411406188691,1.0,28806.797399024963,0.1,0.0,sma
MHO,2023-05-26,2023-06-29,71.36000061035156,86.44000244140625,22,0.20648727347252338,0.49872773536895676,28100.5692003479,0.1,0.0,strength
PTGX,2023-05-24,2023-07-05,25.1200008392334,23.510000228881836,27,-0.06782853701235947,1.0,28291.350705184937,0.1,0.0,stop
COCO,2023-05-25,2023-07-07,25.969999313354492,25.530000686645508,28,-0.020866954618519618,1.0,28103.6944569397,0.1,0.0,sma
GRBK,2023-04-11,2023-07-10,35.130001068115234,50.0,61,0.4176031223294425,0.5006305170239597,27913.807028709412,0.1,0.0,sma
KBH,2023-05-19,2023-07-17,44.959999084472656,54.29999923706055,38,0.2029189028991436,0.5,29102.247727386475,0.1,0.0,strength
BLDR,2023-06-16,2023-07-19,121.41000366210938,148.85000610351562,21,0.2211167945839776,0.4979757085020243,30048.2474463501,0.1,0.0,strength
VNT,2023-07-10,2023-08-01,32.310001373291016,30.65999984741211,16,-0.05485597831994382,1.0,28975.28613155365,0.1,0.0,egg
CPRT,2023-03-17,2023-08-09,34.86000061035156,43.86000061035156,99,0.2531528979544442,0.5006226650062267,28048.56565109253,0.1,0.0,sma
ACLS,2023-06-23,2023-08-10,168.47000122070312,174.47000122070312,33,0.031480459017929396,1.0,30216.44247894287,0.1,0.0,sma
NVDA,2023-06-28,2023-08-10,41.117000579833984,42.15999984741211,30,0.021273338585954038,1.0,30075.441244125366,0.1,0.0,sma
APPF,2023-08-01,2023-08-16,184.1699981689453,167.02999877929688,11,-0.0966866807241118,1.0,31556.05582626343,0.1,0.0,stop
KBH,2023-05-19,2023-08-17,44.959999084472656,51.75,61,0.14642825229624368,0.5,29102.247727386475,0.1,64.60000000000001,sma
GSHD,2023-07-05,2023-08-17,61.5,62.720001220703125,31,0.01576621096444053,1.0,29887.155,0.1,0.0,sma
UBER,2023-07-07,2023-08-17,42.90999984741211,44.18000030517578,29,0.025486674317531932,1.0,28893.19093725586,0.1,0.0,sma
BLDR,2023-06-16,2023-08-18,121.41000366210938,128.9499969482422,43,0.05786362430879444,0.5020242914979757,30048.2474463501,0.1,0.0,sma
SKYW,2023-08-09,2023-08-31,42.58000183105469,43.18000030517578,16,0.010042818342247184,1.0,30590.921035491945,0.1,0.0,egg
PHM,2023-08-10,2023-09-01,82.95999908447266,82.25,16,-0.012516181404349291,1.0,30091.58270791626,0.1,0.0,egg
MHO,2023-05-26,2023-09-06,71.36000061035156,93.02999877929688,69,0.2984672189761697,0.5012722646310432,28100.5692003479,0.1,0.0,sma
CNM,2023-08-10,2023-09-07,31.739999771118164,29.59000015258789,19,-0.0714594640198547,1.0,30117.895342815398,0.1,0.0,sma
ACA,2023-08-16,2023-09-08,76.7699966430664,76.0199966430664,16,-0.013722457816291111,1.0,29923.25575154114,0.1,0.0,egg
EHC,2023-08-17,2023-09-13,69.18000030517578,68.51000213623047,18,-0.01363820739062127,1.0,29598.939850570678,0.1,0.0,sma
MAR,2023-08-17,2023-09-20,202.3300018310547,199.6199951171875,23,-0.017332540355770365,1.0,29599.26062786865,0.1,0.0,sma
GE,2023-02-09,2023-09-22,64.47725677490234,90.10375213623047,155,0.39187150644803626,0.5,29331.219924957277,0.1,28.986538,sma
EME,2023-08-18,2023-09-22,214.19000244140625,208.89999389648438,24,-0.02859116012177254,1.0,28973.48163024902,0.1,0.0,sma
AMAT,2023-09-07,2023-09-22,148.22999572753906,136.99000549316406,11,-0.0795173504925023,1.0,29259.711776641845,0.1,0.0,stop
HLNE,2023-08-17,2023-09-25,90.62999725341797,88.79000091552734,26,-0.02421325726418977,1.0,29604.469862823487,0.1,145.07,sma
OC,2023-09-05,2023-09-27,141.80999755859375,135.50999450683594,16,-0.048240330240713614,1.0,30123.846921386717,0.1,0.0,egg
XPO,2023-09-06,2023-09-28,72.68000030517578,70.0,16,-0.04071878660585948,1.0,29421.445563537596,0.1,0.0,egg
SKYW,2023-09-13,2023-10-05,42.369998931884766,41.4900016784668,16,-0.024678452418995578,1.0,29208.860383666994,0.1,0.0,egg
OLLI,2023-09-08,2023-10-06,76.81500244140625,72.16000366210938,20,-0.06435022468354523,1.0,29325.048962036133,0.1,0.0,sma
AKAM,2023-09-28,2023-10-20,107.04000091552734,107.06999969482422,16,-0.0037128771093629664,1.0,28422.331443099974,0.1,0.0,egg
POWL,2023-10-06,2023-10-20,27.886667251586914,25.010000228881836,10,-0.1067358575381816,1.0,28389.519635467528,0.1,0.0,stop
ARES,2023-09-22,2023-10-23,104.55999755859375,101.25,21,-0.03552208552107938,1.0,28287.661739501953,0.1,0.0,sma
BWXT,2023-09-27,2023-10-31,74.37999725341797,73.43000030517578,24,-0.01671323914896017,1.0,28097.34148246765,0.1,0.0,sma
CNR,2023-09-25,2023-11-01,97.0999984741211,93.86000061035156,27,-0.03722645254141699,1.0,28312.611755081176,0.1,0.0,sma
RELY,2023-09-20,2023-11-03,25.280000686645508,19.059999465942383,32,-0.24905414841418294,1.0,28750.186380901338,0.1,0.0,stop
ANF,2023-10-05,2023-11-06,54.540000915527344,65.16000366210938,22,0.18995017964024963,0.5,28198.925753356933,0.1,0.0,strength
CBOE,2023-08-31,2023-11-24,149.7100067138672,179.69000244140625,59,0.19546235425945668,0.49748743718592964,29851.87591873169,0.1,0.0,strength
RRC,2023-11-06,2023-11-29,35.33000183105469,32.619998931884766,16,-0.08039123432163853,1.0,28320.52946777344,0.1,0.0,stop
CHRD,2023-11-06,2023-11-29,167.60000610351562,162.07000732421875,16,-0.03685551677524557,1.0,28213.114627441406,0.1,420.0,egg
ACGL,2023-11-03,2023-11-30,85.55000305175781,82.54000091552734,18,-0.03903568695221271,1.0,27945.079596862794,0.1,0.0,sma
FTI,2023-11-07,2023-11-30,21.100000381469727,20.459999084472656,16,-0.03420274535552348,1.0,28563.112716396332,0.1,67.55,egg
CEG,2023-09-22,2023-12-07,110.36000061035156,113.26000213623047,53,0.022180733737496183,1.0,28308.6644765625,0.1,72.192,sma
GIII,2023-10-20,2023-12-08,24.719999313354492,30.149999618530273,34,0.21479130957714299,0.5,29128.860630889892,0.1,0.0,strength
KTOS,2023-11-06,2023-12-14,17.559999465942383,21.299999237060547,27,0.2081417964239054,0.4996892479801119,28310.547218982698,0.1,0.0,strength
HCI,2023-12-07,2024-01-02,88.05000305175781,87.0999984741211,16,-0.014738320470027988,1.0,29026.387906036376,0.1,0.0,egg
KTOS,2023-11-06,2024-01-04,17.559999465942383,18.700000762939453,40,0.06066917014518447,0.5003107520198882,28310.547218982698,0.1,0.0,sma
XPO,2023-11-30,2024-01-04,86.27999877929688,84.43000030517578,23,-0.02534821991731162,1.0,28788.70207269287,0.1,0.0,sma
GPOR,2023-11-07,2024-01-05,126.41000366210938,127.41999816894531,40,0.003965919033076526,1.0,28499.13532562256,0.1,0.0,sma
CBOE,2023-08-31,2024-01-08,149.7100067138672,174.1199951171875,88,0.1584055676904641,0.5025125628140703,29851.87591873169,0.1,55.00000000000001,sma
BCC,2023-11-30,2024-01-09,109.30000305175781,130.36000061035156,26,0.1879194673474447,0.49809885931558934,28803.39260421753,0.1,0.0,strength
COIN,2024-01-02,2024-01-12,156.8800048828125,137.19000244140625,8,-0.12900093378329724,1.0,30967.171683837892,0.1,0.0,stop
CLSK,2024-01-04,2024-01-12,10.760000228881836,9.010000228881836,6,-0.16598215862413146,1.0,29961.84471733475,0.1,0.0,stop
VRT,2023-11-29,2024-01-19,42.290000915527344,52.5,34,0.23647240552500226,0.49927431059506533,29196.086252059937,0.1,8.6,strength
GIII,2023-10-20,2024-01-22,24.719999313354492,30.190000534057617,62,0.21640300991454153,0.5,29128.860630889892,0.1,0.0,sma
AEO,2023-11-29,2024-02-01,19.100000381469727,19.989999771118164,43,0.042418794511992486,1.0,29224.03198366928,0.1,190.875,sma
UPWK,2024-01-22,2024-02-01,15.0600004196167,13.829999923706055,8,-0.08533931212713153,1.0,30376.412406377793,0.1,0.0,stop
MBIN,2024-01-04,2024-02-06,40.310001373291016,39.709999084472656,22,-0.018817296289103336,1.0,29969.8410610199,0.1,0.0,sma
MHO,2024-01-05,2024-02-06,127.81999969482422,123.69999694824219,21,-0.03609619089864291,1.0,30097.77532814026,0.1,0.0,sma
BCC,2023-11-30,2024-02-22,109.30000305175781,126.20999908447266,56,0.15010213397040206,0.5019011406844106,28803.39260421753,0.1,26.400000000000002,sma
BGC,2024-01-12,2024-03-01,6.730000019073486,6.960000038146973,33,0.030046892601839348,1.0,30352.31354602146,0.1,0.0,sma
GFF,2024-01-12,2024-03-01,58.900001525878906,71.29000091552734,33,0.20552475813284343,0.5,30335.14998587036,0.1,38.55,strength
DELL,2024-02-06,2024-03-04,82.68000030517578,123.94999694824219,18,0.49316867592530755,0.5,30321.401871917726,0.1,0.0,strength
AMD,2024-02-06,2024-03-04,167.8800048828125,205.16000366210938,18,0.21718486840717577,0.5,30278.837680664063,0.1,0.0,strength
ERIE,2024-02-01,2024-03-08,346.989990234375,415.57000732421875,25,0.19286162963823572,0.4942528735632184,30248.505408691406,0.1,0.0,strength
AMR,2024-03-01,2024-03-12,386.0199890136719,345.0,7,-0.1098317075003914,1.0,33264.114493286135,0.1,0.0,stop
UTI,2024-02-22,2024-03-15,15.0,14.5,16,-0.03719228210246173,1.0,30601.08,0.1,0.0,egg
AMD,2024-02-06,2024-03-27,167.8800048828125,179.9600067138672,35,0.06767690183575414,0.5,30278.837680664063,0.1,0.0,sma
COLL,2024-02-01,2024-03-28,33.470001220703125,40.869998931884766,39,0.2162188156227014,0.4994462901439646,30283.857924499513,0.1,0.0,strength
ANF,2023-10-05,2024-04-09,54.540000915527344,120.54000091552734,127,1.20129815349713,0.5,28198.925753356933,0.1,0.0,sma
LQDA,2024-03-15,2024-04-09,15.899999618530273,15.149999618530273,16,-0.050973525775986905,1.0,34078.11938240433,0.1,0.0,egg
GFF,2024-01-12,2024-04-11,58.900001525878906,68.19999694824219,61,0.15327232108062794,0.5,30335.14998587036,0.1,38.55,sma
COLL,2024-02-01,2024-04-12,33.470001220703125,36.5099983215332,49,0.08647291601370699,0.5005537098560354,30283.857924499513,0.1,0.0,sma
ERIE,2024-02-01,2024-04-15,346.989990234375,384.9599914550781,50,0.10499794176523602,0.5057471264367817,30248.505408691406,0.1,56.099999999999994,sma
HLT,2024-01-08,2024-04-18,182.1999969482422,201.22000122070312,70,0.09998205883433098,1.0,29940.56109851074,0.1,24.599999999999998,sma
NVDA,2024-03-27,2024-04-19,90.25,83.1500015258789,16,-0.08234830590534004,1.0,34815.7425,0.1,0.0,egg
APG,2024-04-09,2024-05-01,26.34000015258789,25.80666732788086,16,-0.024159204596660766,1.0,34679.98172090149,0.1,0.0,egg
MLM,2024-04-09,2024-05-01,610.6300048828125,586.72998046875,16,-0.042975713042584296,1.0,34263.670833984375,0.1,0.0,egg
USLM,2024-04-19,2024-05-13,59.35200119018555,73.79000091552734,16,0.2382974218187326,0.5,33184.653497451785,0.1,0.0,strength
CEG,2024-04-15,2024-05-16,185.39999389648438,223.72999572753906,23,0.2019248616398439,0.5,33810.28448693848,0.1,0.0,strength
PGR,2024-04-18,2024-05-17,209.75,209.30999755859375,21,-0.006081388767273266,1.0,33206.781,0.1,0.0,sma
SLM,2024-05-01,2024-05-23,21.25,20.719999313354492,16,-0.028833659047656113,1.0,34429.9725,0.1,0.0,egg
CNM,2024-04-11,2024-05-30,57.18000030517578,57.16999816894531,34,-0.004166241352634548,1.0,34262.02746286011,0.1,0.0,sma
WING,2024-03-12,2024-06-03,349.57000732421875,369.19000244140625,57,0.051910010447096644,1.0,33625.83814453125,0.1,21.12,sma
IESC,2024-05-23,2024-06-05,158.6699981689453,136.0,8,-0.14629679591907374,1.0,36726.07511618042,0.1,0.0,stop
VRT,2023-11-29,2024-06-07,42.290000915527344,87.87000274658203,131,1.0695015937058066,0.5007256894049347,29196.086252059937,0.1,17.25,sma
DELL,2024-02-06,2024-06-10,82.68000030517578,129.0,86,0.5540037429351168,0.5,30321.401871917726,0.1,81.435,sma
CEG,2024-04-15,2024-06-10,185.39999389648438,199.52999877929688,39,0.07191735911826602,0.5,33810.28448693848,0.1,32.123,sma
USLM,2024-04-19,2024-06-10,59.35200119018555,64.36199951171875,35,0.08008262731555327,0.5,33184.653497451785,0.1,13.950000000000001,sma
VCTR,2024-05-17,2024-06-11,51.689998626708984,48.439998626708984,16,-0.06661585102522272,1.0,36617.91868714142,0.1,261.59,egg
MRNA,2024-06-10,2024-06-20,148.58999633789062,132.5399932861328,7,-0.11157618433250771,1.0,34541.82490869141,0.1,0.0,stop
TDG,2024-04-12,2024-06-28,1220.3800048828125,1294.0799560546875,53,0.05615788774737762,1.0,34238.98141699219,0.1,0.0,sma
TLN,2024-06-05,2024-06-28,112.91000366210938,109.5,16,-0.03407252932277949,1.0,35072.105337524416,0.1,0.0,egg
THC,2024-06-10,2024-07-03,137.75999450683594,134.2899932861328,16,-0.02908020599589789,1.0,34646.914138458254,0.1,0.0,egg
CAVA,2024-06-28,2024-07-11,92.75,85.69000244140625,8,-0.07980672147324286,1.0,34943.748,0.1,0.0,stop
ANF,2024-06-20,2024-07-15,175.55999755859375,172.1300048828125,16,-0.023451460817446423,1.0,35358.1346282959,0.1,0.0,egg
CSW,2024-05-01,2024-07-17,240.60000610351562,298.29998779296875,52,0.23486767224186123,0.5,34233.53126843262,0.1,0.0,strength
UCTT,2024-06-07,2024-07-17,46.119998931884766,54.400001525878906,26,0.1748230075015449,0.49933598937583,34797.81591410065,0.1,0.0,strength
NVDA,2024-07-03,2024-07-18,128.27999877929688,121.8499984741211,10,-0.05391664726075174,1.0,35219.0171048584,0.1,0.0,stop
AMAT,2024-07-11,2024-07-18,241.25999450683594,222.14999389648438,5,-0.08288496803694079,1.0,34810.922087402345,0.1,0.0,stop
UCTT,2024-06-07,2024-07-22,46.119998931884766,48.150001525878906,29,0.03984794149181958,0.50066401062417,34797.81591410065,0.1,0.0,sma
BOOT,2024-06-28,2024-07-23,128.92999267578125,123.70999908447266,16,-0.0443174296723301,1.0,34880.720218505856,0.1,0.0,egg
RSI,2024-06-03,2024-07-24,8.720000267028809,10.359999656677246,35,0.1833305110820318,0.5,36120.57806610489,0.1,0.0,strength
COHR,2024-07-18,2024-07-26,74.52999877929688,69.30999755859375,6,-0.07375134748063861,1.0,34875.1204487915,0.1,0.0,stop
TLN,2024-07-22,2024-07-26,125.68000030517578,109.63999938964844,4,-0.13110825512267876,1.0,34379.261363479614,0.1,0.0,stop
TMDX,2024-05-30,2024-07-29,136.4199981689453,142.22000122070312,40,0.03835404344036819,1.0,37043.75914279175,0.1,0.0,sma
GKOS,2024-06-11,2024-08-05,113.16999816894531,112.04000091552734,37,-0.013937110114467188,1.0,34926.072154907226,0.1,0.0,sma
NTAP,2024-07-15,2024-08-05,130.3800048828125,113.81999969482422,15,-0.13049835716410518,1.0,34881.08422631836,0.1,0.0,stop
AGX,2024-07-18,2024-08-05,76.26000213623047,65.66000366210938,12,-0.1424352734451717,1.0,34920.52261820984,0.1,137.1,stop
AXP,2024-07-26,2024-08-06,245.88999938964844,226.9600067138672,7,-0.0806703025577784,1.0,33754.3037762146,0.1,0.0,stop
RSI,2024-06-03,2024-08-09,8.720000267028809,9.460000038146973,47,0.08053156862428312,0.5,36120.57806610489,0.1,0.0,sma
NSSC,2024-07-18,2024-08-09,53.5099983215332,52.4900016784668,16,-0.02297771643614055,1.0,34904.67892513275,0.1,0.0,egg
CASY,2024-07-23,2024-08-14,376.69000244140625,368.1400146484375,16,-0.026599082919613992,1.0,35102.234567504885,0.1,46.5,egg
KBR,2024-07-26,2024-08-19,65.7699966430664,65.54000091552734,16,-0.00747502634687458,1.0,33807.48829444885,0.1,0.0,egg
CSW,2024-05-01,2024-09-06,240.60000610351562,292.45001220703125,88,0.2106506221912523,0.5,34233.53126843262,0.1,14.91,sma
TPL,2024-08-09,2024-09-06,274.19000244140625,266.6966552734375,19,-0.031211949371780512,1.0,32693.867511108398,0.1,46.410000000000004,sma
ATI,2024-08-14,2024-09-06,63.459999084472656,59.79999923706055,16,-0.06143590380559272,1.0,32492.915651229858,0.1,0.0,egg
CVNA,2024-08-09,2024-09-09,27.18400001525879,27.468000411987305,20,0.006413614640053522,1.0,32686.041618347168,0.1,0.0,breakeven
PPC,2024-08-19,2024-09-11,43.7400016784668,43.15999984741211,16,-0.017199296085019355,1.0,33265.05859650421,0.1,0.0,egg
MUSA,2024-08-05,2024-09-20,508.6300048828125,486.44000244140625,33,-0.047444858673285184,1.0,32617.424953125,0.1,28.8,sma
CNX,2024-07-29,2024-09-23,25.770000457763672,31.8799991607666,39,0.2321588331787896,0.5,34342.648810043334,0.1,0.0,strength
EBAY,2024-08-06,2024-10-09,55.91999816894531,67.05000305175781,45,0.19424786401376282,0.5,31938.147754211426,0.1,76.95,strength
BFAM,2024-09-06,2024-10-11,137.50999450683594,133.3000030517578,25,-0.03448569111511368,1.0,32930.61846450806,0.1,0.0,sma
VTR,2024-09-23,2024-10-15,64.20999908447266,64.33999633789062,16,-0.0019755340469821414,1.0,34163.70053288269,0.1,238.95000000000002,egg
GVA,2024-08-05,2024-10-22,68.9000015258789,83.33000183105469,55,0.20460588236638055,0.4989517819706499,32931.03132929993,0.1,30.94,strength
LTH,2024-08-05,2024-10-25,22.6200008392334,23.139999389648438,58,0.018904654619149364,1.0,32977.925423526765,0.1,0.0,sma
EBAY,2024-08-06,2024-10-30,55.91999816894531,62.7400016784668,60,0.11748112725499027,0.5,31938.147754211426,0.1,76.95,sma
HIW,2024-09-09,2024-11-04,31.6200008392334,32.599998474121094,40,0.02687722637140677,1.0,32633.73806613922,0.1,0.0,sma
TPC,2024-10-11,2024-11-04,26.729999542236328,26.290000915527344,16,-0.02038715823032866,1.0,34443.52897013855,0.1,0.0,egg
CAVA,2024-10-15,2024-11-06,133.91000366210938,135.625,16,0.008763939512564045,1.0,35154.5898013916,0.1,0.0,egg
IRM,2024-09-11,2024-11-07,114.37999725341797,113.83999633789062,41,-0.008694282414688614,1.0,32663.49581565857,0.1,203.77499999999998,sma
FTDR,2024-09-06,2024-11-07,47.59000015258789,56.880001068115234,44,0.19043780235220487,0.5,32998.144665802,0.1,0.0,strength
LEU,2024-11-07,2024-11-15,86.5999984741211,76.48999786376953,6,-0.12026963148657954,1.0,37312.47534255982,0.1,0.0,stop
POWL,2024-10-25,2024-11-20,84.7699966430664,89.60333251953125,18,0.052797429745105706,0.5,35164.96816744995,0.1,18.284931,strength
CRS,2024-10-30,2024-11-26,159.57000732421875,194.77000427246094,19,0.21572018801218795,0.4977168949771689,35015.72326721191,0.1,0.0,strength
POWL,2024-10-25,2024-11-29,84.7699966430664,88.086669921875,24,0.03497735051696971,0.5,35164.96816744995,0.1,18.284931,sma
CNK,2024-09-20,2024-11-29,28.31999969482422,34.599998474121094,49,0.21687412073015278,0.5,33995.21435366821,0.1,0.0,strength
SEZL,2024-12-02,2024-12-10,63.836666107177734,55.0,6,-0.1418656007225756,1.0,37738.96026924133,0.1,0.0,stop
CNX,2024-07-29,2024-12-17,25.770000457763672,36.61000061035156,99,0.41497292415991494,0.5,34342.648810043334,0.1,0.0,sma
CRS,2024-10-30,2024-12-18,159.57000732421875,173.99000549316406,34,0.08601508215040288,0.502283105022831,35015.72326721191,0.1,0.0,sma
GVA,2024-08-05,2024-12-19,68.9000015258789,90.05999755859375,96,0.30189368104098624,0.5010482180293501,32931.03132929993,0.1,31.07,sma
CNK,2024-09-20,2024-12-19,28.31999969482422,31.290000915527344,63,0.10046225522832808,0.5,33995.21435366821,0.1,0.0,sma
GLW,2024-11-04,2024-12-19,47.02000045776367,46.849998474121094,32,-0.0075931076601274405,1.0,34723.04781804657,0.1,206.36,sma
ZBRA,2024-11-04,2024-12-19,377.0199890136719,384.44000244140625,32,0.015610108139418433,1.0,34377.43663824463,0.1,0.0,sma
CBRE,2024-11-06,2024-12-19,129.39999389648438,129.66000366210938,30,-0.0019906881882809646,1.0,35785.82711206055,0.1,0.0,sma
CORT,2024-11-15,2024-12-19,51.83000183105469,52.650001525878906,23,0.011765773229221566,1.0,36353.56328430176,0.1,0.0,sma
FTDR,2024-09-06,2024-12-31,47.59000015258789,54.880001068115234,80,0.1485799338572087,0.5,32998.144665802,0.1,0.0,sma
AXON,2024-12-10,2025-01-03,637.4500122070312,595.3599853515625,16,-0.06975717714677276,1.0,36407.31999719238,0.1,0.0,egg
PLTR,2025-01-03,2025-01-08,79.88999938964844,68.12000274658203,3,-0.15073141662003353,1.0,34181.25579885864,0.1,0.0,stop
JEF,2024-12-17,2025-01-13,79.19000244140625,70.68000030517578,16,-0.11102610878913566,1.0,36262.210777954104,0.1,0.0,stop
MIR,2024-12-19,2025-01-13,17.56999969482422,15.510000228881836,14,-0.12076924709030179,1.0,34805.361175460814,0.1,0.0,stop
DAVE,2024-12-18,2025-01-14,89.62999725341797,83.51000213623047,16,-0.07200009569298838,1.0,35833.893641922,0.1,0.0,stop
WMT,2024-12-19,2025-01-15,93.4000015258789,91.06999969482422,16,-0.028838915203889814,1.0,34814.29016876221,0.1,0.0,egg
GDDY,2024-12-19,2025-01-15,202.94000244140625,200.57000732421875,16,-0.015623700359695847,1.0,34772.14589831543,0.1,0.0,egg
AGYS,2024-12-19,2025-01-15,134.86000061035156,134.7899932861328,16,-0.004509054775323262,1.0,34728.338197174075,0.1,0.0,egg
OSW,2024-12-19,2025-01-15,19.75,19.290000915527344,16,-0.027190130438045967,1.0,34809.7305,0.1,0.0,egg
OPLN,2024-12-19,2025-01-15,20.290000915527344,20.549999237060547,16,0.008770940778961123,1.0,34805.95453051758,0.1,0.0,egg
SEI,2025-01-22,2025-01-28,34.560001373291016,24.950000762939453,4,-0.28094910376086635,1.0,33555.61861338043,0.1,0.0,stop
WRBY,2025-01-15,2025-02-07,26.299999237060547,26.489999771118164,16,0.0032034994076570733,1.0,32650.870452827454,0.1,0.0,egg
BLFS,2025-01-15,2025-02-07,26.709999084472656,26.100000381469727,16,-0.026738687599110134,1.0,32651.371280822754,0.1,0.0,egg
GKOS,2025-01-13,2025-02-12,151.8699951171875,142.9499969482422,21,-0.06249198093457564,1.0,32717.3530480957,0.1,0.0,sma
VCEL,2025-01-14,2025-02-13,58.66999816894531,55.40999984741211,21,-0.059335197449471355,1.0,32509.39800540161,0.1,0.0,sma
RL,2025-01-15,2025-02-19,236.72000122070312,282.7799987792969,23,0.1898070930057436,0.49635036496350365,32495.5014475708,0.1,0.0,strength
WSM,2025-01-13,2025-02-24,195.25999450683594,196.5500030517578,28,0.0025882300954307436,1.0,32673.635920806886,0.1,95.19,sma
DAL,2025-02-07,2025-02-24,68.13999938964844,61.33000183105469,10,-0.10353431124768186,1.0,33660.20573849487,0.1,0.0,stop
RJF,2025-02-07,2025-02-24,167.42999267578125,152.8000030517578,10,-0.09102293700530462,1.0,33552.970532226565,0.1,0.0,stop
KD,2025-02-12,2025-02-25,41.150001525878906,36.97999954223633,8,-0.10492409653007806,1.0,32985.84122314453,0.1,0.0,stop
APP,2025-02-24,2025-02-26,410.45001220703125,328.4700012207031,2,-0.20292670483395903,1.0,31667.86024182129,0.1,0.0,stop
EBAY,2025-01-15,2025-02-28,65.11000061035156,63.40999984741211,30,-0.029997457787686366,1.0,32620.110305786133,0.1,0.0,sma
RELY,2025-01-21,2025-03-04,23.139999389648438,23.229999542236328,29,-0.00011816666356767591,1.0,33063.63440789795,0.1,0.0,sma
ALK,2025-02-13,2025-03-05,72.54000091552734,65.75,13,-0.09722188966664258,1.0,32853.656574646,0.1,0.0,stop
HQY,2025-02-19,2025-03-05,113.77999877929688,103.16000366210938,10,-0.0969573880948178,1.0,33632.22983917236,0.1,0.0,stop
RL,2025-01-15,2025-03-06,236.72000122070312,244.99000549316406,34,0.03080432671896438,0.5036496350364964,32495.5014475708,0.1,0.0,sma
WH,2025-02-28,2025-03-10,108.33000183105469,97.0999984741211,6,-0.10724294198258633,1.0,30610.158637390137,0.1,0.0,stop
LTH,2025-03-05,2025-03-10,32.189998626708984,28.75,3,-0.1104308554658131,1.0,29803.04584854126,0.1,0.0,stop
SNEX,2025-03-05,2025-03-11,35.62074279785156,32.08296203613281,4,-0.1029135321313649,1.0,29802.806876678467,0.1,0.0,stop
FOX,2025-01-08,2025-03-12,46.61000061035156,49.27000045776367,42,0.052849456910136317,1.0,33673.0220609436,0.1,194.67000000000002,sma
FISV,2025-02-24,2025-03-12,232.08999633789062,216.67999267578125,12,-0.07012363268400823,1.0,31627.36798095703,0.1,0.0,stop
BNY,2025-02-24,2025-03-13,88.01000213623047,81.08000183105469,13,-0.08241873413374146,1.0,31746.967970581056,0.1,0.0,stop
FOXA,2025-03-04,2025-03-14,56.220001220703125,51.404998779296875,8,-0.08929583615026326,1.0,30644.848025390624,0.1,146.88,stop
V,2025-02-25,2025-03-19,352.0899963378906,336.79998779296875,16,-0.04724507838124281,1.0,32104.270046081543,0.1,0.0,egg
ESE,2025-03-06,2025-03-28,161.6300048828125,160.02999877929688,16,-0.013851688092412329,1.0,29799.400740234374,0.1,0.0,egg
JBTM,2025-03-10,2025-04-01,127.5999984741211,121.12000274658203,16,-0.05457295294535325,1.0,28895.27485446167,0.1,0.0,egg
PBH,2025-03-10,2025-04-01,86.86000061035156,86.29000091552734,16,-0.010528099815074854,1.0,28895.19524304199,0.1,0.0,egg
PTCT,2025-03-26,2025-04-02,55.310001373291016,45.970001220703125,5,-0.17218428665799523,1.0,27931.993173522947,0.1,0.0,stop
MWA,2025-03-25,2025-04-04,26.600000381469727,23.34000015258789,8,-0.12605916669540695,1.0,28039.166802108764,0.1,0.0,stop
DTE,2025-03-25,2025-04-16,134.5,134.11000061035156,16,-0.006880064338751102,1.0,28031.952,0.1,0.0,egg
KVUE,2025-05-13,2025-06-05,23.65999984741211,21.68000030517578,16,-0.08734346842644869,1.0,26907.80802646637,0.1,232.67499999999998,stop
SNEX,2025-05-14,2025-06-06,38.942222595214844,37.524444580078125,16,-0.04025389648113564,1.0,26884.853750839233,0.1,0.0,egg
CME,2025-05-15,2025-06-10,274.0,268.8900146484375,17,-0.022567148115664182,1.0,26631.156,0.1,121.25,sma
KTOS,2025-05-15,2025-06-16,34.38999938964844,42.189998626708984,21,0.22191265554797512,0.4993581514762516,26843.389143585206,0.1,0.0,strength
PLMR,2025-05-14,2025-06-23,156.1199951171875,158.6199951171875,26,0.011957382174119902,1.0,26906.34443847656,0.1,0.0,sma
WRB,2025-05-15,2025-06-26,72.69999694824219,72.04000091552734,28,-0.013034125261154994,1.0,26807.10607470703,0.1,217.11999999999998,sma
SEZL,2025-06-10,2025-07-03,122.83000183105469,175.5,16,0.4231002083516282,0.4977578475336323,27445.872589141847,0.1,0.0,strength
DAVE,2025-06-16,2025-07-14,216.67999267578125,206.8800048828125,18,-0.0490393965068735,1.0,28007.622493286133,0.1,0.0,breakeven
PLTR,2025-06-06,2025-07-18,127.72000122070312,154.86000061035156,28,0.2076557746704626,0.49767441860465117,27514.719862976075,0.1,0.0,strength
LEU,2025-06-26,2025-07-21,174.9600067138672,249.66000366210938,16,0.42125827274099237,0.5,28750.827983276366,0.1,0.0,strength
PM,2025-05-15,2025-07-23,169.13999938964844,163.0,46,-0.04014838605266324,1.0,26777.568143371584,0.1,213.3,sma
MCK,2025-05-15,2025-07-29,706.760009765625,710.260009765625,50,0.0009403909252856391,1.0,26202.42060205078,0.1,26.27,sma
WOR,2025-07-14,2025-08-05,63.959999084472656,63.18000030517578,16,-0.016138435962360864,1.0,29608.61861618042,0.1,0.0,egg
SEZL,2025-06-10,2025-08-07,122.83000183105469,145.3699951171875,40,0.17878102757461356,0.5022421524663677,27445.872589141847,0.1,0.0,sma
VIRT,2025-05-15,2025-08-08,40.97999954223633,42.439998626708984,58,0.03149287327199901,1.0,26854.521540023805,0.1,156.96,sma
LEU,2025-06-26,2025-08-14,174.9600067138672,188.61000061035156,34,0.07371433051785026,0.5,28750.827983276366,0.1,0.0,sma
NFG,2025-05-13,2025-08-19,79.68000030517578,85.04000091552734,67,0.06300852848323224,1.0,26905.864423049927,0.1,180.29500000000002,sma
CASY,2025-07-29,2025-08-20,521.9600219726562,510.95001220703125,16,-0.025001398237203376,1.0,30334.22863696289,0.1,33.059999999999995,egg
JBL,2025-08-08,2025-08-20,224.33999633789062,205.1199951171875,8,-0.08932354392303066,1.0,30571.25998095703,0.1,10.88,stop
CAKE,2025-06-23,2025-08-26,60.11000061035156,61.84000015258789,45,0.024673652621901798,1.0,28428.66412866211,0.1,127.44000000000001,sma
ULTA,2025-08-07,2025-09-02,506.1700134277344,491.260009765625,17,-0.03333093825790945,1.0,30430.94120727539,0.1,0.0,sma
STX,2025-08-05,2025-09-05,151.74000549316406,186.0,22,0.22088755979573227,0.5,30408.69710083008,0.1,0.0,strength
PLTR,2025-06-06,2025-09-08,127.72000122070312,154.91000366210938,63,0.20804571703110097,0.5023255813953489,27514.719862976075,0.1,0.0,sma
SXT,2025-08-14,2025-09-08,115.55000305175781,112.94000244140625,16,-0.02648947488266007,1.0,31260.89782562256,0.1,0.0,egg
MP,2025-08-19,2025-09-08,69.29000091552734,62.650001525878906,13,-0.09943857851205418,1.0,30826.28992730713,0.1,0.0,stop
IDCC,2025-08-20,2025-09-12,259.9599914550781,325.010009765625,16,0.24523994175003083,0.5,30215.669726806642,0.1,0.0,strength
AWI,2025-09-08,2025-09-30,197.0,193.6999969482422,16,-0.02067642909943712,1.0,30596.07,0.1,0.0,egg
RSI,2025-09-08,2025-10-02,21.0,19.979999542236328,18,-0.05236956833229478,1.0,30700.278,0.1,0.0,sma
NEU,2025-07-23,2025-10-09,725.0900268554688,873.4299926757812,55,0.19977273714652588,0.4878048780487805,29788.148483276367,0.1,55.0,strength
NEU,2025-07-23,2025-10-10,725.0900268554688,780.0,56,0.07143416509818579,0.5121951219512195,29788.148483276367,0.1,57.75,sma
BNY,2025-09-02,2025-10-13,104.69999694824219,105.55000305175781,29,0.004094067033408866,1.0,30843.36270098877,0.1,0.0,sma
LITE,2025-09-30,2025-10-13,162.7100067138672,158.3000030517578,9,-0.030987275483941423,1.0,33422.26247909546,0.1,0.0,stop
VSAT,2025-08-26,2025-10-21,30.799999237060547,36.849998474121094,39,0.1916523896411655,0.5,30799.876037063597,0.1,0.0,strength
TLN,2025-10-13,2025-10-22,435.8299865722656,379.94000244140625,7,-0.13171812967484509,1.0,32752.62349090576,0.1,0.0,stop
APH,2025-08-20,2025-10-24,108.6500015258789,137.19000244140625,46,0.2576376975793706,0.5,30265.109825042724,0.1,22.935000000000002,strength
FIX,2025-09-08,2025-10-27,715.8699951171875,998.760009765625,35,0.3895999981051492,0.5,30126.672874511718,0.1,0.0,strength
FN,2025-10-02,2025-10-30,369.55999755859375,436.4800109863281,20,0.17636534983416974,0.5,34067.51881494141,0.1,0.0,strength
TPR,2025-10-13,2025-11-04,114.05999755859375,105.0,16,-0.08310678097613411,1.0,33143.55409057617,0.1,0.0,egg
KTOS,2025-05-15,2025-11-06,34.38999938964844,77.94999694824219,121,1.2575987407282114,0.5006418485237484,26843.389143585206,0.1,0.0,sma
P,2025-11-04,2025-11-12,95.0999984741211,88.27999877929688,6,-0.07541971582222062,1.0,36496.14601441956,0.1,0.0,stop
DELL,2025-10-22,2025-11-13,150.1300048828125,139.8000030517578,16,-0.07252438101278713,1.0,33997.23986572266,0.1,0.0,egg
IDCC,2025-08-20,2025-11-14,259.9599914550781,339.1000061035156,61,0.2992242059014818,0.5,30215.669726806642,0.1,40.599999999999994,sma
VSAT,2025-08-26,2025-11-18,30.799999237060547,32.75,59,0.059066957306814105,0.5,30799.876037063597,0.1,0.0,sma
NVDA,2025-10-10,2025-11-19,183.16000366210938,184.7899932861328,28,0.004871724187846649,1.0,34319.422526184084,0.1,0.0,sma
FLEX,2025-11-06,2025-11-19,63.310001373291016,57.68000030517578,9,-0.09256453045732727,1.0,35778.254456085204,0.1,0.0,stop
FN,2025-10-02,2025-11-21,369.55999755859375,388.07000732421875,36,0.04589465367384893,0.5,34067.51881494141,0.1,0.0,sma
PBF,2025-11-19,2025-11-26,37.459999084472656,34.529998779296875,5,-0.08189654796205259,1.0,32955.65895455932,0.1,0.0,stop
ELAN,2025-11-12,2025-12-05,22.049999237060547,21.93000030517578,16,-0.00941241952216676,1.0,34842.39449443817,0.1,0.0,egg
PAHC,2025-11-18,2025-12-08,43.380001068115234,39.70000076293945,13,-0.08848509100141322,1.0,33382.472501953125,0.1,92.16,stop
COHR,2025-11-13,2025-12-08,139.97000122070312,187.24000549316406,16,0.3323750716220659,0.5,34781.985423339844,0.1,0.0,strength
CYTK,2025-12-05,2025-12-11,65.66999816894531,60.40999984741211,4,-0.08376969939000611,1.0,34019.29183145142,0.1,0.0,stop
VLO,2025-11-19,2025-12-12,180.3300018310547,170.35000610351562,16,-0.05911404405158893,1.0,32885.700453918456,0.1,205.65999999999997,egg
CIEN,2025-11-14,2025-12-12,191.7100067138672,236.0,19,0.22611171039374978,0.49714285714285716,33616.34967727661,0.1,0.0,strength
APH,2025-08-20,2025-12-15,108.6500015258789,130.14999389648438,81,0.1931010696923925,0.5,30265.109825042724,0.1,22.935000000000002,sma
INSW,2025-11-28,2025-12-15,52.970001220703125,48.2599983215332,11,-0.09255536096102701,1.0,34021.678324035645,0.1,551.26,stop
AHR,2025-11-21,2025-12-16,48.0,47.5,16,-0.014367099135063288,1.0,31791.456,0.1,0.0,egg
FIX,2025-09-08,2025-12-18,715.8699951171875,908.0,72,0.2633233068428189,0.5,30126.672874511718,0.1,12.6,sma
SONO,2025-12-15,2026-01-08,18.329999923706055,16.510000228881836,16,-0.10288640955920703,1.0,33941.58753872681,0.1,0.0,stop
CALY,2025-12-08,2026-01-09,11.1899995803833,13.619999885559082,22,0.21229929733976127,0.49983601180714987,34186.545338029864,0.1,0.0,strength
MCY,2025-12-18,2026-01-13,93.12000274658203,90.5,16,-0.032015465031772994,1.0,33123.716176986694,0.1,0.0,egg
MKSI,2025-12-12,2026-01-14,155.77000427246094,190.86000061035156,21,0.22037670428348566,0.5,34962.26591894531,0.1,0.0,strength
LITE,2025-12-16,2026-01-29,316.1499938964844,388.0,29,0.22236629848212242,0.4953271028037383,33895.70544561768,0.1,0.0,strength
CHRW,2025-12-12,2026-01-30,157.08999633789062,191.9199981689453,32,0.21684292397909477,0.5,34943.72714538574,0.1,0.0,strength
WDC,2026-01-08,2026-02-02,187.67999267578125,243.75999450683594,16,0.29362164424103465,0.49740932642487046,36294.68306359863,0.1,0.0,strength
SMTC,2025-12-15,2026-02-03,72.54000091552734,88.1500015258789,33,0.21034055974776478,0.4989293361884368,33943.932788406375,0.1,0.0,strength
GMED,2026-01-13,2026-02-05,90.16000366210938,86.83000183105469,16,-0.04077893118383269,1.0,36678.17140979004,0.1,0.0,egg
CHRW,2025-12-12,2026-02-13,157.08999633789062,171.88999938964844,42,0.08984541191971207,0.5,34943.72714538574,0.1,0.0,sma
CALY,2025-12-08,2026-02-17,11.1899995803833,12.479999542236328,47,0.11082928068854381,0.5001639881928501,34186.545338029864,0.1,0.0,sma
GM,2026-02-05,2026-03-02,83.30000305175781,77.36000061035156,16,-0.07501590120290347,1.0,41065.568704467776,0.1,0.0,egg
STX,2025-08-05,2026-03-04,151.74000549316406,367.5,145,1.4122375173383421,0.5,30408.69710083008,0.1,146.0,sma
MKSI,2025-12-12,2026-03-09,155.77000427246094,203.8800048828125,57,0.30362782999327464,0.5,34962.26591894531,0.1,28.0,sma
SMTC,2025-12-15,2026-03-09,72.54000091552734,80.97000122070312,56,0.11175581286260083,0.5010706638115632,33943.932788406375,0.1,0.0,sma
MTRN,2026-02-17,2026-03-11,153.30999755859375,146.3800048828125,16,-0.049014050696901235,1.0,42090.9532097168,0.1,38.36000000000001,egg
BTSG,2026-03-09,2026-03-13,42.22999954223633,38.95000076293945,4,-0.0813518314359114,1.0,40071.7931856308,0.1,0.0,stop
RTX,2026-02-13,2026-03-23,200.05999755859375,197.1699981689453,25,-0.018380012074552976,1.0,42297.08480383301,0.1,143.48000000000002,sma
JOE,2026-03-02,2026-03-23,72.69000244140625,65.38999938964844,15,-0.1040176189231492,1.0,43701.22946777344,0.1,96.0,stop
AHR,2026-03-11,2026-03-23,52.79999923706055,49.310001373291016,8,-0.06982659526345503,1.0,41530.89539989471,0.1,0.0,stop
LMT,2026-03-09,2026-03-25,664.1500244140625,612.5,12,-0.0814501727109419,1.0,39928.69946777344,0.1,0.0,stop
JNJ,2026-03-04,2026-03-26,245.3000030517578,240.0,16,-0.025511972304267272,1.0,42767.56493206787,0.1,0.0,egg
COHR,2025-11-13,2026-03-31,139.97000122070312,224.0800018310547,93,0.594523604623715,0.5,34781.985423339844,0.1,0.0,sma
WDC,2026-01-08,2026-03-31,187.67999267578125,259.0,56,0.37449956272062535,0.5025906735751295,36294.68306359863,0.1,12.125,sma
PWR,2026-03-13,2026-04-07,559.02001953125,550.0900268554688,16,-0.01990261611058275,1.0,40329.9402890625,0.1,7.92,egg
AIR,2026-04-21,2026-04-30,116.54000091552734,107.27999877929688,7,-0.08313253413678723,1.0,42155.08221116638,0.1,0.0,stop
AA,2026-04-22,2026-04-30,68.52999877929688,63.560001373291016,6,-0.07622544928450081,1.0,41818.23879510498,0.1,0.0,stop
FIVE,2026-04-24,2026-05-12,234.00999450683594,208.14999389648438,12,-0.11405896900253554,1.0,41502.60856576538,0.1,0.0,stop
BOH,2026-04-22,2026-05-14,78.11000061035156,76.37999725341797,16,-0.026051894888095006,1.0,41794.16180657959,0.1,0.0,egg
SCHL,2026-04-23,2026-05-15,42.060001373291016,39.15999984741211,16,-0.07266592417469553,1.0,41806.9684050293,0.1,198.4,egg
NPK,2026-04-24,2026-05-18,143.16000366210938,139.0,16,-0.032934435324537104,1.0,41599.43386413574,0.1,0.0,egg
GTY,2026-04-24,2026-05-18,33.45000076293945,32.75,16,-0.024835254617212255,1.0,41594.47384870148,0.1,0.0,egg
ICHR,2026-05-15,2026-05-19,73.2699966430664,63.900001525878906,2,-0.1313646155946554,1.0,43609.42276199341,0.1,0.0,stop
LITE,2025-12-16,2026-06-01,316.1499938964844,825.25,113,1.599891205727762,0.5046728971962616,33895.70544561768,0.1,0.0,sma
GLW,2026-04-30,2026-06-03,164.24000549316406,201.0,23,0.21893325678652453,0.49795918367346936,40319.27894851685,0.1,34.160000000000004,strength
CIEN,2025-11-14,2026-06-08,191.7100067138672,489.7799987792969,139,1.544597423813273,0.5028571428571429,33616.34967727661,0.1,0.0,sma
INTC,2026-05-19,2026-06-08,110.80000305175781,111.0,13,-0.0021941951039416985,1.0,40189.8203069458,0.1,0.0,stop
AGX,2026-05-12,2026-06-09,681.010009765625,632.969970703125,19,-0.07425274895776457,1.0,43671.80990625,0.1,0.0,stop
GLW,2026-04-30,2026-06-10,164.24000549316406,173.66000366210938,28,0.05313409869360575,0.5020408163265306,40319.27894851685,0.1,34.440000000000005,sma
COHR,2026-06-08,2026-06-10,401.92999267578125,353.489990234375,2,-0.12402941068193751,1.0,40676.11911877441,0.1,0.0,stop
UCTT,2026-04-30,2026-06-12,78.1500015258789,104.47000122070312,30,0.33145173737699696,0.5,40406.051588928225,0.1,0.0,strength
WDC,2026-05-18,2026-06-15,458.67999267578125,618.780029296875,19,0.34365976144689303,0.5,42282.956444824216,0.1,6.8999999999999995,strength
STX,2026-05-18,2026-06-15,740.8400268554688,1032.52001953125,19,0.3881514845938081,0.49122807017543857,42312.33729382324,0.1,0.0,strength
TTMI,2026-06-01,2026-06-24,172.44000244140625,214.0,16,0.2360572115815156,0.5,42505.08108178711,0.1,0.0,strength
DOCN,2026-06-08,2026-06-25,169.32000732421875,150.97999572753906,12,-0.11187529725421141,1.0,40887.734008666994,0.1,0.0,stop
VSH,2026-06-25,2026-07-01,59.90999984741211,52.81999969482422,4,-0.1218637698781121,1.0,45682.69290364838,0.1,0.0,stop
STX,2026-05-18,2026-07-06,740.8400268554688,863.6199951171875,32,0.16107712748376146,0.5087719298245614,42312.33729382324,0.1,21.46,sma
TTMI,2026-06-01,2026-07-06,172.44000244140625,156.88999938964844,23,-0.09380834032432472,0.5,42505.08108178711,0.1,0.0,stop
SMTC,2026-06-10,2026-07-06,154.27999877929688,138.50999450683594,16,-0.105800742231138,1.0,41120.55663464355,0.1,0.0,stop
FLEX,2026-07-01,2026-07-06,153.52999877929688,138.52000427246094,2,-0.10136760697927194,1.0,47843.32527960205,0.1,0.0,stop
ACMR,2026-06-10,2026-07-06,79.95999908447266,102.0,16,0.2705454669144147,0.49902912621359224,41261.75832756043,0.1,0.0,strength
UCTT,2026-04-30,2026-07-08,78.1500015258789,89.5999984741211,46,0.14193617539369918,0.5,40406.051588928225,0.1,0.0,sma
PLXS,2026-06-09,2026-07-08,281.4800109863281,254.22999572753906,19,-0.10041532030019373,1.0,41460.316738220215,0.1,0.0,stop
KLIC,2026-07-06,2026-07-08,119.61000061035156,105.2699966430664,2,-0.1234030883665499,1.0,41947.22721405029,0.1,0.0,stop
KALU,2026-06-15,2026-07-09,183.10000610351562,165.74000549316406,16,-0.09842510517797975,1.0,44765.75429223633,0.1,0.0,egg
WDC,2026-05-18,2026-07-16,458.67999267578125,486.67999267578125,40,0.056809030509250125,0.5,42282.956444824216,0.1,6.8999999999999995,sma
ACMR,2026-06-10,2026-07-17,79.95999908447266,78.67500305175781,25,-0.019998348167758473,0.5009708737864078,41261.75832756043,0.1,0.0,sma
AMAT,2026-07-06,2026-07-20,592.7899780273438,545.6300048828125,10,-0.08323038287668616,1.0,41578.289058837894,0.1,0.0,stop
ASTH,2026-07-16,2026-07-24,45.099998474121094,40.88999938964844,6,-0.09696746702729198,1.0,40897.12961631775,0.1,0.0,stop
MTRN,2026-07-06,2026-07-28,261.79998779296875,237.30999755859375,16,-0.09716324186434233,1.0,41971.77404296875,0.1,0.0,egg
VAC,2026-07-09,2026-07-31,98.80999755859375,98.13999938964844,16,-0.010745619267776618,1.0,40593.12319702149,0.1,0.0,egg
MAC,2026-05-14,2026-08-07,22.34000015258789,23.68000030517578,58,0.05575063584328577,1.0,43291.97141569519,0.1,328.78000000000003,sma
VSTS,2026-07-06,2026-08-07,13.59000015258789,13.869999885559082,24,0.01652910003155661,1.0,42036.235131980895,0.1,0.0,sma
AMN,2026-07-08,2026-08-07,32.08000183105469,31.670000076293945,22,-0.016721598196874465,1.0,40598.076397247314,0.1,0.0,sma
ARMK,2026-07-20,2026-08-11,56.43000030517578,59.95000076293945,16,0.058137144775660676,1.0,40710.859420166016,0.1,0.0,egg
JBHT,2026-07-24,2026-08-17,288.29998779296875,279.7099914550781,16,-0.03366841311549662,1.0,39864.96911206055,0.1,62.1,egg
ETSY,2026-08-07,2026-08-18,85.55000305175781,78.41000366210938,7,-0.08711879731686789,1.0,38317.33306686401,0.1,0.0,stop
WLY,2026-07-31,2026-08-24,52.20000076293945,51.90999984741211,16,-0.009525411045078425,1.0,39437.51817640686,0.1,0.0,egg
OGN,2026-07-08,2026-08-27,13.470000267028809,13.760000228881836,36,0.017451359803916322,1.0,40612.29326509666,0.1,60.18,period_end
GEO,2026-07-08,2026-08-27,29.649999618530273,32.599998474121094,36,0.09510486264427964,1.0,40612.61257748795,0.1,0.0,period_end
STT,2026-07-28,2026-08-27,182.57000732421875,193.3699951171875,22,0.054927158253918806,1.0,39879.86211987305,0.1,0.0,period_end
DELL,2026-08-07,2026-08-27,453.7699890136719,472.260009765625,14,0.036592881093752805,1.0,38192.91243530274,0.1,0.0,period_end
FTNT,2026-08-07,2026-08-27,159.63999938964844,172.77999877929688,14,0.07798959485818413,1.0,38230.26777383423,0.1,0.0,period_end
CBRL,2026-08-11,2026-08-27,56.029998779296875,55.06999969482422,12,-0.021057280534006018,1.0,38288.88408581543,0.1,0.0,period_end
AMN,2026-08-17,2026-08-27,34.540000915527344,35.08000183105469,8,0.011579646133659027,1.0,39246.69776028443,0.1,0.0,period_end
AVT,2026-08-18,2026-08-27,93.4000015258789,91.5199966430664,7,-0.02404019415552827,1.0,38932.109436035156,0.1,0.0,period_end
PBF,2026-08-24,2026-08-27,69.51000213623047,68.58999633789062,3,-0.01717476797987183,1.0,38446.26022155762,0.1,0.0,period_end
