date,cash_fraction
2007-01-03,1.0
2007-01-04,0.00023601270984996425
2007-01-05,0.00023993225353535763
2007-01-08,0.00023837568708839907
2007-01-09,0.00023759173337145612
2007-01-10,0.00023624017427426036
2007-01-11,0.0002338398082788462
2007-01-12,0.00023337504730180925
2007-01-16,0.00023450086822240923
2007-01-17,0.00023460469158942399
2007-01-18,0.00023875173095555535
2007-01-19,0.08226941520071984
2007-01-22,0.08246569770536327
2007-01-23,0.08214450651127936
2007-01-24,0.08162979196435816
2007-01-25,0.08239202623649244
2007-01-26,0.08236261316303617
2007-01-29,0.0788710584967367
2007-01-30,0.07863831935776289
2007-01-31,0.07776031206676437
2007-02-01,0.07698516652482923
2007-02-02,0.07667921411557
2007-02-05,0.07688613214412499
2007-02-06,0.07611478469611288
2007-02-07,0.07599366751879744
2007-02-08,0.0762760910843372
2007-02-09,0.07694856209181511
2007-02-12,0.07747684696163759
2007-02-13,0.07405910757159495
2007-02-14,0.07367391225766617
2007-02-15,0.07332331463948316
2007-02-16,0.0736725047064386
2007-02-20,0.07317873184697321
2007-02-21,0.06508319067333235
2007-02-22,0.06532547511197917
2007-02-23,0.06540529539018525
2007-02-26,0.06523550488638852
2007-02-27,0.06793678417119375
2007-02-28,0.07661588633027949
2007-03-01,0.07625151439078415
2007-03-02,0.07746547149387417
2007-03-05,0.08753934468821167
2007-03-06,0.08294193154828311
2007-03-07,0.08203247856319729
2007-03-08,0.08160903283361953
2007-03-09,0.08137534301441329
2007-03-12,0.08069356933436966
2007-03-13,0.08237998397662105
2007-03-14,0.08186953194951929
2007-03-15,0.08091872274808276
2007-03-16,0.08132101888278787
2007-03-19,0.08088975860184067
2007-03-20,0.07868874533355974
2007-03-21,0.07725253974933999
2007-03-22,0.06851596608497912
2007-03-23,0.06838391327962123
2007-03-26,0.0684016764077452
2007-03-27,0.06916353273796949
2007-03-28,0.0694956160014264
2007-03-29,0.06936249877698453
2007-03-30,0.06926621531730204
2007-04-02,0.0688992482287959
2007-04-03,0.02644780844730299
2007-04-04,0.026477457134118088
2007-04-05,0.02643592475169554
2007-04-09,0.026222888607073114
2007-04-10,0.026261967791367802
2007-04-11,0.026433065975741465
2007-04-12,0.02193481198032099
2007-04-13,0.021934535493581597
2007-04-16,0.02167844141498132
2007-04-17,0.021786131114412632
2007-04-18,0.022003269341754117
2007-04-19,0.016655150036459343
2007-04-20,0.01639452172425282
2007-04-23,0.01627677421028273
2007-04-24,0.0715975548826614
2007-04-25,0.07091869421747599
2007-04-26,0.07098352551629383
2007-04-27,0.07095356556133647
2007-04-30,0.07183653940597812
2007-05-01,0.07218307611189034
2007-05-02,0.07173699764472918
2007-05-03,0.023928110079659337
2007-05-04,0.07096087127470918
2007-05-07,0.07072424402872957
2007-05-08,0.07014266603443131
2007-05-09,0.06983322914481682
2007-05-10,0.07108773580257077
2007-05-11,0.07057973490452596
2007-05-14,0.06571455520562552
2007-05-15,0.06592529459122298
2007-05-16,0.06563229545636318
2007-05-17,0.0663789612413771
2007-05-18,0.06440563969686919
2007-05-21,0.06379180557120001
2007-05-22,0.06277714561986347
2007-05-23,0.06303305328898601
2007-05-24,0.07621816622014865
2007-05-25,0.07444975166260304
2007-05-29,0.111927871942472
2007-05-30,0.1110549973612861
2007-05-31,0.11115975898819952
2007-06-01,0.10987306360889293
2007-06-04,0.10987120856169463
2007-06-05,0.11020805720947102
2007-06-06,0.1083328774180854
2007-06-07,0.11254905871047405
2007-06-08,0.1115668268521316
2007-06-11,0.11149399871179111
2007-06-12,0.11329278431682221
2007-06-13,0.06468867359189423
2007-06-14,0.06409794378120115
2007-06-15,0.06346249607901222
2007-06-18,0.06370639253478894
2007-06-19,0.06133926584943328
2007-06-20,0.06200479884574317
2007-06-21,0.0616477942739162
2007-06-22,0.06216992969760282
2007-06-25,0.06231090346904555
2007-06-26,0.06273303983172229
2007-06-27,0.062065544501253456
2007-06-28,0.06172189923632143
2007-06-29,0.05892235146302316
2007-07-02,0.05779065810948447
2007-07-03,0.05766246394905228
2007-07-05,0.058027532591433784
2007-07-06,0.05776749752484589
2007-07-09,0.057058808365371805
2007-07-10,0.05791489877934308
2007-07-11,0.01514256722992613
2007-07-12,0.014789148472513336
2007-07-13,0.014808561773343554
2007-07-16,0.07275066847752631
2007-07-17,0.07211818742596954
2007-07-18,0.07216229588605683
2007-07-19,0.07203948485951961
2007-07-20,0.07319049315502524
2007-07-23,0.06414069622249385
2007-07-24,0.06534111471033488
2007-07-25,0.06609867158259208
2007-07-26,0.023319477769866204
2007-07-27,0.22363600887741586
2007-07-30,0.02583488497705999
2007-07-31,0.026094351614640465
2007-08-01,0.026028380194628276
2007-08-02,0.02405204286899798
2007-08-03,0.024848148734452846
2007-08-06,0.024584091029372868
2007-08-07,0.02429037674051293
2007-08-08,0.024020615518469235
2007-08-09,0.024513854734705687
2007-08-10,0.060145738929101134
2007-08-13,0.055644395295088245
2007-08-14,0.05692042045163159
2007-08-15,0.05818617451927932
2007-08-16,0.25010447323239604
2007-08-17,0.4683674557760149
2007-08-20,0.16786289855736147
2007-08-21,0.16762874069376588
2007-08-22,0.06634619043490642
2007-08-23,0.06746355129166925
2007-08-24,0.0667087801077012
2007-08-27,0.06722878470774307
2007-08-28,0.06931183676626562
2007-08-29,0.1682807933290209
2007-08-30,0.06793457192047914
2007-08-31,0.06693426199190688
2007-09-04,0.06395364357926481
2007-09-05,0.06431498954914838
2007-09-06,0.06374568445036177
2007-09-07,0.06523222275583207
2007-09-10,0.06549841595154127
2007-09-11,0.06464229347307227
2007-09-12,0.06498281084603719
2007-09-13,0.06497122466910243
2007-09-14,0.06332214770302003
2007-09-17,0.0634672654212578
2007-09-18,0.061008297797982
2007-09-19,0.06028152827641631
2007-09-20,0.02297468141762027
2007-09-21,0.02300797009565514
2007-09-24,0.023186529888091445
2007-09-25,0.022890548410199774
2007-09-26,0.02274531895395593
2007-09-27,0.022796460040929167
2007-09-28,0.02300375402796495
2007-10-01,0.022652540338071958
2007-10-02,0.022726233591822242
2007-10-03,0.02281294461501937
2007-10-04,0.022717063548036376
2007-10-05,0.015893570114510647
2007-10-08,0.07493782941971616
2007-10-09,0.07480878803725843
2007-10-10,0.07395294583707779
2007-10-11,0.07454715704334991
2007-10-12,0.07370340198526715
2007-10-15,0.07418271008026145
2007-10-16,0.07437278835964778
2007-10-17,0.07383261995971058
2007-10-18,0.07350352310697206
2007-10-19,0.07525011730100761
2007-10-22,0.0704849121238511
2007-10-23,0.0691643874822272
2007-10-24,0.069490015830864
2007-10-25,0.06913233777996175
2007-10-26,0.06550191199963984
2007-10-29,0.06556848642258206
2007-10-30,0.06618105322691314
2007-10-31,0.06589391284956048
2007-11-01,0.06768566503907214
2007-11-02,0.0247874251965694
2007-11-05,0.024909630577526154
2007-11-06,0.01889217669118326
2007-11-07,0.07454162759462624
2007-11-08,0.07388950115566761
2007-11-09,0.13035690644293707
2007-11-12,0.13204062797400462
2007-11-13,0.32572999981751793
2007-11-14,0.12563376206528898
2007-11-15,0.1265699864380465
2007-11-16,0.1256839546543086
2007-11-19,0.22498311927915715
2007-11-20,0.2238396962764272
2007-11-21,0.27524876870934556
2007-11-23,0.42387139829114595
2007-11-26,0.4277458740246426
2007-11-27,0.5258067904971595
2007-11-28,0.5193876540176886
2007-11-29,0.6169918195569011
2007-11-30,0.6179062062221847
2007-12-03,0.519255830557287
2007-12-04,0.019986876246492313
2007-12-05,0.01975796881001346
2007-12-06,0.019588303792684836
2007-12-07,0.01952131327207296
2007-12-10,0.019529190311737166
2007-12-11,0.019984383680342388
2007-12-12,0.0197618030727712
2007-12-13,0.01980901235057475
2007-12-14,0.019985714518710118
2007-12-17,0.02030822159470047
2007-12-18,0.020058639423631064
2007-12-19,0.019987757569692732
2007-12-20,0.0197128520896237
2007-12-21,0.019432529785497143
2007-12-24,0.019267095313847293
2007-12-26,0.0191328839368079
2007-12-27,0.07523755445890878
2007-12-28,0.07482931571367546
2007-12-31,0.07556682737336884
2008-01-02,0.1703457005324608
2008-01-03,0.5579094754917155
2008-01-04,0.6640442940286143
2008-01-07,0.8380889429857142
2008-01-08,0.8407003093315208
2008-01-09,0.8369528245930948
2008-01-10,0.837300795826401
2008-01-11,0.8390863614262619
2008-01-14,0.8365892320560424
2008-01-15,0.8395643898917454
2008-01-16,0.8435254080386716
2008-01-17,0.9463593696920289
2008-01-18,1.0
2008-01-22,1.0
2008-01-23,1.0
2008-01-24,1.0
2008-01-25,1.0
2008-01-28,1.0
2008-01-29,1.0
2008-01-30,1.0
2008-01-31,1.0
2008-02-01,1.0
2008-02-04,1.0
2008-02-05,1.0
2008-02-06,1.0
2008-02-07,1.0
2008-02-08,1.0
2008-02-11,1.0
2008-02-12,1.0
2008-02-13,1.0
2008-02-14,1.0
2008-02-15,1.0
2008-02-19,1.0
2008-02-20,1.0
2008-02-21,1.0
2008-02-22,1.0
2008-02-25,1.0
2008-02-26,1.0
2008-02-27,1.0
2008-02-28,1.0
2008-02-29,1.0
2008-03-03,1.0
2008-03-04,1.0
2008-03-05,1.0
2008-03-06,1.0
2008-03-07,1.0
2008-03-10,1.0
2008-03-11,1.0
2008-03-12,1.0
2008-03-13,1.0
2008-03-14,1.0
2008-03-17,1.0
2008-03-18,1.0
2008-03-19,1.0
2008-03-20,1.0
2008-03-24,1.0
2008-03-25,1.0
2008-03-26,1.0
2008-03-27,1.0
2008-03-28,1.0
2008-03-31,1.0
2008-04-01,1.0
2008-04-02,1.0
2008-04-03,1.0
2008-04-04,1.0
2008-04-07,1.0
2008-04-08,1.0
2008-04-09,1.0
2008-04-10,1.0
2008-04-11,1.0
2008-04-14,1.0
2008-04-15,1.0
2008-04-16,1.0
2008-04-17,1.0
2008-04-18,1.0
2008-04-21,1.0
2008-04-22,1.0
2008-04-23,1.0
2008-04-24,1.0
2008-04-25,1.0
2008-04-28,1.0
2008-04-29,1.0
2008-04-30,1.0
2008-05-01,1.0
2008-05-02,1.0
2008-05-05,1.0
2008-05-06,1.0
2008-05-07,0.6006915281640803
2008-05-08,0.5979256174655418
2008-05-09,0.5951818598449629
2008-05-12,0.5941272778514766
2008-05-13,0.5937067548479775
2008-05-14,0.5912741333894056
2008-05-15,0.5913040610480775
2008-05-16,0.09105222868079077
2008-05-19,0.09157075936327175
2008-05-20,0.09140871210901835
2008-05-21,0.09288089964477397
2008-05-22,0.09288893623901806
2008-05-23,0.09396038599047474
2008-05-27,0.09342917951550267
2008-05-28,0.09197894949682883
2008-05-29,0.091590532514369
2008-05-30,0.18631085545502823
2008-06-02,0.18691681467053123
2008-06-03,0.18782303705580883
2008-06-04,0.18749360394263104
2008-06-05,0.28499862312275415
2008-06-06,0.2900814580061539
2008-06-09,0.2903286718219452
2008-06-10,0.4876167157763701
2008-06-11,0.49165107011108367
2008-06-12,0.5865828027781044
2008-06-13,0.5825005412792366
2008-06-16,0.5834393201858484
2008-06-17,0.5869844053523366
2008-06-18,0.6829845329471218
2008-06-19,0.6796372989656975
2008-06-20,0.6835837247899189
2008-06-23,0.7810375934573882
2008-06-24,0.7829216235204293
2008-06-25,0.7815576717397938
2008-06-26,0.7878289151103597
2008-06-27,0.8924217679856742
2008-06-30,0.8896466648841275
2008-07-01,0.8892890905220721
2008-07-02,0.8905538283590129
2008-07-03,0.8902910905518276
2008-07-07,0.8912354707834989
2008-07-08,0.8911756506685773
2008-07-09,0.8892056247876223
2008-07-10,0.8889913123466895
2008-07-11,0.8885985516200512
2008-07-14,0.8895512787553644
2008-07-15,0.8900881322936559
2008-07-16,0.8936353296065231
2008-07-17,1.0
2008-07-18,1.0
2008-07-21,1.0
2008-07-22,1.0
2008-07-23,1.0
2008-07-24,1.0
2008-07-25,1.0
2008-07-28,1.0
2008-07-29,1.0
2008-07-30,1.0
2008-07-31,1.0
2008-08-01,1.0
2008-08-04,1.0
2008-08-05,1.0
2008-08-06,1.0
2008-08-07,1.0
2008-08-08,1.0
2008-08-11,1.0
2008-08-12,1.0
2008-08-13,1.0
2008-08-14,1.0
2008-08-15,1.0
2008-08-18,1.0
2008-08-19,1.0
2008-08-20,1.0
2008-08-21,1.0
2008-08-22,1.0
2008-08-25,1.0
2008-08-26,1.0
2008-08-27,1.0
2008-08-28,1.0
2008-08-29,1.0
2008-09-02,1.0
2008-09-03,1.0
2008-09-04,1.0
2008-09-05,1.0
2008-09-08,1.0
2008-09-09,1.0
2008-09-10,1.0
2008-09-11,1.0
2008-09-12,1.0
2008-09-15,1.0
2008-09-16,1.0
2008-09-17,1.0
2008-09-18,1.0
2008-09-19,1.0
2008-09-22,1.0
2008-09-23,1.0
2008-09-24,1.0
2008-09-25,1.0
2008-09-26,1.0
2008-09-29,1.0
2008-09-30,1.0
2008-10-01,1.0
2008-10-02,1.0
2008-10-03,1.0
2008-10-06,1.0
2008-10-07,1.0
2008-10-08,1.0
2008-10-09,1.0
2008-10-10,1.0
2008-10-13,1.0
2008-10-14,1.0
2008-10-15,1.0
2008-10-16,1.0
2008-10-17,1.0
2008-10-20,1.0
2008-10-21,1.0
2008-10-22,1.0
2008-10-23,1.0
2008-10-24,1.0
2008-10-27,1.0
2008-10-28,1.0
2008-10-29,1.0
2008-10-30,1.0
2008-10-31,1.0
2008-11-03,1.0
2008-11-04,1.0
2008-11-05,1.0
2008-11-06,1.0
2008-11-07,1.0
2008-11-10,1.0
2008-11-11,1.0
2008-11-12,1.0
2008-11-13,1.0
2008-11-14,1.0
2008-11-17,1.0
2008-11-18,1.0
2008-11-19,1.0
2008-11-20,1.0
2008-11-21,1.0
2008-11-24,1.0
2008-11-25,1.0
2008-11-26,1.0
2008-11-28,1.0
2008-12-01,1.0
2008-12-02,1.0
2008-12-03,1.0
2008-12-04,1.0
2008-12-05,1.0
2008-12-08,1.0
2008-12-09,1.0
2008-12-10,1.0
2008-12-11,1.0
2008-12-12,1.0
2008-12-15,1.0
2008-12-16,1.0
2008-12-17,1.0
2008-12-18,1.0
2008-12-19,1.0
2008-12-22,1.0
2008-12-23,1.0
2008-12-24,1.0
2008-12-26,1.0
2008-12-29,1.0
2008-12-30,1.0
2008-12-31,1.0
2009-01-02,1.0
2009-01-05,1.0
2009-01-06,1.0
2009-01-07,1.0
2009-01-08,1.0
2009-01-09,1.0
2009-01-12,1.0
2009-01-13,1.0
2009-01-14,1.0
2009-01-15,1.0
2009-01-16,1.0
2009-01-20,1.0
2009-01-21,1.0
2009-01-22,1.0
2009-01-23,1.0
2009-01-26,1.0
2009-01-27,1.0
2009-01-28,1.0
2009-01-29,1.0
2009-01-30,1.0
2009-02-02,1.0
2009-02-03,1.0
2009-02-04,1.0
2009-02-05,1.0
2009-02-06,1.0
2009-02-09,1.0
2009-02-10,1.0
2009-02-11,1.0
2009-02-12,1.0
2009-02-13,1.0
2009-02-17,1.0
2009-02-18,1.0
2009-02-19,1.0
2009-02-20,1.0
2009-02-23,1.0
2009-02-24,1.0
2009-02-25,1.0
2009-02-26,1.0
2009-02-27,1.0
2009-03-02,1.0
2009-03-03,1.0
2009-03-04,1.0
2009-03-05,1.0
2009-03-06,1.0
2009-03-09,1.0
2009-03-10,1.0
2009-03-11,1.0
2009-03-12,1.0
2009-03-13,1.0
2009-03-16,1.0
2009-03-17,1.0
2009-03-18,1.0
2009-03-19,1.0
2009-03-20,1.0
2009-03-23,1.0
2009-03-24,1.0
2009-03-25,1.0
2009-03-26,1.0
2009-03-27,1.0
2009-03-30,1.0
2009-03-31,1.0
2009-04-01,1.0
2009-04-02,1.0
2009-04-03,1.0
2009-04-06,1.0
2009-04-07,1.0
2009-04-08,1.0
2009-04-09,1.0
2009-04-13,1.0
2009-04-14,1.0
2009-04-15,1.0
2009-04-16,1.0
2009-04-17,1.0
2009-04-20,1.0
2009-04-21,1.0
2009-04-22,1.0
2009-04-23,1.0
2009-04-24,1.0
2009-04-27,1.0
2009-04-28,1.0
2009-04-29,1.0
2009-04-30,1.0
2009-05-01,1.0
2009-05-04,1.0
2009-05-05,1.0
2009-05-06,1.0
2009-05-07,1.0
2009-05-08,1.0
2009-05-11,1.0
2009-05-12,1.0
2009-05-13,1.0
2009-05-14,1.0
2009-05-15,1.0
2009-05-18,1.0
2009-05-19,1.0
2009-05-20,1.0
2009-05-21,1.0
2009-05-22,1.0
2009-05-26,1.0
2009-05-27,1.0
2009-05-28,1.0
2009-05-29,1.0
2009-06-01,1.0
2009-06-02,1.0
2009-06-03,1.0
2009-06-04,1.0
2009-06-05,1.0
2009-06-08,0.9000148515394963
2009-06-09,0.8991261286031897
2009-06-10,0.8006552182270059
2009-06-11,0.7028236469961389
2009-06-12,0.6023528971622447
2009-06-15,0.607093483618016
2009-06-16,0.5113152280175635
2009-06-17,0.5063612757403759
2009-06-18,0.505875620421852
2009-06-19,0.40430228292244164
2009-06-22,0.41099165891666345
2009-06-23,0.40708387885568864
2009-06-24,0.40530816554596505
2009-06-25,0.3000216210924771
2009-06-26,0.2981900920876652
2009-06-29,0.29497094692987713
2009-06-30,0.19576210224847657
2009-07-01,0.0945340721816581
2009-07-02,0.19323602411479124
2009-07-06,0.09396755743915164
2009-07-07,0.09575910433716572
2009-07-08,0.09680499436974688
2009-07-09,0.38199629008206903
2009-07-10,0.3806646045354636
2009-07-13,0.27488050520054463
2009-07-14,0.17353506458585732
2009-07-15,0.16918952551874744
2009-07-16,0.16772269493575032
2009-07-17,0.2241356164429389
2009-07-20,0.2221709966117359
2009-07-21,0.2248116696568654
2009-07-22,0.1250547450640942
2009-07-23,0.2134066178978783
2009-07-24,0.21321027208884324
2009-07-27,0.21425855521782544
2009-07-28,0.11417718267396215
2009-07-29,0.11283666141622573
2009-07-30,0.11221414636757454
2009-07-31,0.2177574538868584
2009-08-03,0.11638571286800681
2009-08-04,0.1160733509273616
2009-08-05,0.11784082363392145
2009-08-06,0.12035680204535193
2009-08-07,0.10252705055053368
2009-08-10,0.10248343550709427
2009-08-11,0.10397495825881542
2009-08-12,0.10249596787574533
2009-08-13,0.10224507912423908
2009-08-14,0.1039815815276195
2009-08-17,0.10522924514058196
2009-08-18,0.10337086500797721
2009-08-19,0.10311340488080889
2009-08-20,0.10220797257653946
2009-08-21,0.10132051833170452
2009-08-24,0.10212306512169156
2009-08-25,0.1013174114858637
2009-08-26,0.10120215991710246
2009-08-27,0.15990662083854046
2009-08-28,0.16019176698363446
2009-08-31,0.1574782254363658
2009-09-01,0.11384035907239798
2009-09-02,0.016853065079099228
2009-09-03,0.01787950409137551
2009-09-04,0.06886761302355793
2009-09-08,0.12583404469428627
2009-09-09,0.11364522102623154
2009-09-10,0.11245841869396023
2009-09-11,0.11518645664026705
2009-09-14,0.11428817810513614
2009-09-15,0.11256249333832191
2009-09-16,0.11102569803802453
2009-09-17,0.0622854642753321
2009-09-18,0.06222279180697121
2009-09-21,0.06250874748121771
2009-09-22,0.06176225259972479
2009-09-23,0.06282588191463279
2009-09-24,0.05865875293578349
2009-09-25,0.05898867658653417
2009-09-28,0.05732289825149295
2009-09-29,0.11569245992000643
2009-09-30,0.11584295416231505
2009-10-01,0.12091257051017468
2009-10-02,0.11128331684899617
2009-10-05,0.06522198031795978
2009-10-06,0.06410849888646108
2009-10-07,0.06398521720895711
2009-10-08,0.06301043920773708
2009-10-09,0.11844220352012758
2009-10-12,0.11840605809296123
2009-10-13,0.11845980221498198
2009-10-14,0.11579250516483175
2009-10-15,0.1162117494512298
2009-10-16,0.11884207806589409
2009-10-19,0.11796300428117534
2009-10-20,0.11991180559392989
2009-10-21,0.12181534066140676
2009-10-22,0.07356881784709435
2009-10-23,0.07537822632572388
2009-10-26,0.06517896961435543
2009-10-27,0.06852288809198526
2009-10-28,0.05198367595527209
2009-10-29,0.07938271654571416
2009-10-30,0.08163662582741726
2009-11-02,0.08039796746680083
2009-11-03,0.07992872235741266
2009-11-04,0.0800323487058886
2009-11-05,0.07812667863231149
2009-11-06,0.07822151729069504
2009-11-09,0.07558978619816947
2009-11-10,0.0752441846316858
2009-11-11,0.0745433662618038
2009-11-12,0.07581611213472672
2009-11-13,0.0751586470962311
2009-11-16,0.07350987295821243
2009-11-17,0.07345306270623408
2009-11-18,0.07328271599342528
2009-11-19,0.07503177006889394
2009-11-20,0.07567851964909389
2009-11-23,0.07456085038919003
2009-11-24,0.07494792771407477
2009-11-25,0.07462058228849111
2009-11-27,0.07666329870783206
2009-11-30,0.06639692163065714
2009-12-01,0.0653821599281671
2009-12-02,0.06499123677390017
2009-12-03,0.0653497722816424
2009-12-04,0.06484666839908004
2009-12-07,0.045590218617726275
2009-12-08,0.04582345078781447
2009-12-09,0.04548496449951378
2009-12-10,0.04549877243729927
2009-12-11,0.04466451340704636
2009-12-14,0.003491567563187137
2009-12-15,0.0035059305618655445
2009-12-16,0.003502262255310029
2009-12-17,0.003516515541738263
2009-12-18,0.003445377217788259
2009-12-21,0.0034004081897056615
2009-12-22,0.126607849118478
2009-12-23,0.1257506791154539
2009-12-24,0.12462285728080003
2009-12-28,0.1247451890307687
2009-12-29,0.12529236575688096
2009-12-30,0.1252169041444614
2009-12-31,0.12663352070932432
2010-01-04,0.12540373868440657
2010-01-05,0.12430347898392524
2010-01-06,0.12440574655810144
2010-01-07,0.12393711938765906
2010-01-08,0.12363287139899559
2010-01-11,0.12322544153282888
2010-01-12,0.12479443537892754
2010-01-13,0.12293559262621312
2010-01-14,0.12246887229303971
2010-01-15,0.12369710480842011
2010-01-19,0.12239456320847097
2010-01-20,0.12327030092191804
2010-01-21,0.1259590107849704
2010-01-22,0.07489121399320231
2010-01-25,0.06815756665660155
2010-01-26,0.06805156927073264
2010-01-27,0.021368748030718976
2010-01-28,0.02187203352867728
2010-01-29,0.022167515475256083
2010-02-01,0.024992546304474783
2010-02-02,0.02492722997291974
2010-02-03,0.025145352939864085
2010-02-04,0.021324487004022008
2010-02-05,0.013458751056035778
2010-02-08,0.07936249117359995
2010-02-09,0.07810730643161656
2010-02-10,0.0783708335183062
2010-02-11,0.07376384701358363
2010-02-12,0.0726803889666755
2010-02-16,0.07118046453647231
2010-02-17,0.06750479412719335
2010-02-18,0.0666788893455249
2010-02-19,0.06656667384053405
2010-02-22,0.06606407784886037
2010-02-23,0.06704904025454039
2010-02-24,0.06652555326227227
2010-02-25,0.06647724738443428
2010-02-26,0.06673525152741977
2010-03-01,0.06077013722886637
2010-03-02,0.08215200198896078
2010-03-03,0.08270769128322186
2010-03-04,0.08231146131179401
2010-03-05,0.08091064278191051
2010-03-08,0.08021148170099623
2010-03-09,0.07960100819655413
2010-03-10,0.13362418154356714
2010-03-11,0.132217837196416
2010-03-12,0.1850894580385306
2010-03-15,0.18689648157420313
2010-03-16,0.1869603536793345
2010-03-17,0.23848687484364328
2010-03-18,0.23859108568236997
2010-03-19,0.24402296405649282
2010-03-22,0.24177479890002473
2010-03-23,0.22494637355603497
2010-03-24,0.2817200036490578
2010-03-25,0.2825640872119042
2010-03-26,0.2824116422539358
2010-03-29,0.2794590001526026
2010-03-30,0.33217730891093966
2010-03-31,0.33349835039970055
2010-04-01,0.3313823373155099
2010-04-05,0.33000344797240544
2010-04-06,0.3312285440266185
2010-04-07,0.3334485182471625
2010-04-08,0.28685281141343877
2010-04-09,0.2868466224484334
2010-04-12,0.2765275357412006
2010-04-13,0.27745468166899345
2010-04-14,0.2752294773522703
2010-04-15,0.27576552739618754
2010-04-16,0.2796935714740869
2010-04-19,0.27936262919605326
2010-04-20,0.274659133245563
2010-04-21,0.2715231317856971
2010-04-22,0.2692143669979795
2010-04-23,0.267912514644029
2010-04-26,0.2688423916541969
2010-04-27,0.27496142682688174
2010-04-28,0.27475738781085957
2010-04-29,0.2677161391833788
2010-04-30,0.27402875742048705
2010-05-03,0.22281143797216518
2010-05-04,0.1718836110592703
2010-05-05,0.0715717290137673
2010-05-06,0.0738857029344947
2010-05-07,0.1791324397137486
2010-05-10,0.006940038349833255
2010-05-11,0.006931818510813592
2010-05-12,0.006757689309054293
2010-05-13,0.006827309602581377
2010-05-14,0.007056996097299817
2010-05-17,0.006970540048109708
2010-05-18,0.007120469606325841
2010-05-19,0.09498009742978097
2010-05-20,0.09924075363201534
2010-05-21,0.5600129357442936
2010-05-24,0.560235911016975
2010-05-25,0.5594605915745579
2010-05-26,0.6683220994112102
2010-05-27,0.6604226347361162
2010-05-28,0.5645359049187206
2010-06-01,0.5663566413616468
2010-06-02,0.5561739158781451
2010-06-03,0.5507384176926449
2010-06-04,0.5191104219750369
2010-06-07,0.5235275530392935
2010-06-08,0.5218933277962416
2010-06-09,0.5200520828158157
2010-06-10,0.6077477161142486
2010-06-11,0.6035732135662074
2010-06-14,0.6029404763234316
2010-06-15,0.6000259696223885
2010-06-16,0.4977080844845376
2010-06-17,0.45806278899059827
2010-06-18,0.46002142797625023
2010-06-21,0.2619039167629139
2010-06-22,0.06260276641524287
2010-06-23,0.062045467968223855
2010-06-24,0.06274365267724513
2010-06-25,0.0629440611294182
2010-06-28,0.06302890225687618
2010-06-29,0.06510441403596112
2010-06-30,0.5163008955131472
2010-07-01,0.5137206056560017
2010-07-02,0.5748591464051211
2010-07-06,0.5739272256128365
2010-07-07,0.5736994988667765
2010-07-08,0.5722404683086071
2010-07-09,0.5701669565612876
2010-07-12,0.571078193650564
2010-07-13,0.567989443253051
2010-07-14,0.6714312109628024
2010-07-15,0.7722914538306479
2010-07-16,0.776448989260746
2010-07-19,0.7759365135348836
2010-07-20,0.775374477823773
2010-07-21,0.777689797060739
2010-07-22,0.7792115904564768
2010-07-23,0.8891100252950531
2010-07-26,0.8878740922003796
2010-07-27,0.8884371220691044
2010-07-28,0.8900757310230243
2010-07-29,0.7908493548516742
2010-07-30,0.7899422844755979
2010-08-02,0.789086830932438
2010-08-03,0.28966250871481425
2010-08-04,0.08907604378871203
2010-08-05,0.08954436020093481
2010-08-06,0.08941856670590675
2010-08-09,0.08956125249246749
2010-08-10,0.0904443212226339
2010-08-11,0.08168976127058203
2010-08-12,0.08111134116255903
2010-08-13,0.08132674995404954
2010-08-16,0.17568193383990927
2010-08-17,0.17334887822509748
2010-08-18,0.1725079930473924
2010-08-19,0.17421035381563443
2010-08-20,0.2738688121036311
2010-08-23,0.27583607702019397
2010-08-24,0.27790579930598414
2010-08-25,0.47938328731659585
2010-08-26,0.677222020957374
2010-08-27,0.6733479173408224
2010-08-30,0.6778667431401373
2010-08-31,0.67729058465382
2010-09-01,0.6711913896201838
2010-09-02,0.6682450703720966
2010-09-03,0.6660392469353823
2010-09-07,0.6667695905904873
2010-09-08,0.6652322205009453
2010-09-09,0.6672589236309763
2010-09-10,0.6669416937044766
2010-09-13,0.6661629016565239
2010-09-14,0.5645832061657459
2010-09-15,0.5641283910229373
2010-09-16,0.16359392689773666
2010-09-17,0.06334818396820674
2010-09-20,0.06264417461994476
2010-09-21,0.06278924493189808
2010-09-22,0.062467529877230143
2010-09-23,0.06315148892714983
2010-09-24,0.06191147092419891
2010-09-27,0.06191530854597671
2010-09-28,0.06146137361353232
2010-09-29,0.061354492919300396
2010-09-30,0.061541700327313764
2010-10-01,0.06145567978546462
2010-10-04,0.061726780974166395
2010-10-05,0.060829833074872774
2010-10-06,0.06107555945539722
2010-10-07,0.06109924998266769
2010-10-08,0.06085547281519865
2010-10-11,0.060831463249649054
2010-10-12,0.060941658219665906
2010-10-13,0.06049767873421408
2010-10-14,0.0603575596945507
2010-10-15,0.060152570796203175
2010-10-18,0.060316948123774194
2010-10-19,0.06064741104738092
2010-10-20,0.06002530161146935
2010-10-21,0.06015690146134911
2010-10-22,0.05981783297457055
2010-10-25,0.05957041291089238
2010-10-26,0.020284041681261633
2010-10-27,0.020360864787125288
2010-10-28,0.016522822920115976
2010-10-29,0.016482066685798324
2010-11-01,0.01652056692770487
2010-11-02,0.0724248070565221
2010-11-03,0.07243485606021205
2010-11-04,0.07140834129595286
2010-11-05,0.12678371137457844
2010-11-08,0.1263506036667449
2010-11-09,0.12718677617768526
2010-11-10,0.12634331326951065
2010-11-11,0.17352720432402047
2010-11-12,0.1756654447497522
2010-11-15,0.16877514992400033
2010-11-16,0.17064716245292288
2010-11-17,0.17018463518598004
2010-11-18,0.16815807716790732
2010-11-19,0.1673626881471939
2010-11-22,0.16674564670872316
2010-11-23,0.16716730817192949
2010-11-24,0.1651331941431674
2010-11-26,0.22276323142488308
2010-11-29,0.2233369990384242
2010-11-30,0.22345597240210957
2010-12-01,0.22026434041320797
2010-12-02,0.21781977319978674
2010-12-03,0.21574682787003252
2010-12-06,0.21560461076764836
2010-12-07,0.21620438231568584
2010-12-08,0.2165327345280088
2010-12-09,0.21663753422206822
2010-12-10,0.21589030570043422
2010-12-13,0.2163284033748667
2010-12-14,0.207924872264046
2010-12-15,0.21013928582428776
2010-12-16,0.2083550770858278
2010-12-17,0.20759070293415716
2010-12-20,0.20784586049260523
2010-12-21,0.2054581767782535
2010-12-22,0.20665556440822141
2010-12-23,0.20667586227983992
2010-12-27,0.20728588148839922
2010-12-28,0.20845504774101442
2010-12-29,0.20761611021825555
2010-12-30,0.20830100203186142
2010-12-31,0.20001998411205124
2011-01-03,0.19750788887012605
2011-01-04,0.15795363502194293
2011-01-05,0.15733425614652774
2011-01-06,0.11224138127339478
2011-01-07,0.10762575634215887
2011-01-10,0.05980529655630196
2011-01-11,0.059895398449718695
2011-01-12,0.05967091635367705
2011-01-13,0.05998203994092777
2011-01-14,0.05971388401692512
2011-01-18,0.05963271787669089
2011-01-19,0.05901903530923025
2011-01-20,0.0599386086559035
2011-01-21,0.06001984487896461
2011-01-24,0.059465232722592964
2011-01-25,0.059904826877638984
2011-01-26,0.06538126727607196
2011-01-27,0.06421872638686377
2011-01-28,0.06599568522693555
2011-01-31,0.03070582012155121
2011-02-01,0.030901205059466474
2011-02-02,0.03128811883775162
2011-02-03,0.031083619160551468
2011-02-04,0.03167136437196294
2011-02-07,0.031339198074212704
2011-02-08,0.031062324989088785
2011-02-09,0.03104959669959939
2011-02-10,0.030840697696145725
2011-02-11,0.030436215973365988
2011-02-14,0.03042552219639838
2011-02-15,0.030795778553446174
2011-02-16,0.030294837257056617
2011-02-17,0.14485610243526426
2011-02-18,0.13231567917881337
2011-02-22,0.13575657617826697
2011-02-23,0.08872958365030426
2011-02-24,0.0813552167762035
2011-02-25,0.07912476518720024
2011-02-28,0.0794145690989968
2011-03-01,0.07807564790616428
2011-03-02,0.07763309824660936
2011-03-03,0.07572569624811298
2011-03-04,0.07645917520004142
2011-03-07,0.07768922812303147
2011-03-08,0.07676786205563357
2011-03-09,0.07693804198046084
2011-03-10,0.07894989998068214
2011-03-11,0.0732080139252862
2011-03-14,0.07442199427777585
2011-03-15,0.069028894771901
2011-03-16,0.026316071893995763
2011-03-17,0.02626117074680201
2011-03-18,0.02480840800986084
2011-03-21,0.024244859824642973
2011-03-22,0.024270968671214477
2011-03-23,0.023778449068841412
2011-03-24,0.023584479488277243
2011-03-25,0.023404621037831697
2011-03-28,0.02339454839698829
2011-03-29,0.023140667345110444
2011-03-30,0.022860297614148206
2011-03-31,0.02285572989183826
2011-04-01,0.022816503999856574
2011-04-04,0.02277353186908948
2011-04-05,0.0226531793270609
2011-04-06,0.08134934265144356
2011-04-07,0.08146137265865938
2011-04-08,0.08183326462056495
2011-04-11,0.08257225220511033
2011-04-12,0.08425526016188623
2011-04-13,0.0417930869005706
2011-04-14,0.041539822449740416
2011-04-15,0.04093885590691704
2011-04-18,0.04166771141838821
2011-04-19,0.037720207991320254
2011-04-20,0.03696555337577789
2011-04-21,0.036679932337558396
2011-04-25,0.03668594915765311
2011-04-26,0.036815906400699316
2011-04-27,0.02804823508531351
2011-04-28,0.027943880202946247
2011-04-29,0.02767835392397644
2011-05-02,0.08608034598918202
2011-05-03,0.0867914066704023
2011-05-04,0.07410875578997833
2011-05-05,0.06858685088500338
2011-05-06,0.07077981232350783
2011-05-09,0.06938745830722248
2011-05-10,0.06824126413599163
2011-05-11,0.06919828962180508
2011-05-12,0.017809166665750942
2011-05-13,0.07230084177279161
2011-05-16,0.07333251884756142
2011-05-17,0.07446479125554906
2011-05-18,0.07141737982943697
2011-05-19,0.06341739039889471
2011-05-20,0.06454082657610927
2011-05-23,0.0633611964789873
2011-05-24,0.06356060751634451
2011-05-25,0.06330222641837469
2011-05-26,0.06514536643852986
2011-05-27,0.06493057645769273
2011-05-31,0.06809112341753998
2011-06-01,0.06894773343919236
2011-06-02,0.06915131945755848
2011-06-03,0.075279401068856
2011-06-06,0.07764072355905527
2011-06-07,0.0844966606302886
2011-06-08,0.08862948768547962
2011-06-09,0.08736862382473032
2011-06-10,0.08903577926700901
2011-06-13,0.08922207068662646
2011-06-14,0.08805938173578975
2011-06-15,0.09069667956225458
2011-06-16,0.09186977986050626
2011-06-17,0.0917167872051271
2011-06-20,0.09074162410940334
2011-06-21,0.08938662491826854
2011-06-22,0.08978312868867955
2011-06-23,0.09043337700698795
2011-06-24,0.09089628830745689
2011-06-27,0.0914714079897413
2011-06-28,0.08655832792090723
2011-06-29,0.08612533556792423
2011-06-30,0.08585577237371456
2011-07-01,0.08470607448313694
2011-07-05,0.08352950607456844
2011-07-06,0.08345462914353319
2011-07-07,0.08338755723272362
2011-07-08,0.03932759322380308
2011-07-11,0.04013867818677386
2011-07-12,0.040123428663560556
2011-07-13,0.03996049209564945
2011-07-14,0.04015957099902734
2011-07-15,0.040259611139562335
2011-07-18,0.04046172931781833
2011-07-19,0.040145033069158065
2011-07-20,0.03493516526023588
2011-07-21,0.031981878665397034
2011-07-22,0.032013255273946606
2011-07-25,0.03210045724234478
2011-07-26,0.03242055162217383
2011-07-27,0.08231415197367853
2011-07-28,0.0788187581561306
2011-07-29,0.0690942091705109
2011-08-01,0.06812802576170796
2011-08-02,0.0700472690303775
2011-08-03,0.0693289985483233
2011-08-04,0.07353584409097791
2011-08-05,0.5653180953582491
2011-08-08,0.6751829742992006
2011-08-09,1.0
2011-08-10,1.0
2011-08-11,1.0
2011-08-12,1.0
2011-08-15,1.0
2011-08-16,1.0
2011-08-17,1.0
2011-08-18,1.0
2011-08-19,1.0
2011-08-22,1.0
2011-08-23,1.0
2011-08-24,1.0
2011-08-25,1.0
2011-08-26,1.0
2011-08-29,1.0
2011-08-30,1.0
2011-08-31,1.0
2011-09-01,1.0
2011-09-02,1.0
2011-09-06,1.0
2011-09-07,1.0
2011-09-08,1.0
2011-09-09,1.0
2011-09-12,1.0
2011-09-13,1.0
2011-09-14,1.0
2011-09-15,1.0
2011-09-16,1.0
2011-09-19,1.0
2011-09-20,1.0
2011-09-21,1.0
2011-09-22,1.0
2011-09-23,1.0
2011-09-26,1.0
2011-09-27,1.0
2011-09-28,1.0
2011-09-29,1.0
2011-09-30,1.0
2011-10-03,1.0
2011-10-04,1.0
2011-10-05,1.0
2011-10-06,1.0
2011-10-07,1.0
2011-10-10,1.0
2011-10-11,1.0
2011-10-12,1.0
2011-10-13,1.0
2011-10-14,1.0
2011-10-17,1.0
2011-10-18,1.0
2011-10-19,1.0
2011-10-20,1.0
2011-10-21,1.0
2011-10-24,1.0
2011-10-25,1.0
2011-10-26,1.0
2011-10-27,1.0
2011-10-28,1.0
2011-10-31,0.8004234620320113
2011-11-01,0.8037704100389113
2011-11-02,0.803114922024542
2011-11-03,0.8007844020745639
2011-11-04,0.8010093555958151
2011-11-07,0.8006311419239662
2011-11-08,0.7986503741432108
2011-11-09,0.3003594071654566
2011-11-10,0.2997333652112686
2011-11-11,0.2954579254773617
2011-11-14,0.0959033726502947
2011-11-15,0.09483041552591609
2011-11-16,0.09666173171907366
2011-11-17,0.0975025788608298
2011-11-18,0.09701913865618916
2011-11-21,0.09847105239275966
2011-11-22,0.39207542674331386
2011-11-23,0.39585579741383525
2011-11-25,0.39758425707791323
2011-11-28,0.39085218841357683
2011-11-29,0.3883171250903199
2011-11-30,0.3797494027801185
2011-12-01,0.3791822135088896
2011-12-02,0.4775082864079804
2011-12-05,0.4770654157609564
2011-12-06,0.37730713498072177
2011-12-07,0.07738506504504006
2011-12-08,0.07841944136802137
2011-12-09,0.07797225360448978
2011-12-12,0.07850931159529362
2011-12-13,0.17850808871608992
2011-12-14,0.2809128229491983
2011-12-15,0.3821311448101602
2011-12-16,0.3803858723568232
2011-12-19,0.38108839832015307
2011-12-20,0.3749046940935242
2011-12-21,0.37288801103655445
2011-12-22,0.373834212552684
2011-12-23,0.17186353822977074
2011-12-27,0.07160111702374228
2011-12-28,0.07238942612573462
2011-12-29,0.07164695175182201
2011-12-30,0.0722612910795053
2012-01-03,0.0724763527040313
2012-01-04,0.0723446157651636
2012-01-05,0.07188582906262941
2012-01-06,0.07186666677889297
2012-01-09,0.07146439928336479
2012-01-10,0.07078514771150513
2012-01-11,0.07133601346929264
2012-01-12,0.07114782330467428
2012-01-13,0.07096178827213873
2012-01-17,0.07056768741632413
2012-01-18,0.07012208010692467
2012-01-19,0.022067709490500298
2012-01-20,0.014750767340486748
2012-01-23,0.014833701376807396
2012-01-24,0.01477146742083546
2012-01-25,0.014678580821640419
2012-01-26,0.014769682630682457
2012-01-27,0.01347552310380229
2012-01-30,0.013545698011307228
2012-01-31,0.013590626921360927
2012-02-01,0.013284530556820329
2012-02-02,0.013241870545768197
2012-02-03,0.013164587059482091
2012-02-06,0.013142047434602566
2012-02-07,0.013163820682695837
2012-02-08,0.01318704103282542
2012-02-09,0.013061147816795238
2012-02-10,0.07001113815094817
2012-02-13,0.06959788399483602
2012-02-14,0.06042335359920781
2012-02-15,0.061341148201713214
2012-02-16,0.06086969789136387
2012-02-17,0.06113486290953063
2012-02-21,0.061535004984891506
2012-02-22,0.06142158944581766
2012-02-23,0.013393002884802163
2012-02-24,0.013401435754659241
2012-02-27,0.01337233165961449
2012-02-28,0.07113844682293358
2012-02-29,0.07161793976303454
2012-03-01,0.06934960667376266
2012-03-02,0.07012781695287174
2012-03-05,0.07015905623853014
2012-03-06,0.07104980512220482
2012-03-07,0.06187408497063862
2012-03-08,0.06034458071279092
2012-03-09,0.05986288030927478
2012-03-12,0.05992204382834665
2012-03-13,0.05917312075037351
2012-03-14,0.05920225841624416
2012-03-15,0.1159411689952542
2012-03-16,0.11659578309482976
2012-03-19,0.11605913524869382
2012-03-20,0.11582363701320975
2012-03-21,0.11535932192761988
2012-03-22,0.11513656969739217
2012-03-23,0.11457172582612773
2012-03-26,0.1122972529432188
2012-03-27,0.112348782209997
2012-03-28,0.11283985208894765
2012-03-29,0.11267987192273132
2012-03-30,0.11270982453747824
2012-04-02,0.11175827891131351
2012-04-03,0.11118712888518367
2012-04-04,0.11231059952250178
2012-04-05,0.11160110907681764
2012-04-09,0.11242642585736262
2012-04-10,0.11488795041421374
2012-04-11,0.11323799838777904
2012-04-12,0.11111213533557796
2012-04-13,0.11070860661683823
2012-04-16,0.11076792627698095
2012-04-17,0.10975863617581083
2012-04-18,0.10841900727340614
2012-04-19,0.10915727360054739
2012-04-20,0.10872252972255503
2012-04-23,0.10983748855265141
2012-04-24,0.1104858700607998
2012-04-25,0.10854038452725723
2012-04-26,0.1621484544234425
2012-04-27,0.16134121797080347
2012-04-30,0.2157164038641458
2012-05-01,0.21496001038825907
2012-05-02,0.21306921095031106
2012-05-03,0.21502459873597968
2012-05-04,0.1716131533934908
2012-05-07,0.1715931341707858
2012-05-08,0.1731287686469053
2012-05-09,0.128678303530411
2012-05-10,0.12763067190769095
2012-05-11,0.13079350245024735
2012-05-14,0.13226948921142223
2012-05-15,0.1250494473007855
2012-05-16,0.12292780900524336
2012-05-17,0.12245787484095205
2012-05-18,0.0193122633319871
2012-05-21,0.02683016618710654
2012-05-22,0.02685013424971483
2012-05-23,0.02680407936499396
2012-05-24,0.017389899487100124
2012-05-25,0.01736453137356575
2012-05-29,0.017163839203955145
2012-05-30,0.0175838721615853
2012-05-31,0.01764501097014526
2012-06-01,0.018370606658587807
2012-06-04,0.011117358157850088
2012-06-05,0.0006330962953324804
2012-06-06,0.0006234872733574814
2012-06-07,0.008447076575029078
2012-06-08,0.013752571880694342
2012-06-11,0.01387508402514348
2012-06-12,0.015764477845068403
2012-06-13,0.01585601899639888
2012-06-14,0.015592608302204436
2012-06-15,0.015527906007042236
2012-06-18,0.015347743513307699
2012-06-19,0.015218404683674192
2012-06-20,0.015213976283225517
2012-06-21,0.015518499208427072
2012-06-22,0.01540662792715275
2012-06-25,0.01543650459302448
2012-06-26,0.015299217864018333
2012-06-27,0.015336710720977864
2012-06-28,0.015395141765718767
2012-06-29,0.08200756953220689
2012-07-02,0.08096456595922219
2012-07-03,0.08079318841144045
2012-07-05,0.08100742051501009
2012-07-06,0.08099331959854905
2012-07-09,0.0811582382881908
2012-07-10,0.0817515447630407
2012-07-11,0.08176009358146552
2012-07-12,0.08172337824673903
2012-07-13,0.08024221734931392
2012-07-16,0.08084951295824394
2012-07-17,0.08018868020455427
2012-07-18,0.08084216373980635
2012-07-19,0.08131255312572039
2012-07-20,0.07560359595754218
2012-07-23,0.07616206130511316
2012-07-24,0.07667881482925054
2012-07-25,0.07627307314222109
2012-07-26,0.03143310306379776
2012-07-27,0.030900393028179485
2012-07-30,0.031072277452124042
2012-07-31,0.031241245692028463
2012-08-01,0.031702152180006604
2012-08-02,0.03575834769142194
2012-08-03,0.03527359476842451
2012-08-06,0.0353801300709613
2012-08-07,0.03516066074468349
2012-08-08,0.03504799615709653
2012-08-09,0.03509680567961049
2012-08-10,0.08640325128065818
2012-08-13,0.08634855982157397
2012-08-14,0.08628210054719176
2012-08-15,0.0860435400885371
2012-08-16,0.08564946223278103
2012-08-17,0.08516006775963014
2012-08-20,0.08536398389075328
2012-08-21,0.08583145345292387
2012-08-22,0.0854399165577795
2012-08-23,0.08605440279078636
2012-08-24,0.08150786150687439
2012-08-27,0.0813236983574509
2012-08-28,0.08089762041005788
2012-08-29,0.08065716659303068
2012-08-30,0.08099545298514976
2012-08-31,0.08080893741342443
2012-09-04,0.08020854013303769
2012-09-05,0.0350365565733507
2012-09-06,0.03435952283460553
2012-09-07,0.03450390562749084
2012-09-10,0.03476239896691791
2012-09-11,0.02985617148655273
2012-09-12,0.029608960176517263
2012-09-13,0.029320241192123953
2012-09-14,0.02904117782180038
2012-09-17,0.02920407577404327
2012-09-18,0.0293868722050048
2012-09-19,0.027299004237281044
2012-09-20,0.027248569184811555
2012-09-21,0.026856488105849508
2012-09-24,0.08505422294626908
2012-09-25,0.08550658222010576
2012-09-26,0.08643022397489175
2012-09-27,0.08360504690655446
2012-09-28,0.08379801118040908
2012-10-01,0.08360844776380949
2012-10-02,0.08356768250707147
2012-10-03,0.0824889666586015
2012-10-04,0.133516000193867
2012-10-05,0.1331138486884692
2012-10-08,0.1345542192446212
2012-10-09,0.13622115437626714
2012-10-10,0.13775575681571928
2012-10-11,0.1318334379002568
2012-10-12,0.13236634742739417
2012-10-15,0.1298277117368194
2012-10-16,0.1290002738081124
2012-10-17,0.126172182758288
2012-10-18,0.12588585771610317
2012-10-19,0.12614838662078354
2012-10-22,0.12673277536793104
2012-10-23,0.1278795453861974
2012-10-24,0.0806520377872022
2012-10-25,0.07400249927619418
2012-10-26,0.02205297882747015
2012-10-31,0.021963945139697794
2012-11-01,0.02157212510418538
2012-11-02,0.021772108068170648
2012-11-05,0.021486433427053697
2012-11-06,0.02107139159352389
2012-11-07,0.07953162311204776
2012-11-08,0.08060375739354808
2012-11-09,0.08145487046885247
2012-11-12,0.07786190379372626
2012-11-13,0.07786873610690759
2012-11-14,0.03408788003789176
2012-11-15,0.3253982574706029
2012-11-16,0.3232774114710687
2012-11-19,0.319263024541098
2012-11-20,0.017335613426164964
2012-11-21,0.016902127411675627
2012-11-23,0.016709185984069896
2012-11-26,0.016718673959462915
2012-11-27,0.016918408855358447
2012-11-28,0.01685620200545157
2012-11-29,0.016751316542554462
2012-11-30,0.06855349281916923
2012-12-03,0.06902845553981696
2012-12-04,0.06944204472863635
2012-12-05,0.06982012203278243
2012-12-06,0.0694996364091659
2012-12-07,0.06900009832326981
2012-12-10,0.06899812030269348
2012-12-11,0.06919002279739572
2012-12-12,0.06890013028914843
2012-12-13,0.06747011012758142
2012-12-14,0.065684312444377
2012-12-17,0.06484021476310597
2012-12-18,0.06413039296593481
2012-12-19,0.06422770436196112
2012-12-20,0.06398172796118196
2012-12-21,0.06456514062639107
2012-12-24,0.06834609297373051
2012-12-26,0.06918792423602971
2012-12-27,0.06911656684102652
2012-12-28,0.06973404124870075
2012-12-31,0.06850025419854466
2013-01-02,0.06641705921474872
2013-01-03,0.06690231576033445
2013-01-04,0.06600306232252662
2013-01-07,0.06570501441330812
2013-01-08,0.06569036875409573
2013-01-09,0.02270004014784699
2013-01-10,0.022668709143039756
2013-01-11,0.022657531819176624
2013-01-14,0.022673370507010793
2013-01-15,0.022594754041734832
2013-01-16,0.08048507589119036
2013-01-17,0.07947030778975983
2013-01-18,0.07906663846981499
2013-01-22,0.07869432709236102
2013-01-23,0.07840951556259634
2013-01-24,0.07779813963636961
2013-01-25,0.07736277521601176
2013-01-28,0.0776987239096889
2013-01-29,0.07731520962895444
2013-01-30,0.07752261160198315
2013-01-31,0.07729820355688666
2013-02-01,0.07640867005733554
2013-02-04,0.1346404187948841
2013-02-05,0.1338541451821701
2013-02-06,0.13361330121383996
2013-02-07,0.13385308880031288
2013-02-08,0.12199280032981075
2013-02-11,0.12215987203999401
2013-02-12,0.12142799480282762
2013-02-13,0.12093089698466164
2013-02-14,0.12147528845235733
2013-02-15,0.12293447400039537
2013-02-19,0.11402862383766221
2013-02-20,0.11673307609047356
2013-02-21,0.06068592757384794
2013-02-22,0.06293860418292108
2013-02-25,0.06472544671008618
2013-02-26,0.06392616985122457
2013-02-27,0.06274574241033182
2013-02-28,0.06278003461186477
2013-03-01,0.06247309074094609
2013-03-04,0.06124689211071488
2013-03-05,0.060841406098937845
2013-03-06,0.16774861278410358
2013-03-07,0.16127197708486518
2013-03-08,0.16047448569774814
2013-03-11,0.21476831210296243
2013-03-12,0.21456592485770876
2013-03-13,0.21508181770278312
2013-03-14,0.21371859204021426
2013-03-15,0.2061649816561203
2013-03-18,0.20628550979283722
2013-03-19,0.20657402934154045
2013-03-20,0.20378283309010115
2013-03-21,0.20593798104401217
2013-03-22,0.2047176329905448
2013-03-25,0.20551637722677074
2013-03-26,0.20435658810413082
2013-03-27,0.2041904625374289
2013-03-28,0.20247406659995093
2013-04-01,0.20471515853256728
2013-04-02,0.2000884437270528
2013-04-03,0.20454248663491226
2013-04-04,0.1652081242734723
2013-04-05,0.11721467356769244
2013-04-08,0.06987474071553645
2013-04-09,0.06988425221829853
2013-04-10,0.0689129870486116
2013-04-11,0.02553596775262934
2013-04-12,0.025720919486786786
2013-04-15,0.02685532121171741
2013-04-16,0.07490541261477324
2013-04-17,0.07640352443542675
2013-04-18,0.07705350024693602
2013-04-19,0.07524377568512197
2013-04-22,0.07502966124652255
2013-04-23,0.07400855217982327
2013-04-24,0.07355831060655715
2013-04-25,0.07264396525824612
2013-04-26,0.07295983688962171
2013-04-29,0.07239115721024347
2013-04-30,0.06801874049019963
2013-05-01,0.06928201765192743
2013-05-02,0.06814979294507795
2013-05-03,0.024825166942538335
2013-05-06,0.024580410386989326
2013-05-07,0.08302104896277218
2013-05-08,0.08273776243592113
2013-05-09,0.0829901507228149
2013-05-10,0.08231621887701224
2013-05-13,0.08202772319848806
2013-05-14,0.07276256974941542
2013-05-15,0.1269555342598656
2013-05-16,0.1282847101356992
2013-05-17,0.12673469724145137
2013-05-20,0.1280896247330885
2013-05-21,0.1272302846958372
2013-05-22,0.12284644477997508
2013-05-23,0.12348700164818072
2013-05-24,0.12301853463804513
2013-05-28,0.1218667332359209
2013-05-29,0.12317964015910232
2013-05-30,0.12215595607544616
2013-05-31,0.12398494293863627
2013-06-03,0.1241251332176424
2013-06-04,0.11740358543648188
2013-06-05,0.11905773015762189
2013-06-06,0.11521441060084103
2013-06-07,0.06915191645449781
2013-06-10,0.0684225389439489
2013-06-11,0.06970813212383764
2013-06-12,0.06725210202558352
2013-06-13,0.06610420017264773
2013-06-14,0.06268988036325651
2013-06-17,0.06172818383526846
2013-06-18,0.0609375936941533
2013-06-19,0.11901979838476118
2013-06-20,0.12160693988090587
2013-06-21,0.03267977576012138
2013-06-24,0.032956332811223565
2013-06-25,0.08900188617479321
2013-06-26,0.08341355408111295
2013-06-27,0.08249405119791697
2013-06-28,0.07486892970646442
2013-07-01,0.07388552115962654
2013-07-02,0.07405763937952958
2013-07-03,0.07422711569669416
2013-07-05,0.07257484566152439
2013-07-08,0.07231189415681205
2013-07-09,0.07204522258785295
2013-07-10,0.12637127978197227
2013-07-11,0.12623773748380085
2013-07-12,0.1254187279248291
2013-07-15,0.12514656416821912
2013-07-16,0.12580001643999106
2013-07-17,0.1257569340351038
2013-07-18,0.12389238507544242
2013-07-19,0.12510893617616303
2013-07-22,0.12388665011949229
2013-07-23,0.18215853825687756
2013-07-24,0.13126376132783424
2013-07-25,0.13092012450246981
2013-07-26,0.1310695501277105
2013-07-29,0.13145037039305418
2013-07-30,0.13108339105144007
2013-07-31,0.13054999403032153
2013-08-01,0.12715106983075442
2013-08-02,0.1272149795690476
2013-08-05,0.127939396010344
2013-08-06,0.12920691263901363
2013-08-07,0.12980487496655235
2013-08-08,0.12226902812581686
2013-08-09,0.12248667587587392
2013-08-12,0.12349527069306232
2013-08-13,0.12238986796759899
2013-08-14,0.12348023737560687
2013-08-15,0.12522606337600994
2013-08-16,0.12441206959236562
2013-08-19,0.12596780863040868
2013-08-20,0.07666827216219008
2013-08-21,0.07688105385226718
2013-08-22,0.0758873516894476
2013-08-23,0.075868927443284
2013-08-26,0.07578850008531823
2013-08-27,0.07832372675042654
2013-08-28,0.028527181193015005
2013-08-29,0.02844732559229668
2013-08-30,0.028668456917944618
2013-09-03,0.032918299722798694
2013-09-04,0.03240569127408133
2013-09-05,0.032234442233857075
2013-09-06,0.03230090330094959
2013-09-09,0.03207130980895634
2013-09-10,0.033040406495966956
2013-09-11,0.01601660439570951
2013-09-12,0.01614161330216024
2013-09-13,0.016043922960387813
2013-09-16,0.01598334633091003
2013-09-17,0.015872425255944345
2013-09-18,0.01597598961657576
2013-09-19,0.016076309584530435
2013-09-20,0.07372271225692473
2013-09-23,0.0733719706942082
2013-09-24,0.07361818652715368
2013-09-25,0.07364725092319058
2013-09-26,0.07320711692350979
2013-09-27,0.07354642778463549
2013-09-30,0.07112601133211871
2013-10-01,0.0703240401129438
2013-10-02,0.07009565478200408
2013-10-03,0.07035096625713821
2013-10-04,0.06941598447197972
2013-10-07,0.07114845483082044
2013-10-08,0.07299818602895747
2013-10-09,0.07560647855553337
2013-10-10,0.07428011645402444
2013-10-11,0.07383089417763211
2013-10-14,0.07321921686048294
2013-10-15,0.07417119587732546
2013-10-16,0.07493241314534871
2013-10-17,0.07479022475489794
2013-10-18,0.07358313991541288
2013-10-21,0.0727442769380473
2013-10-22,0.07201861120799691
2013-10-23,0.07239948750168934
2013-10-24,0.07171234396599357
2013-10-25,0.07241858378984412
2013-10-28,0.07261761099833852
2013-10-29,0.07235709077137575
2013-10-30,0.07228320300316615
2013-10-31,0.05825247960200319
2013-11-01,0.05836284548005144
2013-11-04,0.05797180238731792
2013-11-05,0.05799438717524419
2013-11-06,0.058544297442865045
2013-11-07,0.016250425005289726
2013-11-08,0.017932102777058034
2013-11-11,0.009290719500978484
2013-11-12,0.009254138539312562
2013-11-13,0.009178879896125647
2013-11-14,0.009204667967408597
2013-11-15,0.00918886933659857
2013-11-18,0.009250125345265259
2013-11-19,0.006982627819117737
2013-11-20,0.006968002458806688
2013-11-21,0.006844597838530864
2013-11-22,0.06439279601133907
2013-11-25,0.0643079619705621
2013-11-26,0.06385755496270595
2013-11-27,0.12008217826163636
2013-11-29,0.12043076518291007
2013-12-02,0.12049803414751004
2013-12-03,0.11358318785640587
2013-12-04,0.10935992783519932
2013-12-05,0.10978451757200736
2013-12-06,0.10904654052133311
2013-12-09,0.1086456005302251
2013-12-10,0.1092732633929655
2013-12-11,0.11053300389838683
2013-12-12,0.10953106878393093
2013-12-13,0.109482258087095
2013-12-16,0.10403863717326522
2013-12-17,0.10448001763357218
2013-12-18,0.10390936763042435
2013-12-19,0.10496726500727616
2013-12-20,0.10348551071886547
2013-12-23,0.10313123587793327
2013-12-24,0.10273049592051098
2013-12-26,0.10239882012809198
2013-12-27,0.10271006789771675
2013-12-30,0.1026691763642793
2013-12-31,0.10254277519006061
2014-01-02,0.10360822827205696
2014-01-03,0.10877194093917253
2014-01-06,0.10940005002098685
2014-01-07,0.06639761391990229
2014-01-08,0.06619666769977695
2014-01-09,0.06618309704925873
2014-01-10,0.06553385906320097
2014-01-13,0.06673904010148879
2014-01-14,0.06763784127213146
2014-01-15,0.06731122830268466
2014-01-16,0.06754673712170489
2014-01-17,0.05564543581223502
2014-01-21,0.05492684426099992
2014-01-22,0.05401538452558874
2014-01-23,0.054371796865742006
2014-01-24,0.05631361409908131
2014-01-27,0.04707131313556989
2014-01-28,0.04680889652465925
2014-01-29,0.04761598139488077
2014-01-30,0.04294374368235987
2014-01-31,0.10295897182469504
2014-02-03,0.10663832466910739
2014-02-04,0.084468637118574
2014-02-05,0.04399925617499867
2014-02-06,0.04364518264149975
2014-02-07,0.04254134834414136
2014-02-10,0.04256088535402758
2014-02-11,0.04223591092017409
2014-02-12,0.04213649001228281
2014-02-13,0.04175315189839013
2014-02-14,0.04155992597418756
2014-02-18,0.04146165249464506
2014-02-19,0.04192196634182743
2014-02-20,0.04097075020727847
2014-02-21,0.04081216643793517
2014-02-24,0.03298149561225716
2014-02-25,0.03287932018009476
2014-02-26,0.032772804327339755
2014-02-27,0.03279598210961576
2014-02-28,0.033073911675334244
2014-03-03,0.03396097931465769
2014-03-04,0.07304204355372046
2014-03-05,0.07301842762332644
2014-03-06,0.0738124226177106
2014-03-07,0.0260976843884565
2014-03-10,0.026072923209141452
2014-03-11,0.02616981900174875
2014-03-12,0.025962429451344415
2014-03-13,0.026611569694583448
2014-03-14,0.025948899912455525
2014-03-17,0.025759486634119866
2014-03-18,0.025509746825309154
2014-03-19,0.025679268109111142
2014-03-20,0.025653200974280366
2014-03-21,0.026500611362947457
2014-03-24,0.0032233009442247385
2014-03-25,0.0020070924955468694
2014-03-26,0.002037490366306738
2014-03-27,0.0020474276231920996
2014-03-28,0.00029061902621663194
2014-03-31,0.0002841309423265992
2014-04-01,0.0002811252833986311
2014-04-02,0.0002792437530479974
2014-04-03,0.05915437402054091
2014-04-04,0.06042833852000773
2014-04-07,0.05028191616431432
2014-04-08,0.05019064514489879
2014-04-09,0.0490336592354258
2014-04-10,0.0503864414294547
2014-04-11,0.06093167331671212
2014-04-14,0.05712512891269128
2014-04-15,0.05653549522854184
2014-04-16,0.055864542827877006
2014-04-17,0.055336351513638804
2014-04-21,0.054870557096269645
2014-04-22,0.05453625810053009
2014-04-23,0.05441772054889493
2014-04-24,0.05462961141438882
2014-04-25,0.049401438946618526
2014-04-28,0.04940858259866843
2014-04-29,0.0490581814114357
2014-04-30,0.04718597742364905
2014-05-01,0.0472793650176232
2014-05-02,0.047039938581256324
2014-05-05,0.04732533615629142
2014-05-06,0.04736658301734298
2014-05-07,0.040817058389383876
2014-05-08,0.04143212794954776
2014-05-09,0.043461461269240886
2014-05-12,0.04263067453877012
2014-05-13,0.10220836391405974
2014-05-14,0.10277754704542297
2014-05-15,0.10393443651326983
2014-05-16,0.10355776754498125
2014-05-19,0.10237727056780743
2014-05-20,0.10338744503928521
2014-05-21,0.10177335455757164
2014-05-22,0.10210003368898346
2014-05-23,0.10148796943657235
2014-05-27,0.10116377914430552
2014-05-28,0.10085026958900944
2014-05-29,0.0993022024632576
2014-05-30,0.0994863483385785
2014-06-02,0.09966427417670054
2014-06-03,0.09926640870273329
2014-06-04,0.0989701621946697
2014-06-05,0.09829553645200395
2014-06-06,0.0972188607850819
2014-06-09,0.09675179088895947
2014-06-10,0.15283966624351342
2014-06-11,0.1529139492772571
2014-06-12,0.15402644780753993
2014-06-13,0.10881795210266165
2014-06-16,0.10667590150421635
2014-06-17,0.10596791699639552
2014-06-18,0.10528026826508641
2014-06-19,0.10458446488785
2014-06-20,0.10477491856246224
2014-06-23,0.094426119214158
2014-06-24,0.09667038284609186
2014-06-25,0.0953366633185504
2014-06-26,0.09540657376132888
2014-06-27,0.09514082031419435
2014-06-30,0.09465436349175371
2014-07-01,0.0939588961355099
2014-07-02,0.09299898038729992
2014-07-03,0.1494143734500306
2014-07-07,0.15114574059961405
2014-07-08,0.2099438801600515
2014-07-09,0.20906191683034225
2014-07-10,0.21091314794690552
2014-07-11,0.20254946417201325
2014-07-14,0.2011726744146516
2014-07-15,0.20206514033676293
2014-07-16,0.20040118949856445
2014-07-17,0.2033773813527947
2014-07-18,0.19908915864988108
2014-07-21,0.1981576140841741
2014-07-22,0.1970542994684289
2014-07-23,0.19706967362678407
2014-07-24,0.19757382829753178
2014-07-25,0.19896774509055826
2014-07-28,0.199228176248468
2014-07-29,0.20028556867031821
2014-07-30,0.1973171806455407
2014-07-31,0.19425816235054927
2014-08-01,0.14469059757660852
2014-08-04,0.1411256196989884
2014-08-05,0.14200021350980307
2014-08-06,0.1423204282175684
2014-08-07,0.14302111673698836
2014-08-08,0.05440128444265069
2014-08-11,0.05400830723400851
2014-08-12,0.05399736602605665
2014-08-13,0.05340010893733915
2014-08-14,0.05328688600779974
2014-08-15,0.053333949277377
2014-08-18,0.052621955041477375
2014-08-19,0.05238726993781062
2014-08-20,0.05215574157738212
2014-08-21,0.05229815471635246
2014-08-22,0.052488597680122595
2014-08-25,0.05250079396865848
2014-08-26,0.052580512330304585
2014-08-27,0.05237774101890169
2014-08-28,0.05216650876304274
2014-08-29,0.05194449347289398
2014-09-02,0.05162100322779117
2014-09-03,0.051774530435976907
2014-09-04,0.05204258075533219
2014-09-05,0.0515947131186234
2014-09-08,0.05153922177065717
2014-09-09,0.05190856500812391
2014-09-10,0.05211369377840025
2014-09-11,0.04637034524867212
2014-09-12,0.047036423951199446
2014-09-15,0.037889153069987525
2014-09-16,0.037440485730503625
2014-09-17,0.03722698988000073
2014-09-18,0.036833917905208624
2014-09-19,0.03697360517923376
2014-09-22,0.034310504291558575
2014-09-23,0.03455176619738254
2014-09-24,0.03408884968760939
2014-09-25,0.034788543119990356
2014-09-26,0.03473000803586124
2014-09-29,0.03478330798089879
2014-09-30,0.03507592671314319
2014-10-01,0.03633558289450567
2014-10-02,0.008784065172165345
2014-10-03,0.008621074905836856
2014-10-06,0.008704831176944983
2014-10-07,0.11136277649390702
2014-10-08,0.01106391523595962
2014-10-09,0.011313944518304697
2014-10-10,0.1865682703563697
2014-10-13,0.1906959917114055
2014-10-14,0.28754678535232014
2014-10-15,0.2897937873291897
2014-10-16,0.4956633957388914
2014-10-17,0.49604995864595314
2014-10-20,0.49024148062244965
2014-10-21,0.48462984056859604
2014-10-22,0.4834217246483401
2014-10-23,0.4804005899256485
2014-10-24,0.5811156774216585
2014-10-27,0.5807449245936398
2014-10-28,0.574081926140499
2014-10-29,0.5733388931137663
2014-10-30,0.5726728728395085
2014-10-31,0.5686866512062577
2014-11-03,0.5694313922632425
2014-11-04,0.5663282464279279
2014-11-05,0.5655617242248385
2014-11-06,0.26419007565295716
2014-11-07,0.1644443190863819
2014-11-10,0.0636745937425569
2014-11-11,0.06339158065230166
2014-11-12,0.06300644613304418
2014-11-13,0.020586122862569778
2014-11-14,0.020837277335636006
2014-11-17,0.020817096331123608
2014-11-18,0.020599382749606043
2014-11-19,0.020619812334227383
2014-11-20,0.020599185722759983
2014-11-21,0.020682065785395443
2014-11-24,0.020372896491350434
2014-11-25,0.020435040666146875
2014-11-26,0.020288204953020528
2014-11-28,0.02016029003665898
2014-12-01,0.020275262029068264
2014-12-02,0.012342763164389425
2014-12-03,0.06362171614892809
2014-12-04,0.12097901231139752
2014-12-05,0.12047558271412218
2014-12-08,0.12047839094900992
2014-12-09,0.12023196650425161
2014-12-10,0.1780149183687464
2014-12-11,0.1692809661525656
2014-12-12,0.17098032733743107
2014-12-15,0.17247133991326857
2014-12-16,0.16527720192477835
2014-12-17,0.16139360614957432
2014-12-18,0.1589608200169651
2014-12-19,0.15888552520427024
2014-12-22,0.1590292062181219
2014-12-23,0.16016623162873
2014-12-24,0.15739163764354203
2014-12-26,0.15705987518066467
2014-12-29,0.1562466900573083
2014-12-30,0.15637603768123576
2014-12-31,0.1571712612083047
2015-01-02,0.15741074159535962
2015-01-05,0.15850185351015333
2015-01-06,0.1594022464013779
2015-01-07,0.15750288798205347
2015-01-08,0.1553225085501544
2015-01-09,0.1572697358167906
2015-01-12,0.15820303627033638
2015-01-13,0.15747160937148252
2015-01-14,0.15817578499861173
2015-01-15,0.15912018467560363
2015-01-16,0.26437565019615106
2015-01-20,0.35838037756856256
2015-01-21,0.05780629457025388
2015-01-22,0.05633937773072062
2015-01-23,0.11463526345178221
2015-01-26,0.11383763707579442
2015-01-27,0.1151921283321019
2015-01-28,0.1169592802249747
2015-01-29,0.11571633343248677
2015-01-30,0.11866859972083466
2015-02-02,0.31422699179375724
2015-02-03,0.31070816288687864
2015-02-04,0.30952021929987716
2015-02-05,0.3076381689072434
2015-02-06,0.3076931098079918
2015-02-09,0.10875100653841174
2015-02-10,0.10676697674917413
2015-02-11,0.10721243981708972
2015-02-12,0.1063488857488083
2015-02-13,0.1064810950977173
2015-02-17,0.10627174296310371
2015-02-18,0.10545987925699507
2015-02-19,0.10556730504606315
2015-02-20,0.05918255636696601
2015-02-23,0.05903417773530517
2015-02-24,0.058861761183186645
2015-02-25,0.0589325851399487
2015-02-26,0.05899150100560613
2015-02-27,0.05887436338858454
2015-03-02,0.05822746477240859
2015-03-03,0.05849487848738788
2015-03-04,0.058446026322789835
2015-03-05,0.057745545927049835
2015-03-06,0.1149772047284402
2015-03-09,0.1073832729530172
2015-03-10,0.10700587657975624
2015-03-11,0.10699513895309698
2015-03-12,0.16387668969171254
2015-03-13,0.16379640177227883
2015-03-16,0.16073706027010082
2015-03-17,0.16067338243966955
2015-03-18,0.1604094949721151
2015-03-19,0.15981087809657313
2015-03-20,0.1583640114484971
2015-03-23,0.15771820213707266
2015-03-24,0.15785332152892406
2015-03-25,0.16034478140089192
2015-03-26,0.11330456655759169
2015-03-27,0.10854957292243483
2015-03-30,0.10742578336632569
2015-03-31,0.10335822865167565
2015-04-01,0.10454249898863666
2015-04-02,0.10517646795764513
2015-04-06,0.08965727483595176
2015-04-07,0.09010371430734643
2015-04-08,0.08913074428077583
2015-04-09,0.08950767724008857
2015-04-10,0.08746495810784627
2015-04-13,0.08720906909210135
2015-04-14,0.08767651805980681
2015-04-15,0.08860609718263424
2015-04-16,0.0885296614886889
2015-04-17,0.08962774423538655
2015-04-20,0.09106120762593561
2015-04-21,0.0907178570938143
2015-04-22,0.08533332505187385
2015-04-23,0.0848352347761363
2015-04-24,0.08435985623205111
2015-04-27,0.08574000655255287
2015-04-28,0.08650962562938902
2015-04-29,0.08786385181966005
2015-04-30,0.017516118314317097
2015-05-01,0.017351911377182394
2015-05-04,0.015170435194616916
2015-05-05,0.01536888723570673
2015-05-06,0.015391185017189835
2015-05-07,0.02111223256976158
2015-05-08,0.020982628595647812
2015-05-11,0.02098623911181252
2015-05-12,0.020625079207116648
2015-05-13,0.02063491556888386
2015-05-14,0.017771806033907045
2015-05-15,0.07389249280806431
2015-05-18,0.07300939599326794
2015-05-19,0.07298539599338316
2015-05-20,0.07190676176302102
2015-05-21,0.07181154066128925
2015-05-22,0.07197888507952843
2015-05-26,0.07273459618582423
2015-05-27,0.08201756016021677
2015-05-28,0.08188879776986524
2015-05-29,0.08217035812015527
2015-06-01,0.08174052467032045
2015-06-02,0.081718841145631
2015-06-03,0.08119916532927274
2015-06-04,0.08193247219334998
2015-06-05,0.08142995107056483
2015-06-08,0.08217537245261719
2015-06-09,0.08247251524324684
2015-06-10,0.0797197807540071
2015-06-11,0.07961445141124823
2015-06-12,0.07965572470348925
2015-06-15,0.07991545706511549
2015-06-16,0.07876256972562934
2015-06-17,0.078587530268863
2015-06-18,0.07776282756618014
2015-06-19,0.07820983526610681
2015-06-22,0.078093986404139
2015-06-23,0.07799186312978756
2015-06-24,0.07842814182263014
2015-06-25,0.07838013613090322
2015-06-26,0.07865835564935231
2015-06-29,0.07594584352369194
2015-06-30,0.07593724853306605
2015-07-01,0.0754925829678027
2015-07-02,0.06650231100283588
2015-07-06,0.06616296217515327
2015-07-07,0.06659980892465933
2015-07-08,0.0677394528269103
2015-07-09,0.06502088463395717
2015-07-10,0.06397235063985951
2015-07-13,0.0634041477515499
2015-07-14,0.06279418935428094
2015-07-15,0.01966801628899495
2015-07-16,0.019450110568559387
2015-07-17,0.01947779075852285
2015-07-20,0.01948442286448293
2015-07-21,0.019531002597567015
2015-07-22,0.01943145978234795
2015-07-23,0.0144009921486975
2015-07-24,0.014381624497108447
2015-07-27,0.0772162143100642
2015-07-28,0.0763251373485303
2015-07-29,0.07698659687261333
2015-07-30,0.07354314790461736
2015-07-31,0.06329725249740925
2015-08-03,0.06310247099505562
2015-08-04,0.12097763334058897
2015-08-05,0.12100031189907523
2015-08-06,0.12211865531104538
2015-08-07,0.12437117669229492
2015-08-10,0.11102233329319722
2015-08-11,0.11176689341466439
2015-08-12,0.11273571918594194
2015-08-13,0.11244019362643143
2015-08-14,0.11262910081985933
2015-08-17,0.11133096025537759
2015-08-18,0.11210700916931116
2015-08-19,0.11268066751442851
2015-08-20,0.06923829580932417
2015-08-21,0.26845090328974996
2015-08-24,0.5650963513305931
2015-08-25,0.6249018294037398
2015-08-26,0.6169394061085538
2015-08-27,0.6095677180024079
2015-08-28,0.7180967175656996
2015-08-31,0.719633077004245
2015-09-01,0.726812066598067
2015-09-02,0.7791222139385134
2015-09-03,0.790294501712174
2015-09-04,0.7896864082033943
2015-09-08,0.7868321400318604
2015-09-09,0.7900743706231215
2015-09-10,0.786497831087033
2015-09-11,0.782316304628933
2015-09-14,0.8827706817864209
2015-09-15,0.8789037780763682
2015-09-16,0.8813376570820003
2015-09-17,0.873938208303199
2015-09-18,0.873965788474625
2015-09-21,0.875901063545391
2015-09-22,0.8768719133937386
2015-09-23,0.8777614358633284
2015-09-24,0.8768719133937386
2015-09-25,0.8841801437682204
2015-09-28,0.8917547929677845
2015-09-29,1.0
2015-09-30,1.0
2015-10-01,1.0
2015-10-02,1.0
2015-10-05,1.0
2015-10-06,1.0
2015-10-07,1.0
2015-10-08,1.0
2015-10-09,1.0
2015-10-12,1.0
2015-10-13,1.0
2015-10-14,1.0
2015-10-15,1.0
2015-10-16,1.0
2015-10-19,1.0
2015-10-20,1.0
2015-10-21,1.0
2015-10-22,1.0
2015-10-23,1.0
2015-10-26,1.0
2015-10-27,0.699991241574387
2015-10-28,0.49833743126209584
2015-10-29,0.19915809142801388
2015-10-30,0.10004847335457578
2015-11-02,7.19792369741068e-05
2015-11-03,7.220236819927006e-05
2015-11-04,0.0883392551398745
2015-11-05,0.08775548980455972
2015-11-06,0.08719486745873506
2015-11-09,0.08806889845655363
2015-11-10,0.08725975637643635
2015-11-11,0.08692643015744284
2015-11-12,0.08802804172752166
2015-11-13,0.08879929982845058
2015-11-16,0.08815930652459258
2015-11-17,0.08745369726867591
2015-11-18,0.0869888586996691
2015-11-19,0.08388997365098583
2015-11-20,0.08291215831568532
2015-11-23,0.08248692258621138
2015-11-24,0.0828318291146084
2015-11-25,0.08274198830219137
2015-11-27,0.08230943052901363
2015-11-30,0.08263510413669672
2015-12-01,0.08231613275588501
2015-12-02,0.08261556028393491
2015-12-03,0.08120653292555946
2015-12-04,0.0788684172423133
2015-12-07,0.0796242008818765
2015-12-08,0.07971715178179839
2015-12-09,0.08093997275661224
2015-12-10,0.08090809469755533
2015-12-11,0.08227744779519897
2015-12-14,0.38078261181630246
2015-12-15,0.5732681824323511
2015-12-16,0.5680216105887443
2015-12-17,0.06786225577371341
2015-12-18,0.06876623780288416
2015-12-21,0.17577867567745864
2015-12-22,0.17520589294182587
2015-12-23,0.1746630587595428
2015-12-24,0.17411368834191043
2015-12-28,0.1740587845328907
2015-12-29,0.17251453190915012
2015-12-30,0.1735188453963339
2015-12-31,0.17562055720805225
2016-01-04,0.2834161722682208
2016-01-05,0.2810814373293036
2016-01-06,0.28340605233321925
2016-01-07,0.2845354781645367
2016-01-08,0.4727299082166412
2016-01-11,0.5673637243807194
2016-01-12,0.663196219786299
2016-01-13,0.6670948476272727
2016-01-14,0.6688996443462385
2016-01-15,0.6704999337807697
2016-01-19,0.6657860570204945
2016-01-20,0.6692209085885122
2016-01-21,0.7801707905032839
2016-01-22,0.7756555078991433
2016-01-25,0.7764413028976749
2016-01-26,0.7763490417868469
2016-01-27,0.7788011661669829
2016-01-28,0.7843808130367182
2016-01-29,0.8809654327919594
2016-02-01,0.8796743532364995
2016-02-02,0.880944796078278
2016-02-03,0.8823982114631146
2016-02-04,0.8847850556391779
2016-02-05,0.8908676687040353
2016-02-08,1.0
2016-02-09,1.0
2016-02-10,1.0
2016-02-11,1.0
2016-02-12,1.0
2016-02-16,1.0
2016-02-17,1.0
2016-02-18,1.0
2016-02-19,1.0
2016-02-22,1.0
2016-02-23,1.0
2016-02-24,1.0
2016-02-25,1.0
2016-02-26,1.0
2016-02-29,1.0
2016-03-01,1.0
2016-03-02,1.0
2016-03-03,1.0
2016-03-04,1.0
2016-03-07,1.0
2016-03-08,1.0
2016-03-09,1.0
2016-03-10,1.0
2016-03-11,1.0
2016-03-14,0.6001611788947683
2016-03-15,0.5020887774351825
2016-03-16,0.0016033736776356333
2016-03-17,0.0015907521125718693
2016-03-18,0.0016097863774058307
2016-03-21,0.00161270663151869
2016-03-22,0.0016118920537283588
2016-03-23,0.0016121153183665804
2016-03-24,0.0016026343871774484
2016-03-28,0.0015965519188145816
2016-03-29,0.0015642840935345959
2016-03-30,0.0015619621042529674
2016-03-31,0.0015689834166076055
2016-04-01,0.0015631407324858682
2016-04-04,0.0015673628247783178
2016-04-05,0.0015928472740701638
2016-04-06,0.001590174107792608
2016-04-07,0.0015960170698122722
2016-04-08,0.09470756731404961
2016-04-11,0.09499142711879793
2016-04-12,0.09437088021878359
2016-04-13,0.0942598544298936
2016-04-14,0.09018723168486253
2016-04-15,0.08946382950625575
2016-04-18,0.08894107969180509
2016-04-19,0.08885278595671231
2016-04-20,0.09016500375494219
2016-04-21,0.09218900811280539
2016-04-22,0.08561184111458364
2016-04-25,0.08521013834927538
2016-04-26,0.08480158718628417
2016-04-27,0.08427552712001563
2016-04-28,0.08478316234477679
2016-04-29,0.08502217877161167
2016-05-02,0.08428267901552344
2016-05-03,0.08614139443725066
2016-05-04,0.07997017436014175
2016-05-05,0.07433025366623247
2016-05-06,0.0734813961000772
2016-05-09,0.07364468497687826
2016-05-10,0.07302846567032772
2016-05-11,0.07375871079626117
2016-05-12,0.07383145339323671
2016-05-13,0.07413006966819546
2016-05-16,0.07021886358416429
2016-05-17,0.07187483248424686
2016-05-18,0.07225796207598356
2016-05-19,0.07201229772344697
2016-05-20,0.07129313942216309
2016-05-23,0.07165158813857198
2016-05-24,0.0724845083863418
2016-05-25,0.07278133920941599
2016-05-26,0.07074855698899385
2016-05-27,0.06982056090995903
2016-05-31,0.0697086518978276
2016-06-01,0.06920505782907249
2016-06-02,0.06903038296930497
2016-06-03,0.0683226810899713
2016-06-06,0.06849793152999761
2016-06-07,0.06808032925199703
2016-06-08,0.06351403398842059
2016-06-09,0.12096878278689371
2016-06-10,0.02093372895031176
2016-06-13,0.021021770640893056
2016-06-14,0.020909713313984835
2016-06-15,0.020984470249638787
2016-06-16,0.0208466149217168
2016-06-17,0.020906180170241928
2016-06-20,0.02090195812572837
2016-06-21,0.020793775084196553
2016-06-22,0.0782698205463731
2016-06-23,0.07764343243919747
2016-06-24,0.07768156249575742
2016-06-27,0.07319493427178725
2016-06-28,0.07277959030649483
2016-06-29,0.0725541163771396
2016-06-30,0.12614850468700756
2016-07-01,0.12607298162099867
2016-07-05,0.12545527362005326
2016-07-06,0.12522404425016265
2016-07-07,0.1271913295388316
2016-07-08,0.1261666062570621
2016-07-11,0.12598045353486287
2016-07-12,0.12684065760671848
2016-07-13,0.1260823254720539
2016-07-14,0.1268667592378293
2016-07-15,0.1262938297148991
2016-07-18,0.12620057813267804
2016-07-19,0.12641508472743423
2016-07-20,0.1264153357787613
2016-07-21,0.12607889274357564
2016-07-22,0.12494175299084698
2016-07-25,0.12527703176726246
2016-07-26,0.12570964946647112
2016-07-27,0.12643999864216093
2016-07-28,0.1255811151597125
2016-07-29,0.12543576053377492
2016-08-01,0.1263025479069716
2016-08-02,0.11839053051168591
2016-08-03,0.11917053362663976
2016-08-04,0.11952074379310895
2016-08-05,0.11370074497973226
2016-08-08,0.06444700807835624
2016-08-09,0.022518676600895793
2016-08-10,0.021800954013884377
2016-08-11,0.021823887208480608
2016-08-12,0.021937530721744314
2016-08-15,0.021833417618499662
2016-08-16,0.022217145311042685
2016-08-17,0.08740976423695279
2016-08-18,0.08710913076660953
2016-08-19,0.0875411819428562
2016-08-22,0.08697470940033225
2016-08-23,0.08647686338372906
2016-08-24,0.08786163543770897
2016-08-25,0.08207451792370968
2016-08-26,0.08243146210000774
2016-08-29,0.08316339942947149
2016-08-30,0.0798186766518868
2016-08-31,0.08053318017108957
2016-09-01,0.07791879918929134
2016-09-02,0.0774254318354981
2016-09-06,0.07682274323665905
2016-09-07,0.0767393021352788
2016-09-08,0.07653903117885374
2016-09-09,0.07947307502021028
2016-09-12,0.07611191698424447
2016-09-13,0.07788047918540908
2016-09-14,0.08339349687079678
2016-09-15,0.08199689939694443
2016-09-16,0.08229839884379708
2016-09-19,0.08177320097634755
2016-09-20,0.0819887368164145
2016-09-21,0.08430872551599
2016-09-22,0.07547641048840259
2016-09-23,0.07639727532979013
2016-09-26,0.07735730918406236
2016-09-27,0.07678620631493094
2016-09-28,0.07619648872535145
2016-09-29,0.07731347717169645
2016-09-30,0.07199346395485584
2016-10-03,0.07211054067768785
2016-10-04,0.06536506871514114
2016-10-05,0.06508209889981575
2016-10-06,0.06513322827997736
2016-10-07,0.061438267910232436
2016-10-10,0.060962272404042284
2016-10-11,0.062197744497100915
2016-10-12,0.06238649906986704
2016-10-13,0.06022645569834484
2016-10-14,0.06008385839572694
2016-10-17,0.06064897752422427
2016-10-18,0.06043843191194842
2016-10-19,0.06669933785039439
2016-10-20,0.0673480195256666
2016-10-21,0.06738919802874721
2016-10-24,0.06637443349292882
2016-10-25,0.06665356421696522
2016-10-26,0.06883772103800267
2016-10-27,0.08115817590485286
2016-10-28,0.08079488276439406
2016-10-31,0.0844984161197625
2016-11-01,0.08481878845629576
2016-11-02,0.08658805028377914
2016-11-03,0.07345383101011593
2016-11-04,0.0740032096551162
2016-11-07,0.07245728037094457
2016-11-08,0.07249411566422381
2016-11-09,0.07163267366413384
2016-11-10,0.07195347778567207
2016-11-11,0.07118216179972758
2016-11-14,0.0709952114142407
2016-11-15,0.07005975514493135
2016-11-16,0.0701007702559403
2016-11-17,0.06960247317137869
2016-11-18,0.06920984300981847
2016-11-21,0.06869206158015384
2016-11-22,0.06837376511251836
2016-11-23,0.06819353170957654
2016-11-25,0.0680768656676104
2016-11-28,0.0683357847045416
2016-11-29,0.06848260984643695
2016-11-30,0.12617474539440932
2016-12-01,0.08659132678958692
2016-12-02,0.062039396208730224
2016-12-05,0.061352665037162746
2016-12-06,0.061184845567895274
2016-12-07,0.06062958822046027
2016-12-08,0.11607060120997581
2016-12-09,0.11624923963418865
2016-12-12,0.11676238277213669
2016-12-13,0.11654490241261095
2016-12-14,0.11797263194341867
2016-12-15,0.11724196272130794
2016-12-16,0.1177776195153507
2016-12-19,0.11715112932266458
2016-12-20,0.11661479162629096
2016-12-21,0.17234135520140403
2016-12-22,0.1723607217604627
2016-12-23,0.17251776791745443
2016-12-27,0.16325677151361362
2016-12-28,0.1650962629758005
2016-12-29,0.16532771308691208
2016-12-30,0.16588625214781083
2017-01-03,0.16061397455396287
2017-01-04,0.1586190057496818
2017-01-05,0.15964508281721967
2017-01-06,0.15976802674042256
2017-01-09,0.16180750709068625
2017-01-10,0.15781941213262363
2017-01-11,0.15708571632649582
2017-01-12,0.1578831992917984
2017-01-13,0.15760331537642047
2017-01-17,0.11390816803787918
2017-01-18,0.11309258384822096
2017-01-19,0.11255202724942781
2017-01-20,0.10670999876732357
2017-01-23,0.10740405964068822
2017-01-24,0.10550522707981447
2017-01-25,0.10467192357397215
2017-01-26,0.14814940841779167
2017-01-27,0.14842401159863072
2017-01-30,0.14934384031371462
2017-01-31,0.15020018418324177
2017-02-01,0.1498459485389545
2017-02-02,0.14775393460223385
2017-02-03,0.14598792461898702
2017-02-06,0.1462536015999759
2017-02-07,0.1469120270177363
2017-02-08,0.14657352427364578
2017-02-09,0.14566697729349498
2017-02-10,0.14567609035113993
2017-02-13,0.1450166203022607
2017-02-14,0.14451366005886224
2017-02-15,0.14387075310152542
2017-02-16,0.144658748468957
2017-02-17,0.0863192482220525
2017-02-21,0.08592480090988952
2017-02-22,0.08613860218160296
2017-02-23,0.08666794915380716
2017-02-24,0.08220626804313202
2017-02-27,0.08180823175923091
2017-02-28,0.08229817426616859
2017-03-01,0.08016766812421772
2017-03-02,0.08195432715558915
2017-03-03,0.08142036658514329
2017-03-06,0.08187903110722983
2017-03-07,0.08243399939113416
2017-03-08,0.08261126095381977
2017-03-09,0.08275688256269687
2017-03-10,0.08259456292280976
2017-03-13,0.08243439394269858
2017-03-14,0.07917074747304076
2017-03-15,0.07889741046659371
2017-03-16,0.0786598521257571
2017-03-17,0.07901472365610585
2017-03-20,0.07580725989424963
2017-03-21,0.07775662669135075
2017-03-22,0.05225711354833551
2017-03-23,0.052265531064472626
2017-03-24,0.052338463256601075
2017-03-27,0.05254123262371224
2017-03-28,0.052102981647417
2017-03-29,0.052233918801457
2017-03-30,0.051898381882973244
2017-03-31,0.052023369183869184
2017-04-03,0.052758273431464
2017-04-04,0.05267729210918071
2017-04-05,0.054445891008353064
2017-04-06,0.08158619128759048
2017-04-07,0.08171264900970965
2017-04-10,0.081924454557317
2017-04-11,0.08228102717160002
2017-04-12,0.08311013253242383
2017-04-13,0.07749516260202272
2017-04-17,0.07650880606122867
2017-04-18,0.0763792680176183
2017-04-19,0.0757992994608444
2017-04-20,0.07482078419760807
2017-04-21,0.0753580527821025
2017-04-24,0.07439513284808774
2017-04-25,0.07422994352228784
2017-04-26,0.07411852107536376
2017-04-27,0.07392732859040374
2017-04-28,0.07420288349483917
2017-05-01,0.07375697713105223
2017-05-02,0.07373608679849242
2017-05-03,0.07385898154912718
2017-05-04,0.07049631542727108
2017-05-05,0.06991619183993125
2017-05-08,0.06998162605862757
2017-05-09,0.06956297679627232
2017-05-10,0.06963364572661923
2017-05-11,0.024183426680326137
2017-05-12,0.024248498599680146
2017-05-15,0.02412226548975116
2017-05-16,0.023904433674507564
2017-05-17,0.024433490363151233
2017-05-18,0.024219045770604297
2017-05-19,0.023967049604150747
2017-05-22,0.023682332103942882
2017-05-23,0.08098825893955441
2017-05-24,0.08079076233382376
2017-05-25,0.0802431408457831
2017-05-26,0.07957577901902568
2017-05-30,0.07977046845427871
2017-05-31,0.07948577074644325
2017-06-01,0.07885146598819726
2017-06-02,0.07842975048245415
2017-06-05,0.07890857590649802
2017-06-06,0.07899172321010195
2017-06-07,0.07849480544225751
2017-06-08,0.07824741486287534
2017-06-09,0.0792285533110475
2017-06-12,0.07981217115861705
2017-06-13,0.07418026686987556
2017-06-14,0.07436488017976839
2017-06-15,0.07428496668743245
2017-06-16,0.07409734215720076
2017-06-19,0.07329010666159264
2017-06-20,0.0737458411820775
2017-06-21,0.07358302575944697
2017-06-22,0.07357835338848817
2017-06-23,0.0731823683264432
2017-06-26,0.073508040862299
2017-06-27,0.07444047994943581
2017-06-28,0.03161896306850187
2017-06-29,0.0321179050842757
2017-06-30,0.02829989206712691
2017-07-03,0.028600860474481182
2017-07-05,0.02831829954795484
2017-07-06,0.028642878645676828
2017-07-07,0.032846356277121735
2017-07-10,0.03289756908764585
2017-07-11,0.032819006987776844
2017-07-12,0.03248833284649855
2017-07-13,0.032578081571879136
2017-07-14,0.032556567600602326
2017-07-17,0.032540320713691395
2017-07-18,0.03243932840565256
2017-07-19,0.03224263529290761
2017-07-20,0.03223765615916241
2017-07-21,0.03228491796780786
2017-07-24,0.03201863934449267
2017-07-25,0.03213869315069584
2017-07-26,0.032090799325330766
2017-07-27,0.032596329983919814
2017-07-28,0.08800326343009679
2017-07-31,0.08668702165262154
2017-08-01,0.08595901153464947
2017-08-02,0.08699297697454722
2017-08-03,0.08431180196434174
2017-08-04,0.0845504039283751
2017-08-07,0.08436165541843965
2017-08-08,0.08298791312490517
2017-08-09,0.0823023217247768
2017-08-10,0.08379416333854639
2017-08-11,0.08395247561426888
2017-08-14,0.08020914803804613
2017-08-15,0.08001688957548747
2017-08-16,0.034011457296679426
2017-08-17,0.03443985160239005
2017-08-18,0.03454076032252029
2017-08-21,0.034316481659802056
2017-08-22,0.030958997674569333
2017-08-23,0.03110581564714665
2017-08-24,0.031193611819939404
2017-08-25,0.029068433538050886
2017-08-28,0.028888393929822342
2017-08-29,0.08600366621494171
2017-08-30,0.08573198984856922
2017-08-31,0.08499500565620488
2017-09-01,0.13721118471646865
2017-09-05,0.13754826278507326
2017-09-06,0.13827566409971492
2017-09-07,0.13784143667220383
2017-09-08,0.13704657511331297
2017-09-11,0.1359784660423664
2017-09-12,0.13653687567111827
2017-09-13,0.13656092417121857
2017-09-14,0.13160052825968493
2017-09-15,0.13146634995908624
2017-09-18,0.1304959479903791
2017-09-19,0.13073805209802758
2017-09-20,0.13058434022315857
2017-09-21,0.08106558197342928
2017-09-22,0.08070476600246579
2017-09-25,0.07655950914823162
2017-09-26,0.07775582019420124
2017-09-27,0.06252806357025176
2017-09-28,0.062389172271277604
2017-09-29,0.061989249911165945
2017-10-02,0.061145396773690686
2017-10-03,0.06090859094195522
2017-10-04,0.060938014886290914
2017-10-05,0.060596757800981504
2017-10-06,0.060610087152785375
2017-10-09,0.06067760081665108
2017-10-10,0.11698530783651928
2017-10-11,0.11646184199560417
2017-10-12,0.11589832197384875
2017-10-13,0.11618895389134187
2017-10-16,0.11666647607370939
2017-10-17,0.11672863543585144
2017-10-18,0.11585899876992689
2017-10-19,0.10610418055469872
2017-10-20,0.10447184935981046
2017-10-23,0.10556009582362658
2017-10-24,0.1049184876362198
2017-10-25,0.1049127792887875
2017-10-26,0.10404992952633796
2017-10-27,0.10384138404032295
2017-10-30,0.10102991879862155
2017-10-31,0.10028081338714323
2017-11-01,0.15669943499404104
2017-11-02,0.15556512042352366
2017-11-03,0.15555084166003352
2017-11-06,0.11080151750657385
2017-11-07,0.10878104460195559
2017-11-08,0.10883137882478666
2017-11-09,0.11022597946208468
2017-11-10,0.11048204088650293
2017-11-13,0.11067089341025049
2017-11-14,0.10824037657707364
2017-11-15,0.10912285316837167
2017-11-16,0.10778073967507573
2017-11-17,0.10781633741046215
2017-11-20,0.10694114051391534
2017-11-21,0.1017871146234205
2017-11-22,0.10215349753937464
2017-11-24,0.10187391091556275
2017-11-27,0.10220290063924042
2017-11-28,0.10019157288388947
2017-11-29,0.10042028899126498
2017-11-30,0.09894838206584833
2017-12-01,0.15240640792556626
2017-12-04,0.15461916799286868
2017-12-05,0.15447583024557554
2017-12-06,0.16414459053299746
2017-12-07,0.1627834374424305
2017-12-08,0.16155362446352717
2017-12-11,0.16171845957666175
2017-12-12,0.1621993610750747
2017-12-13,0.1617934528794317
2017-12-14,0.1629361052515088
2017-12-15,0.16121604573688708
2017-12-18,0.16008003492052147
2017-12-19,0.21789535402461713
2017-12-20,0.2184447856798548
2017-12-21,0.21737448603578557
2017-12-22,0.17290673503922382
2017-12-26,0.172228824413735
2017-12-27,0.1720604396766826
2017-12-28,0.17104463797904623
2017-12-29,0.172508841464609
2018-01-02,0.17146201370248504
2018-01-03,0.16922389950837624
2018-01-04,0.2254195292266824
2018-01-05,0.22399902390583937
2018-01-08,0.22509108699162517
2018-01-09,0.22363779399631956
2018-01-10,0.22473953375126077
2018-01-11,0.2207828582112611
2018-01-12,0.2213621034477805
2018-01-16,0.2231206055116156
2018-01-17,0.17225400393183887
2018-01-18,0.17240889288001549
2018-01-19,0.22682503162525314
2018-01-22,0.22674140833568168
2018-01-23,0.22662193851584467
2018-01-24,0.22707624890778044
2018-01-25,0.22819903432240252
2018-01-26,0.21440607946274903
2018-01-29,0.20580417661870376
2018-01-30,0.20724273654298098
2018-01-31,0.15868231411736977
2018-02-01,0.10755095931663605
2018-02-02,0.10970330594060851
2018-02-05,0.06193957614376555
2018-02-06,0.061476536833998896
2018-02-07,0.11658731638997943
2018-02-08,0.1200775611661552
2018-02-09,0.4808285909095893
2018-02-12,0.48020393072319445
2018-02-13,0.4735181556406515
2018-02-14,0.4689444852008887
2018-02-15,0.4657950669810943
2018-02-16,0.46860118290800734
2018-02-20,0.4726243028983015
2018-02-21,0.576521014277424
2018-02-22,0.5766841557081843
2018-02-23,0.6783316087069637
2018-02-26,0.669618281390589
2018-02-27,0.6691348920336896
2018-02-28,0.6737969169399645
2018-03-01,0.6760329821733411
2018-03-02,0.6713170837528991
2018-03-05,0.6392251746782491
2018-03-06,0.7165507852632733
2018-03-07,0.7042874504423108
2018-03-08,0.7112286492269085
2018-03-09,0.7116868615222722
2018-03-12,0.6143160436406383
2018-03-13,0.013810807604757613
2018-03-14,0.013925835641671047
2018-03-15,0.013928558773845467
2018-03-16,0.013782784363287837
2018-03-19,0.013888462192144013
2018-03-20,0.01381942352597354
2018-03-21,0.013775713351490193
2018-03-22,0.014303632028364932
2018-03-23,0.01465129117748143
2018-03-26,0.006236015132861095
2018-03-27,0.006434715835345495
2018-03-28,0.006481686598960201
2018-03-29,0.09500232610193216
2018-04-02,0.09656867798860491
2018-04-03,0.09538447015121154
2018-04-04,0.2578266109584224
2018-04-05,0.35773997229107
2018-04-06,0.3611732819363568
2018-04-09,0.3602842778875638
2018-04-10,0.3533548723453497
2018-04-11,0.3538116619006074
2018-04-12,0.35255856881135783
2018-04-13,0.3540357562695876
2018-04-16,0.3509031316867969
2018-04-17,0.34669146205575496
2018-04-18,0.34497808643345085
2018-04-19,0.3465106481369241
2018-04-20,0.35025579964626385
2018-04-23,0.34859225171275965
2018-04-24,0.04867271283972152
2018-04-25,0.04921058317556293
2018-04-26,0.04835332418461291
2018-04-27,0.048979855790994065
2018-04-30,0.04879652164365478
2018-05-01,0.04654298506842247
2018-05-02,0.04664403931298944
2018-05-03,0.046600466008702934
2018-05-04,0.046810628729957116
2018-05-07,0.04667142653853551
2018-05-08,0.046135519284318804
2018-05-09,0.04534373605762021
2018-05-10,0.1010814502667774
2018-05-11,0.10012112088593328
2018-05-14,0.10043015633005437
2018-05-15,0.09936839031160827
2018-05-16,0.09769674214773005
2018-05-17,0.09679695647716802
2018-05-18,0.09682269682604527
2018-05-21,0.09701886537795046
2018-05-22,0.09892514139672914
2018-05-23,0.050876691431682275
2018-05-24,0.05067246987829621
2018-05-25,0.051363924119389726
2018-05-29,0.04651181924055747
2018-05-30,0.04591487097485425
2018-05-31,0.04626096609862984
2018-06-01,0.04556226888052306
2018-06-04,0.04513934347315196
2018-06-05,0.04465643721374479
2018-06-06,0.09758795791925468
2018-06-07,0.09895811197000937
2018-06-08,0.09844850625358348
2018-06-11,0.09796003108566831
2018-06-12,0.09772705418839522
2018-06-13,0.15356172942358715
2018-06-14,0.15375266750093886
2018-06-15,0.12553185552330848
2018-06-18,0.12486289947390783
2018-06-19,0.12597853019872807
2018-06-20,0.12120170039983802
2018-06-21,0.1220857963156935
2018-06-22,0.1791991263466698
2018-06-25,0.18282212792958563
2018-06-26,0.1755679618881102
2018-06-27,0.17785281620795235
2018-06-28,0.16819808040736717
2018-06-29,0.16926366665655856
2018-07-02,0.1681032072653078
2018-07-03,0.16783257409165475
2018-07-05,0.1679337437708801
2018-07-06,0.1662939178299645
2018-07-09,0.1665602492238606
2018-07-10,0.16638920247380107
2018-07-11,0.16693733103195407
2018-07-12,0.1669602283269246
2018-07-13,0.16302626691312094
2018-07-16,0.16347065801171945
2018-07-17,0.1618168824312719
2018-07-18,0.1609499865024676
2018-07-19,0.16094810900876688
2018-07-20,0.16192788468450114
2018-07-23,0.16060112620386713
2018-07-24,0.16159977206409692
2018-07-25,0.15943679111781417
2018-07-26,0.15893166317521068
2018-07-27,0.16237881061278836
2018-07-30,0.06331037027583009
2018-07-31,0.024685399268688513
2018-08-01,0.02845435338968505
2018-08-02,0.08530011131974669
2018-08-03,0.08574896660386855
2018-08-06,0.08500201866856183
2018-08-07,0.0845484946184063
2018-08-08,0.08457113651768688
2018-08-09,0.08447202422593492
2018-08-10,0.08442726478713203
2018-08-13,0.08497867492521394
2018-08-14,0.08393180423144042
2018-08-15,0.08552822782920311
2018-08-16,0.08511202369930271
2018-08-17,0.08427579496783111
2018-08-20,0.08407429495694041
2018-08-21,0.07626451621793873
2018-08-22,0.07655399682431407
2018-08-23,0.0758741292239199
2018-08-24,0.07561752647290365
2018-08-27,0.07597463261395554
2018-08-28,0.07602797084735058
2018-08-29,0.0761628705379046
2018-08-30,0.07639574178462605
2018-08-31,0.031229700893892876
2018-09-04,0.031241234593170852
2018-09-05,0.03202900594024327
2018-09-06,0.013478540380722825
2018-09-07,0.009122938614960163
2018-09-10,0.009091742851531692
2018-09-11,0.009048675292912534
2018-09-12,0.00903498900496913
2018-09-13,0.009027747047190449
2018-09-14,0.009012560264073266
2018-09-17,0.009063199564050661
2018-09-18,0.008997351894231231
2018-09-19,0.009115519716144327
2018-09-20,0.010712230854058369
2018-09-21,0.010824042636943254
2018-09-24,0.010783484522914666
2018-09-25,0.008395496844140315
2018-09-26,0.008407060168043046
2018-09-27,0.00841688870110291
2018-09-28,0.0031122458593239033
2018-10-01,0.0031239952799622106
2018-10-02,0.003195017876759354
2018-10-03,0.09681472185777473
2018-10-04,0.09788453195276936
2018-10-05,0.057552711646393195
2018-10-08,0.06196808375734986
2018-10-09,0.05534987256184787
2018-10-10,0.05786260953269062
2018-10-11,0.26898698910093943
2018-10-12,0.37512679289836903
2018-10-15,0.07531708688854477
2018-10-16,0.06931971683725913
2018-10-17,0.06960522930507385
2018-10-18,0.0702772244451344
2018-10-19,0.06878749298809594
2018-10-22,0.18896047218073497
2018-10-23,0.09011096885498227
2018-10-24,0.09284479029990256
2018-10-25,0.2805034841460532
2018-10-26,0.28369560070457245
2018-10-29,0.48934896711051235
2018-10-30,0.48449032265806236
2018-10-31,0.48323715498372777
2018-11-01,0.4816109265055376
2018-11-02,0.48294926539505345
2018-11-05,0.47800949524634107
2018-11-06,0.47688272887349814
2018-11-07,0.473305724428393
2018-11-08,0.47401897708160556
2018-11-09,0.47441506634195985
2018-11-12,0.47484100156499776
2018-11-13,0.4773577740802901
2018-11-14,0.5840795976005755
2018-11-15,0.6769898437965802
2018-11-16,0.676843095040838
2018-11-19,0.7770583550882856
2018-11-20,0.7811349990631089
2018-11-21,0.7818755772407012
2018-11-23,0.7808172234059645
2018-11-26,0.7797201082204721
2018-11-27,0.7796162312746813
2018-11-28,0.7771317050683668
2018-11-29,0.07659111745143621
2018-11-30,0.07603700194041618
2018-12-03,0.0753657159247032
2018-12-04,0.07620078672385044
2018-12-06,0.07546902319566162
2018-12-07,0.07625082264281546
2018-12-10,0.07628830525495323
2018-12-11,0.07592190428010215
2018-12-12,0.07545809975582773
2018-12-13,0.07533150650082543
2018-12-14,0.0759621018476061
2018-12-17,0.07830617161164599
2018-12-18,0.2657448240182346
2018-12-19,0.26800149572547716
2018-12-20,0.3808813716601688
2018-12-21,0.5873201989162584
2018-12-24,0.8997781240222976
2018-12-26,1.0
2018-12-27,1.0
2018-12-28,1.0
2018-12-31,1.0
2019-01-02,1.0
2019-01-03,1.0
2019-01-04,1.0
2019-01-07,1.0
2019-01-08,1.0
2019-01-09,1.0
2019-01-10,1.0
2019-01-11,1.0
2019-01-14,1.0
2019-01-15,1.0
2019-01-16,1.0
2019-01-17,1.0
2019-01-18,1.0
2019-01-22,1.0
2019-01-23,1.0
2019-01-24,1.0
2019-01-25,1.0
2019-01-28,1.0
2019-01-29,1.0
2019-01-30,1.0
2019-01-31,1.0
2019-02-01,1.0
2019-02-04,1.0
2019-02-05,0.9003422444654947
2019-02-06,0.9034669620816094
2019-02-07,0.8050729535973931
2019-02-08,0.8041172003409462
2019-02-11,0.8011601989078481
2019-02-12,0.7974877447737897
2019-02-13,0.6008174946666491
2019-02-14,0.3989250491948554
2019-02-15,0.3951552899678217
2019-02-19,0.19657837936209888
2019-02-20,0.09738309711180548
2019-02-21,0.09742888116468162
2019-02-22,0.09680856843097929
2019-02-25,0.0968617666384759
2019-02-26,0.09645183519303824
2019-02-27,0.09326941897516616
2019-02-28,0.05902601063791868
2019-03-01,0.05846856351863361
2019-03-04,0.05937284573325752
2019-03-05,0.0590993303641546
2019-03-06,0.059819925543491914
2019-03-07,0.060693655356954146
2019-03-08,0.04103820390300372
2019-03-11,0.029545990147663237
2019-03-12,0.02925635782249658
2019-03-13,0.02907007614552004
2019-03-14,0.028980015822566152
2019-03-15,0.028820935716091123
2019-03-18,0.02892354577675016
2019-03-19,0.02890885423302103
2019-03-20,0.028841338510879222
2019-03-21,0.028268907821947353
2019-03-22,0.085360260521394
2019-03-25,0.08486604960488164
2019-03-26,0.08432548054607136
2019-03-27,0.08572836352529578
2019-03-28,0.08549446666698701
2019-03-29,0.0850779690014768
2019-04-01,0.08569369164874618
2019-04-02,0.08539039499526158
2019-04-03,0.08572003442617593
2019-04-04,0.08658423840540352
2019-04-05,0.08171040175593347
2019-04-08,0.0819073323937205
2019-04-09,0.08189278072585127
2019-04-10,0.08148606723162721
2019-04-11,0.0814455669541253
2019-04-12,0.08152490657023836
2019-04-15,0.0784633822261217
2019-04-16,0.07987685151152335
2019-04-17,0.0742301363708332
2019-04-18,0.03981419160338506
2019-04-22,0.0394714497218015
2019-04-23,0.03689163388213912
2019-04-24,0.0343706949720578
2019-04-25,0.03431398745646719
2019-04-26,0.03426002658631888
2019-04-29,0.034351156188525356
2019-04-30,0.034032284927707046
2019-05-01,0.034616388014566235
2019-05-02,0.03444656084425679
2019-05-03,0.03409455380842752
2019-05-06,0.03414425076122418
2019-05-07,0.034788761990087735
2019-05-08,0.02985828420514458
2019-05-09,0.028798728685382136
2019-05-10,0.024288303244642262
2019-05-13,0.01639295072275848
2019-05-14,0.07715833723649723
2019-05-15,0.07613038877660938
2019-05-16,0.07522994690864648
2019-05-17,0.07648984990749808
2019-05-20,0.0718636816627678
2019-05-21,0.07459385903955629
2019-05-22,0.07476914850458316
2019-05-23,0.07582274544531442
2019-05-24,0.07545729024496373
2019-05-28,0.07308490051479433
2019-05-29,0.07382756486125652
2019-05-30,0.0736520830945766
2019-05-31,0.07425824755481503
2019-06-03,0.16839109181290302
2019-06-04,0.16588829559309015
2019-06-05,0.07154553961893595
2019-06-06,0.07126852420375285
2019-06-07,0.07054806150326687
2019-06-10,0.07058944120990018
2019-06-11,0.07170043844132412
2019-06-12,0.07148981069074023
2019-06-13,0.06978916314932393
2019-06-14,0.06962135122141888
2019-06-17,0.06965237799922241
2019-06-18,0.06938188902968956
2019-06-19,0.06939848320049447
2019-06-20,0.06864718408207138
2019-06-21,0.06956265512711157
2019-06-24,0.06962463836743693
2019-06-25,0.07089586406694925
2019-06-26,0.07392032033887386
2019-06-27,0.06900899863799148
2019-06-28,0.0682737068551117
2019-07-01,0.06802273956108351
2019-07-02,0.06700971400401501
2019-07-03,0.06624623177808908
2019-07-05,0.06626681122973
2019-07-08,0.06656675103093745
2019-07-09,0.0664627336809529
2019-07-10,0.06604407730323647
2019-07-11,0.06620718931473435
2019-07-12,0.06603253638023343
2019-07-15,0.06606738302316761
2019-07-16,0.06621728200620713
2019-07-17,0.0666604183274987
2019-07-18,0.06651994758552815
2019-07-19,0.06289361150983719
2019-07-22,0.06256487491524443
2019-07-23,0.06225016470893263
2019-07-24,0.062133759906667474
2019-07-25,0.07124587686407458
2019-07-26,0.06956574496207313
2019-07-29,0.069736647869302
2019-07-30,0.06983907269661993
2019-07-31,0.07002672367591811
2019-08-01,0.07081556467347083
2019-08-02,0.06627010416896473
2019-08-05,0.06402070948955041
2019-08-06,0.07726132264020769
2019-08-07,0.07675114206597322
2019-08-08,0.07509270689090208
2019-08-09,0.07514511597508311
2019-08-12,0.006822293429650017
2019-08-13,0.006741925777191016
2019-08-14,0.006926097872446468
2019-08-15,0.006874480343885048
2019-08-16,0.008637461382202005
2019-08-19,0.008571720593792853
2019-08-20,0.00859785057534912
2019-08-21,0.008519795324007262
2019-08-22,0.008504342480848748
2019-08-23,0.008683273548757642
2019-08-26,0.10702508778487274
2019-08-27,0.10680508649475984
2019-08-28,0.10666351691836429
2019-08-29,0.10578866467321357
2019-08-30,0.10646322379849116
2019-09-03,0.10690270031899485
2019-09-04,0.007612709808717755
2019-09-05,0.06801650599521614
2019-09-06,0.06776888267089531
2019-09-09,0.06890640420840666
2019-09-10,0.06415702199236561
2019-09-11,0.02212034280679609
2019-09-12,0.021967084383465174
2019-09-13,0.022093541734311217
2019-09-16,0.022198852067264352
2019-09-17,0.021211607285836598
2019-09-18,0.021204569202121104
2019-09-19,0.021288026581394504
2019-09-20,0.021375486697405965
2019-09-23,0.021346583987149836
2019-09-24,0.09109117672718559
2019-09-25,0.08906580354987492
2019-09-26,0.08695351771601001
2019-09-27,0.08784298580640604
2019-09-30,0.0868811093590568
2019-10-01,0.08792702497516713
2019-10-02,0.08488110077374844
2019-10-03,0.08275728568701612
2019-10-04,0.08172958463830604
2019-10-07,0.0818646797775533
2019-10-08,0.08255530445254011
2019-10-09,0.07601781016928444
2019-10-10,0.07600707867099865
2019-10-11,0.07586614562387484
2019-10-14,0.07513381035120725
2019-10-15,0.07461037295911466
2019-10-16,0.07391135678068717
2019-10-17,0.0736345438471947
2019-10-18,0.07326231907192449
2019-10-21,0.07343490051029056
2019-10-22,0.07392078406262503
2019-10-23,0.07645332782673553
2019-10-24,0.07588380027879782
2019-10-25,0.0039997320828562
2019-10-28,0.004052095212743745
2019-10-29,0.004662319125958492
2019-10-30,0.004677116901254386
2019-10-31,0.0047104029008520065
2019-11-01,0.0047262939296692785
2019-11-04,0.09641187368191573
2019-11-05,0.07246436402863232
2019-11-06,0.07234892992209263
2019-11-07,0.07266154926519897
2019-11-08,0.07291495389518188
2019-11-11,0.07261533320212765
2019-11-12,0.0728616530173859
2019-11-13,0.07258495986824165
2019-11-14,0.07604744343869319
2019-11-15,0.07636362959856402
2019-11-18,0.07641689838679577
2019-11-19,0.06784891304183183
2019-11-20,0.06624037196952248
2019-11-21,0.06645467348714051
2019-11-22,0.06619642005792226
2019-11-25,0.06563941879790369
2019-11-26,0.0651195002958902
2019-11-27,0.06479392700496367
2019-11-29,0.06537889410571063
2019-12-02,0.06632092593790306
2019-12-03,0.06632085990369452
2019-12-04,0.0661767528502697
2019-12-05,0.06585262435358274
2019-12-06,0.06574517361269616
2019-12-09,0.06347841100742802
2019-12-10,0.06335067813458195
2019-12-11,0.062314640185934356
2019-12-12,0.05862123836164013
2019-12-13,0.059597394252970504
2019-12-16,0.059445313187723725
2019-12-17,0.05943734104975673
2019-12-18,0.059662302188398963
2019-12-19,0.059194788417366806
2019-12-20,0.05026633481210441
2019-12-23,0.05105886915981339
2019-12-24,0.04198072183696522
2019-12-26,0.04185638621854193
2019-12-27,0.041965310201894646
2019-12-30,0.04227770443112455
2019-12-31,0.0423901917545928
2020-01-02,0.04199157895177519
2020-01-03,0.04247608556392335
2020-01-06,0.038099582934189136
2020-01-07,0.038287250525837146
2020-01-08,0.03806383408360359
2020-01-09,0.033202639896938946
2020-01-10,0.09497595008124748
2020-01-13,0.09398174998940578
2020-01-14,0.09355922605604028
2020-01-15,0.09321079689315337
2020-01-16,0.09202452805126327
2020-01-17,0.09178057850665389
2020-01-21,0.09140225485833486
2020-01-22,0.05226479309514853
2020-01-23,0.05211842727616334
2020-01-24,0.05274715183037626
2020-01-27,0.053835393937656684
2020-01-28,0.05366761292708011
2020-01-29,0.06428952077711614
2020-01-30,0.06438570000217947
2020-01-31,0.05532289021200565
2020-02-03,0.05442393298448511
2020-02-04,0.05116288392400148
2020-02-05,0.05048535483003791
2020-02-06,0.05041857663636229
2020-02-07,0.050783496699275066
2020-02-10,0.05011651815432261
2020-02-11,0.04962280823881404
2020-02-12,0.04944929164627154
2020-02-13,0.04922855907895585
2020-02-14,0.0492335413143542
2020-02-18,0.04957448590801816
2020-02-19,0.04870875509999384
2020-02-20,0.049053151529716565
2020-02-21,0.04172280570106135
2020-02-24,0.10125782227930813
2020-02-25,0.001441213545523179
2020-02-26,0.01941005125043649
2020-02-27,0.012576682197117606
2020-02-28,0.284784442698095
2020-03-02,0.3686189643535841
2020-03-03,0.37153371099641186
2020-03-04,0.3593273381036294
2020-03-05,0.36718742340332444
2020-03-06,0.3723343748979029
2020-03-09,0.4849999552178448
2020-03-10,0.8871000732107857
2020-03-11,0.8907966973427571
2020-03-12,0.8965625401650683
2020-03-13,1.0
2020-03-16,1.0
2020-03-17,1.0
2020-03-18,1.0
2020-03-19,1.0
2020-03-20,1.0
2020-03-23,1.0
2020-03-24,1.0
2020-03-25,1.0
2020-03-26,1.0
2020-03-27,1.0
2020-03-30,1.0
2020-03-31,1.0
2020-04-01,1.0
2020-04-02,1.0
2020-04-03,1.0
2020-04-06,1.0
2020-04-07,1.0
2020-04-08,1.0
2020-04-09,1.0
2020-04-13,1.0
2020-04-14,1.0
2020-04-15,1.0
2020-04-16,1.0
2020-04-17,1.0
2020-04-20,1.0
2020-04-21,1.0
2020-04-22,1.0
2020-04-23,1.0
2020-04-24,1.0
2020-04-27,1.0
2020-04-28,1.0
2020-04-29,1.0
2020-04-30,1.0
2020-05-01,1.0
2020-05-04,1.0
2020-05-05,1.0
2020-05-06,1.0
2020-05-07,1.0
2020-05-08,1.0
2020-05-11,1.0
2020-05-12,1.0
2020-05-13,1.0
2020-05-14,1.0
2020-05-15,1.0
2020-05-18,1.0
2020-05-19,1.0
2020-05-20,1.0
2020-05-21,1.0
2020-05-22,1.0
2020-05-26,1.0
2020-05-27,0.006721790270120542
2020-05-28,0.006721418529147871
2020-05-29,0.00656608172879436
2020-06-01,0.006582267581405343
2020-06-02,0.006566130975554141
2020-06-03,0.006686185393703026
2020-06-04,0.006808338480231546
2020-06-05,0.09107383150888915
2020-06-08,0.09101324002501932
2020-06-09,0.08252540190683677
2020-06-10,0.0814264427838921
2020-06-11,0.08592267164674916
2020-06-12,0.08509945454806334
2020-06-15,0.08394434822568064
2020-06-16,0.08323272501477119
2020-06-17,0.08214275947930416
2020-06-18,0.07727811750341218
2020-06-19,0.07698965561673599
2020-06-22,0.07130796415822893
2020-06-23,0.07127688930733878
2020-06-24,0.07262135081853793
2020-06-25,0.07170501875327251
2020-06-26,0.0728582871751503
2020-06-29,0.16574302628130566
2020-06-30,0.16253022231937841
2020-07-01,0.16071595249313986
2020-07-02,0.15957289660051488
2020-07-06,0.15827025986849785
2020-07-07,0.15839883213422867
2020-07-08,0.15635601337817662
2020-07-09,0.2130280285777426
2020-07-10,0.272150006086059
2020-07-13,0.07593335056233341
2020-07-14,0.07188670894586946
2020-07-15,0.06632836882893833
2020-07-16,0.06705887267166988
2020-07-17,0.06617066943103311
2020-07-20,0.06346044274394813
2020-07-21,0.17787111207087902
2020-07-22,0.17784650271838687
2020-07-23,0.1814124688092138
2020-07-24,0.18314930864815782
2020-07-27,0.1777804320084745
2020-07-28,0.17941410540587677
2020-07-29,0.17502254839317444
2020-07-30,0.1743870064790397
2020-07-31,0.17297402485850544
2020-08-03,0.16996927178785215
2020-08-04,0.1701112093665641
2020-08-05,0.16067740626714133
2020-08-06,0.16266580893019766
2020-08-07,0.16757868038490353
2020-08-10,0.1586147559273131
2020-08-11,0.16143978282160631
2020-08-12,0.15701473008505884
2020-08-13,0.15554509252867454
2020-08-14,0.15608663390060196
2020-08-17,0.1530356771690351
2020-08-18,0.15318610075606276
2020-08-19,0.1531883594589204
2020-08-20,0.15182514684529247
2020-08-21,0.1513892131753476
2020-08-24,0.1521578480219007
2020-08-25,0.15132897283092261
2020-08-26,0.14854085552299778
2020-08-27,0.14994159864780965
2020-08-28,0.14997355312550142
2020-08-31,0.14325877895540695
2020-09-01,0.14023435684879915
2020-09-02,0.13900971907252369
2020-09-03,0.14714825584031177
2020-09-04,0.10602433063201933
2020-09-08,0.09697654424199587
2020-09-09,0.05689293122111516
2020-09-10,0.057938117584807824
2020-09-11,0.06235279543728833
2020-09-14,0.06160623478365812
2020-09-15,0.06052080899890888
2020-09-16,0.06148646436879979
2020-09-17,0.06202912639573577
2020-09-18,0.06524537769757155
2020-09-21,0.06585530917278959
2020-09-22,0.045171391191381915
2020-09-23,0.051325809219978424
2020-09-24,0.03622220979788293
2020-09-25,0.03548867620403273
2020-09-28,0.03455701799013644
2020-09-29,0.13012972273609613
2020-09-30,0.19319256191005385
2020-10-01,0.091829391433494
2020-10-02,0.09281302015615811
2020-10-05,0.09096245463187669
2020-10-06,0.09209579351267949
2020-10-07,0.09008565585578321
2020-10-08,0.09010213495310737
2020-10-09,0.0887787570362022
2020-10-12,0.08893020824326237
2020-10-13,0.08764271264574663
2020-10-14,0.0880904375481607
2020-10-15,0.0873946510298017
2020-10-16,0.08857567921226972
2020-10-19,0.08967765875875477
2020-10-20,0.09012398613906025
2020-10-21,0.09312227664584383
2020-10-22,0.04324193690195288
2020-10-23,0.04159909349560842
2020-10-26,0.04028449071029738
2020-10-27,0.04068114967686809
2020-10-28,0.04298116287195308
2020-10-29,0.014111001772644016
2020-10-30,0.014337896017207474
2020-11-02,0.02094480570540469
2020-11-03,0.08977908751257946
2020-11-04,0.08996322354246566
2020-11-05,0.08811670281904804
2020-11-06,0.089364996713312
2020-11-09,0.08887356567943316
2020-11-10,0.08228830191082337
2020-11-11,0.0829339575130339
2020-11-12,0.08451448005708162
2020-11-13,0.0831541134908359
2020-11-16,0.08277587419535992
2020-11-17,0.08270811775203224
2020-11-18,0.0837240800905189
2020-11-19,0.08383929461836637
2020-11-20,0.08358187448921828
2020-11-23,0.08201431226307032
2020-11-24,0.08064722020800208
2020-11-25,0.08178744683977235
2020-11-27,0.08188016499370099
2020-11-30,0.08347506122786585
2020-12-01,0.08173583437864695
2020-12-02,0.08139599915282081
2020-12-03,0.07987529268395221
2020-12-04,0.03627262189554015
2020-12-07,0.09113793011152682
2020-12-08,0.09087485304187326
2020-12-09,0.1453470588719149
2020-12-10,0.14581382177967273
2020-12-11,0.14651900456302913
2020-12-14,0.14746124788155812
2020-12-15,0.1358258178348084
2020-12-16,0.13651733250558928
2020-12-17,0.13581397544040574
2020-12-18,0.18208533233198176
2020-12-21,0.18210509430728783
2020-12-22,0.18307417600685982
2020-12-23,0.18078272381857607
2020-12-24,0.18080159978347632
2020-12-28,0.18077508698337308
2020-12-29,0.18227826697472038
2020-12-30,0.17933323379580024
2020-12-31,0.17911947384728166
2021-01-04,0.18207581882548873
2021-01-05,0.1790401430828249
2021-01-06,0.17319474631406107
2021-01-07,0.22398113967837074
2021-01-08,0.2247634936939461
2021-01-11,0.22212576346735724
2021-01-12,0.2195930707157534
2021-01-13,0.22172819140688182
2021-01-14,0.21921622097300308
2021-01-15,0.27132197687711956
2021-01-19,0.31850412422643937
2021-01-20,0.3170448464648731
2021-01-21,0.31941570937020947
2021-01-22,0.32045026020167977
2021-01-25,0.32337244563535206
2021-01-26,0.326037088957679
2021-01-27,0.337469618536571
2021-01-28,0.1886758635381709
2021-01-29,0.19221519414842492
2021-02-01,0.1892178401097756
2021-02-02,0.1873907761737975
2021-02-03,0.1859537221233356
2021-02-04,0.18153770474411568
2021-02-05,0.18044743074431135
2021-02-08,0.17722243522370018
2021-02-09,0.17692575216844397
2021-02-10,0.17770312828640356
2021-02-11,0.17807629672114855
2021-02-12,0.12300295830635188
2021-02-16,0.11064157758854731
2021-02-17,0.11137118015573078
2021-02-18,0.11280587946640774
2021-02-19,0.10607619913171662
2021-02-22,0.16306576243746307
2021-02-23,0.16368604911893747
2021-02-24,0.2150965609131421
2021-02-25,0.22118957716895282
2021-02-26,0.2103855371352077
2021-03-01,0.2049777793003159
2021-03-02,0.20667873310293372
2021-03-03,0.20576077380074498
2021-03-04,0.2054444700014506
2021-03-05,0.2560243740185021
2021-03-08,0.25029918585069433
2021-03-09,0.25147964270429535
2021-03-10,0.24712379319278732
2021-03-11,0.29794615511914757
2021-03-12,0.2958294973720563
2021-03-15,0.29222978056878646
2021-03-16,0.4011114032392905
2021-03-17,0.39996008637661984
2021-03-18,0.40128566562504564
2021-03-19,0.4031224909331924
2021-03-22,0.40748745719478185
2021-03-23,0.41691653962953334
2021-03-24,0.3751096423760927
2021-03-25,0.36750143409611036
2021-03-26,0.3626474951711647
2021-03-29,0.36999352511366
2021-03-30,0.3567269519733034
2021-03-31,0.3581766090388767
2021-04-01,0.35621450352623485
2021-04-05,0.35228394449167144
2021-04-06,0.3517064520195784
2021-04-07,0.34979947790203214
2021-04-08,0.3491400087227917
2021-04-09,0.3447503235797965
2021-04-12,0.3422141355603424
2021-04-13,0.3458275208327277
2021-04-14,0.3424326163605693
2021-04-15,0.3395430307189631
2021-04-16,0.3387417881033544
2021-04-19,0.34072911307510034
2021-04-20,0.3480883119753754
2021-04-21,0.23822611289285234
2021-04-22,0.23890403328405463
2021-04-23,0.23443550010887948
2021-04-26,0.23817084406229616
2021-04-27,0.23534089761180865
2021-04-28,0.23428553918286343
2021-04-29,0.23411651098532416
2021-04-30,0.2368680936349895
2021-05-03,0.23274107955677492
2021-05-04,0.23288495681719656
2021-05-05,0.23140609732866046
2021-05-06,0.22883858238576404
2021-05-07,0.22705229123131843
2021-05-10,0.2300405899968706
2021-05-11,0.2338974860229518
2021-05-12,0.24141300558272094
2021-05-13,0.19424682377371172
2021-05-14,0.18898785858075628
2021-05-17,0.187839716219389
2021-05-18,0.24879536123282442
2021-05-19,0.2544269969482672
2021-05-20,0.2103948726251088
2021-05-21,0.07658978577698516
2021-05-24,0.07554590368903102
2021-05-25,0.0769614055845208
2021-05-26,0.07568213528293244
2021-05-27,0.07431834132694426
2021-05-28,0.0745915974026341
2021-06-01,0.07228349297378844
2021-06-02,0.07267813981765847
2021-06-03,0.07296332083594848
2021-06-04,0.07299799209695335
2021-06-07,0.020113952831260384
2021-06-08,0.019855660294175403
2021-06-09,0.020121511307136464
2021-06-10,0.02034878904920745
2021-06-11,0.02022560213097413
2021-06-14,0.020581699113558893
2021-06-15,0.020413543306027404
2021-06-16,0.020352383986126266
2021-06-17,0.021286709349371158
2021-06-18,0.06525928216056776
2021-06-21,0.06130267742611428
2021-06-22,0.060838181293726534
2021-06-23,0.05974396884991273
2021-06-24,0.058906981102670564
2021-06-25,0.05838359310499386
2021-06-28,0.06063870445787356
2021-06-29,0.06036531328429029
2021-06-30,0.058816205986725545
2021-07-01,0.05777122778056121
2021-07-02,0.058624255385229196
2021-07-06,0.06062887021891261
2021-07-07,0.06181041546425592
2021-07-08,0.06102396929097931
2021-07-09,0.0593277737241128
2021-07-12,0.013815129900249912
2021-07-13,0.013856985860474347
2021-07-14,0.014351111381672
2021-07-15,0.014048484682499196
2021-07-16,0.01300724239763984
2021-07-19,0.06340674068462426
2021-07-20,0.0784471300680688
2021-07-21,0.07742827420681031
2021-07-22,0.0774832346949158
2021-07-23,0.07616734200951214
2021-07-26,0.07650519272189138
2021-07-27,0.0767438611382163
2021-07-28,0.07658184018990122
2021-07-29,0.0760132298584949
2021-07-30,0.07600594516005732
2021-08-02,0.07596500879256285
2021-08-03,0.0746171327559898
2021-08-04,0.07590809056060399
2021-08-05,0.07478671458256092
2021-08-06,0.07511138855232335
2021-08-09,0.07386180249525442
2021-08-10,0.07471946613990121
2021-08-11,0.07457074126666818
2021-08-12,0.07440175065255605
2021-08-13,0.07439913862191938
2021-08-16,0.0737603598725477
2021-08-17,0.0750465103801824
2021-08-18,0.0750875644120439
2021-08-19,0.07409937197247962
2021-08-20,0.07298255780498186
2021-08-23,0.07212698362816716
2021-08-24,0.07220586038332244
2021-08-25,0.07069604685149533
2021-08-26,0.039950715164909
2021-08-27,0.03842535507603306
2021-08-30,0.10046452042252718
2021-08-31,0.15190297849086976
2021-09-01,0.15126254559811214
2021-09-02,0.15020918385685555
2021-09-03,0.20389897868854379
2021-09-07,0.20627178279931657
2021-09-08,0.20674872473159533
2021-09-09,0.20658232502345586
2021-09-10,0.19600280046421592
2021-09-13,0.19551139644695847
2021-09-14,0.19489710883928935
2021-09-15,0.1936755732222134
2021-09-16,0.1770721453113605
2021-09-17,0.1774186537589204
2021-09-20,0.18146771337586665
2021-09-21,0.17331029382156138
2021-09-22,0.16291763446063812
2021-09-23,0.16133129244222044
2021-09-24,0.16185279032666655
2021-09-27,0.16314401039593507
2021-09-28,0.16725854861206046
2021-09-29,0.16002982804331456
2021-09-30,0.16115068271921207
2021-10-01,0.15357332121060008
2021-10-04,0.15470471600143731
2021-10-05,0.15479389201905014
2021-10-06,0.14863437182695016
2021-10-07,0.11013263074663071
2021-10-08,0.11055737742059302
2021-10-11,0.11111133120024097
2021-10-12,0.11016062629939194
2021-10-13,0.10935859890668542
2021-10-14,0.1082851377982802
2021-10-15,0.15829744733079287
2021-10-18,0.05848730132890034
2021-10-19,0.05850195205364728
2021-10-20,0.0584301589949362
2021-10-21,0.05809011570354783
2021-10-22,0.05758871647352015
2021-10-25,0.05724049790231878
2021-10-26,0.05748631350641353
2021-10-27,0.05831925099884672
2021-10-28,0.05575651148024918
2021-10-29,0.05490065035762637
2021-11-01,0.11403638848931585
2021-11-02,0.11416030513647202
2021-11-03,0.11461877014404132
2021-11-04,0.10783003503945698
2021-11-05,0.10627981601810887
2021-11-08,0.09889787466470668
2021-11-09,0.09932027935506027
2021-11-10,0.10197135121030076
2021-11-11,0.10078470137726059
2021-11-12,0.10083667352734105
2021-11-15,0.10139539912923401
2021-11-16,0.09130586673066654
2021-11-17,0.0928495111157761
2021-11-18,0.09246898564826322
2021-11-19,0.07972491887732414
2021-11-22,0.06542593316524914
2021-11-23,0.06555198384584815
2021-11-24,0.031908054208561465
2021-11-26,0.03347017286371201
2021-11-29,0.050581765607801255
2021-11-30,0.058474006682759705
2021-12-01,0.05964195189786914
2021-12-02,0.017235008455526724
2021-12-03,0.017380781048537353
2021-12-06,0.017447714750681187
2021-12-07,0.016756117174477003
2021-12-08,0.016801891445407557
2021-12-09,0.017127172134253188
2021-12-10,0.009323963040610339
2021-12-13,0.009510452180516826
2021-12-14,0.0961358181313543
2021-12-15,0.002567660243024017
2021-12-16,0.0026352136560159334
2021-12-17,0.0026645817690330587
2021-12-20,0.0026832772830309715
2021-12-21,0.002645043730284846
2021-12-22,0.007970432419781237
2021-12-23,0.007917890341811673
2021-12-27,0.008226457571046786
2021-12-28,0.008254712724623525
2021-12-29,0.008200421210293296
2021-12-30,0.008259844939683125
2021-12-31,0.008211387425330119
2022-01-03,0.008327832808815328
2022-01-04,0.009959701425609424
2022-01-05,0.010278241960649304
2022-01-06,0.02066698291157465
2022-01-07,0.010320967191843722
2022-01-10,0.0848931243813561
2022-01-11,0.08495773256846961
2022-01-12,0.0850632011052943
2022-01-13,0.08550176909624518
2022-01-14,0.08820633378350862
2022-01-18,0.09083958475417198
2022-01-19,0.1000890730800299
2022-01-20,0.09233651929615017
2022-01-21,0.09125408940203206
2022-01-24,0.18763992585804135
2022-01-25,0.08721570826416436
2022-01-26,0.18399603921507712
2022-01-27,0.1845812357503942
2022-01-28,0.18375745706444602
2022-01-31,0.08338212756720742
2022-02-01,0.0835329147242696
2022-02-02,0.0826611600420295
2022-02-03,0.08326080722579654
2022-02-04,0.08307532156812703
2022-02-07,0.0830757919960805
2022-02-08,0.08435345100004243
2022-02-09,0.08320557428813036
2022-02-10,0.08370411900512875
2022-02-11,0.08246750138034864
2022-02-14,0.08428552733343864
2022-02-15,0.1835759775808924
2022-02-16,0.0829938975070097
2022-02-17,0.08094807299773088
2022-02-18,0.08159391124485349
2022-02-22,0.08319211248857838
2022-02-23,0.08226053205373052
2022-02-24,0.2821988680766476
2022-02-25,0.27413066394234364
2022-02-28,0.26651510634079467
2022-03-01,0.2642679767544125
2022-03-02,0.47351524272309065
2022-03-03,0.4726710958150817
2022-03-04,0.4670305220472778
2022-03-07,0.4683749624510368
2022-03-08,0.4673493597823516
2022-03-09,0.46993345232460637
2022-03-10,0.462952841764218
2022-03-11,0.46668229309809905
2022-03-14,0.5358315792477999
2022-03-15,0.53813178756344
2022-03-16,0.5380279048510512
2022-03-17,0.5251286094502801
2022-03-18,0.5236941101642621
2022-03-21,0.12301726283738657
2022-03-22,0.17712858967866274
2022-03-23,0.17611523514038674
2022-03-24,0.1756680281851064
2022-03-25,0.17219080526901243
2022-03-28,0.17542944068744082
2022-03-29,0.1754667234162709
2022-03-30,0.174037602187895
2022-03-31,0.1752150434424039
2022-04-01,0.17375498339400564
2022-04-04,0.1742925634377812
2022-04-05,0.17657399487201586
2022-04-06,0.17671595933832107
2022-04-07,0.17448036724154437
2022-04-08,0.17164710021798857
2022-04-11,0.17583369769156787
2022-04-12,0.2660285063355303
2022-04-13,0.26335073400988385
2022-04-14,0.2618760484896405
2022-04-18,0.25981974365446836
2022-04-19,0.2605591072361739
2022-04-20,0.2580965487066178
2022-04-21,0.2649533241472881
2022-04-22,0.2714409845174315
2022-04-25,0.37318221521748474
2022-04-26,0.6228716767367968
2022-04-27,0.7352664668897337
2022-04-28,0.7315925720265437
2022-04-29,0.7361959166066676
2022-05-02,0.7381616569834841
2022-05-03,0.8331124004731495
2022-05-04,0.8296137850675112
2022-05-05,0.8317512079875782
2022-05-06,0.8316453189641618
2022-05-09,0.8422715226020097
2022-05-10,0.8987296184469507
2022-05-11,1.0
2022-05-12,1.0
2022-05-13,1.0
2022-05-16,1.0
2022-05-17,1.0
2022-05-18,1.0
2022-05-19,1.0
2022-05-20,1.0
2022-05-23,1.0
2022-05-24,1.0
2022-05-25,1.0
2022-05-26,1.0
2022-05-27,1.0
2022-05-31,1.0
2022-06-01,1.0
2022-06-02,1.0
2022-06-03,1.0
2022-06-06,1.0
2022-06-07,1.0
2022-06-08,1.0
2022-06-09,1.0
2022-06-10,1.0
2022-06-13,1.0
2022-06-14,1.0
2022-06-15,1.0
2022-06-16,1.0
2022-06-17,1.0
2022-06-21,1.0
2022-06-22,1.0
2022-06-23,1.0
2022-06-24,1.0
2022-06-27,1.0
2022-06-28,1.0
2022-06-29,1.0
2022-06-30,1.0
2022-07-01,1.0
2022-07-05,1.0
2022-07-06,1.0
2022-07-07,1.0
2022-07-08,1.0
2022-07-11,1.0
2022-07-12,1.0
2022-07-13,1.0
2022-07-14,1.0
2022-07-15,1.0
2022-07-18,1.0
2022-07-19,1.0
2022-07-20,1.0
2022-07-21,1.0
2022-07-22,1.0
2022-07-25,1.0
2022-07-26,1.0
2022-07-27,1.0
2022-07-28,1.0
2022-07-29,1.0
2022-08-01,1.0
2022-08-02,1.0
2022-08-03,1.0
2022-08-04,1.0
2022-08-05,1.0
2022-08-08,1.0
2022-08-09,1.0
2022-08-10,1.0
2022-08-11,1.0
2022-08-12,1.0
2022-08-15,1.0
2022-08-16,1.0
2022-08-17,1.0
2022-08-18,1.0
2022-08-19,1.0
2022-08-22,1.0
2022-08-23,1.0
2022-08-24,1.0
2022-08-25,1.0
2022-08-26,1.0
2022-08-29,1.0
2022-08-30,1.0
2022-08-31,1.0
2022-09-01,1.0
2022-09-02,1.0
2022-09-06,1.0
2022-09-07,1.0
2022-09-08,1.0
2022-09-09,1.0
2022-09-12,1.0
2022-09-13,1.0
2022-09-14,1.0
2022-09-15,1.0
2022-09-16,1.0
2022-09-19,1.0
2022-09-20,1.0
2022-09-21,1.0
2022-09-22,1.0
2022-09-23,1.0
2022-09-26,1.0
2022-09-27,1.0
2022-09-28,1.0
2022-09-29,1.0
2022-09-30,1.0
2022-10-03,1.0
2022-10-04,1.0
2022-10-05,1.0
2022-10-06,1.0
2022-10-07,1.0
2022-10-10,1.0
2022-10-11,1.0
2022-10-12,1.0
2022-10-13,1.0
2022-10-14,1.0
2022-10-17,1.0
2022-10-18,1.0
2022-10-19,1.0
2022-10-20,1.0
2022-10-21,1.0
2022-10-24,1.0
2022-10-25,1.0
2022-10-26,1.0
2022-10-27,1.0
2022-10-28,1.0
2022-10-31,1.0
2022-11-01,1.0
2022-11-02,1.0
2022-11-03,1.0
2022-11-04,1.0
2022-11-07,1.0
2022-11-08,1.0
2022-11-09,1.0
2022-11-10,1.0
2022-11-11,1.0
2022-11-14,1.0
2022-11-15,1.0
2022-11-16,1.0
2022-11-17,1.0
2022-11-18,1.0
2022-11-21,1.0
2022-11-22,1.0
2022-11-23,1.0
2022-11-25,1.0
2022-11-28,1.0
2022-11-29,1.0
2022-11-30,1.0
2022-12-01,0.501238377486958
2022-12-02,0.002336097206718013
2022-12-05,0.0023903197083253724
2022-12-06,0.0024113914926792157
2022-12-07,0.0024217349842157176
2022-12-08,0.0024006456590596192
2022-12-09,0.0024268957504814948
2022-12-12,0.0024012538440353337
2022-12-13,0.0023928752349244853
2022-12-14,0.0024104989069924088
2022-12-15,0.0024600846746976046
2022-12-16,0.194743623779716
2022-12-19,0.2917414500700113
2022-12-20,0.2898194714009742
2022-12-21,0.2859660415053381
2022-12-22,0.28802158491679297
2022-12-23,0.4820362905079645
2022-12-27,0.7863084703220907
2022-12-28,0.7884548975221756
2022-12-29,0.7869711198344981
2022-12-30,0.7903226846228433
2023-01-03,0.7925200194049238
2023-01-04,0.7928457494191978
2023-01-05,0.8950553835202509
2023-01-06,0.8901973616301019
2023-01-09,0.8905303365624098
2023-01-10,0.8884449059940671
2023-01-11,0.8883191790323003
2023-01-12,0.6883910836103265
2023-01-13,0.5843603700548711
2023-01-17,0.3865800590404741
2023-01-18,0.28693348934841
2023-01-19,0.2884300933236785
2023-01-20,0.28647065556137175
2023-01-23,0.1862110755469305
2023-01-24,0.08589410129411701
2023-01-25,0.08491957142964834
2023-01-26,0.08406410983140766
2023-01-27,0.0844680474469447
2023-01-30,0.08493209435933091
2023-01-31,0.08410372075128325
2023-02-01,0.08329862881407324
2023-02-02,0.08332118167247415
2023-02-03,0.08311687509167043
2023-02-06,0.03641126190298771
2023-02-07,0.036609729708790506
2023-02-08,0.02555898153661562
2023-02-09,0.022319607960134324
2023-02-10,0.02192248023821175
2023-02-13,0.021664909714985026
2023-02-14,0.02163418825611707
2023-02-15,0.02157922839242632
2023-02-16,0.02164168932679844
2023-02-17,0.021856576045016562
2023-02-21,0.02196924840124559
2023-02-22,0.022212180887522748
2023-02-23,0.022330439526572765
2023-02-24,0.07505339613276263
2023-02-27,0.07495861145973282
2023-02-28,0.07519396145065238
2023-03-01,0.06694813228193486
2023-03-02,0.06634103015458281
2023-03-03,0.05714318511439531
2023-03-06,0.057934010590990126
2023-03-07,0.05867233825531937
2023-03-08,0.058492128726812864
2023-03-09,0.06019695911211487
2023-03-10,0.06206078841314089
2023-03-13,0.47409474373799965
2023-03-14,0.6849696306761759
2023-03-15,0.0872781311866011
2023-03-16,0.18379841489175486
2023-03-17,0.08619023545616888
2023-03-20,0.08693730255181131
2023-03-21,0.0860266418042912
2023-03-22,0.08782138963876829
2023-03-23,0.09560445649311688
2023-03-24,0.03801323808109702
2023-03-27,0.03778563349307884
2023-03-28,0.0381280371894781
2023-03-29,0.03740257787346124
2023-03-30,0.03720064127648559
2023-03-31,0.0365795321161263
2023-04-03,0.03666413152065873
2023-04-04,0.03743761858862993
2023-04-05,0.03793928244530065
2023-04-06,0.036473092999703915
2023-04-10,0.02357249018650065
2023-04-11,0.021452313887024954
2023-04-12,0.02144440512963197
2023-04-13,0.0213280631206636
2023-04-14,0.021259702762626786
2023-04-17,0.07231750321664498
2023-04-18,0.06785111822942247
2023-04-19,0.0679321052088846
2023-04-20,0.16442396486805833
2023-04-21,0.06470708613124354
2023-04-24,0.06450217141679349
2023-04-25,0.06542954428778969
2023-04-26,0.06630885331818348
2023-04-27,0.06484050276512565
2023-04-28,0.06436659082637308
2023-05-01,0.06427486367938318
2023-05-02,0.06449282316346949
2023-05-03,0.06463833683565245
2023-05-04,0.06379870940971999
2023-05-05,0.1163580616919433
2023-05-08,0.11557751440158048
2023-05-09,0.11510994143088216
2023-05-10,0.1149561638661899
2023-05-11,0.11527820647814513
2023-05-12,0.1150978525336025
2023-05-15,0.10860659152619667
2023-05-16,0.10928818551901043
2023-05-17,0.10875830007030862
2023-05-18,0.10805568485072514
2023-05-19,0.1091420944950775
2023-05-22,0.11034424177512914
2023-05-23,0.11310685893733408
2023-05-24,0.019720248435840637
2023-05-25,0.019605255787594533
2023-05-26,0.016759178315106205
2023-05-30,0.01665087123627751
2023-05-31,0.016770596789614345
2023-06-01,0.016601232606529792
2023-06-02,0.016031752055207016
2023-06-05,0.01614087935302877
2023-06-06,0.013401580688815251
2023-06-07,0.06948013450217383
2023-06-08,0.06906902459055886
2023-06-09,0.06859731466575048
2023-06-12,0.06761084883486845
2023-06-13,0.06758007065666116
2023-06-14,0.06792756823069479
2023-06-15,0.06699751894282191
2023-06-16,0.06720552784975964
2023-06-20,0.0669392580893603
2023-06-21,0.12068866150849533
2023-06-22,0.120410848023629
2023-06-23,0.12112575294997197
2023-06-26,0.12168792675224549
2023-06-27,0.11960357114481346
2023-06-28,0.1726051651938343
2023-06-29,0.16299878977050297
2023-06-30,0.21263626609415276
2023-07-03,0.2630437170426917
2023-07-05,0.26476376117151557
2023-07-06,0.2704508659955992
2023-07-07,0.2704305132240359
2023-07-10,0.2309866535834494
2023-07-11,0.23008563801617865
2023-07-12,0.22801202324167513
2023-07-13,0.2163320819386635
2023-07-14,0.214996225192577
2023-07-17,0.21279193691425347
2023-07-18,0.2118719646793037
2023-07-19,0.21272962318628785
2023-07-20,0.21761436425811698
2023-07-21,0.2183258709291419
2023-07-24,0.21807648962758286
2023-07-25,0.21595392926833312
2023-07-26,0.21708348713044578
2023-07-27,0.21704088508988018
2023-07-28,0.2126080574634167
2023-07-31,0.20971286389211807
2023-08-01,0.3060537012065757
2023-08-02,0.31011960023815544
2023-08-03,0.3117440126666765
2023-08-04,0.3106945727495847
2023-08-07,0.3077836774894477
2023-08-08,0.3100086579013157
2023-08-09,0.31381028962963653
2023-08-10,0.2655334332167488
2023-08-11,0.2663731890335683
2023-08-14,0.21510886350157432
2023-08-15,0.21523779558503564
2023-08-16,0.21812802896198702
2023-08-17,0.22380694286869685
2023-08-18,0.17554666258688056
2023-08-21,0.17637745829660145
2023-08-22,0.1763539939101375
2023-08-23,0.12697042023720506
2023-08-24,0.12846675419101705
2023-08-25,0.12838287874478815
2023-08-28,0.1276085262793859
2023-08-29,0.1259682462718018
2023-08-30,0.12575697589387114
2023-08-31,0.1258745067028879
2023-09-01,0.12869490149076324
2023-09-05,0.13119907760802774
2023-09-06,0.08663987088542047
2023-09-07,0.08637893810928843
2023-09-08,0.08679546793594484
2023-09-11,0.08630987956295422
2023-09-12,0.08605592553675145
2023-09-13,0.08680449284020064
2023-09-14,0.04187989107224577
2023-09-15,0.0380460968164662
2023-09-18,0.037836070949897826
2023-09-19,0.03767748301629925
2023-09-20,0.037921157617497925
2023-09-21,0.0385514163058015
2023-09-22,0.09287587922449436
2023-09-25,0.0926533088450886
2023-09-26,0.0932838303608875
2023-09-27,0.08786818543364605
2023-09-28,0.08638582243480852
2023-09-29,0.08746883640699776
2023-10-02,0.08815157906426496
2023-10-03,0.09024783509527234
2023-10-04,0.09004433509393917
2023-10-05,0.08149878991936288
2023-10-06,0.07015546627146563
2023-10-09,0.06863631788766744
2023-10-10,0.06781390964062817
2023-10-11,0.0671110807936025
2023-10-12,0.06773847061276606
2023-10-13,0.06784190989134764
2023-10-16,0.06728398375318756
2023-10-17,0.0666811561175309
2023-10-18,0.06693764936502233
2023-10-19,0.06801915505763079
2023-10-20,0.06559271253942967
2023-10-23,0.05356465868353688
2023-10-24,0.052734596741317974
2023-10-25,0.05345537034822878
2023-10-26,0.1517221322846588
2023-10-27,0.24754631910264402
2023-10-30,0.24631007817074446
2023-10-31,0.3414717921825785
2023-11-01,0.33588018984879286
2023-11-02,0.39022971135972584
2023-11-03,0.28654349078398456
2023-11-06,0.043283445104827734
2023-11-07,0.04334683664938499
2023-11-08,0.043890925420182025
2023-11-09,0.044166845979811686
2023-11-10,0.04368396244195438
2023-11-13,0.10181733081376743
2023-11-14,0.09974118233170215
2023-11-15,0.1001066230028862
2023-11-16,0.10089049595076194
2023-11-17,0.09925829926610663
2023-11-20,0.09838710050516053
2023-11-21,0.09880225970960388
2023-11-22,0.0982255405875011
2023-11-24,0.15183808237391827
2023-11-27,0.15132177071641884
2023-11-28,0.15236192145581107
2023-11-29,0.1904575641965316
2023-11-30,0.1805114610261328
2023-12-01,0.1788153473236883
2023-12-04,0.17676625300550153
2023-12-05,0.2340065433809948
2023-12-06,0.23532757931808646
2023-12-07,0.23488774378126132
2023-12-08,0.23273935963160364
2023-12-11,0.23078651006036977
2023-12-12,0.22927132352205448
2023-12-13,0.22800597372180142
2023-12-14,0.283196822136065
2023-12-15,0.282198109865904
2023-12-18,0.2809762649022862
2023-12-19,0.2764528927526585
2023-12-20,0.28002735864843853
2023-12-21,0.2768431795328272
2023-12-22,0.2763982254068915
2023-12-26,0.27579585207870416
2023-12-27,0.2758082421521084
2023-12-28,0.278832491813082
2023-12-29,0.2705042235524029
2024-01-02,0.2718837913139923
2024-01-03,0.275559774983558
2024-01-04,0.17395356984862753
2024-01-05,0.17509831939745413
2024-01-08,0.17220580315998923
2024-01-09,0.17305551672801323
2024-01-10,0.17261317796438191
2024-01-11,0.1735547043096466
2024-01-12,0.13928756318273505
2024-01-16,0.14012287895283448
2024-01-17,0.12665569944387434
2024-01-18,0.12642608620589046
2024-01-19,0.12539732090604294
2024-01-22,0.07887484538793932
2024-01-23,0.07923511091103885
2024-01-24,0.07837042078294565
2024-01-25,0.07810744793053248
2024-01-26,0.07740031442653772
2024-01-29,0.0768481743633691
2024-01-30,0.0771700907985774
2024-01-31,0.07862693008170951
2024-02-01,0.0776010397734056
2024-02-02,0.07748468706103107
2024-02-05,0.07812554869673405
2024-02-06,0.07800520793614629
2024-02-07,0.077647500308347
2024-02-08,0.07233515385309641
2024-02-09,0.0714070519942791
2024-02-12,0.07062771431425074
2024-02-13,0.07157923495362861
2024-02-14,0.07042085246729768
2024-02-15,0.06950388626871618
2024-02-16,0.12353607500384867
2024-02-20,0.12415794290457938
2024-02-21,0.12507619173916928
2024-02-22,0.1229574035853439
2024-02-23,0.17544533856727174
2024-02-26,0.1750287494735745
2024-02-27,0.1743000317487673
2024-02-28,0.17404239320415804
2024-02-29,0.17189961698239753
2024-03-01,0.1714826469179641
2024-03-04,0.17063807651066554
2024-03-05,0.1720620540632697
2024-03-06,0.17155476130052838
2024-03-07,0.17212855421947282
2024-03-08,0.12411997354877735
2024-03-11,0.18262132483890792
2024-03-12,0.18088219347434376
2024-03-13,0.179143679342477
2024-03-14,0.18120311194619043
2024-03-15,0.18167000035813585
2024-03-18,0.18157788462389512
2024-03-19,0.17993069566097175
2024-03-20,0.17659276306932004
2024-03-21,0.17495147240180942
2024-03-22,0.17668128736626487
2024-03-25,0.17903186078185207
2024-03-26,0.17834396306387057
2024-03-27,0.17739682045900118
2024-03-28,0.17557538357561964
2024-04-01,0.1760053458094999
2024-04-02,0.18068101990299468
2024-04-03,0.16109375011961702
2024-04-04,0.15845403256014878
2024-04-05,0.1357696995872546
2024-04-08,0.1357363315704786
2024-04-09,0.12487021987996039
2024-04-10,0.12715509834389727
2024-04-11,0.12169249353455125
2024-04-12,0.12331402350675913
2024-04-15,0.12425478635119303
2024-04-16,0.07911296960487901
2024-04-17,0.0750970159081934
2024-04-18,0.07622349422320152
2024-04-19,0.0727883196084228
2024-04-22,0.07200883386830381
2024-04-23,0.07054957576368892
2024-04-24,0.07058724839026853
2024-04-25,0.07026398479341756
2024-04-26,0.1642351797088425
2024-04-29,0.06415971414667787
2024-04-30,0.06499955160874915
2024-05-01,0.029285867766832063
2024-05-02,0.028994148287597832
2024-05-03,0.02570081072907293
2024-05-06,0.025254038729528805
2024-05-07,0.025240950134927553
2024-05-08,0.025212298544750267
2024-05-09,0.025144558864976685
2024-05-10,0.0779230389635801
2024-05-13,0.03700637892240455
2024-05-14,0.03657965073854397
2024-05-15,0.03599039130280601
2024-05-16,0.0897801667276047
2024-05-17,0.08933692582186059
2024-05-20,0.08940681380226334
2024-05-21,0.08329574982319277
2024-05-22,0.08430448703458815
2024-05-23,0.08444265199122458
2024-05-24,0.07525749299529094
2024-05-28,0.13169812362442668
2024-05-29,0.13225741674689906
2024-05-30,0.13198265700325196
2024-05-31,0.13374656886256675
2024-06-03,0.1354169488748309
2024-06-04,0.1374225629219349
2024-06-05,0.12252033678004226
2024-06-06,0.12450553876758286
2024-06-07,0.12494371801483073
2024-06-10,0.029353563111226832
2024-06-11,0.02956361508538241
2024-06-12,0.028939075327782726
2024-06-13,0.02898514267751262
2024-06-14,0.029272856143003234
2024-06-17,0.08062209526994257
2024-06-18,0.0839667458528659
2024-06-20,0.0860800643866142
2024-06-21,0.07713252077180399
2024-06-24,0.07749811532402151
2024-06-25,0.0771397277882655
2024-06-26,0.07799845687527773
2024-06-27,0.08366375221475553
2024-06-28,0.08396834679611609
2024-07-01,0.08381948980899767
2024-07-02,0.08369511514699635
2024-07-03,0.07980375235293735
2024-07-05,0.07992001323795894
2024-07-08,0.07948001936063898
2024-07-09,0.07940500254308502
2024-07-10,0.0789304753877943
2024-07-11,0.08119329252093821
2024-07-12,0.07117767020440124
2024-07-15,0.07069097315445794
2024-07-16,0.0699935035344389
2024-07-17,0.13453637226605686
2024-07-18,0.032157277661574724
2024-07-19,0.025365887630388384
2024-07-22,0.0249812327811495
2024-07-23,0.02484627444364984
2024-07-24,0.025466907722807797
2024-07-25,0.025921215347685878
2024-07-26,0.0254529819237711
2024-07-29,0.02541902633908011
2024-07-30,0.02527945349107308
2024-07-31,0.025226777846581228
2024-08-01,0.08299371521468302
2024-08-02,0.08539836774287346
2024-08-05,0.08680260632065162
2024-08-06,0.08072316449303385
2024-08-07,0.08221853982233995
2024-08-08,0.07745769966284699
2024-08-09,0.08112185902012625
2024-08-12,0.08059008083669217
2024-08-13,0.08020283751179857
2024-08-14,0.08024844100621464
2024-08-15,0.07927179931651862
2024-08-16,0.07922336911843597
2024-08-19,0.0795463120670935
2024-08-20,0.07991771281439808
2024-08-21,0.0791004863963719
2024-08-22,0.07912727717589807
2024-08-23,0.07770334740824769
2024-08-26,0.07732137745158552
2024-08-27,0.07742582786192442
2024-08-28,0.07785266408673996
2024-08-29,0.07756438709653679
2024-08-30,0.07705373929699377
2024-09-03,0.07855263630960041
2024-09-04,0.07333580891423375
2024-09-05,0.07394282635736815
2024-09-06,0.06792984756188636
2024-09-09,0.06776473269762173
2024-09-10,0.06741030158688066
2024-09-11,0.06721131430262217
2024-09-12,0.06655385176557072
2024-09-13,0.0277733337837337
2024-09-16,0.027739857412950597
2024-09-17,0.02801899422869769
2024-09-18,0.028083080204876598
2024-09-19,0.027829558925162035
2024-09-20,0.0277850171606564
2024-09-23,0.027715176903529537
2024-09-24,0.0277104182461827
2024-09-25,0.027809502528101215
2024-09-26,0.021428696079250242
2024-09-27,0.021492496605791667
2024-09-30,0.015488510660949473
2024-10-01,0.01567936450894447
2024-10-02,0.02058024742450071
2024-10-03,0.02078587446279412
2024-10-04,0.020835609929345855
2024-10-07,0.01656433298068971
2024-10-08,0.01640897598775226
2024-10-09,0.01635178571218021
2024-10-10,0.016498516583473233
2024-10-11,0.01034677022721231
2024-10-14,0.09732174383868053
2024-10-15,0.0971203987447623
2024-10-16,0.09564648945952625
2024-10-17,0.09631514418975795
2024-10-18,0.09552237141674669
2024-10-21,0.052031530324889275
2024-10-22,0.05120008247392904
2024-10-23,0.0511495352631699
2024-10-24,0.0509098450776313
2024-10-25,0.05127489070620339
2024-10-28,0.00289868122060033
2024-10-29,0.0029180702839696204
2024-10-30,0.001467377320231389
2024-10-31,0.0020854527498986863
2024-11-01,0.0020853964558606997
2024-11-04,0.09437190225042602
2024-11-05,0.09286252265593442
2024-11-06,0.08925646216966665
2024-11-07,0.04284696026529855
2024-11-08,0.09063561896266514
2024-11-11,0.08966751595872369
2024-11-12,0.09116678568457737
2024-11-13,0.05450019377678006
2024-11-14,0.05483231194254523
2024-11-15,0.044806830236296724
2024-11-18,0.04464394654042436
2024-11-19,0.044450703553370885
2024-11-20,0.04483659935698647
2024-11-21,0.04409331417494511
2024-11-22,0.09815608734042303
2024-11-25,0.09718574272777492
2024-11-26,0.09642336930736983
2024-11-27,0.09836082452414519
2024-11-29,0.08816976878799287
2024-12-02,0.08865580938868467
2024-12-03,0.08837984882343597
2024-12-04,0.08793097057874655
2024-12-05,0.08864150531469728
2024-12-06,0.0889903232492274
2024-12-09,0.050675193761632764
2024-12-10,0.051067817219357714
2024-12-11,0.05050302888778424
2024-12-12,0.05013806844442126
2024-12-13,0.11272252366064239
2024-12-16,0.06669986259046534
2024-12-17,0.0674862581088832
2024-12-18,0.07060535552020342
2024-12-19,0.029738307331015124
2024-12-20,0.029320908605120266
2024-12-23,0.029485028777420763
2024-12-24,0.02912550624828525
2024-12-26,0.029018236685937504
2024-12-27,0.029493843440523748
2024-12-30,0.029752104937968427
2024-12-31,0.02987814498197927
2025-01-02,0.03002852008848933
2025-01-03,0.029732261761621692
2025-01-06,0.029661442839821195
2025-01-07,0.030123351200821546
2025-01-08,0.030078776290831
2025-01-10,0.030281936654991126
2025-01-13,0.021108175635974336
2025-01-14,0.02084169272640901
2025-01-15,0.309006657976299
2025-01-16,0.20885176760127888
2025-01-17,0.2094979635913442
2025-01-21,0.10693750620697884
2025-01-22,0.06957960413161524
2025-01-23,0.06867827270666538
2025-01-24,0.06851449525019637
2025-01-27,0.07291458781131488
2025-01-28,0.008233453462891505
2025-01-29,0.00824119688891678
2025-01-30,0.008092734492986642
2025-01-31,0.00831868755420695
2025-02-03,0.008353019199915046
2025-02-04,0.008378687449614008
2025-02-05,0.008270450672151819
2025-02-06,0.00830362236624771
2025-02-07,0.00533803238927133
2025-02-10,0.004427666462346047
2025-02-11,0.0044506151372664116
2025-02-12,0.004485520819956901
2025-02-13,0.004436212550421481
2025-02-14,0.004381835472717199
2025-02-18,0.004369042256757494
2025-02-19,0.06124329379395088
2025-02-20,0.05172612489857531
2025-02-21,0.05372627075645786
2025-02-24,0.043808201718519624
2025-02-25,0.04965043490686871
2025-02-26,0.046207780914981345
2025-02-27,0.04689976725462808
2025-02-28,0.050579435866447975
2025-03-03,0.05114313223560962
2025-03-04,0.061514631756690696
2025-03-05,0.024432176958765095
2025-03-06,0.08248042908105979
2025-03-07,0.0799954345923084
2025-03-10,0.07060834457913678
2025-03-11,0.17393274147307025
2025-03-12,0.27821540754464735
2025-03-13,0.27977330894004704
2025-03-14,0.2769739880156906
2025-03-17,0.36837546545288924
2025-03-18,0.3687788957819075
2025-03-19,0.5757464719307197
2025-03-20,0.5742658625805044
2025-03-21,0.5765552120185087
2025-03-24,0.5750925656671823
2025-03-25,0.2777704670580974
2025-03-26,0.1768834531320177
2025-03-27,0.17724299232974394
2025-03-28,0.17757463217769143
2025-03-31,0.17783288841048006
2025-04-01,0.1783706116433197
2025-04-02,0.2609943377093349
2025-04-03,0.26449394169461593
2025-04-04,0.36925821793581703
2025-04-07,0.5887762431264514
2025-04-08,0.8987612427271952
2025-04-09,0.8965382760907651
2025-04-10,0.8977909066163191
2025-04-11,0.8970289346826809
2025-04-14,0.8946375496638531
2025-04-15,0.8948286702524407
2025-04-16,1.0
2025-04-17,1.0
2025-04-21,1.0
2025-04-22,1.0
2025-04-23,1.0
2025-04-24,1.0
2025-04-25,1.0
2025-04-28,1.0
2025-04-29,1.0
2025-04-30,1.0
2025-05-01,1.0
2025-05-02,1.0
2025-05-05,1.0
2025-05-06,1.0
2025-05-07,1.0
2025-05-08,1.0
2025-05-09,1.0
2025-05-12,1.0
2025-05-13,0.7005026172312774
2025-05-14,0.40310063511786276
2025-05-15,0.006205510784594526
2025-05-16,0.006144765252565132
2025-05-19,0.0061019402775452924
2025-05-20,0.0061087489320753585
2025-05-21,0.006171953626443294
2025-05-22,0.006220783074148972
2025-05-23,0.006174358962670712
2025-05-27,0.006090492028605454
2025-05-28,0.006148340899507332
2025-05-29,0.006152631733915004
2025-05-30,0.006083878084473526
2025-06-02,0.006050660838226918
2025-06-03,0.006119338507681871
2025-06-04,0.006188600199924954
2025-06-05,0.09700974000553175
2025-06-06,0.09336904824649928
2025-06-09,0.09441027560244875
2025-06-10,0.09252941842864115
2025-06-11,0.09235026904062771
2025-06-12,0.08622979987054058
2025-06-13,0.08674333839074744
2025-06-16,0.08604248232830314
2025-06-17,0.08619178543040062
2025-06-18,0.08626599373341137
2025-06-20,0.0860445851311572
2025-06-23,0.08573600523668412
2025-06-24,0.08513451938625527
2025-06-25,0.0863030700348072
2025-06-26,0.08537605337928211
2025-06-27,0.08446027711005222
2025-06-30,0.0823961959875269
2025-07-01,0.0835653750006311
2025-07-02,0.08227892671875658
2025-07-03,0.0779962438484667
2025-07-07,0.0785095393707822
2025-07-08,0.07980955503935572
2025-07-09,0.07927282428171678
2025-07-10,0.07867629799980225
2025-07-11,0.07901533905523328
2025-07-14,0.07204213096556844
2025-07-15,0.07221217931352064
2025-07-16,0.07117554620901279
2025-07-17,0.0707014648595371
2025-07-18,0.07038010637423564
2025-07-21,0.07153457490591075
2025-07-22,0.07216763895703515
2025-07-23,0.07114087584258189
2025-07-24,0.0710033281172533
2025-07-25,0.06833350814572792
2025-07-28,0.07760217810498415
2025-07-29,0.07769695124434917
2025-07-30,0.07688609639873534
2025-07-31,0.07742100424669407
2025-08-01,0.07807538043603257
2025-08-04,0.07698077619743338
2025-08-05,0.06983508138244798
2025-08-06,0.07006220466959989
2025-08-07,0.0695169379926448
2025-08-08,0.06594092011421426
2025-08-11,0.12343073287271411
2025-08-12,0.12194268573975386
2025-08-13,0.12226439499349528
2025-08-14,0.11674426275524763
2025-08-15,0.11786143658301385
2025-08-18,0.11684706878315465
2025-08-19,0.11861362944044218
2025-08-20,0.11880282591249791
2025-08-21,0.11908088059235145
2025-08-22,0.11704964957736763
2025-08-25,0.1167062704643913
2025-08-26,0.11531527255344598
2025-08-27,0.1151920939614125
2025-08-28,0.11435133406133902
2025-08-29,0.11628407003643082
2025-09-02,0.11430147906210009
2025-09-03,0.10611377469562322
2025-09-04,0.055807491462749215
2025-09-05,0.1154402469984811
2025-09-08,0.11497523038709734
2025-09-09,0.11597896025923538
2025-09-10,0.11177167191194004
2025-09-11,0.10991917122101891
2025-09-12,0.11133150035527806
2025-09-15,0.10999512732236372
2025-09-16,0.11012197428834714
2025-09-17,0.11099690616316982
2025-09-18,0.10900421752628553
2025-09-19,0.11014188964340677
2025-09-22,0.10901807010458198
2025-09-23,0.10907239695874915
2025-09-24,0.11051552236218909
2025-09-25,0.09959628516413699
2025-09-26,0.09845300159783077
2025-09-29,0.09870633419802721
2025-09-30,0.09302833903571661
2025-10-01,0.09230020068071909
2025-10-02,0.07999536832542586
2025-10-03,0.08052552075636799
2025-10-06,0.08066892220188182
2025-10-07,0.08180837810531039
2025-10-08,0.0805895316625157
2025-10-09,0.08190193495963682
2025-10-10,0.07775952609842351
2025-10-13,0.03846965723972484
2025-10-14,0.03872027808484868
2025-10-15,0.03868805324816982
2025-10-16,0.03090619093509206
2025-10-17,0.0310056384566032
2025-10-20,0.030796719376955273
2025-10-21,0.030694715996025468
2025-10-22,0.031066211686951672
2025-10-23,0.03059507579092202
2025-10-24,0.029911522974876537
2025-10-27,0.029850758123461718
2025-10-28,0.02984587524379767
2025-10-29,0.02938106223488368
2025-10-30,0.029629888003280036
2025-10-31,0.029891917431393966
2025-11-03,0.029117251187353754
2025-11-04,0.021977973304921794
2025-11-05,0.021573745309796166
2025-11-06,0.021626562054954945
2025-11-07,0.021641673554664287
2025-11-10,0.021218807808696893
2025-11-11,0.021465392224058966
2025-11-12,0.012651935100399525
2025-11-13,0.01305640429178867
2025-11-14,0.005256300561752525
2025-11-17,0.005293776116431892
2025-11-18,0.005358622381342104
2025-11-19,0.007728273092988069
2025-11-20,0.008123388155093059
2025-11-21,0.008865825199014354
2025-11-24,0.008633554240637054
2025-11-25,0.012495900033220764
2025-11-26,0.012396524833753308
2025-11-28,0.012220379668836712
2025-12-01,0.012316788753096275
2025-12-02,0.012502192484642793
2025-12-03,0.012416354567988064
2025-12-04,0.012208925520790226
2025-12-05,0.015273339852682533
2025-12-08,0.015294288708818216
2025-12-09,0.07984185730086446
2025-12-10,0.07890895384293128
2025-12-11,0.0782172524122694
2025-12-12,0.06259979752116307
2025-12-15,0.06286720868330065
2025-12-16,0.052187731484480415
2025-12-17,0.04517838399115992
2025-12-18,0.029802768994560025
2025-12-19,0.02936374504315653
2025-12-22,0.029530968612049402
2025-12-23,0.02965256728781729
2025-12-24,0.029717377841552817
2025-12-26,0.02979002652818774
2025-12-29,0.029975518099634946
2025-12-30,0.029905848723076556
2025-12-31,0.03024161907195133
2026-01-02,0.02961635970148735
2026-01-05,0.028814808895548327
2026-01-06,0.0823390768843536
2026-01-07,0.08325815676455806
2026-01-08,0.07183622503982878
2026-01-09,0.07046157326390534
2026-01-12,0.1266168252580262
2026-01-13,0.12570004480660513
2026-01-14,0.12597675522304963
2026-01-15,0.12408615862043681
2026-01-16,0.18189218514091832
2026-01-20,0.18297309761065983
2026-01-21,0.16803772511350945
2026-01-22,0.16750854516155156
2026-01-23,0.16968400229395142
2026-01-26,0.16851144445736
2026-01-27,0.16588337128367148
2026-01-28,0.1610670181727577
2026-01-29,0.15979027155066472
2026-01-30,0.16442278349396577
2026-02-02,0.21784356799416016
2026-02-03,0.21478079157513064
2026-02-04,0.2177690732582055
2026-02-05,0.2201733976097887
2026-02-06,0.2098176263135526
2026-02-09,0.20971046686541717
2026-02-10,0.2138253795234274
2026-02-11,0.21158167586394316
2026-02-12,0.21214904556840997
2026-02-13,0.21372639125476367
2026-02-17,0.1608397580206763
2026-02-18,0.15846907516978614
2026-02-19,0.1587534804201277
2026-02-20,0.15709369724614697
2026-02-23,0.1596765679933666
2026-02-24,0.14919102606435275
2026-02-25,0.14772878627442176
2026-02-26,0.15058925229074582
2026-02-27,0.13793274095633323
2026-03-02,0.12292831394955406
2026-03-03,0.12742310786290412
2026-03-04,0.13030451998593484
2026-03-05,0.13305573997920273
2026-03-06,0.13711748807996782
2026-03-09,0.0320964768548877
2026-03-10,0.03182051070094383
2026-03-11,0.034193206384792396
2026-03-12,0.03490550736850995
2026-03-13,0.03408588995835771
2026-03-16,0.033768801526392056
2026-03-17,0.037621927427410995
2026-03-18,0.037749948039732084
2026-03-19,0.03697128639463165
2026-03-20,0.038148784241699984
2026-03-23,0.13312214531605782
2026-03-24,0.13039385190913
2026-03-25,0.13099212607257116
2026-03-26,0.13297107029558286
2026-03-27,0.13260573381920293
2026-03-30,0.13725141408086516
2026-03-31,0.576508514064529
2026-04-01,0.5830899035000461
2026-04-02,0.5819550447299695
2026-04-06,0.5832583668291345
2026-04-07,0.5782727166112344
2026-04-08,0.5814174356964166
2026-04-09,0.6802561136639476
2026-04-10,0.782103273632423
2026-04-13,0.7788069806273266
2026-04-14,0.7844776637022355
2026-04-15,0.7848453090668024
2026-04-16,0.7815746555840587
2026-04-17,0.7868796784487953
2026-04-20,0.7882106229806288
2026-04-21,0.6850945465542203
2026-04-22,0.4855427130403146
2026-04-23,0.38596009732064684
2026-04-24,0.3867513795280383
2026-04-27,0.18483948333585776
2026-04-28,0.09038832761751847
2026-04-29,0.09114087439557517
2026-04-30,0.07553462709922587
2026-05-01,0.07589156510554096
2026-05-04,0.07662784816111556
2026-05-05,0.0755217104018917
2026-05-06,0.07493931260659725
2026-05-07,0.07669388344865202
2026-05-08,0.07543528091589458
2026-05-11,0.07635108339215047
2026-05-12,0.06478532387913882
2026-05-13,0.06473192833222341
2026-05-14,0.061041928066291495
2026-05-15,0.052889783143409974
2026-05-18,0.054685000673421524
2026-05-19,0.04001299164592831
2026-05-20,0.03937019839230904
2026-05-21,0.03892422142620866
2026-05-22,0.038586198921513826
2026-05-26,0.037348748129469644
2026-05-27,0.03761810596152937
2026-05-28,0.05491252151477932
2026-05-29,0.05603603609325325
2026-06-01,0.07331223699372946
2026-06-02,0.03426400007085295
2026-06-03,0.03362201277101329
2026-06-04,0.03374294619722107
2026-06-05,0.03668458571156352
2026-06-08,0.028670911481018413
2026-06-09,0.028918584579953444
2026-06-10,0.011837843338904586
2026-06-11,0.011121795943235147
2026-06-12,0.0752379764028922
2026-06-15,0.07110886824659834
2026-06-16,0.07303901101367505
2026-06-17,0.07394666913852177
2026-06-18,0.07093789911283366
2026-06-22,0.12712447440473762
2026-06-23,0.13105458507654721
2026-06-24,0.19066215888251936
2026-06-25,0.18635403517240856
2026-06-26,0.19077611647681258
2026-06-29,0.18640875211214503
2026-06-30,0.18131188934266707
2026-07-01,0.1868280795489371
2026-07-02,0.1966388236799287
2026-07-06,0.1284902196600648
2026-07-07,0.133362272525952
2026-07-08,0.029465653436647865
2026-07-09,0.034605345632780726
2026-07-10,0.03465880628077067
2026-07-13,0.035153777141245346
2026-07-14,0.03480194593746566
2026-07-15,0.03557841455465183
2026-07-16,0.025164647686951147
2026-07-17,0.025339533282332627
2026-07-20,0.022107421065363675
2026-07-21,0.02170524254043371
2026-07-22,0.021670234544700073
2026-07-23,0.02192901025030536
2026-07-24,0.08025430343093809
2026-07-27,0.07447661481086287
2026-07-28,0.07235287471683038
2026-07-29,0.07296762943387503
2026-07-30,0.07373528679295172
2026-07-31,0.06560493367470144
2026-08-03,0.0658308573527363
2026-08-04,0.06566406428734162
2026-08-05,0.06552891425419682
2026-08-06,0.06554468860548912
2026-08-07,0.0656582580836319
2026-08-10,0.06590941432588471
2026-08-11,0.06161503550266911
2026-08-12,0.06137794466310331
2026-08-13,0.06138315683787898
2026-08-14,0.05177500899414467
2026-08-17,0.0518182788602336
2026-08-18,0.04861664533005616
2026-08-19,0.045411906394676405
2026-08-20,0.06826804360648298
2026-08-21,0.0647077831074121
2026-08-24,0.06496992102045251
2026-08-25,0.06431357545202498
