date,cash_fraction
2007-01-03,1.0
2007-01-04,0.09987961861898664
2007-01-05,4.407926921179417e-05
2007-01-08,4.380405984505398e-05
2007-01-09,4.372820571618696e-05
2007-01-10,0.000375987768574948
2007-01-11,0.0003714758514680172
2007-01-12,0.000368982311591437
2007-01-16,0.0003700499444893035
2007-01-17,0.00037134964033513906
2007-01-18,0.0003790817422708592
2007-01-19,0.0819052390952808
2007-01-22,0.08209671359414628
2007-01-23,0.08221404210997929
2007-01-24,0.08159606301060274
2007-01-25,0.08239224105296983
2007-01-26,0.08221028042254641
2007-01-29,0.07574669782716703
2007-01-30,0.07531330500903055
2007-01-31,0.07476707522752979
2007-02-01,0.07406336520352896
2007-02-02,0.07373774796289045
2007-02-05,0.07408637363793524
2007-02-06,0.07157233988495904
2007-02-07,0.07173101511457758
2007-02-08,0.071895446467237
2007-02-09,0.07240382617011443
2007-02-12,0.07233410570932652
2007-02-13,0.07143967896054182
2007-02-14,0.07093617717826506
2007-02-15,0.07074052343815229
2007-02-16,0.07111055317271575
2007-02-20,0.06726640325569155
2007-02-21,0.06702480310309933
2007-02-22,0.06714752231055987
2007-02-23,0.06693202043215818
2007-02-26,0.06770340610881087
2007-02-27,0.05520431807173665
2007-02-28,0.06509331107295546
2007-03-01,0.06122083961951774
2007-03-02,0.062315613167922446
2007-03-05,0.07386636790930678
2007-03-06,0.07058666139793401
2007-03-07,0.06962204092522595
2007-03-08,0.07318512792038567
2007-03-09,0.07334680458104703
2007-03-12,0.07182900694076477
2007-03-13,0.07316027087561283
2007-03-14,0.07311159401199852
2007-03-15,0.0726216129813615
2007-03-16,0.0728960110330672
2007-03-19,0.07220104931052784
2007-03-20,0.07136277098735899
2007-03-21,0.07071865950860767
2007-03-22,0.07059574027794768
2007-03-23,0.07055609030363752
2007-03-26,0.07090608514130314
2007-03-27,0.07146022318861556
2007-03-28,0.06512049409406517
2007-03-29,0.0652060834025523
2007-03-30,0.06505326376999987
2007-04-02,0.0643390138044787
2007-04-03,0.023207497266931942
2007-04-04,0.023235407480858172
2007-04-05,0.023022036944779667
2007-04-09,0.023029188719261295
2007-04-10,0.023049879643585847
2007-04-11,0.02342107745060873
2007-04-12,0.02336017016770764
2007-04-13,0.023262896176328596
2007-04-16,0.023152319611703054
2007-04-17,0.023226104005498405
2007-04-18,0.023291401722207672
2007-04-19,0.02338981514465943
2007-04-20,0.023281090101756274
2007-04-23,0.02324715041174963
2007-04-24,0.02355727175071931
2007-04-25,0.016222826462146234
2007-04-26,0.01688372854514253
2007-04-27,0.06243844022394773
2007-04-30,0.06272731909356632
2007-05-01,0.020547395654961553
2007-05-02,0.020284292096666712
2007-05-03,0.07667532782071773
2007-05-04,0.07147224026014654
2007-05-07,0.07114732790959255
2007-05-08,0.07126135147201185
2007-05-09,0.07099370695131657
2007-05-10,0.07179674630625432
2007-05-11,0.0713680285916749
2007-05-14,0.06852298746251784
2007-05-15,0.06845269914270735
2007-05-16,0.06836638204148493
2007-05-17,0.06801264131854212
2007-05-18,0.06774621292680505
2007-05-21,0.06371017450660765
2007-05-22,0.06370661419778856
2007-05-23,0.06440830416479637
2007-05-24,0.06467246072829524
2007-05-25,0.06361198833015691
2007-05-29,0.06334131884967553
2007-05-30,0.06308978200323201
2007-05-31,0.05260044534966157
2007-06-01,0.11332563955256791
2007-06-04,0.11316984580478862
2007-06-05,0.11437002364714621
2007-06-06,0.1080396100069898
2007-06-07,0.11055832821384304
2007-06-08,0.10923726946213563
2007-06-11,0.11013298970616658
2007-06-12,0.1116651436280034
2007-06-13,0.10252955298816069
2007-06-14,0.10211363409233043
2007-06-15,0.10039362728934631
2007-06-18,0.09545683231066993
2007-06-19,0.09548848519958053
2007-06-20,0.09604354522349756
2007-06-21,0.09546060373222964
2007-06-22,0.1534514434854397
2007-06-25,0.15490362070588182
2007-06-26,0.15332585414525524
2007-06-27,0.15051488395266088
2007-06-28,0.1520071020877134
2007-06-29,0.15249208030668915
2007-07-02,0.14913280214531754
2007-07-03,0.1492892169735004
2007-07-05,0.14877574144100003
2007-07-06,0.20335674519419034
2007-07-09,0.20250073800853308
2007-07-10,0.2058536767230158
2007-07-11,0.1998086885408128
2007-07-12,0.19766740593377718
2007-07-13,0.1975528104165991
2007-07-16,0.19839439408339066
2007-07-17,0.1984835097097195
2007-07-18,0.1979220657387526
2007-07-19,0.19904762217204308
2007-07-20,0.1937797125056372
2007-07-23,0.10530146957298703
2007-07-24,0.10729221829610958
2007-07-25,0.10869282160074789
2007-07-26,0.06098043999670966
2007-07-27,0.2518137470737454
2007-07-30,0.05113206334089948
2007-07-31,0.051911319803533695
2007-08-01,0.051943058828623934
2007-08-02,0.05274872828499555
2007-08-03,0.05388858599852375
2007-08-06,0.11450859731245844
2007-08-07,0.014359245732127213
2007-08-08,0.014613773007442044
2007-08-09,0.015417421023369848
2007-08-10,0.06526016809996116
2007-08-13,0.06614659033303438
2007-08-14,0.06750249608624548
2007-08-15,0.26696139390488494
2007-08-16,0.46852545591530925
2007-08-17,0.6756766820793731
2007-08-20,0.6720224297003297
2007-08-21,0.7829320865369827
2007-08-22,0.7829141270928209
2007-08-23,0.3852075993037436
2007-08-24,0.38247428653429627
2007-08-27,0.3825578764719807
2007-08-28,0.28778678989295825
2007-08-29,0.3917896789829569
2007-08-30,0.09197186953291059
2007-08-31,0.09031984386940417
2007-09-04,0.08907391503634277
2007-09-05,0.08918764528903855
2007-09-06,0.08868344050062849
2007-09-07,0.0905703879343418
2007-09-10,0.09095569354734712
2007-09-11,0.18842290974326403
2007-09-12,0.08845515102338042
2007-09-13,0.0878708125079547
2007-09-14,0.0877814621562163
2007-09-17,0.08770900873494125
2007-09-18,0.08443026312407187
2007-09-19,0.08349568316027367
2007-09-20,0.13878110045104475
2007-09-21,0.03856961581730334
2007-09-24,0.09604428862231729
2007-09-25,0.09508244486679862
2007-09-26,0.09445935058303956
2007-09-27,0.09412519250259832
2007-09-28,0.09497253243896853
2007-10-01,0.09419092842149779
2007-10-02,0.15053596712425565
2007-10-03,0.1391993494741255
2007-10-04,0.13712840798199644
2007-10-05,0.1360233011802534
2007-10-08,0.13618798627583117
2007-10-09,0.1337690603521804
2007-10-10,0.13247867765711951
2007-10-11,0.18926389138504984
2007-10-12,0.17368240286396974
2007-10-15,0.17437380185355233
2007-10-16,0.1753087969515731
2007-10-17,0.1746988462373933
2007-10-18,0.17268286674340183
2007-10-19,0.17745298691206868
2007-10-22,0.16302667858452302
2007-10-23,0.15943098598063232
2007-10-24,0.16078922649253957
2007-10-25,0.21884378220008172
2007-10-26,0.20225274445698405
2007-10-29,0.20030427044519838
2007-10-30,0.2020541405629177
2007-10-31,0.19983356753046544
2007-11-01,0.20629687859994983
2007-11-02,0.2025417096089588
2007-11-05,0.20501787405265548
2007-11-06,0.1899558573596939
2007-11-07,0.19311654429072278
2007-11-08,0.34576507934839695
2007-11-09,0.4398500323353275
2007-11-12,0.4538030310092207
2007-11-13,0.6960600488656459
2007-11-14,0.6964258553878581
2007-11-15,0.7019205123570846
2007-11-16,0.6970108580258982
2007-11-19,0.7592430129955934
2007-11-20,0.7558986291448306
2007-11-21,0.7592847574926975
2007-11-23,0.7532971198230407
2007-11-26,0.7526958064533444
2007-11-27,0.7501053135507991
2007-11-28,0.7402415698643838
2007-11-29,0.7424589689377982
2007-11-30,0.7439664680585905
2007-12-03,0.4417663455253572
2007-12-04,0.44327128251520187
2007-12-05,0.4397334258678396
2007-12-06,0.13959230686125734
2007-12-07,0.13789444238216841
2007-12-10,0.13575687148068716
2007-12-11,0.13951280451282122
2007-12-12,0.13870752745630366
2007-12-13,0.1379870457183099
2007-12-14,0.13958424334410213
2007-12-17,0.1960012477048363
2007-12-18,0.1936627607172332
2007-12-19,0.1931371322845672
2007-12-20,0.18922602206736017
2007-12-21,0.18606851521762102
2007-12-24,0.18392253212451404
2007-12-26,0.071481060707685
2007-12-27,0.0726497560146987
2007-12-28,0.07282662252239647
2007-12-31,0.13084625812665984
2008-01-02,0.13216629243781175
2008-01-03,0.31864500525771156
2008-01-04,0.5116266698411891
2008-01-07,0.5170599185206197
2008-01-08,0.6168841332496786
2008-01-09,0.6148136006124799
2008-01-10,0.6131299847885316
2008-01-11,0.6148966010148531
2008-01-14,0.7437879667874057
2008-01-15,0.7529192997657638
2008-01-16,0.7666042133775266
2008-01-17,0.7854004064319544
2008-01-18,0.9073792536667504
2008-01-22,1.0
2008-01-23,1.0
2008-01-24,1.0
2008-01-25,1.0
2008-01-28,1.0
2008-01-29,1.0
2008-01-30,1.0
2008-01-31,1.0
2008-02-01,1.0
2008-02-04,1.0
2008-02-05,1.0
2008-02-06,1.0
2008-02-07,1.0
2008-02-08,1.0
2008-02-11,1.0
2008-02-12,1.0
2008-02-13,1.0
2008-02-14,1.0
2008-02-15,1.0
2008-02-19,1.0
2008-02-20,1.0
2008-02-21,1.0
2008-02-22,1.0
2008-02-25,1.0
2008-02-26,1.0
2008-02-27,1.0
2008-02-28,1.0
2008-02-29,1.0
2008-03-03,1.0
2008-03-04,1.0
2008-03-05,1.0
2008-03-06,1.0
2008-03-07,1.0
2008-03-10,1.0
2008-03-11,1.0
2008-03-12,1.0
2008-03-13,1.0
2008-03-14,1.0
2008-03-17,1.0
2008-03-18,1.0
2008-03-19,1.0
2008-03-20,1.0
2008-03-24,1.0
2008-03-25,1.0
2008-03-26,1.0
2008-03-27,1.0
2008-03-28,1.0
2008-03-31,1.0
2008-04-01,1.0
2008-04-02,1.0
2008-04-03,1.0
2008-04-04,1.0
2008-04-07,1.0
2008-04-08,1.0
2008-04-09,1.0
2008-04-10,1.0
2008-04-11,1.0
2008-04-14,1.0
2008-04-15,1.0
2008-04-16,1.0
2008-04-17,1.0
2008-04-18,1.0
2008-04-21,1.0
2008-04-22,1.0
2008-04-23,1.0
2008-04-24,1.0
2008-04-25,1.0
2008-04-28,1.0
2008-04-29,1.0
2008-04-30,1.0
2008-05-01,1.0
2008-05-02,1.0
2008-05-05,1.0
2008-05-06,1.0
2008-05-07,1.0
2008-05-08,1.0
2008-05-09,1.0
2008-05-12,1.0
2008-05-13,1.0
2008-05-14,1.0
2008-05-15,1.0
2008-05-16,1.0
2008-05-19,1.0
2008-05-20,0.0015777521379650716
2008-05-21,0.0016095232124105907
2008-05-22,0.0017884025544413484
2008-05-23,0.0018094941638726603
2008-05-27,0.09247595025491717
2008-05-28,0.09168716286565759
2008-05-29,0.09026993630400038
2008-05-30,0.09035072855403747
2008-06-02,0.09090729925762042
2008-06-03,0.09135029354213287
2008-06-04,0.09133774805237704
2008-06-05,0.08973997861466232
2008-06-06,0.09259023338510752
2008-06-09,0.09303793070480326
2008-06-10,0.0932863353222313
2008-06-11,0.09533521254189747
2008-06-12,0.5811820828888834
2008-06-13,0.5769356760171396
2008-06-16,0.5749881969155461
2008-06-17,0.6799711129735283
2008-06-18,0.6801498492453779
2008-06-19,0.676959627626665
2008-06-20,0.6832557203031465
2008-06-23,0.7842635571474307
2008-06-24,0.786128947724116
2008-06-25,0.7823515925281981
2008-06-26,0.7877848900109453
2008-06-27,0.8838336618556006
2008-06-30,0.8907085795402391
2008-07-01,0.889615723500866
2008-07-02,0.8909367934857141
2008-07-03,0.8898898472851713
2008-07-07,0.8909461127106313
2008-07-08,0.8901036925930103
2008-07-09,0.8901780911836672
2008-07-10,0.8910672519362388
2008-07-11,0.8916827914111118
2008-07-14,0.8936141730329904
2008-07-15,0.8927807350991361
2008-07-16,0.891412223034937
2008-07-17,0.8903502028727447
2008-07-18,0.8901687951147897
2008-07-21,0.8917761272202358
2008-07-22,0.8916734567687036
2008-07-23,0.8921963838423547
2008-07-24,0.8853905727304304
2008-07-25,0.8859982847074926
2008-07-28,0.8878171964442074
2008-07-29,0.885257167198195
2008-07-30,0.8830366613576888
2008-07-31,0.8844071064659325
2008-08-01,0.8853813693635676
2008-08-04,0.8864085031712832
2008-08-05,0.8850640369745566
2008-08-06,0.8858140431878339
2008-08-07,0.8860535777339242
2008-08-08,0.8849445243968722
2008-08-11,0.8834945304207061
2008-08-12,0.8827210071922517
2008-08-13,0.8830412421682462
2008-08-14,0.8832243319375784
2008-08-15,0.8840079055720067
2008-08-18,0.8859798599185564
2008-08-19,0.8859660400724063
2008-08-20,0.8865053548508555
2008-08-21,0.8871053664444618
2008-08-22,0.8857818049351297
2008-08-25,0.8881907720114754
2008-08-26,0.8892427665436575
2008-08-27,1.0
2008-08-28,1.0
2008-08-29,1.0
2008-09-02,1.0
2008-09-03,1.0
2008-09-04,1.0
2008-09-05,1.0
2008-09-08,1.0
2008-09-09,1.0
2008-09-10,1.0
2008-09-11,1.0
2008-09-12,1.0
2008-09-15,1.0
2008-09-16,1.0
2008-09-17,1.0
2008-09-18,1.0
2008-09-19,1.0
2008-09-22,1.0
2008-09-23,1.0
2008-09-24,1.0
2008-09-25,1.0
2008-09-26,1.0
2008-09-29,1.0
2008-09-30,1.0
2008-10-01,1.0
2008-10-02,1.0
2008-10-03,1.0
2008-10-06,1.0
2008-10-07,1.0
2008-10-08,1.0
2008-10-09,1.0
2008-10-10,1.0
2008-10-13,1.0
2008-10-14,1.0
2008-10-15,1.0
2008-10-16,1.0
2008-10-17,1.0
2008-10-20,1.0
2008-10-21,1.0
2008-10-22,1.0
2008-10-23,1.0
2008-10-24,1.0
2008-10-27,1.0
2008-10-28,1.0
2008-10-29,1.0
2008-10-30,1.0
2008-10-31,1.0
2008-11-03,1.0
2008-11-04,1.0
2008-11-05,1.0
2008-11-06,1.0
2008-11-07,1.0
2008-11-10,1.0
2008-11-11,1.0
2008-11-12,1.0
2008-11-13,1.0
2008-11-14,1.0
2008-11-17,1.0
2008-11-18,1.0
2008-11-19,1.0
2008-11-20,1.0
2008-11-21,1.0
2008-11-24,1.0
2008-11-25,1.0
2008-11-26,1.0
2008-11-28,1.0
2008-12-01,1.0
2008-12-02,1.0
2008-12-03,1.0
2008-12-04,1.0
2008-12-05,1.0
2008-12-08,1.0
2008-12-09,1.0
2008-12-10,1.0
2008-12-11,1.0
2008-12-12,1.0
2008-12-15,1.0
2008-12-16,1.0
2008-12-17,1.0
2008-12-18,1.0
2008-12-19,1.0
2008-12-22,1.0
2008-12-23,1.0
2008-12-24,1.0
2008-12-26,1.0
2008-12-29,1.0
2008-12-30,1.0
2008-12-31,1.0
2009-01-02,1.0
2009-01-05,1.0
2009-01-06,1.0
2009-01-07,1.0
2009-01-08,1.0
2009-01-09,1.0
2009-01-12,1.0
2009-01-13,1.0
2009-01-14,1.0
2009-01-15,1.0
2009-01-16,1.0
2009-01-20,1.0
2009-01-21,1.0
2009-01-22,1.0
2009-01-23,1.0
2009-01-26,1.0
2009-01-27,1.0
2009-01-28,1.0
2009-01-29,1.0
2009-01-30,1.0
2009-02-02,1.0
2009-02-03,1.0
2009-02-04,1.0
2009-02-05,1.0
2009-02-06,1.0
2009-02-09,1.0
2009-02-10,1.0
2009-02-11,1.0
2009-02-12,1.0
2009-02-13,1.0
2009-02-17,1.0
2009-02-18,1.0
2009-02-19,1.0
2009-02-20,1.0
2009-02-23,1.0
2009-02-24,1.0
2009-02-25,1.0
2009-02-26,1.0
2009-02-27,1.0
2009-03-02,1.0
2009-03-03,1.0
2009-03-04,1.0
2009-03-05,1.0
2009-03-06,1.0
2009-03-09,1.0
2009-03-10,1.0
2009-03-11,1.0
2009-03-12,1.0
2009-03-13,1.0
2009-03-16,1.0
2009-03-17,1.0
2009-03-18,1.0
2009-03-19,1.0
2009-03-20,1.0
2009-03-23,1.0
2009-03-24,1.0
2009-03-25,1.0
2009-03-26,1.0
2009-03-27,1.0
2009-03-30,1.0
2009-03-31,1.0
2009-04-01,1.0
2009-04-02,1.0
2009-04-03,1.0
2009-04-06,1.0
2009-04-07,1.0
2009-04-08,1.0
2009-04-09,1.0
2009-04-13,1.0
2009-04-14,1.0
2009-04-15,1.0
2009-04-16,1.0
2009-04-17,1.0
2009-04-20,1.0
2009-04-21,1.0
2009-04-22,1.0
2009-04-23,1.0
2009-04-24,1.0
2009-04-27,1.0
2009-04-28,1.0
2009-04-29,1.0
2009-04-30,1.0
2009-05-01,1.0
2009-05-04,1.0
2009-05-05,1.0
2009-05-06,1.0
2009-05-07,1.0
2009-05-08,1.0
2009-05-11,1.0
2009-05-12,1.0
2009-05-13,1.0
2009-05-14,1.0
2009-05-15,1.0
2009-05-18,1.0
2009-05-19,1.0
2009-05-20,1.0
2009-05-21,1.0
2009-05-22,1.0
2009-05-26,1.0
2009-05-27,1.0
2009-05-28,1.0
2009-05-29,1.0
2009-06-01,1.0
2009-06-02,1.0
2009-06-03,1.0
2009-06-04,1.0
2009-06-05,1.0
2009-06-08,0.8999897875303663
2009-06-09,0.8991008510012576
2009-06-10,0.8003287478565346
2009-06-11,0.7025098204338309
2009-06-12,0.6020147604569963
2009-06-15,0.6067523868013942
2009-06-16,0.5108494643339558
2009-06-17,0.5058939027101217
2009-06-18,0.5054080541515849
2009-06-19,0.4038519652909306
2009-06-22,0.41053783499554564
2009-06-23,0.5076165376312747
2009-06-24,0.507452358405832
2009-06-25,0.4029909581642208
2009-06-26,0.40168026676775537
2009-06-29,0.3981432323707148
2009-06-30,0.2984584608162014
2009-07-01,0.1967172203745906
2009-07-02,0.29744574372212695
2009-07-06,0.09791917996377653
2009-07-07,0.09975790936299767
2009-07-08,0.100830228291107
2009-07-09,0.384419794271038
2009-07-10,0.3843292643473909
2009-07-13,0.37882484077184064
2009-07-14,0.3763118896286106
2009-07-15,0.2721062924425973
2009-07-16,0.27084072839566087
2009-07-17,0.268961658757488
2009-07-20,0.2667455890052054
2009-07-21,0.2703617045579384
2009-07-22,0.17096052736952216
2009-07-23,0.26026537468643596
2009-07-24,0.25960745270069563
2009-07-27,0.2613071063678354
2009-07-28,0.16158903148010495
2009-07-29,0.15977228527101006
2009-07-30,0.15916694277844967
2009-07-31,0.27047138084233524
2009-08-03,0.16860853855878122
2009-08-04,0.1679438797934497
2009-08-05,0.06924791697311894
2009-08-06,0.06488090166917482
2009-08-07,0.047637716229769866
2009-08-10,0.047893896310795325
2009-08-11,0.04837803136613028
2009-08-12,0.04768058073786019
2009-08-13,0.04757986429728789
2009-08-14,0.04850051307978853
2009-08-17,0.04934575429175636
2009-08-18,0.04826194250410354
2009-08-19,0.04798847764012715
2009-08-20,0.04751496773294117
2009-08-21,0.04719733586542696
2009-08-24,0.04739781892821748
2009-08-25,0.04696733526404562
2009-08-26,0.046947083494152775
2009-08-27,0.1052347136063061
2009-08-28,0.09936448500579242
2009-08-31,0.09582924865094422
2009-09-01,0.09785727663968924
2009-09-02,0.003886642692107478
2009-09-03,0.06254976450765004
2009-09-04,0.06109803837131833
2009-09-08,0.11673938180112331
2009-09-09,0.11416399697340318
2009-09-10,0.11268790168100795
2009-09-11,0.11480914131058917
2009-09-14,0.11310630088764939
2009-09-15,0.11018730070035399
2009-09-16,0.10900034375953493
2009-09-17,0.05646360975549081
2009-09-18,0.11003885897141508
2009-09-21,0.1108612929538978
2009-09-22,0.1095296189401489
2009-09-23,0.11080155774966982
2009-09-24,0.11659740195130308
2009-09-25,0.16495661669005268
2009-09-28,0.21767835491899046
2009-09-29,0.2172192716046144
2009-09-30,0.21865308561904517
2009-10-01,0.22778819047948795
2009-10-02,0.22152524146580121
2009-10-05,0.17250413921363772
2009-10-06,0.1690935194140415
2009-10-07,0.16923403211972987
2009-10-08,0.1677682177407508
2009-10-09,0.1678479985226895
2009-10-12,0.11400298902443906
2009-10-13,0.11411354317175115
2009-10-14,0.11082089648205273
2009-10-15,0.1674126454399778
2009-10-16,0.17038256856760148
2009-10-19,0.1553716734791828
2009-10-20,0.15697922218175886
2009-10-21,0.15951061512157783
2009-10-22,0.15675393423658113
2009-10-23,0.15889516944163384
2009-10-26,0.21171175332787817
2009-10-27,0.16511908795302777
2009-10-28,0.16673723096182125
2009-10-29,0.11497545249252306
2009-10-30,0.11815924085890372
2009-11-02,0.11699265059250996
2009-11-03,0.11604020316795494
2009-11-04,0.11578162373198031
2009-11-05,0.06783855553343732
2009-11-06,0.06810482178027322
2009-11-09,0.0655987086552009
2009-11-10,0.0653795542938842
2009-11-11,0.06517113218736537
2009-11-12,0.06643254411355948
2009-11-13,0.06579605757388751
2009-11-16,0.06425869986352628
2009-11-17,0.06417235096323626
2009-11-18,0.06478995335983351
2009-11-19,0.06644457546570792
2009-11-20,0.06694924682954384
2009-11-23,0.06600131009156196
2009-11-24,0.06609037888186609
2009-11-25,0.06544563698681627
2009-11-27,0.0669413791852167
2009-11-30,0.0652099925276135
2009-12-01,0.06420031503241319
2009-12-02,0.06402160901340626
2009-12-03,0.0645255717728952
2009-12-04,0.0644474582282537
2009-12-07,0.05724621644011807
2009-12-08,0.05782745314966786
2009-12-09,0.0564041298463428
2009-12-10,0.05667206100123712
2009-12-11,0.01624127842627432
2009-12-14,0.01625436649795098
2009-12-15,0.002438410870577168
2009-12-16,0.002420811899003783
2009-12-17,0.0028040445228777466
2009-12-18,0.09163647205146852
2009-12-21,0.09057454957615751
2009-12-22,0.06284522232876544
2009-12-23,0.0621239137776709
2009-12-24,0.061590375652186835
2009-12-28,0.06207994397045469
2009-12-29,0.06231141266086171
2009-12-30,0.06262824281947343
2009-12-31,0.0635079779076505
2010-01-04,0.05425021062556945
2010-01-05,0.053780275585447734
2010-01-06,0.10813092655298373
2010-01-07,0.16341011647988612
2010-01-08,0.1638368887977314
2010-01-11,0.1533820119935222
2010-01-12,0.14675685906864433
2010-01-13,0.14388838216192512
2010-01-14,0.14337994653816133
2010-01-15,0.1463426351265582
2010-01-19,0.13620329787114194
2010-01-20,0.1374828905896145
2010-01-21,0.14106173183637127
2010-01-22,0.1291350726700191
2010-01-25,0.12868202862357403
2010-01-26,0.1295643301269297
2010-01-27,0.09703935354075677
2010-01-28,0.09895607951532781
2010-01-29,0.04428713117419669
2010-02-01,0.04400638899429665
2010-02-02,0.04344969907451923
2010-02-03,0.043907485219668696
2010-02-04,0.04581966610883492
2010-02-05,0.04494193206820851
2010-02-08,0.014753371755660827
2010-02-09,0.014363451886517886
2010-02-10,0.014406282600213705
2010-02-11,0.01420755631090087
2010-02-12,0.014064644103842006
2010-02-16,0.013777550629380464
2010-02-17,0.013759247643231998
2010-02-18,0.013568809462625508
2010-02-19,0.10795658318126766
2010-02-22,0.007924609396935178
2010-02-23,0.0718698391212681
2010-02-24,0.0654831431601065
2010-02-25,0.06546863762460708
2010-02-26,0.0652978978137787
2010-03-01,0.06370501741117818
2010-03-02,0.06333295182894672
2010-03-03,0.12235547055629903
2010-03-04,0.12249374793994006
2010-03-05,0.12105780716748993
2010-03-08,0.12076232803992759
2010-03-09,0.1204096766444892
2010-03-10,0.1741172604553034
2010-03-11,0.17411588008243628
2010-03-12,0.1737315980719656
2010-03-15,0.1748624915705307
2010-03-16,0.17462110739904035
2010-03-17,0.17456115613010326
2010-03-18,0.1744917789865561
2010-03-19,0.1772384746996558
2010-03-22,0.17534716729738886
2010-03-23,0.17353233738593332
2010-03-24,0.1746316004573626
2010-03-25,0.17594288979792339
2010-03-26,0.17622722293926485
2010-03-29,0.1743030056434114
2010-03-30,0.1753716399783637
2010-03-31,0.17642745955674244
2010-04-01,0.17545524184150119
2010-04-05,0.17421995788351552
2010-04-06,0.17403993903260573
2010-04-07,0.13455324945469604
2010-04-08,0.09911043628139915
2010-04-09,0.09869471614514347
2010-04-12,0.14581841000565765
2010-04-13,0.1460808893617429
2010-04-14,0.1429814345875402
2010-04-15,0.14343676380138126
2010-04-16,0.1459382128445399
2010-04-19,0.14583548930418955
2010-04-20,0.14347292332834793
2010-04-21,0.14082990283158037
2010-04-22,0.2446512522342591
2010-04-23,0.24201510037747198
2010-04-26,0.28930501611567183
2010-04-27,0.29656952255075175
2010-04-28,0.29718355123669005
2010-04-29,0.2805094359860264
2010-04-30,0.35151440605989415
2010-05-03,0.2975594162806404
2010-05-04,0.3089553946759629
2010-05-05,0.15834365375879755
2010-05-06,0.14805620447238654
2010-05-07,0.18861034983604863
2010-05-10,0.04683964692335196
2010-05-11,0.04648831056624736
2010-05-12,0.04524154370157074
2010-05-13,0.045570569470653854
2010-05-14,0.046648390826117825
2010-05-17,0.04597697083294938
2010-05-18,0.04677911013801894
2010-05-19,0.04720108860803818
2010-05-20,0.04956031876659872
2010-05-21,0.4248989090903861
2010-05-24,0.4256216182612169
2010-05-25,0.4232705554808496
2010-05-26,0.422519348858419
2010-05-27,0.5612358011982643
2010-05-28,0.46304138590954125
2010-06-01,0.46634331153600084
2010-06-02,0.45641721813198777
2010-06-03,0.4522028031972575
2010-06-04,0.5194014138915087
2010-06-07,0.5234640730154476
2010-06-08,0.525100820782097
2010-06-09,0.5228454552996002
2010-06-10,0.6106113020124984
2010-06-11,0.6048126492204606
2010-06-14,0.6031345640642507
2010-06-15,0.5992478575305984
2010-06-16,0.5551754549497427
2010-06-17,0.6123576688898344
2010-06-18,0.6148940362692298
2010-06-21,0.31696837003847134
2010-06-22,0.11820741970036852
2010-06-23,0.1175703750911864
2010-06-24,0.11850311088337062
2010-06-25,0.11887332907451831
2010-06-28,0.11927613334129583
2010-06-29,0.12269834948373604
2010-06-30,0.47402791730627736
2010-07-01,0.47272974088819264
2010-07-02,0.5313426443704168
2010-07-06,0.5298640996426098
2010-07-07,0.5281893817654792
2010-07-08,0.5267132703057732
2010-07-09,0.5248053099889332
2010-07-12,0.5258666688136353
2010-07-13,0.5229547208117218
2010-07-14,0.6257006547175957
2010-07-15,0.7267229879175734
2010-07-16,0.7314030576716721
2010-07-19,0.730480301635184
2010-07-20,0.7297377615525378
2010-07-21,0.7326394969808068
2010-07-22,0.7323618760677988
2010-07-23,0.8304157929178293
2010-07-26,0.8285521662962909
2010-07-27,0.829418672997646
2010-07-28,0.8313158257060507
2010-07-29,0.8331551623413388
2010-07-30,0.8329122212835968
2010-08-02,0.8343152122164069
2010-08-03,0.3927382177881481
2010-08-04,0.09245751039658423
2010-08-05,0.0935415780394625
2010-08-06,0.09347742635712775
2010-08-09,0.09310656089124858
2010-08-10,0.09439653589890518
2010-08-11,0.08707383896353571
2010-08-12,0.17886235465743627
2010-08-13,0.17953060451545177
2010-08-16,0.27421661243076123
2010-08-17,0.2722548601169299
2010-08-18,0.2705785605683041
2010-08-19,0.27309798608988556
2010-08-20,0.36707411733643447
2010-08-23,0.37030548800768925
2010-08-24,0.372959560757551
2010-08-25,0.5784786055618174
2010-08-26,0.6786038310929791
2010-08-27,0.6729766178188723
2010-08-30,0.6783874287167831
2010-08-31,0.6778326426264868
2010-09-01,0.6700545455622118
2010-09-02,0.6662787585156675
2010-09-03,0.6642510707675835
2010-09-07,0.6665582096719871
2010-09-08,0.6646691933103572
2010-09-09,0.6668386129759291
2010-09-10,0.6661670555789672
2010-09-13,0.6633603679162836
2010-09-14,0.661565913201913
2010-09-15,0.5627646070084341
2010-09-16,0.36224002811757594
2010-09-17,0.06183345142803964
2010-09-20,0.060554884571772716
2010-09-21,0.060681905594995866
2010-09-22,0.06047340130359369
2010-09-23,0.06107969885857201
2010-09-24,0.0599819403201487
2010-09-27,0.0600381076518981
2010-09-28,0.059743486548697766
2010-09-29,0.059548092279574694
2010-09-30,0.05978341729866887
2010-10-01,0.059397640433205834
2010-10-04,0.05970875492000505
2010-10-05,0.05879797677275711
2010-10-06,0.05937147470616111
2010-10-07,0.04659588344577381
2010-10-08,0.04637710667113448
2010-10-11,0.04648946561263967
2010-10-12,0.04647675070223645
2010-10-13,0.046169429070938905
2010-10-14,0.04628172737820335
2010-10-15,0.0036369950158144926
2010-10-18,0.0036494533408233387
2010-10-19,0.00369748634404099
2010-10-20,0.0036534097114721
2010-10-21,0.003652250771288612
2010-10-22,0.003630747228045461
2010-10-25,0.003623332971576354
2010-10-26,0.06507791281012731
2010-10-27,0.06522750359478746
2010-10-28,0.06142391347181142
2010-10-29,0.06128317215277557
2010-11-01,0.06125705002811843
2010-11-02,0.060486951008376644
2010-11-03,0.06162670450827823
2010-11-04,0.060328613422078514
2010-11-05,0.16960861717472264
2010-11-08,0.16876625553471625
2010-11-09,0.17000134481758267
2010-11-10,0.16132840146465866
2010-11-11,0.21636724912567917
2010-11-12,0.2191369154303925
2010-11-15,0.2197861114525108
2010-11-16,0.22254983891346125
2010-11-17,0.22079599136783135
2010-11-18,0.2187877929616746
2010-11-19,0.2173564734385306
2010-11-22,0.21520672947352515
2010-11-23,0.21658267508752893
2010-11-24,0.21373254588851487
2010-11-26,0.2707799527527487
2010-11-29,0.27270536691516445
2010-11-30,0.2722739459779947
2010-12-01,0.2689253869289251
2010-12-02,0.26761656486680985
2010-12-03,0.25191910726616773
2010-12-06,0.25225174741718115
2010-12-07,0.25182891832469845
2010-12-08,0.2517006077560162
2010-12-09,0.2519872184018326
2010-12-10,0.2413832671699625
2010-12-13,0.2417059627717888
2010-12-14,0.24260022967068418
2010-12-15,0.244023859828028
2010-12-16,0.24184016865505364
2010-12-17,0.2418015223434541
2010-12-20,0.24085211715520205
2010-12-21,0.24042976821465267
2010-12-22,0.2420422311661714
2010-12-23,0.24233066184016572
2010-12-27,0.24243651752820838
2010-12-28,0.23840789465125256
2010-12-29,0.23798229452878128
2010-12-30,0.23789246251185803
2010-12-31,0.23899900558905207
2011-01-03,0.2365927241572171
2011-01-04,0.19708460786303839
2011-01-05,0.19578454152749292
2011-01-06,0.1511223012277252
2011-01-07,0.15212542867217516
2011-01-10,0.10363084498115849
2011-01-11,0.10346844019060653
2011-01-12,0.1561345058616176
2011-01-13,0.1537477020643493
2011-01-14,0.152640079475996
2011-01-18,0.1517691290200769
2011-01-19,0.15514101661233126
2011-01-20,0.15751060182598953
2011-01-21,0.15779923608036606
2011-01-24,0.1572072975558163
2011-01-25,0.15738687706873644
2011-01-26,0.15533951121892042
2011-01-27,0.15578830412829148
2011-01-28,0.15943968249699803
2011-01-31,0.07042153834092746
2011-02-01,0.06894637527073488
2011-02-02,0.06947563118113953
2011-02-03,0.06937747038454944
2011-02-04,0.06892047768497778
2011-02-07,0.06752097073199193
2011-02-08,0.06715954779175859
2011-02-09,0.06739737376913335
2011-02-10,0.06693944070186231
2011-02-11,0.12148591623329219
2011-02-14,0.12058415191770167
2011-02-15,0.12038919255191716
2011-02-16,0.12015164831991176
2011-02-17,0.12001420872150315
2011-02-18,0.11321231416134792
2011-02-22,0.11695784947284349
2011-02-23,0.11390801138334328
2011-02-24,0.07653474159788365
2011-02-25,0.07068204421449575
2011-02-28,0.07067683515191436
2011-03-01,0.07223423674682838
2011-03-02,0.07190993175521954
2011-03-03,0.07043686933991755
2011-03-04,0.1287220084125048
2011-03-07,0.13034701323193465
2011-03-08,0.12427890455710444
2011-03-09,0.12583132411433862
2011-03-10,0.12256715258822404
2011-03-11,0.06980832178074481
2011-03-14,0.07050113732513597
2011-03-15,0.0707976589747702
2011-03-16,0.07233192260834687
2011-03-17,0.06420945211499529
2011-03-18,0.06272019163617404
2011-03-21,0.060330543255038505
2011-03-22,0.0609302036049153
2011-03-23,0.06057541759791374
2011-03-24,0.059853713780467666
2011-03-25,0.059554821463971286
2011-03-28,0.05956629389631707
2011-03-29,0.05868145679493264
2011-03-30,0.05823558677130747
2011-03-31,0.05836579867291003
2011-04-01,0.05784938678906704
2011-04-04,0.058136077943772846
2011-04-05,0.05784003821348249
2011-04-06,0.05841907600467644
2011-04-07,0.058612788155185225
2011-04-08,0.05873856097074037
2011-04-11,0.0600862373426404
2011-04-12,0.051793612256305854
2011-04-13,0.05021703206759709
2011-04-14,0.050530447938251566
2011-04-15,0.044887144082581654
2011-04-18,0.04542101625010597
2011-04-19,0.05004385133119882
2011-04-20,0.046164849954032916
2011-04-21,0.045943628263665715
2011-04-25,0.04584113233885412
2011-04-26,0.04651378149639118
2011-04-27,0.03256114008091038
2011-04-28,0.032438574167485634
2011-04-29,0.03232618232802553
2011-05-02,0.03263916990500815
2011-05-03,0.03296005637505983
2011-05-04,0.02090632496851752
2011-05-05,0.08746066255738683
2011-05-06,0.08750187441316837
2011-05-09,0.08661120972260627
2011-05-10,0.08524463587180064
2011-05-11,0.08654626958080058
2011-05-12,0.086508927057514
2011-05-13,0.08715967139473502
2011-05-16,0.08838927815558795
2011-05-17,0.09759701724354675
2011-05-18,0.09636055647248831
2011-05-19,0.08654767301442812
2011-05-20,0.08783109304660253
2011-05-23,0.0893739619599897
2011-05-24,0.09862049120262606
2011-05-25,0.09278165559936502
2011-05-26,0.09739622257370362
2011-05-27,0.09718515417587881
2011-05-31,0.09680158280448936
2011-06-01,0.09845796184976308
2011-06-02,0.09951415792067397
2011-06-03,0.09998766695729344
2011-06-06,0.0003683822451219232
2011-06-07,0.006518524961571903
2011-06-08,0.015742370153868368
2011-06-09,0.012886301305913506
2011-06-10,0.01311361646053999
2011-06-13,0.013104575860171108
2011-06-14,0.012891927740768638
2011-06-15,0.013112027624841649
2011-06-16,0.013933880940567911
2011-06-17,0.008480143413013286
2011-06-20,0.011507027168114692
2011-06-21,0.011322105387631676
2011-06-22,0.011352457951265271
2011-06-23,0.011410687866199254
2011-06-24,0.011390550263402521
2011-06-27,0.009559504837956867
2011-06-28,0.011112388865389788
2011-06-29,0.011032017399895122
2011-06-30,0.011043375230681551
2011-07-01,0.09784127338581539
2011-07-05,0.09756787303845937
2011-07-06,0.09713448320608076
2011-07-07,0.0971589441379993
2011-07-08,0.09770760547868573
2011-07-11,3.2232982167035296e-05
2011-07-12,3.233098717914107e-05
2011-07-13,3.226245811771555e-05
2011-07-14,3.242192260632937e-05
2011-07-15,3.234120939821228e-05
2011-07-18,3.255619324871173e-05
2011-07-19,3.198390687986219e-05
2011-07-20,3.206995600990581e-05
2011-07-21,0.001423401219444398
2011-07-22,0.0014251136598524283
2011-07-25,0.0014283488542350398
2011-07-26,0.059315879807706806
2011-07-27,0.06068583403307248
2011-07-28,0.0316624490921289
2011-07-29,0.02553981194024446
2011-08-01,0.029699527417949123
2011-08-02,0.028381876003086393
2011-08-03,0.12469369299631416
2011-08-04,0.3344859700882833
2011-08-05,0.7347392530137133
2011-08-08,0.8030244470362821
2011-08-09,0.8952716316377642
2011-08-10,0.8987629511960825
2011-08-11,0.8978525890627607
2011-08-12,0.8963440699377843
2011-08-15,0.893979772342457
2011-08-16,0.8948545015795397
2011-08-17,0.892968347344354
2011-08-18,0.8937440315721514
2011-08-19,0.8932867644133724
2011-08-22,0.8934391348014181
2011-08-23,0.8912968984217288
2011-08-24,0.8914761718481284
2011-08-25,0.8932313689238113
2011-08-26,0.8927746366228996
2011-08-29,0.8909798876069714
2011-08-30,0.8915037547286676
2011-08-31,0.8926086612190123
2011-09-01,0.892636314225138
2011-09-02,0.8941046334833055
2011-09-06,0.8947016480867123
2011-09-07,1.0
2011-09-08,1.0
2011-09-09,1.0
2011-09-12,1.0
2011-09-13,1.0
2011-09-14,1.0
2011-09-15,1.0
2011-09-16,1.0
2011-09-19,1.0
2011-09-20,1.0
2011-09-21,1.0
2011-09-22,1.0
2011-09-23,1.0
2011-09-26,1.0
2011-09-27,1.0
2011-09-28,1.0
2011-09-29,1.0
2011-09-30,1.0
2011-10-03,1.0
2011-10-04,1.0
2011-10-05,1.0
2011-10-06,1.0
2011-10-07,1.0
2011-10-10,1.0
2011-10-11,1.0
2011-10-12,1.0
2011-10-13,1.0
2011-10-14,1.0
2011-10-17,1.0
2011-10-18,1.0
2011-10-19,1.0
2011-10-20,1.0
2011-10-21,1.0
2011-10-24,1.0
2011-10-25,1.0
2011-10-26,1.0
2011-10-27,1.0
2011-10-28,1.0
2011-10-31,0.8007439044469791
2011-11-01,0.804086278742423
2011-11-02,0.8034317627255978
2011-11-03,0.801105685703437
2011-11-04,0.8013295813008995
2011-11-07,0.800952127835974
2011-11-08,0.7989741823311716
2011-11-09,0.6027950403650907
2011-11-10,0.6031105624365153
2011-11-11,0.5975386879194209
2011-11-14,0.6006463701342788
2011-11-15,0.5966513215882517
2011-11-16,0.603618811388239
2011-11-17,0.6067457819580702
2011-11-18,0.6060998010949468
2011-11-21,0.6096296837656872
2011-11-22,0.9006070906601238
2011-11-23,0.9021370547311124
2011-11-25,0.9024041013917091
2011-11-28,0.8980229135940306
2011-11-29,0.8985817215162747
2011-11-30,0.8946068134236923
2011-12-01,0.8938393420327482
2011-12-02,0.8943832408348054
2011-12-05,0.8954925003369143
2011-12-06,0.8961652272462787
2011-12-07,0.8945095938951667
2011-12-08,0.19440756859488428
2011-12-09,0.1906700586933595
2011-12-12,0.191628211406085
2011-12-13,0.19291921997762906
2011-12-14,0.19532801831311364
2011-12-15,0.19422603653635173
2011-12-16,0.19244657975055146
2011-12-19,0.19415258529380808
2011-12-20,0.19039936177528627
2011-12-21,0.19328303376283662
2011-12-22,0.27723576702615926
2011-12-23,0.2753296362307661
2011-12-27,0.0748090285825257
2011-12-28,0.07579452745694959
2011-12-29,0.16462708765061573
2011-12-30,0.06505858366264428
2012-01-03,0.06469424262916934
2012-01-04,0.06510495748891532
2012-01-05,0.064708454969297
2012-01-06,0.06515607849544514
2012-01-09,0.06316257781663026
2012-01-10,0.062364173965793857
2012-01-11,0.06281754023852348
2012-01-12,0.06283978602073337
2012-01-13,0.06304370427343142
2012-01-17,0.06269615342413348
2012-01-18,0.062323981207180745
2012-01-19,0.06237816804659224
2012-01-20,0.05691129520545657
2012-01-23,0.05747405443825737
2012-01-24,0.05723561459812043
2012-01-25,0.056877277418675654
2012-01-26,0.0572770378532117
2012-01-27,0.06172137923637944
2012-01-30,0.06191269475367478
2012-01-31,0.06435497461822781
2012-02-01,0.06272837871593684
2012-02-02,0.06248737571610208
2012-02-03,0.061855890106172984
2012-02-06,0.06196511192865373
2012-02-07,0.06182221089323203
2012-02-08,0.06204560716661123
2012-02-09,0.06161333439261396
2012-02-10,0.019422134597020246
2012-02-13,0.01931239440341892
2012-02-14,0.019160212232757212
2012-02-15,0.07830963250563805
2012-02-16,0.07749321882763238
2012-02-17,0.07771192893410184
2012-02-21,0.07798440033488552
2012-02-22,0.07689558598737078
2012-02-23,0.0731083961988046
2012-02-24,0.07330550414915249
2012-02-27,0.0730517655482571
2012-02-28,0.07287609331089973
2012-02-29,0.07369529652527484
2012-03-01,0.06944768377918509
2012-03-02,0.06967053657626188
2012-03-05,0.0692786708061538
2012-03-06,0.0706052563639139
2012-03-07,0.061048166321061914
2012-03-08,0.060219768516030836
2012-03-09,0.05991992773789012
2012-03-12,0.05993130221785081
2012-03-13,0.05913767814670723
2012-03-14,0.05951444237804304
2012-03-15,0.059239729844225986
2012-03-16,0.059535012720836944
2012-03-19,0.05929848415866379
2012-03-20,0.05947056286593255
2012-03-21,0.05909585824435948
2012-03-22,0.05898791363717526
2012-03-23,0.0587246034988429
2012-03-26,0.057886472056480676
2012-03-27,0.05824932595546528
2012-03-28,0.05845055299432689
2012-03-29,0.05861111562260135
2012-03-30,0.0585950665615208
2012-04-02,0.05755555936876289
2012-04-03,0.05737481064278005
2012-04-04,0.11373819842823385
2012-04-05,0.11397662813313802
2012-04-09,0.10363530874788962
2012-04-10,0.1034125301861546
2012-04-11,0.05749756138070461
2012-04-12,0.05694812433865759
2012-04-13,0.05707075194494726
2012-04-16,0.05703529384238459
2012-04-17,0.05650614275957855
2012-04-18,0.05641454116556299
2012-04-19,0.11233098634078065
2012-04-20,0.11153508882412533
2012-04-23,0.1129922476551708
2012-04-24,0.11377703283618301
2012-04-25,0.11187572510490373
2012-04-26,0.11037427426425539
2012-04-27,0.16307692535662477
2012-04-30,0.21855438805357874
2012-05-01,0.21886172525548242
2012-05-02,0.2167564363215756
2012-05-03,0.21939651481814382
2012-05-04,0.17815691899125063
2012-05-07,0.16998715926491215
2012-05-08,0.17056070413371083
2012-05-09,0.16992346366622058
2012-05-10,0.16216703860832915
2012-05-11,0.1617407183694276
2012-05-14,0.16419720346360622
2012-05-15,0.1639256134979149
2012-05-16,0.16412769398578608
2012-05-17,0.16910216627442298
2012-05-18,0.07724767630139762
2012-05-21,0.035299171343806224
2012-05-22,0.03539415383927513
2012-05-23,0.035506004492172005
2012-05-24,0.026247592899410588
2012-05-25,0.026289891201451643
2012-05-29,0.026025806686354902
2012-05-30,0.025104283197197375
2012-05-31,0.02494322034195673
2012-06-01,0.025816434227237894
2012-06-04,0.3330827444437334
2012-06-05,0.42162290547699
2012-06-06,0.021088770593808426
2012-06-07,0.021708462428823405
2012-06-08,0.021503066728876585
2012-06-11,0.021772397426072176
2012-06-12,0.021471749046899524
2012-06-13,0.021707021829785567
2012-06-14,0.02143810853425221
2012-06-15,0.021367678264112677
2012-06-18,0.02105631327610802
2012-06-19,0.02083740889162755
2012-06-20,0.020795094666300695
2012-06-21,0.02133721214352191
2012-06-22,0.02107584984357791
2012-06-25,0.021445101914610243
2012-06-26,0.021293888298075547
2012-06-27,0.021340242256791986
2012-06-28,0.015427781366587845
2012-06-29,0.07322655000361888
2012-07-02,0.07291474357214944
2012-07-03,0.07276416365323668
2012-07-05,0.07282474571391351
2012-07-06,0.07308838410296759
2012-07-09,0.07338277750863909
2012-07-10,0.07502985769402382
2012-07-11,0.05719929698278148
2012-07-12,0.057293439220346465
2012-07-13,0.056566681419870535
2012-07-16,0.05672682626332726
2012-07-17,0.05621601783593788
2012-07-18,0.05631650601334026
2012-07-19,0.05693840661914795
2012-07-20,0.057580050226524904
2012-07-23,0.05840815974866587
2012-07-24,0.06478079235447631
2012-07-25,0.0645676460293021
2012-07-26,0.06361526517221072
2012-07-27,0.06238119624381777
2012-07-30,0.06264743354110391
2012-07-31,0.06368379746309694
2012-08-01,0.06458738481939885
2012-08-02,0.06716387479329855
2012-08-03,0.0664693388164227
2012-08-06,0.06643311611208624
2012-08-07,0.06656568339894564
2012-08-08,0.06718001704295418
2012-08-09,0.06704064465249371
2012-08-10,0.06732092060994421
2012-08-13,0.06730382086985787
2012-08-14,0.06705621320245381
2012-08-15,0.06713102594759446
2012-08-16,0.06611459532675923
2012-08-17,0.06578702727432673
2012-08-20,0.06604822151602685
2012-08-21,0.06644148461760657
2012-08-22,0.06600222457199612
2012-08-23,0.06660185871023905
2012-08-24,0.060482723286621076
2012-08-27,0.06070450540466654
2012-08-28,0.06041253180573514
2012-08-29,0.06010012501491746
2012-08-30,0.060549382341675284
2012-08-31,0.05984485064251799
2012-09-04,0.017709500778633536
2012-09-05,0.017702671507164314
2012-09-06,0.07405531451780434
2012-09-07,0.07410774261656583
2012-09-10,0.07491680317033067
2012-09-11,0.07505504263061147
2012-09-12,0.0747150507214851
2012-09-13,0.07391183707671611
2012-09-14,0.07342431035372265
2012-09-17,0.07420319784307883
2012-09-18,0.07451490477886213
2012-09-19,0.0738747665135604
2012-09-20,0.07516078341144083
2012-09-21,0.05388008013212131
2012-09-24,0.054331929074525775
2012-09-25,0.055105969495962914
2012-09-26,0.05087721537807399
2012-09-27,0.0457110890740946
2012-09-28,0.04557002012510303
2012-10-01,0.04536477822781415
2012-10-02,0.045799076307322606
2012-10-03,0.03761535741649347
2012-10-04,0.038944754838833306
2012-10-05,0.039738190421391484
2012-10-08,0.028264091908165034
2012-10-09,0.028919675146968693
2012-10-10,0.0009025150359180945
2012-10-11,0.0009113869984562761
2012-10-12,0.10133663156139561
2012-10-15,0.09090963097277238
2012-10-16,0.09004614156843072
2012-10-17,0.08887584175557262
2012-10-18,0.08949548713054767
2012-10-19,0.07243318146697286
2012-10-22,0.07291109778849225
2012-10-23,0.07403958851085013
2012-10-24,0.031056320814870086
2012-10-25,0.03145031629083739
2012-10-26,0.02445502575437608
2012-10-31,0.024508575697806623
2012-11-01,0.035156755598250045
2012-11-02,0.035581082234034445
2012-11-05,0.03529699963752775
2012-11-06,0.035046585133440056
2012-11-07,0.03566737557367383
2012-11-08,0.03602358327480182
2012-11-09,0.03610226760572521
2012-11-12,0.035856602223847234
2012-11-13,0.13128792330500805
2012-11-14,0.3438646694959049
2012-11-15,0.5068495935242676
2012-11-16,0.5050990129140203
2012-11-19,0.6015422338831153
2012-11-20,0.001930281889376606
2012-11-21,0.0022377820092455147
2012-11-23,0.002209283158309594
2012-11-26,0.002210692625403632
2012-11-27,0.002229604571842736
2012-11-28,0.00221867734828618
2012-11-29,0.0022145427809842078
2012-11-30,0.0022126021121812167
2012-12-03,0.058952574655927514
2012-12-04,0.05926243815629739
2012-12-05,0.05978380323808219
2012-12-06,0.059974604585906865
2012-12-07,0.059970301933722436
2012-12-10,0.043446213418199764
2012-12-11,0.043416630331956196
2012-12-12,0.04300238506477794
2012-12-13,0.03351221819116945
2012-12-14,0.03155531925683319
2012-12-17,0.031287404478974934
2012-12-18,0.03105116976735689
2012-12-19,0.03121109064078409
2012-12-20,0.03117158801954656
2012-12-21,0.0313699448646122
2012-12-24,0.031463625530549155
2012-12-26,0.03182181306600085
2012-12-27,0.03168852679032219
2012-12-28,0.031833693113305306
2012-12-31,0.0311413094240649
2013-01-02,0.02991409009081525
2013-01-03,0.023672313694287794
2013-01-04,0.023658161413902645
2013-01-07,0.023918266500133623
2013-01-08,0.020466111086100414
2013-01-09,0.02042590949235057
2013-01-10,0.020292455282205912
2013-01-11,0.020330553017848918
2013-01-14,0.020305963067535848
2013-01-15,0.020103759601117654
2013-01-16,0.02020969221048452
2013-01-17,0.020069193925287054
2013-01-18,0.0200641442235876
2013-01-22,0.01992021218523632
2013-01-23,0.01986760614434946
2013-01-24,0.019667098081390333
2013-01-25,0.019620653541965627
2013-01-28,0.01948480834184485
2013-01-29,0.019377538393691496
2013-01-30,0.019538966683736003
2013-01-31,0.019484981766956566
2013-02-01,0.07947704466875283
2013-02-04,0.03735794798507186
2013-02-05,0.036926004770075016
2013-02-06,0.036843088854688344
2013-02-07,0.036724556292343946
2013-02-08,0.024341480123392323
2013-02-11,0.024310025912347544
2013-02-12,0.024323632296315845
2013-02-13,0.024256442378829846
2013-02-14,0.02417471494970691
2013-02-15,0.024587029162497
2013-02-19,0.02439600797766117
2013-02-20,0.02501967673798655
2013-02-21,0.0256641550401826
2013-02-22,0.021894174699566227
2013-02-25,0.022492661595507668
2013-02-26,0.01526986019873866
2013-02-27,0.014975975798921404
2013-02-28,0.014949757445181011
2013-03-01,0.01474787614575035
2013-03-04,0.06808327097802913
2013-03-05,0.12351840704706307
2013-03-06,0.12338179420590756
2013-03-07,0.12371223063902959
2013-03-08,0.17697472454293073
2013-03-11,0.17754117158307348
2013-03-12,0.17705136438739688
2013-03-13,0.17916840403470535
2013-03-14,0.17750800810149892
2013-03-15,0.22992912724287407
2013-03-18,0.21518153888631397
2013-03-19,0.16495265180271423
2013-03-20,0.1634976936073863
2013-03-21,0.16076929913033122
2013-03-22,0.22736853711536886
2013-03-25,0.22629234411040577
2013-03-26,0.22825828209072074
2013-03-27,0.22878559613071114
2013-03-28,0.22887609704123768
2013-04-01,0.23098815865084188
2013-04-02,0.23213739352324103
2013-04-03,0.23652976539517734
2013-04-04,0.14183960999313483
2013-04-05,0.1416086974489591
2013-04-08,0.1391636230081097
2013-04-09,0.13918927583957763
2013-04-10,0.1337344629744368
2013-04-11,0.12197909486532921
2013-04-12,0.12277684999451133
2013-04-15,0.1263870622298089
2013-04-16,0.07542849086394365
2013-04-17,0.07679931707324639
2013-04-18,0.0775335787144169
2013-04-19,0.07586610233118485
2013-04-22,0.07520708679147547
2013-04-23,0.0739604239794538
2013-04-24,0.0745033407989909
2013-04-25,0.07393265397860727
2013-04-26,0.07401892396035892
2013-04-29,0.07413360364403598
2013-04-30,0.07400055948069584
2013-05-01,0.07558005156669656
2013-05-02,0.06642506550779992
2013-05-03,0.056122383764284356
2013-05-06,0.05526325793024045
2013-05-07,0.16456923366925247
2013-05-08,0.16508442018619662
2013-05-09,0.1651756877137206
2013-05-10,0.16315744936738097
2013-05-13,0.16171677226486703
2013-05-14,0.15961813331879293
2013-05-15,0.15895535428465912
2013-05-16,0.16062549304844065
2013-05-17,0.15894231242375478
2013-05-20,0.15892565930028746
2013-05-21,0.1587457690412174
2013-05-22,0.16063892442253902
2013-05-23,0.1605855624452256
2013-05-24,0.15991150868359472
2013-05-28,0.1513088901301023
2013-05-29,0.20725508478596932
2013-05-30,0.20626459742964842
2013-05-31,0.21022092822274518
2013-06-03,0.18967835769189356
2013-06-04,0.19134638938979454
2013-06-05,0.19299044168524315
2013-06-06,0.18234969945353907
2013-06-07,0.18013285862444128
2013-06-10,0.16922033987901164
2013-06-11,0.1713441086634665
2013-06-12,0.1744365800469565
2013-06-13,0.17151637103371642
2013-06-14,0.1727335551064717
2013-06-17,0.17244565918793087
2013-06-18,0.17177798019921842
2013-06-19,0.17370344990305364
2013-06-20,0.17938712709083826
2013-06-21,0.023510322510727377
2013-06-24,0.024274590941682384
2013-06-25,0.013222011750391838
2013-06-26,0.013018538464476426
2013-06-27,0.012797739726182478
2013-06-28,0.009347244716435443
2013-07-01,0.00917598410181053
2013-07-02,0.009274476547074917
2013-07-03,0.009253982317590448
2013-07-05,0.009118933241754834
2013-07-08,0.00905709347976158
2013-07-09,0.009029581462655645
2013-07-10,0.009092896560386698
2013-07-11,0.008966958992353224
2013-07-12,0.008938232009891856
2013-07-15,0.008867019024411005
2013-07-16,0.009036577057240258
2013-07-17,0.009078031897410521
2013-07-18,0.006406117441810744
2013-07-19,0.0064481187129770134
2013-07-22,0.006406167885693592
2013-07-23,0.006462416370958124
2013-07-24,0.0002443103726514906
2013-07-25,0.00024162823996731753
2013-07-26,0.00024217719182462183
2013-07-29,0.00024207737272274876
2013-07-30,0.09202669561980792
2013-07-31,0.09118807470839496
2013-08-01,0.08342521231473454
2013-08-02,0.08303587623571385
2013-08-05,0.08238586840597883
2013-08-06,0.08379014951707053
2013-08-07,0.0850992201698536
2013-08-08,0.0866947597477069
2013-08-09,0.06740197655326474
2013-08-12,0.06764408611005734
2013-08-13,0.06732997621896775
2013-08-14,0.06750277327137211
2013-08-15,0.06850411965146985
2013-08-16,0.06832947559307867
2013-08-19,0.06877892548805797
2013-08-20,0.06717304001981461
2013-08-21,0.029064082015397896
2013-08-22,0.028844560651892004
2013-08-23,0.08214425855293228
2013-08-26,0.08207424027438881
2013-08-27,0.08423255387922868
2013-08-28,0.08189879438656433
2013-08-29,0.08138222094289305
2013-08-30,0.08237974079695054
2013-09-03,0.07891729353721255
2013-09-04,0.07858907685554772
2013-09-05,0.07793657269201693
2013-09-06,0.0786148696461918
2013-09-09,0.07711115272300617
2013-09-10,0.07588628831130895
2013-09-11,0.07564022596110664
2013-09-12,0.07632956170068184
2013-09-13,0.07547175545855156
2013-09-16,0.07519007202904204
2013-09-17,0.07457106816796288
2013-09-18,0.07469385909356352
2013-09-19,0.07454430706761417
2013-09-20,0.028178709211771902
2013-09-23,0.023363853112261967
2013-09-24,0.023315045122381917
2013-09-25,0.023371812560511795
2013-09-26,0.023200771478833704
2013-09-27,0.023316624765746474
2013-09-30,0.02316425101438835
2013-10-01,0.014165859314946072
2013-10-02,0.014142408306644372
2013-10-03,0.014272552534546956
2013-10-04,0.014128217093279605
2013-10-07,0.014445707553376153
2013-10-08,0.006039200287674684
2013-10-09,0.059069844989592
2013-10-10,0.005411477984803348
2013-10-11,0.005396367298222349
2013-10-14,0.005303232812362335
2013-10-15,0.005411890162173583
2013-10-16,0.0052683671473122695
2013-10-17,0.005242569383378637
2013-10-18,0.005241855966599984
2013-10-21,0.005278167951311419
2013-10-22,0.00522882211082254
2013-10-23,0.005278901383609758
2013-10-24,0.005321234091221871
2013-10-25,0.005586774965632424
2013-10-28,0.002165549513299503
2013-10-29,0.0021618372099900807
2013-10-30,0.004824336378400407
2013-10-31,0.004851539883162448
2013-11-01,0.09715172607200429
2013-11-04,0.09558928418294099
2013-11-05,0.09694776471194166
2013-11-06,0.09169714152620323
2013-11-07,0.014799601164191212
2013-11-08,0.02271777632176908
2013-11-11,0.08370121747835046
2013-11-12,0.08410358403059293
2013-11-13,0.08263802497455108
2013-11-14,0.08287917080544172
2013-11-15,0.08238612139945356
2013-11-18,0.08274678142206993
2013-11-19,0.08436540313547947
2013-11-20,0.04202707010474216
2013-11-21,0.0411174297522251
2013-11-22,0.040800517007001935
2013-11-25,0.040750549659478885
2013-11-26,0.04046148423098128
2013-11-27,0.04082084647542583
2013-11-29,0.040237345402166835
2013-12-02,0.0403373166698342
2013-12-03,0.03500182523213902
2013-12-04,0.029146432330306338
2013-12-05,0.02908691894252169
2013-12-06,0.02870328021013724
2013-12-09,0.028913588187451267
2013-12-10,0.028894354026552937
2013-12-11,0.027978123482099382
2013-12-12,0.0277883394784475
2013-12-13,0.020319179268379006
2013-12-16,0.018370353817318663
2013-12-17,0.01852413779194284
2013-12-18,0.022160817786734843
2013-12-19,0.014414602819805888
2013-12-20,0.014338103137658709
2013-12-23,0.026159443662247206
2013-12-24,0.02605438382919989
2013-12-26,0.02588135509761147
2013-12-27,0.026009059282837477
2013-12-30,0.026078331357755502
2013-12-31,0.025989725882776926
2014-01-02,0.02616146530478758
2014-01-03,0.026206277402503808
2014-01-06,0.026467750301246595
2014-01-07,0.02621533294102929
2014-01-08,0.026189700592650578
2014-01-09,0.026188503875758218
2014-01-10,0.026012577233754608
2014-01-13,0.02669758405919853
2014-01-14,0.02368973922371964
2014-01-15,0.02398199078680563
2014-01-16,0.02051970093680644
2014-01-17,0.009427643546926823
2014-01-21,0.009327624042106741
2014-01-22,0.009258958033737552
2014-01-23,0.009323620751053863
2014-01-24,0.008458938418522854
2014-01-27,0.007235777592205506
2014-01-28,0.007139933489323846
2014-01-29,0.007238964994056851
2014-01-30,0.007077174725480306
2014-01-31,0.007105472172062588
2014-02-03,0.007464816794817031
2014-02-04,0.06943213611378352
2014-02-05,0.0693347487919681
2014-02-06,0.06844889370081486
2014-02-07,0.07234207021731487
2014-02-10,0.07251261608227144
2014-02-11,0.07177274092433972
2014-02-12,0.07138075937653776
2014-02-13,0.07066791078707646
2014-02-14,0.07071207631316612
2014-02-18,0.06940054709098897
2014-02-19,0.07040143283518796
2014-02-20,0.06901752155596941
2014-02-21,0.06934860885856708
2014-02-24,0.0691441937828512
2014-02-25,0.068847475582126
2014-02-26,0.06925586079118673
2014-02-27,0.0690868061195179
2014-02-28,0.06954907368231977
2014-03-03,0.06984021558300901
2014-03-04,0.06831018521190246
2014-03-05,0.06832212933263337
2014-03-06,0.06900892855305629
2014-03-07,0.060703995709367464
2014-03-10,0.06070080786578713
2014-03-11,0.05803243332925201
2014-03-12,0.0567428037658364
2014-03-13,0.05761410522337518
2014-03-14,0.05740004623107797
2014-03-17,0.05706151382878866
2014-03-18,0.05620965025958946
2014-03-19,0.05665414569894012
2014-03-20,0.056542774223053094
2014-03-21,0.057614568374298014
2014-03-24,0.06717792175578707
2014-03-25,0.05860739939930204
2014-03-26,0.05930192778822707
2014-03-27,0.05987501176177901
2014-03-28,0.053768554192892504
2014-03-31,0.05619066370960912
2014-04-01,0.05563494289716875
2014-04-02,0.018086544913466396
2014-04-03,0.07792837560175059
2014-04-04,0.07924183343064972
2014-04-07,0.08171849718325686
2014-04-08,0.04031764510429814
2014-04-09,0.039496894058619114
2014-04-10,0.04051210465364197
2014-04-11,0.033486442875774736
2014-04-14,0.03172284959842353
2014-04-15,0.031513549563208954
2014-04-16,0.031060739026140927
2014-04-17,0.03104000869617196
2014-04-21,0.030938844349771455
2014-04-22,0.030707727298908805
2014-04-23,0.03069028576869426
2014-04-24,0.03128760596450875
2014-04-25,0.01685035847860772
2014-04-28,0.017009882921294905
2014-04-29,0.018423570977203374
2014-04-30,0.018347073913822287
2014-05-01,0.01823417550820927
2014-05-02,0.018165676320819557
2014-05-05,0.01850399354265375
2014-05-06,0.009618504043372167
2014-05-07,0.0077964467890108136
2014-05-08,0.008136204774085831
2014-05-09,0.008146111478556595
2014-05-12,0.00791334417012024
2014-05-13,0.007874561124986301
2014-05-14,0.007951841955259997
2014-05-15,0.008041476184150742
2014-05-16,0.008003006333815899
2014-05-19,0.004294415289554432
2014-05-20,0.004338234943914943
2014-05-21,0.0008655681128610926
2014-05-22,0.0008669539588428421
2014-05-23,0.0016951244509431085
2014-05-27,0.0016775004006861494
2014-05-28,0.0016725870933331777
2014-05-29,0.09711895976829754
2014-05-30,0.09702297473338217
2014-06-02,0.09673251679970818
2014-06-03,0.09641773717594038
2014-06-04,0.09578174012202434
2014-06-05,0.0948319058758833
2014-06-06,0.05247968926856661
2014-06-09,0.05240633992463062
2014-06-10,0.05239359698494894
2014-06-11,0.05287422705292333
2014-06-12,0.05410890364334009
2014-06-13,0.008728753003966916
2014-06-16,0.008734622809953518
2014-06-17,0.009089568107628176
2014-06-18,0.009039982313078121
2014-06-19,0.009007621586159864
2014-06-20,0.008952241965730412
2014-06-23,0.00897405461253209
2014-06-24,0.009109685209030105
2014-06-25,0.009048363672315873
2014-06-26,0.009030643676731231
2014-06-27,0.009039810958637817
2014-06-30,0.09748383362253799
2014-07-01,0.09603336399564788
2014-07-02,0.09598350742194739
2014-07-03,0.0951474546514588
2014-07-07,0.09621927122908391
2014-07-08,0.09709923345216853
2014-07-09,0.09548231852521927
2014-07-10,0.05178837689950189
2014-07-11,0.05142960234663807
2014-07-14,0.05106567494835057
2014-07-15,0.05129684370421461
2014-07-16,0.051040695179867535
2014-07-17,0.05179273813224694
2014-07-18,0.0501801498270662
2014-07-21,0.16130255155649864
2014-07-22,0.15993063578682776
2014-07-23,0.15974880640765554
2014-07-24,0.1603274025576269
2014-07-25,0.16161899238076882
2014-07-28,0.20091260179366255
2014-07-29,0.20322972552455876
2014-07-30,0.16073012655563945
2014-07-31,0.1577154785197843
2014-08-01,0.11154297528270174
2014-08-04,0.1100056532650836
2014-08-05,0.1111962734901547
2014-08-06,0.11121534628214347
2014-08-07,0.11167946592902323
2014-08-08,0.1104981909814623
2014-08-11,0.10923294564271324
2014-08-12,0.10937694987186397
2014-08-13,0.10790677463081755
2014-08-14,0.10784185340757535
2014-08-15,0.16249208597408982
2014-08-18,0.15992516827113
2014-08-19,0.15933730254965572
2014-08-20,0.15866887493246096
2014-08-21,0.16036204104706142
2014-08-22,0.15961410580104318
2014-08-25,0.15997487717208192
2014-08-26,0.15994915600789517
2014-08-27,0.15844606855775378
2014-08-28,0.1572085011001233
2014-08-29,0.21689114317128433
2014-09-02,0.2156023279319984
2014-09-03,0.2160959572888056
2014-09-04,0.21632975818913092
2014-09-05,0.21527035832749286
2014-09-08,0.2160779562316526
2014-09-09,0.2177080857400171
2014-09-10,0.21749189498684673
2014-09-11,0.21789448725973792
2014-09-12,0.22040268575202138
2014-09-15,0.17157727825132496
2014-09-16,0.12102443987479128
2014-09-17,0.12027696952994194
2014-09-18,0.11925013934045914
2014-09-19,0.11976347272024412
2014-09-22,0.12201774878232119
2014-09-23,0.1188089186821002
2014-09-24,0.11722758239400222
2014-09-25,0.1194448667384167
2014-09-26,0.11407307873704231
2014-09-29,0.11444696787740438
2014-09-30,0.11238075377079171
2014-10-01,0.11504595728758382
2014-10-02,0.031125322185607707
2014-10-03,0.03059977806406855
2014-10-06,0.03095382927304735
2014-10-07,0.13365634359573508
2014-10-08,0.029271199630353295
2014-10-09,0.02976992759079511
2014-10-10,0.19725580806748466
2014-10-13,0.30142808797438814
2014-10-14,0.5883869974541924
2014-10-15,0.5888786151666291
2014-10-16,0.6007677244166729
2014-10-17,0.6872052665111787
2014-10-20,0.7889352710700996
2014-10-21,0.7836554995576667
2014-10-22,0.7863337826318475
2014-10-23,0.7833004446809833
2014-10-24,0.7829799560215022
2014-10-27,0.7813192724602349
2014-10-28,0.7729218008938628
2014-10-29,0.7749058157480604
2014-10-30,0.7740350788141965
2014-10-31,0.770014587051087
2014-11-03,0.7708468619093077
2014-11-04,0.7695323302200954
2014-11-05,0.6707889670804914
2014-11-06,0.3707343026207721
2014-11-07,0.2727964814165068
2014-11-10,0.17125954975017577
2014-11-11,0.07087416823999759
2014-11-12,0.07054860853302636
2014-11-13,0.03197111515970885
2014-11-14,0.032225734211386525
2014-11-17,0.03217473456862219
2014-11-18,0.03160079263992199
2014-11-19,0.031807829510074326
2014-11-20,0.03181115037454785
2014-11-21,0.03182890944907302
2014-11-24,0.031417517733709266
2014-11-25,0.03124450223930797
2014-11-26,0.030909137267801756
2014-11-28,0.031184586501960987
2014-12-01,0.03151557501084845
2014-12-02,0.024513009279788278
2014-12-03,0.0203829312932281
2014-12-04,0.01675202237490303
2014-12-05,0.016798801454025347
2014-12-08,0.01679142993185012
2014-12-09,0.016796650768096555
2014-12-10,0.017196386513910755
2014-12-11,0.012305020044644177
2014-12-12,0.01235363760520436
2014-12-15,0.012495515693073611
2014-12-16,0.01252137074490367
2014-12-17,0.02108317965169504
2014-12-18,0.0207468125700212
2014-12-19,0.020628604507994197
2014-12-22,0.020609412812959804
2014-12-23,0.020810588945156305
2014-12-24,0.01870302825710224
2014-12-26,0.018683853377060577
2014-12-29,0.018699313866884282
2014-12-30,0.01883445949816509
2014-12-31,0.018872563432874467
2015-01-02,0.018909382693252264
2015-01-05,0.01901911633429243
2015-01-06,0.019222072694365044
2015-01-07,0.01887659230020322
2015-01-08,0.018455720369531026
2015-01-09,0.018632145231418873
2015-01-12,0.018769237356833446
2015-01-13,0.01862077682067953
2015-01-14,0.018545154084409488
2015-01-15,0.018708383892699354
2015-01-16,0.018339685859891763
2015-01-20,0.01840208986416647
2015-01-21,0.01842982985322139
2015-01-22,0.01596430559456219
2015-01-23,0.01593596288814836
2015-01-26,0.01158966923606708
2015-01-27,0.011648729188086793
2015-01-28,0.011776656633674443
2015-01-29,0.011632293821224993
2015-01-30,0.10741306013154184
2015-02-02,0.20512247720481558
2015-02-03,0.20594763365648738
2015-02-04,0.30000569363160323
2015-02-05,0.29908772115188587
2015-02-06,0.3002415912478924
2015-02-09,0.0003536549743389239
2015-02-10,0.0003479625126634467
2015-02-11,0.00034750563108332244
2015-02-12,0.00034393528407228313
2015-02-13,0.09831853365572618
2015-02-17,0.09798250934889796
2015-02-18,0.09753763940269677
2015-02-19,0.09755775246672871
2015-02-20,0.09688710783975285
2015-02-23,0.09653625213045847
2015-02-24,0.051267236610438194
2015-02-25,0.05105040299399577
2015-02-26,0.05129294070403201
2015-02-27,0.05050192326158587
2015-03-02,0.10839348144433336
2015-03-03,0.16299783181091787
2015-03-04,0.16386690630938983
2015-03-05,0.1631000093306637
2015-03-06,0.16552231237817405
2015-03-09,0.14815778004323243
2015-03-10,0.14918993978703077
2015-03-11,0.14944816278416173
2015-03-12,0.14745163852578125
2015-03-13,0.14661614546337753
2015-03-16,0.198281026588373
2015-03-17,0.19826515340734996
2015-03-18,0.19755379313204624
2015-03-19,0.19722180390402932
2015-03-20,0.19730782231265065
2015-03-23,0.18814451955282718
2015-03-24,0.18906730958258244
2015-03-25,0.19234420968396526
2015-03-26,0.19307149585429928
2015-03-27,0.18745350159223784
2015-03-30,0.1856756235275201
2015-03-31,0.1866481473301893
2015-04-01,0.1384103242076108
2015-04-02,0.1386022557521437
2015-04-06,0.13848925652518562
2015-04-07,0.13931055466167452
2015-04-08,0.13842216860130818
2015-04-09,0.1388162779412434
2015-04-10,0.1358008729431044
2015-04-13,0.1370484521413856
2015-04-14,0.12976661080234464
2015-04-15,0.13127544046795026
2015-04-16,0.13120235611303732
2015-04-17,0.13284939146507535
2015-04-20,0.14288655750707324
2015-04-21,0.13970380804072002
2015-04-22,0.1398547964068494
2015-04-23,0.1385496870685864
2015-04-24,0.13852505050135766
2015-04-27,0.13997213493270555
2015-04-28,0.14040947320908959
2015-04-29,0.14231876761450402
2015-04-30,0.12010054257290881
2015-05-01,0.07713820566322926
2015-05-04,0.0753908189194028
2015-05-05,0.07643365837303884
2015-05-06,0.07591612253617819
2015-05-07,0.07519260465575983
2015-05-08,0.07522814716479209
2015-05-11,0.03111265548661235
2015-05-12,0.031540374079203404
2015-05-13,0.029324305875431333
2015-05-14,0.029111673472563715
2015-05-15,0.08610616202774324
2015-05-18,0.08500820533162223
2015-05-19,0.08476613813226475
2015-05-20,0.08530567972115133
2015-05-21,0.08542946128427586
2015-05-22,0.08519198718703114
2015-05-26,0.08609616786601271
2015-05-27,0.08518212222875232
2015-05-28,0.08522610736209779
2015-05-29,0.08527413996349165
2015-06-01,0.08483099928438231
2015-06-02,0.08485426973711829
2015-06-03,0.08388542798871945
2015-06-04,0.08445172145066104
2015-06-05,0.08001583978602078
2015-06-08,0.08052467764618942
2015-06-09,0.07457685219371446
2015-06-10,0.0736510553897457
2015-06-11,0.07350880921219127
2015-06-12,0.07445686561534526
2015-06-15,0.07440729031980697
2015-06-16,0.07396616052962313
2015-06-17,0.07344530988290943
2015-06-18,0.07275704665592042
2015-06-19,0.02901413575765044
2015-06-22,0.028804648388172427
2015-06-23,0.028713817266364572
2015-06-24,0.08536487607849153
2015-06-25,0.08498862512249383
2015-06-26,0.08513652067643063
2015-06-29,0.08734593268370616
2015-06-30,0.09042249029733296
2015-07-01,0.08675337733468691
2015-07-02,0.08688262778689848
2015-07-06,0.08187206871854014
2015-07-07,0.08077831761768184
2015-07-08,0.07591187287927237
2015-07-09,0.07513115687059402
2015-07-10,0.07389323752904053
2015-07-13,0.07317499832817664
2015-07-14,0.07279545835855394
2015-07-15,0.07309067775087175
2015-07-16,0.07267889874323186
2015-07-17,0.0729995688706726
2015-07-20,0.07287504853848947
2015-07-21,0.07301491644731284
2015-07-22,0.0669926179011725
2015-07-23,0.06767702043037316
2015-07-24,0.06732018727457023
2015-07-27,0.1292185967355779
2015-07-28,0.12233294253044658
2015-07-29,0.11632336951407163
2015-07-30,0.11461604928102842
2015-07-31,0.11391565939430892
2015-08-03,0.06684592565051639
2015-08-04,0.06674743631967861
2015-08-05,0.06654395494749188
2015-08-06,0.06766894900455334
2015-08-07,0.021255526147272774
2015-08-10,0.015335410312618647
2015-08-11,0.015363801042858727
2015-08-12,0.015672487608006436
2015-08-13,0.00843547519194987
2015-08-14,0.008386103048467874
2015-08-17,0.008323873795421322
2015-08-18,0.008297310020661364
2015-08-19,0.00835972615734526
2015-08-20,0.003776437694013035
2015-08-21,0.004237755986802649
2015-08-24,0.4048681328483038
2015-08-25,0.8841769893102714
2015-08-26,1.0
2015-08-27,1.0
2015-08-28,1.0
2015-08-31,1.0
2015-09-01,1.0
2015-09-02,1.0
2015-09-03,1.0
2015-09-04,1.0
2015-09-08,1.0
2015-09-09,1.0
2015-09-10,1.0
2015-09-11,1.0
2015-09-14,1.0
2015-09-15,1.0
2015-09-16,1.0
2015-09-17,1.0
2015-09-18,1.0
2015-09-21,1.0
2015-09-22,1.0
2015-09-23,1.0
2015-09-24,1.0
2015-09-25,1.0
2015-09-28,1.0
2015-09-29,1.0
2015-09-30,1.0
2015-10-01,1.0
2015-10-02,1.0
2015-10-05,1.0
2015-10-06,1.0
2015-10-07,1.0
2015-10-08,1.0
2015-10-09,1.0
2015-10-12,1.0
2015-10-13,1.0
2015-10-14,1.0
2015-10-15,1.0
2015-10-16,1.0
2015-10-19,1.0
2015-10-20,1.0
2015-10-21,1.0
2015-10-22,1.0
2015-10-23,1.0
2015-10-26,1.0
2015-10-27,0.7001400782864717
2015-10-28,0.4990811059884239
2015-10-29,0.10005498668364643
2015-10-30,0.0003682360846679611
2015-11-02,0.00036490821731693934
2015-11-03,0.0003664036345411015
2015-11-04,0.08860985131886978
2015-11-05,0.0882253826027175
2015-11-06,0.08780810146048035
2015-11-09,0.0887486577301666
2015-11-10,0.08797517993913229
2015-11-11,0.08762804152402681
2015-11-12,0.08865153624874589
2015-11-13,0.08934390169994677
2015-11-16,0.08863336954209511
2015-11-17,0.08781543844463702
2015-11-18,0.08735365879052936
2015-11-19,0.08396410040332392
2015-11-20,0.08312623461839341
2015-11-23,0.08276192421552597
2015-11-24,0.08319601154410239
2015-11-25,0.08409183669806697
2015-11-27,0.08357253695788669
2015-11-30,0.0841707554960428
2015-12-01,0.08387025819712746
2015-12-02,0.08447789609355649
2015-12-03,0.08066941022265162
2015-12-04,0.17707857426647677
2015-12-07,0.07771240766168175
2015-12-08,0.07752495400122461
2015-12-09,0.07916652509097755
2015-12-10,0.17225977553716187
2015-12-11,0.17516640070195855
2015-12-14,0.2763696123028878
2015-12-15,0.37640297551027746
2015-12-16,0.37149567753606527
2015-12-17,0.07195854320010309
2015-12-18,0.07288841180241457
2015-12-21,0.17909347142811705
2015-12-22,0.27263244710828005
2015-12-23,0.2724472148284669
2015-12-24,0.2720588900560359
2015-12-28,0.372830472462513
2015-12-29,0.37081806383839433
2015-12-30,0.3727053463481511
2015-12-31,0.3761697195169347
2016-01-04,0.48451187234328563
2016-01-05,0.482440080721629
2016-01-06,0.4842084446276468
2016-01-07,0.4856151286719541
2016-01-08,0.5796323539382949
2016-01-11,0.6729818466856616
2016-01-12,0.7718856402836984
2016-01-13,0.7745491997847154
2016-01-14,0.7774194603354866
2016-01-15,0.7789236060588003
2016-01-19,0.7747311229165472
2016-01-20,0.7787058314497356
2016-01-21,0.8906298453801369
2016-01-22,0.8870386820058022
2016-01-25,0.8873823347961111
2016-01-26,0.8872947075077786
2016-01-27,0.8888272515553847
2016-01-28,0.8849823111833446
2016-01-29,0.8845400391995231
2016-02-01,0.8832826283566977
2016-02-02,0.884519946895146
2016-02-03,0.885935392885171
2016-02-04,0.8882595296284691
2016-02-05,0.8944053564151838
2016-02-08,1.0
2016-02-09,1.0
2016-02-10,1.0
2016-02-11,1.0
2016-02-12,1.0
2016-02-16,1.0
2016-02-17,1.0
2016-02-18,1.0
2016-02-19,1.0
2016-02-22,1.0
2016-02-23,1.0
2016-02-24,1.0
2016-02-25,1.0
2016-02-26,1.0
2016-02-29,1.0
2016-03-01,1.0
2016-03-02,1.0
2016-03-03,1.0
2016-03-04,1.0
2016-03-07,1.0
2016-03-08,1.0
2016-03-09,1.0
2016-03-10,1.0
2016-03-11,1.0
2016-03-14,0.40061424430227766
2016-03-15,0.30217230077561286
2016-03-16,0.0021223167879337312
2016-03-17,0.0021117958722157715
2016-03-18,0.0021196113377370818
2016-03-21,0.0021299917031118998
2016-03-22,0.0021270566602705765
2016-03-23,0.002130735213571433
2016-03-24,0.0021315739023999303
2016-03-28,0.002111229234983969
2016-03-29,0.0028324031458820675
2016-03-30,0.0028162255902395295
2016-03-31,0.0028388125942248044
2016-04-01,0.0028058192802787874
2016-04-04,0.0028197389708667364
2016-04-05,0.0028586296122176114
2016-04-06,0.002844369233734878
2016-04-07,0.002866284601351854
2016-04-08,0.0007708340482911469
2016-04-11,0.0007752619276931716
2016-04-12,0.0007707532506215919
2016-04-13,0.0007705930799386529
2016-04-14,0.09717437931195227
2016-04-15,0.09519048913383843
2016-04-18,0.09476284990520134
2016-04-19,0.09626573865610744
2016-04-20,0.08464143948730907
2016-04-21,0.07988172759366075
2016-04-22,0.17494164038079385
2016-04-25,0.07525167788294806
2016-04-26,0.07445685872384067
2016-04-27,0.07389696348915298
2016-04-28,0.07494926839138027
2016-04-29,0.07533676141287915
2016-05-02,0.07694868915827713
2016-05-03,0.07839320595667798
2016-05-04,0.07896150937267365
2016-05-05,0.07212739767776499
2016-05-06,0.07179606375839642
2016-05-09,0.0732434629675437
2016-05-10,0.07204477766129425
2016-05-11,0.07225503566520175
2016-05-12,0.07022225665898896
2016-05-13,0.06837382045662088
2016-05-16,0.06821991495853386
2016-05-17,0.06918589384017615
2016-05-18,0.06926317803400528
2016-05-19,0.06977834240340752
2016-05-20,0.06949240655720645
2016-05-23,0.06923964505065794
2016-05-24,0.0677874186897901
2016-05-25,0.0683972167965089
2016-05-26,0.06847364439381998
2016-05-27,0.06520218702933178
2016-05-31,0.06493544511160587
2016-06-01,0.06464309075272734
2016-06-02,0.06462864985586891
2016-06-03,0.06436020741501736
2016-06-06,0.06408911684213248
2016-06-07,0.06379430622972926
2016-06-08,0.06292312077550899
2016-06-09,0.06280603234384619
2016-06-10,0.06313964820091233
2016-06-13,0.06365667077897219
2016-06-14,0.06376425111935957
2016-06-15,0.06368920910711606
2016-06-16,0.06543356988056637
2016-06-17,0.06542261126909532
2016-06-20,0.025301895204480118
2016-06-21,0.025279894069905273
2016-06-22,0.025334694376875855
2016-06-23,0.025055046481145093
2016-06-24,0.08088557878812863
2016-06-27,0.07096734242583291
2016-06-28,0.17063294425852626
2016-06-29,0.07000846524750037
2016-06-30,0.06885092839316231
2016-07-01,0.06868331163097452
2016-07-05,0.0687315479427757
2016-07-06,0.0685582479803365
2016-07-07,0.06914657740920394
2016-07-08,0.06822127308389536
2016-07-11,0.06790334817648414
2016-07-12,0.06806768544915565
2016-07-13,0.16559262865872126
2016-07-14,0.16622193236726057
2016-07-15,0.16607496375839548
2016-07-18,0.1652557333943443
2016-07-19,0.1654153005877721
2016-07-20,0.16497712219850102
2016-07-21,0.16511050299832786
2016-07-22,0.1636202176369942
2016-07-25,0.01534567144185528
2016-07-26,0.015244790301077726
2016-07-27,0.015351958543265098
2016-07-28,0.01523765245300801
2016-07-29,0.015165475720925081
2016-08-01,0.01525154342002033
2016-08-02,0.015474441883726042
2016-08-03,0.015491177370151488
2016-08-04,0.016024552869618236
2016-08-05,0.00849125284853891
2016-08-08,0.009238674149674608
2016-08-09,0.009913022608706745
2016-08-10,0.00993906020635138
2016-08-11,0.009861334196636151
2016-08-12,0.00988275640897962
2016-08-15,0.010707589760932112
2016-08-16,0.010880833458196237
2016-08-17,0.010395195261652668
2016-08-18,0.010296728625607376
2016-08-19,0.010293970948422548
2016-08-22,0.01026107142070487
2016-08-23,0.010237624268465861
2016-08-24,0.010475463886821523
2016-08-25,0.09403946934067908
2016-08-26,0.09436313409650177
2016-08-29,0.0869849506680449
2016-08-30,0.08231284082568924
2016-08-31,0.08320565378557299
2016-09-01,0.09110770903155252
2016-09-02,0.09002764918345074
2016-09-06,0.049853468741379636
2016-09-07,0.05017628141805597
2016-09-08,0.05441480623116357
2016-09-09,0.05264636510801135
2016-09-12,0.01697083269330646
2016-09-13,0.017263281100645123
2016-09-14,0.02173978415042821
2016-09-15,0.02147909606515519
2016-09-16,0.021639681819734746
2016-09-19,0.021552826331841413
2016-09-20,0.021533446750761076
2016-09-21,0.019624946669707377
2016-09-22,0.01950775043559283
2016-09-23,0.019716682806666386
2016-09-26,0.019842755068515405
2016-09-27,0.019676786884316178
2016-09-28,0.022628930820401183
2016-09-29,0.023037032802752377
2016-09-30,0.01677297457614868
2016-10-03,0.0763937988697776
2016-10-04,0.07594407149265048
2016-10-05,0.07578452072532349
2016-10-06,0.07107545973237828
2016-10-07,0.06691247130180344
2016-10-10,0.06631382917836648
2016-10-11,0.06768894456437824
2016-10-12,0.07322516441965299
2016-10-13,0.056069050831236256
2016-10-14,0.05798480423594943
2016-10-17,0.05449119787123624
2016-10-18,0.054252231636573334
2016-10-19,0.06065239675380463
2016-10-20,0.06104871554287694
2016-10-21,0.06123384964997647
2016-10-24,0.06141438257091236
2016-10-25,0.06196234145537616
2016-10-26,0.06266585225075683
2016-10-27,0.0813170131383315
2016-10-28,0.09489692991078236
2016-10-31,0.09558075653983067
2016-11-01,0.09735340863954178
2016-11-02,0.09877854831218624
2016-11-03,0.09698664380205912
2016-11-04,0.09834663658473708
2016-11-07,0.09658805845694785
2016-11-08,0.0959016364419003
2016-11-09,0.0935621994499285
2016-11-10,0.09325338209288536
2016-11-11,0.09138435010960388
2016-11-14,0.09108502055863421
2016-11-15,0.09088289709371833
2016-11-16,0.09100376267613319
2016-11-17,0.09070993904758395
2016-11-18,0.08996209983943138
2016-11-21,0.08937082511855743
2016-11-22,0.08852856365159367
2016-11-23,0.08833309488080632
2016-11-25,0.14308735913548254
2016-11-28,0.04526975718006976
2016-11-29,0.04534454262809606
2016-11-30,0.04551455491001655
2016-12-01,0.03794359885728682
2016-12-02,0.26910957567986993
2016-12-05,0.0683641173371109
2016-12-06,0.06777814805386762
2016-12-07,0.06699763118575819
2016-12-08,0.0665712639901197
2016-12-09,0.1214960578087445
2016-12-12,0.12260192454495156
2016-12-13,0.12182306107699459
2016-12-14,0.12254855075023652
2016-12-15,0.12209740387626311
2016-12-16,0.12274259944885979
2016-12-19,0.1136244078807287
2016-12-20,0.11269675345458674
2016-12-21,0.16753111117963215
2016-12-22,0.16858493566330357
2016-12-23,0.15972068301498
2016-12-27,0.15898738211478136
2016-12-28,0.1605051855133367
2016-12-29,0.16137313633439343
2016-12-30,0.1622110602482637
2017-01-03,0.15567820516690256
2017-01-04,0.1542924688677929
2017-01-05,0.15537336791870882
2017-01-06,0.15543299134232313
2017-01-09,0.21073667598410384
2017-01-10,0.20828164026332507
2017-01-11,0.20913532579402627
2017-01-12,0.2697787981823705
2017-01-13,0.27185152247387667
2017-01-17,0.2743792804033044
2017-01-18,0.17899897536436515
2017-01-19,0.17827767035869468
2017-01-20,0.1733562558426468
2017-01-23,0.1740740573478472
2017-01-24,0.12540733496362855
2017-01-25,0.12403613724253648
2017-01-26,0.11946497884585272
2017-01-27,0.11982095626773703
2017-01-30,0.12120681591079463
2017-01-31,0.07518797092493568
2017-02-01,0.07479911076682644
2017-02-02,0.07506485771154925
2017-02-03,0.0741748205029189
2017-02-06,0.07446170535482366
2017-02-07,0.06870817065001111
2017-02-08,0.06866552498067136
2017-02-09,0.06808824636263844
2017-02-10,0.06805444746859202
2017-02-13,0.06772312704580952
2017-02-14,0.06756910996164012
2017-02-15,0.06087150097936056
2017-02-16,0.06090352966504409
2017-02-17,0.05514276660867368
2017-02-21,0.03902634272247363
2017-02-22,0.03909920527244837
2017-02-23,0.03918620332034084
2017-02-24,0.03936602498293629
2017-02-27,0.039140073687486066
2017-02-28,0.03983104556536199
2017-03-01,0.03903048145190502
2017-03-02,0.09634545703319575
2017-03-03,0.09611517715298701
2017-03-06,0.08725474761835894
2017-03-07,0.08757658450062644
2017-03-08,0.08822171101185627
2017-03-09,0.08830760633780599
2017-03-10,0.0871298213448044
2017-03-13,0.0863287746243373
2017-03-14,0.08674198331857785
2017-03-15,0.08632417565549422
2017-03-16,0.08399691195658299
2017-03-17,0.08381984879841431
2017-03-20,0.08382530511158781
2017-03-21,0.14513490939838758
2017-03-22,0.09749321772642827
2017-03-23,0.09703158092669151
2017-03-24,0.09690558203166211
2017-03-27,0.09706928533246117
2017-03-28,0.09605608483588235
2017-03-29,0.09600560547938375
2017-03-30,0.09496028077767127
2017-03-31,0.09468820210358997
2017-04-03,0.09571174229598434
2017-04-04,0.09586248490531868
2017-04-05,0.09723098837501587
2017-04-06,0.1044960945410719
2017-04-07,0.10453478408941874
2017-04-10,0.10483416617974672
2017-04-11,0.10480835284210366
2017-04-12,0.10670637425023288
2017-04-13,0.05298676080242304
2017-04-17,0.05208102036972018
2017-04-18,0.051948840400835805
2017-04-19,0.05138505246453284
2017-04-20,0.050566432947710904
2017-04-21,0.05060156466832466
2017-04-24,0.04982768844415397
2017-04-25,0.049706503272167524
2017-04-26,0.0494625622065763
2017-04-27,0.055857624972575626
2017-04-28,0.11356069497402088
2017-05-01,0.11234094095141689
2017-05-02,0.11213634309408327
2017-05-03,0.11192700325066751
2017-05-04,0.11140621706356646
2017-05-05,0.11051658199100212
2017-05-08,0.16612738349065082
2017-05-09,0.16550468200851787
2017-05-10,0.164500305280046
2017-05-11,0.16484668311848916
2017-05-12,0.15480612991713516
2017-05-15,0.15344943714487547
2017-05-16,0.15271464224728126
2017-05-17,0.15656296789136392
2017-05-18,0.15497062746067425
2017-05-19,0.15376314794752965
2017-05-22,0.15163257470892777
2017-05-23,0.20632693157592663
2017-05-24,0.2056791875255306
2017-05-25,0.20510670306159218
2017-05-26,0.203270080392994
2017-05-30,0.2048268502251679
2017-05-31,0.20534120552708623
2017-06-01,0.20222909150773505
2017-06-02,0.2011211636418183
2017-06-05,0.2022839491353866
2017-06-06,0.19605184395425979
2017-06-07,0.19374682445421465
2017-06-08,0.19103789765825085
2017-06-09,0.19427949245772536
2017-06-12,0.19723632756863707
2017-06-13,0.19555682091768478
2017-06-14,0.19675998416191576
2017-06-15,0.198735401684227
2017-06-16,0.15081747713719162
2017-06-19,0.14932613468674216
2017-06-20,0.15128940293991944
2017-06-21,0.13864574718928357
2017-06-22,0.13843105955583923
2017-06-23,0.09009414522798465
2017-06-26,0.09024992802241483
2017-06-27,0.09144491019440804
2017-06-28,0.09043212735248951
2017-06-29,0.049102822028600834
2017-06-30,0.04268447535228248
2017-07-03,0.04270546632767436
2017-07-05,0.04248543912967273
2017-07-06,0.04292086649364946
2017-07-07,0.0391059384103537
2017-07-10,0.039358287570991024
2017-07-11,0.03918700512209827
2017-07-12,0.03890667784009327
2017-07-13,0.03903510083058115
2017-07-14,0.03907362344226284
2017-07-17,0.08842996502357492
2017-07-18,0.08890107662349023
2017-07-19,0.08674386219799979
2017-07-20,0.08683382795130845
2017-07-21,0.08646528436696532
2017-07-24,0.08539677716104555
2017-07-25,0.14657781036392759
2017-07-26,0.14474845292562388
2017-07-27,0.20469867388604812
2017-07-28,0.15759043126717087
2017-07-31,0.14244029298794758
2017-08-01,0.1418509160573217
2017-08-02,0.13287727886108502
2017-08-03,0.13215911673093128
2017-08-04,0.13285017601066296
2017-08-07,0.1319640472323791
2017-08-08,0.13178467364613833
2017-08-09,0.12678266936388882
2017-08-10,0.12921412161877566
2017-08-11,0.12750768360654363
2017-08-14,0.12721744660512624
2017-08-15,0.12742587777809045
2017-08-16,0.1183878274374095
2017-08-17,0.17137212974842542
2017-08-18,0.17151741672241017
2017-08-21,0.1705599428389427
2017-08-22,0.1694055287074352
2017-08-23,0.16995941426186179
2017-08-24,0.16992420242664208
2017-08-25,0.16981685143984793
2017-08-28,0.16954732721925114
2017-08-29,0.16949844874512732
2017-08-30,0.16843589129051106
2017-08-31,0.16686921079410422
2017-09-01,0.16654495637481803
2017-09-05,0.16673258217760756
2017-09-06,0.16692995045471126
2017-09-07,0.16570678459818333
2017-09-08,0.16539599185910137
2017-09-11,0.163803583088439
2017-09-12,0.22175759078122026
2017-09-13,0.22181079919571056
2017-09-14,0.21840639198229872
2017-09-15,0.21870801425341102
2017-09-18,0.21675058635936972
2017-09-19,0.21642580007758727
2017-09-20,0.2733136404341939
2017-09-21,0.2731425751437585
2017-09-22,0.2705608537349924
2017-09-25,0.22685250895599773
2017-09-26,0.22652483505698628
2017-09-27,0.22335911281033238
2017-09-28,0.22323005609148894
2017-09-29,0.2221612099003225
2017-10-02,0.2202767468122574
2017-10-03,0.22011663373941148
2017-10-04,0.1686213421624203
2017-10-05,0.16779616259895436
2017-10-06,0.16715522683366646
2017-10-09,0.16810330735729329
2017-10-10,0.1684111368178014
2017-10-11,0.1679949896371581
2017-10-12,0.167779779960483
2017-10-13,0.1609009957995977
2017-10-16,0.16087756486912452
2017-10-17,0.2200727326470201
2017-10-18,0.2203511232829405
2017-10-19,0.2199843185263345
2017-10-20,0.21679183520223977
2017-10-23,0.21751624796766755
2017-10-24,0.21623939740821818
2017-10-25,0.21763547560244145
2017-10-26,0.1706624651791322
2017-10-27,0.1687634560515383
2017-10-30,0.16877069961664715
2017-10-31,0.16764893179716067
2017-11-01,0.16918624299461316
2017-11-02,0.1683582967976508
2017-11-03,0.16928925370789505
2017-11-06,0.16213736106451004
2017-11-07,0.16281462889723175
2017-11-08,0.16089740816643472
2017-11-09,0.16159179088282283
2017-11-10,0.15594100520989673
2017-11-13,0.15483992261816815
2017-11-14,0.15543405239253716
2017-11-15,0.14659892170009092
2017-11-16,0.1456132689665084
2017-11-17,0.14542060479934493
2017-11-20,0.14413465781636792
2017-11-21,0.1421109446464136
2017-11-22,0.1423409176701007
2017-11-24,0.14182228643954808
2017-11-27,0.14417250465203224
2017-11-28,0.14304968577452748
2017-11-29,0.14637269736038683
2017-11-30,0.20011318083950824
2017-12-01,0.20209198266279182
2017-12-04,0.16240115468788874
2017-12-05,0.15250815575019405
2017-12-06,0.15247446391588282
2017-12-07,0.15059738685286495
2017-12-08,0.1496859424953646
2017-12-11,0.15024643317932884
2017-12-12,0.1502840609672177
2017-12-13,0.15037094522152672
2017-12-14,0.11263510273542754
2017-12-15,0.06275185918607584
2017-12-18,0.06268772300028491
2017-12-19,0.06318595047163589
2017-12-20,0.06239589377772414
2017-12-21,0.06204137776222807
2017-12-22,0.0623734589184598
2017-12-26,0.06227772766363637
2017-12-27,0.062458465720711676
2017-12-28,0.05867939212817941
2017-12-29,0.0590980377578848
2018-01-02,0.058620486316147025
2018-01-03,0.058419902568529025
2018-01-04,0.058644319269052
2018-01-05,0.058143671124933904
2018-01-08,0.057951897157618615
2018-01-09,0.054190369186610354
2018-01-10,0.04369526345852248
2018-01-11,0.0430253859059917
2018-01-12,0.09926959962507187
2018-01-16,0.10092872099756067
2018-01-17,0.09971644560498794
2018-01-18,0.10016205824207425
2018-01-19,0.09939627651166172
2018-01-22,0.09884429590629817
2018-01-23,0.09820161482969991
2018-01-24,0.09915524393409103
2018-01-25,0.09809398320894192
2018-01-26,0.04497341403849231
2018-01-29,0.0361468006154918
2018-01-30,0.03653022736558198
2018-01-31,0.036628519946143356
2018-02-01,0.03630409851023042
2018-02-02,0.03689763877526275
2018-02-05,0.03827306061171776
2018-02-06,0.0811606056065668
2018-02-07,0.13776945962781917
2018-02-08,0.14324726621625405
2018-02-09,0.46928170696661875
2018-02-12,0.4659349171036279
2018-02-13,0.5652510023171875
2018-02-14,0.5607733850369385
2018-02-15,0.5589461248503459
2018-02-16,0.558372937725244
2018-02-20,0.5585681920136958
2018-02-21,0.5604482343889747
2018-02-22,0.5592469438541121
2018-02-23,0.554912701111154
2018-02-26,0.5507964970505119
2018-02-27,0.5558654962066865
2018-02-28,0.5542995625984934
2018-03-01,0.5563779442434358
2018-03-02,0.5541007992803946
2018-03-05,0.551167392945151
2018-03-06,0.613446353228994
2018-03-07,0.6122141373138943
2018-03-08,0.6125865960367807
2018-03-09,0.6097274929310421
2018-03-12,0.6096037562848025
2018-03-13,0.5107127888580489
2018-03-14,0.21115858890888473
2018-03-15,0.01103051271119515
2018-03-16,0.010979827358090444
2018-03-19,0.01103725639753439
2018-03-20,0.010981529391215106
2018-03-21,0.010927399884688604
2018-03-22,0.011286954294070117
2018-03-23,0.011496431598824075
2018-03-26,0.264567285542601
2018-03-27,0.06560415337900172
2018-03-28,0.06596765875011312
2018-03-29,0.06682044738231596
2018-04-02,0.06822451629730675
2018-04-03,0.26984898687170567
2018-04-04,0.2676682598575977
2018-04-05,0.26577253102301057
2018-04-06,0.3712984399632453
2018-04-09,0.47238161615292174
2018-04-10,0.4656260340944204
2018-04-11,0.4653448027994367
2018-04-12,0.4654680118060841
2018-04-13,0.46840213215236304
2018-04-16,0.465863000591504
2018-04-17,0.46130999095893144
2018-04-18,0.4619031443566496
2018-04-19,0.46371625779208536
2018-04-20,0.46693018684020515
2018-04-23,0.46726838166976337
2018-04-24,0.0672951970715423
2018-04-25,0.06795671782701929
2018-04-26,0.06673824306916698
2018-04-27,0.067649251703642
2018-04-30,0.06759830713855053
2018-05-01,0.0691491297434439
2018-05-02,0.0609132272684918
2018-05-03,0.06492439324151078
2018-05-04,0.0648314287639774
2018-05-07,0.07341539382298667
2018-05-08,0.07233696357243413
2018-05-09,0.07199829544293557
2018-05-10,0.07177501424533728
2018-05-11,0.07123764358338402
2018-05-14,0.07195311807004856
2018-05-15,0.07176052053491877
2018-05-16,0.06763101637516511
2018-05-17,0.0673827251140684
2018-05-18,0.06755770878267275
2018-05-21,0.06726618206992296
2018-05-22,0.06812728800528134
2018-05-23,0.06778397758769206
2018-05-24,0.06774131505367642
2018-05-25,0.06772122542765713
2018-05-29,0.06633898174442521
2018-05-30,0.0653317539510907
2018-05-31,0.06566519429771367
2018-06-01,0.06440150349295892
2018-06-04,0.022979675339047434
2018-06-05,0.022759306080204045
2018-06-06,0.022658901891004835
2018-06-07,0.022712929830358553
2018-06-08,0.02270668574076784
2018-06-11,0.02279460763909702
2018-06-12,0.022720894357424415
2018-06-13,0.02245648155073321
2018-06-14,0.02206950406171948
2018-06-15,0.08809761905462854
2018-06-18,0.13900904066464514
2018-06-19,0.19017337969852977
2018-06-20,0.18786811080431887
2018-06-21,0.18907257108830788
2018-06-22,0.18916026014144427
2018-06-25,0.1926303332939474
2018-06-26,0.1823629849443279
2018-06-27,0.1846060311028801
2018-06-28,0.17333280933801076
2018-06-29,0.17348496519680712
2018-07-02,0.17305761043507473
2018-07-03,0.17274512349021998
2018-07-05,0.17194546590537063
2018-07-06,0.16970567389168678
2018-07-09,0.1690986675130669
2018-07-10,0.22205904808419874
2018-07-11,0.22338822787793233
2018-07-12,0.22268493479778928
2018-07-13,0.22295605251331385
2018-07-16,0.22466573785375188
2018-07-17,0.21166546856762258
2018-07-18,0.21176281153181065
2018-07-19,0.21217158418007454
2018-07-20,0.21187298195896442
2018-07-23,0.21218497310213946
2018-07-24,0.21529398676099076
2018-07-25,0.2122230315515985
2018-07-26,0.21284776148983786
2018-07-27,0.21668328657679525
2018-07-30,0.12311190336373856
2018-07-31,0.11817802918640585
2018-08-01,0.11876375398048922
2018-08-02,0.11766042168076529
2018-08-03,0.11873622858168287
2018-08-06,0.11745856595765825
2018-08-07,0.11720784871348466
2018-08-08,0.11710063254062408
2018-08-09,0.11699941973989214
2018-08-10,0.1165205620239278
2018-08-13,0.1174416975899184
2018-08-14,0.11611966346383706
2018-08-15,0.11782020504204183
2018-08-16,0.11687447758503544
2018-08-17,0.11630236305336239
2018-08-20,0.11601526568893972
2018-08-21,0.10800849161794279
2018-08-22,0.10809611206552439
2018-08-23,0.10670328677316543
2018-08-24,0.10539882167074399
2018-08-27,0.1063630816753568
2018-08-28,0.1063990124155052
2018-08-29,0.10606485193263482
2018-08-30,0.1057756714144461
2018-08-31,0.10486523776674583
2018-09-04,0.1047294537128588
2018-09-05,0.1073263795145597
2018-09-06,0.04122720144574321
2018-09-07,0.041171504641088874
2018-09-10,0.04099224063403373
2018-09-11,0.040538813993195255
2018-09-12,0.040599792641056176
2018-09-13,0.040640098788301104
2018-09-14,0.04034155368267045
2018-09-17,0.041079206393693
2018-09-18,0.033653130375731366
2018-09-19,0.03398788894854865
2018-09-20,0.03397204687653155
2018-09-21,0.03429546025523511
2018-09-24,0.033976364965727646
2018-09-25,0.03393106841345772
2018-09-26,0.07906921090261876
2018-09-27,0.035090340749796556
2018-09-28,0.03501345087748531
2018-10-01,0.03539796258918848
2018-10-02,0.03614486148788831
2018-10-03,0.02787342863039044
2018-10-04,0.029931866285804687
2018-10-05,0.0038178097734495875
2018-10-08,0.002682754074178395
2018-10-09,0.09104597024219674
2018-10-10,0.0944653787559705
2018-10-11,0.15745056584236028
2018-10-12,0.46673469472849827
2018-10-15,0.4675952089536197
2018-10-16,0.4631074785585363
2018-10-17,0.466163144271304
2018-10-18,0.36711137290796325
2018-10-19,0.3683677136682214
2018-10-22,0.4922803271826963
2018-10-23,0.49406993208459016
2018-10-24,0.5002077978743549
2018-10-25,0.5870338639588144
2018-10-26,0.5844937525444749
2018-10-29,0.6805632735019911
2018-10-30,0.6711690591604673
2018-10-31,0.836323305020387
2018-11-01,0.8368903125624685
2018-11-02,0.8392705456400158
2018-11-05,0.8385338883389876
2018-11-06,0.8378830603412539
2018-11-07,0.8337962410068466
2018-11-08,0.8345549142091866
2018-11-09,0.8369121210485851
2018-11-12,0.8394528609376911
2018-11-13,0.8402172868811799
2018-11-14,0.8497140424701481
2018-11-15,0.9394836803802121
2018-11-16,0.9391286970673915
2018-11-19,0.9392351659216143
2018-11-20,0.9409419159258668
2018-11-21,0.9407282347285479
2018-11-23,0.939554710603497
2018-11-26,0.9378529847701131
2018-11-27,0.9385258427259442
2018-11-28,0.9370397512289653
2018-11-29,0.9372871118540962
2018-11-30,0.9381007682412434
2018-12-03,0.9381007682412434
2018-12-04,0.640628104183331
2018-12-06,0.641863394937868
2018-12-07,0.7003616059161786
2018-12-10,0.7006503598235722
2018-12-11,0.6995004074766056
2018-12-12,0.6981370699617313
2018-12-13,0.6976563275785621
2018-12-14,0.7009272419638728
2018-12-17,0.7082229814476679
2018-12-18,0.7999016914634125
2018-12-19,0.8011133235921715
2018-12-20,0.801839705656646
2018-12-21,0.8071595955166667
2018-12-24,0.9055771141087863
2018-12-26,1.0
2018-12-27,1.0
2018-12-28,1.0
2018-12-31,1.0
2019-01-02,1.0
2019-01-03,1.0
2019-01-04,1.0
2019-01-07,1.0
2019-01-08,1.0
2019-01-09,1.0
2019-01-10,1.0
2019-01-11,1.0
2019-01-14,1.0
2019-01-15,1.0
2019-01-16,1.0
2019-01-17,1.0
2019-01-18,1.0
2019-01-22,1.0
2019-01-23,1.0
2019-01-24,1.0
2019-01-25,1.0
2019-01-28,1.0
2019-01-29,1.0
2019-01-30,1.0
2019-01-31,1.0
2019-02-01,1.0
2019-02-04,1.0
2019-02-05,1.0
2019-02-06,1.0
2019-02-07,1.0
2019-02-08,1.0
2019-02-11,1.0
2019-02-12,1.0
2019-02-13,0.9003239541613799
2019-02-14,0.7010386256959854
2019-02-15,0.6981796835324847
2019-02-19,0.49923576650324897
2019-02-20,0.09933734025439511
2019-02-21,0.0004161100465412959
2019-02-22,0.0004128425660773205
2019-02-25,0.00041384581075909477
2019-02-26,0.0004144465355132576
2019-02-27,0.00041242921743689376
2019-02-28,0.0004113769258355937
2019-03-01,0.0004084790520840764
2019-03-04,0.0004116085946314074
2019-03-05,0.0004108882455943208
2019-03-06,0.0004149270934566962
2019-03-07,0.0004157491838744365
2019-03-08,0.0004160223898510562
2019-03-11,0.1931305395789339
2019-03-12,0.09270435211969319
2019-03-13,0.09353114816790176
2019-03-14,0.09319794190484443
2019-03-15,0.09318390522328757
2019-03-18,0.09282591899406889
2019-03-19,0.09275796754766019
2019-03-20,0.09268935769112585
2019-03-21,0.09097984479581056
2019-03-22,0.04921639534366662
2019-03-25,0.04903148397928925
2019-03-26,0.04870954109763348
2019-03-27,0.049169580056931284
2019-03-28,0.048893988883481954
2019-03-29,0.04878885259664123
2019-04-01,0.04872683024152391
2019-04-02,0.04857387439528604
2019-04-03,0.048634141936135356
2019-04-04,0.04903781254069817
2019-04-05,0.048734698077171346
2019-04-08,0.049485066874328076
2019-04-09,0.0495886428631942
2019-04-10,0.04916233686205529
2019-04-11,0.04908705515621303
2019-04-12,0.048902924819998694
2019-04-15,0.04582213512828048
2019-04-16,0.041871493732013265
2019-04-17,0.032208514338373684
2019-04-18,0.02567271137784577
2019-04-22,0.02545131157693914
2019-04-23,0.02506123259155224
2019-04-24,0.025071621210908668
2019-04-25,0.02527684676868658
2019-04-26,0.025206676407231177
2019-04-29,0.02514798834393095
2019-04-30,0.025309553501587922
2019-05-01,0.027632628611867216
2019-05-02,0.0273876734727585
2019-05-03,0.027101899786637462
2019-05-06,0.02724909091285166
2019-05-07,0.02769699747481913
2019-05-08,0.02768293768591501
2019-05-09,0.02793760172063786
2019-05-10,0.024648372297786936
2019-05-13,0.012524807234676083
2019-05-14,0.07018731169994219
2019-05-15,0.06993321483810222
2019-05-16,0.07291323559353535
2019-05-17,0.07372319819042505
2019-05-20,0.07497390215011324
2019-05-21,0.09585936784412075
2019-05-22,0.09599219601447384
2019-05-23,0.09373896113414404
2019-05-24,0.09296708370054896
2019-05-28,0.09320052721809668
2019-05-29,0.09445289529177014
2019-05-30,0.09453787207276787
2019-05-31,0.09794866605445396
2019-06-03,0.09903093033455712
2019-06-04,0.09624339390314662
2019-06-05,0.09787595933425441
2019-06-06,0.09654845255134659
2019-06-07,0.0956876251175699
2019-06-10,0.09576178472350327
2019-06-11,0.09687256763984964
2019-06-12,0.09704418276852644
2019-06-13,0.09688874189545116
2019-06-14,0.09673546797514809
2019-06-17,0.09679996521729928
2019-06-18,0.09615433864113088
2019-06-19,0.09594265045390005
2019-06-20,0.09483883803838589
2019-06-21,0.09638703722208952
2019-06-24,0.0963867067936035
2019-06-25,0.09809366016884902
2019-06-26,0.09341498151552019
2019-06-27,0.07231696905758378
2019-06-28,0.07158812953444404
2019-07-01,0.07113888875850549
2019-07-02,0.0704140344524734
2019-07-03,0.06954151038885614
2019-07-05,0.06943276761888073
2019-07-08,0.06960338073229677
2019-07-09,0.06927365209092362
2019-07-10,0.06913836285548614
2019-07-11,0.06928102705108397
2019-07-12,0.026159672346760643
2019-07-15,0.026000766435825495
2019-07-16,0.025872148039515874
2019-07-17,0.025818013344768742
2019-07-18,0.025554397622735037
2019-07-19,0.025754338104525543
2019-07-22,0.02554688146844153
2019-07-23,0.025972405201009297
2019-07-24,0.025864699209320774
2019-07-25,0.025886958005290395
2019-07-26,0.02551956758315521
2019-07-29,0.02558102353650793
2019-07-30,0.025470689368046306
2019-07-31,0.09161831786333274
2019-08-01,0.08047309016019044
2019-08-02,0.07232476545841615
2019-08-05,0.07533287844357162
2019-08-06,0.07520908058169185
2019-08-07,0.0725837767390326
2019-08-08,0.0716292641533316
2019-08-09,0.07187361459174002
2019-08-12,0.07265382706050616
2019-08-13,0.07269208898281376
2019-08-14,0.07441656367728544
2019-08-15,0.02920327956949509
2019-08-16,0.028589260193887522
2019-08-19,0.028362461165499564
2019-08-20,0.028651576862458783
2019-08-21,0.028361137363159594
2019-08-22,0.028328242729665387
2019-08-23,0.028898796580158037
2019-08-26,0.028628900993240447
2019-08-27,0.028772839050516752
2019-08-28,0.12072683942698526
2019-08-29,0.12065339333574165
2019-08-30,0.12113842052989143
2019-09-03,0.12227650395586187
2019-09-04,0.021991408209207086
2019-09-05,0.022035782907435353
2019-09-06,0.003399153586787329
2019-09-09,0.0034476047390751274
2019-09-10,0.10006722840776017
2019-09-11,0.09656340613595604
2019-09-12,0.09666492038241359
2019-09-13,0.09666926012790744
2019-09-16,0.0971874084465374
2019-09-17,0.09614151901913337
2019-09-18,0.09752898927810805
2019-09-19,0.08174779171002955
2019-09-20,0.0819993899515542
2019-09-23,0.08217041106683587
2019-09-24,0.0825968189895856
2019-09-25,0.08170472920522298
2019-09-26,0.0817884425608153
2019-09-27,0.08322414244636289
2019-09-30,0.06850000399251599
2019-10-01,0.06267840061816421
2019-10-02,0.06357699575084719
2019-10-03,0.07309998621104496
2019-10-04,0.07461721137207433
2019-10-07,0.07493817626151311
2019-10-08,0.0756509820613731
2019-10-09,0.0789308048682753
2019-10-10,0.07828890836043612
2019-10-11,0.0785360934955669
2019-10-14,0.07847231621007711
2019-10-15,0.07822204452352743
2019-10-16,0.07769105977449964
2019-10-17,0.07727267820609385
2019-10-18,0.07678266398437927
2019-10-21,0.03499934250908898
2019-10-22,0.03526985088546597
2019-10-23,0.033469791620465594
2019-10-24,0.03323732369325827
2019-10-25,0.03325517256980903
2019-10-28,0.027607896864547454
2019-10-29,0.022425465615551032
2019-10-30,0.02262752168982929
2019-10-31,0.022666137229509276
2019-11-01,0.022785883097233284
2019-11-04,0.013406603411613038
2019-11-05,0.013494330471833793
2019-11-06,0.013511403161628799
2019-11-07,0.014588616736033289
2019-11-08,0.014590016544019146
2019-11-11,0.01450826745988909
2019-11-12,0.014506787503577923
2019-11-13,0.01442163812682018
2019-11-14,0.009885694327881223
2019-11-15,0.06827243980902897
2019-11-18,0.06808277590775991
2019-11-19,0.06534158122382228
2019-11-20,0.06541670451567272
2019-11-21,0.06620482123371163
2019-11-22,0.058192331678311726
2019-11-25,0.05755763308132622
2019-11-26,0.05279160443142006
2019-11-27,0.05312775594811725
2019-11-29,0.05358590718677991
2019-12-02,0.05417584037563039
2019-12-03,0.05444251913681308
2019-12-04,0.05418343339209242
2019-12-05,0.05429586941177478
2019-12-06,0.053880670600207514
2019-12-09,0.05388523380483867
2019-12-10,0.05386512954047207
2019-12-11,0.05352618218717342
2019-12-12,0.05335393790153031
2019-12-13,0.05337824137759728
2019-12-16,0.05309826768048831
2019-12-17,0.04561047864472645
2019-12-18,0.045436143694325914
2019-12-19,0.0457450268953985
2019-12-20,0.04565340382238958
2019-12-23,0.04543071866744852
2019-12-24,0.10290800890070251
2019-12-26,0.10251078933753588
2019-12-27,0.10369328217348706
2019-12-30,0.1045404693263452
2019-12-31,0.10484410985617554
2020-01-02,0.09689813293071436
2020-01-03,0.0973914674852927
2020-01-06,0.09712262395014404
2020-01-07,0.0963489755908381
2020-01-08,0.09835276361204326
2020-01-09,0.09814197207641728
2020-01-10,0.09846225063531899
2020-01-13,0.09701030547420875
2020-01-14,0.09664362765503409
2020-01-15,0.0968642421045306
2020-01-16,0.09570859804613363
2020-01-17,0.09582460814288718
2020-01-21,0.09547019098666476
2020-01-22,0.15176723478526644
2020-01-23,0.15086691243354744
2020-01-24,0.1044552147635367
2020-01-27,0.09664081125904345
2020-01-28,0.09593001004355883
2020-01-29,0.05567263062929728
2020-01-30,0.05671047156146358
2020-01-31,0.04934429855181943
2020-02-03,0.011730912634674961
2020-02-04,0.01147875812044108
2020-02-05,0.011569200291411619
2020-02-06,0.011631583835729375
2020-02-07,0.011776676337895808
2020-02-10,0.08079754964498098
2020-02-11,0.0799777207202661
2020-02-12,0.07925725606740663
2020-02-13,0.07853662411023221
2020-02-14,0.07864823435500423
2020-02-18,0.07837128869046028
2020-02-19,0.03456256297924276
2020-02-20,0.03452443268006311
2020-02-21,0.034807569526203674
2020-02-24,0.018182748638134072
2020-02-25,0.022557605050885776
2020-02-26,0.023273638768683047
2020-02-27,0.024693796386884515
2020-02-28,0.28827915615086674
2020-03-02,0.47383393757493897
2020-03-03,0.475461946737617
2020-03-04,0.563907975157407
2020-03-05,0.5677208068981225
2020-03-06,0.5681234692223471
2020-03-09,0.5812872370709381
2020-03-10,0.6836751274482903
2020-03-11,0.6832814759958963
2020-03-12,0.7000547245787092
2020-03-13,0.8937630400998344
2020-03-16,0.8997637132137448
2020-03-17,1.0
2020-03-18,1.0
2020-03-19,1.0
2020-03-20,1.0
2020-03-23,1.0
2020-03-24,1.0
2020-03-25,1.0
2020-03-26,1.0
2020-03-27,1.0
2020-03-30,1.0
2020-03-31,1.0
2020-04-01,1.0
2020-04-02,1.0
2020-04-03,1.0
2020-04-06,1.0
2020-04-07,1.0
2020-04-08,1.0
2020-04-09,1.0
2020-04-13,1.0
2020-04-14,1.0
2020-04-15,1.0
2020-04-16,1.0
2020-04-17,1.0
2020-04-20,1.0
2020-04-21,1.0
2020-04-22,1.0
2020-04-23,1.0
2020-04-24,1.0
2020-04-27,1.0
2020-04-28,1.0
2020-04-29,1.0
2020-04-30,1.0
2020-05-01,1.0
2020-05-04,1.0
2020-05-05,1.0
2020-05-06,1.0
2020-05-07,1.0
2020-05-08,1.0
2020-05-11,1.0
2020-05-12,1.0
2020-05-13,1.0
2020-05-14,1.0
2020-05-15,1.0
2020-05-18,1.0
2020-05-19,1.0
2020-05-20,1.0
2020-05-21,1.0
2020-05-22,1.0
2020-05-26,1.0
2020-05-27,1.0
2020-05-28,0.002978528939561187
2020-05-29,0.002884788886587386
2020-06-01,0.002880015763528143
2020-06-02,0.0028578511080544766
2020-06-03,0.0028902799628373055
2020-06-04,0.0029617623211956046
2020-06-05,0.002965669870215626
2020-06-08,0.0029557954605580194
2020-06-09,0.09224665104122365
2020-06-10,0.09061997886220075
2020-06-11,0.0941672625186405
2020-06-12,0.0940605327277495
2020-06-15,0.09268995514515233
2020-06-16,0.091740087573701
2020-06-17,0.09102220309034337
2020-06-18,0.09063817226793514
2020-06-19,0.08919135369848619
2020-06-22,0.0883950290242772
2020-06-23,0.08885108217089288
2020-06-24,0.09022851862596803
2020-06-25,0.08851287564129773
2020-06-26,0.08927275405943713
2020-06-29,0.09014372970077988
2020-06-30,0.08814490130184038
2020-07-01,0.08759045473378768
2020-07-02,0.08716966046120622
2020-07-06,0.14239412656930406
2020-07-07,0.14252946503327946
2020-07-08,0.14069630327490268
2020-07-09,0.13965661681781338
2020-07-10,0.1412729176258899
2020-07-13,0.04283852585684189
2020-07-14,0.028910820664631687
2020-07-15,0.02859282905806293
2020-07-16,0.028940976053651424
2020-07-17,0.02819790245364595
2020-07-20,0.010295881445339994
2020-07-21,0.06667886734328832
2020-07-22,0.06655969760303215
2020-07-23,0.06821918931750015
2020-07-24,0.06921342486991233
2020-07-27,0.06284664325826939
2020-07-28,0.06378751047539488
2020-07-29,0.062327867968909434
2020-07-30,0.06250828037866296
2020-07-31,0.061956237527246216
2020-08-03,0.06054975195093726
2020-08-04,0.06029784527599069
2020-08-05,0.1746975766962896
2020-08-06,0.17722320023099114
2020-08-07,0.17912160301180258
2020-08-10,0.1814973855938098
2020-08-11,0.17123445376139568
2020-08-12,0.16799910272464103
2020-08-13,0.1661535569148913
2020-08-14,0.16727182946536456
2020-08-17,0.16466356701863782
2020-08-18,0.16367672453213478
2020-08-19,0.1646108953030896
2020-08-20,0.16326890956626272
2020-08-21,0.16441025144367316
2020-08-24,0.16490701231121485
2020-08-25,0.1609343347609159
2020-08-26,0.2124109247146907
2020-08-27,0.2152074411675995
2020-08-28,0.21419859808092545
2020-08-31,0.2129027877717553
2020-09-01,0.2076190145230392
2020-09-02,0.20655275142436724
2020-09-03,0.2792261624084559
2020-09-04,0.17284816344063048
2020-09-08,0.15867265050377422
2020-09-09,0.11287754595290089
2020-09-10,0.11325603854367916
2020-09-11,0.11606008034915771
2020-09-14,0.06321637041240913
2020-09-15,0.062259959290223654
2020-09-16,0.06310003853097568
2020-09-17,0.06320680123640565
2020-09-18,0.06322910648201474
2020-09-21,0.06370315437398277
2020-09-22,0.04860082089966866
2020-09-23,0.0505255328910581
2020-09-24,0.05152086948647028
2020-09-25,0.009125764330579433
2020-09-28,0.008811755316335601
2020-09-29,0.06310148790524883
2020-09-30,0.12488647540624598
2020-10-01,0.12128776142031561
2020-10-02,0.1779330875058659
2020-10-05,0.17296333257740937
2020-10-06,0.23178888107472984
2020-10-07,0.2272270693013987
2020-10-08,0.28422595466103784
2020-10-09,0.2813272399033504
2020-10-12,0.28113084552471346
2020-10-13,0.2774004227795632
2020-10-14,0.2793603694888219
2020-10-15,0.2786381714362277
2020-10-16,0.2797656045131084
2020-10-19,0.2840084745564724
2020-10-20,0.28552442679042467
2020-10-21,0.2907054124112989
2020-10-22,0.2407457186817582
2020-10-23,0.23473974065294445
2020-10-26,0.24137357579440755
2020-10-27,0.13933735071388575
2020-10-28,0.14298822851771253
2020-10-29,0.12419200711184808
2020-10-30,0.12694032573105918
2020-11-02,0.11465394232212955
2020-11-03,0.0653247571137009
2020-11-04,0.06534890178978314
2020-11-05,0.0634960968324052
2020-11-06,0.06396303961573613
2020-11-09,0.06411919953415579
2020-11-10,0.06441429197033033
2020-11-11,0.011860648580119149
2020-11-12,0.012011138157292489
2020-11-13,0.01180845060817981
2020-11-16,0.011506596445269968
2020-11-17,0.01154585386182827
2020-11-18,0.011648243360153687
2020-11-19,0.011478591592779863
2020-11-20,0.0670886480619104
2020-11-23,0.06603257846661714
2020-11-24,0.11695782953939804
2020-11-25,0.1172473804782197
2020-11-27,0.0633644258849112
2020-11-30,0.06389842721942818
2020-12-01,0.11830688883348939
2020-12-02,0.11885640454852742
2020-12-03,0.11814802792580226
2020-12-04,0.17121059683080964
2020-12-07,0.17112538373735164
2020-12-08,0.1593996304106151
2020-12-09,0.16139933586352884
2020-12-10,0.14647389451886705
2020-12-11,0.14675833192477838
2020-12-14,0.14787290121625496
2020-12-15,0.1453052978657633
2020-12-16,0.14589224068397
2020-12-17,0.1453774639224803
2020-12-18,0.13420362203714475
2020-12-21,0.13490032994750178
2020-12-22,0.13501615027004377
2020-12-23,0.13398370134318027
2020-12-24,0.13458492884913442
2020-12-28,0.1344729550205952
2020-12-29,0.13532867230253376
2020-12-30,0.1328634123420075
2020-12-31,0.1331814496239907
2021-01-04,0.1332581496355164
2021-01-05,0.12938304767108122
2021-01-06,0.12328121191675578
2021-01-07,0.289174681252087
2021-01-08,0.339311816928204
2021-01-11,0.33742793171516494
2021-01-12,0.3321562681746094
2021-01-13,0.33428762123150935
2021-01-14,0.3330124059275208
2021-01-15,0.3369259315614429
2021-01-19,0.33524567125236304
2021-01-20,0.3343709524843155
2021-01-21,0.3357476683511412
2021-01-22,0.33564236806187464
2021-01-25,0.33981770600213557
2021-01-26,0.2923807857829489
2021-01-27,0.30062448134126385
2021-01-28,0.21921239512712232
2021-01-29,0.2233715790038252
2021-02-01,0.21928765667329075
2021-02-02,0.21688018275962961
2021-02-03,0.21522223536480556
2021-02-04,0.21155285224042786
2021-02-05,0.20936975916883938
2021-02-08,0.2068759091171798
2021-02-09,0.20411107217392677
2021-02-10,0.2046022674874265
2021-02-11,0.20433689944024924
2021-02-12,0.14859225553918665
2021-02-16,0.14802751171558293
2021-02-17,0.14936501376295597
2021-02-18,0.15064075108909225
2021-02-19,0.1474955405385998
2021-02-22,0.20439381839783588
2021-02-23,0.2058765570199047
2021-02-24,0.20341772271670322
2021-02-25,0.21098548784829596
2021-02-26,0.1546655056937587
2021-03-01,0.10727804271728547
2021-03-02,0.10923103784332111
2021-03-03,0.1099685066175713
2021-03-04,0.08320735844954952
2021-03-05,0.03912344587162331
2021-03-08,0.0380485304996685
2021-03-09,0.09605060279363409
2021-03-10,0.09450622076359017
2021-03-11,0.20141760692123845
2021-03-12,0.19820494518378984
2021-03-15,0.19703305652423642
2021-03-16,0.20225149058965608
2021-03-17,0.20111257736037813
2021-03-18,0.2028444051343039
2021-03-19,0.2009428360175376
2021-03-22,0.20668591826650085
2021-03-23,0.21502715144417672
2021-03-24,0.171627186745271
2021-03-25,0.11984759837648351
2021-03-26,0.11728242727580196
2021-03-29,0.12251753431634715
2021-03-30,0.07577491024425664
2021-03-31,0.0760990791224444
2021-04-01,0.07566739135167078
2021-04-05,0.07360023273317473
2021-04-06,0.07380878752757336
2021-04-07,0.07365448410414466
2021-04-08,0.07300212781816207
2021-04-09,0.07155649866036551
2021-04-12,0.0709923513624281
2021-04-13,0.07208918589958613
2021-04-14,0.07225218017510282
2021-04-15,0.07225614270388436
2021-04-16,0.07142576683747137
2021-04-19,0.07279365385441916
2021-04-20,0.07534404140201323
2021-04-21,0.011789604164591405
2021-04-22,0.011843241136310745
2021-04-23,0.011634644064418387
2021-04-26,0.011685063391637884
2021-04-27,0.011437761520719625
2021-04-28,0.011354809947428768
2021-04-29,0.06929143431207407
2021-04-30,0.06994912785743457
2021-05-03,0.06860943338581105
2021-05-04,0.12691534038120655
2021-05-05,0.1261536133994282
2021-05-06,0.12617740547601053
2021-05-07,0.11159653397428448
2021-05-10,0.11288676169946898
2021-05-11,0.11426665982995132
2021-05-12,0.17519331233282598
2021-05-13,0.12948496320570457
2021-05-14,0.12715151954154957
2021-05-17,0.12691812807706693
2021-05-18,0.1287786476551982
2021-05-19,0.13065494749474615
2021-05-20,0.12326330536731545
2021-05-21,0.07088750177239855
2021-05-24,0.0703466892930309
2021-05-25,0.0719953335955823
2021-05-26,0.0705668054872961
2021-05-27,0.06940240672700781
2021-05-28,0.06959125489777795
2021-06-01,0.06833466500319063
2021-06-02,0.06891802820396042
2021-06-03,0.0690457449017513
2021-06-04,0.06921839419792342
2021-06-07,0.06203165432940738
2021-06-08,0.12011104755125945
2021-06-09,0.1229343231237392
2021-06-10,0.12661038417275827
2021-06-11,0.10421675223499527
2021-06-14,0.09919841190917134
2021-06-15,0.0987384447095172
2021-06-16,0.09867159386308666
2021-06-17,0.10220150935080896
2021-06-18,0.0898451715923545
2021-06-21,0.0474088688921388
2021-06-22,0.04730583914591047
2021-06-23,0.04725701388490522
2021-06-24,0.046943237545223226
2021-06-25,0.046984807235774695
2021-06-28,0.04808764893854245
2021-06-29,0.04061580960148137
2021-06-30,0.04030007337599317
2021-07-01,0.039611091982034274
2021-07-02,0.03973140575927703
2021-07-06,0.0403090922694781
2021-07-07,0.04341266818257328
2021-07-08,0.044635088291253844
2021-07-09,0.04390448355234933
2021-07-12,0.04367836889521881
2021-07-13,0.04427318361427446
2021-07-14,0.03268948800898286
2021-07-15,0.022069893223630177
2021-07-16,0.022068350555076277
2021-07-19,0.032051859429782614
2021-07-20,0.04074174556607668
2021-07-21,0.04000242137096888
2021-07-22,0.03998006219559891
2021-07-23,0.038969599376074915
2021-07-26,0.03916955326568561
2021-07-27,0.039565139375609126
2021-07-28,0.039051727207652154
2021-07-29,0.03885150741232435
2021-07-30,0.00939263048792105
2021-08-02,0.009390786157584263
2021-08-03,0.009144932021689534
2021-08-04,0.06536218962480267
2021-08-05,0.06476286026067357
2021-08-06,0.06485485726220308
2021-08-09,0.06401326041291733
2021-08-10,0.06412100015612177
2021-08-11,0.06505678146900118
2021-08-12,0.06460157096516639
2021-08-13,0.06471157523652182
2021-08-16,0.06478594658680581
2021-08-17,0.06523327760158748
2021-08-18,0.06538657100362733
2021-08-19,0.06493583759254395
2021-08-20,0.06392524501516339
2021-08-23,0.06296268132995397
2021-08-24,0.06282982423000405
2021-08-25,0.06170258849590238
2021-08-26,0.11952300478711864
2021-08-27,0.1149072726917193
2021-08-30,0.22947018204926228
2021-08-31,0.27999885829383164
2021-09-01,0.2782441024521912
2021-09-02,0.2780173803654795
2021-09-03,0.27601941663860896
2021-09-07,0.2765808798491909
2021-09-08,0.2788730841348277
2021-09-09,0.268100915743257
2021-09-10,0.2705510778454807
2021-09-13,0.27320018126112044
2021-09-14,0.2723977910345886
2021-09-15,0.2700874975201354
2021-09-16,0.2689112828558864
2021-09-17,0.2711849879125492
2021-09-20,0.27447487344103316
2021-09-21,0.2744921214724316
2021-09-22,0.2717006293388191
2021-09-23,0.26881026563509736
2021-09-24,0.2702749419591245
2021-09-27,0.2732225893983238
2021-09-28,0.2802367822089358
2021-09-29,0.1914507988108255
2021-09-30,0.13663929599928115
2021-10-01,0.08202065599235908
2021-10-04,0.08388178546858582
2021-10-05,0.07644072042094707
2021-10-06,0.07578923810219684
2021-10-07,0.07433293488702997
2021-10-08,0.07492106043100677
2021-10-11,0.07546301621621887
2021-10-12,0.030506716132691958
2021-10-13,0.03027840504322632
2021-10-14,0.02997541099359513
2021-10-15,0.030168238542361836
2021-10-18,0.02976431365075538
2021-10-19,0.029806111280396785
2021-10-20,0.029638473568207258
2021-10-21,0.023888521352021908
2021-10-22,0.02375131490352278
2021-10-25,0.07489909875955636
2021-10-26,0.07579453867526609
2021-10-27,0.07686455642322054
2021-10-28,0.07574183561141312
2021-10-29,0.07521997767963329
2021-11-01,0.0741794597613521
2021-11-02,0.07437398382520732
2021-11-03,0.07379623563969051
2021-11-04,0.13086443605558917
2021-11-05,0.12597743922956717
2021-11-08,0.17998918360136973
2021-11-09,0.18050056047790763
2021-11-10,0.18344804896120392
2021-11-11,0.23778948795832133
2021-11-12,0.22750829225804248
2021-11-15,0.22670388411080422
2021-11-16,0.22448849056579634
2021-11-17,0.2257654932961758
2021-11-18,0.22548038411194649
2021-11-19,0.2246478627279811
2021-11-22,0.23072361564963972
2021-11-23,0.22819521051280323
2021-11-24,0.18393825769396488
2021-11-26,0.18767710154622352
2021-11-29,0.18629107842248893
2021-11-30,0.17907960506820353
2021-12-01,0.1823263164522161
2021-12-02,0.12314411643446643
2021-12-03,0.12454695367409818
2021-12-06,0.07565227970427901
2021-12-07,0.06763930694752529
2021-12-08,0.12857978029872352
2021-12-09,0.13084509910402609
2021-12-10,0.13063100394726157
2021-12-13,0.1333736275826849
2021-12-14,0.12005179214390316
2021-12-15,0.11780115172692929
2021-12-16,0.12077651409463863
2021-12-17,0.07339654270062401
2021-12-20,0.07397610353064488
2021-12-21,0.07183701052552227
2021-12-22,0.07095176337692832
2021-12-23,0.07031360660940977
2021-12-27,0.0677997910571363
2021-12-28,0.06861061366744292
2021-12-29,0.06770896846941221
2021-12-30,0.06835663771177969
2021-12-31,0.06816700721043778
2022-01-03,0.0684332266515637
2022-01-04,0.06946990658357821
2022-01-05,0.022644811299184497
2022-01-06,0.014737104267405488
2022-01-07,0.015900117739886088
2022-01-10,0.02048629738394403
2022-01-11,0.014616822149619901
2022-01-12,0.014481427475108277
2022-01-13,0.014643011495537483
2022-01-14,0.010920125012303439
2022-01-18,0.011422581653384056
2022-01-19,0.017539693486253838
2022-01-20,0.020293448793494817
2022-01-21,0.012295524660044244
2022-01-24,0.1725381234669704
2022-01-25,0.17082307558344123
2022-01-26,0.17163246445622893
2022-01-27,0.17219125234240784
2022-01-28,0.27430070067050594
2022-01-31,0.27351033583291595
2022-02-01,0.07247577485797241
2022-02-02,0.07178598621089183
2022-02-03,0.06481871972587028
2022-02-04,0.06469880146165041
2022-02-07,0.06431712748650231
2022-02-08,0.06475451107234198
2022-02-09,0.06435663187527207
2022-02-10,0.0649250090806357
2022-02-11,0.059484456734524294
2022-02-14,0.06061836675474708
2022-02-15,0.060331779374687255
2022-02-16,0.060413874934180156
2022-02-17,0.05761401918591835
2022-02-18,0.05784976501903538
2022-02-22,0.05836570012220199
2022-02-23,0.057837944611172754
2022-02-24,0.15984734279974588
2022-02-25,0.15464721665455328
2022-02-28,0.15447839435308663
2022-03-01,0.15370727134790252
2022-03-02,0.30455475432541634
2022-03-03,0.36214772740110346
2022-03-04,0.3582702742757422
2022-03-07,0.35840069643782746
2022-03-08,0.4155853081358222
2022-03-09,0.41537417580128655
2022-03-10,0.40927814731685463
2022-03-11,0.40873250382425963
2022-03-14,0.4130127659663594
2022-03-15,0.41175353367387735
2022-03-16,0.41306478472321817
2022-03-17,0.4078937203419317
2022-03-18,0.4069571058386433
2022-03-21,0.4033532643670352
2022-03-22,0.40485061716793747
2022-03-23,0.20416545992381896
2022-03-24,0.20226167979961585
2022-03-25,0.15546892725398465
2022-03-28,0.1574775672159484
2022-03-29,0.15785105776874087
2022-03-30,0.15767440694403745
2022-03-31,0.15831786348992383
2022-04-01,0.2102777653217368
2022-04-04,0.21195086707660393
2022-04-05,0.21378011920507567
2022-04-06,0.21145341124844863
2022-04-07,0.20859021732959482
2022-04-08,0.20523660999178894
2022-04-11,0.20971230297838628
2022-04-12,0.2076801070139488
2022-04-13,0.20506325312920093
2022-04-14,0.2028473424321826
2022-04-18,0.20343109455082364
2022-04-19,0.2037593462407542
2022-04-20,0.20293051387119965
2022-04-21,0.20836095417741762
2022-04-22,0.2658003069297896
2022-04-25,0.36004972530102586
2022-04-26,0.4555992445775211
2022-04-27,0.60930464004679
2022-04-28,0.6073559086983609
2022-04-29,0.6125962257303059
2022-05-02,0.6142390724985083
2022-05-03,0.6125619763788878
2022-05-04,0.6071716884814117
2022-05-05,0.6116455991863397
2022-05-06,0.6720506646553102
2022-05-09,0.6779908286171121
2022-05-10,0.7816687005814095
2022-05-11,0.8801980706932806
2022-05-12,0.8837988397579799
2022-05-13,0.9380110905450576
2022-05-16,0.9373677344431776
2022-05-17,0.9364141788277123
2022-05-18,0.9386553303798337
2022-05-19,0.9389283654942828
2022-05-20,0.9382586335227606
2022-05-23,0.9374035495517623
2022-05-24,0.9371940538671474
2022-05-25,0.9363569903150694
2022-05-26,0.9358319091472155
2022-05-27,0.9360925938189445
2022-05-31,0.9372193801164678
2022-06-01,0.9383808125937864
2022-06-02,0.9390326884306325
2022-06-03,1.0
2022-06-06,1.0
2022-06-07,1.0
2022-06-08,1.0
2022-06-09,1.0
2022-06-10,1.0
2022-06-13,1.0
2022-06-14,1.0
2022-06-15,1.0
2022-06-16,1.0
2022-06-17,1.0
2022-06-21,1.0
2022-06-22,1.0
2022-06-23,1.0
2022-06-24,1.0
2022-06-27,1.0
2022-06-28,1.0
2022-06-29,1.0
2022-06-30,1.0
2022-07-01,1.0
2022-07-05,1.0
2022-07-06,1.0
2022-07-07,1.0
2022-07-08,1.0
2022-07-11,1.0
2022-07-12,1.0
2022-07-13,1.0
2022-07-14,1.0
2022-07-15,1.0
2022-07-18,1.0
2022-07-19,1.0
2022-07-20,1.0
2022-07-21,1.0
2022-07-22,1.0
2022-07-25,1.0
2022-07-26,1.0
2022-07-27,1.0
2022-07-28,1.0
2022-07-29,1.0
2022-08-01,1.0
2022-08-02,1.0
2022-08-03,1.0
2022-08-04,1.0
2022-08-05,1.0
2022-08-08,1.0
2022-08-09,1.0
2022-08-10,1.0
2022-08-11,1.0
2022-08-12,1.0
2022-08-15,1.0
2022-08-16,1.0
2022-08-17,1.0
2022-08-18,1.0
2022-08-19,1.0
2022-08-22,1.0
2022-08-23,1.0
2022-08-24,1.0
2022-08-25,1.0
2022-08-26,1.0
2022-08-29,1.0
2022-08-30,1.0
2022-08-31,1.0
2022-09-01,1.0
2022-09-02,1.0
2022-09-06,1.0
2022-09-07,1.0
2022-09-08,1.0
2022-09-09,1.0
2022-09-12,1.0
2022-09-13,1.0
2022-09-14,1.0
2022-09-15,1.0
2022-09-16,1.0
2022-09-19,1.0
2022-09-20,1.0
2022-09-21,1.0
2022-09-22,1.0
2022-09-23,1.0
2022-09-26,1.0
2022-09-27,1.0
2022-09-28,1.0
2022-09-29,1.0
2022-09-30,1.0
2022-10-03,1.0
2022-10-04,1.0
2022-10-05,1.0
2022-10-06,1.0
2022-10-07,1.0
2022-10-10,1.0
2022-10-11,1.0
2022-10-12,1.0
2022-10-13,1.0
2022-10-14,1.0
2022-10-17,1.0
2022-10-18,1.0
2022-10-19,1.0
2022-10-20,1.0
2022-10-21,1.0
2022-10-24,1.0
2022-10-25,1.0
2022-10-26,1.0
2022-10-27,1.0
2022-10-28,1.0
2022-10-31,1.0
2022-11-01,1.0
2022-11-02,1.0
2022-11-03,1.0
2022-11-04,1.0
2022-11-07,1.0
2022-11-08,1.0
2022-11-09,1.0
2022-11-10,1.0
2022-11-11,1.0
2022-11-14,1.0
2022-11-15,1.0
2022-11-16,1.0
2022-11-17,1.0
2022-11-18,1.0
2022-11-21,1.0
2022-11-22,1.0
2022-11-23,1.0
2022-11-25,1.0
2022-11-28,1.0
2022-11-29,1.0
2022-11-30,1.0
2022-12-01,0.4998612549809195
2022-12-02,0.09894145389214215
2022-12-05,0.1015735332806702
2022-12-06,0.10203927688833703
2022-12-07,0.10259613262582734
2022-12-08,0.10155279738597367
2022-12-09,0.10276174155482043
2022-12-12,0.1012457010997635
2022-12-13,0.10096039600822948
2022-12-14,0.10197282254606732
2022-12-15,0.10468787400973889
2022-12-16,0.2989930563837361
2022-12-19,0.39712736764382983
2022-12-20,0.4935175831734464
2022-12-21,0.48891770947787105
2022-12-22,0.49303411060021074
2022-12-23,0.6877021634726874
2022-12-27,0.8905966106362623
2022-12-28,0.891764691162924
2022-12-29,0.8909578335077392
2022-12-30,0.891764691162924
2023-01-03,0.8954277399222158
2023-01-04,0.896355236178018
2023-01-05,1.0
2023-01-06,1.0
2023-01-09,1.0
2023-01-10,1.0
2023-01-11,1.0
2023-01-12,1.0
2023-01-13,1.0
2023-01-17,0.900069144582846
2023-01-18,0.7009473727303255
2023-01-19,0.704157797167671
2023-01-20,0.7052820433430022
2023-01-23,0.7049894837808066
2023-01-24,0.004368591589622439
2023-01-25,0.0043246866558924735
2023-01-26,0.004283810716751546
2023-01-27,0.004301171034635565
2023-01-30,0.004330566241285583
2023-01-31,0.004249878238195226
2023-02-01,0.004255916378193336
2023-02-02,0.004307531222356276
2023-02-03,0.004290955586200185
2023-02-06,0.004287593262223499
2023-02-07,0.004683583626273524
2023-02-08,0.09879140673661713
2023-02-09,0.09562008719413395
2023-02-10,0.09407943896141235
2023-02-13,0.0055243943761047465
2023-02-14,0.005539970831696106
2023-02-15,0.005514831270405418
2023-02-16,0.005555966621105468
2023-02-17,0.005627089165101129
2023-02-21,0.09320439453101725
2023-02-22,0.09346303483790519
2023-02-23,0.0934233576047786
2023-02-24,0.09117279496414732
2023-02-27,0.09073045892274179
2023-02-28,0.08517696750826442
2023-03-01,0.08461452968466399
2023-03-02,0.08392729241544683
2023-03-03,0.08299885291316478
2023-03-06,0.08327037414200134
2023-03-07,0.08364507012096101
2023-03-08,0.041904315919506274
2023-03-09,0.042694958235398484
2023-03-10,0.04392641104947803
2023-03-13,0.231306747670605
2023-03-14,0.43429518429838065
2023-03-15,0.44273311692211903
2023-03-16,0.6249039413375871
2023-03-17,0.12618310800895804
2023-03-20,0.1252960234308934
2023-03-21,0.02484166677416244
2023-03-22,0.025380294120580404
2023-03-23,0.02534688083239156
2023-03-24,0.025275785041421917
2023-03-27,0.025013891601800897
2023-03-28,0.025091566170338475
2023-03-29,0.024982169678707367
2023-03-30,0.027261662107858964
2023-03-31,0.026729550016375114
2023-04-03,0.02657910914911077
2023-04-04,0.02709370320296256
2023-04-05,0.07964328408971455
2023-04-06,0.07101787913087065
2023-04-10,0.07009992446931212
2023-04-11,0.06190443916812283
2023-04-12,0.06164368783144769
2023-04-13,0.06155609653958227
2023-04-14,0.061207020531888645
2023-04-17,0.060861541707963096
2023-04-18,0.05985448196027543
2023-04-19,0.12265938005590926
2023-04-20,0.12265434417042764
2023-04-21,0.022726873233144818
2023-04-24,0.022856166148765733
2023-04-25,0.016665641901381978
2023-04-26,0.007778572620581681
2023-04-27,0.0077338933458948045
2023-04-28,0.007704288357791467
2023-05-01,0.0035339844874882065
2023-05-02,0.003527942311860599
2023-05-03,0.003552455699437851
2023-05-04,0.0016692679691751033
2023-05-05,0.06583230977252641
2023-05-08,0.06514964878909113
2023-05-09,0.05466878629398575
2023-05-10,0.05446952013126005
2023-05-11,0.05458119450765553
2023-05-12,0.05510519175023121
2023-05-15,0.05290808041449124
2023-05-16,0.053640077312294254
2023-05-17,0.053131487161356294
2023-05-18,0.05233489682747139
2023-05-19,0.11269246681895018
2023-05-22,0.11282411498546818
2023-05-23,0.11560682898370211
2023-05-24,0.10467022442459706
2023-05-25,0.09580307704379099
2023-05-26,0.09305143143944872
2023-05-30,0.09360881056803894
2023-05-31,0.09410832867301244
2023-06-01,0.09293287229454872
2023-06-02,0.09117017162508811
2023-06-05,0.0913235434251255
2023-06-06,0.08916062695858729
2023-06-07,0.08926355300113431
2023-06-08,0.0889224715084177
2023-06-09,0.08822753949199869
2023-06-12,0.08801566450020992
2023-06-13,0.08735774753876369
2023-06-14,0.08803432112383391
2023-06-15,0.08734964888462515
2023-06-16,0.08240339525717744
2023-06-20,0.08252490414850455
2023-06-21,0.08204714557370762
2023-06-22,0.08169594081406062
2023-06-23,0.07194013278170897
2023-06-26,0.07248696620179096
2023-06-27,0.07174891666492145
2023-06-28,0.0670166047985028
2023-06-29,0.12260524963187625
2023-06-30,0.12152624253614941
2023-07-03,0.12453531880416624
2023-07-05,0.11350072733541627
2023-07-06,0.11658695679100028
2023-07-07,0.11159082813596222
2023-07-10,0.07886407895862624
2023-07-11,0.07817924515660635
2023-07-12,0.07688683132007534
2023-07-13,0.07584085068177626
2023-07-14,0.0757510447630173
2023-07-17,0.1311757514443611
2023-07-18,0.1296036999077479
2023-07-19,0.18877257980022077
2023-07-20,0.19215265914607593
2023-07-21,0.19233206833218897
2023-07-24,0.19229957533428843
2023-07-25,0.19048303653878174
2023-07-26,0.1904099474027815
2023-07-27,0.1897713050517511
2023-07-28,0.1876553129775077
2023-07-31,0.18655946210079366
2023-08-01,0.17513261467365082
2023-08-02,0.17860019110820557
2023-08-03,0.17988337804038224
2023-08-04,0.17965177283865963
2023-08-07,0.1778463265875856
2023-08-08,0.1793788801037386
2023-08-09,0.13897174757370312
2023-08-10,0.14510777103548989
2023-08-11,0.14548637386179597
2023-08-14,0.14475048864489826
2023-08-15,0.14555264619778352
2023-08-16,0.1422596847398755
2023-08-17,0.10348390445413147
2023-08-18,0.05830596265815158
2023-08-21,0.058319489363285015
2023-08-22,0.058313481486789276
2023-08-23,0.0577685812281058
2023-08-24,0.05866989758623409
2023-08-25,0.058540645892175336
2023-08-28,0.0577540115311489
2023-08-29,0.05663314701638267
2023-08-30,0.05666139445368945
2023-08-31,0.059943929514835514
2023-09-01,0.15825455598309124
2023-09-05,0.05972452462298994
2023-09-06,0.021918428500866893
2023-09-07,0.017476416764571123
2023-09-08,0.01813847006172742
2023-09-11,0.018070159629717475
2023-09-12,0.01820629982060995
2023-09-13,0.01829706016036059
2023-09-14,0.018640857423232404
2023-09-15,0.018872473696673442
2023-09-18,0.018886490991181004
2023-09-19,0.01897730616139992
2023-09-20,0.020182518041966024
2023-09-21,0.020442499512009937
2023-09-22,0.0870349259523705
2023-09-25,0.08862886522385127
2023-09-26,0.09001288035581112
2023-09-27,0.09091390863767501
2023-09-28,0.0890970021262163
2023-09-29,0.08950002000155621
2023-10-02,0.09057658893276366
2023-10-03,0.09168529390422986
2023-10-04,0.0908990961315338
2023-10-05,0.09140778744566469
2023-10-06,0.08690958468137422
2023-10-09,0.08538533120443659
2023-10-10,0.08481669268445968
2023-10-11,0.08421745945124692
2023-10-12,0.08487264782975878
2023-10-13,0.08534899729632728
2023-10-16,0.08399444685512791
2023-10-17,0.08360173853750796
2023-10-18,0.08464277322842528
2023-10-19,0.08585315868451782
2023-10-20,0.1723141086607476
2023-10-23,0.2682921982491273
2023-10-24,0.26492335410412127
2023-10-25,0.2673397822280019
2023-10-26,0.2691226130438862
2023-10-27,0.2705618067949628
2023-10-30,0.26881591517838166
2023-10-31,0.3668050466224436
2023-11-01,0.45849305899549686
2023-11-02,0.47133454167449584
2023-11-03,0.4433513884454987
2023-11-06,0.2007326027819576
2023-11-07,0.0006930309156341075
2023-11-08,0.000701086408507634
2023-11-09,0.0007040334130273829
2023-11-10,0.0006979192643332688
2023-11-13,0.0021691198302000725
2023-11-14,0.0021314477878884297
2023-11-15,0.0021473829335753036
2023-11-16,0.0024302880261642956
2023-11-17,0.0023943735925465726
2023-11-20,0.0026104886638548264
2023-11-21,0.0026147288917554024
2023-11-22,0.0026066000973899994
2023-11-24,0.06326097622117866
2023-11-27,0.06302867171892423
2023-11-28,0.0634454486115843
2023-11-29,0.04641901919332103
2023-11-30,0.03509399590496198
2023-12-01,0.03445727220699324
2023-12-04,0.034246653271324146
2023-12-05,0.034584760956356764
2023-12-06,0.03518280685441788
2023-12-07,0.03456560471292547
2023-12-08,0.09372741064259882
2023-12-11,0.09321676333734463
2023-12-12,0.09246857768192962
2023-12-13,0.09215735640750056
2023-12-14,0.14829699898973092
2023-12-15,0.14898940050341392
2023-12-18,0.14863331530405943
2023-12-19,0.14545533239561748
2023-12-20,0.14766354545441185
2023-12-21,0.14525926608167383
2023-12-22,0.14499635614271345
2023-12-26,0.144226621625276
2023-12-27,0.14374463782450075
2023-12-28,0.14420367175056392
2023-12-29,0.14529598437147184
2024-01-02,0.1389063075629372
2024-01-03,0.1422623714952177
2024-01-04,0.08611567615380378
2024-01-05,0.08164107200929926
2024-01-08,0.03830734716228057
2024-01-09,0.09455139400050716
2024-01-10,0.09448251450074174
2024-01-11,0.09535966586672451
2024-01-12,0.06744530624820311
2024-01-16,0.06776579881156863
2024-01-17,0.0677530805189206
2024-01-18,0.06724588018715749
2024-01-19,0.12595374427427575
2024-01-22,0.08285212739070047
2024-01-23,0.08384955794251181
2024-01-24,0.0842614785315422
2024-01-25,0.08357209651494246
2024-01-26,0.083220718185404
2024-01-29,0.08230278251897005
2024-01-30,0.08180962786133661
2024-01-31,0.08440010181992452
2024-02-01,0.07595235137823886
2024-02-02,0.07601515726517905
2024-02-05,0.07679424891205722
2024-02-06,0.06995162535443966
2024-02-07,0.06842156962959622
2024-02-08,0.06800238729241426
2024-02-09,0.06702859491936519
2024-02-12,0.06683972816508754
2024-02-13,0.06793408445906535
2024-02-14,0.06685170301921006
2024-02-15,0.06660791128027621
2024-02-16,0.0665965195818029
2024-02-20,0.06805848097329448
2024-02-21,0.06893220129787125
2024-02-22,0.022603545276111747
2024-02-23,0.022300218870082267
2024-02-26,0.022066014016885682
2024-02-27,0.021869059716973505
2024-02-28,0.021957838175129196
2024-02-29,0.02162518074603237
2024-03-01,0.06746718784471006
2024-03-04,0.1848833853535633
2024-03-05,0.18597663678089282
2024-03-06,0.18519830247583258
2024-03-07,0.1851109680246661
2024-03-08,0.24052599225652038
2024-03-11,0.2446268654647542
2024-03-12,0.22965063943017405
2024-03-13,0.22914560704380083
2024-03-14,0.23043856848385802
2024-03-15,0.21613669580505768
2024-03-18,0.2156301930640192
2024-03-19,0.21581048623531862
2024-03-20,0.21360622555945252
2024-03-21,0.2108736371105625
2024-03-22,0.21054442951710517
2024-03-25,0.21349862426764177
2024-03-26,0.2121437073749688
2024-03-27,0.1594612792962926
2024-03-28,0.2128035155862098
2024-04-01,0.21133394131114858
2024-04-02,0.21215960991957405
2024-04-03,0.20892634890130823
2024-04-04,0.21377831763352773
2024-04-05,0.21059111634281424
2024-04-08,0.21243080760211874
2024-04-09,0.1989951340129582
2024-04-10,0.1987228168493237
2024-04-11,0.14875419916683175
2024-04-12,0.09880515052450567
2024-04-15,0.0493602738539054
2024-04-16,0.048920523743003264
2024-04-17,0.04974710327907239
2024-04-18,0.0491305920376629
2024-04-19,0.046240453222825106
2024-04-22,0.04604614952608044
2024-04-23,0.044943723223054066
2024-04-24,0.04493657933995132
2024-04-25,0.04435060113414169
2024-04-26,0.04383974354789888
2024-04-29,0.043662589437666655
2024-04-30,0.044038264337788124
2024-05-01,0.03824152419071791
2024-05-02,0.037791515579552404
2024-05-03,0.03711570138971254
2024-05-06,0.036315058404565725
2024-05-07,0.03617292746374423
2024-05-08,0.03589963592113654
2024-05-09,0.03573426589415485
2024-05-10,0.03592426038246188
2024-05-13,0.0934843075477636
2024-05-14,0.09233052154293009
2024-05-15,0.09068985352089387
2024-05-16,0.1477280942587288
2024-05-17,0.1380185957592016
2024-05-20,0.1373703020384166
2024-05-21,0.13653605699293425
2024-05-22,0.1373251916519982
2024-05-23,0.12750536581978744
2024-05-24,0.1250338595366688
2024-05-28,0.12616918322921777
2024-05-29,0.1271410659081753
2024-05-30,0.11937674359547068
2024-05-31,0.12262060688083964
2024-06-03,0.12234915448554629
2024-06-04,0.12398470126538763
2024-06-05,0.11167879703220995
2024-06-06,0.11429092290835619
2024-06-07,0.10171240064302911
2024-06-10,0.07411892222165783
2024-06-11,0.0722558293575214
2024-06-12,0.07094145031927623
2024-06-13,0.07094438089873989
2024-06-14,0.07171614952942507
2024-06-17,0.07126771269878185
2024-06-18,0.07097864519781116
2024-06-20,0.05864350618733327
2024-06-21,0.05876719819377241
2024-06-24,0.05892690464370154
2024-06-25,0.05861234425176465
2024-06-26,0.0587577386214817
2024-06-27,0.05863189838335958
2024-06-28,0.05889449228654353
2024-07-01,0.05849420653441828
2024-07-02,0.05880298279740903
2024-07-03,0.054156639244441473
2024-07-05,0.05451550755958434
2024-07-08,0.05371982242035345
2024-07-09,0.05422386022745318
2024-07-10,0.05492065340716468
2024-07-11,0.04707778181323974
2024-07-12,0.047181597864469516
2024-07-15,0.04523097239963769
2024-07-16,0.04423417325053636
2024-07-17,0.1652708029260982
2024-07-18,0.05291748480199299
2024-07-19,0.05293930168127081
2024-07-22,0.005445877580861791
2024-07-23,0.0008009376071346219
2024-07-24,0.06269054521134432
2024-07-25,0.06406602366922742
2024-07-26,0.04748658541490969
2024-07-29,0.0596342711904837
2024-07-30,0.05962402240336062
2024-07-31,0.058872201232557986
2024-08-01,0.059821269299500046
2024-08-02,0.06212309818328232
2024-08-05,0.05221036217532482
2024-08-06,0.04869897173074356
2024-08-07,0.049503865311451345
2024-08-08,0.0482183974285979
2024-08-09,0.012183449710747363
2024-08-12,0.012294493571961995
2024-08-13,0.012235533637562246
2024-08-14,0.017440772088874068
2024-08-15,0.017140019669674045
2024-08-16,0.017007967657915124
2024-08-19,0.017665497064270674
2024-08-20,0.01793122282307935
2024-08-21,0.017690241816869845
2024-08-22,0.01772263407708674
2024-08-23,0.0172605931818387
2024-08-26,0.017371075250822487
2024-08-27,0.017397173142403966
2024-08-28,0.017492053661313456
2024-08-29,0.01750484208402403
2024-08-30,0.017869333947229116
2024-09-03,0.01856911095151559
2024-09-04,0.018587570089893535
2024-09-05,0.01871876077267376
2024-09-06,0.07098105327975701
2024-09-09,0.07154405897602178
2024-09-10,0.0715767642007048
2024-09-11,0.07137346464256167
2024-09-12,0.07008467642268112
2024-09-13,0.0695608504304952
2024-09-16,0.06967223595486727
2024-09-17,0.06980252439392953
2024-09-18,0.06996495585922957
2024-09-19,0.06959468396143964
2024-09-20,0.06064151874222212
2024-09-23,0.022605926360796502
2024-09-24,0.022409876707460752
2024-09-25,0.022602848484718385
2024-09-26,0.022731808656560215
2024-09-27,0.022682155405096216
2024-09-30,0.022656452013617434
2024-10-01,0.023489927391435073
2024-10-02,0.023508548249485117
2024-10-03,0.02356526709066442
2024-10-04,0.023389066012170057
2024-10-07,0.023423842548445206
2024-10-08,0.023338730509002814
2024-10-09,0.07865213318000719
2024-10-10,0.07869184347692748
2024-10-11,0.06980185648623183
2024-10-14,0.06951538924142431
2024-10-15,0.06627572647044278
2024-10-16,0.06574704641203144
2024-10-17,0.0657654816954879
2024-10-18,0.06540618745048266
2024-10-21,0.06498720364968724
2024-10-22,0.12103704778745983
2024-10-23,0.12155904880412816
2024-10-24,0.12293541018423959
2024-10-25,0.11924286935561623
2024-10-28,0.11874933999827741
2024-10-29,0.11860311589970007
2024-10-30,0.06966546754535596
2024-10-31,0.07114420217117123
2024-11-01,0.07043120825525095
2024-11-04,0.06485446623685709
2024-11-05,0.06317170288649576
2024-11-06,0.05965605410130037
2024-11-07,0.09914314505967714
2024-11-08,0.0973665308860655
2024-11-11,0.09644905054442743
2024-11-12,0.09742082528976492
2024-11-13,0.09996547064536454
2024-11-14,0.10174609941466528
2024-11-15,0.09408157955879681
2024-11-18,0.09303236352050481
2024-11-19,0.09100449742207395
2024-11-20,0.1433414590149764
2024-11-21,0.14215252988020433
2024-11-22,0.13954264470406375
2024-11-25,0.1384392600336869
2024-11-26,0.19523083816014875
2024-11-27,0.1947822731244384
2024-11-29,0.29761528987379193
2024-12-02,0.1968984077657897
2024-12-03,0.19713985230607056
2024-12-04,0.19734682578249707
2024-12-05,0.19845228952548977
2024-12-06,0.19859805091144966
2024-12-09,0.20292064519791342
2024-12-10,0.19281157244545233
2024-12-11,0.19165316286021838
2024-12-12,0.19269367832562545
2024-12-13,0.19450218692443255
2024-12-16,0.19456184015334865
2024-12-17,0.16349864434305938
2024-12-18,0.1202570887266452
2024-12-19,0.0435821821469774
2024-12-20,0.0430369141317849
2024-12-23,0.04331381570476389
2024-12-24,0.042409483847877905
2024-12-26,0.042157979652507116
2024-12-27,0.04287591159208748
2024-12-30,0.0433858627555499
2024-12-31,0.09926410389030027
2025-01-02,0.09974109451969704
2025-01-03,0.09771414157909797
2025-01-06,0.09800379552698202
2025-01-07,0.1003867289269762
2025-01-08,0.0863893625986536
2025-01-10,0.08888213801910516
2025-01-13,0.08178794595548333
2025-01-14,0.08369825572439471
2025-01-15,0.20802963425036047
2025-01-16,0.20777183300356128
2025-01-17,0.20773302170283003
2025-01-21,0.10596327248386872
2025-01-22,0.005795285579466847
2025-01-23,0.005748190298693667
2025-01-24,0.005737739042552481
2025-01-27,0.005895523499881095
2025-01-28,0.0779625423511594
2025-01-29,0.07815028036017568
2025-01-30,0.07758306731566977
2025-01-31,0.07862396735396748
2025-02-03,0.0791011078045013
2025-02-04,0.07867966823806583
2025-02-05,0.07758727203065963
2025-02-06,0.07754274931587468
2025-02-07,0.07015365502400428
2025-02-10,0.07043577392300016
2025-02-11,0.07100830438820493
2025-02-12,0.06422244222115503
2025-02-13,0.05683039707187787
2025-02-14,0.0558434908772909
2025-02-18,0.055857905250165096
2025-02-19,0.013013730711948668
2025-02-20,0.013194072849763705
2025-02-21,0.013729877653715694
2025-02-24,0.008571324938830172
2025-02-25,0.0005370730014998548
2025-02-26,0.08211701488810652
2025-02-27,0.08289298340562756
2025-02-28,0.08501161923872302
2025-03-03,0.08644706849778372
2025-03-04,0.09701747891092771
2025-03-05,0.09920289263065096
2025-03-06,0.057458065384544565
2025-03-07,0.05776573837797183
2025-03-10,0.04520040195811004
2025-03-11,0.1422178687622495
2025-03-12,0.37719422415902626
2025-03-13,0.4859233633780583
2025-03-14,0.582845124037369
2025-03-17,0.5808217379428965
2025-03-18,0.5826367844222895
2025-03-19,0.6907539127531337
2025-03-20,0.6903552144938843
2025-03-21,0.692235022910348
2025-03-24,0.6858204267401009
2025-03-25,0.4866626667548778
2025-03-26,0.38772742346028544
2025-03-27,0.3885301741101387
2025-03-28,0.49799678010599857
2025-03-31,0.5000110581824062
2025-04-01,0.7092892284554908
2025-04-02,0.7939679657562643
2025-04-03,0.7985466303511634
2025-04-04,0.8978226119152313
2025-04-07,0.9005103658783465
2025-04-08,0.9009026507429787
2025-04-09,0.898721399461919
2025-04-10,0.8999505466095878
2025-04-11,0.8992028732286796
2025-04-14,0.8968561677126639
2025-04-15,0.8970437344785279
2025-04-16,1.0
2025-04-17,1.0
2025-04-21,1.0
2025-04-22,1.0
2025-04-23,1.0
2025-04-24,1.0
2025-04-25,1.0
2025-04-28,1.0
2025-04-29,1.0
2025-04-30,1.0
2025-05-01,1.0
2025-05-02,1.0
2025-05-05,1.0
2025-05-06,1.0
2025-05-07,1.0
2025-05-08,1.0
2025-05-09,1.0
2025-05-12,1.0
2025-05-13,0.8000655258043657
2025-05-14,0.6017813513742118
2025-05-15,0.004604600545399462
2025-05-16,0.004548314338593151
2025-05-19,0.0045187116086730095
2025-05-20,0.004520413550162861
2025-05-21,0.0045455829895425515
2025-05-22,0.0045720402809951155
2025-05-23,0.004521240611418009
2025-05-27,0.004453902592784442
2025-05-28,0.004500598100727449
2025-05-29,0.00452046693510344
2025-05-30,0.00502969455250557
2025-06-02,0.005073312794185547
2025-06-03,0.005115377971115831
2025-06-04,0.005155969172432884
2025-06-05,0.09443132638469276
2025-06-06,0.08792678523382647
2025-06-09,0.08880858193917818
2025-06-10,0.08475888599785919
2025-06-11,0.08304049603021268
2025-06-12,0.08156336875276904
2025-06-13,0.08181332565686128
2025-06-16,0.03987775955289752
2025-06-17,0.04018445447849661
2025-06-18,0.040273151743087654
2025-06-20,0.039955252163517696
2025-06-23,0.0362620335803393
2025-06-24,0.03570248537760046
2025-06-25,0.036069184531095866
2025-06-26,0.027528937135563702
2025-06-27,0.02821064139933105
2025-06-30,0.027848179774108806
2025-07-01,0.02880595047552137
2025-07-02,0.028392950473793976
2025-07-03,0.09204455131597189
2025-07-07,0.09143400911953281
2025-07-08,0.09409602900243696
2025-07-09,0.09382665045763461
2025-07-10,0.09391277970399425
2025-07-11,0.0943881835267748
2025-07-14,0.08295146980856871
2025-07-15,0.08330903291572489
2025-07-16,0.08181923261805424
2025-07-17,0.08116626605302601
2025-07-18,0.13392557717004305
2025-07-21,0.20173118911163312
2025-07-22,0.20465420057625594
2025-07-23,0.18817355474975228
2025-07-24,0.18864540857484746
2025-07-25,0.1879401018413267
2025-07-28,0.1892155038833888
2025-07-29,0.177613225563226
2025-07-30,0.175374197212679
2025-07-31,0.17668550519252701
2025-08-01,0.17902180738074958
2025-08-04,0.17634991825390733
2025-08-05,0.17226132057544785
2025-08-06,0.17179006419539178
2025-08-07,0.12491668008856982
2025-08-08,0.11482882803427152
2025-08-11,0.11463887095455494
2025-08-12,0.11306067897441552
2025-08-13,0.11367141192428154
2025-08-14,0.06355440774023347
2025-08-15,0.0638197927055254
2025-08-18,0.06405404738551368
2025-08-19,0.05785406236296142
2025-08-20,0.04777647145383379
2025-08-21,0.04773182809766452
2025-08-22,0.04717266537354414
2025-08-25,0.046909882672359626
2025-08-26,0.04137931857276689
2025-08-27,0.0408845433058469
2025-08-28,0.040425664936200034
2025-08-29,0.04134669975162675
2025-09-02,0.03696671790238748
2025-09-03,0.03707913648099981
2025-09-04,0.03676908308556559
2025-09-05,0.09753584174265517
2025-09-08,0.043285464659328476
2025-09-09,0.04290614334397502
2025-09-10,0.04274773620690864
2025-09-11,0.04143627251940485
2025-09-12,0.10067280964822989
2025-09-15,0.09917600169951857
2025-09-16,0.09945848077347863
2025-09-17,0.09920929798993028
2025-09-18,0.0977500584369928
2025-09-19,0.09771212254151507
2025-09-22,0.09673645879863668
2025-09-23,0.09675402980222736
2025-09-24,0.0982543276214688
2025-09-25,0.09808786172626649
2025-09-26,0.09725060632017424
2025-09-29,0.09681750237963893
2025-09-30,0.0862188205613228
2025-10-01,0.08507247976783139
2025-10-02,0.07016032691481688
2025-10-03,0.0704968856491397
2025-10-06,0.07001232029049054
2025-10-07,0.07057358300176753
2025-10-08,0.06867045255008952
2025-10-09,0.12064383774757614
2025-10-10,0.07088688364200835
2025-10-13,0.061226525895015094
2025-10-14,0.06172404186871172
2025-10-15,0.06136450701247842
2025-10-16,0.06099435099083039
2025-10-17,0.061784582895479834
2025-10-20,0.06134779104055543
2025-10-21,0.11548606617641566
2025-10-22,0.10115002341082557
2025-10-23,0.09797615154059891
2025-10-24,0.14852263354259088
2025-10-27,0.20570992110456088
2025-10-28,0.20476841474738106
2025-10-29,0.20051584644424136
2025-10-30,0.2576544129434589
2025-10-31,0.2590937473480224
2025-11-03,0.2573074753011978
2025-11-04,0.24526452412935718
2025-11-05,0.24527508156081224
2025-11-06,0.23440685105503045
2025-11-07,0.23638139250519963
2025-11-10,0.23220064720743538
2025-11-11,0.23622999773292386
2025-11-12,0.2331666440297111
2025-11-13,0.231624125134542
2025-11-14,0.19054382979472106
2025-11-17,0.19154846364191258
2025-11-18,0.14213278019513542
2025-11-19,0.14455796595530923
2025-11-20,0.15153619041109545
2025-11-21,0.10608149872476413
2025-11-24,0.10212509397236713
2025-11-25,0.1015710859327511
2025-11-26,0.18979376423754357
2025-11-28,0.08872230693545291
2025-12-01,0.08986498813699739
2025-12-02,0.09000141299285702
2025-12-03,0.0902129895134196
2025-12-04,0.0896512761579551
2025-12-05,0.09069785655689333
2025-12-08,0.14625397298237564
2025-12-09,0.14830115471751437
2025-12-10,0.14691928659703513
2025-12-11,0.2347098729593533
2025-12-12,0.18770563438583776
2025-12-15,0.13152993125670864
2025-12-16,0.1247933700123709
2025-12-17,0.12707552319301652
2025-12-18,0.08193423485453444
2025-12-19,0.07954262779164223
2025-12-22,0.07913267695187753
2025-12-23,0.0790230272188227
2025-12-24,0.07900441893459975
2025-12-26,0.0790820693576123
2025-12-29,0.07999138244938431
2025-12-30,0.08023004971712233
2025-12-31,0.0811673970963418
2026-01-02,0.07935682237324371
2026-01-05,0.07911389522105894
2026-01-06,0.07637571767649487
2026-01-07,0.07714909420407834
2026-01-08,0.06354436638138339
2026-01-09,0.11902843365532478
2026-01-12,0.11706158759198282
2026-01-13,0.10334804556606836
2026-01-14,0.16314441991331885
2026-01-15,0.15886389924600308
2026-01-16,0.15953260665757218
2026-01-20,0.1581437780267556
2026-01-21,0.1534641252093203
2026-01-22,0.15336719439874058
2026-01-23,0.15566479154213475
2026-01-26,0.15469903562008736
2026-01-27,0.15039683491948563
2026-01-28,0.14394093505332672
2026-01-29,0.1929129332699362
2026-01-30,0.2510442353157105
2026-02-02,0.3001173797037333
2026-02-03,0.3458467501215736
2026-02-04,0.3539371222222657
2026-02-05,0.33952873125797034
2026-02-06,0.32746967141874617
2026-02-09,0.32429459760279766
2026-02-10,0.3302989066739289
2026-02-11,0.3277599735233838
2026-02-12,0.32965440016892966
2026-02-13,0.275885666128014
2026-02-17,0.21979985908228394
2026-02-18,0.21831826371293017
2026-02-19,0.218891123066419
2026-02-20,0.21589863926048525
2026-02-23,0.2171884666791819
2026-02-24,0.21607097999527547
2026-02-25,0.21032818280802223
2026-02-26,0.2151912786303809
2026-02-27,0.2136879657823536
2026-03-02,0.19625952446614503
2026-03-03,0.20464166862346578
2026-03-04,0.18989366758246573
2026-03-05,0.19693732368247818
2026-03-06,0.20358478073885378
2026-03-09,0.10545311034132943
2026-03-10,0.10438944470184064
2026-03-11,0.10103924215765292
2026-03-12,0.10358088638165508
2026-03-13,0.09432236072707978
2026-03-16,0.09278699719965133
2026-03-17,0.09230021166472946
2026-03-18,0.09141085986120445
2026-03-19,0.08975298982222957
2026-03-20,0.09411246182363253
2026-03-23,0.38257037247706516
2026-03-24,0.37440213314020954
2026-03-25,0.4622166295198866
2026-03-26,0.5850645536655875
2026-03-27,0.5814882753615476
2026-03-30,0.5995592377746525
2026-03-31,0.7211381582625783
2026-04-01,0.7095623458211002
2026-04-02,0.6988409148563521
2026-04-06,0.7066861321606821
2026-04-07,0.7972738350793883
2026-04-08,0.781343568680271
2026-04-09,0.7826206100415923
2026-04-10,0.7808863098333896
2026-04-13,0.7861774685886324
2026-04-14,0.7901736561999373
2026-04-15,0.7916982446612442
2026-04-16,0.7816359083963459
2026-04-17,0.7793480717624623
2026-04-20,0.7799219737753159
2026-04-21,0.6846272477221214
2026-04-22,0.48525560718587935
2026-04-23,0.38680697662248265
2026-04-24,0.08665188068927099
2026-04-27,0.0866427608728394
2026-04-28,0.0887933867459062
2026-04-29,0.08918839256559874
2026-04-30,0.07899271120631446
2026-05-01,0.07901262517347962
2026-05-04,0.07964723300587984
2026-05-05,0.07782759836517383
2026-05-06,0.0765457559447662
2026-05-07,0.07856507641064181
2026-05-08,0.07699686021801622
2026-05-11,0.0750747777394627
2026-05-12,0.06068585626077183
2026-05-13,0.05975519681874486
2026-05-14,0.05333562983253071
2026-05-15,0.04348935224622341
2026-05-18,0.03637458684325323
2026-05-19,0.03086130412628585
2026-05-20,0.030290193640928442
2026-05-21,0.029039121765449316
2026-05-22,0.0289148431670867
2026-05-26,0.028220294125760326
2026-05-27,0.02818866266385356
2026-05-28,0.028623591932639525
2026-05-29,0.029071239313568586
2026-06-01,0.0340363597893677
2026-06-02,0.03266206338602662
2026-06-03,0.08647666104737262
2026-06-04,0.08831290921558188
2026-06-05,0.09495548747857552
2026-06-08,0.09716369474649944
2026-06-09,0.09550070621209927
2026-06-10,0.034224359541949356
2026-06-11,0.03188777143479615
2026-06-12,0.09108439134673174
2026-06-15,0.11431933646185566
2026-06-16,0.11728773342582055
2026-06-17,0.11655327341432276
2026-06-18,0.1120926256638699
2026-06-22,0.11140760197236188
2026-06-23,0.11618432399691037
2026-06-24,0.17511131829691695
2026-06-25,0.15027191046183608
2026-06-26,0.15597936587835592
2026-06-29,0.15051541269276303
2026-06-30,0.1476721507398484
2026-07-01,0.13759241431934877
2026-07-02,0.14968103215070816
2026-07-06,0.10699005751643165
2026-07-07,0.11213936673022884
2026-07-08,0.05123133583038875
2026-07-09,0.049934478585604625
2026-07-10,0.04967750617104816
2026-07-13,0.05029006728675878
2026-07-14,0.05003810236404249
2026-07-15,0.05031085786435974
2026-07-16,0.0048473712435317395
2026-07-17,0.05472546433136527
2026-07-20,0.04867022961572853
2026-07-21,0.04819346149199488
2026-07-22,0.04874497056345173
2026-07-23,0.049352429275879794
2026-07-24,0.04205315718846636
2026-07-27,0.0418283735606787
2026-07-28,0.0366912224097532
2026-07-29,0.037142835049489675
2026-07-30,0.03740160169958473
2026-07-31,0.039252517819183486
2026-08-03,0.03934656526211788
2026-08-04,0.03918121957128573
2026-08-05,0.03928997236233811
2026-08-06,0.040366899268207024
2026-08-07,0.07593300727202679
2026-08-10,0.07621432907721226
2026-08-11,0.08862277326271573
2026-08-12,0.08696334328304622
2026-08-13,0.08627402046951982
2026-08-14,0.08671909131029099
2026-08-17,0.08537252940256879
2026-08-18,0.07552668776723603
2026-08-19,0.07698369744597777
2026-08-20,0.07731543765395632
2026-08-21,0.07626343237359312
2026-08-24,0.07819062196723525
2026-08-25,0.0780414154630853
2026-08-26,0.07674335197481774
2026-08-27,0.07625638780106248
