date,cash_fraction
2007-01-03,1.0
2007-01-04,1.0
2007-01-05,1.0
2007-01-08,1.0
2007-01-09,1.0
2007-01-10,1.0
2007-01-11,1.0
2007-01-12,1.0
2007-01-16,1.0
2007-01-17,1.0
2007-01-18,1.0
2007-01-19,1.0
2007-01-22,1.0
2007-01-23,1.0
2007-01-24,1.0
2007-01-25,1.0
2007-01-26,1.0
2007-01-29,1.0
2007-01-30,1.0
2007-01-31,1.0
2007-02-01,1.0
2007-02-02,1.0
2007-02-05,1.0
2007-02-06,1.0
2007-02-07,1.0
2007-02-08,1.0
2007-02-09,1.0
2007-02-12,1.0
2007-02-13,1.0
2007-02-14,1.0
2007-02-15,1.0
2007-02-16,1.0
2007-02-20,1.0
2007-02-21,1.0
2007-02-22,1.0
2007-02-23,1.0
2007-02-26,1.0
2007-02-27,1.0
2007-02-28,1.0
2007-03-01,1.0
2007-03-02,1.0
2007-03-05,1.0
2007-03-06,1.0
2007-03-07,1.0
2007-03-08,1.0
2007-03-09,1.0
2007-03-12,1.0
2007-03-13,1.0
2007-03-14,1.0
2007-03-15,1.0
2007-03-16,1.0
2007-03-19,0.9001505122532518
2007-03-20,0.9014419540143873
2007-03-21,0.9032876531151611
2007-03-22,0.8025226566332015
2007-03-23,0.8014443554099285
2007-03-26,0.8008990416898557
2007-03-27,0.8044930246201677
2007-03-28,0.8068371611561462
2007-03-29,0.8057100865751532
2007-03-30,0.8038463984503532
2007-04-02,0.7038153460876084
2007-04-03,0.7029139968733891
2007-04-04,0.7062666937602826
2007-04-05,0.7057421988385509
2007-04-09,0.7060502036918557
2007-04-10,0.797933076226597
2007-04-11,0.7981366706490081
2007-04-12,0.792313075144129
2007-04-13,0.691673733539975
2007-04-16,0.6904693589904924
2007-04-17,0.6887217778504973
2007-04-18,0.6892956654713684
2007-04-19,0.6927575993302029
2007-04-20,0.6924346397288943
2007-04-23,0.6905280114204234
2007-04-24,0.6920169565091958
2007-04-25,0.6897748199046427
2007-04-26,0.6857715246518867
2007-04-27,0.6855516621798803
2007-04-30,0.68711355275376
2007-05-01,0.6881870289453226
2007-05-02,0.6865785779643017
2007-05-03,0.685816499457095
2007-05-04,0.6835979684856255
2007-05-07,0.684403319374944
2007-05-08,0.6874233905664311
2007-05-09,0.5888084718999289
2007-05-10,0.6914628836161099
2007-05-11,0.6900264155483739
2007-05-14,0.6915540934344377
2007-05-15,0.6935357660519028
2007-05-16,0.6912156399799335
2007-05-17,0.6918541843852275
2007-05-18,0.6901448908897523
2007-05-21,0.5886081827094798
2007-05-22,0.5874261951352708
2007-05-23,0.5862319924048807
2007-05-24,0.5898449543843747
2007-05-25,0.588149264351985
2007-05-29,0.5860613309308861
2007-05-30,0.5854566066668119
2007-05-31,0.4839324908714817
2007-06-01,0.48184914521397826
2007-06-04,0.48036087131763017
2007-06-05,0.48227691231392333
2007-06-06,0.4879919652838337
2007-06-07,0.5974403393113633
2007-06-08,0.6839740431482353
2007-06-11,0.6837537735723719
2007-06-12,0.6845285586757355
2007-06-13,0.681707117121836
2007-06-14,0.7801397153776679
2007-06-15,0.5801622828746112
2007-06-18,0.5790293836605129
2007-06-19,0.5796700561080439
2007-06-20,0.5818347900239986
2007-06-21,0.5783582095570285
2007-06-22,0.5826319278336864
2007-06-25,0.5837153956479111
2007-06-26,0.5819571970405322
2007-06-27,0.5775173354693242
2007-06-28,0.579120333591579
2007-06-29,0.5797764647363457
2007-07-02,0.5752380502476073
2007-07-03,0.5788037806065737
2007-07-05,0.5768986996300961
2007-07-06,0.576753666613784
2007-07-09,0.4767915142876581
2007-07-10,0.4810147926147308
2007-07-11,0.48008278856241504
2007-07-12,0.47666019271406823
2007-07-13,0.4766437371979133
2007-07-16,0.4776201134156398
2007-07-17,0.5743155424288096
2007-07-18,0.6746820073112512
2007-07-19,0.6729885350863396
2007-07-20,0.6779222314246995
2007-07-23,0.7792780015998436
2007-07-24,0.7817088393144329
2007-07-25,0.7855700060947094
2007-07-26,0.8871952783171925
2007-07-27,1.0
2007-07-30,1.0
2007-07-31,1.0
2007-08-01,1.0
2007-08-02,1.0
2007-08-03,1.0
2007-08-06,1.0
2007-08-07,1.0
2007-08-08,1.0
2007-08-09,1.0
2007-08-10,1.0
2007-08-13,1.0
2007-08-14,1.0
2007-08-15,1.0
2007-08-16,1.0
2007-08-17,1.0
2007-08-20,1.0
2007-08-21,1.0
2007-08-22,1.0
2007-08-23,1.0
2007-08-24,1.0
2007-08-27,1.0
2007-08-28,1.0
2007-08-29,1.0
2007-08-30,1.0
2007-08-31,1.0
2007-09-04,1.0
2007-09-05,1.0
2007-09-06,1.0
2007-09-07,1.0
2007-09-10,1.0
2007-09-11,0.9002618414696685
2007-09-12,0.9012343701158397
2007-09-13,0.8958770806966668
2007-09-14,0.8939058249220946
2007-09-17,0.8952933555662135
2007-09-18,0.7948362220601594
2007-09-19,0.7941348370791771
2007-09-20,0.7944149016934443
2007-09-21,0.7963111886334868
2007-09-24,0.796637566702036
2007-09-25,0.7991900798899452
2007-09-26,0.797318086926714
2007-09-27,0.7979314264186619
2007-09-28,0.8000124302942238
2007-10-01,0.795685841141915
2007-10-02,0.7956959754703619
2007-10-03,0.795153696685276
2007-10-04,0.7940964666384493
2007-10-05,0.7925709707505137
2007-10-08,0.7930798754401363
2007-10-09,0.7915012612986626
2007-10-10,0.7917612281932824
2007-10-11,0.7942369006868675
2007-10-12,0.792852590203948
2007-10-15,0.7953029050766953
2007-10-16,0.7955237071820997
2007-10-17,0.8909400808842932
2007-10-18,0.8912302502323953
2007-10-19,0.8918622671025522
2007-10-22,0.8925465156434769
2007-10-23,0.8909230710927065
2007-10-24,0.8906161147688666
2007-10-25,0.8890506119518775
2007-10-26,0.8883716666393878
2007-10-29,0.8871691181691758
2007-10-30,0.8871691181691758
2007-10-31,0.886206015258147
2007-11-01,0.88747368050704
2007-11-02,0.8874398704725477
2007-11-05,0.8863411045913824
2007-11-06,0.7863344683539197
2007-11-07,0.78994783459772
2007-11-08,0.7866066045222327
2007-11-09,0.7907981364736882
2007-11-12,0.7919496216454196
2007-11-13,0.7904595674140777
2007-11-14,0.7910022042799126
2007-11-15,0.7915724734400241
2007-11-16,0.790681281887673
2007-11-19,0.8848425810383651
2007-11-20,0.8850513010690644
2007-11-21,0.8870564652890582
2007-11-23,0.8863753883651337
2007-11-26,0.8879485445579101
2007-11-27,0.8868293048472108
2007-11-28,0.8859393942360201
2007-11-29,0.8852774849472466
2007-11-30,0.8850686693113424
2007-12-03,0.8827089180454838
2007-12-04,0.8823629809553163
2007-12-05,0.883263048143797
2007-12-06,0.8819309242103193
2007-12-07,0.882138283718415
2007-12-10,0.8791413498494922
2007-12-11,0.8770351043591621
2007-12-12,0.879553512961618
2007-12-13,0.8798113290024477
2007-12-14,0.8804134039124819
2007-12-17,0.8828301317558293
2007-12-18,0.8827089180454838
2007-12-19,0.884408071042783
2007-12-20,0.8845123273514901
2007-12-21,0.8823629809553163
2007-12-24,0.881879069322227
2007-12-26,0.8826224358847138
2007-12-27,0.8838178191734131
2007-12-28,0.8832803462709613
2007-12-31,0.8843038393082882
2008-01-02,0.8857128498597115
2008-01-03,1.0
2008-01-04,1.0
2008-01-07,1.0
2008-01-08,1.0
2008-01-09,1.0
2008-01-10,1.0
2008-01-11,1.0
2008-01-14,1.0
2008-01-15,1.0
2008-01-16,1.0
2008-01-17,1.0
2008-01-18,1.0
2008-01-22,1.0
2008-01-23,1.0
2008-01-24,1.0
2008-01-25,1.0
2008-01-28,1.0
2008-01-29,1.0
2008-01-30,1.0
2008-01-31,1.0
2008-02-01,1.0
2008-02-04,1.0
2008-02-05,1.0
2008-02-06,1.0
2008-02-07,1.0
2008-02-08,1.0
2008-02-11,1.0
2008-02-12,1.0
2008-02-13,1.0
2008-02-14,1.0
2008-02-15,1.0
2008-02-19,1.0
2008-02-20,1.0
2008-02-21,1.0
2008-02-22,1.0
2008-02-25,1.0
2008-02-26,1.0
2008-02-27,1.0
2008-02-28,1.0
2008-02-29,1.0
2008-03-03,1.0
2008-03-04,1.0
2008-03-05,1.0
2008-03-06,1.0
2008-03-07,1.0
2008-03-10,1.0
2008-03-11,1.0
2008-03-12,1.0
2008-03-13,1.0
2008-03-14,1.0
2008-03-17,1.0
2008-03-18,1.0
2008-03-19,1.0
2008-03-20,1.0
2008-03-24,1.0
2008-03-25,1.0
2008-03-26,1.0
2008-03-27,1.0
2008-03-28,1.0
2008-03-31,1.0
2008-04-01,1.0
2008-04-02,1.0
2008-04-03,1.0
2008-04-04,1.0
2008-04-07,1.0
2008-04-08,1.0
2008-04-09,1.0
2008-04-10,1.0
2008-04-11,1.0
2008-04-14,1.0
2008-04-15,1.0
2008-04-16,1.0
2008-04-17,1.0
2008-04-18,1.0
2008-04-21,1.0
2008-04-22,1.0
2008-04-23,1.0
2008-04-24,1.0
2008-04-25,1.0
2008-04-28,1.0
2008-04-29,1.0
2008-04-30,1.0
2008-05-01,1.0
2008-05-02,1.0
2008-05-05,1.0
2008-05-06,1.0
2008-05-07,1.0
2008-05-08,1.0
2008-05-09,1.0
2008-05-12,1.0
2008-05-13,1.0
2008-05-14,1.0
2008-05-15,1.0
2008-05-16,1.0
2008-05-19,1.0
2008-05-20,1.0
2008-05-21,1.0
2008-05-22,1.0
2008-05-23,1.0
2008-05-27,1.0
2008-05-28,1.0
2008-05-29,1.0
2008-05-30,1.0
2008-06-02,1.0
2008-06-03,1.0
2008-06-04,1.0
2008-06-05,1.0
2008-06-06,1.0
2008-06-09,1.0
2008-06-10,1.0
2008-06-11,1.0
2008-06-12,1.0
2008-06-13,1.0
2008-06-16,1.0
2008-06-17,1.0
2008-06-18,1.0
2008-06-19,1.0
2008-06-20,1.0
2008-06-23,1.0
2008-06-24,1.0
2008-06-25,1.0
2008-06-26,1.0
2008-06-27,1.0
2008-06-30,1.0
2008-07-01,1.0
2008-07-02,1.0
2008-07-03,1.0
2008-07-07,1.0
2008-07-08,1.0
2008-07-09,1.0
2008-07-10,1.0
2008-07-11,1.0
2008-07-14,1.0
2008-07-15,1.0
2008-07-16,1.0
2008-07-17,1.0
2008-07-18,1.0
2008-07-21,1.0
2008-07-22,1.0
2008-07-23,1.0
2008-07-24,1.0
2008-07-25,1.0
2008-07-28,1.0
2008-07-29,1.0
2008-07-30,1.0
2008-07-31,1.0
2008-08-01,1.0
2008-08-04,1.0
2008-08-05,1.0
2008-08-06,1.0
2008-08-07,1.0
2008-08-08,1.0
2008-08-11,1.0
2008-08-12,1.0
2008-08-13,1.0
2008-08-14,1.0
2008-08-15,1.0
2008-08-18,1.0
2008-08-19,1.0
2008-08-20,1.0
2008-08-21,1.0
2008-08-22,1.0
2008-08-25,1.0
2008-08-26,1.0
2008-08-27,1.0
2008-08-28,1.0
2008-08-29,1.0
2008-09-02,1.0
2008-09-03,1.0
2008-09-04,1.0
2008-09-05,1.0
2008-09-08,1.0
2008-09-09,1.0
2008-09-10,1.0
2008-09-11,1.0
2008-09-12,1.0
2008-09-15,1.0
2008-09-16,1.0
2008-09-17,1.0
2008-09-18,1.0
2008-09-19,1.0
2008-09-22,1.0
2008-09-23,1.0
2008-09-24,1.0
2008-09-25,1.0
2008-09-26,1.0
2008-09-29,1.0
2008-09-30,1.0
2008-10-01,1.0
2008-10-02,1.0
2008-10-03,1.0
2008-10-06,1.0
2008-10-07,1.0
2008-10-08,1.0
2008-10-09,1.0
2008-10-10,1.0
2008-10-13,1.0
2008-10-14,1.0
2008-10-15,1.0
2008-10-16,1.0
2008-10-17,1.0
2008-10-20,1.0
2008-10-21,1.0
2008-10-22,1.0
2008-10-23,1.0
2008-10-24,1.0
2008-10-27,1.0
2008-10-28,1.0
2008-10-29,1.0
2008-10-30,1.0
2008-10-31,1.0
2008-11-03,1.0
2008-11-04,1.0
2008-11-05,1.0
2008-11-06,1.0
2008-11-07,1.0
2008-11-10,1.0
2008-11-11,1.0
2008-11-12,1.0
2008-11-13,1.0
2008-11-14,1.0
2008-11-17,1.0
2008-11-18,1.0
2008-11-19,1.0
2008-11-20,1.0
2008-11-21,1.0
2008-11-24,1.0
2008-11-25,1.0
2008-11-26,1.0
2008-11-28,1.0
2008-12-01,1.0
2008-12-02,1.0
2008-12-03,1.0
2008-12-04,1.0
2008-12-05,1.0
2008-12-08,1.0
2008-12-09,1.0
2008-12-10,1.0
2008-12-11,1.0
2008-12-12,1.0
2008-12-15,1.0
2008-12-16,1.0
2008-12-17,1.0
2008-12-18,1.0
2008-12-19,1.0
2008-12-22,1.0
2008-12-23,1.0
2008-12-24,1.0
2008-12-26,1.0
2008-12-29,1.0
2008-12-30,1.0
2008-12-31,1.0
2009-01-02,1.0
2009-01-05,1.0
2009-01-06,1.0
2009-01-07,1.0
2009-01-08,1.0
2009-01-09,1.0
2009-01-12,1.0
2009-01-13,1.0
2009-01-14,1.0
2009-01-15,1.0
2009-01-16,1.0
2009-01-20,1.0
2009-01-21,1.0
2009-01-22,1.0
2009-01-23,1.0
2009-01-26,1.0
2009-01-27,1.0
2009-01-28,1.0
2009-01-29,1.0
2009-01-30,1.0
2009-02-02,1.0
2009-02-03,1.0
2009-02-04,1.0
2009-02-05,1.0
2009-02-06,1.0
2009-02-09,1.0
2009-02-10,1.0
2009-02-11,1.0
2009-02-12,1.0
2009-02-13,1.0
2009-02-17,1.0
2009-02-18,1.0
2009-02-19,1.0
2009-02-20,1.0
2009-02-23,1.0
2009-02-24,1.0
2009-02-25,1.0
2009-02-26,1.0
2009-02-27,1.0
2009-03-02,1.0
2009-03-03,1.0
2009-03-04,1.0
2009-03-05,1.0
2009-03-06,1.0
2009-03-09,1.0
2009-03-10,1.0
2009-03-11,1.0
2009-03-12,1.0
2009-03-13,1.0
2009-03-16,1.0
2009-03-17,1.0
2009-03-18,1.0
2009-03-19,1.0
2009-03-20,1.0
2009-03-23,1.0
2009-03-24,1.0
2009-03-25,1.0
2009-03-26,1.0
2009-03-27,1.0
2009-03-30,1.0
2009-03-31,1.0
2009-04-01,1.0
2009-04-02,1.0
2009-04-03,1.0
2009-04-06,1.0
2009-04-07,1.0
2009-04-08,1.0
2009-04-09,1.0
2009-04-13,1.0
2009-04-14,1.0
2009-04-15,1.0
2009-04-16,1.0
2009-04-17,1.0
2009-04-20,1.0
2009-04-21,1.0
2009-04-22,1.0
2009-04-23,1.0
2009-04-24,1.0
2009-04-27,1.0
2009-04-28,1.0
2009-04-29,1.0
2009-04-30,1.0
2009-05-01,1.0
2009-05-04,1.0
2009-05-05,1.0
2009-05-06,1.0
2009-05-07,1.0
2009-05-08,1.0
2009-05-11,1.0
2009-05-12,1.0
2009-05-13,1.0
2009-05-14,1.0
2009-05-15,1.0
2009-05-18,1.0
2009-05-19,1.0
2009-05-20,1.0
2009-05-21,1.0
2009-05-22,1.0
2009-05-26,1.0
2009-05-27,1.0
2009-05-28,1.0
2009-05-29,1.0
2009-06-01,1.0
2009-06-02,1.0
2009-06-03,1.0
2009-06-04,1.0
2009-06-05,1.0
2009-06-08,1.0
2009-06-09,1.0
2009-06-10,1.0
2009-06-11,1.0
2009-06-12,1.0
2009-06-15,1.0
2009-06-16,1.0
2009-06-17,1.0
2009-06-18,1.0
2009-06-19,1.0
2009-06-22,1.0
2009-06-23,1.0
2009-06-24,1.0
2009-06-25,1.0
2009-06-26,1.0
2009-06-29,1.0
2009-06-30,1.0
2009-07-01,1.0
2009-07-02,1.0
2009-07-06,1.0
2009-07-07,1.0
2009-07-08,1.0
2009-07-09,1.0
2009-07-10,1.0
2009-07-13,1.0
2009-07-14,1.0
2009-07-15,1.0
2009-07-16,1.0
2009-07-17,1.0
2009-07-20,1.0
2009-07-21,1.0
2009-07-22,1.0
2009-07-23,1.0
2009-07-24,1.0
2009-07-27,1.0
2009-07-28,1.0
2009-07-29,1.0
2009-07-30,1.0
2009-07-31,1.0
2009-08-03,1.0
2009-08-04,1.0
2009-08-05,1.0
2009-08-06,1.0
2009-08-07,1.0
2009-08-10,1.0
2009-08-11,1.0
2009-08-12,1.0
2009-08-13,1.0
2009-08-14,1.0
2009-08-17,1.0
2009-08-18,1.0
2009-08-19,1.0
2009-08-20,1.0
2009-08-21,0.900161371425036
2009-08-24,0.9034443772153992
2009-08-25,0.903274605290601
2009-08-26,0.9033425011362038
2009-08-27,0.9032067020988997
2009-08-28,0.9039202083809599
2009-08-31,0.9052142488442639
2009-09-01,0.90644361773685
2009-09-02,1.0
2009-09-03,1.0
2009-09-04,1.0
2009-09-08,0.9000667773592168
2009-09-09,0.8976996080782957
2009-09-10,0.897806932375682
2009-09-11,0.898575200467504
2009-09-14,0.8976049717687368
2009-09-15,0.8960462216444784
2009-09-16,0.8949476482439283
2009-09-17,0.8963145880057091
2009-09-18,0.8965831021491415
2009-09-21,0.8959121117169446
2009-09-22,0.8952956656366325
2009-09-23,0.8972013099813866
2009-09-24,0.8987370928563367
2009-09-25,0.9004948463845439
2009-09-28,0.8979012261256688
2009-09-29,0.8979550919793766
2009-09-30,0.896368263654397
2009-10-01,0.9018788565798951
2009-10-02,0.9040583988706141
2009-10-05,1.0
2009-10-06,1.0
2009-10-07,0.9001590729121488
2009-10-08,0.8997917007658518
2009-10-09,0.8998250917366721
2009-10-12,0.9009615930315173
2009-10-13,0.8999920594477664
2009-10-14,0.8983585204547911
2009-10-15,0.8954066467847707
2009-10-16,0.894580974442671
2009-10-19,0.8955719946923418
2009-10-20,0.8965320475213722
2009-10-21,0.8972617818134364
2009-10-22,0.895770446222063
2009-10-23,0.8971953661447919
2009-10-26,0.9003261321462648
2009-10-27,0.9032096910346068
2009-10-28,0.9056042156590374
2009-10-29,1.0
2009-10-30,1.0
2009-11-02,1.0
2009-11-03,1.0
2009-11-04,1.0
2009-11-05,1.0
2009-11-06,1.0
2009-11-09,1.0
2009-11-10,1.0
2009-11-11,1.0
2009-11-12,1.0
2009-11-13,1.0
2009-11-16,1.0
2009-11-17,0.8999998375967743
2009-11-18,0.9004384246028899
2009-11-19,0.9032446960241449
2009-11-20,0.9042208748324181
2009-11-23,0.9031895061598267
2009-11-24,0.9029136695551707
2009-11-25,0.9026011950724373
2009-11-27,0.9044237486972468
2009-11-30,1.0
2009-12-01,1.0
2009-12-02,1.0
2009-12-03,1.0
2009-12-04,1.0
2009-12-07,1.0
2009-12-08,1.0
2009-12-09,1.0
2009-12-10,1.0
2009-12-11,1.0
2009-12-14,1.0
2009-12-15,1.0
2009-12-16,1.0
2009-12-17,1.0
2009-12-18,0.900072248872063
2009-12-21,0.8976408027006593
2009-12-22,0.895563387858905
2009-12-23,0.8938613086253806
2009-12-24,0.8937828934183945
2009-12-28,0.8925303714028882
2009-12-29,0.8912033816701036
2009-12-30,0.8920095151341153
2009-12-31,0.8923349727186243
2010-01-04,0.890969624215156
2010-01-05,0.8913852733594193
2010-01-06,0.8915542529730871
2010-01-07,0.8919834665630512
2010-01-08,0.891840362917675
2010-01-11,0.8924912787534786
2010-01-12,0.8995292844929671
2010-01-13,0.8992514832237162
2010-01-14,0.8983397988935324
2010-01-15,0.8990795837876744
2010-01-19,0.897930812631726
2010-01-20,0.8991853594880579
2010-01-21,0.9013992102213444
2010-01-22,1.0
2010-01-25,1.0
2010-01-26,1.0
2010-01-27,1.0
2010-01-28,1.0
2010-01-29,1.0
2010-02-01,1.0
2010-02-02,1.0
2010-02-03,1.0
2010-02-04,1.0
2010-02-05,1.0
2010-02-08,1.0
2010-02-09,1.0
2010-02-10,1.0
2010-02-11,1.0
2010-02-12,1.0
2010-02-16,1.0
2010-02-17,0.9000456377627699
2010-02-18,0.8999098678909211
2010-02-19,0.9009423212185764
2010-02-22,0.9013777302230015
2010-02-23,0.9032056371750251
2010-02-24,0.9026832566855925
2010-02-25,0.9038939044763992
2010-02-26,1.0
2010-03-01,1.0
2010-03-02,1.0
2010-03-03,1.0
2010-03-04,1.0
2010-03-05,1.0
2010-03-08,1.0
2010-03-09,1.0
2010-03-10,1.0
2010-03-11,1.0
2010-03-12,1.0
2010-03-15,1.0
2010-03-16,1.0
2010-03-17,1.0
2010-03-18,1.0
2010-03-19,1.0
2010-03-22,1.0
2010-03-23,1.0
2010-03-24,1.0
2010-03-25,1.0
2010-03-26,1.0
2010-03-29,1.0
2010-03-30,1.0
2010-03-31,1.0
2010-04-01,1.0
2010-04-05,1.0
2010-04-06,1.0
2010-04-07,1.0
2010-04-08,1.0
2010-04-09,1.0
2010-04-12,1.0
2010-04-13,1.0
2010-04-14,1.0
2010-04-15,1.0
2010-04-16,1.0
2010-04-19,1.0
2010-04-20,1.0
2010-04-21,1.0
2010-04-22,1.0
2010-04-23,1.0
2010-04-26,1.0
2010-04-27,1.0
2010-04-28,1.0
2010-04-29,1.0
2010-04-30,1.0
2010-05-03,1.0
2010-05-04,1.0
2010-05-05,1.0
2010-05-06,1.0
2010-05-07,1.0
2010-05-10,1.0
2010-05-11,1.0
2010-05-12,1.0
2010-05-13,1.0
2010-05-14,1.0
2010-05-17,1.0
2010-05-18,1.0
2010-05-19,1.0
2010-05-20,1.0
2010-05-21,1.0
2010-05-24,1.0
2010-05-25,1.0
2010-05-26,1.0
2010-05-27,1.0
2010-05-28,1.0
2010-06-01,1.0
2010-06-02,1.0
2010-06-03,1.0
2010-06-04,1.0
2010-06-07,1.0
2010-06-08,1.0
2010-06-09,1.0
2010-06-10,1.0
2010-06-11,1.0
2010-06-14,1.0
2010-06-15,1.0
2010-06-16,1.0
2010-06-17,1.0
2010-06-18,1.0
2010-06-21,1.0
2010-06-22,1.0
2010-06-23,1.0
2010-06-24,1.0
2010-06-25,1.0
2010-06-28,1.0
2010-06-29,1.0
2010-06-30,1.0
2010-07-01,1.0
2010-07-02,1.0
2010-07-06,1.0
2010-07-07,1.0
2010-07-08,1.0
2010-07-09,1.0
2010-07-12,1.0
2010-07-13,1.0
2010-07-14,1.0
2010-07-15,1.0
2010-07-16,1.0
2010-07-19,1.0
2010-07-20,1.0
2010-07-21,1.0
2010-07-22,1.0
2010-07-23,1.0
2010-07-26,1.0
2010-07-27,1.0
2010-07-28,0.9000869827232408
2010-07-29,0.8994205242897924
2010-07-30,0.898921431377886
2010-08-02,0.8993730082462702
2010-08-03,0.8983991136535852
2010-08-04,0.8986126884120678
2010-08-05,0.8986602276801172
2010-08-06,0.8987551659771426
2010-08-09,0.8988026478265461
2010-08-10,0.899587108602463
2010-08-11,0.9001583511112936
2010-08-12,0.9003966358307173
2010-08-13,0.9006588292577605
2010-08-16,0.9003966358307173
2010-08-17,0.9003012881021446
2010-08-18,0.9001107259197649
2010-08-19,0.900229845101014
2010-08-20,0.9002775140704103
2010-08-23,0.9001345742406888
2010-08-24,0.9006827690307484
2010-08-25,0.9012076838099179
2010-08-26,0.9012554459822724
2010-08-27,0.8983279618684679
2010-08-30,0.8997536612282258
2010-08-31,0.9004205096983173
2010-09-01,0.8979722065319277
2010-09-02,0.8978537046966969
2010-09-03,0.8973799996314213
2010-09-07,0.8883342643168552
2010-09-08,0.8874767080023329
2010-09-09,0.8855822140245564
2010-09-10,0.8865977991497254
2010-09-13,0.8855130577311621
2010-09-14,0.8849140649750622
2010-09-15,0.8857204785645892
2010-09-16,0.8870832674215446
2010-09-17,0.8865053513399057
2010-09-20,0.8865515274925002
2010-09-21,0.8877546671049137
2010-09-22,0.888171871699314
2010-09-23,0.8885430799288123
2010-09-24,0.8880791357933941
2010-09-27,0.8892166514759396
2010-09-28,0.8891469568093977
2010-09-29,0.8894956814381727
2010-09-30,0.8906834895911039
2010-10-01,0.8915705624377823
2010-10-04,0.8924360627367405
2010-10-05,0.8917107441252211
2010-10-06,0.8915471657450519
2010-10-07,0.8912435583139394
2010-10-08,0.8905202878453249
2010-10-11,0.8905202878453249
2010-10-12,0.8899145345720395
2010-10-13,0.8895421797881847
2010-10-14,0.888844910737242
2010-10-15,0.8892864077607762
2010-10-18,0.8890074989265867
2010-10-19,0.8895421797881847
2010-10-20,0.8904736160281661
2010-10-21,0.890776770232095
2010-10-22,0.8908934315815681
2010-10-25,0.8915471657450519
2010-10-26,0.8917575763016781
2010-10-27,0.8912668779730105
2010-10-28,0.8920054997308704
2010-10-29,1.0
2010-11-01,1.0
2010-11-02,1.0
2010-11-03,1.0
2010-11-04,1.0
2010-11-05,1.0
2010-11-08,1.0
2010-11-09,1.0
2010-11-10,1.0
2010-11-11,1.0
2010-11-12,1.0
2010-11-15,1.0
2010-11-16,1.0
2010-11-17,1.0
2010-11-18,1.0
2010-11-19,1.0
2010-11-22,1.0
2010-11-23,1.0
2010-11-24,1.0
2010-11-26,1.0
2010-11-29,1.0
2010-11-30,1.0
2010-12-01,1.0
2010-12-02,1.0
2010-12-03,1.0
2010-12-06,0.900176637396371
2010-12-07,0.9002925642424113
2010-12-08,0.8998290469633992
2010-12-09,0.9021805247314008
2010-12-10,0.8990190364030096
2010-12-13,0.9004085154211241
2010-12-14,0.9006115060176247
2010-12-15,0.9021514185311706
2010-12-16,0.9030545626571554
2010-12-17,0.9028213199578846
2010-12-20,0.9035506044593782
2010-12-21,0.9032879259034579
2010-12-22,0.9053057048092596
2010-12-23,1.0
2010-12-27,1.0
2010-12-28,1.0
2010-12-29,1.0
2010-12-30,1.0
2010-12-31,1.0
2011-01-03,1.0
2011-01-04,1.0
2011-01-05,1.0
2011-01-06,1.0
2011-01-07,1.0
2011-01-10,1.0
2011-01-11,1.0
2011-01-12,1.0
2011-01-13,1.0
2011-01-14,1.0
2011-01-18,1.0
2011-01-19,1.0
2011-01-20,1.0
2011-01-21,0.9001139136148365
2011-01-24,0.9062328302728101
2011-01-25,0.9065007575608807
2011-01-26,1.0
2011-01-27,1.0
2011-01-28,1.0
2011-01-31,1.0
2011-02-01,0.800259209385424
2011-02-02,0.798308547100824
2011-02-03,0.7962482189273749
2011-02-04,0.7938168723261652
2011-02-07,0.7921691211632084
2011-02-08,0.7921648496100469
2011-02-09,0.6912220771957882
2011-02-10,0.6865412731632206
2011-02-11,0.6793241797241794
2011-02-14,0.6802211131162963
2011-02-15,0.6822515479609639
2011-02-16,0.6833389771705252
2011-02-17,0.684012930013538
2011-02-18,0.6819875092643765
2011-02-22,0.6932446318695225
2011-02-23,0.792829205405304
2011-02-24,0.7909480039532062
2011-02-25,0.7878665453245931
2011-02-28,0.7863454632548744
2011-03-01,0.791279765047533
2011-03-02,0.7898787154884161
2011-03-03,0.7876447647683489
2011-03-04,0.7845651083850841
2011-03-07,0.7896687364736121
2011-03-08,0.7853541344775661
2011-03-09,0.784755545975414
2011-03-10,0.7898572644691833
2011-03-11,0.7869757893261122
2011-03-14,0.7882040575141458
2011-03-15,0.7893873079358036
2011-03-16,0.7909672851159517
2011-03-17,0.7909900621513308
2011-03-18,0.7894720999131752
2011-03-21,0.7855809845050133
2011-03-22,0.7854002447850292
2011-03-23,0.7815803009796319
2011-03-24,0.7781282613474748
2011-03-25,0.7780364034980404
2011-03-28,0.7799329229667644
2011-03-29,0.7756248393338981
2011-03-30,0.7733133135761212
2011-03-31,0.7763203620169008
2011-04-01,0.7747642813768939
2011-04-04,0.7754164570647001
2011-04-05,0.7767079177212379
2011-04-06,0.7794182209991367
2011-04-07,0.7786076316916806
2011-04-08,0.7798169555381248
2011-04-11,0.7785402910400946
2011-04-12,0.7794726104162265
2011-04-13,0.7764105022668346
2011-04-14,0.7778763257107731
2011-04-15,0.776252249938887
2011-04-18,0.6815551381428318
2011-04-19,0.67759825271782
2011-04-20,0.7833092982020504
2011-04-21,0.7823788577430515
2011-04-25,0.7837466782541196
2011-04-26,0.6834991642723638
2011-04-27,0.6803889573140594
2011-04-28,0.5790135963127881
2011-04-29,0.4778442254693396
2011-05-02,0.47744263693773015
2011-05-03,0.47978389291007917
2011-05-04,0.4851659151083535
2011-05-05,0.5933757512734139
2011-05-06,0.6890945674418099
2011-05-09,0.5867280072499936
2011-05-10,0.5826841108322728
2011-05-11,0.58697341270461
2011-05-12,0.5865034437321444
2011-05-13,0.5911358912415003
2011-05-16,0.6926804691362204
2011-05-17,0.693309935578869
2011-05-18,0.6886497276221472
2011-05-19,0.6842575832620559
2011-05-20,0.6827848528259974
2011-05-23,0.688658165671366
2011-05-24,0.6899525069671414
2011-05-25,0.6860130505652386
2011-05-26,0.6804093405022716
2011-05-27,0.6813704088566339
2011-05-31,0.5774504569322312
2011-06-01,0.5825756376577538
2011-06-02,0.6786252983195733
2011-06-03,0.6831566741310507
2011-06-06,0.8783690242941913
2011-06-07,0.8789814027562486
2011-06-08,0.8855770183443029
2011-06-09,0.8824476187061323
2011-06-10,0.885835005980431
2011-06-13,0.8857135888042305
2011-06-14,0.8827640842746677
2011-06-15,0.8879806221883639
2011-06-16,1.0
2011-06-17,1.0
2011-06-20,1.0
2011-06-21,1.0
2011-06-22,1.0
2011-06-23,1.0
2011-06-24,1.0
2011-06-27,1.0
2011-06-28,1.0
2011-06-29,1.0
2011-06-30,0.9000524150510738
2011-07-01,0.8992614824003635
2011-07-05,0.8986297216234033
2011-07-06,0.8976574402931455
2011-07-07,0.896608756531011
2011-07-08,0.8966349878395664
2011-07-11,0.897421311741172
2011-07-12,0.8970803699065674
2011-07-13,0.8967658924712514
2011-07-14,0.8973688190406001
2011-07-15,0.8989191479282148
2011-07-18,0.8999732666119102
2011-07-19,0.8986297216234033
2011-07-20,0.898998090840582
2011-07-21,0.6987748086601451
2011-07-22,0.6991053969064732
2011-07-25,0.6998634803284058
2011-07-26,0.7062068397504766
2011-07-27,0.7988149674641192
2011-07-28,0.8023747558220795
2011-07-29,0.8983689774187342
2011-08-01,0.7990550229053897
2011-08-02,0.8014337162465033
2011-08-03,0.8013737919896197
2011-08-04,0.8083082057303115
2011-08-05,1.0
2011-08-08,1.0
2011-08-09,1.0
2011-08-10,1.0
2011-08-11,1.0
2011-08-12,1.0
2011-08-15,1.0
2011-08-16,1.0
2011-08-17,1.0
2011-08-18,1.0
2011-08-19,1.0
2011-08-22,1.0
2011-08-23,1.0
2011-08-24,1.0
2011-08-25,1.0
2011-08-26,1.0
2011-08-29,1.0
2011-08-30,1.0
2011-08-31,1.0
2011-09-01,1.0
2011-09-02,1.0
2011-09-06,1.0
2011-09-07,1.0
2011-09-08,1.0
2011-09-09,1.0
2011-09-12,1.0
2011-09-13,1.0
2011-09-14,1.0
2011-09-15,1.0
2011-09-16,1.0
2011-09-19,1.0
2011-09-20,1.0
2011-09-21,1.0
2011-09-22,1.0
2011-09-23,1.0
2011-09-26,1.0
2011-09-27,1.0
2011-09-28,1.0
2011-09-29,1.0
2011-09-30,1.0
2011-10-03,1.0
2011-10-04,1.0
2011-10-05,1.0
2011-10-06,1.0
2011-10-07,1.0
2011-10-10,1.0
2011-10-11,1.0
2011-10-12,1.0
2011-10-13,1.0
2011-10-14,1.0
2011-10-17,1.0
2011-10-18,1.0
2011-10-19,1.0
2011-10-20,1.0
2011-10-21,1.0
2011-10-24,1.0
2011-10-25,1.0
2011-10-26,1.0
2011-10-27,1.0
2011-10-28,1.0
2011-10-31,1.0
2011-11-01,1.0
2011-11-02,1.0
2011-11-03,1.0
2011-11-04,1.0
2011-11-07,1.0
2011-11-08,1.0
2011-11-09,1.0
2011-11-10,1.0
2011-11-11,1.0
2011-11-14,1.0
2011-11-15,1.0
2011-11-16,1.0
2011-11-17,1.0
2011-11-18,1.0
2011-11-21,1.0
2011-11-22,1.0
2011-11-23,1.0
2011-11-25,1.0
2011-11-28,1.0
2011-11-29,1.0
2011-11-30,1.0
2011-12-01,1.0
2011-12-02,1.0
2011-12-05,1.0
2011-12-06,1.0
2011-12-07,1.0
2011-12-08,1.0
2011-12-09,1.0
2011-12-12,1.0
2011-12-13,1.0
2011-12-14,1.0
2011-12-15,1.0
2011-12-16,1.0
2011-12-19,1.0
2011-12-20,1.0
2011-12-21,1.0
2011-12-22,1.0
2011-12-23,1.0
2011-12-27,1.0
2011-12-28,1.0
2011-12-29,1.0
2011-12-30,1.0
2012-01-03,1.0
2012-01-04,1.0
2012-01-05,1.0
2012-01-06,1.0
2012-01-09,0.9002147527419396
2012-01-10,0.8949358529713608
2012-01-11,0.8958697929972597
2012-01-12,0.8930447626379835
2012-01-13,0.8935676474741532
2012-01-17,0.8940038517253585
2012-01-18,0.8918560267721162
2012-01-19,0.8936548555563398
2012-01-20,0.8943822456345479
2012-01-23,0.8934223384878075
2012-01-24,0.8958697929972597
2012-01-25,0.8975088903486875
2012-01-26,0.8984188273242291
2012-01-27,0.8949650030628172
2012-01-30,0.8991834285859941
2012-01-31,0.9004803297025512
2012-02-01,0.8988303710347788
2012-02-02,0.8966593204220997
2012-02-03,0.892000826664178
2012-02-06,0.8913640649991234
2012-02-07,0.8939165819660924
2012-02-08,0.8932480365117706
2012-02-09,0.8894016334345993
2012-02-10,0.8911038373277159
2012-02-13,0.887447823886013
2012-02-14,0.8877346076627065
2012-02-15,0.8866458090982474
2012-02-16,0.883707958478796
2012-02-17,0.8850461078744385
2012-02-21,0.784287322790207
2012-02-22,0.7859441190321685
2012-02-23,0.7840143852520427
2012-02-24,0.7834752124276495
2012-02-27,0.7825338793619332
2012-02-28,0.7821702836804263
2012-02-29,0.7832850708685848
2012-03-01,0.7827171106214301
2012-03-02,0.7848449823689347
2012-03-05,0.7875692351479959
2012-03-06,0.7920829560696063
2012-03-07,0.7875606955167562
2012-03-08,0.7831548268144553
2012-03-09,0.7806523501658522
2012-03-12,0.7825071489972538
2012-03-13,0.7784556713279699
2012-03-14,0.7785284227722367
2012-03-15,0.7766367486798652
2012-03-16,0.7773653322879351
2012-03-19,0.7777086863959112
2012-03-20,0.7795600277884746
2012-03-21,0.7805010063676762
2012-03-22,0.7823993731568865
2012-03-23,0.8889284418357587
2012-03-26,0.8881208740614083
2012-03-27,0.8894541562458456
2012-03-28,0.8914819263040552
2012-03-29,0.8915632235429448
2012-03-30,0.8914819263040552
2012-04-02,0.8906697067017543
2012-04-03,0.8914819263040552
2012-04-04,0.894213678455856
2012-04-05,0.8937231759816766
2012-04-09,0.8942954747163253
2012-04-10,0.8955653308286682
2012-04-11,0.8934781303743831
2012-04-12,0.8909538128346889
2012-04-13,0.8931108099236846
2012-04-16,0.8940092337599559
2012-04-17,0.8916852088414662
2012-04-18,0.8912787286830361
2012-04-19,0.8949094747659816
2012-04-20,1.0
2012-04-23,1.0
2012-04-24,1.0
2012-04-25,1.0
2012-04-26,1.0
2012-04-27,1.0
2012-04-30,1.0
2012-05-01,1.0
2012-05-02,1.0
2012-05-03,1.0
2012-05-04,1.0
2012-05-07,0.9001525263803174
2012-05-08,0.8999503747523331
2012-05-09,0.9009721878069823
2012-05-10,0.9008506603025447
2012-05-11,0.9009417970618796
2012-05-14,0.9024025591525576
2012-05-15,0.9022095463462232
2012-05-16,0.9031652490752193
2012-05-17,1.0
2012-05-18,1.0
2012-05-21,1.0
2012-05-22,1.0
2012-05-23,1.0
2012-05-24,1.0
2012-05-25,1.0
2012-05-29,1.0
2012-05-30,1.0
2012-05-31,1.0
2012-06-01,1.0
2012-06-04,1.0
2012-06-05,1.0
2012-06-06,1.0
2012-06-07,1.0
2012-06-08,1.0
2012-06-11,1.0
2012-06-12,1.0
2012-06-13,1.0
2012-06-14,1.0
2012-06-15,1.0
2012-06-18,0.9000443138295212
2012-06-19,0.89928959076835
2012-06-20,0.8983855612054132
2012-06-21,0.9005733686644926
2012-06-22,0.7044678789379382
2012-06-25,0.707985985140495
2012-06-26,0.7054040638222168
2012-06-27,0.7035677980126588
2012-06-28,0.7026339063769526
2012-06-29,0.6997441761701196
2012-07-02,0.6973123311096002
2012-07-03,0.6965886142489299
2012-07-05,0.695826677750691
2012-07-06,0.6964535575098321
2012-07-09,0.6978635678842293
2012-07-10,0.6992431618029671
2012-07-11,0.7000364895349726
2012-07-12,0.6989640392830692
2012-07-13,0.6955541590831744
2012-07-16,0.5930239160098038
2012-07-17,0.5921023088235449
2012-07-18,0.5902914850506642
2012-07-19,0.6008509074459216
2012-07-20,0.6938589199958871
2012-07-23,0.6961701820261861
2012-07-24,0.6991591446281635
2012-07-25,0.6992060232032103
2012-07-26,0.6920387252408138
2012-07-27,0.688305060434043
2012-07-30,0.6897264898566865
2012-07-31,0.6900901615805529
2012-08-01,0.5877834993883989
2012-08-02,0.5874993719917947
2012-08-03,0.5831936358729457
2012-08-06,0.5823161639071486
2012-08-07,0.5798620281917495
2012-08-08,0.579318539364882
2012-08-09,0.5814916869191828
2012-08-10,0.5817015608362411
2012-08-13,0.5829687832817585
2012-08-14,0.5890661504483772
2012-08-15,0.6843724254284915
2012-08-16,0.6847757362936553
2012-08-17,0.684515325463084
2012-08-20,0.683800073859308
2012-08-21,0.6835607722583422
2012-08-22,0.6839379202085187
2012-08-23,0.6856961111896107
2012-08-24,0.6861592364745417
2012-08-27,0.685837307555868
2012-08-28,0.6858965974106255
2012-08-29,0.6847710112390102
2012-08-30,0.686527606151921
2012-08-31,0.6852007550867475
2012-09-04,0.682302173537616
2012-09-05,0.6812660326485123
2012-09-06,0.6786616708643516
2012-09-07,0.6790211993365866
2012-09-10,0.6803429647371846
2012-09-11,0.6780301109988653
2012-09-12,0.576335308063644
2012-09-13,0.5737262578800997
2012-09-14,0.5711878887878742
2012-09-17,0.5736329217352825
2012-09-18,0.5746016882094284
2012-09-19,0.5740520874559076
2012-09-20,0.5745462853751653
2012-09-21,0.5740550489992222
2012-09-24,0.577633396055744
2012-09-25,0.6736688230920489
2012-09-26,0.6751909551448494
2012-09-27,0.6728694151283178
2012-09-28,0.6737512807758208
2012-10-01,0.6719956045717087
2012-10-02,0.6715303310568592
2012-10-03,0.5697638182376669
2012-10-04,0.5671334279123053
2012-10-05,0.5643112689641414
2012-10-08,0.5643528884021517
2012-10-09,0.5693709909211291
2012-10-10,0.5685616028518866
2012-10-11,0.5670398630423601
2012-10-12,0.5678934583373947
2012-10-15,0.46522302738262866
2012-10-16,0.4643424180073038
2012-10-17,0.3619955680682939
2012-10-18,0.36075066632733854
2012-10-19,0.36424065682751694
2012-10-22,0.2652867807951732
2012-10-23,0.2675798192997897
2012-10-24,0.26858346583924664
2012-10-25,0.47975828813025867
2012-10-26,0.48040767185087097
2012-10-31,0.3795087908631565
2012-11-01,0.37672421009892
2012-11-02,0.4816794757145242
2012-11-05,0.48082008011805555
2012-11-06,0.4797794890641175
2012-11-07,0.4817897796209414
2012-11-08,0.4843063770461079
2012-11-09,0.48439845400272086
2012-11-12,0.48565386594311155
2012-11-13,0.4870700459025533
2012-11-14,0.5905843878715049
2012-11-15,0.5938167004730763
2012-11-16,0.8864869645926796
2012-11-19,0.8844187474056381
2012-11-20,0.8839347401017096
2012-11-21,0.8837104771620976
2012-11-23,0.8826886293508215
2012-11-26,0.8832972607179757
2012-11-27,0.8836263592405916
2012-11-28,0.8832692222775613
2012-11-29,0.8826466832543863
2012-11-30,0.8815784501079278
2012-12-03,0.8823252524319259
2012-12-04,0.8830593028653522
2012-12-05,0.8827305558921321
2012-12-06,0.8824439764488925
2012-12-07,0.8823880919653364
2012-12-10,0.8823112344271545
2012-12-11,0.8821436291214033
2012-12-12,0.8828564182890368
2012-12-13,0.8833322317088146
2012-12-14,0.8835983352861734
2012-12-17,0.8819831263571234
2012-12-18,0.8808746730613033
2012-12-19,0.8819620805684328
2012-12-20,0.8796648955768991
2012-12-21,0.8808398963847048
2012-12-24,0.8805545547508484
2012-12-26,0.8815436061009713
2012-12-27,0.8817947135905997
2012-12-28,0.8823182433738618
2012-12-31,0.8802763627641225
2013-01-02,0.7779497920328754
2013-01-03,0.7768331278567246
2013-01-04,0.7752903169517248
2013-01-07,0.7756012992473619
2013-01-08,0.7747971698259077
2013-01-09,0.7724264529813526
2013-01-10,0.7730209634911601
2013-01-11,0.7716435044527311
2013-01-14,0.7728017612462061
2013-01-15,0.7731021039935526
2013-01-16,0.7736575431565624
2013-01-17,0.7732676042048269
2013-01-18,0.7729858685958771
2013-01-22,0.7732765038040099
2013-01-23,0.7732765038040099
2013-01-24,0.7724301015839536
2013-01-25,0.7694513519535376
2013-01-28,0.7725779757130805
2013-01-29,0.7717195987074886
2013-01-30,0.7729847600786113
2013-01-31,0.7704762657698431
2013-02-01,0.769374315520545
2013-02-04,0.7717703618441002
2013-02-05,0.7695927086992398
2013-02-06,0.7692194673357906
2013-02-07,0.7733592627087943
2013-02-08,0.773225409462338
2013-02-11,0.7741161952126084
2013-02-12,0.7639808366460304
2013-02-13,0.7634546291171127
2013-02-14,0.7638329430439033
2013-02-15,0.7631255195471481
2013-02-19,0.7634375434669511
2013-02-20,0.770261010993307
2013-02-21,0.7694466712469923
2013-02-22,0.7670148511955203
2013-02-25,0.773195359078892
2013-02-26,0.7688573742198609
2013-02-27,0.76551884054971
2013-02-28,0.7659865532698694
2013-03-01,0.7664963857115046
2013-03-04,0.7643770772003464
2013-03-05,0.7616818583620657
2013-03-06,0.76179469700034
2013-03-07,0.7618136121216705
2013-03-08,0.7618065160130982
2013-03-11,0.7618982229447708
2013-03-12,0.7639801332475326
2013-03-13,0.7614831981527658
2013-03-14,0.7603777161685696
2013-03-15,0.7629694607139803
2013-03-18,0.7621179706599774
2013-03-19,0.8833476065318054
2013-03-20,0.8806798196691932
2013-03-21,0.8826917628666143
2013-03-22,0.8823893858880262
2013-03-25,0.8826413567860117
2013-03-26,0.8821879542840791
2013-03-27,0.8828934514877387
2013-03-28,0.8841561150695098
2013-04-01,0.8859807899382877
2013-04-02,0.8872522856474752
2013-04-03,0.8891224760541853
2013-04-04,1.0
2013-04-05,1.0
2013-04-08,1.0
2013-04-09,1.0
2013-04-10,1.0
2013-04-11,1.0
2013-04-12,1.0
2013-04-15,1.0
2013-04-16,1.0
2013-04-17,1.0
2013-04-18,1.0
2013-04-19,1.0
2013-04-22,1.0
2013-04-23,0.900215344904765
2013-04-24,0.8993785049977631
2013-04-25,0.8008889603425005
2013-04-26,0.700987946518706
2013-04-29,0.6963889283543797
2013-04-30,0.5953185913501495
2013-05-01,0.5985970091923893
2013-05-02,0.5934465748251432
2013-05-03,0.4917738787105045
2013-05-06,0.38896421277552806
2013-05-07,0.3871807917179858
2013-05-08,0.38621087805376064
2013-05-09,0.38861498184432797
2013-05-10,0.38752680431664466
2013-05-13,0.3870602698124397
2013-05-14,0.3832410624903454
2013-05-15,0.38168920670066386
2013-05-16,0.38232880597593555
2013-05-17,0.381173534697241
2013-05-20,0.3812805373056408
2013-05-21,0.38276480271630087
2013-05-22,0.3848742493015531
2013-05-23,0.3832937726327025
2013-05-24,0.3831058709551781
2013-05-28,0.37940618606766063
2013-05-29,0.381359332150756
2013-05-30,0.37744661281478775
2013-05-31,0.38019967346945893
2013-06-03,0.38033949933006705
2013-06-04,0.3819320068965206
2013-06-05,0.38643693380534616
2013-06-06,0.4809355617378168
2013-06-07,0.4775185708187588
2013-06-10,0.4771119836724266
2013-06-11,0.4797683176156572
2013-06-12,0.4806163499689762
2013-06-13,0.4780241898524831
2013-06-14,0.4793007385944774
2013-06-17,0.47720974236187264
2013-06-18,0.47509734461202857
2013-06-19,0.4784770267758073
2013-06-20,0.4861531581834404
2013-06-21,0.5875265782047112
2013-06-24,0.6872318995381577
2013-06-25,0.6852993943904352
2013-06-26,0.6843723225226488
2013-06-27,0.7895020567265523
2013-06-28,0.6916494375204363
2013-07-01,0.7904398918135003
2013-07-02,0.7904713919711454
2013-07-03,0.7902335144597981
2013-07-05,0.7890736336279887
2013-07-08,0.7869374419929032
2013-07-09,0.7864812458634046
2013-07-10,0.7859061295993347
2013-07-11,0.7809736412120076
2013-07-12,0.7806734160727125
2013-07-15,0.7813750479471642
2013-07-16,0.7822705987475597
2013-07-17,0.7808441006747779
2013-07-18,0.7795886069245102
2013-07-19,0.778892229316425
2013-07-22,0.777698895841364
2013-07-23,0.7787177256909066
2013-07-24,0.7796157862202525
2013-07-25,0.776645858234099
2013-07-26,0.7788436774973009
2013-07-29,0.7815951386117864
2013-07-30,0.7811333904972815
2013-07-31,0.7804913665118055
2013-08-01,0.7781535390305225
2013-08-02,0.7787866097633178
2013-08-05,0.778599734970151
2013-08-06,0.7800104828989542
2013-08-07,0.780761312261985
2013-08-08,0.7793498626144892
2013-08-09,0.779109500578837
2013-08-12,0.7783137307623154
2013-08-13,0.7788657112106957
2013-08-14,0.7792725133978702
2013-08-15,0.782752038996507
2013-08-16,0.7824751679484434
2013-08-19,0.7832185534922684
2013-08-20,0.894995877920776
2013-08-21,0.8970166954519866
2013-08-22,0.8967697374379728
2013-08-23,0.8966216419294479
2013-08-26,0.7970962517298177
2013-08-27,0.7995742745496317
2013-08-28,1.0
2013-08-29,1.0
2013-08-30,1.0
2013-09-03,1.0
2013-09-04,1.0
2013-09-05,1.0
2013-09-06,1.0
2013-09-09,1.0
2013-09-10,1.0
2013-09-11,1.0
2013-09-12,1.0
2013-09-13,1.0
2013-09-16,1.0
2013-09-17,1.0
2013-09-18,1.0
2013-09-19,1.0
2013-09-20,1.0
2013-09-23,1.0
2013-09-24,1.0
2013-09-25,1.0
2013-09-26,1.0
2013-09-27,1.0
2013-09-30,1.0
2013-10-01,1.0
2013-10-02,1.0
2013-10-03,1.0
2013-10-04,1.0
2013-10-07,1.0
2013-10-08,1.0
2013-10-09,1.0
2013-10-10,1.0
2013-10-11,1.0
2013-10-14,1.0
2013-10-15,1.0
2013-10-16,1.0
2013-10-17,1.0
2013-10-18,1.0
2013-10-21,1.0
2013-10-22,1.0
2013-10-23,1.0
2013-10-24,1.0
2013-10-25,1.0
2013-10-28,1.0
2013-10-29,1.0
2013-10-30,1.0
2013-10-31,1.0
2013-11-01,1.0
2013-11-04,1.0
2013-11-05,1.0
2013-11-06,1.0
2013-11-07,1.0
2013-11-08,1.0
2013-11-11,1.0
2013-11-12,1.0
2013-11-13,1.0
2013-11-14,1.0
2013-11-15,1.0
2013-11-18,1.0
2013-11-19,1.0
2013-11-20,1.0
2013-11-21,1.0
2013-11-22,0.9000502973780911
2013-11-25,0.904634819727917
2013-11-26,1.0
2013-11-27,1.0
2013-11-29,1.0
2013-12-02,1.0
2013-12-03,1.0
2013-12-04,0.9002123322027528
2013-12-05,0.8990685066040195
2013-12-06,0.8986958531500295
2013-12-09,0.8973640964394031
2013-12-10,0.8977356130140169
2013-12-11,0.7978917757441479
2013-12-12,0.7985176941091162
2013-12-13,0.7985643707366492
2013-12-16,0.7968713562068759
2013-12-17,0.79686681662656
2013-12-18,0.7941240840297205
2013-12-19,0.7954167589489505
2013-12-20,0.7959799042255067
2013-12-23,0.7959233656666947
2013-12-24,0.7946340606912524
2013-12-26,0.7932834601989414
2013-12-27,0.7942603410905668
2013-12-30,0.792984055149448
2013-12-31,0.7923621875871598
2014-01-02,0.7919104682433451
2014-01-03,0.7932007023421351
2014-01-06,0.7947007535233539
2014-01-07,0.6932742176939285
2014-01-08,0.5918378675803815
2014-01-09,0.5913735130572453
2014-01-10,0.5896233288429817
2014-01-13,0.5941076147630542
2014-01-14,0.5910138529482488
2014-01-15,0.49003130446969667
2014-01-16,0.4909619444000578
2014-01-17,0.5870822036899466
2014-01-21,0.585318857015459
2014-01-22,0.5835012537578099
2014-01-23,0.58797530437386
2014-01-24,0.599358850674647
2014-01-27,0.7043387597295286
2014-01-28,0.8987580268423461
2014-01-29,0.8991653125820498
2014-01-30,0.8974367875421025
2014-01-31,0.8974367875421025
2014-02-03,0.9011050740804755
2014-02-04,0.8998790106610134
2014-02-05,0.8994710424740285
2014-02-06,0.7990206674645584
2014-02-07,0.7958080365295168
2014-02-10,0.7949855286760175
2014-02-11,0.7949723819052559
2014-02-12,0.7934889854533702
2014-02-13,0.7924430418276247
2014-02-14,0.7921565765081118
2014-02-18,0.7902537295288607
2014-02-19,0.7887512430274801
2014-02-20,0.7865028959406225
2014-02-21,0.7871171904987994
2014-02-24,0.787387118628637
2014-02-25,0.6877041888176487
2014-02-26,0.6835091604149977
2014-02-27,0.68631500783665
2014-02-28,0.6886544104431148
2014-03-03,0.6894200926346843
2014-03-04,0.6841108302501939
2014-03-05,0.6851209603238677
2014-03-06,0.6851946442867944
2014-03-07,0.6851016518095997
2014-03-10,0.6849220730491583
2014-03-11,0.6865490336409656
2014-03-12,0.6858896061568861
2014-03-13,0.6905376926392407
2014-03-14,0.7916099361484513
2014-03-17,0.7900313639537353
2014-03-18,0.7880330829511829
2014-03-19,0.7919527829516914
2014-03-20,0.8879569573624682
2014-03-21,0.8899878817841239
2014-03-24,0.8909057469319958
2014-03-25,0.891438975639749
2014-03-26,0.8930609698040808
2014-03-27,0.8938742048787257
2014-03-28,0.8934489276329866
2014-03-31,0.8923414494107426
2014-04-01,0.8919175841704821
2014-04-02,0.8926918318013366
2014-04-03,0.7934393174986475
2014-04-04,0.7974665211574262
2014-04-07,0.9011727942931831
2014-04-08,0.8983000648659052
2014-04-09,0.8972851113310082
2014-04-10,0.9001513425035854
2014-04-11,0.9011727942931831
2014-04-14,0.9013587578826087
2014-04-15,0.8999658679022747
2014-04-16,0.9018240161282246
2014-04-17,0.9013587578826087
2014-04-21,0.9012657709289768
2014-04-22,0.9000585956477668
2014-04-23,0.8997804785571002
2014-04-24,0.8994099112467943
2014-04-25,0.9023829622013566
2014-04-28,1.0
2014-04-29,1.0
2014-04-30,1.0
2014-05-01,1.0
2014-05-02,1.0
2014-05-05,1.0
2014-05-06,1.0
2014-05-07,1.0
2014-05-08,1.0
2014-05-09,1.0
2014-05-12,1.0
2014-05-13,1.0
2014-05-14,1.0
2014-05-15,1.0
2014-05-16,1.0
2014-05-19,1.0
2014-05-20,1.0
2014-05-21,1.0
2014-05-22,1.0
2014-05-23,1.0
2014-05-27,1.0
2014-05-28,1.0
2014-05-29,1.0
2014-05-30,1.0
2014-06-02,1.0
2014-06-03,1.0
2014-06-04,1.0
2014-06-05,1.0
2014-06-06,1.0
2014-06-09,1.0
2014-06-10,1.0
2014-06-11,1.0
2014-06-12,1.0
2014-06-13,1.0
2014-06-16,1.0
2014-06-17,1.0
2014-06-18,1.0
2014-06-19,1.0
2014-06-20,1.0
2014-06-23,1.0
2014-06-24,1.0
2014-06-25,1.0
2014-06-26,1.0
2014-06-27,0.9000049740078794
2014-06-30,0.8982306886391358
2014-07-01,0.8971294867304817
2014-07-02,0.8937427627995993
2014-07-03,0.892751518602384
2014-07-07,0.8929495796991126
2014-07-08,0.8911372142654611
2014-07-09,0.8905128241939907
2014-07-10,0.8893976869663484
2014-07-11,0.8884160717087528
2014-07-14,0.8876649570968562
2014-07-15,0.8866871413925517
2014-07-16,0.8867522582005694
2014-07-17,0.8883833800786366
2014-07-18,0.8866871413925517
2014-07-21,0.8882199969367087
2014-07-22,0.884543532682886
2014-07-23,0.8846407397402293
2014-07-24,0.883928364458219
2014-07-25,0.8841872702164901
2014-07-28,0.8856789943466833
2014-07-29,0.8875344551399327
2014-07-30,0.8896926122494108
2014-07-31,0.7961496649456549
2014-08-01,0.7902490943733773
2014-08-04,0.7903397864600941
2014-08-05,0.7897898012144221
2014-08-06,0.7877516326900114
2014-08-07,0.7891338514671954
2014-08-08,0.7874534148554598
2014-08-11,0.7851719487461066
2014-08-12,0.7827972266068772
2014-08-13,0.7797005860363707
2014-08-14,0.7791131835419164
2014-08-15,0.7798349221218557
2014-08-18,0.7785295701419223
2014-08-19,0.7779444649873802
2014-08-20,0.7790412654377696
2014-08-21,0.781653884451111
2014-08-22,0.78059006054835
2014-08-25,0.7766880286991653
2014-08-26,0.7776096099209119
2014-08-27,0.7780325611072112
2014-08-28,0.7772899036436448
2014-08-29,0.7769021761043585
2014-09-02,0.7748894199507861
2014-09-03,0.7790816409490314
2014-09-04,0.783554798412741
2014-09-05,0.8905398543822037
2014-09-08,0.8888479612526319
2014-09-09,0.8905493796350463
2014-09-10,0.8900639530080122
2014-09-11,0.8897121107133876
2014-09-12,0.8887720702679821
2014-09-15,0.8931664355727895
2014-09-16,0.8910258003876966
2014-09-17,0.8897786533512051
2014-09-18,0.8877961535696689
2014-09-19,0.8916650022002875
2014-09-22,0.8888574503465381
2014-09-23,0.8916459114226307
2014-09-24,0.8868223777323995
2014-09-25,0.8979722617322499
2014-09-26,1.0
2014-09-29,1.0
2014-09-30,1.0
2014-10-01,1.0
2014-10-02,0.9001155666848
2014-10-03,0.8995242578674039
2014-10-06,0.899430961518356
2014-10-07,0.9019098150020621
2014-10-08,0.9011444337312763
2014-10-09,0.9027234775418281
2014-10-10,0.9064189847720483
2014-10-13,1.0
2014-10-14,1.0
2014-10-15,1.0
2014-10-16,1.0
2014-10-17,1.0
2014-10-20,1.0
2014-10-21,1.0
2014-10-22,1.0
2014-10-23,1.0
2014-10-24,1.0
2014-10-27,1.0
2014-10-28,1.0
2014-10-29,1.0
2014-10-30,1.0
2014-10-31,1.0
2014-11-03,1.0
2014-11-04,1.0
2014-11-05,1.0
2014-11-06,1.0
2014-11-07,1.0
2014-11-10,1.0
2014-11-11,1.0
2014-11-12,1.0
2014-11-13,1.0
2014-11-14,1.0
2014-11-17,1.0
2014-11-18,1.0
2014-11-19,1.0
2014-11-20,1.0
2014-11-21,1.0
2014-11-24,1.0
2014-11-25,0.8999917946498106
2014-11-26,0.8950089827773328
2014-11-28,0.9055559163954311
2014-12-01,0.9055868492268396
2014-12-02,0.9060820502776743
2014-12-03,0.9070740788996434
2014-12-04,0.9084728037545355
2014-12-05,1.0
2014-12-08,1.0
2014-12-09,1.0
2014-12-10,1.0
2014-12-11,1.0
2014-12-12,1.0
2014-12-15,1.0
2014-12-16,1.0
2014-12-17,1.0
2014-12-18,1.0
2014-12-19,1.0
2014-12-22,1.0
2014-12-23,1.0
2014-12-24,1.0
2014-12-26,1.0
2014-12-29,1.0
2014-12-30,1.0
2014-12-31,1.0
2015-01-02,1.0
2015-01-05,1.0
2015-01-06,1.0
2015-01-07,1.0
2015-01-08,1.0
2015-01-09,1.0
2015-01-12,1.0
2015-01-13,1.0
2015-01-14,1.0
2015-01-15,1.0
2015-01-16,1.0
2015-01-20,1.0
2015-01-21,1.0
2015-01-22,0.9000252046571438
2015-01-23,0.8985960398290309
2015-01-26,0.7973553511994538
2015-01-27,0.7990790506286767
2015-01-28,0.8039341219592828
2015-01-29,0.8092669422228851
2015-01-30,0.9058085295692326
2015-02-02,0.9039457069613144
2015-02-03,0.9159511288990939
2015-02-04,1.0
2015-02-05,1.0
2015-02-06,1.0
2015-02-09,1.0
2015-02-10,1.0
2015-02-11,1.0
2015-02-12,1.0
2015-02-13,1.0
2015-02-17,1.0
2015-02-18,1.0
2015-02-19,1.0
2015-02-20,1.0
2015-02-23,1.0
2015-02-24,1.0
2015-02-25,1.0
2015-02-26,1.0
2015-02-27,1.0
2015-03-02,1.0
2015-03-03,1.0
2015-03-04,1.0
2015-03-05,1.0
2015-03-06,1.0
2015-03-09,1.0
2015-03-10,1.0
2015-03-11,1.0
2015-03-12,1.0
2015-03-13,1.0
2015-03-16,1.0
2015-03-17,1.0
2015-03-18,1.0
2015-03-19,1.0
2015-03-20,1.0
2015-03-23,0.900001987551525
2015-03-24,0.9023678380334568
2015-03-25,0.9056719196444292
2015-03-26,1.0
2015-03-27,1.0
2015-03-30,1.0
2015-03-31,1.0
2015-04-01,1.0
2015-04-02,0.9001682039718928
2015-04-06,0.8972772086021867
2015-04-07,0.8982902758970502
2015-04-08,0.897926626361591
2015-04-09,0.8968045067567493
2015-04-10,0.8962774346681247
2015-04-13,0.8970902785220661
2015-04-14,0.7970261200944362
2015-04-15,0.7931925329264566
2015-04-16,0.7939066828463945
2015-04-17,0.7960634835928704
2015-04-20,0.7956983845405212
2015-04-21,0.695837255990646
2015-04-22,0.6958679911414586
2015-04-23,0.6954893046740428
2015-04-24,0.5960564588217527
2015-04-27,0.5981581634372424
2015-04-28,0.5981635787483164
2015-04-29,0.6000154224496822
2015-04-30,0.6043080339597975
2015-05-01,0.794721298958518
2015-05-04,0.7917126256571135
2015-05-05,0.7941838799472241
2015-05-06,0.7925422465022038
2015-05-07,0.692496430363899
2015-05-08,0.6909395091564928
2015-05-11,0.6908256048235474
2015-05-12,0.688760114808022
2015-05-13,0.6888850006637925
2015-05-14,0.6859332645860652
2015-05-15,0.685537461207077
2015-05-18,0.682553040100685
2015-05-19,0.6808952296242677
2015-05-20,0.6815502137272728
2015-05-21,0.6808237854317293
2015-05-22,0.6811318499415857
2015-05-26,0.6812051471695886
2015-05-27,0.6772954903325729
2015-05-28,0.6764147609134932
2015-05-29,0.6799385354600846
2015-06-01,0.579395372183541
2015-06-02,0.58009938886045
2015-06-03,0.5791164855430246
2015-06-04,0.6776492813101731
2015-06-05,0.6744259314882393
2015-06-08,0.6739688807738532
2015-06-09,0.6736903795255398
2015-06-10,0.670519660350883
2015-06-11,0.6707679141335892
2015-06-12,0.6710664540763247
2015-06-15,0.6721968209160751
2015-06-16,0.6701527005448661
2015-06-17,0.669883315123114
2015-06-18,0.6674524298177519
2015-06-19,0.6667221081367949
2015-06-22,0.6640140313085718
2015-06-23,0.6642611955380628
2015-06-24,0.6655402202855035
2015-06-25,0.663659909539182
2015-06-26,0.6632882012462512
2015-06-29,0.6712221589031122
2015-06-30,0.772789027384851
2015-07-01,0.7714981665520578
2015-07-02,0.7732188653865862
2015-07-06,0.7729743530061979
2015-07-07,0.7750847487355937
2015-07-08,0.7759246047266597
2015-07-09,0.7749573585622713
2015-07-10,0.7701660044556908
2015-07-13,0.768080347182418
2015-07-14,0.7706756627148182
2015-07-15,0.7712392534157378
2015-07-16,0.7707421249909907
2015-07-17,0.7727405121398387
2015-07-20,0.7723686588841691
2015-07-21,0.7734827938468106
2015-07-22,0.770549098297002
2015-07-23,0.7741637131538538
2015-07-24,0.8900675956393718
2015-07-27,0.8906077163503627
2015-07-28,0.8895807027064375
2015-07-29,0.88879234237603
2015-07-30,0.8881364546429018
2015-07-31,0.8884380340276585
2015-08-03,0.8874553645460842
2015-08-04,0.8883724810911362
2015-08-05,0.8938622760774216
2015-08-06,1.0
2015-08-07,1.0
2015-08-10,1.0
2015-08-11,1.0
2015-08-12,1.0
2015-08-13,1.0
2015-08-14,1.0
2015-08-17,1.0
2015-08-18,1.0
2015-08-19,1.0
2015-08-20,1.0
2015-08-21,1.0
2015-08-24,1.0
2015-08-25,1.0
2015-08-26,1.0
2015-08-27,1.0
2015-08-28,1.0
2015-08-31,1.0
2015-09-01,1.0
2015-09-02,1.0
2015-09-03,1.0
2015-09-04,1.0
2015-09-08,1.0
2015-09-09,1.0
2015-09-10,1.0
2015-09-11,1.0
2015-09-14,1.0
2015-09-15,1.0
2015-09-16,1.0
2015-09-17,1.0
2015-09-18,1.0
2015-09-21,1.0
2015-09-22,1.0
2015-09-23,1.0
2015-09-24,1.0
2015-09-25,1.0
2015-09-28,1.0
2015-09-29,1.0
2015-09-30,1.0
2015-10-01,1.0
2015-10-02,1.0
2015-10-05,1.0
2015-10-06,1.0
2015-10-07,1.0
2015-10-08,1.0
2015-10-09,1.0
2015-10-12,1.0
2015-10-13,1.0
2015-10-14,1.0
2015-10-15,1.0
2015-10-16,1.0
2015-10-19,1.0
2015-10-20,1.0
2015-10-21,1.0
2015-10-22,1.0
2015-10-23,1.0
2015-10-26,1.0
2015-10-27,1.0
2015-10-28,1.0
2015-10-29,1.0
2015-10-30,1.0
2015-11-02,1.0
2015-11-03,1.0
2015-11-04,1.0
2015-11-05,1.0
2015-11-06,1.0
2015-11-09,1.0
2015-11-10,1.0
2015-11-11,1.0
2015-11-12,1.0
2015-11-13,1.0
2015-11-16,1.0
2015-11-17,1.0
2015-11-18,1.0
2015-11-19,1.0
2015-11-20,0.9000957531074305
2015-11-23,0.897134307589703
2015-11-24,0.8991355037028699
2015-11-25,0.8989175355603309
2015-11-27,0.8987432509337988
2015-11-30,0.8999646990877196
2015-12-01,0.8982643337404687
2015-12-02,0.8975685950749009
2015-12-03,0.8994844536588017
2015-12-04,0.8979597970892804
2015-12-07,0.89743826726962
2015-12-08,0.8990047205003416
2015-12-09,0.9015399921046492
2015-12-10,0.9007516655247633
2015-12-11,0.9043541761237069
2015-12-14,0.9049279483158842
2015-12-15,1.0
2015-12-16,1.0
2015-12-17,1.0
2015-12-18,1.0
2015-12-21,1.0
2015-12-22,1.0
2015-12-23,1.0
2015-12-24,1.0
2015-12-28,1.0
2015-12-29,1.0
2015-12-30,1.0
2015-12-31,1.0
2016-01-04,1.0
2016-01-05,1.0
2016-01-06,1.0
2016-01-07,1.0
2016-01-08,1.0
2016-01-11,1.0
2016-01-12,1.0
2016-01-13,1.0
2016-01-14,1.0
2016-01-15,1.0
2016-01-19,1.0
2016-01-20,1.0
2016-01-21,1.0
2016-01-22,1.0
2016-01-25,1.0
2016-01-26,1.0
2016-01-27,1.0
2016-01-28,1.0
2016-01-29,1.0
2016-02-01,1.0
2016-02-02,1.0
2016-02-03,1.0
2016-02-04,1.0
2016-02-05,1.0
2016-02-08,1.0
2016-02-09,1.0
2016-02-10,1.0
2016-02-11,1.0
2016-02-12,1.0
2016-02-16,1.0
2016-02-17,1.0
2016-02-18,1.0
2016-02-19,1.0
2016-02-22,1.0
2016-02-23,1.0
2016-02-24,1.0
2016-02-25,1.0
2016-02-26,1.0
2016-02-29,1.0
2016-03-01,1.0
2016-03-02,1.0
2016-03-03,1.0
2016-03-04,1.0
2016-03-07,1.0
2016-03-08,1.0
2016-03-09,1.0
2016-03-10,1.0
2016-03-11,1.0
2016-03-14,1.0
2016-03-15,1.0
2016-03-16,1.0
2016-03-17,1.0
2016-03-18,1.0
2016-03-21,1.0
2016-03-22,1.0
2016-03-23,1.0
2016-03-24,1.0
2016-03-28,1.0
2016-03-29,1.0
2016-03-30,1.0
2016-03-31,1.0
2016-04-01,1.0
2016-04-04,1.0
2016-04-05,1.0
2016-04-06,1.0
2016-04-07,1.0
2016-04-08,1.0
2016-04-11,1.0
2016-04-12,1.0
2016-04-13,1.0
2016-04-14,1.0
2016-04-15,1.0
2016-04-18,1.0
2016-04-19,1.0
2016-04-20,1.0
2016-04-21,1.0
2016-04-22,1.0
2016-04-25,1.0
2016-04-26,1.0
2016-04-27,0.9000264412384708
2016-04-28,0.9000989615836252
2016-04-29,0.9018426931897364
2016-05-02,0.9021340002749396
2016-05-03,0.8990124992036238
2016-05-04,0.8999539158048492
2016-05-05,0.9003165423960355
2016-05-06,0.9002440121636391
2016-05-09,0.9009699752800671
2016-05-10,0.8995916398706636
2016-05-11,0.8997365018263489
2016-05-12,0.9003891178956609
2016-05-13,0.9023525830412031
2016-05-16,1.0
2016-05-17,1.0
2016-05-18,1.0
2016-05-19,1.0
2016-05-20,1.0
2016-05-23,1.0
2016-05-24,1.0
2016-05-25,1.0
2016-05-26,1.0
2016-05-27,1.0
2016-05-31,1.0
2016-06-01,1.0
2016-06-02,1.0
2016-06-03,1.0
2016-06-06,1.0
2016-06-07,1.0
2016-06-08,1.0
2016-06-09,1.0
2016-06-10,1.0
2016-06-13,1.0
2016-06-14,1.0
2016-06-15,1.0
2016-06-16,1.0
2016-06-17,1.0
2016-06-20,1.0
2016-06-21,1.0
2016-06-22,1.0
2016-06-23,1.0
2016-06-24,1.0
2016-06-27,1.0
2016-06-28,1.0
2016-06-29,1.0
2016-06-30,1.0
2016-07-01,1.0
2016-07-05,1.0
2016-07-06,1.0
2016-07-07,1.0
2016-07-08,1.0
2016-07-11,1.0
2016-07-12,1.0
2016-07-13,1.0
2016-07-14,1.0
2016-07-15,1.0
2016-07-18,1.0
2016-07-19,1.0
2016-07-20,1.0
2016-07-21,1.0
2016-07-22,1.0
2016-07-25,1.0
2016-07-26,1.0
2016-07-27,1.0
2016-07-28,1.0
2016-07-29,1.0
2016-08-01,1.0
2016-08-02,1.0
2016-08-03,1.0
2016-08-04,1.0
2016-08-05,0.9000690630821142
2016-08-08,0.9005212761166775
2016-08-09,0.9010151246725141
2016-08-10,0.900726978491814
2016-08-11,0.8991660308740902
2016-08-12,0.8974061455380778
2016-08-15,0.8960194916429809
2016-08-16,0.8956124922389201
2016-08-17,0.8958566929527151
2016-08-18,0.8947757149683291
2016-08-19,0.8922974049133432
2016-08-22,0.8922163993444143
2016-08-23,0.8916901128831133
2016-08-24,0.8921353843342805
2016-08-25,0.8922569123674748
2016-08-26,0.8922974049133432
2016-08-29,0.890639400390782
2016-08-30,0.8912452535540619
2016-08-31,0.890639400390782
2016-09-01,0.8905586554621827
2016-09-02,0.8900343303081161
2016-09-06,0.8879030031844687
2016-09-07,0.8874619056680129
2016-09-08,0.8873417041142385
2016-09-09,0.8891886200512225
2016-09-12,0.8877425185846007
2016-09-13,0.8883846616477987
2016-09-14,0.8888266691595574
2016-09-15,0.8876623538190263
2016-09-16,0.8863011766705444
2016-09-19,0.8877826502373236
2016-09-20,0.8883043250102726
2016-09-21,0.886821166988421
2016-09-22,0.886821166988421
2016-09-23,0.8869812390451874
2016-09-26,0.8873016521274054
2016-09-27,0.886501084869382
2016-09-28,0.8860613946943784
2016-09-29,0.8871013747878387
2016-09-30,0.8867411208152169
2016-10-03,0.886701083268492
2016-10-04,0.8861413102498013
2016-10-05,0.8855822594157554
2016-10-06,0.8859415563220294
2016-10-07,0.8863011766705444
2016-10-10,0.8861413102498013
2016-10-11,0.88690118783909
2016-10-12,0.8873817597170551
2016-10-13,0.8900343303081161
2016-10-14,0.8908008539298279
2016-10-17,1.0
2016-10-18,1.0
2016-10-19,1.0
2016-10-20,1.0
2016-10-21,1.0
2016-10-24,1.0
2016-10-25,1.0
2016-10-26,1.0
2016-10-27,1.0
2016-10-28,1.0
2016-10-31,1.0
2016-11-01,1.0
2016-11-02,1.0
2016-11-03,1.0
2016-11-04,1.0
2016-11-07,1.0
2016-11-08,0.8002674736942668
2016-11-09,0.7006004607002794
2016-11-10,0.6990042984397797
2016-11-11,0.6971506661561372
2016-11-14,0.695571274257103
2016-11-15,0.6950024069697688
2016-11-16,0.6945772147580567
2016-11-17,0.6930962572182208
2016-11-18,0.6957886144356846
2016-11-21,0.6942673165843336
2016-11-22,0.6937410545234061
2016-11-23,0.5931066035438968
2016-11-25,0.5928562702603901
2016-11-28,0.5956923628462113
2016-11-29,0.5945657791766521
2016-11-30,0.4974492665761656
2016-12-01,0.5050197108997064
2016-12-02,0.6957930499330944
2016-12-05,0.6978860161368539
2016-12-06,0.7932868689384533
2016-12-07,0.89049131947456
2016-12-08,0.8906868411743649
2016-12-09,0.8932543425243011
2016-12-12,0.8947857579982778
2016-12-13,0.8951448018383861
2016-12-14,0.8896783411934464
2016-12-15,0.8865504483923357
2016-12-16,0.8878060604412369
2016-12-19,0.8863650813818793
2016-12-20,0.8859151886750303
2016-12-21,0.8855979000916909
2016-12-22,0.8861180260789187
2016-12-23,0.8860739331150966
2016-12-27,0.8864003607233173
2016-12-28,0.8877794868185395
2016-12-29,0.8874343012589109
2016-12-30,0.8881958278342966
2017-01-03,0.8869833153117468
2017-01-04,0.8847616502759984
2017-01-05,0.8887634048366028
2017-01-06,0.8883110523950632
2017-01-09,0.7897630964117927
2017-01-10,0.7805845923658241
2017-01-11,0.7790627991191152
2017-01-12,0.779155767741266
2017-01-13,0.7783543591419175
2017-01-17,0.7806530458223444
2017-01-18,0.7782728483571002
2017-01-19,0.7794661758909958
2017-01-20,0.7803042737283269
2017-01-23,0.7795714520832628
2017-01-24,0.7792531973856014
2017-01-25,0.7766836475336153
2017-01-26,0.7775947107082942
2017-01-27,0.7780766980922236
2017-01-30,0.7806351044880693
2017-01-31,0.7812096057191569
2017-02-01,0.7807777414693116
2017-02-02,0.7811867527211759
2017-02-03,0.7779436875426612
2017-02-06,0.7794624461039784
2017-02-07,0.786115735501216
2017-02-08,0.8867978625999536
2017-02-09,0.8856774829957077
2017-02-10,0.8843139167565272
2017-02-13,0.8837345818776541
2017-02-14,0.8842699887041698
2017-02-15,0.8812852286246431
2017-02-16,0.8817050650250985
2017-02-17,0.8810317247513965
2017-02-21,0.880953065325082
2017-02-22,0.8807172668049508
2017-02-23,0.8816963396641319
2017-02-24,0.8804640895307199
2017-02-27,0.8794790537456784
2017-02-28,0.880953065325082
2017-03-01,0.7777673519906758
2017-03-02,0.7766344874519995
2017-03-03,0.7758996490338473
2017-03-06,0.7770816742055915
2017-03-07,0.7792057819212652
2017-03-08,0.7811555340748414
2017-03-09,0.7817818875031892
2017-03-10,0.7813279931853843
2017-03-13,0.7822646998895448
2017-03-14,0.8754950420013587
2017-03-15,0.8741309070665946
2017-03-16,0.7744240311283248
2017-03-17,0.6746829115335757
2017-03-20,0.6770215670298194
2017-03-21,0.6857479876790405
2017-03-22,0.7791117269428772
2017-03-23,0.7796296759206104
2017-03-24,0.8764105552602816
2017-03-27,0.8773676955240486
2017-03-28,0.8762688854692309
2017-03-29,0.8764724640641612
2017-03-30,0.8757116994205392
2017-03-31,0.8759769323960304
2017-04-03,0.8766407592692234
2017-04-04,0.8762512013723139
2017-04-05,0.8776072830636632
2017-04-06,0.8768002101598399
2017-04-07,0.8765256272490967
2017-04-10,0.8767204774646193
2017-04-11,0.8758354548183446
2017-04-12,0.8784247550061272
2017-04-13,1.0
2017-04-17,1.0
2017-04-18,1.0
2017-04-19,1.0
2017-04-20,1.0
2017-04-21,1.0
2017-04-24,0.9006049529894489
2017-04-25,0.7012565260094998
2017-04-26,0.6001513337321294
2017-04-27,0.6017285899158715
2017-04-28,0.605333219629044
2017-05-01,0.7028163913569709
2017-05-02,0.7006977278567668
2017-05-03,0.7011891262431458
2017-05-04,0.7033589803156298
2017-05-05,0.7989157564710366
2017-05-08,0.7990769740406329
2017-05-09,0.7970271088632567
2017-05-10,0.7970885512299994
2017-05-11,0.7974101498735522
2017-05-12,0.7981282446668423
2017-05-15,0.7970107626527065
2017-05-16,0.796865086370828
2017-05-17,0.8026512815618334
2017-05-18,0.8962672783479791
2017-05-19,0.8941727268810608
2017-05-22,0.8921026956979878
2017-05-23,0.891748757110165
2017-05-24,0.8917635340932729
2017-05-25,0.7922928712592641
2017-05-26,0.7917348483919591
2017-05-30,0.7910849034897321
2017-05-31,0.7913516597698046
2017-06-01,0.7900370746600106
2017-06-02,0.7890699898948416
2017-06-05,0.7896514942868367
2017-06-06,0.7912914640339124
2017-06-07,0.7900774355954733
2017-06-08,0.7912705191200065
2017-06-09,0.7950298440275932
2017-06-12,0.7957525459746387
2017-06-13,0.8897724059542228
2017-06-14,0.8900676839178951
2017-06-15,0.8891824141136526
2017-06-16,0.8898314318900743
2017-06-19,0.8891971444834736
2017-06-20,0.8906144931364259
2017-06-21,0.8910286864106156
2017-06-22,0.7920019106107475
2017-06-23,0.7920748634212404
2017-06-26,0.7922988398812617
2017-06-27,0.7966181315680609
2017-06-28,0.7965778974173388
2017-06-29,0.7977730377934766
2017-06-30,0.9022098595527458
2017-07-03,0.9014502156874084
2017-07-05,0.9020680374304415
2017-07-06,0.9030333063282763
2017-07-07,0.9027832720996726
2017-07-10,0.9035508614617396
2017-07-11,1.0
2017-07-12,1.0
2017-07-13,1.0
2017-07-14,1.0
2017-07-17,1.0
2017-07-18,1.0
2017-07-19,1.0
2017-07-20,1.0
2017-07-21,1.0
2017-07-24,0.9004911453545739
2017-07-25,0.900200144472486
2017-07-26,0.9047349252023905
2017-07-27,1.0
2017-07-28,1.0
2017-07-31,1.0
2017-08-01,1.0
2017-08-02,1.0
2017-08-03,1.0
2017-08-04,1.0
2017-08-07,0.9007573605549711
2017-08-08,0.8025728492382642
2017-08-09,0.8046646457444486
2017-08-10,0.9032846322983166
2017-08-11,0.9030507065543683
2017-08-14,0.9021374353353422
2017-08-15,0.9032633568879602
2017-08-16,1.0
2017-08-17,1.0
2017-08-18,1.0
2017-08-21,1.0
2017-08-22,1.0
2017-08-23,1.0
2017-08-24,1.0
2017-08-25,1.0
2017-08-28,1.0
2017-08-29,1.0
2017-08-30,1.0
2017-08-31,1.0
2017-09-01,1.0
2017-09-05,1.0
2017-09-06,1.0
2017-09-07,1.0
2017-09-08,1.0
2017-09-11,1.0
2017-09-12,1.0
2017-09-13,1.0
2017-09-14,1.0
2017-09-15,1.0
2017-09-18,1.0
2017-09-19,1.0
2017-09-20,1.0
2017-09-21,1.0
2017-09-22,1.0
2017-09-25,1.0
2017-09-26,1.0
2017-09-27,1.0
2017-09-28,1.0
2017-09-29,1.0
2017-10-02,1.0
2017-10-03,1.0
2017-10-04,1.0
2017-10-05,0.9001919391128678
2017-10-06,0.898517282313391
2017-10-09,0.8990471439463134
2017-10-10,0.8998731352091545
2017-10-11,0.8999331756798559
2017-10-12,0.8995130165447792
2017-10-13,0.8978408912605055
2017-10-16,0.8963765662242057
2017-10-17,0.8978454866142792
2017-10-18,0.8996607188232346
2017-10-19,0.8998500373998036
2017-10-20,0.9002982514058357
2017-10-23,0.9010802298419235
2017-10-24,0.8994391879913665
2017-10-25,0.9004785847646954
2017-10-26,0.8998130939410253
2017-10-27,0.8978178976586867
2017-10-30,0.8983561444037855
2017-10-31,0.89925004223358
2017-11-01,0.8985264957041421
2017-11-02,0.8979190625288453
2017-11-03,0.8976018661922909
2017-11-06,0.8975467199144853
2017-11-07,0.8994991705672816
2017-11-08,0.899245432491001
2017-11-09,0.9004184714987054
2017-11-10,0.9012886775976054
2017-11-13,0.8998731352091545
2017-11-14,0.8995822528266875
2017-11-15,0.9012423465583457
2017-11-16,0.8996745697746371
2017-11-17,0.90074228704204
2017-11-20,0.9003259930114283
2017-11-21,0.8993422998054482
2017-11-22,0.8993007789161352
2017-11-24,0.8995637829071145
2017-11-27,0.8998869927019985
2017-11-28,0.8979834480569979
2017-11-29,0.9030853102122762
2017-11-30,1.0
2017-12-01,1.0
2017-12-04,1.0
2017-12-05,1.0
2017-12-06,1.0
2017-12-07,1.0
2017-12-08,1.0
2017-12-11,1.0
2017-12-12,1.0
2017-12-13,1.0
2017-12-14,1.0
2017-12-15,0.9000038915866317
2017-12-18,0.9006737396774888
2017-12-19,0.900795633659995
2017-12-20,0.8986671800376093
2017-12-21,0.8970320936808194
2017-12-22,0.8978791792664597
2017-12-26,0.8983639244279502
2017-12-27,0.9047138494318511
2017-12-28,1.0
2017-12-29,1.0
2018-01-02,1.0
2018-01-03,1.0
2018-01-04,1.0
2018-01-05,1.0
2018-01-08,0.9014850273542692
2018-01-09,0.9005796395151414
2018-01-10,0.9016955925643676
2018-01-11,0.9000564868730911
2018-01-12,0.8980974154781193
2018-01-16,0.8961715280386358
2018-01-17,0.8932298279001909
2018-01-18,0.8937731252968232
2018-01-19,0.8942082500145303
2018-01-22,0.895037543147919
2018-01-23,0.8932613551027859
2018-01-24,0.893219319327203
2018-01-25,0.792993654059573
2018-01-26,0.7896103266982715
2018-01-29,0.7937516379753504
2018-01-30,0.7959426030798225
2018-01-31,0.8004499604193832
2018-02-01,0.8985623201293182
2018-02-02,0.897917254758557
2018-02-05,0.9032840373623205
2018-02-06,1.0
2018-02-07,1.0
2018-02-08,1.0
2018-02-09,1.0
2018-02-12,1.0
2018-02-13,1.0
2018-02-14,1.0
2018-02-15,1.0
2018-02-16,1.0
2018-02-20,1.0
2018-02-21,1.0
2018-02-22,1.0
2018-02-23,1.0
2018-02-26,1.0
2018-02-27,1.0
2018-02-28,1.0
2018-03-01,1.0
2018-03-02,1.0
2018-03-05,1.0
2018-03-06,1.0
2018-03-07,1.0
2018-03-08,1.0
2018-03-09,1.0
2018-03-12,1.0
2018-03-13,1.0
2018-03-14,1.0
2018-03-15,1.0
2018-03-16,0.8004320674168122
2018-03-19,0.8039809246233445
2018-03-20,1.0
2018-03-21,1.0
2018-03-22,1.0
2018-03-23,1.0
2018-03-26,1.0
2018-03-27,1.0
2018-03-28,1.0
2018-03-29,1.0
2018-04-02,1.0
2018-04-03,1.0
2018-04-04,1.0
2018-04-05,1.0
2018-04-06,1.0
2018-04-09,1.0
2018-04-10,1.0
2018-04-11,1.0
2018-04-12,1.0
2018-04-13,1.0
2018-04-16,1.0
2018-04-17,1.0
2018-04-18,1.0
2018-04-19,1.0
2018-04-20,1.0
2018-04-23,1.0
2018-04-24,1.0
2018-04-25,1.0
2018-04-26,1.0
2018-04-27,1.0
2018-04-30,1.0
2018-05-01,1.0
2018-05-02,1.0
2018-05-03,1.0
2018-05-04,1.0
2018-05-07,1.0
2018-05-08,1.0
2018-05-09,0.8019730691721375
2018-05-10,0.8033553401550904
2018-05-11,0.8970406508612373
2018-05-14,0.8999908239087555
2018-05-15,0.9004210339861186
2018-05-16,0.9014624087793022
2018-05-17,0.8999621571242947
2018-05-18,0.8994035278047565
2018-05-21,0.8998904954188673
2018-05-22,0.9015415085388834
2018-05-23,0.9009234649506684
2018-05-24,0.9012611285494619
2018-05-25,0.9022396229833036
2018-05-29,0.9025134036230871
2018-05-30,0.8013120774334597
2018-05-31,0.802492681136857
2018-06-01,0.8023935698690787
2018-06-04,0.7998605683002425
2018-06-05,0.7984702740447821
2018-06-06,0.7972780222162843
2018-06-07,0.8006031931738813
2018-06-08,0.7999388282790905
2018-06-11,0.7993864340069252
2018-06-12,0.7983451090465445
2018-06-13,0.7998021605076657
2018-06-14,0.7994610541020496
2018-06-15,0.7976505655068543
2018-06-18,0.7956381507981688
2018-06-19,0.7971872192483114
2018-06-20,0.7989122754661098
2018-06-21,0.798331798436677
2018-06-22,0.8915805620012704
2018-06-25,0.8919724183962424
2018-06-26,0.8904852348313035
2018-06-27,0.8917372607984406
2018-06-28,0.8912673295624364
2018-06-29,0.8942519107691499
2018-07-02,0.8928356843225127
2018-07-03,0.8919724183962424
2018-07-05,0.8918940085890316
2018-07-06,0.8920508114949364
2018-07-09,0.8929142475748797
2018-07-10,0.8943307234660947
2018-07-11,0.8940155621266698
2018-07-12,0.8933859053539194
2018-07-13,0.8915022393443331
2018-07-16,0.890563378885094
2018-07-17,0.8901727714113269
2018-07-18,0.8883026224133433
2018-07-19,0.8874480898664475
2018-07-20,0.8893925895652381
2018-07-23,0.8878363032580876
2018-07-24,0.8909543353904512
2018-07-25,0.8902508727815728
2018-07-26,0.8917372607984406
2018-07-27,0.8879916825238311
2018-07-30,0.8928356843225127
2018-07-31,0.7896948810157155
2018-08-01,0.7921736718312521
2018-08-02,0.7923826597378761
2018-08-03,0.7940551421400023
2018-08-06,0.7914778463581852
2018-08-07,0.7919361010810368
2018-08-08,0.7924135532016012
2018-08-09,0.8877155700935104
2018-08-10,0.8875437185444304
2018-08-13,0.8888733910176179
2018-08-14,0.8872314337926716
2018-08-15,0.8867634124378094
2018-08-16,0.8851292641992148
2018-08-17,0.8831143049467255
2018-08-20,0.8830369966313356
2018-08-21,0.8830369966313356
2018-08-22,0.8795718382043215
2018-08-23,0.876819195445524
2018-08-24,0.8709891032987953
2018-08-27,0.874690154456963
2018-08-28,0.873932281984253
2018-08-29,0.8733269406786196
2018-08-30,0.8721941435486971
2018-08-31,0.8694874600045748
2018-09-04,0.8698623706317749
2018-09-05,0.8709891032987953
2018-09-06,0.8708387044357008
2018-09-07,0.8697873649731134
2018-09-10,0.8700874885560992
2018-09-11,0.8701625459879248
2018-09-12,0.8740837396325996
2018-09-13,0.8734025580728771
2018-09-14,0.8722696000369051
2018-09-17,0.7747306348848333
2018-09-18,0.7737281077383116
2018-09-19,0.7753944633280703
2018-09-20,0.7739539966868679
2018-09-21,0.7772743023738535
2018-09-24,0.7783101087234766
2018-09-25,0.7749051134191125
2018-09-26,0.7740430181324275
2018-09-27,0.7744538444653195
2018-09-28,0.7732740540897062
2018-10-01,0.7737100753175777
2018-10-02,0.7766780085671456
2018-10-03,0.8947457697816886
2018-10-04,0.8940723944586325
2018-10-05,0.8959547711473216
2018-10-08,0.8942406231636466
2018-10-09,0.8959829406200653
2018-10-10,0.8982128116413703
2018-10-11,0.8971388375445256
2018-10-12,0.8965746169801617
2018-10-15,0.896490033297716
2018-10-16,0.8958984747378738
2018-10-17,0.8961237400755189
2018-10-18,0.8966873993390124
2018-10-19,0.8958140123745038
2018-10-22,0.8968848647362149
2018-10-23,0.9007667795805984
2018-10-24,1.0
2018-10-25,1.0
2018-10-26,1.0
2018-10-29,1.0
2018-10-30,1.0
2018-10-31,1.0
2018-11-01,1.0
2018-11-02,1.0
2018-11-05,1.0
2018-11-06,1.0
2018-11-07,1.0
2018-11-08,1.0
2018-11-09,1.0
2018-11-12,1.0
2018-11-13,1.0
2018-11-14,1.0
2018-11-15,1.0
2018-11-16,1.0
2018-11-19,1.0
2018-11-20,1.0
2018-11-21,1.0
2018-11-23,1.0
2018-11-26,1.0
2018-11-27,1.0
2018-11-28,1.0
2018-11-29,1.0
2018-11-30,1.0
2018-12-03,1.0
2018-12-04,1.0
2018-12-06,1.0
2018-12-07,1.0
2018-12-10,1.0
2018-12-11,1.0
2018-12-12,1.0
2018-12-13,1.0
2018-12-14,1.0
2018-12-17,1.0
2018-12-18,1.0
2018-12-19,1.0
2018-12-20,1.0
2018-12-21,1.0
2018-12-24,1.0
2018-12-26,1.0
2018-12-27,1.0
2018-12-28,1.0
2018-12-31,1.0
2019-01-02,1.0
2019-01-03,1.0
2019-01-04,1.0
2019-01-07,1.0
2019-01-08,1.0
2019-01-09,1.0
2019-01-10,1.0
2019-01-11,1.0
2019-01-14,1.0
2019-01-15,1.0
2019-01-16,1.0
2019-01-17,1.0
2019-01-18,1.0
2019-01-22,1.0
2019-01-23,1.0
2019-01-24,1.0
2019-01-25,1.0
2019-01-28,1.0
2019-01-29,1.0
2019-01-30,1.0
2019-01-31,1.0
2019-02-01,1.0
2019-02-04,1.0
2019-02-05,1.0
2019-02-06,1.0
2019-02-07,1.0
2019-02-08,1.0
2019-02-11,1.0
2019-02-12,1.0
2019-02-13,1.0
2019-02-14,1.0
2019-02-15,1.0
2019-02-19,1.0
2019-02-20,1.0
2019-02-21,1.0
2019-02-22,1.0
2019-02-25,1.0
2019-02-26,1.0
2019-02-27,1.0
2019-02-28,1.0
2019-03-01,1.0
2019-03-04,1.0
2019-03-05,1.0
2019-03-06,1.0
2019-03-07,1.0
2019-03-08,1.0
2019-03-11,1.0
2019-03-12,1.0
2019-03-13,1.0
2019-03-14,1.0
2019-03-15,0.9000979106786455
2019-03-18,0.9005910022611169
2019-03-19,0.901470644039379
2019-03-20,0.9012080977842473
2019-03-21,0.9002519477081319
2019-03-22,0.8979930273493302
2019-03-25,0.8975028025112054
2019-03-26,0.8966614195697328
2019-03-27,0.8962795255688856
2019-03-28,0.8990365599191632
2019-03-29,0.8989597247597598
2019-04-01,0.8990211972017842
2019-04-02,0.8998823724594335
2019-04-03,0.8993593341080914
2019-04-04,0.8991748390610991
2019-04-05,0.7992546468406971
2019-04-08,0.8021875540439631
2019-04-09,0.8035086835921879
2019-04-10,0.8029010179240472
2019-04-11,0.8051513312198533
2019-04-12,0.8058780754962895
2019-04-15,0.7981364106302269
2019-04-16,0.7015537377767387
2019-04-17,0.7012995592318215
2019-04-18,0.701899109734053
2019-04-22,0.6976449616609998
2019-04-23,0.6954701536721666
2019-04-24,0.6972980783417668
2019-04-25,0.7951309327537914
2019-04-26,0.7935026085033454
2019-04-29,0.7940563338274402
2019-04-30,0.7947010007267785
2019-05-01,0.7959555631798617
2019-05-02,0.7952189273118999
2019-05-03,0.7908013135965078
2019-05-06,0.7914099715259324
2019-05-07,0.7950710894509675
2019-05-08,0.7858254740376313
2019-05-09,0.7868557854839405
2019-05-10,0.7850256401524723
2019-05-13,0.7859628392039186
2019-05-14,0.7853321599468805
2019-05-15,0.7812812705196394
2019-05-16,0.7715854087926475
2019-05-17,0.7748816741854371
2019-05-20,0.7777998596878584
2019-05-21,0.7769381541436835
2019-05-22,0.7769710642156116
2019-05-23,0.7805785929700118
2019-05-24,0.7791631777863688
2019-05-28,0.7775440352549547
2019-05-29,0.7804613244592842
2019-05-30,0.7791986635386869
2019-05-31,0.7809392304419496
2019-06-03,0.7934120161209938
2019-06-04,0.8878310828028159
2019-06-05,0.7843638448509817
2019-06-06,0.7841215565482417
2019-06-07,0.7828884443302584
2019-06-10,0.7825091583252751
2019-06-11,0.7852601915390481
2019-06-12,0.7836852777992984
2019-06-13,0.7826875182193339
2019-06-14,0.7829817180289029
2019-06-17,0.7834766201263206
2019-06-18,0.7841415150211608
2019-06-19,0.7849296695099001
2019-06-20,0.7861293965145966
2019-06-21,0.7909368876230678
2019-06-24,0.7840155238468616
2019-06-25,0.7910777339270856
2019-06-26,0.791403396110309
2019-06-27,0.9001297569519616
2019-06-28,0.6993406554580619
2019-07-01,0.6964003027510532
2019-07-02,0.6968391537444347
2019-07-03,0.6959589293647137
2019-07-05,0.6972193951192416
2019-07-08,0.7009477244343095
2019-07-09,0.7012213178247979
2019-07-10,0.7025842777974273
2019-07-11,0.7021743706926362
2019-07-12,0.7959862703131733
2019-07-15,0.7962581000869862
2019-07-16,0.7979137104325262
2019-07-17,0.7990089887832353
2019-07-18,0.8943086389606398
2019-07-19,0.8961394719295218
2019-07-22,0.8962901497536803
2019-07-23,0.8982183523572482
2019-07-24,0.8995239951295597
2019-07-25,1.0
2019-07-26,1.0
2019-07-29,1.0
2019-07-30,1.0
2019-07-31,1.0
2019-08-01,1.0
2019-08-02,1.0
2019-08-05,1.0
2019-08-06,1.0
2019-08-07,1.0
2019-08-08,1.0
2019-08-09,1.0
2019-08-12,1.0
2019-08-13,1.0
2019-08-14,1.0
2019-08-15,1.0
2019-08-16,1.0
2019-08-19,1.0
2019-08-20,1.0
2019-08-21,1.0
2019-08-22,1.0
2019-08-23,1.0
2019-08-26,1.0
2019-08-27,1.0
2019-08-28,1.0
2019-08-29,1.0
2019-08-30,1.0
2019-09-03,1.0
2019-09-04,0.9003168366938628
2019-09-05,0.8985655531162554
2019-09-06,0.898683393177883
2019-09-09,0.8985459242726177
2019-09-10,0.8984870233001199
2019-09-11,0.8985852024084492
2019-09-12,0.8974670999920101
2019-09-13,0.8976434739199356
2019-09-16,0.8988405744151037
2019-09-17,0.8980552077899266
2019-09-18,0.8975258770847925
2019-09-19,0.8980356012363369
2019-09-20,0.8986637591856159
2019-09-23,0.8989388308090469
2019-09-24,0.8999424139487758
2019-09-25,0.899706084438579
2019-09-26,0.9015409012076692
2019-09-27,0.9017188604009974
2019-09-30,0.9011851737607601
2019-10-01,0.9018803615874341
2019-10-02,0.9028155209527241
2019-10-03,1.0
2019-10-04,1.0
2019-10-07,1.0
2019-10-08,1.0
2019-10-09,1.0
2019-10-10,1.0
2019-10-11,0.9001571825062923
2019-10-14,0.8997678788679699
2019-10-15,0.899176425299935
2019-10-16,0.9019051516937716
2019-10-17,0.9009287133407464
2019-10-18,0.9015794672564346
2019-10-21,0.9007905537327349
2019-10-22,0.9025817809883482
2019-10-23,0.9063254765898585
2019-10-24,1.0
2019-10-25,1.0
2019-10-28,1.0
2019-10-29,1.0
2019-10-30,1.0
2019-10-31,1.0
2019-11-01,1.0
2019-11-04,1.0
2019-11-05,1.0
2019-11-06,1.0
2019-11-07,1.0
2019-11-08,1.0
2019-11-11,1.0
2019-11-12,1.0
2019-11-13,1.0
2019-11-14,1.0
2019-11-15,1.0
2019-11-18,1.0
2019-11-19,1.0
2019-11-20,1.0
2019-11-21,1.0
2019-11-22,1.0
2019-11-25,1.0
2019-11-26,1.0
2019-11-27,1.0
2019-11-29,1.0
2019-12-02,1.0
2019-12-03,1.0
2019-12-04,1.0
2019-12-05,1.0
2019-12-06,0.9001853476903554
2019-12-09,0.9005408696494006
2019-12-10,0.9022334283690453
2019-12-11,0.9018171189583842
2019-12-12,0.9013715045403604
2019-12-13,0.9004815955472721
2019-12-16,0.9001261203787568
2019-12-17,0.8998596995392132
2019-12-18,0.8998301119756731
2019-12-19,0.9006001459016595
2019-12-20,0.901163702196586
2019-12-23,0.9004223292475391
2019-12-24,0.9002445827966513
2019-12-26,0.900778038456652
2019-12-27,0.9003926990230893
2019-12-30,0.9001261203787568
2019-12-31,0.9000076947798673
2020-01-02,0.8992682218880405
2020-01-03,0.8999780918374635
2020-01-06,0.9006594356124573
2020-01-07,0.8995638663075306
2020-01-08,0.8995638663075306
2020-01-09,0.8996230140068604
2020-01-10,0.8988546437703755
2020-01-13,0.8975867597695424
2020-01-14,0.8992682218880405
2020-01-15,0.9005408696494006
2020-01-16,0.9009263302872734
2020-01-17,0.9002445827966513
2020-01-21,0.9023524404677743
2020-01-22,1.0
2020-01-23,1.0
2020-01-24,1.0
2020-01-27,1.0
2020-01-28,1.0
2020-01-29,1.0
2020-01-30,1.0
2020-01-31,1.0
2020-02-03,1.0
2020-02-04,1.0
2020-02-05,1.0
2020-02-06,1.0
2020-02-07,1.0
2020-02-10,1.0
2020-02-11,1.0
2020-02-12,1.0
2020-02-13,1.0
2020-02-14,1.0
2020-02-18,1.0
2020-02-19,1.0
2020-02-20,1.0
2020-02-21,1.0
2020-02-24,1.0
2020-02-25,1.0
2020-02-26,1.0
2020-02-27,1.0
2020-02-28,1.0
2020-03-02,1.0
2020-03-03,1.0
2020-03-04,1.0
2020-03-05,1.0
2020-03-06,1.0
2020-03-09,1.0
2020-03-10,1.0
2020-03-11,1.0
2020-03-12,1.0
2020-03-13,1.0
2020-03-16,1.0
2020-03-17,1.0
2020-03-18,1.0
2020-03-19,1.0
2020-03-20,1.0
2020-03-23,1.0
2020-03-24,1.0
2020-03-25,1.0
2020-03-26,1.0
2020-03-27,1.0
2020-03-30,1.0
2020-03-31,1.0
2020-04-01,1.0
2020-04-02,1.0
2020-04-03,1.0
2020-04-06,1.0
2020-04-07,1.0
2020-04-08,1.0
2020-04-09,1.0
2020-04-13,1.0
2020-04-14,1.0
2020-04-15,1.0
2020-04-16,1.0
2020-04-17,1.0
2020-04-20,1.0
2020-04-21,1.0
2020-04-22,1.0
2020-04-23,1.0
2020-04-24,1.0
2020-04-27,1.0
2020-04-28,1.0
2020-04-29,1.0
2020-04-30,1.0
2020-05-01,1.0
2020-05-04,1.0
2020-05-05,1.0
2020-05-06,1.0
2020-05-07,1.0
2020-05-08,1.0
2020-05-11,1.0
2020-05-12,1.0
2020-05-13,1.0
2020-05-14,1.0
2020-05-15,1.0
2020-05-18,1.0
2020-05-19,1.0
2020-05-20,1.0
2020-05-21,1.0
2020-05-22,1.0
2020-05-26,1.0
2020-05-27,1.0
2020-05-28,1.0
2020-05-29,1.0
2020-06-01,1.0
2020-06-02,1.0
2020-06-03,1.0
2020-06-04,1.0
2020-06-05,1.0
2020-06-08,1.0
2020-06-09,1.0
2020-06-10,1.0
2020-06-11,1.0
2020-06-12,1.0
2020-06-15,1.0
2020-06-16,1.0
2020-06-17,1.0
2020-06-18,1.0
2020-06-19,1.0
2020-06-22,1.0
2020-06-23,1.0
2020-06-24,1.0
2020-06-25,1.0
2020-06-26,1.0
2020-06-29,1.0
2020-06-30,1.0
2020-07-01,1.0
2020-07-02,1.0
2020-07-06,1.0
2020-07-07,1.0
2020-07-08,1.0
2020-07-09,1.0
2020-07-10,1.0
2020-07-13,1.0
2020-07-14,1.0
2020-07-15,1.0
2020-07-16,0.900024182625967
2020-07-17,0.898431437348281
2020-07-20,0.9007571878055165
2020-07-21,0.8996842703525605
2020-07-22,0.8987182381546858
2020-07-23,0.8001490753176097
2020-07-24,0.8048308699594984
2020-07-27,0.8052689646158393
2020-07-28,0.8056533531045796
2020-07-29,0.8960895481345483
2020-07-30,0.8991891721879584
2020-07-31,0.8992155248746657
2020-08-03,0.8981360481993403
2020-08-04,0.8973740775461133
2020-08-05,0.8981623593092494
2020-08-06,0.8968493380081645
2020-08-07,0.8965085729095379
2020-08-10,0.8981360481993403
2020-08-11,0.8985570164021048
2020-08-12,0.8967182489976216
2020-08-13,0.8960895481345483
2020-08-14,0.8960372301117425
2020-08-17,0.8951481713788538
2020-08-18,0.8958540217062495
2020-08-19,0.8964562126272748
2020-08-20,0.8979783144457951
2020-08-21,0.8987413052957112
2020-08-24,0.8973478460657924
2020-08-25,0.8966134254242711
2020-08-26,0.8967707067414196
2020-08-27,0.8971686308472557
2020-08-28,0.8968502539611578
2020-08-31,0.8964260871940197
2020-09-01,0.8988172204115805
2020-09-02,0.8973013640884692
2020-09-03,0.9003916484819794
2020-09-04,1.0
2020-09-08,1.0
2020-09-09,1.0
2020-09-10,1.0
2020-09-11,1.0
2020-09-14,1.0
2020-09-15,1.0
2020-09-16,1.0
2020-09-17,1.0
2020-09-18,1.0
2020-09-21,1.0
2020-09-22,1.0
2020-09-23,1.0
2020-09-24,1.0
2020-09-25,1.0
2020-09-28,1.0
2020-09-29,1.0
2020-09-30,1.0
2020-10-01,1.0
2020-10-02,1.0
2020-10-05,0.9000204291143463
2020-10-06,0.8017647531904584
2020-10-07,0.7990202883128593
2020-10-08,0.8016687932308143
2020-10-09,0.79911488103953
2020-10-12,0.7963779640118973
2020-10-13,0.7961315198971033
2020-10-14,0.7996876628706805
2020-10-15,0.7982999493033717
2020-10-16,0.7977566232330344
2020-10-19,0.801268250787016
2020-10-20,0.8002971953366124
2020-10-21,0.8006131999204937
2020-10-22,0.8043670120626534
2020-10-23,0.8032427500586801
2020-10-26,0.8062424027381084
2020-10-27,0.8049570415643343
2020-10-28,0.9018924862361405
2020-10-29,0.903477099677368
2020-10-30,1.0
2020-11-02,1.0
2020-11-03,1.0
2020-11-04,1.0
2020-11-05,1.0
2020-11-06,1.0
2020-11-09,1.0
2020-11-10,1.0
2020-11-11,1.0
2020-11-12,1.0
2020-11-13,1.0
2020-11-16,1.0
2020-11-17,1.0
2020-11-18,1.0
2020-11-19,1.0
2020-11-20,1.0
2020-11-23,1.0
2020-11-24,1.0
2020-11-25,1.0
2020-11-27,1.0
2020-11-30,1.0
2020-12-01,1.0
2020-12-02,1.0
2020-12-03,1.0
2020-12-04,1.0
2020-12-07,1.0
2020-12-08,0.9007417660629736
2020-12-09,0.9008233222636509
2020-12-10,0.7987301708330499
2020-12-11,0.7994007279301718
2020-12-14,0.800425789969054
2020-12-15,0.7936767261506688
2020-12-16,0.7919228989230895
2020-12-17,0.6895628640422267
2020-12-18,0.6880703255456979
2020-12-21,0.6901375636901996
2020-12-22,0.6863681076460298
2020-12-23,0.6871214682099304
2020-12-24,0.6870714387267101
2020-12-28,0.6909165277043383
2020-12-29,0.6939028153229259
2020-12-30,0.6939312164471179
2020-12-31,0.6952427608010043
2021-01-04,0.6894383312953847
2021-01-05,0.6811492182958186
2021-01-06,0.665938187355587
2021-01-07,0.6619332289960669
2021-01-08,0.6632544195748599
2021-01-11,0.6633318614550321
2021-01-12,0.6557051858761396
2021-01-13,0.6576704332368112
2021-01-14,0.655133444294508
2021-01-15,0.6604258120545471
2021-01-19,0.6607557323208502
2021-01-20,0.6619987522210515
2021-01-21,0.6603871628888215
2021-01-22,0.6615913792995953
2021-01-25,0.6645420936516371
2021-01-26,0.6683569271908998
2021-01-27,0.6784336010055935
2021-01-28,0.8729057863235333
2021-01-29,0.8745068442512699
2021-02-01,0.8713470540065622
2021-02-02,0.8708368089725758
2021-02-03,0.8700483157419752
2021-02-04,0.868874294256655
2021-02-05,0.8685963880917513
2021-02-08,0.8654311198063255
2021-02-09,0.8693459411210882
2021-02-10,0.864915797969691
2021-02-11,0.8653831559247973
2021-02-12,0.8679204709727486
2021-02-16,0.8665116915955499
2021-02-17,0.8641619026510217
2021-02-18,0.8677154940483388
2021-02-19,0.8658270179230397
2021-02-22,0.8668123289631176
2021-02-23,0.8678481172834382
2021-02-24,0.8647122376504834
2021-02-25,0.8737116940337875
2021-02-26,0.87730745720243
2021-03-01,1.0
2021-03-02,1.0
2021-03-03,1.0
2021-03-04,1.0
2021-03-05,1.0
2021-03-08,1.0
2021-03-09,1.0
2021-03-10,1.0
2021-03-11,1.0
2021-03-12,1.0
2021-03-15,1.0
2021-03-16,1.0
2021-03-17,1.0
2021-03-18,1.0
2021-03-19,1.0
2021-03-22,1.0
2021-03-23,1.0
2021-03-24,1.0
2021-03-25,1.0
2021-03-26,1.0
2021-03-29,1.0
2021-03-30,1.0
2021-03-31,1.0
2021-04-01,1.0
2021-04-05,1.0
2021-04-06,1.0
2021-04-07,1.0
2021-04-08,1.0
2021-04-09,1.0
2021-04-12,1.0
2021-04-13,1.0
2021-04-14,1.0
2021-04-15,1.0
2021-04-16,1.0
2021-04-19,1.0
2021-04-20,1.0
2021-04-21,1.0
2021-04-22,1.0
2021-04-23,1.0
2021-04-26,1.0
2021-04-27,1.0
2021-04-28,1.0
2021-04-29,0.9005276686715282
2021-04-30,0.9013930956628187
2021-05-03,0.9023882586862051
2021-05-04,0.9019330661730531
2021-05-05,0.8015941329853719
2021-05-06,0.801673550336705
2021-05-07,0.8052958022022504
2021-05-10,0.8053508506258076
2021-05-11,0.8058934945456606
2021-05-12,0.8143654653072931
2021-05-13,1.0
2021-05-14,1.0
2021-05-17,1.0
2021-05-18,1.0
2021-05-19,1.0
2021-05-20,1.0
2021-05-21,1.0
2021-05-24,1.0
2021-05-25,1.0
2021-05-26,1.0
2021-05-27,1.0
2021-05-28,1.0
2021-06-01,0.9006321584787096
2021-06-02,0.9021699090044238
2021-06-03,0.8999550942846877
2021-06-04,0.8988148240887219
2021-06-07,0.8993423449750487
2021-06-08,0.8985934453732867
2021-06-09,0.8997225571043559
2021-06-10,0.9017770225178158
2021-06-11,0.9012360350681122
2021-06-14,0.9002405934131561
2021-06-15,0.9016072260315185
2021-06-16,0.9020636955323157
2021-06-17,0.9041182035300703
2021-06-18,1.0
2021-06-21,1.0
2021-06-22,1.0
2021-06-23,1.0
2021-06-24,1.0
2021-06-25,0.9000900707221956
2021-06-28,0.9030747079489541
2021-06-29,0.9024694664551285
2021-06-30,0.9019825160595173
2021-07-01,0.9017979440524898
2021-07-02,0.9022847043310468
2021-07-06,0.9025198776310001
2021-07-07,0.9027887985906031
2021-07-08,0.9045238020754208
2021-07-09,0.9020496259589372
2021-07-12,0.8028233481545237
2021-07-13,0.803360183494254
2021-07-14,0.8006929578070432
2021-07-15,0.8030705210494907
2021-07-16,0.8054384810265468
2021-07-19,0.9064145004536557
2021-07-20,1.0
2021-07-21,1.0
2021-07-22,1.0
2021-07-23,1.0
2021-07-26,1.0
2021-07-27,1.0
2021-07-28,0.9000980476757617
2021-07-29,0.8991723401401019
2021-07-30,0.8998333698307388
2021-08-02,0.90134788648225
2021-08-03,0.9020121094874779
2021-08-04,1.0
2021-08-05,1.0
2021-08-06,0.9000740140318806
2021-08-09,0.9019517025155637
2021-08-10,0.8017810085207456
2021-08-11,0.7995606620006013
2021-08-12,0.700005665023189
2021-08-13,0.7006212481379763
2021-08-16,0.7022470606915486
2021-08-17,0.705290005458451
2021-08-18,0.708102273233765
2021-08-19,0.903045798762674
2021-08-20,1.0
2021-08-23,1.0
2021-08-24,1.0
2021-08-25,1.0
2021-08-26,1.0
2021-08-27,1.0
2021-08-30,1.0
2021-08-31,0.900222079605048
2021-09-01,0.8022497967686912
2021-09-02,0.8008148873198194
2021-09-03,0.80162108123402
2021-09-07,0.8030309985304491
2021-09-08,0.8017469391712281
2021-09-09,0.8024286627233468
2021-09-10,0.8019849282505433
2021-09-13,0.7981556916584671
2021-09-14,0.7998785192389133
2021-09-15,0.7992992231288737
2021-09-16,0.800459369006255
2021-09-17,0.8975382954031594
2021-09-20,0.8989551445227628
2021-09-21,0.8998446202942317
2021-09-22,0.8983719821646854
2021-09-23,0.8977763225894799
2021-09-24,0.8977498892383675
2021-09-27,0.8957965620957069
2021-09-28,0.8959809840101602
2021-09-29,0.894744252897745
2021-09-30,0.8966270093138983
2021-10-01,0.895625372462032
2021-10-04,0.8967325652065968
2021-10-05,0.8946916670571912
2021-10-06,0.8937599394359816
2021-10-07,0.893773041449053
2021-10-08,0.8930002181227535
2021-10-11,0.8935240149413054
2021-10-12,0.8943765131053568
2021-10-13,0.8948624888785486
2021-10-14,0.8937861438462661
2021-10-15,0.8941664897463313
2021-10-18,0.8946785380978124
2021-10-19,0.893877948409302
2021-10-20,0.892882451753827
2021-10-21,0.793494286182743
2021-10-22,0.7895431755332162
2021-10-25,0.7893524271598431
2021-10-26,0.7908002893793613
2021-10-27,0.7944161112007789
2021-10-28,0.7944231279828565
2021-10-29,0.7967373492644476
2021-11-01,0.8924522248971607
2021-11-02,0.8929249389330463
2021-11-03,0.8912334693028926
2021-11-04,0.8940297703400583
2021-11-05,0.7943117041551119
2021-11-08,0.7969970987453792
2021-11-09,0.7961966040510675
2021-11-10,0.7989341312055672
2021-11-11,0.7980548969793948
2021-11-12,0.7992737669845091
2021-11-15,0.7976731789394376
2021-11-16,0.8009839459605683
2021-11-17,0.9141264874140188
2021-11-18,1.0
2021-11-19,1.0
2021-11-22,1.0
2021-11-23,1.0
2021-11-24,1.0
2021-11-26,1.0
2021-11-29,1.0
2021-11-30,1.0
2021-12-01,1.0
2021-12-02,1.0
2021-12-03,1.0
2021-12-06,1.0
2021-12-07,1.0
2021-12-08,1.0
2021-12-09,1.0
2021-12-10,1.0
2021-12-13,1.0
2021-12-14,1.0
2021-12-15,1.0
2021-12-16,1.0
2021-12-17,1.0
2021-12-20,1.0
2021-12-21,1.0
2021-12-22,1.0
2021-12-23,1.0
2021-12-27,0.8999952658585546
2021-12-28,0.9006305895611286
2021-12-29,0.9005753180068357
2021-12-30,0.9022575855284095
2021-12-31,0.9030628486121625
2022-01-03,0.898926864530428
2022-01-04,0.797018391586705
2022-01-05,0.803299824480734
2022-01-06,0.7993642827137366
2022-01-07,0.8004822443988194
2022-01-10,0.8023056783432261
2022-01-11,0.7976932722444657
2022-01-12,0.7965752305111973
2022-01-13,0.7993903065556848
2022-01-14,0.7987144389368516
2022-01-18,0.8958417877444841
2022-01-19,0.8961104149682045
2022-01-20,0.8976496352392384
2022-01-21,0.9024248894986937
2022-01-24,1.0
2022-01-25,1.0
2022-01-26,1.0
2022-01-27,1.0
2022-01-28,1.0
2022-01-31,1.0
2022-02-01,1.0
2022-02-02,1.0
2022-02-03,0.9000090227267166
2022-02-04,0.9010699184224397
2022-02-07,0.9008265740624676
2022-02-08,0.8954623782240295
2022-02-09,0.8951565349159021
2022-02-10,0.8971263275218445
2022-02-11,0.8980375483999321
2022-02-14,0.8994795069247162
2022-02-15,0.8972031055635026
2022-02-16,0.8970495626196043
2022-02-17,0.8985983750381248
2022-02-18,0.8994243902904613
2022-02-22,0.9002298334433767
2022-02-23,0.9002077508661588
2022-02-24,0.9007712922235134
2022-02-25,1.0
2022-02-28,1.0
2022-03-01,1.0
2022-03-02,1.0
2022-03-03,1.0
2022-03-04,1.0
2022-03-07,1.0
2022-03-08,1.0
2022-03-09,1.0
2022-03-10,1.0
2022-03-11,1.0
2022-03-14,1.0
2022-03-15,1.0
2022-03-16,1.0
2022-03-17,1.0
2022-03-18,1.0
2022-03-21,1.0
2022-03-22,1.0
2022-03-23,1.0
2022-03-24,1.0
2022-03-25,1.0
2022-03-28,1.0
2022-03-29,1.0
2022-03-30,1.0
2022-03-31,1.0
2022-04-01,1.0
2022-04-04,1.0
2022-04-05,1.0
2022-04-06,1.0
2022-04-07,1.0
2022-04-08,1.0
2022-04-11,1.0
2022-04-12,1.0
2022-04-13,1.0
2022-04-14,1.0
2022-04-18,1.0
2022-04-19,1.0
2022-04-20,1.0
2022-04-21,1.0
2022-04-22,1.0
2022-04-25,1.0
2022-04-26,1.0
2022-04-27,1.0
2022-04-28,1.0
2022-04-29,1.0
2022-05-02,1.0
2022-05-03,1.0
2022-05-04,1.0
2022-05-05,1.0
2022-05-06,1.0
2022-05-09,1.0
2022-05-10,1.0
2022-05-11,1.0
2022-05-12,1.0
2022-05-13,1.0
2022-05-16,1.0
2022-05-17,1.0
2022-05-18,1.0
2022-05-19,1.0
2022-05-20,1.0
2022-05-23,1.0
2022-05-24,1.0
2022-05-25,1.0
2022-05-26,1.0
2022-05-27,1.0
2022-05-31,1.0
2022-06-01,1.0
2022-06-02,1.0
2022-06-03,1.0
2022-06-06,1.0
2022-06-07,1.0
2022-06-08,1.0
2022-06-09,1.0
2022-06-10,1.0
2022-06-13,1.0
2022-06-14,1.0
2022-06-15,1.0
2022-06-16,1.0
2022-06-17,1.0
2022-06-21,1.0
2022-06-22,1.0
2022-06-23,1.0
2022-06-24,1.0
2022-06-27,1.0
2022-06-28,1.0
2022-06-29,1.0
2022-06-30,1.0
2022-07-01,1.0
2022-07-05,1.0
2022-07-06,1.0
2022-07-07,1.0
2022-07-08,1.0
2022-07-11,1.0
2022-07-12,1.0
2022-07-13,1.0
2022-07-14,1.0
2022-07-15,1.0
2022-07-18,1.0
2022-07-19,1.0
2022-07-20,1.0
2022-07-21,1.0
2022-07-22,1.0
2022-07-25,1.0
2022-07-26,1.0
2022-07-27,1.0
2022-07-28,1.0
2022-07-29,1.0
2022-08-01,1.0
2022-08-02,1.0
2022-08-03,1.0
2022-08-04,1.0
2022-08-05,1.0
2022-08-08,1.0
2022-08-09,1.0
2022-08-10,1.0
2022-08-11,1.0
2022-08-12,1.0
2022-08-15,1.0
2022-08-16,1.0
2022-08-17,1.0
2022-08-18,1.0
2022-08-19,1.0
2022-08-22,1.0
2022-08-23,1.0
2022-08-24,1.0
2022-08-25,1.0
2022-08-26,1.0
2022-08-29,1.0
2022-08-30,1.0
2022-08-31,1.0
2022-09-01,1.0
2022-09-02,1.0
2022-09-06,1.0
2022-09-07,1.0
2022-09-08,1.0
2022-09-09,1.0
2022-09-12,1.0
2022-09-13,1.0
2022-09-14,1.0
2022-09-15,1.0
2022-09-16,1.0
2022-09-19,1.0
2022-09-20,1.0
2022-09-21,1.0
2022-09-22,1.0
2022-09-23,1.0
2022-09-26,1.0
2022-09-27,1.0
2022-09-28,1.0
2022-09-29,1.0
2022-09-30,1.0
2022-10-03,1.0
2022-10-04,1.0
2022-10-05,1.0
2022-10-06,1.0
2022-10-07,1.0
2022-10-10,1.0
2022-10-11,1.0
2022-10-12,1.0
2022-10-13,1.0
2022-10-14,1.0
2022-10-17,1.0
2022-10-18,1.0
2022-10-19,1.0
2022-10-20,1.0
2022-10-21,1.0
2022-10-24,1.0
2022-10-25,1.0
2022-10-26,1.0
2022-10-27,1.0
2022-10-28,1.0
2022-10-31,1.0
2022-11-01,1.0
2022-11-02,1.0
2022-11-03,1.0
2022-11-04,1.0
2022-11-07,1.0
2022-11-08,1.0
2022-11-09,1.0
2022-11-10,1.0
2022-11-11,1.0
2022-11-14,1.0
2022-11-15,1.0
2022-11-16,1.0
2022-11-17,1.0
2022-11-18,1.0
2022-11-21,1.0
2022-11-22,1.0
2022-11-23,1.0
2022-11-25,1.0
2022-11-28,1.0
2022-11-29,1.0
2022-11-30,1.0
2022-12-01,1.0
2022-12-02,1.0
2022-12-05,1.0
2022-12-06,1.0
2022-12-07,1.0
2022-12-08,1.0
2022-12-09,1.0
2022-12-12,1.0
2022-12-13,1.0
2022-12-14,1.0
2022-12-15,1.0
2022-12-16,1.0
2022-12-19,1.0
2022-12-20,1.0
2022-12-21,1.0
2022-12-22,1.0
2022-12-23,1.0
2022-12-27,1.0
2022-12-28,1.0
2022-12-29,1.0
2022-12-30,1.0
2023-01-03,1.0
2023-01-04,1.0
2023-01-05,1.0
2023-01-06,1.0
2023-01-09,1.0
2023-01-10,1.0
2023-01-11,1.0
2023-01-12,1.0
2023-01-13,1.0
2023-01-17,1.0
2023-01-18,1.0
2023-01-19,1.0
2023-01-20,1.0
2023-01-23,1.0
2023-01-24,1.0
2023-01-25,1.0
2023-01-26,1.0
2023-01-27,1.0
2023-01-30,1.0
2023-01-31,0.9004317355872877
2023-02-01,0.9049240388395272
2023-02-02,1.0
2023-02-03,1.0
2023-02-06,1.0
2023-02-07,1.0
2023-02-08,1.0
2023-02-09,1.0
2023-02-10,1.0
2023-02-13,1.0
2023-02-14,1.0
2023-02-15,1.0
2023-02-16,1.0
2023-02-17,1.0
2023-02-21,1.0
2023-02-22,1.0
2023-02-23,1.0
2023-02-24,1.0
2023-02-27,1.0
2023-02-28,0.9002064471791306
2023-03-01,0.9006300575422712
2023-03-02,0.9007409153918322
2023-03-03,0.9015699338397207
2023-03-06,0.9003954045626753
2023-03-07,0.9017986753917143
2023-03-08,0.8023068550939245
2023-03-09,0.8039619700976359
2023-03-10,0.903335071848779
2023-03-13,0.9033594467594865
2023-03-14,0.9016320906881542
2023-03-15,0.9040669015793443
2023-03-16,0.9013414545720793
2023-03-17,0.9043979833082657
2023-03-20,0.902916046679567
2023-03-21,0.9007326282690694
2023-03-22,0.9020609416673004
2023-03-23,0.9024882964790486
2023-03-24,0.9026593576351233
2023-03-27,0.9019023234792392
2023-03-28,0.9019145109550276
2023-03-29,0.901780340726146
2023-03-30,0.9021463880149876
2023-03-31,0.9007326282690694
2023-04-03,0.8998452164623834
2023-04-04,0.9055034501428293
2023-04-05,1.0
2023-04-06,1.0
2023-04-10,1.0
2023-04-11,1.0
2023-04-12,1.0
2023-04-13,1.0
2023-04-14,1.0
2023-04-17,1.0
2023-04-18,0.90085297678822
2023-04-19,0.9002144853917744
2023-04-20,0.799078933373551
2023-04-21,0.7985194853630984
2023-04-24,0.797617717129438
2023-04-25,0.8013442809147409
2023-04-26,0.8043742227151262
2023-04-27,0.8982548688015427
2023-04-28,0.8965271624605246
2023-05-01,0.7994249835666387
2023-05-02,0.7037361763082903
2023-05-03,0.704030914795291
2023-05-04,0.8064118232904636
2023-05-05,0.8999133248894048
2023-05-08,0.9005298134617903
2023-05-09,0.900176675582175
2023-05-10,0.9009360267608064
2023-05-11,0.9012474952511877
2023-05-12,0.9012158322893942
2023-05-15,0.9005087325883621
2023-05-16,0.9023632318554525
2023-05-17,0.8002490531110741
2023-05-18,0.797573678083074
2023-05-19,0.7994597638739269
2023-05-22,0.7988648812537908
2023-05-23,0.8010405736258557
2023-05-24,0.8043016180373337
2023-05-25,0.7998608550494288
2023-05-26,0.796543496316816
2023-05-30,0.7957257549124716
2023-05-31,0.8002839098101268
2023-06-01,0.7989865890296739
2023-06-02,0.7924923607201815
2023-06-05,0.7935524122376102
2023-06-06,0.7908436469898472
2023-06-07,0.7874515809425375
2023-06-08,0.7875399094906418
2023-06-09,0.7882409506663046
2023-06-12,0.7854335552675868
2023-06-13,0.6827510191717212
2023-06-14,0.683889574969601
2023-06-15,0.6828367505299104
2023-06-16,0.5855553092041427
2023-06-20,0.6824648341211911
2023-06-21,0.6826643492523026
2023-06-22,0.6859398585169505
2023-06-23,0.7789760533472992
2023-06-26,0.7774188608646184
2023-06-27,0.7748083258718524
2023-06-28,0.7749603664913292
2023-06-29,0.7711129031252189
2023-06-30,0.6702219214412397
2023-07-03,0.6707107961719865
2023-07-05,0.6739581181589586
2023-07-06,0.6772475791262631
2023-07-07,0.6756085401211083
2023-07-10,0.6703612811766689
2023-07-11,0.6689862828830084
2023-07-12,0.6688767977571677
2023-07-13,0.668088931861212
2023-07-14,0.6707565282228717
2023-07-17,0.6630756904682527
2023-07-18,0.6596959658306832
2023-07-19,0.661308147467131
2023-07-20,0.6610397627762972
2023-07-21,0.6660051128373627
2023-07-24,0.6655779829364102
2023-07-25,0.6662046063670883
2023-07-26,0.6669446981198317
2023-07-27,0.667724897022625
2023-07-28,0.6665994626305749
2023-07-31,0.6646263276567171
2023-08-01,0.657819002695693
2023-08-02,0.6343751844293297
2023-08-03,0.6390447492076717
2023-08-04,0.6405642176735269
2023-08-07,0.6389666355889609
2023-08-08,0.6419650811386011
2023-08-09,0.6421606444101229
2023-08-10,0.6432955378236392
2023-08-11,0.6412144824276851
2023-08-14,0.639726397279315
2023-08-15,0.6389540991734268
2023-08-16,0.6410917749759483
2023-08-17,0.6466180500898998
2023-08-18,0.6443533054157681
2023-08-21,0.646701955748374
2023-08-22,0.6455645065130573
2023-08-23,0.7522512257217782
2023-08-24,0.7534580995733333
2023-08-25,0.7499012657834083
2023-08-28,0.7465467095910421
2023-08-29,0.7443923524000691
2023-08-30,0.7430199358186341
2023-08-31,0.6448125668811104
2023-09-01,0.6425465678453035
2023-09-05,0.6492945137487008
2023-09-06,0.6480129569846107
2023-09-07,0.647935364589795
2023-09-08,0.6489746730575814
2023-09-11,0.7406275164230944
2023-09-12,0.7459508078232278
2023-09-13,0.7519827982801854
2023-09-14,0.7506190752011587
2023-09-15,0.7537693492217539
2023-09-18,0.7516286046983485
2023-09-19,0.753516794334815
2023-09-20,0.8764549587654771
2023-09-21,0.8795702962243442
2023-09-22,0.8799147460895222
2023-09-25,0.8764549587654771
2023-09-26,0.8765096757382085
2023-09-27,0.8725611732544106
2023-09-28,0.8662769621812757
2023-09-29,0.8713970756377163
2023-10-02,0.8712213698306613
2023-10-03,0.872805214585108
2023-10-04,0.870829682233121
2023-10-05,0.8722224554572657
2023-10-06,0.8703709035443679
2023-10-09,0.8674810066246912
2023-10-10,0.8671596102944186
2023-10-11,0.8626848538070655
2023-10-12,0.8677490215396693
2023-10-13,0.8745854209238029
2023-10-16,1.0
2023-10-17,1.0
2023-10-18,1.0
2023-10-19,1.0
2023-10-20,1.0
2023-10-23,1.0
2023-10-24,1.0
2023-10-25,1.0
2023-10-26,1.0
2023-10-27,1.0
2023-10-30,1.0
2023-10-31,1.0
2023-11-01,1.0
2023-11-02,0.9007527897805404
2023-11-03,0.89043257120553
2023-11-06,0.8910140215266008
2023-11-07,0.8924820740244763
2023-11-08,0.8942145361122662
2023-11-09,0.8916404852113263
2023-11-10,0.8911834679776137
2023-11-13,0.8884144272792708
2023-11-14,0.8879972366986888
2023-11-15,0.8887293739877689
2023-11-16,0.8899253377959184
2023-11-17,0.8897270025215311
2023-11-20,0.8885608707545065
2023-11-21,0.887864198827554
2023-11-22,0.8847171646338874
2023-11-24,0.8839175296834205
2023-11-27,0.8825035769293486
2023-11-28,0.8842662697592906
2023-11-29,0.8855692490229405
2023-11-30,0.8848408756196471
2023-12-01,0.8843244442520183
2023-12-04,0.8823515581355494
2023-12-05,0.8842153958656704
2023-12-06,0.8838086153560816
2023-12-07,0.8862769313216992
2023-12-08,0.885868218343212
2023-12-11,0.8852413309596621
2023-12-12,0.8849354683290422
2023-12-13,0.8838666846626249
2023-12-14,0.8847608167559999
2023-12-15,0.8853578879476027
2023-12-18,0.8841354613941504
2023-12-19,0.8806758011591611
2023-12-20,0.883293376647002
2023-12-21,0.8826049481584978
2023-12-22,0.8813323063571394
2023-12-26,0.8803010273437666
2023-12-27,0.8804379453977597
2023-12-28,0.8811590739953018
2023-12-29,0.8813828825693246
2024-01-02,0.8833949294128682
2024-01-03,0.8851539248977001
2024-01-04,0.8849864363927159
2024-01-05,0.8850883788583238
2024-01-08,0.8848699771807034
2024-01-09,0.8853797563789945
2024-01-10,0.8845789350438538
2024-01-11,0.8840410058767444
2024-01-12,0.8832861438267893
2024-01-16,0.8844480229043028
2024-01-17,0.8854963723988224
2024-01-18,1.0
2024-01-19,1.0
2024-01-22,1.0
2024-01-23,0.9004956559328632
2024-01-24,0.9005681576596825
2024-01-25,0.9030772790305349
2024-01-26,0.8027734122887168
2024-01-29,0.6986647555649084
2024-01-30,0.7004043823271257
2024-01-31,0.7082623706442599
2024-02-01,0.7108356673258336
2024-02-02,0.7070763425151172
2024-02-05,0.7096016382505861
2024-02-06,0.8948394636561822
2024-02-07,0.8953440635532256
2024-02-08,0.8955965813495649
2024-02-09,0.9045252897333229
2024-02-12,1.0
2024-02-13,1.0
2024-02-14,1.0
2024-02-15,1.0
2024-02-16,1.0
2024-02-20,1.0
2024-02-21,1.0
2024-02-22,1.0
2024-02-23,1.0
2024-02-26,1.0
2024-02-27,1.0
2024-02-28,1.0
2024-02-29,1.0
2024-03-01,0.9000402469590534
2024-03-04,0.8035585871475287
2024-03-05,0.8026045731401423
2024-03-06,0.8019754817232375
2024-03-07,0.8016430449537745
2024-03-08,0.801211884918323
2024-03-11,0.8033849272920642
2024-03-12,0.8032814373686066
2024-03-13,0.8006397581255176
2024-03-14,0.8003709064492941
2024-03-15,0.8011783410996962
2024-03-18,0.8016624397003154
2024-03-19,0.8000269314866726
2024-03-20,0.7987143098540501
2024-03-21,0.7960692549663888
2024-03-22,0.7987444587972796
2024-03-25,0.7986414492734921
2024-03-26,0.7994314086732576
2024-03-27,0.7981008028964804
2024-03-28,0.7963373264405597
2024-04-01,0.7953707966629587
2024-04-02,0.7965692585784787
2024-04-03,0.7925085398453087
2024-04-04,0.794553674861562
2024-04-05,0.7948765837005024
2024-04-08,0.7958278778467229
2024-04-09,0.7993457527658165
2024-04-10,0.8990958982872208
2024-04-11,0.8989925392875375
2024-04-12,0.9002487463749598
2024-04-15,0.9018866139945303
2024-04-16,1.0
2024-04-17,1.0
2024-04-18,1.0
2024-04-19,1.0
2024-04-22,1.0
2024-04-23,1.0
2024-04-24,1.0
2024-04-25,1.0
2024-04-26,1.0
2024-04-29,1.0
2024-04-30,1.0
2024-05-01,1.0
2024-05-02,0.9006895838730331
2024-05-03,0.8994309136674561
2024-05-06,0.900706614156931
2024-05-07,0.8981842272415094
2024-05-08,0.8990913356474768
2024-05-09,0.8984892188093694
2024-05-10,0.8960887946020524
2024-05-13,0.8978625191196473
2024-05-14,0.8956590879472277
2024-05-15,0.8953055242236863
2024-05-16,0.8961309408639659
2024-05-17,0.8966539343085222
2024-05-20,0.8970930465673952
2024-05-21,0.8977186721737905
2024-05-22,0.8983960046090976
2024-05-23,0.898641792279744
2024-05-24,0.8974142034160661
2024-05-28,0.8970676962717088
2024-05-29,0.8961899638705222
2024-05-30,0.7973933649071956
2024-05-31,0.7947970491560146
2024-06-03,0.7952312460867607
2024-06-04,0.7974221715586455
2024-06-05,0.7939760473034255
2024-06-06,0.7945551369628221
2024-06-07,0.7944481452283269
2024-06-10,0.7942372471285877
2024-06-11,0.7952627950096018
2024-06-12,0.793984738253016
2024-06-13,0.7938522961123733
2024-06-14,0.795265126225334
2024-06-17,0.7961883731655441
2024-06-18,0.7939376549517367
2024-06-20,0.79575658789781
2024-06-21,0.7946136943837531
2024-06-24,0.7948172125404764
2024-06-25,0.7946368682866684
2024-06-26,0.7915504790062085
2024-06-27,0.7903699844407068
2024-06-28,0.7947561619722951
2024-07-01,0.8897881980280472
2024-07-02,0.8884872400412013
2024-07-03,0.8882291721968572
2024-07-05,0.8861700012489256
2024-07-08,0.8855077840378475
2024-07-09,0.8861865665256066
2024-07-10,0.8875306420173902
2024-07-11,0.7855359316860513
2024-07-12,0.7823588770541707
2024-07-15,0.7780696123461235
2024-07-16,0.6770499698409875
2024-07-17,0.680481304224946
2024-07-18,0.684906210658007
2024-07-19,0.6820462020264519
2024-07-22,0.6780189899437306
2024-07-23,0.6738981200209427
2024-07-24,0.678938121465299
2024-07-25,0.6818967074988155
2024-07-26,0.6772081854831349
2024-07-29,0.6795835273850148
2024-07-30,0.67950825615503
2024-07-31,0.6865633413000105
2024-08-01,0.7761563056507019
2024-08-02,0.7845197790418691
2024-08-05,0.8988940812910119
2024-08-06,0.9003694866660141
2024-08-07,1.0
2024-08-08,1.0
2024-08-09,1.0
2024-08-12,1.0
2024-08-13,1.0
2024-08-14,1.0
2024-08-15,1.0
2024-08-16,1.0
2024-08-19,1.0
2024-08-20,1.0
2024-08-21,1.0
2024-08-22,1.0
2024-08-23,1.0
2024-08-26,1.0
2024-08-27,1.0
2024-08-28,1.0
2024-08-29,1.0
2024-08-30,1.0
2024-09-03,1.0
2024-09-04,1.0
2024-09-05,1.0
2024-09-06,1.0
2024-09-09,1.0
2024-09-10,1.0
2024-09-11,1.0
2024-09-12,1.0
2024-09-13,1.0
2024-09-16,1.0
2024-09-17,1.0
2024-09-18,0.9021562348918502
2024-09-19,0.8998556745223439
2024-09-20,0.9003943529044824
2024-09-23,0.900876204194978
2024-09-24,0.9015312637109781
2024-09-25,0.9020098921830974
2024-09-26,0.9020364964168157
2024-09-27,0.9013629785553308
2024-09-30,0.9008231272711784
2024-10-01,0.9011770529697154
2024-10-02,0.9005932222226699
2024-10-03,0.903048648882936
2024-10-04,0.9021651125073638
2024-10-07,0.9021030070342119
2024-10-08,0.9021296099273052
2024-10-09,0.9018281180908028
2024-10-10,0.9039962616521022
2024-10-11,0.9011859181438598
2024-10-14,0.901845853753966
2024-10-15,0.8037541081924771
2024-10-16,0.8020650661952013
2024-10-17,0.8040094671367736
2024-10-18,0.8045056533702287
2024-10-21,0.8049548046884761
2024-10-22,0.8067159612494723
2024-10-23,0.9003190913046873
2024-10-24,0.9006228364104754
2024-10-25,0.9011944338930089
2024-10-28,0.8999427347586554
2024-10-29,0.8998335232106394
2024-10-30,0.8988881753948006
2024-10-31,0.9007443899920506
2024-11-01,0.8991182727032991
2024-11-04,0.8993121229471359
2024-11-05,0.8982711330453674
2024-11-06,0.8897325432956854
2024-11-07,0.890611177182592
2024-11-08,0.8919085548424373
2024-11-11,0.8905874114255038
2024-11-12,0.8888911564539288
2024-11-13,0.8899342366088961
2024-11-14,0.8916463939278201
2024-11-15,0.8916463939278201
2024-11-18,0.8907776002172961
2024-11-19,0.8890095636937716
2024-11-20,0.8886899356143146
2024-11-21,0.8871305841204908
2024-11-22,0.887354700631845
2024-11-25,0.8876261515931281
2024-11-26,0.8875789304092817
2024-11-27,0.886682699540779
2024-11-29,0.8863058818390952
2024-12-02,0.8883232278479474
2024-12-03,0.886906589781821
2024-12-04,0.8877206000271441
2024-12-05,0.8892820282339843
2024-12-06,0.8890095636937716
2024-12-09,0.8894835173214196
2024-12-10,0.8895190826334154
2024-12-11,0.8894598026638739
2024-12-12,0.8897325432956854
2024-12-13,0.8900766682190199
2024-12-16,0.890932198075239
2024-12-17,0.8888911564539288
2024-12-18,0.8908370559777591
2024-12-19,0.8906468327307757
2024-12-20,0.7900011449799026
2024-12-23,0.789029987807967
2024-12-24,0.7885190599939527
2024-12-26,0.7873200397185904
2024-12-27,0.7890905796171157
2024-12-30,0.7959617072946645
2024-12-31,0.7960158134623526
2025-01-02,0.7967223974395612
2025-01-03,0.7934056631656967
2025-01-06,0.7917165502689165
2025-01-07,0.7923481937841461
2025-01-08,0.7897297937237375
2025-01-10,0.6937915878912148
2025-01-13,0.7853136718792768
2025-01-14,0.778433555797295
2025-01-15,0.7723086468271567
2025-01-16,0.6727170802551579
2025-01-17,0.6722806358732702
2025-01-21,0.6671085502460712
2025-01-22,0.6646692876533769
2025-01-23,0.671223620452297
2025-01-24,0.6733369130365043
2025-01-27,0.6928805421194676
2025-01-28,0.8739556876642024
2025-01-29,0.8741335131572071
2025-01-30,0.7745094575028759
2025-01-31,0.7744383515897896
2025-02-03,0.7752544129549142
2025-02-04,0.7753995407459788
2025-02-05,0.7750248850375864
2025-02-06,0.6802472575327215
2025-02-07,0.6824941099392943
2025-02-10,0.6843172859920392
2025-02-11,0.6879695770400602
2025-02-12,0.9001934330823341
2025-02-13,0.8982321972605485
2025-02-14,0.8966898618449627
2025-02-18,0.8948034687088935
2025-02-19,0.8985756496238502
2025-02-20,0.9016094585981782
2025-02-21,0.9035507607747795
2025-02-24,0.9035333786742487
2025-02-25,0.9035941784298149
2025-02-26,0.9018257035707541
2025-02-27,0.902544397241499
2025-02-28,0.9016613447052246
2025-03-03,0.9038722137845312
2025-03-04,0.9070644812383517
2025-03-05,1.0
2025-03-06,1.0
2025-03-07,1.0
2025-03-10,1.0
2025-03-11,1.0
2025-03-12,1.0
2025-03-13,1.0
2025-03-14,1.0
2025-03-17,1.0
2025-03-18,1.0
2025-03-19,1.0
2025-03-20,1.0
2025-03-21,1.0
2025-03-24,1.0
2025-03-25,1.0
2025-03-26,1.0
2025-03-27,1.0
2025-03-28,1.0
2025-03-31,1.0
2025-04-01,1.0
2025-04-02,1.0
2025-04-03,1.0
2025-04-04,1.0
2025-04-07,1.0
2025-04-08,1.0
2025-04-09,1.0
2025-04-10,1.0
2025-04-11,1.0
2025-04-14,1.0
2025-04-15,1.0
2025-04-16,1.0
2025-04-17,1.0
2025-04-21,1.0
2025-04-22,1.0
2025-04-23,1.0
2025-04-24,1.0
2025-04-25,1.0
2025-04-28,1.0
2025-04-29,1.0
2025-04-30,1.0
2025-05-01,1.0
2025-05-02,1.0
2025-05-05,1.0
2025-05-06,1.0
2025-05-07,1.0
2025-05-08,1.0
2025-05-09,1.0
2025-05-12,1.0
2025-05-13,1.0
2025-05-14,1.0
2025-05-15,1.0
2025-05-16,1.0
2025-05-19,1.0
2025-05-20,1.0
2025-05-21,1.0
2025-05-22,1.0
2025-05-23,1.0
2025-05-27,1.0
2025-05-28,1.0
2025-05-29,1.0
2025-05-30,1.0
2025-06-02,1.0
2025-06-03,1.0
2025-06-04,1.0
2025-06-05,1.0
2025-06-06,1.0
2025-06-09,1.0
2025-06-10,1.0
2025-06-11,1.0
2025-06-12,1.0
2025-06-13,1.0
2025-06-16,1.0
2025-06-17,1.0
2025-06-18,1.0
2025-06-20,1.0
2025-06-23,1.0
2025-06-24,1.0
2025-06-25,0.900284815610306
2025-06-26,0.8977749947705379
2025-06-27,0.8966994833010256
2025-06-30,0.896946339261508
2025-07-01,0.8957279389149164
2025-07-02,0.7947152477344589
2025-07-03,0.7884743555283114
2025-07-07,0.7897759521896792
2025-07-08,0.7931807774841693
2025-07-09,0.7925552994726699
2025-07-10,0.7945355765000393
2025-07-11,0.79671598220247
2025-07-14,0.7985401642841259
2025-07-15,0.7960617712751559
2025-07-16,0.798096784907486
2025-07-17,0.7991832080241534
2025-07-18,0.7999229026350421
2025-07-21,0.7987466505654955
2025-07-22,0.7976290952915384
2025-07-23,0.795714230521126
2025-07-24,0.6964980411126169
2025-07-25,0.6948976420513682
2025-07-28,0.6960775285313796
2025-07-29,0.6945631839180351
2025-07-30,0.700850372968294
2025-07-31,0.7965331495808512
2025-08-01,0.7971502438077649
2025-08-04,0.7949005121518541
2025-08-05,0.79494503134662
2025-08-06,0.7952253953226354
2025-08-07,0.79467135639661
2025-08-08,0.7949099996518331
2025-08-11,0.6960376358756346
2025-08-12,0.6898476429641887
2025-08-13,0.6908997123173648
2025-08-14,0.6962634572967306
2025-08-15,0.7935198801937843
2025-08-18,0.7940300532961285
2025-08-19,0.7924802988818098
2025-08-20,0.7932376581295784
2025-08-21,0.7942430158812311
2025-08-22,0.7904189532834343
2025-08-25,0.7915515388061538
2025-08-26,0.7913718006424302
2025-08-27,0.7906547158395664
2025-08-28,0.7922588717631172
2025-08-29,0.7927394502179094
2025-09-02,0.7939951819483413
2025-09-03,0.7948282773073885
2025-09-04,0.7938350952564994
2025-09-05,0.7935329021756337
2025-09-08,0.7947911328787804
2025-09-09,0.8966438319760054
2025-09-10,1.0
2025-09-11,1.0
2025-09-12,1.0
2025-09-15,1.0
2025-09-16,1.0
2025-09-17,1.0
2025-09-18,1.0
2025-09-19,1.0
2025-09-22,1.0
2025-09-23,1.0
2025-09-24,1.0
2025-09-25,1.0
2025-09-26,1.0
2025-09-29,1.0
2025-09-30,1.0
2025-10-01,0.9001735780435242
2025-10-02,0.8962729075141812
2025-10-03,0.8964671333636225
2025-10-06,0.8957876970201898
2025-10-07,0.8947704713663129
2025-10-08,0.8950608701315964
2025-10-09,0.8906286607614009
2025-10-10,0.8979752868432199
2025-10-13,0.8865725181274902
2025-10-14,0.8889062408975538
2025-10-15,0.8860028566701112
2025-10-16,0.8914923762505461
2025-10-17,0.8945286086151666
2025-10-20,0.8897666172604969
2025-10-21,0.8900537765735881
2025-10-22,0.8935142388874445
2025-10-23,0.893032009884701
2025-10-24,0.8880951906596964
2025-10-27,0.889718773867849
2025-10-28,0.7924080737463968
2025-10-29,0.6949063862856555
2025-10-30,0.6990807860437123
2025-10-31,0.5948389245481716
2025-11-03,0.599364980662332
2025-11-04,0.6049810194813754
2025-11-05,0.5967192688365561
2025-11-06,0.5946466237664745
2025-11-07,0.603707110260875
2025-11-10,0.6941408190225972
2025-11-11,0.6948940331967968
2025-11-12,0.6905694314143841
2025-11-13,0.6958969908595634
2025-11-14,0.6977173638655281
2025-11-17,0.7018498768994847
2025-11-18,0.7965237805342008
2025-11-19,0.7941535287098402
2025-11-20,0.7969768356675815
2025-11-21,0.7951402075313796
2025-11-24,0.7910164572192182
2025-11-25,0.6872455093478453
2025-11-26,0.6862745436195217
2025-11-28,0.6862753379550177
2025-12-01,0.6881155695735806
2025-12-02,0.6882971759047596
2025-12-03,0.5860838250045415
2025-12-04,0.585602636165435
2025-12-05,0.5856592824135797
2025-12-08,0.5863993352781722
2025-12-09,0.5905277006287759
2025-12-10,0.578717777303202
2025-12-11,0.5767355072397413
2025-12-12,0.5822234987999907
2025-12-15,0.48526170273920144
2025-12-16,0.48686157654412376
2025-12-17,0.4907675258911566
2025-12-18,0.48600839357248293
2025-12-19,0.4850326192156218
2025-12-22,0.3837705017795734
2025-12-23,0.38650457602026733
2025-12-24,0.3857385710630832
2025-12-26,0.3860159550029655
2025-12-29,0.3885307732792185
2025-12-30,0.3914239647608464
2025-12-31,0.39410677569439767
2026-01-02,0.6748949495498417
2026-01-05,0.6693703149766357
2026-01-06,0.6648077697440307
2026-01-07,0.665312550056917
2026-01-08,0.6645544401502244
2026-01-09,0.6617338337111783
2026-01-12,0.6599321652318237
2026-01-13,0.6589528698752327
2026-01-14,0.6605625746128363
2026-01-15,0.6570146755748825
2026-01-16,0.6561995629234016
2026-01-20,0.6622307724773644
2026-01-21,0.5567628394650836
2026-01-22,0.5561352525631209
2026-01-23,0.5649093057681875
2026-01-26,0.5615993544220874
2026-01-27,0.5622699723215524
2026-01-28,0.5610695912274701
2026-01-29,0.5582197132976187
2026-01-30,0.5596684663845217
2026-02-02,0.5562784110624567
2026-02-03,0.5586334917964042
2026-02-04,0.5542125454044877
2026-02-05,0.5598424177992277
2026-02-06,0.5525184820694349
2026-02-09,0.5511414504291501
2026-02-10,0.5527469719702685
2026-02-11,0.6520963566753168
2026-02-12,0.6549287868954131
2026-02-13,0.6511263553311029
2026-02-17,0.5518590017112999
2026-02-18,0.5527199935489989
2026-02-19,0.5582591874005933
2026-02-20,0.6493791411855884
2026-02-23,0.6507157223232451
2026-02-24,0.646357561458661
2026-02-25,0.6483243032651145
2026-02-26,0.6478649241677433
2026-02-27,0.6514959328072611
2026-03-02,0.6508456996243117
2026-03-03,0.6582403413259559
2026-03-04,0.7807910210483169
2026-03-05,0.7850637928806079
2026-03-06,0.9001372070075476
2026-03-09,1.0
2026-03-10,1.0
2026-03-11,1.0
2026-03-12,1.0
2026-03-13,1.0
2026-03-16,0.9003974912371512
2026-03-17,0.8935013457958454
2026-03-18,0.8875442050147718
2026-03-19,0.8840847457179889
2026-03-20,0.8873385369995296
2026-03-23,0.8832810168133728
2026-03-24,0.8846013445661655
2026-03-25,0.8821080346305212
2026-03-26,0.8837606730663226
2026-03-27,0.888828779433594
2026-03-30,0.8926069628368133
2026-03-31,0.8835687498953683
2026-04-01,0.8812959601888675
2026-04-02,0.8785247134055838
2026-04-06,0.8820243700406261
2026-04-07,0.8825983955205654
2026-04-08,0.8792723051036994
2026-04-09,0.8819048780269134
2026-04-10,0.8959609059248341
2026-04-13,0.890713859978908
2026-04-14,0.8986076747491224
2026-04-15,0.8933541981707465
2026-04-16,0.8804020224918676
2026-04-17,0.8837486817185793
2026-04-20,0.8790467058265717
2026-04-21,0.8729873542998142
2026-04-22,0.8720400897363091
2026-04-23,0.871643078956561
2026-04-24,0.8724023783982905
2026-04-27,0.8680515008088188
2026-04-28,0.8733738704759677
2026-04-29,0.8704658636501135
2026-04-30,0.8709783205596833
2026-05-01,0.8635948359166357
2026-05-04,0.8567863208060229
2026-05-05,0.809924619445091
2026-05-06,0.8017251609204991
2026-05-07,0.8122895405044941
2026-05-08,0.7988130741420587
2026-05-11,0.8000205907412907
2026-05-12,0.8069627709224955
2026-05-13,0.8035163649909858
2026-05-14,0.7042381476474526
2026-05-15,0.7096851330129866
2026-05-18,0.7154424759600049
2026-05-19,0.7129297567293083
2026-05-20,0.6043543057043317
2026-05-21,0.6119684348226219
2026-05-22,0.7016291757922576
2026-05-26,0.6986441057528263
2026-05-27,0.7070684575838233
2026-05-28,0.7052946444229566
2026-05-29,0.7027198475148912
2026-06-01,0.6882696166572628
2026-06-02,0.6888351818047245
2026-06-03,0.688136729455493
2026-06-04,0.6796795017251338
2026-06-05,0.6871961003760187
2026-06-08,0.6884837325009934
2026-06-09,0.6862683572137098
2026-06-10,0.683554207563285
2026-06-11,0.6790756218780927
2026-06-12,0.6813136004687401
2026-06-15,0.6730188889050159
2026-06-16,0.6828381623133901
2026-06-17,0.6820959888408278
2026-06-18,0.5841850359192229
2026-06-22,0.5892865633054494
2026-06-23,0.595500846449321
2026-06-24,0.5974238618776349
2026-06-25,0.5995443892011756
2026-06-26,0.6023795030723841
2026-06-29,0.6810873952551735
2026-06-30,0.6818622981080987
2026-07-01,0.778984682871793
2026-07-02,0.7828528632770223
2026-07-06,0.7815648022090267
2026-07-07,0.7868890343895298
2026-07-08,0.7896464688011043
2026-07-09,0.7871370547985835
2026-07-10,0.7868071822633599
2026-07-13,0.7899539604136481
2026-07-14,0.8843023735868787
2026-07-15,0.8831529117289741
2026-07-16,0.880455260468281
2026-07-17,0.8800886745795933
2026-07-20,0.8814343149204368
2026-07-21,0.8811893491800251
2026-07-22,0.8823746198350135
2026-07-23,0.8826202529182391
2026-07-24,0.880455260468281
2026-07-27,0.8792344986548508
2026-07-28,0.8776930432450338
2026-07-29,0.8793970676527251
2026-07-30,0.881924663021399
2026-07-31,0.8804145127590766
2026-08-03,0.8802922922581025
2026-08-04,0.8813118111341584
2026-08-05,0.8822518623599469
2026-08-06,0.7893826432790753
2026-08-07,0.9028229263419544
2026-08-10,0.9047813011001239
2026-08-11,0.9042852765745149
2026-08-12,0.9033398301049798
2026-08-13,0.9039248752737408
2026-08-14,0.9055489517894187
2026-08-17,1.0
2026-08-18,1.0
2026-08-19,1.0
2026-08-20,1.0
2026-08-21,1.0
2026-08-24,1.0
2026-08-25,1.0
