date,cash_fraction
2007-01-03,1.0
2007-01-04,0.9000507525910013
2007-01-05,0.9015930420550465
2007-01-08,0.5031108223234042
2007-01-09,0.2040090691155878
2007-01-10,0.20385765272626666
2007-01-11,0.1925701054613418
2007-01-12,0.19245841362183846
2007-01-16,0.09236764065331338
2007-01-17,0.09259982091413255
2007-01-18,0.09418355153245128
2007-01-19,0.09384538390954023
2007-01-22,0.08900875811785458
2007-01-23,0.0886217818975128
2007-01-24,0.08833610464824082
2007-01-25,0.08872788119281494
2007-01-26,0.08845647216418517
2007-01-29,0.08221008482773318
2007-01-30,0.08220855797258708
2007-01-31,0.08173897161009958
2007-02-01,0.07817417277644034
2007-02-02,0.07801450570480672
2007-02-05,0.07814799807343564
2007-02-06,0.07735249113032139
2007-02-07,0.07694448030632062
2007-02-08,0.07689032274877805
2007-02-09,0.07761418082739735
2007-02-12,0.07787224434006312
2007-02-13,0.07713606966599473
2007-02-14,0.07695495701256205
2007-02-15,0.07676733014170622
2007-02-16,0.07688425070082772
2007-02-20,0.07570866243589669
2007-02-21,0.0762744643076031
2007-02-22,0.17011060239189046
2007-02-23,0.07018550866701945
2007-02-26,0.06756753787052672
2007-02-27,0.06958169914007029
2007-02-28,0.2703590729764216
2007-03-01,0.17111117778306295
2007-03-02,0.17360213459431129
2007-03-05,0.37925203376567795
2007-03-06,0.2762657286906194
2007-03-07,0.2759539429918766
2007-03-08,0.17493706495213512
2007-03-09,0.17499437731123602
2007-03-12,0.07416512231114292
2007-03-13,0.07487893992084016
2007-03-14,0.07484164367954627
2007-03-15,0.07436776070246842
2007-03-16,0.07474396022780372
2007-03-19,0.07232793658830561
2007-03-20,0.07193577339869384
2007-03-21,0.0710170897225636
2007-03-22,0.07089631303676736
2007-03-23,0.07039996994376685
2007-03-26,0.0705444480366092
2007-03-27,0.07126982775958468
2007-03-28,0.07213114822835809
2007-03-29,0.07215726384812593
2007-03-30,0.07162742778604747
2007-04-02,0.07157572706131721
2007-04-03,0.07067633371623627
2007-04-04,0.07070549854051478
2007-04-05,0.07031100286250358
2007-04-09,0.07048820861763672
2007-04-10,0.15841350124579978
2007-04-11,0.1595433822151977
2007-04-12,0.05922830904031018
2007-04-13,0.05902997030406909
2007-04-16,0.058802957184998395
2007-04-17,0.05874934682736355
2007-04-18,0.058887916203987256
2007-04-19,0.05872611179758147
2007-04-20,0.058618307016061855
2007-04-23,0.058817606823454494
2007-04-24,0.05871700998817797
2007-04-25,0.15410755387406783
2007-04-26,0.052919933672936015
2007-04-27,0.010751747888362084
2007-04-30,0.06860173017393878
2007-05-01,0.06847710659744155
2007-05-02,0.06754892560445624
2007-05-03,0.06729821266431635
2007-05-04,0.21299013517118814
2007-05-07,0.11254225985271948
2007-05-08,0.11314954916501274
2007-05-09,0.11230186699332145
2007-05-10,0.1124589272805182
2007-05-11,0.16855752011748337
2007-05-14,0.16833635454609197
2007-05-15,0.1691244567927057
2007-05-16,0.16821945776243064
2007-05-17,0.16779995575253548
2007-05-18,0.15718344248670846
2007-05-21,0.15239604877360113
2007-05-22,0.1526628173558081
2007-05-23,0.15275328994108306
2007-05-24,0.15560881550381245
2007-05-25,0.15406675035769046
2007-05-29,0.1537540924048706
2007-05-30,0.15244344367799334
2007-05-31,0.15191136555993034
2007-06-01,0.1512937628882589
2007-06-04,0.15054426325653159
2007-06-05,0.20938066891064278
2007-06-06,0.2113767457072131
2007-06-07,0.21527898091685715
2007-06-08,0.21530332403022268
2007-06-11,0.21564476061547122
2007-06-12,0.21477129024007902
2007-06-13,0.2043875073172745
2007-06-14,0.20354732824471067
2007-06-15,0.20175545400887906
2007-06-18,0.2026015122264485
2007-06-19,0.202276066278112
2007-06-20,0.20389711151716172
2007-06-21,0.15713994691387956
2007-06-22,0.15818702610570168
2007-06-25,0.2695360293032786
2007-06-26,0.06926049735733508
2007-06-27,0.06879941029619463
2007-06-28,0.06854740188293551
2007-06-29,0.06856717546339097
2007-07-02,0.06583030900322895
2007-07-03,0.06604354283597347
2007-07-05,0.06612214175903808
2007-07-06,0.06139089864691627
2007-07-09,0.0611372649589188
2007-07-10,0.06228064011135481
2007-07-11,0.06157115157567883
2007-07-12,0.1138226596462254
2007-07-13,0.11336834300689669
2007-07-16,0.20769385196807355
2007-07-17,0.20600417103587
2007-07-18,0.258503679020336
2007-07-19,0.15845327991119862
2007-07-20,0.16114377072100194
2007-07-23,0.14284364412006556
2007-07-24,0.1464352022544647
2007-07-25,0.24164272076834858
2007-07-26,0.2441215509447514
2007-07-27,0.4536170702103567
2007-07-30,0.699074976696655
2007-07-31,0.7029606827342385
2007-08-01,0.701578224738086
2007-08-02,0.6980757444920163
2007-08-03,0.7054698837014144
2007-08-06,0.7035808163775377
2007-08-07,0.8072696263305279
2007-08-08,0.8081302886516971
2007-08-09,0.8142671483002668
2007-08-10,0.8851654968711652
2007-08-13,0.8868577280719858
2007-08-14,0.8848201522680237
2007-08-15,0.8863955717925993
2007-08-16,0.8909222876711286
2007-08-17,1.0
2007-08-20,0.9006835304683944
2007-08-21,0.9010648472458318
2007-08-22,0.900173796871655
2007-08-23,0.9027823922858289
2007-08-24,0.9014134955819232
2007-08-27,0.9013347651687156
2007-08-28,0.9031662236767034
2007-08-29,0.9012335401790138
2007-08-30,0.8019387930628715
2007-08-31,0.7988257769828258
2007-09-04,0.7978939364218769
2007-09-05,0.698627667597812
2007-09-06,0.6981222774811103
2007-09-07,0.7017718016298202
2007-09-10,0.6022300964244154
2007-09-11,0.300882288287017
2007-09-12,0.10232013462582412
2007-09-13,0.0021680243227459872
2007-09-14,0.002165907635848896
2007-09-17,0.0021603578634499243
2007-09-18,0.0020898724450638673
2007-09-19,0.0020653163176941325
2007-09-20,0.0020757712943476614
2007-09-21,0.002068767944398031
2007-09-24,0.0020922780904193417
2007-09-25,0.0020584866714976613
2007-09-26,0.0020533731049768855
2007-09-27,0.09748463513749994
2007-09-28,0.09810768118257718
2007-10-01,0.09639935151970735
2007-10-02,0.0967727396154392
2007-10-03,0.19043543945052077
2007-10-04,0.08993073191123957
2007-10-05,0.08828852142579757
2007-10-08,0.08828594303033732
2007-10-09,0.08772734510251579
2007-10-10,0.08705905676465242
2007-10-11,0.08769768546321766
2007-10-12,0.08711004401546274
2007-10-15,0.08730037391371315
2007-10-16,0.08786858251689422
2007-10-17,0.08754937353265879
2007-10-18,0.08695516241856216
2007-10-19,0.08977688546802076
2007-10-22,0.08375287909008455
2007-10-23,0.08242548958759355
2007-10-24,0.08330898660774999
2007-10-25,0.08301746350499606
2007-10-26,0.2756727549725084
2007-10-29,0.2749329832471009
2007-10-30,0.2799422386983226
2007-10-31,0.2760195175532495
2007-11-01,0.28195824051153495
2007-11-02,0.17699645861020608
2007-11-05,0.17815788540599853
2007-11-06,0.07513579037170193
2007-11-07,0.13487870060532037
2007-11-08,0.03463115149138718
2007-11-09,0.1324083045072042
2007-11-12,0.1357037079809068
2007-11-13,0.4275125137892881
2007-11-14,0.3339505180555764
2007-11-15,0.3360089343402871
2007-11-16,0.4315275224791627
2007-11-19,0.5463920661986152
2007-11-20,0.7414882330633629
2007-11-21,0.7988449695420327
2007-11-23,0.795631008549487
2007-11-26,0.7952838177501798
2007-11-27,0.7944877017559424
2007-11-28,0.7884938151573292
2007-11-29,0.7899059782545857
2007-11-30,0.7911919895829332
2007-12-03,0.793202926746049
2007-12-04,0.5930254366051537
2007-12-05,0.5846253276548146
2007-12-06,0.5805643267700015
2007-12-07,0.5827065186980741
2007-12-10,0.5846000730838476
2007-12-11,0.5948444924838943
2007-12-12,0.19553820005379374
2007-12-13,0.2768859313823173
2007-12-14,0.27824937239132985
2007-12-17,0.2793620318623474
2007-12-18,0.27776228127495817
2007-12-19,0.2741739893230821
2007-12-20,0.2709670757594329
2007-12-21,0.26987396751253423
2007-12-24,0.0692929837448164
2007-12-26,0.0691522346176281
2007-12-27,0.07083512523722013
2007-12-28,0.07051524056382852
2007-12-31,0.07092278713034739
2008-01-02,0.1685436542724129
2008-01-03,0.16777035964732878
2008-01-04,0.17214933126904952
2008-01-07,0.4749134195789373
2008-01-08,0.476587347642495
2008-01-09,0.5806638147582436
2008-01-10,0.5808901690254422
2008-01-11,0.581652987095692
2008-01-14,0.5807799926715633
2008-01-15,0.5881460388853903
2008-01-16,0.5865910487790863
2008-01-17,0.7948294620821318
2008-01-18,0.898236066236679
2008-01-22,1.0
2008-01-23,1.0
2008-01-24,1.0
2008-01-25,1.0
2008-01-28,1.0
2008-01-29,1.0
2008-01-30,1.0
2008-01-31,1.0
2008-02-01,1.0
2008-02-04,1.0
2008-02-05,1.0
2008-02-06,1.0
2008-02-07,1.0
2008-02-08,1.0
2008-02-11,1.0
2008-02-12,1.0
2008-02-13,1.0
2008-02-14,1.0
2008-02-15,1.0
2008-02-19,1.0
2008-02-20,1.0
2008-02-21,1.0
2008-02-22,1.0
2008-02-25,1.0
2008-02-26,1.0
2008-02-27,1.0
2008-02-28,1.0
2008-02-29,1.0
2008-03-03,1.0
2008-03-04,1.0
2008-03-05,1.0
2008-03-06,1.0
2008-03-07,1.0
2008-03-10,1.0
2008-03-11,1.0
2008-03-12,1.0
2008-03-13,1.0
2008-03-14,1.0
2008-03-17,1.0
2008-03-18,1.0
2008-03-19,1.0
2008-03-20,1.0
2008-03-24,1.0
2008-03-25,1.0
2008-03-26,1.0
2008-03-27,1.0
2008-03-28,1.0
2008-03-31,1.0
2008-04-01,1.0
2008-04-02,1.0
2008-04-03,1.0
2008-04-04,1.0
2008-04-07,1.0
2008-04-08,1.0
2008-04-09,1.0
2008-04-10,1.0
2008-04-11,1.0
2008-04-14,1.0
2008-04-15,1.0
2008-04-16,1.0
2008-04-17,1.0
2008-04-18,1.0
2008-04-21,1.0
2008-04-22,1.0
2008-04-23,1.0
2008-04-24,1.0
2008-04-25,1.0
2008-04-28,1.0
2008-04-29,1.0
2008-04-30,1.0
2008-05-01,1.0
2008-05-02,1.0
2008-05-05,1.0
2008-05-06,1.0
2008-05-07,1.0
2008-05-08,1.0
2008-05-09,1.0
2008-05-12,1.0
2008-05-13,1.0
2008-05-14,1.0
2008-05-15,1.0
2008-05-16,0.700056517499313
2008-05-19,0.5984215419416015
2008-05-20,0.4980786582255794
2008-05-21,0.5029824006935939
2008-05-22,0.5013146323729134
2008-05-23,0.5040399417604725
2008-05-27,0.5023769251049914
2008-05-28,0.49978145414225117
2008-05-29,0.4963098523197311
2008-05-30,0.49687782249681356
2008-06-02,0.4985580388782923
2008-06-03,0.497218976816023
2008-06-04,0.49489209208343043
2008-06-05,0.4915907634602479
2008-06-06,0.49845278007131666
2008-06-09,0.49822351762743733
2008-06-10,0.4987917103503384
2008-06-11,0.602266535137597
2008-06-12,0.797712935065888
2008-06-13,0.7939711089726023
2008-06-16,0.7937178377488059
2008-06-17,0.7950417881496843
2008-06-18,0.7952645870043511
2008-06-19,0.7901470633961228
2008-06-20,0.791918522657284
2008-06-23,0.7909749910899013
2008-06-24,0.7908329814202579
2008-06-25,0.7906518284457568
2008-06-26,0.7954492371034374
2008-06-27,0.8955590885989478
2008-06-30,0.8928551996527749
2008-07-01,0.8925067656245722
2008-07-02,0.8937391376323737
2008-07-03,0.8934831319159643
2008-07-07,0.8944032939389286
2008-07-08,0.8943450095690019
2008-07-09,0.8924254322730988
2008-07-10,0.8922165930549937
2008-07-11,0.8918338552628386
2008-07-14,0.8927622525854881
2008-07-15,0.8932853710165244
2008-07-16,0.8967413539223461
2008-07-17,1.0
2008-07-18,1.0
2008-07-21,1.0
2008-07-22,1.0
2008-07-23,1.0
2008-07-24,1.0
2008-07-25,1.0
2008-07-28,1.0
2008-07-29,1.0
2008-07-30,1.0
2008-07-31,1.0
2008-08-01,1.0
2008-08-04,1.0
2008-08-05,1.0
2008-08-06,1.0
2008-08-07,1.0
2008-08-08,1.0
2008-08-11,1.0
2008-08-12,1.0
2008-08-13,1.0
2008-08-14,1.0
2008-08-15,1.0
2008-08-18,1.0
2008-08-19,1.0
2008-08-20,1.0
2008-08-21,1.0
2008-08-22,1.0
2008-08-25,1.0
2008-08-26,1.0
2008-08-27,1.0
2008-08-28,1.0
2008-08-29,1.0
2008-09-02,1.0
2008-09-03,1.0
2008-09-04,1.0
2008-09-05,1.0
2008-09-08,1.0
2008-09-09,1.0
2008-09-10,1.0
2008-09-11,1.0
2008-09-12,1.0
2008-09-15,1.0
2008-09-16,1.0
2008-09-17,1.0
2008-09-18,1.0
2008-09-19,1.0
2008-09-22,1.0
2008-09-23,1.0
2008-09-24,1.0
2008-09-25,1.0
2008-09-26,1.0
2008-09-29,1.0
2008-09-30,1.0
2008-10-01,1.0
2008-10-02,1.0
2008-10-03,1.0
2008-10-06,1.0
2008-10-07,1.0
2008-10-08,1.0
2008-10-09,1.0
2008-10-10,1.0
2008-10-13,1.0
2008-10-14,1.0
2008-10-15,1.0
2008-10-16,1.0
2008-10-17,1.0
2008-10-20,1.0
2008-10-21,1.0
2008-10-22,1.0
2008-10-23,1.0
2008-10-24,1.0
2008-10-27,1.0
2008-10-28,1.0
2008-10-29,1.0
2008-10-30,1.0
2008-10-31,1.0
2008-11-03,1.0
2008-11-04,1.0
2008-11-05,1.0
2008-11-06,1.0
2008-11-07,1.0
2008-11-10,1.0
2008-11-11,1.0
2008-11-12,1.0
2008-11-13,1.0
2008-11-14,1.0
2008-11-17,1.0
2008-11-18,1.0
2008-11-19,1.0
2008-11-20,1.0
2008-11-21,1.0
2008-11-24,1.0
2008-11-25,1.0
2008-11-26,1.0
2008-11-28,1.0
2008-12-01,1.0
2008-12-02,1.0
2008-12-03,1.0
2008-12-04,1.0
2008-12-05,1.0
2008-12-08,1.0
2008-12-09,1.0
2008-12-10,1.0
2008-12-11,1.0
2008-12-12,1.0
2008-12-15,1.0
2008-12-16,1.0
2008-12-17,1.0
2008-12-18,1.0
2008-12-19,1.0
2008-12-22,1.0
2008-12-23,1.0
2008-12-24,1.0
2008-12-26,1.0
2008-12-29,1.0
2008-12-30,1.0
2008-12-31,1.0
2009-01-02,1.0
2009-01-05,1.0
2009-01-06,1.0
2009-01-07,1.0
2009-01-08,1.0
2009-01-09,1.0
2009-01-12,1.0
2009-01-13,1.0
2009-01-14,1.0
2009-01-15,1.0
2009-01-16,1.0
2009-01-20,1.0
2009-01-21,1.0
2009-01-22,1.0
2009-01-23,1.0
2009-01-26,1.0
2009-01-27,1.0
2009-01-28,1.0
2009-01-29,1.0
2009-01-30,1.0
2009-02-02,1.0
2009-02-03,1.0
2009-02-04,1.0
2009-02-05,1.0
2009-02-06,1.0
2009-02-09,1.0
2009-02-10,1.0
2009-02-11,1.0
2009-02-12,1.0
2009-02-13,1.0
2009-02-17,1.0
2009-02-18,1.0
2009-02-19,1.0
2009-02-20,1.0
2009-02-23,1.0
2009-02-24,1.0
2009-02-25,1.0
2009-02-26,1.0
2009-02-27,1.0
2009-03-02,1.0
2009-03-03,1.0
2009-03-04,1.0
2009-03-05,1.0
2009-03-06,1.0
2009-03-09,1.0
2009-03-10,1.0
2009-03-11,1.0
2009-03-12,1.0
2009-03-13,1.0
2009-03-16,1.0
2009-03-17,1.0
2009-03-18,1.0
2009-03-19,1.0
2009-03-20,1.0
2009-03-23,1.0
2009-03-24,1.0
2009-03-25,1.0
2009-03-26,1.0
2009-03-27,1.0
2009-03-30,1.0
2009-03-31,1.0
2009-04-01,1.0
2009-04-02,1.0
2009-04-03,1.0
2009-04-06,1.0
2009-04-07,1.0
2009-04-08,1.0
2009-04-09,1.0
2009-04-13,1.0
2009-04-14,1.0
2009-04-15,1.0
2009-04-16,1.0
2009-04-17,1.0
2009-04-20,1.0
2009-04-21,1.0
2009-04-22,1.0
2009-04-23,1.0
2009-04-24,1.0
2009-04-27,1.0
2009-04-28,1.0
2009-04-29,1.0
2009-04-30,1.0
2009-05-01,1.0
2009-05-04,1.0
2009-05-05,1.0
2009-05-06,1.0
2009-05-07,1.0
2009-05-08,1.0
2009-05-11,1.0
2009-05-12,1.0
2009-05-13,1.0
2009-05-14,1.0
2009-05-15,1.0
2009-05-18,1.0
2009-05-19,1.0
2009-05-20,1.0
2009-05-21,1.0
2009-05-22,1.0
2009-05-26,1.0
2009-05-27,1.0
2009-05-28,1.0
2009-05-29,1.0
2009-06-01,1.0
2009-06-02,1.0
2009-06-03,1.0
2009-06-04,1.0
2009-06-05,1.0
2009-06-08,1.0
2009-06-09,1.0
2009-06-10,1.0
2009-06-11,0.7999845735760118
2009-06-12,0.7989174405184626
2009-06-15,0.8041598794217646
2009-06-16,0.8068192017230402
2009-06-17,0.7039199179186265
2009-06-18,0.704004854744577
2009-06-19,0.7007548525960563
2009-06-22,0.7073865696334027
2009-06-23,0.7102373388220995
2009-06-24,0.7083155085406164
2009-06-25,0.7986310871953445
2009-06-26,0.7984379734002988
2009-06-29,0.7989154763732174
2009-06-30,0.7979668821649583
2009-07-01,0.7978665444487931
2009-07-02,0.8002230443996438
2009-07-06,0.7017768044597579
2009-07-07,0.7075520220502561
2009-07-08,0.6081164712467124
2009-07-09,0.6046817573846425
2009-07-10,0.6958839616389099
2009-07-13,0.5941691286085724
2009-07-14,0.5930310052756771
2009-07-15,0.5885303596416444
2009-07-16,0.5876498731090627
2009-07-17,0.5843679249742155
2009-07-20,0.5841683596430256
2009-07-21,0.5863613119806352
2009-07-22,0.585744432545499
2009-07-23,0.4835543545000325
2009-07-24,0.48400564323872686
2009-07-27,0.4859968611468485
2009-07-28,0.4865799581275009
2009-07-29,0.48501917752919177
2009-07-30,0.4849391925550286
2009-07-31,0.5867328265062005
2009-08-03,0.4843977367900114
2009-08-04,0.48335439608950226
2009-08-05,0.38514274679090565
2009-08-06,0.3921170607130662
2009-08-07,0.27309506470588685
2009-08-10,0.2730222220412428
2009-08-11,0.27524686254432773
2009-08-12,0.07405962545501277
2009-08-13,0.07382411119938981
2009-08-14,0.07472851310552331
2009-08-17,0.07668305446034662
2009-08-18,0.07542842456667886
2009-08-19,0.07509883248564575
2009-08-20,0.07413576883024886
2009-08-21,0.07345378133755265
2009-08-24,0.07319382780769845
2009-08-25,0.07275432248309366
2009-08-26,0.07285666382682032
2009-08-27,0.0730836574198589
2009-08-28,0.07340409436954687
2009-08-31,0.06726771741085413
2009-09-01,0.06821195028398164
2009-09-02,0.06780709852892552
2009-09-03,0.02172479540758465
2009-09-04,0.024791323861469317
2009-09-08,0.02419377767992703
2009-09-09,0.023951511166839357
2009-09-10,0.017229301533121855
2009-09-11,0.017654250032693053
2009-09-14,0.017419413103924697
2009-09-15,0.017109765579096048
2009-09-16,0.016943626978710213
2009-09-17,0.11656026525325869
2009-09-18,0.17277475063851944
2009-09-21,0.073216879456934
2009-09-22,0.07226984759453248
2009-09-23,0.0732939178058506
2009-09-24,0.1688255845369082
2009-09-25,0.06994666865509647
2009-09-28,0.0675030987618972
2009-09-29,0.05880860434869106
2009-09-30,0.11731173609404344
2009-10-01,0.12210280155563702
2009-10-02,0.4176347585607918
2009-10-05,0.11529251667972862
2009-10-06,0.11299355107275533
2009-10-07,0.11402217919848812
2009-10-08,0.113004064251496
2009-10-09,0.11142460900798745
2009-10-12,0.11087809584060626
2009-10-13,0.11088342467488488
2009-10-14,0.10923368529697342
2009-10-15,0.10953397459686065
2009-10-16,0.11166250652773912
2009-10-19,0.09705171691231074
2009-10-20,0.0988679729794879
2009-10-21,0.10048119304448222
2009-10-22,0.09820674405185836
2009-10-23,0.10056174592271516
2009-10-26,0.19534289390471882
2009-10-27,0.4461672249398422
2009-10-28,0.5567595057900857
2009-10-29,0.5148652472010594
2009-10-30,0.5198955479964155
2009-11-02,0.5161126614599387
2009-11-03,0.41350088064619095
2009-11-04,0.2146948698521618
2009-11-05,0.20813011006880666
2009-11-06,0.2717980817483179
2009-11-09,0.3572322997685722
2009-11-10,0.41377519764472837
2009-11-11,0.31286498117852524
2009-11-12,0.31533897839160463
2009-11-13,0.21368971972900042
2009-11-16,0.20945998869349702
2009-11-17,0.10957880767124428
2009-11-18,0.10964643403700558
2009-11-19,0.11150021727318993
2009-11-20,0.11248198131547316
2009-11-23,0.11114227966829837
2009-11-24,0.11128122456861356
2009-11-25,0.11104105493280914
2009-11-27,0.11325172099282066
2009-11-30,0.11225543496597012
2009-12-01,0.11167424877876286
2009-12-02,0.11167559004194938
2009-12-03,0.11309415296717062
2009-12-04,0.10591499773477175
2009-12-07,0.09967574551202696
2009-12-08,0.10054859723984799
2009-12-09,0.1002765585889075
2009-12-10,0.09902149729238474
2009-12-11,0.05842852275699295
2009-12-14,0.057829463800433745
2009-12-15,0.05825541546618829
2009-12-16,0.05796535098691458
2009-12-17,0.05892507173014938
2009-12-18,0.04940341928432068
2009-12-21,0.04885592233400704
2009-12-22,0.04844665691538963
2009-12-23,0.04791196556295774
2009-12-24,0.047633758985399566
2009-12-28,0.04769434796354777
2009-12-29,0.040038072520787504
2009-12-30,0.03999849901502506
2009-12-31,0.040355569811151515
2010-01-04,0.03972682762256208
2010-01-05,0.03978447018131592
2010-01-06,0.033408823076546135
2010-01-07,0.03324361910489715
2010-01-08,0.03312846982052797
2010-01-11,0.03319110235362177
2010-01-12,0.0338538070298271
2010-01-13,0.030638884060398608
2010-01-14,0.13777078744910354
2010-01-15,0.139220527142759
2010-01-19,0.03860752546101087
2010-01-20,0.03902603093969759
2010-01-21,0.03991605023722389
2010-01-22,0.24365933129500772
2010-01-25,0.4155294866020197
2010-01-26,0.4123991053913514
2010-01-27,0.4869409085401165
2010-01-28,0.5883509995883145
2010-01-29,0.7889661501243901
2010-02-01,0.586510101303393
2010-02-02,0.5860461354820825
2010-02-03,0.5846323767398821
2010-02-04,0.5943201342787579
2010-02-05,0.6041286186534376
2010-02-08,0.6001541353759425
2010-02-09,0.49772493575096266
2010-02-10,0.4995740374744917
2010-02-11,0.39683001432190645
2010-02-12,0.2937121719260447
2010-02-16,0.2914005963952402
2010-02-17,0.1910741721154342
2010-02-18,0.19062228906065815
2010-02-19,0.19065391575514967
2010-02-22,0.19008597009310957
2010-02-23,0.1919678998552491
2010-02-24,0.09123049095111313
2010-02-25,0.09108232766106372
2010-02-26,0.08986687783717762
2010-03-01,0.08826674769830889
2010-03-02,0.08777230727094687
2010-03-03,0.08810493860123958
2010-03-04,0.08781104457746891
2010-03-05,0.08675675959694906
2010-03-08,0.08679108768017862
2010-03-09,0.08737167872279605
2010-03-10,0.08605454899838838
2010-03-11,0.041929636392022074
2010-03-12,0.03533820219110284
2010-03-15,0.035293097335274415
2010-03-16,0.034926794914893255
2010-03-17,0.08982660093906314
2010-03-18,0.09002081415869978
2010-03-19,0.09127462766626315
2010-03-22,0.09006255943335473
2010-03-23,0.08906877243116507
2010-03-24,0.08940235945623065
2010-03-25,0.0900804062738031
2010-03-26,0.08956534746247558
2010-03-29,0.14286867723160135
2010-03-30,0.1427206786418017
2010-03-31,0.1434544147776715
2010-04-01,0.1431002050141832
2010-04-05,0.14150068141035244
2010-04-06,0.1419987111061931
2010-04-07,0.1423223367762252
2010-04-08,0.14131869890237247
2010-04-09,0.14089305756380643
2010-04-12,0.13258028512689468
2010-04-13,0.13259582451537566
2010-04-14,0.13087312683012498
2010-04-15,0.13039150634581143
2010-04-16,0.13240464240201455
2010-04-19,0.13321486224251822
2010-04-20,0.131220077147579
2010-04-21,0.13171012039785435
2010-04-22,0.13098531274444247
2010-04-23,0.12928966583297508
2010-04-26,0.1298407397343202
2010-04-27,0.22916579801106407
2010-04-28,0.3230595455194799
2010-04-29,0.12159336950084731
2010-04-30,0.12241231620499438
2010-05-03,0.12749752266376424
2010-05-04,0.12198084982059643
2010-05-05,0.1769577070696038
2010-05-06,0.18397032407552982
2010-05-07,0.34320736574471067
2010-05-10,0.7329226327245424
2010-05-11,0.6317998214406825
2010-05-12,0.6274971658152118
2010-05-13,0.6302981359957567
2010-05-14,0.6395362434169451
2010-05-17,0.539587858561333
2010-05-18,0.5472918490977943
2010-05-19,0.6466444505683204
2010-05-20,0.6579367539429526
2010-05-21,1.0
2010-05-24,1.0
2010-05-25,1.0
2010-05-26,1.0
2010-05-27,1.0
2010-05-28,1.0
2010-06-01,1.0
2010-06-02,1.0
2010-06-03,1.0
2010-06-04,1.0
2010-06-07,1.0
2010-06-08,1.0
2010-06-09,1.0
2010-06-10,1.0
2010-06-11,1.0
2010-06-14,1.0
2010-06-15,1.0
2010-06-16,1.0
2010-06-17,1.0
2010-06-18,1.0
2010-06-21,1.0
2010-06-22,1.0
2010-06-23,1.0
2010-06-24,1.0
2010-06-25,1.0
2010-06-28,1.0
2010-06-29,1.0
2010-06-30,1.0
2010-07-01,1.0
2010-07-02,1.0
2010-07-06,1.0
2010-07-07,1.0
2010-07-08,1.0
2010-07-09,1.0
2010-07-12,1.0
2010-07-13,1.0
2010-07-14,1.0
2010-07-15,1.0
2010-07-16,1.0
2010-07-19,1.0
2010-07-20,1.0
2010-07-21,1.0
2010-07-22,1.0
2010-07-23,1.0
2010-07-26,1.0
2010-07-27,1.0
2010-07-28,1.0
2010-07-29,1.0
2010-07-30,1.0
2010-08-02,1.0
2010-08-03,1.0
2010-08-04,0.7001598399566662
2010-08-05,0.6019137172353624
2010-08-06,0.10190281293789571
2010-08-09,0.0017088251521027997
2010-08-10,0.0017277401564647077
2010-08-11,0.0017786775873778193
2010-08-12,0.1879829817724321
2010-08-13,0.18801146320196405
2010-08-16,0.18791926115084467
2010-08-17,0.18508040143454607
2010-08-18,0.18459331757680153
2010-08-19,0.18701453954535252
2010-08-20,0.18685054489487363
2010-08-23,0.18777891385476408
2010-08-24,0.1892181425894106
2010-08-25,0.1878816188224488
2010-08-26,0.38616712748042337
2010-08-27,0.48239284226157964
2010-08-30,0.7912560167266707
2010-08-31,0.7908309759226498
2010-09-01,0.7869415159831268
2010-09-02,0.7850303212160842
2010-09-03,0.7844457963320016
2010-09-07,0.7862895818900654
2010-09-08,0.7852818122402528
2010-09-09,0.7870431723865788
2010-09-10,0.7864415339905386
2010-09-13,0.7852795465403075
2010-09-14,0.7840898508334336
2010-09-15,0.783342233857146
2010-09-16,0.7842756333788563
2010-09-17,0.6833582901939181
2010-09-20,0.4815652355213962
2010-09-21,0.482977195907351
2010-09-22,0.4822399300985001
2010-09-23,0.4840145472709233
2010-09-24,0.08340029963563822
2010-09-27,0.0836311738233736
2010-09-28,0.0831610341516198
2010-09-29,0.08321008925415474
2010-09-30,0.08315788288212678
2010-10-01,0.08264966323106626
2010-10-04,0.08261055019368668
2010-10-05,0.08192913673508362
2010-10-06,0.08256764770089475
2010-10-07,0.08272698660565159
2010-10-08,0.08273767207880889
2010-10-11,0.08275956205946378
2010-10-12,0.08280685591652259
2010-10-13,0.0824098629897545
2010-10-14,0.08260371141949441
2010-10-15,0.0824946122800655
2010-10-18,0.08191105909101082
2010-10-19,0.08241445633355582
2010-10-20,0.08129727753798233
2010-10-21,0.08148381578859387
2010-10-22,0.08137610123788808
2010-10-25,0.08126404641222562
2010-10-26,0.08161027569915213
2010-10-27,0.08190141626750613
2010-10-28,0.08112856586801886
2010-10-29,0.08090578055494813
2010-11-01,0.07623793661454747
2010-11-02,0.07557572778335986
2010-11-03,0.07541416193472772
2010-11-04,0.07408763859690193
2010-11-05,0.07399442061530892
2010-11-08,0.07418612320597606
2010-11-09,0.07542466007595072
2010-11-10,0.07102705876977466
2010-11-11,0.029761930750117127
2010-11-12,0.03008536950259888
2010-11-15,0.028090103916660003
2010-11-16,0.028651817526264667
2010-11-17,0.03355150983675814
2010-11-18,0.03307878317685142
2010-11-19,0.03311263965278921
2010-11-22,0.03299206734027238
2010-11-23,0.033353787275950064
2010-11-24,0.03289277475901231
2010-11-26,0.032945233845036115
2010-11-29,0.033055563200623084
2010-11-30,0.03324480961780174
2010-12-01,0.03277209539609571
2010-12-02,0.03258969577022075
2010-12-03,0.12051537433423198
2010-12-06,0.11735522806318988
2010-12-07,0.01744692996606123
2010-12-08,0.017470183547267704
2010-12-09,0.11737365423333301
2010-12-10,0.017307612136214345
2010-12-13,0.01724140410314201
2010-12-14,0.017220569519578843
2010-12-15,0.0172949359278447
2010-12-16,0.017177458221199315
2010-12-17,0.01717895231809896
2010-12-20,0.017172917668855647
2010-12-21,0.017103135434120342
2010-12-22,0.017138028388876347
2010-12-23,0.01715979891860575
2010-12-27,0.017160054151593274
2010-12-28,0.017224029161170495
2010-12-29,0.00932576875324076
2010-12-30,0.009323622022886946
2010-12-31,0.009380854558249219
2011-01-03,0.009264499809103377
2011-01-04,0.10751944134054303
2011-01-05,0.0074709766764967656
2011-01-06,0.06755984408984617
2011-01-07,0.06755683719816674
2011-01-10,0.06655563825122446
2011-01-11,0.06659996708031801
2011-01-12,0.06548059967217412
2011-01-13,0.0656358816376933
2011-01-14,0.06578008733530738
2011-01-18,0.06571031712485154
2011-01-19,0.25646754021912643
2011-01-20,0.05685463727750584
2011-01-21,0.05710342652362477
2011-01-24,0.05670419487046663
2011-01-25,0.05672231139452355
2011-01-26,0.056424473982733425
2011-01-27,0.05584713227656268
2011-01-28,0.05692465072346642
2011-01-31,0.056806143828435074
2011-02-01,0.0579300502985618
2011-02-02,0.05822529860574022
2011-02-03,0.057867047373883373
2011-02-04,0.057404561915040175
2011-02-07,0.057003461993921256
2011-02-08,0.05622898332208992
2011-02-09,0.05636015745125966
2011-02-10,0.055894584120365964
2011-02-11,0.05539189193532834
2011-02-14,0.010280172146054478
2011-02-15,0.010309588510522216
2011-02-16,0.06774249911260766
2011-02-17,0.06765752827281701
2011-02-18,0.06761955235708272
2011-02-22,0.12667662826055037
2011-02-23,0.23246019634382076
2011-02-24,0.22183285053808832
2011-02-25,0.12011778650318394
2011-02-28,0.11952381684965752
2011-03-01,0.12118240674176217
2011-03-02,0.12028957462450518
2011-03-03,0.1174098400910123
2011-03-04,0.11762638568478445
2011-03-07,0.11871714828522828
2011-03-08,0.11729131093195466
2011-03-09,0.11781039811986738
2011-03-10,0.12041312148396566
2011-03-11,0.10754582010406244
2011-03-14,0.10851124120911226
2011-03-15,0.10958724416489651
2011-03-16,0.21824906965243385
2011-03-17,0.303200242112426
2011-03-18,0.2973351385106797
2011-03-21,0.09633402833646043
2011-03-22,0.09678786023562724
2011-03-23,0.09685985050752144
2011-03-24,0.09625934499857547
2011-03-25,0.09568568538586031
2011-03-28,0.09544160705442195
2011-03-29,0.0945810223508966
2011-03-30,0.0936052671647375
2011-03-31,0.09399774943759964
2011-04-01,0.09307271258205418
2011-04-04,0.0931132817914293
2011-04-05,0.09296790323673942
2011-04-06,0.09306813595086838
2011-04-07,0.09318423195161529
2011-04-08,0.09365591599481116
2011-04-11,0.09547353121523716
2011-04-12,0.28674114535685025
2011-04-13,0.08639399778805068
2011-04-14,0.08659038826831189
2011-04-15,0.08589538482949888
2011-04-18,0.08735529042716905
2011-04-19,0.1857018964686259
2011-04-20,0.08419787272999335
2011-04-21,0.08408938880011707
2011-04-25,0.08433636483950524
2011-04-26,0.08410777326037988
2011-04-27,0.0835219321335211
2011-04-28,0.0835351123035124
2011-04-29,0.08307018307713065
2011-05-02,0.08429907918857682
2011-05-03,0.08536641573769455
2011-05-04,0.27505998122085284
2011-05-05,0.2476112118916972
2011-05-06,0.4043700113669584
2011-05-09,0.004652399081892411
2011-05-10,0.004573816652902574
2011-05-11,0.004629739484131368
2011-05-12,0.00458656700668747
2011-05-13,0.004586341142771344
2011-05-16,0.0046289166655230085
2011-05-17,0.004662611724700061
2011-05-18,0.00459283131713395
2011-05-19,0.09252895329207467
2011-05-20,0.09339812040479778
2011-05-23,0.09478443002035031
2011-05-24,0.08675540157990591
2011-05-25,0.08625577860975198
2011-05-26,0.08496985293877424
2011-05-27,0.084314061506369
2011-05-31,0.04551017069644803
2011-06-01,0.14384486440804822
2011-06-02,0.044077324014240804
2011-06-03,0.11323106345552414
2011-06-06,0.2171938854767017
2011-06-07,0.20991288045147105
2011-06-08,0.41460626206398
2011-06-09,0.11462530068524057
2011-06-10,0.11648569914491869
2011-06-13,0.018632591099840168
2011-06-14,0.018214268939009792
2011-06-15,0.01853512209398367
2011-06-16,0.01860043313561499
2011-06-17,0.01849680608729065
2011-06-20,0.018064019830306366
2011-06-21,0.078503756979723
2011-06-22,0.07891464848147278
2011-06-23,0.07884197061368892
2011-06-24,0.1782793169886654
2011-06-27,0.07763530994870738
2011-06-28,0.0759773293439272
2011-06-29,0.0687539462213208
2011-06-30,0.068801597787019
2011-07-01,0.161786209037577
2011-07-05,0.21303558855468052
2011-07-06,0.267959637015896
2011-07-07,0.26720563500206984
2011-07-08,0.2690645155432154
2011-07-11,0.27405002006322443
2011-07-12,0.07427162413730204
2011-07-13,0.07383017565358008
2011-07-14,0.07437630084456548
2011-07-15,0.07413797798189703
2011-07-18,0.07465334858321282
2011-07-19,0.07347836342559955
2011-07-20,0.06782723054324069
2011-07-21,0.06830602634106753
2011-07-22,0.16462857210084725
2011-07-25,0.1655387262776713
2011-07-26,0.1668705037237178
2011-07-27,0.1701393582683569
2011-07-28,0.025315445900269462
2011-07-29,0.025320860205547024
2011-08-01,0.02458376510404947
2011-08-02,0.12080887300967202
2011-08-03,0.4312350983704877
2011-08-04,0.6437620193515715
2011-08-05,0.8342580492412627
2011-08-08,0.8474323415212524
2011-08-09,1.0
2011-08-10,1.0
2011-08-11,1.0
2011-08-12,1.0
2011-08-15,1.0
2011-08-16,1.0
2011-08-17,1.0
2011-08-18,1.0
2011-08-19,1.0
2011-08-22,1.0
2011-08-23,1.0
2011-08-24,1.0
2011-08-25,1.0
2011-08-26,1.0
2011-08-29,1.0
2011-08-30,1.0
2011-08-31,1.0
2011-09-01,1.0
2011-09-02,1.0
2011-09-06,1.0
2011-09-07,1.0
2011-09-08,1.0
2011-09-09,1.0
2011-09-12,1.0
2011-09-13,1.0
2011-09-14,1.0
2011-09-15,1.0
2011-09-16,1.0
2011-09-19,1.0
2011-09-20,1.0
2011-09-21,1.0
2011-09-22,1.0
2011-09-23,1.0
2011-09-26,1.0
2011-09-27,1.0
2011-09-28,1.0
2011-09-29,1.0
2011-09-30,1.0
2011-10-03,1.0
2011-10-04,1.0
2011-10-05,1.0
2011-10-06,1.0
2011-10-07,1.0
2011-10-10,1.0
2011-10-11,1.0
2011-10-12,1.0
2011-10-13,1.0
2011-10-14,1.0
2011-10-17,1.0
2011-10-18,1.0
2011-10-19,1.0
2011-10-20,1.0
2011-10-21,1.0
2011-10-24,1.0
2011-10-25,1.0
2011-10-26,1.0
2011-10-27,1.0
2011-10-28,1.0
2011-10-31,0.9000653478113684
2011-11-01,0.9013599631244634
2011-11-02,0.9011552669795809
2011-11-03,0.9017467684646935
2011-11-04,0.900973459155961
2011-11-07,0.9011098207853552
2011-11-08,0.9005418975858552
2011-11-09,0.9022250805953759
2011-11-10,0.9016557309394078
2011-11-11,0.8996119581155451
2011-11-14,0.8999293020874035
2011-11-15,0.8986387701488084
2011-11-16,0.9004964425461583
2011-11-17,0.9014281719892171
2011-11-18,0.8999519449411788
2011-11-21,0.901041619645596
2011-11-22,1.0
2011-11-23,1.0
2011-11-25,1.0
2011-11-28,1.0
2011-11-29,1.0
2011-11-30,1.0
2011-12-01,1.0
2011-12-02,1.0
2011-12-05,1.0
2011-12-06,1.0
2011-12-07,0.6006825078763494
2011-12-08,0.6053292730525122
2011-12-09,0.6054671740404378
2011-12-12,0.5067116106981271
2011-12-13,0.509759917887232
2011-12-14,0.513380424410298
2011-12-15,0.5120662475272845
2011-12-16,0.511498811957245
2011-12-19,0.5130772907240706
2011-12-20,0.6006119107515225
2011-12-21,0.5976086331254602
2011-12-22,0.5974538706738407
2011-12-23,0.49418408885888276
2011-12-27,0.19336535537343247
2011-12-28,0.19556920265627742
2011-12-29,0.094693640336878
2011-12-30,0.09561807142446865
2012-01-03,0.0955024030019217
2012-01-04,0.09530795161764127
2012-01-05,0.09468811329316296
2012-01-06,0.09505641706571999
2012-01-09,0.09448111552596228
2012-01-10,0.09280388835183861
2012-01-11,0.0924959766494391
2012-01-12,0.09264258642679546
2012-01-13,0.09308701688200871
2012-01-17,0.09260679566345142
2012-01-18,0.09201085703238676
2012-01-19,0.08487313776643235
2012-01-20,0.07714588303162018
2012-01-23,0.07759851924416705
2012-01-24,0.07716595231992396
2012-01-25,0.07684592528539547
2012-01-26,0.07724226852981497
2012-01-27,0.07418329745322583
2012-01-30,0.07436939215826666
2012-01-31,0.07480277816444825
2012-02-01,0.16486976029314138
2012-02-02,0.06590895466099533
2012-02-03,0.15591439210242408
2012-02-06,0.05599255709675999
2012-02-07,0.056079974619768214
2012-02-08,0.056092822036486245
2012-02-09,0.056205154993492545
2012-02-10,0.056456879408089855
2012-02-13,0.056128630996115536
2012-02-14,0.04769668155775064
2012-02-15,0.10769983312871101
2012-02-16,0.0074289361578879776
2012-02-17,0.06643096658160597
2012-02-21,0.06654515337265232
2012-02-22,0.06666594031865336
2012-02-23,0.06612172204080313
2012-02-24,0.06638627667144681
2012-02-27,0.06462052474763413
2012-02-28,0.06457015615078898
2012-02-29,0.06550582166517971
2012-03-01,0.06531015027749287
2012-03-02,0.06604018742788464
2012-03-05,0.06590212819812258
2012-03-06,0.06716867364853163
2012-03-07,0.06755177005281154
2012-03-08,0.06652592405748581
2012-03-09,0.06594744423203358
2012-03-12,0.159951133795196
2012-03-13,0.059058214809258214
2012-03-14,0.05926649742322987
2012-03-15,0.11604099721069694
2012-03-16,0.1167228470602274
2012-03-19,0.11629222307830589
2012-03-20,0.11729327845593718
2012-03-21,0.1167403498743459
2012-03-22,0.1159998544402231
2012-03-23,0.11556729502752183
2012-03-26,0.1137907069059414
2012-03-27,0.11411326485473405
2012-03-28,0.11451088903820339
2012-03-29,0.10744056787965539
2012-03-30,0.10781832940090086
2012-04-02,0.10676511036645975
2012-04-03,0.106865409101773
2012-04-04,0.1080527599097717
2012-04-05,0.10886754443935698
2012-04-09,0.202142953240107
2012-04-10,0.2083090181430023
2012-04-11,0.020675142129551016
2012-04-12,0.020374680650774857
2012-04-13,0.0203636457207379
2012-04-16,0.020420868572697093
2012-04-17,0.020271589096808595
2012-04-18,0.020261288602924865
2012-04-19,0.020418099013800317
2012-04-20,0.02035141559721232
2012-04-23,0.12157643506114435
2012-04-24,0.02501089920724442
2012-04-25,0.0245979748725631
2012-04-26,0.024400778033272008
2012-04-27,0.0243272090494161
2012-04-30,0.02447449031466764
2012-05-01,0.024478035560010047
2012-05-02,0.0243885780626818
2012-05-03,0.11887914652378828
2012-05-04,0.21953551743204935
2012-05-07,0.019334148326884293
2012-05-08,0.01951646973744381
2012-05-09,0.07761997188609082
2012-05-10,0.07636990572954128
2012-05-11,0.07627650033269218
2012-05-14,0.07701839302856062
2012-05-15,0.07712101093489476
2012-05-16,0.17480635858450155
2012-05-17,0.17960373708655664
2012-05-18,0.39968043777694096
2012-05-21,0.29041363856779256
2012-05-22,0.18947436975236853
2012-05-23,0.0892157564052316
2012-05-24,0.08845771823836268
2012-05-25,0.08872587909568364
2012-05-29,0.08805705775347084
2012-05-30,0.2915978835601044
2012-05-31,0.19143842948391254
2012-06-01,0.19646694099956452
2012-06-04,0.09676624500395115
2012-06-05,0.09639462930241804
2012-06-06,0.09466068750704737
2012-06-07,0.09455104647760137
2012-06-08,0.19335992699492954
2012-06-11,0.09424817021031517
2012-06-12,0.09356262536133853
2012-06-13,0.09407578970897967
2012-06-14,0.08456978087122435
2012-06-15,0.0839593332817038
2012-06-18,0.08312406313387133
2012-06-19,0.08308137800562232
2012-06-20,0.08346084905123718
2012-06-21,0.08477603676954393
2012-06-22,0.08528674857680174
2012-06-25,0.08611144573001528
2012-06-26,0.083470745222741
2012-06-27,0.08436181752405558
2012-06-28,0.08451429995512694
2012-06-29,0.1776512153423958
2012-07-02,0.17692845190228368
2012-07-03,0.17735102236299194
2012-07-05,0.07761727359316939
2012-07-06,0.07784488827354419
2012-07-09,0.07806096040892241
2012-07-10,0.07860194733127379
2012-07-11,0.07776017544014646
2012-07-12,0.07781027031737742
2012-07-13,0.07666236483616806
2012-07-16,0.07712123042738461
2012-07-17,0.07677416164260076
2012-07-18,0.07680310217911956
2012-07-19,0.17400945307949067
2012-07-20,0.16653455166295972
2012-07-23,0.26521826789872993
2012-07-24,0.262053927890051
2012-07-25,0.16823872256113714
2012-07-26,0.06760450265851636
2012-07-27,0.0671649301967846
2012-07-30,0.06734071758913396
2012-07-31,0.06775379635592726
2012-08-01,0.06884163550882516
2012-08-02,0.08313905930450072
2012-08-03,0.08193107790417176
2012-08-06,0.08174862031453467
2012-08-07,0.08152430318062909
2012-08-08,0.08148859224231109
2012-08-09,0.0819679288710895
2012-08-10,0.08223498603994972
2012-08-13,0.08234754082169349
2012-08-14,0.08255867746966938
2012-08-15,0.08205772457471372
2012-08-16,0.07489329711479797
2012-08-17,0.07443223254992393
2012-08-20,0.07478691172292617
2012-08-21,0.07508138100977235
2012-08-22,0.07449571220902285
2012-08-23,0.07493312292020438
2012-08-24,0.07041956201374877
2012-08-27,0.07044526151009078
2012-08-28,0.07016472073779534
2012-08-29,0.06987010011472827
2012-08-30,0.07010083444961557
2012-08-31,0.07005009495249259
2012-09-04,0.06945196611706506
2012-09-05,0.06952785515372895
2012-09-06,0.06863005156889301
2012-09-07,0.06877079668989239
2012-09-10,0.06913576308294056
2012-09-11,0.06537788729119987
2012-09-12,0.06463041276537895
2012-09-13,0.06404803289126781
2012-09-14,0.0638182153840251
2012-09-17,0.06418484230618715
2012-09-18,0.06467153417172922
2012-09-19,0.05910513328928746
2012-09-20,0.05917940975330682
2012-09-21,0.05899893819412594
2012-09-24,0.11964184884995777
2012-09-25,0.12004544964542552
2012-09-26,0.020511440681617366
2012-09-27,0.014315954441197709
2012-09-28,0.014288522130597059
2012-10-01,0.014125424134775022
2012-10-02,0.014293079315604196
2012-10-03,0.011756722736167458
2012-10-04,0.012157063902826448
2012-10-05,0.012350528551100748
2012-10-08,0.012485041162857646
2012-10-09,0.01258180275500509
2012-10-10,0.012635386983932073
2012-10-11,0.10101753093849397
2012-10-12,0.08942636983467933
2012-10-15,0.03600237958177244
2012-10-16,0.03561251580148084
2012-10-17,0.03542573977699481
2012-10-18,0.03568043548891542
2012-10-19,0.11812122733773422
2012-10-22,0.11883859740077807
2012-10-23,0.12038766501311671
2012-10-24,0.12028011458442178
2012-10-25,0.12117285810996781
2012-10-26,0.12165302540760359
2012-10-31,0.12187563596026729
2012-11-01,0.12062344994320562
2012-11-02,0.21300877975843757
2012-11-05,0.11214615888265234
2012-11-06,0.11143734916730852
2012-11-07,0.2112203890196478
2012-11-08,0.46367958270518617
2012-11-09,0.16379281981279548
2012-11-12,0.06301737673432539
2012-11-13,0.06323559288562708
2012-11-14,0.2182290168069626
2012-11-15,0.21817582703118077
2012-11-16,0.21740626888104342
2012-11-19,0.21478806041830178
2012-11-20,0.01475926578295228
2012-11-21,0.014655286111187715
2012-11-23,0.014429519867777074
2012-11-26,0.014314120693711296
2012-11-27,0.014434164069020428
2012-11-28,0.014339801569087873
2012-11-29,0.01430256899229898
2012-11-30,0.014278963164689018
2012-12-03,0.014347873107706022
2012-12-04,0.014377867747848105
2012-12-05,0.014505518834413755
2012-12-06,0.014512596975901126
2012-12-07,0.014594069245312813
2012-12-10,0.09347596000927938
2012-12-11,0.09319040830508607
2012-12-12,0.09325330543235844
2012-12-13,0.09384143386552524
2012-12-14,0.08924700297175825
2012-12-17,0.0882625662680806
2012-12-18,0.08741147884357081
2012-12-19,0.08770350731328647
2012-12-20,0.08780323983470983
2012-12-21,0.1852021695619035
2012-12-24,0.08559855572168407
2012-12-26,0.08625843123852994
2012-12-27,0.08611934398585963
2012-12-28,0.08669774117008311
2012-12-31,0.08488123554276916
2013-01-02,0.08266458076530758
2013-01-03,0.08309190387202126
2013-01-04,0.08284448042375891
2013-01-07,0.08318317161199507
2013-01-08,0.0823440831947232
2013-01-09,0.08174692430633312
2013-01-10,0.08155064781703891
2013-01-11,0.08154928480484713
2013-01-14,0.08174801593155623
2013-01-15,0.0816826721417716
2013-01-16,0.03798690314984321
2013-01-17,0.03743368793609847
2013-01-18,0.03733803303760819
2013-01-22,0.03721765349901085
2013-01-23,0.037335270941383336
2013-01-24,0.036769737558647875
2013-01-25,0.03656344331498029
2013-01-28,0.03664735448106171
2013-01-29,0.03669781079157919
2013-01-30,0.036896124280406783
2013-01-31,0.036688317268662396
2013-02-01,0.032981882946458985
2013-02-04,0.03339447742642687
2013-02-05,0.03309156769421251
2013-02-06,0.03303829902158828
2013-02-07,0.033213237562390585
2013-02-08,0.03305499498935893
2013-02-11,0.03316481822390871
2013-02-12,0.03304067576901881
2013-02-13,0.032969050676005196
2013-02-14,0.03292162992176828
2013-02-15,0.03279424834587452
2013-02-19,0.03273329006881576
2013-02-20,0.03355119848220889
2013-02-21,0.17925585536676336
2013-02-22,0.0797925064130055
2013-02-25,0.08189684237110739
2013-02-26,0.0801170249334362
2013-02-27,0.07911885934918961
2013-02-28,0.07871352065454407
2013-03-01,0.07817234881433222
2013-03-04,0.08773953071546037
2013-03-05,0.08731188685756142
2013-03-06,0.13991235067694896
2013-03-07,0.23624913231048317
2013-03-08,0.13587775539744784
2013-03-11,0.13574754079468976
2013-03-12,0.13611899150267703
2013-03-13,0.13586975083421715
2013-03-14,0.13457431053915692
2013-03-15,0.13479207891585443
2013-03-18,0.13557245734979018
2013-03-19,0.13607885662589658
2013-03-20,0.2252636731826968
2013-03-21,0.2268108283571626
2013-03-22,0.1268886788554846
2013-03-25,0.17847225340520623
2013-03-26,0.17791880140641325
2013-03-27,0.1781454767900842
2013-03-28,0.1772129707877893
2013-04-01,0.17955163815998798
2013-04-02,0.17485328374095066
2013-04-03,0.1779966414005233
2013-04-04,0.13070297502934602
2013-04-05,0.13139941718423698
2013-04-08,0.12979287916265858
2013-04-09,0.12974122526128595
2013-04-10,0.1276175951786489
2013-04-11,0.12739219233692178
2013-04-12,0.12714685517127677
2013-04-15,0.13024690997511645
2013-04-16,0.08066127019238778
2013-04-17,0.0819531542780122
2013-04-18,0.08233325491223376
2013-04-19,0.0806063542054003
2013-04-22,0.08017715378470813
2013-04-23,0.07941869854316141
2013-04-24,0.0797268427283584
2013-04-25,0.07931263024435753
2013-04-26,0.07938393201290339
2013-04-29,0.0786122171250867
2013-04-30,0.07863041976026708
2013-05-01,0.07993212076642497
2013-05-02,0.07981591360515206
2013-05-03,0.1683390887768632
2013-05-06,0.16717341281296538
2013-05-07,0.22497311514872542
2013-05-08,0.2168208430760854
2013-05-09,0.21754157010760156
2013-05-10,0.11731630718193264
2013-05-13,0.20855547366495208
2013-05-14,0.10712986695369597
2013-05-15,0.10726108578247062
2013-05-16,0.10850016536999407
2013-05-17,0.10707417482797599
2013-05-20,0.10795710624645405
2013-05-21,0.16139462149612316
2013-05-22,0.16341710049355396
2013-05-23,0.06319244287595083
2013-05-24,0.06302208569389267
2013-05-28,0.06222062272684614
2013-05-29,0.06327837469912545
2013-05-30,0.055462979471732066
2013-05-31,0.056649062445113585
2013-06-03,0.056859474062069926
2013-06-04,0.16193380018547432
2013-06-05,0.16435832718608967
2013-06-06,0.06322713877325115
2013-06-07,0.06229849796666531
2013-06-10,0.06119222338983765
2013-06-11,0.06202711182144305
2013-06-12,0.0619008920440719
2013-06-13,0.11463103368308147
2013-06-14,0.11007560182537535
2013-06-17,0.1793415072974791
2013-06-18,0.17762227092340566
2013-06-19,0.1794831417821301
2013-06-20,0.18375298082085856
2013-06-21,0.23556745752397024
2013-06-24,0.1375475225419931
2013-06-25,0.13638799269178548
2013-06-26,0.1351379445576344
2013-06-27,0.13295933170479324
2013-06-28,0.11687797902417663
2013-07-01,0.11564722105593916
2013-07-02,0.11558039518388452
2013-07-03,0.11478324882977142
2013-07-05,0.11355565019133962
2013-07-08,0.1141295786369304
2013-07-09,0.11319722232788076
2013-07-10,0.1129112789306459
2013-07-11,0.1669117503672647
2013-07-12,0.1669647242233654
2013-07-15,0.165512687232515
2013-07-16,0.16650931595834007
2013-07-17,0.16642391071753482
2013-07-18,0.15972135322095604
2013-07-19,0.15992814913745257
2013-07-22,0.15882503234810175
2013-07-23,0.16059216946518662
2013-07-24,0.15510010865536317
2013-07-25,0.15397097360081802
2013-07-26,0.1545286772381066
2013-07-29,0.15496135763143692
2013-07-30,0.1531784560074959
2013-07-31,0.15147179255980525
2013-08-01,0.14942767188574158
2013-08-02,0.14832946870239117
2013-08-05,0.14771271869689984
2013-08-06,0.14953190874965805
2013-08-07,0.14949825290189167
2013-08-08,0.1488766409486254
2013-08-09,0.14866901624743778
2013-08-12,0.14912958824574019
2013-08-13,0.09591177920152394
2013-08-14,0.09645105768154327
2013-08-15,0.09837589874822505
2013-08-16,0.09818853328613131
2013-08-19,0.09828174892179586
2013-08-20,0.0963211386028211
2013-08-21,0.15508042273369005
2013-08-22,0.14005137710878313
2013-08-23,0.19916757509645133
2013-08-26,0.19875380665735676
2013-08-27,0.3011694806031502
2013-08-28,0.2005804581216838
2013-08-29,0.19960516872150724
2013-08-30,0.20223411337612296
2013-09-03,0.19611244179897802
2013-09-04,0.19561525813919667
2013-09-05,0.1914331204927069
2013-09-06,0.19206502793823177
2013-09-09,0.18902890064597766
2013-09-10,0.18730724196285553
2013-09-11,0.18655090849817335
2013-09-12,0.24167509001910747
2013-09-13,0.24041081175844448
2013-09-16,0.240080039431673
2013-09-17,0.23814596062322402
2013-09-18,0.2383385556652171
2013-09-19,0.2384366024698854
2013-09-20,0.24006142128564967
2013-09-23,0.24028715960909275
2013-09-24,0.23988723739194817
2013-09-25,0.24098782855962286
2013-09-26,0.23724178884890412
2013-09-27,0.2384848387782036
2013-09-30,0.2373114934798064
2013-10-01,0.23503831823163324
2013-10-02,0.23519191799601946
2013-10-03,0.2371498040078639
2013-10-04,0.22855915225757129
2013-10-07,0.23162485909410369
2013-10-08,0.23686212783660743
2013-10-09,0.23753052059103041
2013-10-10,0.20035665761955712
2013-10-11,0.19905652440299793
2013-10-14,0.19617276110885307
2013-10-15,0.19708036730574896
2013-10-16,0.19497042791195163
2013-10-17,0.19398844526721504
2013-10-18,0.18560996717339395
2013-10-21,0.18513251974239064
2013-10-22,0.1855335106079613
2013-10-23,0.18673320573694596
2013-10-24,0.18525100409546313
2013-10-25,0.28253332142242804
2013-10-28,0.28322533766250624
2013-10-29,0.18363510772288105
2013-10-30,0.18512463403764812
2013-10-31,0.18553155888807804
2013-11-01,0.1754388880382789
2013-11-04,0.17442151260250016
2013-11-05,0.17377494333430765
2013-11-06,0.17679435051658576
2013-11-07,0.35295794341959486
2013-11-08,0.14923833358659588
2013-11-11,0.1481592237003937
2013-11-12,0.14791595966723836
2013-11-13,0.14631535797468498
2013-11-14,0.1461691774221333
2013-11-15,0.1456730323545723
2013-11-18,0.14743785487240435
2013-11-19,0.14962491939442257
2013-11-20,0.11217005156740456
2013-11-21,0.0647569302175014
2013-11-22,0.06438927646725834
2013-11-25,0.06416928233882824
2013-11-26,0.0639885121519832
2013-11-27,0.06381269767654596
2013-11-29,0.06390279543620359
2013-12-02,0.06435972724991157
2013-12-03,0.058628053000244984
2013-12-04,0.04652014000470661
2013-12-05,0.04670606593039317
2013-12-06,0.0413641717453993
2013-12-09,0.04170297768118503
2013-12-10,0.04166962521828621
2013-12-11,0.042538460935537814
2013-12-12,0.032687191641456836
2013-12-13,0.029898876257219098
2013-12-16,0.029571571035600708
2013-12-17,0.029666981722745844
2013-12-18,0.029273509109054685
2013-12-19,0.02929151398852492
2013-12-20,0.029044711746301854
2013-12-23,0.02870860860975577
2013-12-24,0.028645768752479372
2013-12-26,0.028542482610971365
2013-12-27,0.028680423107918296
2013-12-30,0.028808874446047628
2013-12-31,0.028650886561253364
2014-01-02,0.029017234832436567
2014-01-03,0.02896783883881182
2014-01-06,0.029174606506005785
2014-01-07,0.023084566097050674
2014-01-08,0.02297194012111048
2014-01-09,0.022982668747956736
2014-01-10,0.02281600747331458
2014-01-13,0.023268226329827724
2014-01-14,0.022721225413737556
2014-01-15,0.022533527858533464
2014-01-16,0.022584744836217308
2014-01-17,0.022784099279610448
2014-01-21,0.02258395245117817
2014-01-22,0.022437321661633813
2014-01-23,0.022746553501172273
2014-01-24,0.02375794321544389
2014-01-27,0.6114205158665076
2014-01-28,0.21825962171646962
2014-01-29,0.22001988161909714
2014-01-30,0.21624554029738097
2014-01-31,0.11596891376487273
2014-02-03,0.12044199128616573
2014-02-04,0.3253103958230861
2014-02-05,0.32891952403324154
2014-02-06,0.41583395641185483
2014-02-07,0.11465868363745324
2014-02-10,0.11448642641681084
2014-02-11,0.11368835949198919
2014-02-12,0.11340469678408038
2014-02-13,0.11168066298625412
2014-02-14,0.11100307107419494
2014-02-18,0.10902996858874092
2014-02-19,0.10932315113077351
2014-02-20,0.06645536381323014
2014-02-21,0.06629163386660009
2014-02-24,0.06638565976060262
2014-02-25,0.0664502368872083
2014-02-26,0.06668323242220786
2014-02-27,0.06594651961560383
2014-02-28,0.12631736259648452
2014-03-03,0.12620556840656372
2014-03-04,0.12385287538515732
2014-03-05,0.12093309979104272
2014-03-06,0.18466230148197427
2014-03-07,0.17216087662782253
2014-03-10,0.17275631533410196
2014-03-11,0.16562128298782364
2014-03-12,0.15071245653191478
2014-03-13,0.15277509259925415
2014-03-14,0.15282495978234512
2014-03-17,0.15203340322349745
2014-03-18,0.149851383605619
2014-03-19,0.15147022698315837
2014-03-20,0.1512812043983658
2014-03-21,0.15273919438936567
2014-03-24,0.14582832276231228
2014-03-25,0.14564319921480318
2014-03-26,0.14821808414086513
2014-03-27,0.13100561580853076
2014-03-28,0.0387515659043296
2014-03-31,0.04231246449084192
2014-04-01,0.041867776140688706
2014-04-02,0.04153958247947276
2014-04-03,0.041833737609290766
2014-04-04,0.04240262974624609
2014-04-07,0.0435653062646183
2014-04-08,0.043290722693856476
2014-04-09,0.023192073506705824
2014-04-10,0.023712090633668192
2014-04-11,0.024081898465001528
2014-04-14,0.03093656703245895
2014-04-15,0.13361440591820295
2014-04-16,0.13143544830765808
2014-04-17,0.13099937529035877
2014-04-21,0.4230831890793689
2014-04-22,0.5203763841122575
2014-04-23,0.519639960081072
2014-04-24,0.5200668195135467
2014-04-25,0.5818490862710914
2014-04-28,0.48315935305223745
2014-04-29,0.18315990634318569
2014-04-30,0.08254079511686352
2014-05-01,0.08227801520255451
2014-05-02,0.08227245255794735
2014-05-05,0.08204817466830361
2014-05-06,0.08247847310658052
2014-05-07,0.08222718360085457
2014-05-08,0.08255788154596178
2014-05-09,0.08286988487382074
2014-05-12,0.08089331448765047
2014-05-13,0.08080348993153164
2014-05-14,0.08155927110901495
2014-05-15,0.08226460418085202
2014-05-16,0.08189333395070819
2014-05-19,0.08103424684441884
2014-05-20,0.08196920306059552
2014-05-21,0.07372296100740972
2014-05-22,0.07352030655256625
2014-05-23,0.07281141913549949
2014-05-27,0.07216160092239887
2014-05-28,0.07191531634829196
2014-05-29,0.0715502690186347
2014-05-30,0.0716396467835575
2014-06-02,0.07142627497092435
2014-06-03,0.07167484929095458
2014-06-04,0.0715152101777462
2014-06-05,0.07071063572598424
2014-06-06,0.02652414310563256
2014-06-09,0.08219549106773061
2014-06-10,0.08215201517533932
2014-06-11,0.08299781556912578
2014-06-12,0.08410097286200469
2014-06-13,0.08363869197704732
2014-06-16,0.08385890481127023
2014-06-17,0.08364183183287488
2014-06-18,0.08291205060152795
2014-06-19,0.08234403433284543
2014-06-20,0.0818815472838379
2014-06-23,0.08247308235885131
2014-06-24,0.08395682238729407
2014-06-25,0.08311931532486594
2014-06-26,0.08300346820620319
2014-06-27,0.08298497971346297
2014-06-30,0.07091314063769316
2014-07-01,0.07027339108493202
2014-07-02,0.07031666802490777
2014-07-03,0.06995220630079668
2014-07-07,0.07082934553441411
2014-07-08,0.07153468743163827
2014-07-09,0.02401630391350318
2014-07-10,0.024271717949208682
2014-07-11,0.024192815514399113
2014-07-14,0.024045377245209165
2014-07-15,0.024099983023329385
2014-07-16,0.023787744741419092
2014-07-17,0.024247602200299645
2014-07-18,0.021146376564289193
2014-07-21,0.02112047618446744
2014-07-22,0.02086438339223029
2014-07-23,0.021335421263738552
2014-07-24,0.021321594758205498
2014-07-25,0.02139668751792556
2014-07-28,0.07510208036039079
2014-07-29,0.07571564907948924
2014-07-30,0.2308156630930408
2014-07-31,0.33947459140940506
2014-08-01,0.6351892926866107
2014-08-04,0.4339851897259621
2014-08-05,0.43783197528739826
2014-08-06,0.23715458802916378
2014-08-07,0.23715027418791879
2014-08-08,0.03687198764187227
2014-08-11,0.03655289794137673
2014-08-12,0.03669690772100953
2014-08-13,0.03617146283128114
2014-08-14,0.036010631932206216
2014-08-15,0.03595149984599599
2014-08-18,0.03535437736751401
2014-08-19,0.03519328887355422
2014-08-20,0.03499957679827337
2014-08-21,0.03498708749605295
2014-08-22,0.034906237053199174
2014-08-25,0.03463030035620085
2014-08-26,0.03471137483747777
2014-08-27,0.03473805008447384
2014-08-28,0.03471876718673783
2014-08-29,0.03456557445842179
2014-09-02,0.034061563075077794
2014-09-03,0.034305653338112974
2014-09-04,0.03450864716838209
2014-09-05,0.03437093383789458
2014-09-08,0.034333621693752425
2014-09-09,0.034625651923651635
2014-09-10,0.033959677797917864
2014-09-11,0.08441134550409335
2014-09-12,0.0849216428904297
2014-09-15,0.08593003869599614
2014-09-16,0.080512852828304
2014-09-17,0.07990804061154877
2014-09-18,0.07922105459262219
2014-09-19,0.07944564370002571
2014-09-22,0.0799680115007122
2014-09-23,0.08058884884711104
2014-09-24,0.08003168713534392
2014-09-25,0.08143346350655178
2014-09-26,0.07292253928322057
2014-09-29,0.07328542737590993
2014-09-30,0.07383025200424376
2014-10-01,0.07566114505513288
2014-10-02,0.07549449839740063
2014-10-03,0.07189398254306334
2014-10-06,0.0726335405974754
2014-10-07,0.07410751208750443
2014-10-08,0.2597501786988776
2014-10-09,0.2628961841812386
2014-10-10,0.3294005219690431
2014-10-13,0.33482042894143227
2014-10-14,0.5989566465890702
2014-10-15,0.692876865527143
2014-10-16,0.8121716955775949
2014-10-17,0.8982608259023162
2014-10-20,0.8968602505184311
2014-10-21,0.8939573260412275
2014-10-22,0.895199127234433
2014-10-23,0.8934982693072387
2014-10-24,0.8947388033619796
2014-10-27,1.0
2014-10-28,1.0
2014-10-29,1.0
2014-10-30,1.0
2014-10-31,1.0
2014-11-03,1.0
2014-11-04,1.0
2014-11-05,1.0
2014-11-06,1.0
2014-11-07,1.0
2014-11-10,1.0
2014-11-11,0.9000671537947628
2014-11-12,0.8990194396959349
2014-11-13,0.8996739780836327
2014-11-14,0.8000289342090546
2014-11-17,0.40078890660486555
2014-11-18,0.19968950583429101
2014-11-19,0.20168518016908754
2014-11-20,0.0013739803985061139
2014-11-21,0.0013763790856179403
2014-11-24,0.0013626300965153826
2014-11-25,0.001349384857084024
2014-11-26,0.0013304440145939234
2014-11-28,0.0013479452189364416
2014-12-01,0.0013649809497593424
2014-12-02,0.09097208602938223
2014-12-03,0.09001532730043538
2014-12-04,0.08621638461959269
2014-12-05,0.08592623655032627
2014-12-08,0.08628395999823135
2014-12-09,0.0857306894921891
2014-12-10,0.08682215666276138
2014-12-11,0.08639900397754374
2014-12-12,0.08699055767691644
2014-12-15,0.08721768746601455
2014-12-16,0.08755887129640283
2014-12-17,0.08248226069159548
2014-12-18,0.08186665126998849
2014-12-19,0.08159186179759126
2014-12-22,0.08124758452647274
2014-12-23,0.0814249885920253
2014-12-24,0.07602451216615891
2014-12-26,0.07562955266174531
2014-12-29,0.07567512672052146
2014-12-30,0.07596888828418469
2014-12-31,0.07672621657027678
2015-01-02,0.07655107611695999
2015-01-05,0.0768561637222509
2015-01-06,0.2735763898893433
2015-01-07,0.3642357098196357
2015-01-08,0.36176310129931943
2015-01-09,0.36282183754621755
2015-01-12,0.3606640437729862
2015-01-13,0.418954593780279
2015-01-14,0.418635995259214
2015-01-15,0.41973938734167604
2015-01-16,0.4157901707505066
2015-01-20,0.5160923348909997
2015-01-21,0.5162050729698109
2015-01-22,0.31291258266039934
2015-01-23,0.1127087521856257
2015-01-26,0.16712530485789379
2015-01-27,0.16773018803189088
2015-01-28,0.16976984020449826
2015-01-29,0.169079288997384
2015-01-30,0.17257172809329013
2015-02-02,0.1727705366350918
2015-02-03,0.1711960197917487
2015-02-04,0.1707270209666244
2015-02-05,0.16983630729695376
2015-02-06,0.17093095026567295
2015-02-09,0.07165498728582609
2015-02-10,0.07072296004705236
2015-02-11,0.0704904670232901
2015-02-12,0.07019322109836923
2015-02-13,0.1639188330391056
2015-02-17,0.25846445633581383
2015-02-18,0.11540092355480092
2015-02-19,0.11539671241151628
2015-02-20,0.11456960460796584
2015-02-23,0.11427546410042566
2015-02-24,0.11529472801590657
2015-02-25,0.11218629827203919
2015-02-26,0.1126335670307479
2015-02-27,0.11222243002491805
2015-03-02,0.1115430960987982
2015-03-03,0.11256355760566106
2015-03-04,0.11291571160508851
2015-03-05,0.11246266924218329
2015-03-06,0.06581030508164643
2015-03-09,0.06536124871533278
2015-03-10,0.06567770759430414
2015-03-11,0.06552808558040757
2015-03-12,0.0631043554810502
2015-03-13,0.06293518161542655
2015-03-16,0.06251640051356389
2015-03-17,0.062478752653635006
2015-03-18,0.06249778556231789
2015-03-19,0.1594198896082929
2015-03-20,0.15985353946906566
2015-03-23,0.0599301184488884
2015-03-24,0.14917418537101979
2015-03-25,0.1522878873071496
2015-03-26,0.05244310717210454
2015-03-27,0.052018453945878895
2015-03-30,0.051533158782000266
2015-03-31,0.04692070480533839
2015-04-01,0.047095685033800905
2015-04-02,0.0033829979944104416
2015-04-06,0.0019319772269904556
2015-04-07,0.0019481776615498658
2015-04-08,0.008818776087975433
2015-04-09,0.008824719520419633
2015-04-10,0.008779422846639018
2015-04-13,0.008829266121344714
2015-04-14,0.008856469414597834
2015-04-15,0.00986062021743439
2015-04-16,0.012644452146359009
2015-04-17,0.0761396996406225
2015-04-20,0.08195220003758741
2015-04-21,0.08179700706132553
2015-04-22,0.08113457764174659
2015-04-23,0.08092968498402753
2015-04-24,0.08067989705796219
2015-04-27,0.1803233190144362
2015-04-28,0.1746502252465848
2015-04-29,0.17636352239314934
2015-04-30,0.28134197940198313
2015-05-01,0.08127460241434392
2015-05-04,0.18260529487921828
2015-05-05,0.08344174916112479
2015-05-06,0.07859769935625915
2015-05-07,0.07653550954624977
2015-05-08,0.0758314051748491
2015-05-11,0.07518121686264045
2015-05-12,0.03171569408755259
2015-05-13,0.031750613026141794
2015-05-14,0.03152162842662387
2015-05-15,0.14276589383935379
2015-05-18,0.14157772312533323
2015-05-19,0.14140456915835786
2015-05-20,0.14754948353535047
2015-05-21,0.04739296086750733
2015-05-22,0.04762738403342459
2015-05-26,0.048033244642149864
2015-05-27,0.04757627504212192
2015-05-28,0.047359592995991906
2015-05-29,0.04213022444636916
2015-06-01,0.04207549883178385
2015-06-02,0.04197522497016326
2015-06-03,0.041686746343626346
2015-06-04,0.042031560993814
2015-06-05,0.041691609466649515
2015-06-08,0.04190090747691111
2015-06-09,0.04206086754574612
2015-06-10,0.041079408704507325
2015-06-11,0.04102188799361972
2015-06-12,0.04102104383143257
2015-06-15,0.04104952163696518
2015-06-16,0.04068957232119508
2015-06-17,0.040658138148271794
2015-06-18,0.04020470398380516
2015-06-19,0.09556487155498428
2015-06-22,0.08755716968351646
2015-06-23,0.08761145283080962
2015-06-24,0.08803152951762061
2015-06-25,0.08764783105848584
2015-06-26,0.08813019526882904
2015-06-29,0.24008533066108095
2015-06-30,0.030043710727647444
2015-07-01,0.02989072378317781
2015-07-02,0.030018417181653434
2015-07-06,0.03000404627497144
2015-07-07,0.02993356995987584
2015-07-08,0.030343303527808896
2015-07-09,0.030080277321750226
2015-07-10,0.02945815549320696
2015-07-13,0.02905593202871526
2015-07-14,0.028563284423804514
2015-07-15,0.08214644055723253
2015-07-16,0.0814294098592937
2015-07-17,0.08151558399859937
2015-07-20,0.08177699032784091
2015-07-21,0.0746637263908746
2015-07-22,0.07408888321581142
2015-07-23,0.06770457735512747
2015-07-24,0.06755775131550135
2015-07-27,0.12664215353706054
2015-07-28,0.12370331270998147
2015-07-29,0.1231111594860348
2015-07-30,0.12233503955255565
2015-07-31,0.12200096766750401
2015-08-03,0.1220800720507218
2015-08-04,0.1220786819850509
2015-08-05,0.12265954412785218
2015-08-06,0.2210715886694672
2015-08-07,0.0752494413416448
2015-08-10,0.06530395459011473
2015-08-11,0.06494585581561507
2015-08-12,0.06529074334407958
2015-08-13,0.06458577450650693
2015-08-14,0.06341911425164148
2015-08-17,0.12174909602193407
2015-08-18,0.12217368302957965
2015-08-19,0.12322074361660007
2015-08-20,0.17810058324550526
2015-08-21,0.1825032194350712
2015-08-24,0.3858750587664206
2015-08-25,0.9436063554256051
2015-08-26,0.9427333813828339
2015-08-27,0.9438248526546179
2015-08-28,0.9446122795483913
2015-08-31,0.9437374441221302
2015-09-01,0.945269470203459
2015-09-02,1.0
2015-09-03,1.0
2015-09-04,1.0
2015-09-08,1.0
2015-09-09,1.0
2015-09-10,1.0
2015-09-11,1.0
2015-09-14,1.0
2015-09-15,1.0
2015-09-16,1.0
2015-09-17,1.0
2015-09-18,1.0
2015-09-21,1.0
2015-09-22,1.0
2015-09-23,1.0
2015-09-24,1.0
2015-09-25,1.0
2015-09-28,1.0
2015-09-29,1.0
2015-09-30,1.0
2015-10-01,1.0
2015-10-02,1.0
2015-10-05,1.0
2015-10-06,1.0
2015-10-07,1.0
2015-10-08,1.0
2015-10-09,1.0
2015-10-12,1.0
2015-10-13,1.0
2015-10-14,1.0
2015-10-15,1.0
2015-10-16,1.0
2015-10-19,1.0
2015-10-20,1.0
2015-10-21,1.0
2015-10-22,1.0
2015-10-23,1.0
2015-10-26,1.0
2015-10-27,1.0
2015-10-28,1.0
2015-10-29,0.9000774404400725
2015-10-30,0.8043896855167736
2015-11-02,0.6052113307547919
2015-11-03,0.5084917751875558
2015-11-04,0.497332153565492
2015-11-05,0.1974965129922187
2015-11-06,0.09728373465794571
2015-11-09,0.09824197388244238
2015-11-10,0.09771412150628522
2015-11-11,0.09761721728846418
2015-11-12,0.09908942646574215
2015-11-13,0.10064271576089634
2015-11-16,0.0996409804446996
2015-11-17,0.0997664026124685
2015-11-18,0.09853965915584117
2015-11-19,0.0980376932013518
2015-11-20,0.09729599488249185
2015-11-23,0.09739372631236032
2015-11-24,0.09225497355409917
2015-11-25,0.09193936006958003
2015-11-27,0.0914379772659224
2015-11-30,0.18764736322347997
2015-12-01,0.08717389377279394
2015-12-02,0.08725313990777561
2015-12-03,0.08859897588413745
2015-12-04,0.08709406970536093
2015-12-07,0.08806302630135676
2015-12-08,0.08812135350435257
2015-12-09,0.0897170185561692
2015-12-10,0.08943229283113541
2015-12-11,0.09142749937809347
2015-12-14,0.5865994514134854
2015-12-15,0.5850419534700253
2015-12-16,0.5785931329852698
2015-12-17,0.5788787896717782
2015-12-18,0.5828289007526273
2015-12-21,0.6815560212256635
2015-12-22,0.6815071431773574
2015-12-23,0.782832149784861
2015-12-24,0.7816097511590532
2015-12-28,0.7799750874951605
2015-12-29,0.7795201418076403
2015-12-30,0.7816619257141638
2015-12-31,0.7846731596502581
2016-01-04,0.8933989521639144
2016-01-05,0.891029538466207
2016-01-06,0.8947607028073401
2016-01-07,1.0
2016-01-08,1.0
2016-01-11,1.0
2016-01-12,1.0
2016-01-13,1.0
2016-01-14,1.0
2016-01-15,1.0
2016-01-19,1.0
2016-01-20,1.0
2016-01-21,1.0
2016-01-22,1.0
2016-01-25,1.0
2016-01-26,1.0
2016-01-27,1.0
2016-01-28,1.0
2016-01-29,1.0
2016-02-01,1.0
2016-02-02,1.0
2016-02-03,1.0
2016-02-04,1.0
2016-02-05,1.0
2016-02-08,1.0
2016-02-09,1.0
2016-02-10,1.0
2016-02-11,1.0
2016-02-12,1.0
2016-02-16,1.0
2016-02-17,1.0
2016-02-18,1.0
2016-02-19,1.0
2016-02-22,1.0
2016-02-23,1.0
2016-02-24,1.0
2016-02-25,1.0
2016-02-26,1.0
2016-02-29,1.0
2016-03-01,1.0
2016-03-02,1.0
2016-03-03,1.0
2016-03-04,1.0
2016-03-07,1.0
2016-03-08,1.0
2016-03-09,1.0
2016-03-10,1.0
2016-03-11,1.0
2016-03-14,1.0
2016-03-15,0.9000445126654704
2016-03-16,0.7994538304307178
2016-03-17,0.5987017370071979
2016-03-18,0.6012339267480538
2016-03-21,0.5018652543626013
2016-03-22,0.20182416021776273
2016-03-23,0.0017963457266239047
2016-03-24,0.0017918762658096776
2016-03-28,0.0017885360181576493
2016-03-29,0.0017536320267536043
2016-03-30,0.0017517993195170778
2016-03-31,0.0017575748636768918
2016-04-01,0.001743060412786046
2016-04-04,0.0017454600755923977
2016-04-05,0.0017840272774298782
2016-04-06,0.08916485057617674
2016-04-07,0.08942687530549398
2016-04-08,0.08896030247858444
2016-04-11,0.18750881686676069
2016-04-12,0.0872007905129939
2016-04-13,0.08784983123320056
2016-04-14,0.08834123014205053
2016-04-15,0.28027645615163377
2016-04-18,0.17951781924403853
2016-04-19,0.18044686337283178
2016-04-20,0.08093933197204872
2016-04-21,0.0822385314710955
2016-04-22,0.282332498112301
2016-04-25,0.28204541338398914
2016-04-26,0.1804420419990589
2016-04-27,0.07990431665791564
2016-04-28,0.08069418153522445
2016-04-29,0.08119486408497656
2016-05-02,0.0805549087246632
2016-05-03,0.08157223928426638
2016-05-04,0.07549186066012925
2016-05-05,0.1779033418139293
2016-05-06,0.07717074954452163
2016-05-09,0.07749717753271201
2016-05-10,0.07693842888456592
2016-05-11,0.07701149018931319
2016-05-12,0.07744957613524528
2016-05-13,0.07771187024110504
2016-05-16,0.07036135706657876
2016-05-17,0.07184458066675348
2016-05-18,0.06973422088335735
2016-05-19,0.07466571338788841
2016-05-20,0.07444517903679748
2016-05-23,0.07453467379499046
2016-05-24,0.07339856444324788
2016-05-25,0.07348007575659676
2016-05-26,0.07304645123250608
2016-05-27,0.07283350388245757
2016-05-31,0.07228942778655789
2016-06-01,0.0718731726222881
2016-06-02,0.07161594013491879
2016-06-03,0.07151278092488267
2016-06-06,0.0635607935480883
2016-06-07,0.06325573853569655
2016-06-08,0.06260717445285924
2016-06-09,0.06226128357045857
2016-06-10,0.12253174498705666
2016-06-13,0.02273554440958625
2016-06-14,0.014962460390955612
2016-06-15,0.014966620853267054
2016-06-16,0.014951728522327068
2016-06-17,0.014886366835400455
2016-06-20,0.01286273983109687
2016-06-21,0.012831470150131197
2016-06-22,0.012855603429175355
2016-06-23,0.012732172007501652
2016-06-24,0.01301210807652764
2016-06-27,0.11225118637594644
2016-06-28,0.20404822334116035
2016-06-29,0.004380090279895055
2016-06-30,0.004285416378148721
2016-07-01,0.004279745970351523
2016-07-05,0.06366659344840164
2016-07-06,0.06368695000516622
2016-07-07,0.06422311476023923
2016-07-08,0.06363223693710529
2016-07-11,0.06352636968080672
2016-07-12,0.06365954803465101
2016-07-13,0.06348472536497396
2016-07-14,0.06378184671141884
2016-07-15,0.06378359808249534
2016-07-18,0.06374982159894604
2016-07-19,0.15313724366184622
2016-07-20,0.15274473088930351
2016-07-21,0.15308992114442488
2016-07-22,0.15215090972157064
2016-07-25,0.05201292139726288
2016-07-26,0.05186348521823059
2016-07-27,0.052342801352548984
2016-07-28,0.05197039929055558
2016-07-29,0.05197542778014885
2016-08-01,0.052873435446601724
2016-08-02,0.1429005426251322
2016-08-03,0.0429054243844591
2016-08-04,0.042941590045986855
2016-08-05,0.042792827952628176
2016-08-08,0.045521516653561966
2016-08-09,0.00665373451611373
2016-08-10,0.006647042273569825
2016-08-11,0.00663622546672793
2016-08-12,0.006631162168322713
2016-08-15,0.006585332164946389
2016-08-16,0.006691830136288601
2016-08-17,0.014728536309825513
2016-08-18,0.014561126668243718
2016-08-19,0.01441708554815091
2016-08-22,0.014340512713115983
2016-08-23,0.014286784382326445
2016-08-24,0.014384965870017918
2016-08-25,0.014344998285264143
2016-08-26,0.011397966130045067
2016-08-29,0.011326662101394325
2016-08-30,0.002777816020474
2016-08-31,0.0027922758275600312
2016-09-01,0.002774582031928041
2016-09-02,0.0027398422915327902
2016-09-06,0.0027304421211228336
2016-09-07,0.002727146008538739
2016-09-08,0.06273472680302428
2016-09-09,0.1601473175667225
2016-09-12,0.011908557908058004
2016-09-13,0.012164728635194355
2016-09-14,0.009408653913372311
2016-09-15,0.009244056374480558
2016-09-16,0.0092406063047763
2016-09-19,0.0940321885573302
2016-09-20,0.09445097991264573
2016-09-21,0.05326257997435657
2016-09-22,0.05280698390437544
2016-09-23,0.05293557374327296
2016-09-26,0.05349265854201646
2016-09-27,0.05284999038614335
2016-09-28,0.052867245219764936
2016-09-29,0.05355229367164582
2016-09-30,0.052764922417235516
2016-10-03,0.05291686875430979
2016-10-04,0.10024370526994375
2016-10-05,0.10046419611724766
2016-10-06,0.09375257943349047
2016-10-07,0.0946908953589326
2016-10-10,0.09406167738520521
2016-10-11,0.09637194977725294
2016-10-12,0.09552060701938458
2016-10-13,0.0968256107710771
2016-10-14,0.20018276186691641
2016-10-17,0.10010182153821234
2016-10-18,0.09969870711822404
2016-10-19,0.19730657505985838
2016-10-20,0.19873091249960317
2016-10-21,0.0987744728490143
2016-10-24,0.09779139899225853
2016-10-25,0.0981081204783878
2016-10-26,0.0980824533715724
2016-10-27,0.09942588140632069
2016-10-28,0.2953479342497236
2016-10-31,0.35674448995902797
2016-11-01,0.3577057066818454
2016-11-02,0.3594189219317222
2016-11-03,0.46137879578921526
2016-11-04,0.15973784555418158
2016-11-07,0.05803995136918649
2016-11-08,0.15186035521854335
2016-11-09,0.05094782930740127
2016-11-10,0.10813727796896988
2016-11-11,0.10703502287523392
2016-11-14,0.10521988688453154
2016-11-15,0.10443594453628113
2016-11-16,0.10395194499425808
2016-11-17,0.10238721365207393
2016-11-18,0.10245752571937183
2016-11-21,0.1013083842762097
2016-11-22,0.1003209166648682
2016-11-23,0.09986129905889651
2016-11-25,0.0997589772306281
2016-11-28,0.10086433930047811
2016-11-29,0.10077817703757874
2016-11-30,0.10019700988913971
2016-12-01,0.15481118796246296
2016-12-02,0.2574537982175339
2016-12-05,0.254382723787534
2016-12-06,0.25239697267976113
2016-12-07,0.302795181268825
2016-12-08,0.3000303088695846
2016-12-09,0.3015404676227108
2016-12-12,0.35712886632396224
2016-12-13,0.356969540044787
2016-12-14,0.3566317277389529
2016-12-15,0.35275211674767304
2016-12-16,0.35620890060607613
2016-12-19,0.3540646316609296
2016-12-20,0.35229233959308914
2016-12-21,0.35376115125401475
2016-12-22,0.357716829967893
2016-12-23,0.30263599540501274
2016-12-27,0.3019239940338866
2016-12-28,0.30537123891562246
2016-12-29,0.3057880462751167
2016-12-30,0.3067386288764754
2017-01-03,0.25430449470798067
2017-01-04,0.22357586271282925
2017-01-05,0.22700729284419474
2017-01-06,0.22713171528669296
2017-01-09,0.22881840509667262
2017-01-10,0.22657089595797109
2017-01-11,0.22581458482864192
2017-01-12,0.22831160657387517
2017-01-13,0.22707689377944662
2017-01-17,0.28254877896170794
2017-01-18,0.18130259493577217
2017-01-19,0.1792038214245576
2017-01-20,0.08332973980750125
2017-01-23,0.08336730412163817
2017-01-24,0.04304958695122685
2017-01-25,0.042629350848850445
2017-01-26,0.03965459536493421
2017-01-27,0.039553805312850465
2017-01-30,0.03993349657297651
2017-01-31,0.0401829225427518
2017-02-01,0.03996090217630699
2017-02-02,0.03999360206194058
2017-02-03,0.03961418684864926
2017-02-06,0.03978980639378815
2017-02-07,0.0397694756717496
2017-02-08,0.039866264187421896
2017-02-09,0.039509085147183653
2017-02-10,0.03917969087087181
2017-02-13,0.034568841528778926
2017-02-14,0.034464060108547856
2017-02-15,0.026520497649518915
2017-02-16,0.026617875207379127
2017-02-17,0.007446087551287395
2017-02-21,0.0073720744134337934
2017-02-22,0.056923693751901094
2017-02-23,0.05759859001463963
2017-02-24,0.05754698333844499
2017-02-27,0.10790319564928674
2017-02-28,0.10956703677641855
2017-03-01,0.10751218536121299
2017-03-02,0.1092615948978094
2017-03-03,0.1090423653016126
2017-03-06,0.1087495489052227
2017-03-07,0.10907318508053654
2017-03-08,0.10855825588738888
2017-03-09,0.10896632114725835
2017-03-10,0.10868907430609476
2017-03-13,0.10922418569670556
2017-03-14,0.10174153178553447
2017-03-15,0.10078299273492286
2017-03-16,0.10041307146724088
2017-03-17,0.10028473787023107
2017-03-20,0.1007450352685133
2017-03-21,0.10414597228417144
2017-03-22,0.10138882486884082
2017-03-23,0.10077995127390815
2017-03-24,0.10117771235394313
2017-03-27,0.10144582692323445
2017-03-28,0.10026295609673852
2017-03-29,0.1007192818476661
2017-03-30,0.09960300690407409
2017-03-31,0.09946420804803502
2017-04-03,0.10042984874067318
2017-04-04,0.10038816404089901
2017-04-05,0.09957867376030649
2017-04-06,0.1108044362919125
2017-04-07,0.11074448070107568
2017-04-10,0.11113475470979284
2017-04-11,0.061243939736184694
2017-04-12,0.06209984927475565
2017-04-13,0.21301863355464767
2017-04-17,0.013255559285896723
2017-04-18,0.013266314885874153
2017-04-19,0.013149233382963033
2017-04-20,0.012923192893460222
2017-04-21,0.013005234433484225
2017-04-24,0.01280506534767134
2017-04-25,0.012727524314862904
2017-04-26,0.012652494726699715
2017-04-27,0.012539393150121647
2017-04-28,0.01274860905698283
2017-05-01,0.012627236936610609
2017-05-02,0.012615864396195109
2017-05-03,0.01246068331957717
2017-05-04,0.07398185564950188
2017-05-05,0.07395457300109853
2017-05-08,0.0684953016463079
2017-05-09,0.05670758533314735
2017-05-10,0.05661438590671475
2017-05-11,0.0496465871360654
2017-05-12,0.04970548176291145
2017-05-15,0.049264688044796
2017-05-16,0.04867168293892099
2017-05-17,0.050515295331922117
2017-05-18,0.04997539721565614
2017-05-19,0.04947490767870977
2017-05-22,0.04905280304318271
2017-05-23,0.10711117836694861
2017-05-24,0.10685915868981644
2017-05-25,0.10604562429228526
2017-05-26,0.10548011098596732
2017-05-30,0.10606451421770557
2017-05-31,0.09922927082024624
2017-06-01,0.09788246816101409
2017-06-02,0.09712631378775749
2017-06-05,0.19129703449243118
2017-06-06,0.090835705659563
2017-06-07,0.09027424051619304
2017-06-08,0.0888449501095544
2017-06-09,0.09239274581376278
2017-06-12,0.09313847134842002
2017-06-13,0.09203315074517682
2017-06-14,0.09346526909291275
2017-06-15,0.08969013465822417
2017-06-16,0.25961675309070686
2017-06-19,0.058682122041312845
2017-06-20,0.059342323638091665
2017-06-21,0.058783969180915
2017-06-22,0.05845062427142844
2017-06-23,0.058053851110965615
2017-06-26,0.11473227045769918
2017-06-27,0.11608469884488792
2017-06-28,0.11436055800037093
2017-06-29,0.11601615854861957
2017-06-30,0.11507043309175813
2017-07-03,0.11593283245316643
2017-07-05,0.11453972657731426
2017-07-06,0.11568860990033036
2017-07-07,0.0667145179781179
2017-07-10,0.06710501835749605
2017-07-11,0.06689673299452181
2017-07-12,0.06486632885548616
2017-07-13,0.06502191642378008
2017-07-14,0.06486815710733573
2017-07-17,0.06543830677147822
2017-07-18,0.06504140924123003
2017-07-19,0.0635561661559465
2017-07-20,0.220381443195793
2017-07-21,0.12012418810743508
2017-07-24,0.11910052133348681
2017-07-25,0.11928483729376271
2017-07-26,0.11951878742513644
2017-07-27,0.12086876894937071
2017-07-28,0.07696457707399784
2017-07-31,0.27484634016994414
2017-08-01,0.07410162805061793
2017-08-02,0.07477404718691694
2017-08-03,0.02798670921399482
2017-08-04,0.02794630888362748
2017-08-07,0.027798362771182084
2017-08-08,0.027811723101946684
2017-08-09,0.027761113154783357
2017-08-10,0.028304859600109422
2017-08-11,0.028172830378221048
2017-08-14,0.028448932791433013
2017-08-15,0.02829319751985493
2017-08-16,0.02811982257562018
2017-08-17,0.028680284900441944
2017-08-18,0.028748729839823794
2017-08-21,0.027634574383561983
2017-08-22,0.027186668556522187
2017-08-23,0.027266994301405667
2017-08-24,0.027279325538104193
2017-08-25,0.020222432681896274
2017-08-28,0.02019576348042107
2017-08-29,0.020268594069311585
2017-08-30,0.020071454136854405
2017-08-31,0.11774825032422065
2017-09-01,0.01773974424155278
2017-09-05,0.017854916981576596
2017-09-06,0.01794936818006143
2017-09-07,0.01779925538376259
2017-09-08,0.017854806516065413
2017-09-11,0.07600848566323504
2017-09-12,0.07624162502522225
2017-09-13,0.077230284232921
2017-09-14,0.07236635931878643
2017-09-15,0.07244631497573506
2017-09-18,0.07172168112063992
2017-09-19,0.07193276924861325
2017-09-20,0.07219233067946884
2017-09-21,0.1731739233246239
2017-09-22,0.17128317423479789
2017-09-25,0.2298001507652555
2017-09-26,0.12705681476127784
2017-09-27,0.02663395785099265
2017-09-28,0.026633382893516022
2017-09-29,0.026457272070094184
2017-10-02,0.026052285193803648
2017-10-03,0.025988561703101154
2017-10-04,0.025864556929385163
2017-10-05,0.025745812727622885
2017-10-06,0.025745232148556063
2017-10-09,0.025851354297229512
2017-10-10,0.025948323095532966
2017-10-11,0.025864218444667242
2017-10-12,0.025880068642474052
2017-10-13,0.025814660029443104
2017-10-16,0.02591877472831472
2017-10-17,0.025919692037496778
2017-10-18,0.025934399866086588
2017-10-19,0.02595919131530222
2017-10-20,0.02407849819238328
2017-10-23,0.02412463919294472
2017-10-24,0.02398135870772866
2017-10-25,0.024270612863183105
2017-10-26,0.02092853257293459
2017-10-27,0.02092696182549081
2017-10-30,2.1420764347190868e-05
2017-10-31,2.1357273124689158e-05
2017-11-01,2.1446044552342336e-05
2017-11-02,2.141541022604443e-05
2017-11-03,2.1400161592577405e-05
2017-11-06,0.0009992977329105202
2017-11-07,0.0010001191060300396
2017-11-08,0.0009950982747133352
2017-11-09,0.00100110347060256
2017-11-10,0.09806850520969779
2017-11-13,0.09744219912756569
2017-11-14,0.09745662904549723
2017-11-15,0.09873368932690574
2017-11-16,0.0952683852939914
2017-11-17,0.09531059086086546
2017-11-20,0.09507234896249217
2017-11-21,0.09464136742368023
2017-11-22,0.09467874264775056
2017-11-24,0.09442632705005372
2017-11-27,0.09432779623318188
2017-11-28,0.09281569502540754
2017-11-29,0.09440464877628552
2017-11-30,0.09353636902968365
2017-12-01,0.09449166634144346
2017-12-04,0.09659442421918085
2017-12-05,0.3918065410471069
2017-12-06,0.3469100402952974
2017-12-07,0.04605983556207527
2017-12-08,0.04587625652423344
2017-12-11,0.04658035017291884
2017-12-12,0.04707385222763116
2017-12-13,0.046632671826319916
2017-12-14,0.04725578507596284
2017-12-15,0.05345832309644605
2017-12-18,0.05285900325787152
2017-12-19,0.05311214360377481
2017-12-20,0.052458997082358017
2017-12-21,0.0524576928845123
2017-12-22,0.018633108981910618
2017-12-26,0.018645052370567905
2017-12-27,0.07140738698237636
2017-12-28,0.07123668822775775
2017-12-29,0.07074123411541189
2018-01-02,0.0701477004438057
2018-01-03,0.07011161933082266
2018-01-04,0.06970772236755529
2018-01-05,0.06958251969051776
2018-01-08,0.06950337901566495
2018-01-09,0.06986611393003916
2018-01-10,0.06071770643576291
2018-01-11,0.05969979327012975
2018-01-12,0.05940390016346231
2018-01-16,0.06038559465259319
2018-01-17,0.05965054382717383
2018-01-18,0.158491319184921
2018-01-19,0.05771099331718854
2018-01-22,0.056724563459916943
2018-01-23,0.05633841156683428
2018-01-24,0.04942670467336652
2018-01-25,0.04766518115225704
2018-01-26,0.04741840655112384
2018-01-29,0.00433135148283037
2018-01-30,0.009170552268634502
2018-01-31,0.0014955079192486842
2018-02-01,0.09757166417011254
2018-02-02,0.09954748627408505
2018-02-05,0.3016449600366846
2018-02-06,0.3952024579246497
2018-02-07,0.38866813163587166
2018-02-08,0.5625063625314259
2018-02-09,0.5566909304921409
2018-02-12,0.553456416235518
2018-02-13,0.5483593226953891
2018-02-14,0.5389792008395171
2018-02-15,0.6018439220026734
2018-02-16,0.6013610983950324
2018-02-20,0.6024612002711884
2018-02-21,0.6022399816909993
2018-02-22,0.7044742320362476
2018-02-23,0.7029170644842764
2018-02-26,0.7035793792285646
2018-02-27,0.7078884771515259
2018-02-28,0.7095557858006041
2018-03-01,0.7693693942037365
2018-03-02,0.7645399886751527
2018-03-05,0.7625355053945992
2018-03-06,0.7595395810290553
2018-03-07,0.7514719203680312
2018-03-08,0.7533515751494131
2018-03-09,0.7511644655967425
2018-03-12,0.7503797450808479
2018-03-13,0.7513752434136877
2018-03-14,0.6487653564501605
2018-03-15,0.6475920830973296
2018-03-16,0.6478897780589103
2018-03-19,0.5504490626836804
2018-03-20,0.4495533369095812
2018-03-21,0.34881467462391347
2018-03-22,0.3550753599412668
2018-03-23,0.3565143770682072
2018-03-26,0.05534818157032262
2018-03-27,0.05684196517910056
2018-03-28,0.05738004564910859
2018-03-29,0.04806579809266476
2018-04-02,0.049347005590623216
2018-04-03,0.04881938079251191
2018-04-04,0.048074111426504085
2018-04-05,0.0475960935796188
2018-04-06,0.14951245502169175
2018-04-09,0.2537411840678202
2018-04-10,0.25042932228798587
2018-04-11,0.3501934901002738
2018-04-12,0.3484088435093351
2018-04-13,0.349329799373326
2018-04-16,0.3467509236284425
2018-04-17,0.3425932948710976
2018-04-18,0.43999553754383114
2018-04-19,0.4419712198693623
2018-04-20,0.4432340816377083
2018-04-23,0.443505045532545
2018-04-24,0.3461801362249801
2018-04-25,0.04073206353394121
2018-04-26,0.03397226631584305
2018-04-27,0.034259802923033544
2018-04-30,0.0343055455100687
2018-05-01,0.035012013315148804
2018-05-02,0.09871767108045615
2018-05-03,0.09829609175965581
2018-05-04,0.09853863789580741
2018-05-07,0.09825344565302341
2018-05-08,0.09667285539315862
2018-05-09,0.09616257489831459
2018-05-10,0.19458227248934556
2018-05-11,0.1928020828443332
2018-05-14,0.19438086712506475
2018-05-15,0.1927165862080542
2018-05-16,0.09108763776081952
2018-05-17,0.13755360869546251
2018-05-18,0.13744020197132434
2018-05-21,0.03739548523922953
2018-05-22,0.09628404226887421
2018-05-23,0.06615679269050456
2018-05-24,0.06555834373162583
2018-05-25,0.06584571942649986
2018-05-29,0.0608352259675119
2018-05-30,0.060428715595933435
2018-05-31,0.0610358154272167
2018-06-01,0.05995395025783412
2018-06-04,0.05942709552771808
2018-06-05,0.05859914904010821
2018-06-06,0.05824997671912968
2018-06-07,0.11667103498606723
2018-06-08,0.10477612723677399
2018-06-11,0.10437124112439922
2018-06-12,0.10388373315008992
2018-06-13,0.15878175324629817
2018-06-14,0.1582315259469792
2018-06-15,0.15840456198850095
2018-06-18,0.15764903061254631
2018-06-19,0.15834431560336604
2018-06-20,0.1566633879524203
2018-06-21,0.15710673005451203
2018-06-22,0.21429275758507782
2018-06-25,0.2189852216887278
2018-06-26,0.17162041089577118
2018-06-27,0.17513787959364413
2018-06-28,0.1698896175864677
2018-06-29,0.1702806134304975
2018-07-02,0.165772256829136
2018-07-03,0.1656409069567477
2018-07-05,0.1647740251954326
2018-07-06,0.16309363299293755
2018-07-09,0.1626107221648435
2018-07-10,0.2202319583849649
2018-07-11,0.22012597490067232
2018-07-12,0.21942429208985947
2018-07-13,0.16800654825847006
2018-07-16,0.1682056765071266
2018-07-17,0.16609560290039127
2018-07-18,0.16559438102812463
2018-07-19,0.1652750822457817
2018-07-20,0.16615130164954695
2018-07-23,0.16483848126395528
2018-07-24,0.16563956443095496
2018-07-25,0.1630962512878258
2018-07-26,0.16376766787615527
2018-07-27,0.168003590201657
2018-07-30,0.3160506362087494
2018-07-31,0.1158522398282924
2018-08-01,0.11607569229646642
2018-08-02,0.11059452725159791
2018-08-03,0.10134267579055778
2018-08-06,0.1008691208584247
2018-08-07,0.10077886009660109
2018-08-08,0.10059042310294275
2018-08-09,0.10000911246969668
2018-08-10,0.10019676108280373
2018-08-13,0.10006556966704894
2018-08-14,0.09804031002026081
2018-08-15,0.09919440561111703
2018-08-16,0.09812751879854342
2018-08-17,0.09780814955143413
2018-08-20,0.09694559613999887
2018-08-21,0.09628019500478902
2018-08-22,0.09536302581389433
2018-08-23,0.09520660867782105
2018-08-24,0.15360247584077058
2018-08-27,0.15276205691201405
2018-08-28,0.20649971209198748
2018-08-29,0.20647507182146574
2018-08-30,0.2063144530792289
2018-08-31,0.1574035643867182
2018-09-04,0.1577931809744635
2018-09-05,0.2548617859807021
2018-09-06,0.10595666946871918
2018-09-07,0.16908311511983043
2018-09-10,0.16838093512122254
2018-09-11,0.16735564752451015
2018-09-12,0.16672103196839982
2018-09-13,0.16516110300304554
2018-09-14,0.1645216723705285
2018-09-17,0.16849529547853725
2018-09-18,0.16060664470910846
2018-09-19,0.1630429180255677
2018-09-20,0.16173510555257187
2018-09-21,0.1621663845288509
2018-09-24,0.16152701728760221
2018-09-25,0.15742384908298923
2018-09-26,0.1590116385149729
2018-09-27,0.1583087928368987
2018-09-28,0.15362414380977485
2018-10-01,0.15592115646855575
2018-10-02,0.1594043437813467
2018-10-03,0.11464597193831871
2018-10-04,0.11704277957134956
2018-10-05,0.2606784369002362
2018-10-08,0.16257059937863894
2018-10-09,0.06081779219245542
2018-10-10,0.16662306678602934
2018-10-11,0.30018953257036207
2018-10-12,0.29714330863497274
2018-10-15,0.1966905724736583
2018-10-16,0.09537651205913289
2018-10-17,0.09610551135342171
2018-10-18,0.09664292823389031
2018-10-19,0.09662085197254122
2018-10-22,0.0959578138755316
2018-10-23,0.09759497618083912
2018-10-24,0.10055159484863108
2018-10-25,0.485347137714338
2018-10-26,0.4875776138268014
2018-10-29,0.6966281175964417
2018-10-30,0.9002316744004834
2018-10-31,1.0
2018-11-01,1.0
2018-11-02,1.0
2018-11-05,1.0
2018-11-06,1.0
2018-11-07,1.0
2018-11-08,1.0
2018-11-09,1.0
2018-11-12,1.0
2018-11-13,1.0
2018-11-14,1.0
2018-11-15,1.0
2018-11-16,1.0
2018-11-19,1.0
2018-11-20,1.0
2018-11-21,1.0
2018-11-23,1.0
2018-11-26,1.0
2018-11-27,1.0
2018-11-28,1.0
2018-11-29,1.0
2018-11-30,1.0
2018-12-03,0.8005273565425268
2018-12-04,0.8100180257544577
2018-12-06,0.8100518994667811
2018-12-07,0.8156194382591024
2018-12-10,1.0
2018-12-11,1.0
2018-12-12,1.0
2018-12-13,1.0
2018-12-14,1.0
2018-12-17,1.0
2018-12-18,1.0
2018-12-19,1.0
2018-12-20,1.0
2018-12-21,1.0
2018-12-24,1.0
2018-12-26,1.0
2018-12-27,1.0
2018-12-28,1.0
2018-12-31,1.0
2019-01-02,1.0
2019-01-03,1.0
2019-01-04,1.0
2019-01-07,1.0
2019-01-08,1.0
2019-01-09,1.0
2019-01-10,1.0
2019-01-11,1.0
2019-01-14,1.0
2019-01-15,1.0
2019-01-16,1.0
2019-01-17,1.0
2019-01-18,1.0
2019-01-22,1.0
2019-01-23,1.0
2019-01-24,1.0
2019-01-25,1.0
2019-01-28,1.0
2019-01-29,1.0
2019-01-30,1.0
2019-01-31,1.0
2019-02-01,1.0
2019-02-04,1.0
2019-02-05,0.9003422444654947
2019-02-06,0.9034669620816094
2019-02-07,0.9040695603776748
2019-02-08,0.9028651665618933
2019-02-11,0.8985722423169562
2019-02-12,0.8943199409318864
2019-02-13,0.7948373639859261
2019-02-14,0.5929101616607297
2019-02-15,0.5883387330598879
2019-02-19,0.5905897869040225
2019-02-20,0.5934430161797564
2019-02-21,0.2928406793699011
2019-02-22,0.1924657785841486
2019-02-25,0.19292441463307108
2019-02-26,0.09248661096432664
2019-02-27,0.08996246056057655
2019-02-28,0.1564005290751438
2019-03-01,0.056029904154627164
2019-03-04,0.05642308511094052
2019-03-05,0.056079138188722344
2019-03-06,0.05671539256379021
2019-03-07,0.056975965569227904
2019-03-08,0.05677475356129502
2019-03-11,0.04517336356838764
2019-03-12,0.04481447059798105
2019-03-13,0.044505407582407175
2019-03-14,0.044391767056579434
2019-03-15,0.03829827996735535
2019-03-18,0.03861951757387183
2019-03-19,0.03863965757707455
2019-03-20,0.13239549958771302
2019-03-21,0.031786773521636835
2019-03-22,0.03232301568168883
2019-03-25,0.03149310392922944
2019-03-26,0.031122970642409986
2019-03-27,0.031516943260332275
2019-03-28,0.03136193547002153
2019-03-29,0.03132193228380087
2019-04-01,0.031454945661498424
2019-04-02,0.031316334382525124
2019-04-03,0.031374703491637845
2019-04-04,0.031623040527083535
2019-04-05,0.031356303276622643
2019-04-08,0.03164038562869076
2019-04-09,0.03172847015867586
2019-04-10,0.03146031813401007
2019-04-11,0.03156527774082174
2019-04-12,0.12570464027729011
2019-04-15,0.028308091978371253
2019-04-16,0.12806384137750693
2019-04-17,0.43163006974125606
2019-04-18,0.29415146669247405
2019-04-22,0.09375499522357311
2019-04-23,0.0016913325087787312
2019-04-24,0.0016903092921182195
2019-04-25,0.0017073272161101105
2019-04-26,0.002378635472685242
2019-04-29,0.0023747055850491527
2019-04-30,0.0023714989094565375
2019-05-01,0.0024083595307271555
2019-05-02,0.002380976591881523
2019-05-03,0.002357888957343346
2019-05-06,0.002353356704235421
2019-05-07,0.0023943328533833075
2019-05-08,0.09951517015515376
2019-05-09,0.10004760407363089
2019-05-10,0.001183752866179666
2019-05-13,0.1937442487706238
2019-05-14,0.0955381987909385
2019-05-15,0.08556235145301228
2019-05-16,0.08466050872046005
2019-05-17,0.08518978390256837
2019-05-20,0.08613094889362616
2019-05-21,0.08509577594501583
2019-05-22,0.08483939323333045
2019-05-23,0.08587950671654354
2019-05-24,0.08599141156215662
2019-05-28,0.18302513052157654
2019-05-29,0.08336121547636255
2019-05-30,0.09487151150045536
2019-05-31,0.09525809380609718
2019-06-03,0.09496250022324237
2019-06-04,0.09356164993892602
2019-06-05,0.09288521552700002
2019-06-06,0.18605488788258806
2019-06-07,0.1848477194266902
2019-06-10,0.1846334913103671
2019-06-11,0.18565883662807092
2019-06-12,0.08150295473034552
2019-06-13,0.08186014439691547
2019-06-14,0.08196995102094795
2019-06-17,0.08200111446572877
2019-06-18,0.08189508970915027
2019-06-19,0.08124131745522156
2019-06-20,0.08069120958342835
2019-06-21,0.0809279528630037
2019-06-24,0.08120614002147553
2019-06-25,0.08187006934638674
2019-06-26,0.08179780568010098
2019-06-27,0.08114922667841917
2019-06-28,0.08073043757000997
2019-07-01,0.08009782594844261
2019-07-02,0.0798497982823545
2019-07-03,0.07905200886865715
2019-07-05,0.07920499856760621
2019-07-08,0.07978195235935404
2019-07-09,0.07944054048986338
2019-07-10,0.07930665912467683
2019-07-11,0.07909384651144225
2019-07-12,0.0788320690824117
2019-07-15,0.07866695885525021
2019-07-16,0.07901785412133233
2019-07-17,0.07970123772378146
2019-07-18,0.07951581581053613
2019-07-19,0.2732634538128703
2019-07-22,0.274441540194889
2019-07-23,0.16751010920201626
2019-07-24,0.06741424769223192
2019-07-25,0.06594435636130491
2019-07-26,0.06574835724486394
2019-07-29,0.06609733646607974
2019-07-30,0.029347223637558484
2019-07-31,0.02978558314071955
2019-08-01,0.029095906604946098
2019-08-02,0.029218314674422485
2019-08-05,0.030274458404997096
2019-08-06,0.03486904349727049
2019-08-07,0.03382740123531591
2019-08-08,0.03356079157202785
2019-08-09,0.03362021894711209
2019-08-12,0.034111615717441035
2019-08-13,0.033880344174203714
2019-08-14,0.03248562605629912
2019-08-15,0.03572304665171622
2019-08-16,0.031060483343220424
2019-08-19,0.030891974656012677
2019-08-20,0.030934700553746364
2019-08-21,0.030654555366651626
2019-08-22,0.0306542266262827
2019-08-23,0.031227609018495417
2019-08-26,0.130267191032305
2019-08-27,0.13040839759549971
2019-08-28,0.1301938092629219
2019-08-29,0.12965067591061152
2019-08-30,0.13050743652706542
2019-09-03,0.1305580328302275
2019-09-04,0.03011644051251139
2019-09-05,0.03015487039086162
2019-09-06,0.03028214597067047
2019-09-09,0.028596194038449818
2019-09-10,0.12646938496273818
2019-09-11,0.08784277390536743
2019-09-12,0.08729027820594726
2019-09-13,0.08653404692823219
2019-09-16,0.08751095599413172
2019-09-17,0.016179268074888564
2019-09-18,0.016124094179207127
2019-09-19,0.016096999815023882
2019-09-20,0.016140874632584623
2019-09-23,0.016168844057241616
2019-09-24,0.01619262892178741
2019-09-25,0.01610002501051233
2019-09-26,0.016120810448635114
2019-09-27,0.016373807289837283
2019-09-30,0.006771180823458622
2019-10-01,0.006841730418593817
2019-10-02,0.006973851384464269
2019-10-03,0.0029524048346394327
2019-10-04,0.0028882808802520588
2019-10-07,0.002898270875075437
2019-10-08,0.002909563256886849
2019-10-09,0.0029008830159422683
2019-10-10,0.0028974670428112415
2019-10-11,0.0028966286565892396
2019-10-14,0.002893720203977934
2019-10-15,0.002905670514179337
2019-10-16,0.002894501718529452
2019-10-17,0.002876881107056195
2019-10-18,0.002859907142155338
2019-10-21,0.0028443608471985238
2019-10-22,0.002861674514348156
2019-10-23,0.09926141175729275
2019-10-24,0.0985352070187181
2019-10-25,0.09891003080577443
2019-10-28,0.09972255014162756
2019-10-29,0.0006246498860190686
2019-10-30,0.0006279771251986865
2019-10-31,0.0006278909843469016
2019-11-01,0.0018355196999214618
2019-11-04,0.19864787719921972
2019-11-05,0.3798399272169166
2019-11-06,0.27946843211296213
2019-11-07,0.2817236885134138
2019-11-08,0.1915644459027579
2019-11-11,0.19043916308387188
2019-11-12,0.09032816526639487
2019-11-13,0.08970516739442669
2019-11-14,0.08945035369896914
2019-11-15,0.08918333929426603
2019-11-18,0.08922857837871523
2019-11-19,0.0896646090471317
2019-11-20,0.08959881161966687
2019-11-21,0.08948619496293564
2019-11-22,0.08933180272951002
2019-11-25,0.08862769792631575
2019-11-26,0.0876703177918644
2019-11-27,0.0873840890629648
2019-11-29,0.08829976110393489
2019-12-02,0.08923079506922149
2019-12-03,0.08549719504261366
2019-12-04,0.0849063376194441
2019-12-05,0.08503881418724235
2019-12-06,0.08541833202415228
2019-12-09,0.0855967552581357
2019-12-10,0.08575644215228595
2019-12-11,0.0848857382760847
2019-12-12,0.08482263321559447
2019-12-13,0.0853662237074524
2019-12-16,0.08495131139231249
2019-12-17,0.08472940749028512
2019-12-18,0.18066344702412307
2019-12-19,0.080750628261135
2019-12-20,0.08055428955187316
2019-12-23,0.08065255408695782
2019-12-24,0.08031583584020296
2019-12-26,0.08017509326813554
2019-12-27,0.0801239563027637
2019-12-30,0.08025195045691347
2019-12-31,0.075779599058161
2020-01-02,0.07532275149584622
2020-01-03,0.07574844467184372
2020-01-06,0.07537491590311152
2020-01-07,0.07551942706685255
2020-01-08,0.07504281843653815
2020-01-09,0.07453421984063424
2020-01-10,0.07500853423944487
2020-01-13,0.07452498353282799
2020-01-14,0.0319858007403333
2020-01-15,0.02830371619491645
2020-01-16,0.02798414009700756
2020-01-17,0.08418816458696043
2020-01-21,0.084386899145096
2020-01-22,0.08361779950090031
2020-01-23,0.13872060262614416
2020-01-24,0.2340855514825283
2020-01-27,0.23693796004812684
2020-01-28,0.13498843096500834
2020-01-29,0.13473559623875142
2020-01-30,0.1345224753953168
2020-01-31,0.13777825568346735
2020-02-03,0.08393091099871763
2020-02-04,0.1394710090020176
2020-02-05,0.13910204208413224
2020-02-06,0.13941666686512455
2020-02-07,0.1407695218033056
2020-02-10,0.1337131154687432
2020-02-11,0.13338481592628193
2020-02-12,0.13243570180738196
2020-02-13,0.13166179084976903
2020-02-14,0.13190421791055906
2020-02-18,0.1323686391343193
2020-02-19,0.1307902615825649
2020-02-20,0.13047438710689352
2020-02-21,0.0836110859206165
2020-02-24,0.0761718652714859
2020-02-25,0.23534740530939557
2020-02-26,0.5270977565196587
2020-02-27,0.636656389606407
2020-02-28,0.6387120608620315
2020-03-02,0.7317428673420836
2020-03-03,0.7331225623234625
2020-03-04,0.8252275499314623
2020-03-05,0.8270013878613256
2020-03-06,0.8332957252374169
2020-03-09,0.8459085795629294
2020-03-10,1.0
2020-03-11,1.0
2020-03-12,1.0
2020-03-13,1.0
2020-03-16,1.0
2020-03-17,1.0
2020-03-18,1.0
2020-03-19,1.0
2020-03-20,1.0
2020-03-23,1.0
2020-03-24,1.0
2020-03-25,1.0
2020-03-26,1.0
2020-03-27,1.0
2020-03-30,1.0
2020-03-31,1.0
2020-04-01,1.0
2020-04-02,1.0
2020-04-03,1.0
2020-04-06,1.0
2020-04-07,1.0
2020-04-08,1.0
2020-04-09,1.0
2020-04-13,1.0
2020-04-14,1.0
2020-04-15,1.0
2020-04-16,1.0
2020-04-17,1.0
2020-04-20,1.0
2020-04-21,1.0
2020-04-22,1.0
2020-04-23,1.0
2020-04-24,1.0
2020-04-27,1.0
2020-04-28,1.0
2020-04-29,1.0
2020-04-30,1.0
2020-05-01,1.0
2020-05-04,1.0
2020-05-05,1.0
2020-05-06,1.0
2020-05-07,1.0
2020-05-08,1.0
2020-05-11,1.0
2020-05-12,1.0
2020-05-13,1.0
2020-05-14,1.0
2020-05-15,1.0
2020-05-18,1.0
2020-05-19,1.0
2020-05-20,1.0
2020-05-21,1.0
2020-05-22,1.0
2020-05-26,1.0
2020-05-27,0.8013036514968148
2020-05-28,0.5012920987385703
2020-05-29,0.2986986059670016
2020-06-01,0.19630890412341595
2020-06-02,0.09643160325249811
2020-06-03,0.09678467590842266
2020-06-04,0.09853096718664822
2020-06-05,0.09656152801129236
2020-06-08,0.09602463018382379
2020-06-09,0.09601895939443494
2020-06-10,0.09395045613498221
2020-06-11,0.09866173835097536
2020-06-12,0.1916878245812632
2020-06-15,0.1880179575531128
2020-06-16,0.18661026249847967
2020-06-17,0.18527481842046323
2020-06-18,0.04494311118273797
2020-06-19,0.04481714899275824
2020-06-22,0.0442178694686437
2020-06-23,0.04426773646065485
2020-06-24,0.045072553113801095
2020-06-25,0.044460378019413715
2020-06-26,0.04510964205243628
2020-06-29,0.1323645162557998
2020-06-30,0.12980438684146545
2020-07-01,0.1286042000285642
2020-07-02,0.12772627268384762
2020-07-06,0.125552223945105
2020-07-07,0.18256794609104277
2020-07-08,0.18028380665912924
2020-07-09,0.17866610724367638
2020-07-10,0.17815200254584973
2020-07-13,0.08063546387475917
2020-07-14,0.06216417792202866
2020-07-15,0.06124665052521783
2020-07-16,0.06146439842870588
2020-07-17,0.059911541780285904
2020-07-20,0.05890856701211156
2020-07-21,0.11351714878595243
2020-07-22,0.11236347062344743
2020-07-23,0.11532845639949929
2020-07-24,0.11685149429712927
2020-07-27,0.1136424687334644
2020-07-28,0.11477509896928162
2020-07-29,0.11306542378336049
2020-07-30,0.11346151089356415
2020-07-31,0.11333763848166178
2020-08-03,0.11185493849006989
2020-08-04,0.16373468914660927
2020-08-05,0.16365530923721416
2020-08-06,0.16437694182747498
2020-08-07,0.16749563732190975
2020-08-10,0.15893573148272844
2020-08-11,0.16250211482839072
2020-08-12,0.16446433454628484
2020-08-13,0.1626641397193015
2020-08-14,0.16303519989238835
2020-08-17,0.15984789402502353
2020-08-18,0.15913390970172747
2020-08-19,0.1594416068095157
2020-08-20,0.15761579833210626
2020-08-21,0.15806807380999122
2020-08-24,0.15842511168488183
2020-08-25,0.14915577796059343
2020-08-26,0.19659270469087442
2020-08-27,0.19824729994553225
2020-08-28,0.19730020938334158
2020-08-31,0.1932899447493054
2020-09-01,0.19219438152331814
2020-09-02,0.24272309053604058
2020-09-03,0.25527791658244103
2020-09-04,0.24076430463912668
2020-09-08,0.24843213154596566
2020-09-09,0.1529402510639034
2020-09-10,0.1529800545820541
2020-09-11,0.10904918817849418
2020-09-14,0.1058136130506977
2020-09-15,0.10308779171652993
2020-09-16,0.10415021802151747
2020-09-17,0.10408915615576586
2020-09-18,0.15285842656704973
2020-09-21,0.1536163736709718
2020-09-22,0.23645046983294427
2020-09-23,0.2442568553004989
2020-09-24,0.1455160278645936
2020-09-25,0.04056553970108945
2020-09-28,0.03954143132090393
2020-09-29,0.1987313794449994
2020-09-30,0.09828412281957488
2020-10-01,0.09723151889357318
2020-10-02,0.09806097320054274
2020-10-05,0.08975417447474365
2020-10-06,0.09068291309203924
2020-10-07,0.08910063359500908
2020-10-08,0.0888374121262574
2020-10-09,0.08753729231860985
2020-10-12,0.08690608712833248
2020-10-13,0.0862197147291891
2020-10-14,0.08596984516014639
2020-10-15,0.08548856565336194
2020-10-16,0.08668636322590151
2020-10-19,0.17957575297173634
2020-10-20,0.17316354407360612
2020-10-21,0.1786183007204496
2020-10-22,0.17922152418494852
2020-10-23,0.06687428075585555
2020-10-26,0.12523211882654806
2020-10-27,0.08223730779970184
2020-10-28,0.17749732773671267
2020-10-29,0.08461211253111289
2020-10-30,0.08676347132278617
2020-11-02,0.2734885075570259
2020-11-03,0.2257228566030839
2020-11-04,0.1805679102548039
2020-11-05,0.07888331290142891
2020-11-06,0.07849435678907746
2020-11-09,0.081261783874513
2020-11-10,0.17015344121197296
2020-11-11,0.21026030794198247
2020-11-12,0.11233641156842167
2020-11-13,0.11026746902228735
2020-11-16,0.009851329488033023
2020-11-17,0.009904336388555923
2020-11-18,0.010021449953434902
2020-11-19,0.009881131197498116
2020-11-20,0.0672046903917497
2020-11-23,0.06600887568680491
2020-11-24,0.15594875882798664
2020-11-25,0.24180085108178417
2020-11-27,0.2396166492347983
2020-11-30,0.3071193524348108
2020-12-01,0.10558829987930352
2020-12-02,0.10653004861069126
2020-12-03,0.1065001884411445
2020-12-04,0.11727420474363548
2020-12-07,0.10675332580804298
2020-12-08,0.10443185015554979
2020-12-09,0.1067542622789559
2020-12-10,0.10541272577267768
2020-12-11,0.10615858981887916
2020-12-14,0.10619919621676455
2020-12-15,0.10294403639203564
2020-12-16,0.10275387013087656
2020-12-17,0.10188170474895486
2020-12-18,0.19077679161528505
2020-12-21,0.0902842070265748
2020-12-22,0.09004123987929313
2020-12-23,0.0786034470905499
2020-12-24,0.0788627173796893
2020-12-28,0.07905525649641976
2020-12-29,0.13817342709254543
2020-12-30,0.13579597647210995
2020-12-31,0.13684303727931846
2021-01-04,0.13882912359759791
2021-01-05,0.134866135663532
2021-01-06,0.12880572002855573
2021-01-07,0.17919709369929104
2021-01-08,0.17808116576687938
2021-01-11,0.1754150058236995
2021-01-12,0.22497240480868375
2021-01-13,0.2846878863820792
2021-01-14,0.28262334336089323
2021-01-15,0.2900391198958132
2021-01-19,0.2875248640409195
2021-01-20,0.2881339811873034
2021-01-21,0.29232463635396533
2021-01-22,0.2733840583920898
2021-01-25,0.2737240836716809
2021-01-26,0.27770248832259936
2021-01-27,0.37147952140515206
2021-01-28,0.2700571476812983
2021-01-29,0.3372369264134615
2021-02-01,0.1859000458706841
2021-02-02,0.18249703000278272
2021-02-03,0.18222267272120674
2021-02-04,0.17909708131938074
2021-02-05,0.17614369002217178
2021-02-08,0.1737884768863297
2021-02-09,0.17367996681772035
2021-02-10,0.17537298897851583
2021-02-11,0.17462953120686742
2021-02-12,0.17325134212698057
2021-02-16,0.17361958280312895
2021-02-17,0.1752331723554874
2021-02-18,0.17885890472563926
2021-02-19,0.1760162480194678
2021-02-22,0.16543206359887463
2021-02-23,0.1419100427023544
2021-02-24,0.13943922674670584
2021-02-25,0.1482792429449793
2021-02-26,0.13132028028221432
2021-03-01,0.12627926982329474
2021-03-02,0.1287449862927872
2021-03-03,0.13045739706939874
2021-03-04,0.2199167081481389
2021-03-05,0.04643521302844522
2021-03-08,0.044619700819391483
2021-03-09,0.0443730817118958
2021-03-10,0.04386287574335934
2021-03-11,0.043449327363905166
2021-03-12,0.042709558407498904
2021-03-15,0.04198694668729974
2021-03-16,0.04282479066621858
2021-03-17,0.04263164594501945
2021-03-18,0.04299108320661149
2021-03-19,0.04232827068724587
2021-03-22,0.04362858609420961
2021-03-23,0.04638652280691691
2021-03-24,0.11014465375393889
2021-03-25,0.01684814527406786
2021-03-26,0.016313083976083664
2021-03-29,0.11370180651933215
2021-03-30,0.013485625769300569
2021-03-31,0.013548413396905268
2021-04-01,0.013343152953716908
2021-04-05,0.013378620950491804
2021-04-06,0.013256256499521224
2021-04-07,0.013272054870757999
2021-04-08,0.07975762266456554
2021-04-09,0.07964697960830536
2021-04-12,0.07944783526701193
2021-04-13,0.1699007266132624
2021-04-14,0.06930670393642124
2021-04-15,0.06910557015883123
2021-04-16,0.0686757656912601
2021-04-19,0.16202833267093997
2021-04-20,0.16668439928062184
2021-04-21,0.0621253290875492
2021-04-22,0.0626376269113581
2021-04-23,0.06166149502712415
2021-04-26,0.07136257242651711
2021-04-27,0.0277797693100158
2021-04-28,0.02770009204115409
2021-04-29,0.08553092532445816
2021-04-30,0.0867760204907907
2021-05-03,0.08513394969006971
2021-05-04,0.14278872275957633
2021-05-05,0.14133974399492655
2021-05-06,0.13989767457600266
2021-05-07,0.12477551305224521
2021-05-10,0.12615149359132727
2021-05-11,0.12855515424102237
2021-05-12,0.23322999656594434
2021-05-13,0.12109361478700487
2021-05-14,0.11835558969500137
2021-05-17,0.11731758198583975
2021-05-18,0.11920805749762964
2021-05-19,0.12070771819970616
2021-05-20,0.12211846607708599
2021-05-21,0.07613588809762328
2021-05-24,0.07571612781195958
2021-05-25,0.07711401582590216
2021-05-26,0.0762944562975153
2021-05-27,0.07423356506936563
2021-05-28,0.07441838463468298
2021-06-01,0.07371851543257224
2021-06-02,0.07374908339352504
2021-06-03,0.07344247501268208
2021-06-04,0.07355226280896254
2021-06-07,0.07351700741639433
2021-06-08,0.0732009360611886
2021-06-09,0.07427317475343553
2021-06-10,0.07545434434468334
2021-06-11,0.0748305145274819
2021-06-14,0.07589081327558866
2021-06-15,0.06317953755761807
2021-06-16,0.06303444620752496
2021-06-17,0.017937523504549135
2021-06-18,0.22403267476100786
2021-06-21,0.09388176198462683
2021-06-22,0.09407254284952848
2021-06-23,0.09358070722409884
2021-06-24,0.0933373352710859
2021-06-25,0.09267937712525776
2021-06-28,0.0933135116874857
2021-06-29,0.09346124292582358
2021-06-30,0.09300865713705153
2021-07-01,0.09186256788060054
2021-07-02,0.09259484517992289
2021-07-06,0.09366578464301822
2021-07-07,0.09412453642054863
2021-07-08,0.08950784056985528
2021-07-09,0.08764118835519752
2021-07-12,0.0874274255786357
2021-07-13,0.08808118381201457
2021-07-14,0.1797225796360955
2021-07-15,0.08105038338210047
2021-07-16,0.17304372727424666
2021-07-19,0.27946589569943503
2021-07-20,0.1720031976168387
2021-07-21,0.07143439761144599
2021-07-22,0.07013573469905565
2021-07-23,0.1281313109559452
2021-07-26,0.12895216876167936
2021-07-27,0.13033358913084325
2021-07-28,0.0236083325686417
2021-07-29,0.023471299580545613
2021-07-30,0.023536077179841075
2021-08-02,0.023526354735130317
2021-08-03,0.022971565421843088
2021-08-04,0.08572159635208465
2021-08-05,0.08460107468301625
2021-08-06,0.08509371519278852
2021-08-09,0.08609118712342678
2021-08-10,0.08195194018750485
2021-08-11,0.07477314723914252
2021-08-12,0.06430388298429712
2021-08-13,0.06420674155149775
2021-08-16,0.06370456547695036
2021-08-17,0.06495452889295694
2021-08-18,0.055103099573961534
2021-08-19,0.047557150405957094
2021-08-20,0.04711537396035115
2021-08-23,0.03977796971598424
2021-08-24,0.03966603943270808
2021-08-25,0.039420895376128695
2021-08-26,0.03966884233988832
2021-08-27,0.03906097239717443
2021-08-30,0.03891308915054259
2021-08-31,0.03875516280835822
2021-09-01,0.09504842524433288
2021-09-02,0.0940768485596597
2021-09-03,0.14927938549905895
2021-09-07,0.1505693555520271
2021-09-08,0.15099888043563847
2021-09-09,0.14343117312636244
2021-09-10,0.14342735856778266
2021-09-13,0.1458635050254563
2021-09-14,0.14533232251911665
2021-09-15,0.14412556705367607
2021-09-16,0.1358730159892807
2021-09-17,0.2323042944603534
2021-09-20,0.23431868065055528
2021-09-21,0.13462314502987316
2021-09-22,0.13029145795916186
2021-09-23,0.12832927508967817
2021-09-24,0.1285118344993269
2021-09-27,0.13108093977876756
2021-09-28,0.13388117059285543
2021-09-29,0.14146906106527213
2021-09-30,0.14237154667764373
2021-10-01,0.1390536643355772
2021-10-04,0.20473396461647886
2021-10-05,0.09531219952066883
2021-10-06,0.09534738636173268
2021-10-07,0.09442105764475528
2021-10-08,0.09520044833922969
2021-10-11,0.09532692715151414
2021-10-12,0.06332481377785637
2021-10-13,0.06310739261656606
2021-10-14,0.06290880422435752
2021-10-15,0.11449522259573541
2021-10-18,0.11424603626459473
2021-10-19,0.11404866605346098
2021-10-20,0.11357776306269185
2021-10-21,0.11329646658854586
2021-10-22,0.11238028618143281
2021-10-25,0.11246847201468813
2021-10-26,0.11243779215515648
2021-10-27,0.11403451743017634
2021-10-28,0.0037871765029853233
2021-10-29,0.0037507226390843806
2021-11-01,0.0037564261265804477
2021-11-02,0.003713982001428029
2021-11-03,0.0036980553679543116
2021-11-04,0.059183000957928944
2021-11-05,0.05827637679610265
2021-11-08,0.11591560818578484
2021-11-09,0.11539274491251061
2021-11-10,0.1171644583590471
2021-11-11,0.1159148986607158
2021-11-12,0.11581446221344827
2021-11-15,0.1171527688375994
2021-11-16,0.10611309910264355
2021-11-17,0.10692991122046402
2021-11-18,0.10616027254218263
2021-11-19,0.3465715070495943
2021-11-22,0.24849842172346304
2021-11-23,0.14898750365263447
2021-11-24,0.14769171562917294
2021-11-26,0.15165316964645936
2021-11-29,0.14875401217491846
2021-11-30,0.15216084200969993
2021-12-01,0.15602938741538386
2021-12-02,0.09887580290080122
2021-12-03,0.10086582890951212
2021-12-06,0.05537082015948391
2021-12-07,0.06129977815325649
2021-12-08,0.0614442651495507
2021-12-09,0.14927732998640453
2021-12-10,0.055762126223050656
2021-12-13,0.055091658370594265
2021-12-14,0.05590442544328489
2021-12-15,0.05526673622964373
2021-12-16,0.055902378677059494
2021-12-17,0.1472211380608156
2021-12-20,0.13450426496664603
2021-12-21,0.1299145257143539
2021-12-22,0.09073526591249115
2021-12-23,0.09020837909642221
2021-12-27,0.08864080474380809
2021-12-28,0.08824259523106426
2021-12-29,0.08816702047643354
2021-12-30,0.0882949585707824
2021-12-31,0.08836644944918515
2022-01-03,0.08834216402136708
2022-01-04,0.08695831492621142
2022-01-05,0.04857682046365708
2022-01-06,0.04853150254060212
2022-01-07,0.04920726997501068
2022-01-10,0.022149754623599027
2022-01-11,0.02184459881486156
2022-01-12,0.0218897139622245
2022-01-13,0.01644587356227234
2022-01-14,0.016507677203789206
2022-01-18,0.11627176449232113
2022-01-19,0.11932940064706343
2022-01-20,0.32342027808055795
2022-01-21,0.42112348412803136
2022-01-24,0.5731026856980934
2022-01-25,0.3748711820728886
2022-01-26,0.3758439883656228
2022-01-27,0.4743672676106171
2022-01-28,0.5813968503231023
2022-01-31,0.48782868693261594
2022-02-01,0.4792506115077303
2022-02-02,0.5783645839951226
2022-02-03,0.579531051478712
2022-02-04,0.6927575743541923
2022-02-07,0.5901919270389864
2022-02-08,0.5989229656317046
2022-02-09,0.4956519666283785
2022-02-10,0.4979747224307899
2022-02-11,0.4868074033754525
2022-02-14,0.4933101270990742
2022-02-15,0.4967689574139945
2022-02-16,0.29561899021857374
2022-02-17,0.2968998894947954
2022-02-18,0.29849245269942204
2022-02-22,0.3018355799467627
2022-02-23,0.3907621451486888
2022-02-24,0.3897752306110991
2022-02-25,0.3838159077775153
2022-02-28,0.3810643450668082
2022-03-01,0.3814855718515632
2022-03-02,0.37628518907266806
2022-03-03,0.37658458349671
2022-03-04,0.3722378993906985
2022-03-07,0.37327777353837877
2022-03-08,0.5229237471894157
2022-03-09,0.5240930253010545
2022-03-10,0.5179704515552581
2022-03-11,0.51800028573707
2022-03-14,0.5196437557871418
2022-03-15,0.5212993425615139
2022-03-16,0.5209622235175101
2022-03-17,0.5122708135635993
2022-03-18,0.5691240019249808
2022-03-21,0.4652125545472173
2022-03-22,0.4665088277707471
2022-03-23,0.4654979004842388
2022-03-24,0.4630863320440767
2022-03-25,0.35772151778741657
2022-03-28,0.36420159922206286
2022-03-29,0.06461405735474735
2022-03-30,0.06402646362616393
2022-03-31,0.06463157618447668
2022-04-01,0.06343586718751482
2022-04-04,0.06335295185395118
2022-04-05,0.06437448281066849
2022-04-06,0.06379560728684686
2022-04-07,0.06309530217486614
2022-04-08,0.0615009586635743
2022-04-11,0.06343002155566024
2022-04-12,0.06235670132697391
2022-04-13,0.06118914554527399
2022-04-14,0.06075596312314924
2022-04-18,0.06051416365651108
2022-04-19,0.06087744712630461
2022-04-20,0.060097350644081504
2022-04-21,0.0627793422285714
2022-04-22,0.06488585681376235
2022-04-25,0.1662300639402413
2022-04-26,0.6186636645667069
2022-04-27,0.71505029227199
2022-04-28,0.7126857450644128
2022-04-29,0.7155989262142206
2022-05-02,0.7194353920471696
2022-05-03,0.7186477877633441
2022-05-04,0.7151374272608348
2022-05-05,0.7174677221873687
2022-05-06,0.7841760431094013
2022-05-09,0.7875371765866747
2022-05-10,0.7878145436856572
2022-05-11,0.889935388840784
2022-05-12,0.8908520560231746
2022-05-13,0.8893775877593001
2022-05-16,0.8878949994686636
2022-05-17,0.8895954087521086
2022-05-18,0.897383946853018
2022-05-19,1.0
2022-05-20,1.0
2022-05-23,1.0
2022-05-24,1.0
2022-05-25,1.0
2022-05-26,1.0
2022-05-27,1.0
2022-05-31,1.0
2022-06-01,1.0
2022-06-02,1.0
2022-06-03,1.0
2022-06-06,1.0
2022-06-07,1.0
2022-06-08,1.0
2022-06-09,1.0
2022-06-10,1.0
2022-06-13,1.0
2022-06-14,1.0
2022-06-15,1.0
2022-06-16,1.0
2022-06-17,1.0
2022-06-21,1.0
2022-06-22,1.0
2022-06-23,1.0
2022-06-24,1.0
2022-06-27,1.0
2022-06-28,1.0
2022-06-29,1.0
2022-06-30,1.0
2022-07-01,1.0
2022-07-05,1.0
2022-07-06,1.0
2022-07-07,1.0
2022-07-08,1.0
2022-07-11,1.0
2022-07-12,1.0
2022-07-13,1.0
2022-07-14,1.0
2022-07-15,1.0
2022-07-18,1.0
2022-07-19,1.0
2022-07-20,1.0
2022-07-21,1.0
2022-07-22,1.0
2022-07-25,1.0
2022-07-26,1.0
2022-07-27,1.0
2022-07-28,1.0
2022-07-29,1.0
2022-08-01,1.0
2022-08-02,1.0
2022-08-03,1.0
2022-08-04,1.0
2022-08-05,1.0
2022-08-08,1.0
2022-08-09,1.0
2022-08-10,1.0
2022-08-11,1.0
2022-08-12,1.0
2022-08-15,1.0
2022-08-16,1.0
2022-08-17,1.0
2022-08-18,1.0
2022-08-19,1.0
2022-08-22,1.0
2022-08-23,1.0
2022-08-24,1.0
2022-08-25,1.0
2022-08-26,1.0
2022-08-29,1.0
2022-08-30,1.0
2022-08-31,1.0
2022-09-01,1.0
2022-09-02,1.0
2022-09-06,1.0
2022-09-07,1.0
2022-09-08,1.0
2022-09-09,1.0
2022-09-12,1.0
2022-09-13,1.0
2022-09-14,1.0
2022-09-15,1.0
2022-09-16,1.0
2022-09-19,1.0
2022-09-20,1.0
2022-09-21,1.0
2022-09-22,1.0
2022-09-23,1.0
2022-09-26,1.0
2022-09-27,1.0
2022-09-28,1.0
2022-09-29,1.0
2022-09-30,1.0
2022-10-03,1.0
2022-10-04,1.0
2022-10-05,1.0
2022-10-06,1.0
2022-10-07,1.0
2022-10-10,1.0
2022-10-11,1.0
2022-10-12,1.0
2022-10-13,1.0
2022-10-14,1.0
2022-10-17,1.0
2022-10-18,1.0
2022-10-19,1.0
2022-10-20,1.0
2022-10-21,1.0
2022-10-24,1.0
2022-10-25,1.0
2022-10-26,1.0
2022-10-27,1.0
2022-10-28,1.0
2022-10-31,1.0
2022-11-01,1.0
2022-11-02,1.0
2022-11-03,1.0
2022-11-04,1.0
2022-11-07,1.0
2022-11-08,1.0
2022-11-09,1.0
2022-11-10,1.0
2022-11-11,1.0
2022-11-14,1.0
2022-11-15,1.0
2022-11-16,1.0
2022-11-17,1.0
2022-11-18,1.0
2022-11-21,1.0
2022-11-22,1.0
2022-11-23,1.0
2022-11-25,1.0
2022-11-28,1.0
2022-11-29,1.0
2022-11-30,1.0
2022-12-01,0.8001873127084449
2022-12-02,0.4993742299759575
2022-12-05,0.5067279822119051
2022-12-06,0.5091184443132908
2022-12-07,0.5101772809396035
2022-12-08,0.5083267680564144
2022-12-09,0.5117870608778619
2022-12-12,0.508056217242761
2022-12-13,0.507265548153186
2022-12-14,0.10762557645997628
2022-12-15,0.10949499281248853
2022-12-16,0.20265202006598104
2022-12-19,0.20355021115492966
2022-12-20,0.20145678351577467
2022-12-21,0.19908050317291015
2022-12-22,0.20093031813160378
2022-12-23,0.1999230498822695
2022-12-27,0.49218598271164804
2022-12-28,0.4958020230257285
2022-12-29,0.4937402051011772
2022-12-30,0.49517132122168683
2023-01-03,0.4940368324544743
2023-01-04,0.49031084043788986
2023-01-05,0.5839936781645316
2023-01-06,0.5776371856362875
2023-01-09,0.5808111593249033
2023-01-10,0.5798586344844925
2023-01-11,0.5799044881800746
2023-01-12,0.38035312957510403
2023-01-13,0.3759840242583029
2023-01-17,0.37653334081549894
2023-01-18,0.3787226653391963
2023-01-19,0.47599966484918177
2023-01-20,0.4741592360855531
2023-01-23,0.4717611421407707
2023-01-24,0.1716231928648877
2023-01-25,0.07259792451988922
2023-01-26,0.07218168139494896
2023-01-27,0.07205696053137434
2023-01-30,0.07241080353838047
2023-01-31,0.07153511842974514
2023-02-01,0.07104212375567087
2023-02-02,0.0711209998681176
2023-02-03,0.07155965442198453
2023-02-06,0.167007886209666
2023-02-07,0.06657807827974493
2023-02-08,0.06685145310958518
2023-02-09,0.0672602899853052
2023-02-10,0.06686735021447798
2023-02-13,0.0660884903499045
2023-02-14,0.06667424518678233
2023-02-15,0.06645610368662724
2023-02-16,0.06135423471319312
2023-02-17,0.061706880593639934
2023-02-21,0.16060385191102078
2023-02-22,0.06040807540959947
2023-02-23,0.06050189719801202
2023-02-24,0.060081328943325074
2023-02-27,0.0660057931759076
2023-02-28,0.06612323047091728
2023-03-01,0.0655205701297914
2023-03-02,0.06423642674536245
2023-03-03,0.06353975069205342
2023-03-06,0.06400644341274642
2023-03-07,0.06466099652876123
2023-03-08,0.06490178607366615
2023-03-09,0.06634585455800235
2023-03-10,0.06822253819342605
2023-03-13,0.5997428042583444
2023-03-14,0.8862511235294441
2023-03-15,0.8894745120936303
2023-03-16,0.887312569280735
2023-03-17,0.890071686144347
2023-03-20,1.0
2023-03-21,1.0
2023-03-22,1.0
2023-03-23,1.0
2023-03-24,0.7004779670763758
2023-03-27,0.5008180044222759
2023-03-28,0.40091670308223926
2023-03-29,0.19895950234958204
2023-03-30,0.0983767038343829
2023-03-31,0.0973644881027127
2023-04-03,0.09759871944631549
2023-04-04,0.0991381567390528
2023-04-05,0.09997437486741545
2023-04-06,0.0007662319453151101
2023-04-10,0.0007561009524654771
2023-04-11,0.000754236561724797
2023-04-12,0.0007591990629373102
2023-04-13,0.000752812352800114
2023-04-14,0.0007540168903416022
2023-04-17,0.0007558216482363989
2023-04-18,0.0007490768555610261
2023-04-19,0.09666987611481526
2023-04-20,0.09658783740726307
2023-04-21,0.2768041201042365
2023-04-24,0.376353992752671
2023-04-25,0.3811915264785106
2023-04-26,0.38421406846366657
2023-04-27,0.17919745812920318
2023-04-28,0.0790558307122754
2023-05-01,0.07194820058722728
2023-05-02,0.02986912370586492
2023-05-03,0.029819564121734254
2023-05-04,0.030133317452800124
2023-05-05,0.029850420957479584
2023-05-08,0.02982156002162284
2023-05-09,0.030013408353785853
2023-05-10,0.029915463381423923
2023-05-11,0.027558135500587277
2023-05-12,0.027633835572769994
2023-05-15,0.027524541676454017
2023-05-16,0.027741931551789056
2023-05-17,0.02784280513020365
2023-05-18,0.02767201045467582
2023-05-19,0.12202910883240325
2023-05-22,0.02228989011708582
2023-05-23,0.12316345322352307
2023-05-24,0.02174584842616023
2023-05-25,0.021619330040992146
2023-05-26,0.019434877323642463
2023-05-30,0.024393116046253605
2023-05-31,0.024439435942704812
2023-06-01,0.02403940480621436
2023-06-02,0.023608877927633443
2023-06-05,0.01892889116215757
2023-06-06,0.0720397148832993
2023-06-07,0.07251244110607458
2023-06-08,0.07189352630179802
2023-06-09,0.07159769740279776
2023-06-12,0.07043873597978445
2023-06-13,0.03138417434332064
2023-06-14,0.03129530953020343
2023-06-15,0.030999518099189216
2023-06-16,0.031239467002002974
2023-06-20,0.03151473331253596
2023-06-21,0.03119686414347178
2023-06-22,0.03117011993330243
2023-06-23,0.031603833060098396
2023-06-26,0.03142609572365529
2023-06-27,0.03098036462687548
2023-06-28,0.08035225662322787
2023-06-29,0.07967468350264806
2023-06-30,0.07914189346154732
2023-07-03,0.08078291762803957
2023-07-05,0.1639673462915059
2023-07-06,0.06474350674663276
2023-07-07,0.06420529087922933
2023-07-10,0.12169440000066423
2023-07-11,0.12199944292145215
2023-07-12,0.12106996427759209
2023-07-13,0.11457797717713125
2023-07-14,0.11511849170870214
2023-07-17,0.11300390089982337
2023-07-18,0.11217922100833799
2023-07-19,0.11245226224262517
2023-07-20,0.11432275998815444
2023-07-21,0.11533828963837511
2023-07-24,0.11544391411191868
2023-07-25,0.11366312482765673
2023-07-26,0.1138021795521641
2023-07-27,0.11334144658971779
2023-07-28,0.10343207493462514
2023-07-31,0.10175001768594627
2023-08-01,0.16185639972686894
2023-08-02,0.16454959754211496
2023-08-03,0.16516883568902319
2023-08-04,0.164678047099872
2023-08-07,0.16258712631877326
2023-08-08,0.16350146261683896
2023-08-09,0.16559536831332333
2023-08-10,0.0694734751650119
2023-08-11,0.06983606360115024
2023-08-14,0.05362987189292756
2023-08-15,0.0536786858049354
2023-08-16,0.05422477539743997
2023-08-17,0.055789109396889414
2023-08-18,0.055062759777751435
2023-08-21,0.05418245027793067
2023-08-22,0.05424672899531924
2023-08-23,0.05360236068797175
2023-08-24,0.0546171485723822
2023-08-25,0.05459923280713275
2023-08-28,0.05032523110421494
2023-08-29,0.04948951845449212
2023-08-30,0.04929017777595124
2023-08-31,0.04910217089345026
2023-09-01,0.047610834417394665
2023-09-05,0.04882261429844548
2023-09-06,0.017445440818159907
2023-09-07,0.017377800355445228
2023-09-08,0.017438805038965888
2023-09-11,0.01728721109102238
2023-09-12,0.017350882006710755
2023-09-13,0.015135207150188457
2023-09-14,0.015012629107312048
2023-09-15,0.015150902364996832
2023-09-18,0.015057290783273447
2023-09-19,0.014987238311062967
2023-09-20,0.08449533827210687
2023-09-21,0.08571487561050462
2023-09-22,0.1907892550070961
2023-09-25,0.09123289192766315
2023-09-26,0.09220594376921731
2023-09-27,0.09028105242762618
2023-09-28,0.08635980292836809
2023-09-29,0.08649469745815219
2023-10-02,0.09274262774360731
2023-10-03,0.19699785123181934
2023-10-04,0.09604936481018689
2023-10-05,0.09132623134012641
2023-10-06,0.08917920351703501
2023-10-09,0.08796258851298733
2023-10-10,0.08805999324289149
2023-10-11,0.0879503081976728
2023-10-12,0.08866571890231811
2023-10-13,0.08905940445328375
2023-10-16,0.08854454318896576
2023-10-17,0.1804098863927346
2023-10-18,0.18258613781159827
2023-10-19,0.18495233397742816
2023-10-20,0.3684118089028763
2023-10-23,0.3684428773421241
2023-10-24,0.0635852168878488
2023-10-25,0.06474626534189898
2023-10-26,0.0656409156056793
2023-10-27,0.06568444765516113
2023-10-30,0.06518894490352078
2023-10-31,0.16636295045200655
2023-11-01,0.25933830717324446
2023-11-02,0.2659057163778047
2023-11-03,0.34117268036173176
2023-11-06,0.3411609080485305
2023-11-07,0.3391123554871047
2023-11-08,0.3399826565717199
2023-11-09,0.34184028568045555
2023-11-10,0.040844953680797214
2023-11-13,0.003585195834285959
2023-11-14,0.0034927858231948994
2023-11-15,0.0035354044908260107
2023-11-16,0.0036150546101884062
2023-11-17,0.09872348347244164
2023-11-20,0.09803386988952201
2023-11-21,0.09829187236529235
2023-11-22,0.09773203288023458
2023-11-24,0.09706385055853128
2023-11-27,0.09748815905099728
2023-11-28,0.09792222014459406
2023-11-29,0.1597035549758984
2023-11-30,0.05910929398594644
2023-12-01,0.05870652991338521
2023-12-04,0.11667367908960058
2023-12-05,0.09839544173230719
2023-12-06,0.18864661072905176
2023-12-07,0.08811413965350112
2023-12-08,0.08656830830273032
2023-12-11,0.1462057296926932
2023-12-12,0.14497579265675786
2023-12-13,0.14415761422785578
2023-12-14,0.14497831335258637
2023-12-15,0.14507906367517187
2023-12-18,0.23692519402458123
2023-12-19,0.23583602047530028
2023-12-20,0.23901507886964068
2023-12-21,0.2367251616495517
2023-12-22,0.23640885732379235
2023-12-26,0.13664678078704973
2023-12-27,0.13655928918666504
2023-12-28,0.13753383314553402
2023-12-29,0.2314918381094967
2024-01-02,0.22593919289171538
2024-01-03,0.12807486122452838
2024-01-04,0.13273966233003798
2024-01-05,0.1335060345680218
2024-01-08,0.12793426310267364
2024-01-09,0.12779798295287736
2024-01-10,0.1270421106913271
2024-01-11,0.12665193847694378
2024-01-12,0.1263263620596795
2024-01-16,0.12610430789251414
2024-01-17,0.12148133337090361
2024-01-18,0.11972476572235946
2024-01-19,0.11768792381901594
2024-01-22,0.13125377761894264
2024-01-23,0.13135763413742296
2024-01-24,0.13150187733961827
2024-01-25,0.13192241072918065
2024-01-26,0.13119770666640762
2024-01-29,0.12969651704650043
2024-01-30,0.12942314687890655
2024-01-31,0.1318829481971987
2024-02-01,0.130578710823809
2024-02-02,0.130503413810778
2024-02-05,0.13198131634658838
2024-02-06,0.13566491342486875
2024-02-07,0.12809273579675529
2024-02-08,0.11349332222100983
2024-02-09,0.1125267339295366
2024-02-12,0.11283854111513003
2024-02-13,0.11466174447168209
2024-02-14,0.11258961995531924
2024-02-15,0.11181868265129935
2024-02-16,0.11323991633661667
2024-02-20,0.19853284326982823
2024-02-21,0.10399263750832477
2024-02-22,0.16063283089086733
2024-02-23,0.1602151015939417
2024-02-26,0.15942825598958366
2024-02-27,0.158712439286946
2024-02-28,0.1579970478629218
2024-02-29,0.155817724990859
2024-03-01,0.155825149023471
2024-03-04,0.15495824188122276
2024-03-05,0.15775043043332937
2024-03-06,0.1559047195235611
2024-03-07,0.15565854364470233
2024-03-08,0.2150230698207335
2024-03-11,0.11694799835244574
2024-03-12,0.11538266625926807
2024-03-13,0.11528578792143429
2024-03-14,0.11579378324116618
2024-03-15,0.11606345419403608
2024-03-18,0.11535227511771073
2024-03-19,0.11507592666968758
2024-03-20,0.11349338746458515
2024-03-21,0.11208039934471559
2024-03-22,0.11249218979862563
2024-03-25,0.11297417351866523
2024-03-26,0.11292681569724428
2024-03-27,0.11301510838222917
2024-03-28,0.1124889546932446
2024-04-01,0.11288509439921901
2024-04-02,0.11377951708946332
2024-04-03,0.11258847544023387
2024-04-04,0.11381787527972398
2024-04-05,0.08829509008992287
2024-04-08,0.08823432807569609
2024-04-09,0.08866985691924689
2024-04-10,0.08992455483358941
2024-04-11,0.09028484637782108
2024-04-12,0.09266563383577353
2024-04-15,0.34686100084976146
2024-04-16,0.2504185931473366
2024-04-17,0.2531563320161556
2024-04-18,0.4350026554766243
2024-04-19,0.4349224105905335
2024-04-22,0.5232856162095986
2024-04-23,0.5171489837317452
2024-04-24,0.5180492765052651
2024-04-25,0.5154242972755096
2024-04-26,0.5129793653935613
2024-04-29,0.5145355823962838
2024-04-30,0.5190764817092347
2024-05-01,0.4822827269212031
2024-05-02,0.48123884561210395
2024-05-03,0.2802964628274761
2024-05-06,0.1796775809739496
2024-05-07,0.17890715464811502
2024-05-08,0.17905679402559094
2024-05-09,0.07919624010122739
2024-05-10,0.1731635341415816
2024-05-13,0.17350569944399719
2024-05-14,0.07619545958363094
2024-05-15,0.07604590965636382
2024-05-16,0.18193151072350755
2024-05-17,0.1799075029039533
2024-05-20,0.17856203241603819
2024-05-21,0.07832031201288048
2024-05-22,0.07992642193669008
2024-05-23,0.176257775621536
2024-05-24,0.0753473305543132
2024-05-28,0.033234691341185396
2024-05-29,0.033441016384932465
2024-05-30,0.033274347342787225
2024-05-31,0.033128929421147646
2024-06-03,0.032845559419011794
2024-06-04,0.03374713232505766
2024-06-05,0.027477130510491166
2024-06-06,0.027838724080661348
2024-06-07,0.02793219932354507
2024-06-10,0.028015192637513064
2024-06-11,0.028313525608965273
2024-06-12,0.027913935251172584
2024-06-13,0.019527743253836216
2024-06-14,0.017004236138610573
2024-06-17,0.01680850296647929
2024-06-18,0.01659061699372566
2024-06-20,0.016891494362413106
2024-06-21,0.008039253739274499
2024-06-24,0.008058857680401044
2024-06-25,0.008004741315123298
2024-06-26,0.00800250305384198
2024-06-27,0.007966243140178242
2024-06-28,0.20512034705516136
2024-07-01,0.06364489900166981
2024-07-02,0.06318208342365261
2024-07-03,0.06297482822069267
2024-07-05,0.06270032812068538
2024-07-08,0.0626875997314077
2024-07-09,0.0629469572594239
2024-07-10,0.06351549388217437
2024-07-11,0.0591764530526564
2024-07-12,0.05906359251691695
2024-07-15,0.04846670271408493
2024-07-16,0.047845909232042017
2024-07-17,0.049167507076577355
2024-07-18,0.05007062754832692
2024-07-19,0.0485063222069384
2024-07-22,0.04763887546127865
2024-07-23,0.047055971306773525
2024-07-24,0.04836846436237541
2024-07-25,0.043239339862549575
2024-07-26,0.04306132653108374
2024-07-29,0.14791879549725073
2024-07-30,0.1478649030624889
2024-07-31,0.14789603664148676
2024-08-01,0.2616402679944191
2024-08-02,0.26814721955656384
2024-08-05,0.4856656904041914
2024-08-06,0.39298708204010036
2024-08-07,0.3956455035790728
2024-08-08,0.09853667208787364
2024-08-09,0.09814447440480134
2024-08-12,0.19938836953530137
2024-08-13,0.09921232670053581
2024-08-14,0.09873810840072361
2024-08-15,0.09844483208175858
2024-08-16,0.09839576711637366
2024-08-19,0.09698529661579858
2024-08-20,0.09791063033891045
2024-08-21,0.09676953989056314
2024-08-22,0.09694161730111073
2024-08-23,0.0955116821130183
2024-08-26,0.09584110144689928
2024-08-27,0.09595439479039658
2024-08-28,0.09589186392047544
2024-08-29,0.09577857052871697
2024-08-30,0.09519657303714857
2024-09-03,0.09821490089032492
2024-09-04,0.09141780308036573
2024-09-05,0.08631460147787962
2024-09-06,0.08624070540999917
2024-09-09,0.0852892743106074
2024-09-10,0.08575457423308364
2024-09-11,0.08628625451159555
2024-09-12,0.08549203670325467
2024-09-13,0.08429523157909646
2024-09-16,0.04599805785001587
2024-09-17,0.04593969899849282
2024-09-18,0.04580263881132185
2024-09-19,0.04493298914264421
2024-09-20,0.09235957226321234
2024-09-23,0.0921866172450505
2024-09-24,0.09251205024286657
2024-09-25,0.09343216764218676
2024-09-26,0.18716476416023586
2024-09-27,0.18667225905055618
2024-09-30,0.08662966360878643
2024-10-01,0.08715633093507014
2024-10-02,0.08732973301183689
2024-10-03,0.08764688308341329
2024-10-04,0.07625821890340334
2024-10-07,0.06857407177594399
2024-10-08,0.06758615214370678
2024-10-09,0.0673082158376671
2024-10-10,0.06757004572920688
2024-10-11,0.0658062459887453
2024-10-14,0.06524211356801601
2024-10-15,0.06558501961884977
2024-10-16,0.06507752594773142
2024-10-17,0.06466682055916462
2024-10-18,0.06471114228492958
2024-10-21,0.1544797079530731
2024-10-22,0.0557600635162957
2024-10-23,0.14931439067127217
2024-10-24,0.04897097890950053
2024-10-25,0.04901830306591948
2024-10-28,0.0412257095593519
2024-10-29,0.10514800457989526
2024-10-30,0.10542514997678654
2024-10-31,0.1507374674637737
2024-11-01,0.15062215674008872
2024-11-04,0.15079152816676156
2024-11-05,0.14880136539394362
2024-11-06,0.14327844217938435
2024-11-07,0.22987264513071726
2024-11-08,0.21510765173805013
2024-11-11,0.2135106723947252
2024-11-12,0.21871211471583907
2024-11-13,0.3111985365442492
2024-11-14,0.3152440614196105
2024-11-15,0.3146294853465642
2024-11-18,0.3125478551436004
2024-11-19,0.2085802408745644
2024-11-20,0.11054877307983657
2024-11-21,0.10718266685128974
2024-11-22,0.1587495049025227
2024-11-25,0.2103063414023807
2024-11-26,0.21130923159594628
2024-11-27,0.21363815641223372
2024-11-29,0.2119459667231075
2024-12-02,0.21481627488049082
2024-12-03,0.2142278857032286
2024-12-04,0.21359529376884767
2024-12-05,0.21405984313372461
2024-12-06,0.2676020788533622
2024-12-09,0.331506511736849
2024-12-10,0.17961843322587145
2024-12-11,0.17786706803882624
2024-12-12,0.17924467202933003
2024-12-13,0.17989453338937234
2024-12-16,0.1317658070298393
2024-12-17,0.1328824116848033
2024-12-18,0.206627821421831
2024-12-19,0.6266764804858209
2024-12-20,0.622680972505145
2024-12-23,0.42284874785242255
2024-12-24,0.022383235121008593
2024-12-26,0.0222505287377045
2024-12-27,0.022669058427385758
2024-12-30,0.022907618965029797
2024-12-31,0.13043268036537548
2025-01-02,0.12342500479990104
2025-01-03,0.02868274370126478
2025-01-06,0.02866760415351144
2025-01-07,0.02922542803626116
2025-01-08,0.11509818688819573
2025-01-10,0.015171996859816739
2025-01-13,0.1557089141333563
2025-01-14,0.055140914244980466
2025-01-15,0.05465012827809157
2025-01-16,0.05446483293859883
2025-01-17,0.05439470296967008
2025-01-21,0.05312516624001817
2025-01-22,0.015504209587494322
2025-01-23,0.01547131630546672
2025-01-24,0.015410669980784997
2025-01-27,0.016357941684663535
2025-01-28,0.23967497590985476
2025-01-29,0.23485296727194105
2025-01-30,0.13327517633075314
2025-01-31,0.03347017703314581
2025-02-03,0.03358925340913099
2025-02-04,0.03303749713193682
2025-02-05,0.02578264048895529
2025-02-06,0.025851651285009436
2025-02-07,0.026086428589462418
2025-02-10,0.026063746670044186
2025-02-11,0.08586648931949936
2025-02-12,0.08550376237638879
2025-02-13,0.08962563334169893
2025-02-14,0.0885358790319094
2025-02-18,0.08844814847700622
2025-02-19,0.08848666841023001
2025-02-20,0.089911695971575
2025-02-21,0.09411055712299354
2025-02-24,0.35823113179361943
2025-02-25,0.4543230156768808
2025-02-26,0.4553496974934761
2025-02-27,0.3601220822367289
2025-02-28,0.2572484477696785
2025-03-03,0.2592593323853366
2025-03-04,0.369186433678939
2025-03-05,0.3228338398022519
2025-03-06,0.22603111393775666
2025-03-07,0.2809293035995336
2025-03-10,0.28390869666410257
2025-03-11,0.28571650645152535
2025-03-12,0.4023697949873256
2025-03-13,0.40418101996567934
2025-03-14,0.3995661453974272
2025-03-17,0.3963622481568684
2025-03-18,0.49433009156012164
2025-03-19,0.4932064790210393
2025-03-20,0.4921344304749634
2025-03-21,0.5881500353858429
2025-03-24,0.5859673743645365
2025-03-25,0.5860917872102347
2025-03-26,0.5844567908092724
2025-03-27,0.5835366604191081
2025-03-28,0.5850815114111623
2025-03-31,0.5820600732049671
2025-04-01,0.5815026637519046
2025-04-02,0.5813256749721913
2025-04-03,0.5849063198302087
2025-04-04,0.6015006215000156
2025-04-07,0.8953510750698435
2025-04-08,0.8965919244944512
2025-04-09,0.8949980549929533
2025-04-10,0.8953882372517635
2025-04-11,0.8937060459550975
2025-04-14,0.8914278626121463
2025-04-15,0.8898951340204313
2025-04-16,0.8896564960426543
2025-04-17,0.8879896362814145
2025-04-21,0.8886178055058803
2025-04-22,0.8874415089707527
2025-04-23,0.8850134697097768
2025-04-24,0.8838285892151331
2025-04-25,0.8837259715180056
2025-04-28,0.8843722804703403
2025-04-29,0.883713894758394
2025-04-30,0.8830504785355261
2025-05-01,0.8838406594918973
2025-05-02,0.8833518991081609
2025-05-05,0.8819489747484871
2025-05-06,0.8814142649538839
2025-05-07,0.8806463845445603
2025-05-08,0.8826649295389037
2025-05-09,0.8840520341290212
2025-05-12,0.8870034766568786
2025-05-13,0.8876180575286363
2025-05-14,0.7881187526856384
2025-05-15,0.38716943163994044
2025-05-16,0.28535320858020263
2025-05-19,0.08553736664551026
2025-05-20,0.08531403049741082
2025-05-21,0.08562503248784537
2025-05-22,0.0856486444359611
2025-05-23,0.08456811758360816
2025-05-27,0.08362361241993954
2025-05-28,0.0843355375325423
2025-05-29,0.08438830832931654
2025-05-30,0.0824266420606341
2025-06-02,0.08170117086794115
2025-06-03,0.040705784293870284
2025-06-04,0.04116542137603618
2025-06-05,0.0412664635655029
2025-06-06,0.041171255031992926
2025-06-09,0.041439478904594984
2025-06-10,0.03650871069598072
2025-06-11,0.032233902869431064
2025-06-12,0.031932244665503595
2025-06-13,0.031947780950042914
2025-06-16,0.08987524762009313
2025-06-17,0.08982074586148314
2025-06-18,0.08956446189684797
2025-06-20,0.08888600663638124
2025-06-23,0.0833960962177216
2025-06-24,0.08376112380566192
2025-06-25,0.08536870702189236
2025-06-26,0.08091449871199807
2025-06-27,0.08074290210044832
2025-06-30,0.07982398700856574
2025-07-01,0.08088638876719056
2025-07-02,0.07634702579792485
2025-07-03,0.07613339428131227
2025-07-07,0.07616034438890906
2025-07-08,0.06852541450971761
2025-07-09,0.06447824793704571
2025-07-10,0.059063308140052784
2025-07-11,0.11596480675967091
2025-07-14,0.11477181527366187
2025-07-15,0.10363502306270755
2025-07-16,0.10291751860270326
2025-07-17,0.1014326166012901
2025-07-18,0.10081281950317356
2025-07-21,0.1018521138875943
2025-07-22,0.1030935411710745
2025-07-23,0.055695528456052634
2025-07-24,0.055384203859607406
2025-07-25,0.055032798812657546
2025-07-28,0.05506821004266804
2025-07-29,0.05531411886613635
2025-07-30,0.055140932220151484
2025-07-31,0.05682439466275768
2025-08-01,0.03892610281881603
2025-08-04,0.038180241611525556
2025-08-05,0.03807630034293974
2025-08-06,0.08851722730776745
2025-08-07,0.08920695660880984
2025-08-08,0.08327529751425844
2025-08-11,0.08299818277766835
2025-08-12,0.0816085975109182
2025-08-13,0.08276040282468922
2025-08-14,0.039126717952218115
2025-08-15,0.03928842914893582
2025-08-18,0.03924817201000519
2025-08-19,0.04044898070545
2025-08-20,0.040641484601911304
2025-08-21,0.04075026599483944
2025-08-22,0.04007428396253021
2025-08-25,0.03285391074283028
2025-08-26,0.032540980085712046
2025-08-27,0.032707398803697774
2025-08-28,0.030351360557835383
2025-08-29,0.02093470530881736
2025-09-02,0.02092665924361481
2025-09-03,0.01891527531602033
2025-09-04,0.018675726491720668
2025-09-05,0.07979421580444801
2025-09-08,0.033583352751691
2025-09-09,0.09406329114754441
2025-09-10,0.09248640195646374
2025-09-11,0.0850497111355748
2025-09-12,0.0852712840079004
2025-09-15,0.08434217796886723
2025-09-16,0.08346995339189245
2025-09-17,0.08390706761549271
2025-09-18,0.08226497787695475
2025-09-19,0.08259756254540151
2025-09-22,0.07435596135704825
2025-09-23,0.07445194903648233
2025-09-24,0.07531743903662924
2025-09-25,0.075282756892878
2025-09-26,0.07454659019349164
2025-09-29,0.07400744213375898
2025-09-30,0.0737670514123947
2025-10-01,0.07378207224812794
2025-10-02,0.07379879590203298
2025-10-03,0.15856729266139324
2025-10-06,0.05992397917662973
2025-10-07,0.06028330412642546
2025-10-08,0.05960523400676854
2025-10-09,0.11089444324417486
2025-10-10,0.2010455419135092
2025-10-13,0.10239474130995141
2025-10-14,0.09700352382769739
2025-10-15,0.09752904879882907
2025-10-16,0.09771168960143617
2025-10-17,0.09864811519545169
2025-10-20,0.09801537308693065
2025-10-21,0.09901330950928988
2025-10-22,0.18640820922432344
2025-10-23,0.07805991667453371
2025-10-24,0.07638860126419988
2025-10-27,0.07640426192097116
2025-10-28,0.07652107060048996
2025-10-29,0.07494968047191497
2025-10-30,0.07578897230687065
2025-10-31,0.0761762410779101
2025-11-03,0.07593376805199625
2025-11-04,0.2599017824185763
2025-11-05,0.1227583307727318
2025-11-06,0.12238941366254696
2025-11-07,0.12302295747054715
2025-11-10,0.11960912708447191
2025-11-11,0.11990313293658894
2025-11-12,0.12093057454641432
2025-11-13,0.21693785984655756
2025-11-14,0.07346973797470391
2025-11-17,0.0741492619705888
2025-11-18,0.07438186335730235
2025-11-19,0.07424462703182921
2025-11-20,0.07688962716646164
2025-11-21,0.024390376461702612
2025-11-24,0.023859905089696265
2025-11-25,0.023392704851494917
2025-11-26,0.023240144068833235
2025-11-28,0.02308586690626724
2025-12-01,0.02330918585801023
2025-12-02,0.023601782090754142
2025-12-03,0.023588634627295324
2025-12-04,0.023246295460834898
2025-12-05,0.023396238174706485
2025-12-08,0.02349956673288567
2025-12-09,0.11892288059611811
2025-12-10,0.030309747679763133
2025-12-11,0.030088039546469103
2025-12-12,0.03053793841900876
2025-12-15,0.12371967924058358
2025-12-16,0.11472554117442024
2025-12-17,0.1154684145409961
2025-12-18,0.07880337511681768
2025-12-19,0.0775009291477784
2025-12-22,0.0363270805158572
2025-12-23,0.03666389477931975
2025-12-24,0.03650572967772159
2025-12-26,0.036633025338286496
2025-12-29,0.03694390641649914
2025-12-30,0.037192201252971846
2025-12-31,0.037590544008433646
2026-01-02,0.03779388485571322
2026-01-05,0.032519281943472755
2026-01-06,0.03131026804483272
2026-01-07,0.0316718501420975
2026-01-08,0.03145369564768463
2026-01-09,0.08570761775445013
2026-01-12,0.1393976403967614
2026-01-13,0.13808862580373626
2026-01-14,0.1267420082326859
2026-01-15,0.1266789887336991
2026-01-16,0.12621620614473905
2026-01-20,0.12618532763240475
2026-01-21,0.12303497083805437
2026-01-22,0.1229011981626914
2026-01-23,0.12398839173989717
2026-01-26,0.12364796133548983
2026-01-27,0.17615516906564122
2026-01-28,0.17176780078719367
2026-01-29,0.17022617901178827
2026-01-30,0.22726409666797542
2026-02-02,0.2102771417374969
2026-02-03,0.2083393928484416
2026-02-04,0.2626666052620401
2026-02-05,0.2676648248451017
2026-02-06,0.31028516083571234
2026-02-09,0.31013194977638514
2026-02-10,0.2110514186688648
2026-02-11,0.20996846303836902
2026-02-12,0.21307910473314673
2026-02-13,0.16106800936097176
2026-02-17,0.10905314232093044
2026-02-18,0.1093994155083331
2026-02-19,0.11160634024336169
2026-02-20,0.1944270961545338
2026-02-23,0.09458951887007438
2026-02-24,0.09283843461496033
2026-02-25,0.09216525866991876
2026-02-26,0.09342740722565479
2026-02-27,0.18535212703522175
2026-03-02,0.2347767936197287
2026-03-03,0.24402610442715988
2026-03-04,0.3601211379862551
2026-03-05,0.3661822582729952
2026-03-06,0.5298863126642137
2026-03-09,0.2295768384805703
2026-03-10,0.035296996384000634
2026-03-11,0.04811300185123624
2026-03-12,0.0490024925358048
2026-03-13,0.04975148386631856
2026-03-16,0.0441487411630922
2026-03-17,0.043645238145541776
2026-03-18,0.04368407623163029
2026-03-19,0.043504050636157254
2026-03-20,0.04451729454042486
2026-03-23,0.10930474452788252
2026-03-24,0.10713212710098585
2026-03-25,0.10690078726689145
2026-03-26,0.10830898881723905
2026-03-27,0.1098491015874341
2026-03-30,0.11175217774856416
2026-03-31,0.3932152010260773
2026-04-01,0.4893891912037065
2026-04-02,0.48707770425577535
2026-04-06,0.4876637862253346
2026-04-07,0.4840527016566797
2026-04-08,0.5761906280642639
2026-04-09,0.5767884679421045
2026-04-10,0.6718953281164762
2026-04-13,0.6687297550483579
2026-04-14,0.6723957175518438
2026-04-15,0.6735435077354137
2026-04-16,0.6717782734547333
2026-04-17,0.6712600571692897
2026-04-20,0.6722272820360728
2026-04-21,0.6715750506762286
2026-04-22,0.5614600893576814
2026-04-23,0.6203859631560373
2026-04-24,0.6177930543175671
2026-04-27,0.5138553057011483
2026-04-28,0.5206411894039631
2026-04-29,0.48211105765889817
2026-04-30,0.17122147550450406
2026-05-01,0.07186767667068505
2026-05-04,0.07252034011290831
2026-05-05,0.07205614275953631
2026-05-06,0.07131375764727677
2026-05-07,0.0725686015439333
2026-05-08,0.07239519019949225
2026-05-11,0.07308064309782347
2026-05-12,0.16378905684515388
2026-05-13,0.1645097776709653
2026-05-14,0.06309058304924675
2026-05-15,0.06358980954292082
2026-05-18,0.06289137324796712
2026-05-19,0.06311952142982091
2026-05-20,0.06260395351412518
2026-05-21,0.05922935011478192
2026-05-22,0.05877649381395644
2026-05-26,0.05762512986270041
2026-05-27,0.0584333031988028
2026-05-28,0.06043459271463936
2026-05-29,0.012554721520663836
2026-06-01,0.01258107245348361
2026-06-02,0.07250086620405949
2026-06-03,0.062349222141103944
2026-06-04,0.061843361636719996
2026-06-05,0.06454328756212124
2026-06-08,0.024019424604469486
2026-06-09,0.023920737878251996
2026-06-10,0.11571726852587039
2026-06-11,0.0152670373385968
2026-06-12,0.014866716634228783
2026-06-15,0.014362768895221811
2026-06-16,0.0779768083693495
2026-06-17,0.07805490276139615
2026-06-18,0.07615516329667837
2026-06-22,0.07518040455867003
2026-06-23,0.07755941215382078
2026-06-24,0.07812182417752545
2026-06-25,0.07568490538767492
2026-06-26,0.07967654872747276
2026-06-29,0.07785380307646872
2026-06-30,0.07670231198765276
2026-07-01,0.13493087731330455
2026-07-02,0.23966787112271248
2026-07-06,0.46179055670078584
2026-07-07,0.16721938929298497
2026-07-08,0.050997457233338706
2026-07-09,0.05020308443916999
2026-07-10,0.04976313725830139
2026-07-13,0.050043943213566644
2026-07-14,0.05024021194925665
2026-07-15,0.050317115410472124
2026-07-16,0.002201991297463346
2026-07-17,0.002187379613674212
2026-07-20,0.002209955464425928
2026-07-21,0.002198244247857084
2026-07-22,0.002221431597206225
2026-07-23,0.002248408036403804
2026-07-24,0.05777656992011315
2026-07-27,0.018830570707709438
2026-07-28,0.01883939500088949
2026-07-29,0.018818384535584376
2026-07-30,0.26788389099152965
2026-07-31,0.06795784246170278
2026-08-03,0.06747289617736008
2026-08-04,0.0673228374349305
2026-08-05,0.06761798764997173
2026-08-06,0.06480426427554686
2026-08-07,0.07028480878812993
2026-08-10,0.07037836579740242
2026-08-11,0.06815299414944176
2026-08-12,0.06669864426645522
2026-08-13,0.06638413782093167
2026-08-14,0.06643526500359465
2026-08-17,0.06707646973272663
2026-08-18,0.06405712811891806
2026-08-19,0.06481397592206695
2026-08-20,0.06458477401907681
2026-08-21,0.06376110454106865
2026-08-24,0.061085153099694756
2026-08-25,0.02742650314400641
