ticker,entry_date,exit_date,shares,entry_px,exit_px,gain_eur,fee_eur,tax_eur,days_held,exit_reason,ret_net
WHR,2005-12-29,2006-01-24,227.0,43.95741653442383,42.918636181287916,-299.9131401618524,31.76,0.0,16,egg,-0.02995930683100666
VRTX,2005-12-30,2006-01-25,177.0,27.670000076293945,33.599998474121094,1011.3947164154051,22.27,0.0,16,strength,0.20583850804680462
GWW,2005-12-29,2006-01-30,195.0,51.141571044921875,51.01325532596571,-89.62156519645214,32.27,0.0,20,sma,-0.008957734664925995
GOOG,2005-12-29,2006-02-02,964.0,10.373068809509277,9.969898407913863,-452.48626713797967,31.43,0.0,23,sma,-0.045104120633002086
GOOGL,2005-12-29,2006-02-02,959.0,10.42185115814209,10.016786256731848,-452.2672404524219,31.42,0.0,23,sma,-0.04510518694331944
TKR,2005-12-29,2006-02-02,670.0,14.91989517211914,14.461034152004553,-371.446883476774,31.62,0.0,23,sma,-0.0370383151757086
BCO,2005-12-29,2006-02-10,475.0,21.01484489440918,21.23814346341842,41.08682027938812,32.62,0.0,29,sma,0.004102769393689416
WRB,2005-12-30,2006-02-10,1537.0,6.490795135498047,6.539869049494482,10.556605812520502,32.53,0.0,28,sma,0.0010547437849533442
SM,2006-02-02,2006-02-10,294.0,36.07225799560547,32.024199990911015,-1254.9790533801697,30.94,0.0,6,stop,-0.11795853984164861
NEM,2006-01-24,2006-02-15,250.0,38.67482376098633,37.28314861973464,-410.18878531292285,30.7,0.0,16,egg,-0.04228630070316287
FLS,2005-12-29,2006-02-16,522.0,9.560470581054688,11.86174905539643,1162.2128564293562,22.88,0.0,33,strength,0.23212965352639167
GPN,2006-01-30,2006-02-22,458.0,23.526525497436523,23.146155790188622,-242.44932591953875,33.9,0.0,16,egg,-0.02242930569110894
RJF,2005-12-30,2006-02-23,404.0,12.33792781829834,15.167759053173379,1104.3718188895155,22.72,0.0,36,strength,0.22084420358887372
ADBE,2006-02-02,2006-02-27,269.0,39.38999938964844,38.4900016784668,-309.2693843078614,33.28,0.0,16,egg,-0.029094563311138476
ILMN,2006-02-10,2006-03-07,494.0,10.301555633544922,12.392995834350586,994.0414591979979,22.71,0.0,16,strength,0.19470437215768818
NDAQ,2006-02-02,2006-03-08,1002.0,10.582257270812988,10.127361416910245,-522.4856456105481,32.77,0.0,23,sma,-0.04911811120998424
AMD,2006-02-15,2006-03-10,250.0,40.2400016784668,36.0,-1122.4504196166981,29.9,0.0,16,stop,-0.11121573566132625
DIOD,2006-02-22,2006-03-16,413.0,25.30666732788086,24.53333282470703,-385.64714981079123,32.73,0.0,16,egg,-0.036780199974262136
VRTX,2005-12-30,2006-03-24,177.0,27.670000076293945,36.11000061035156,1454.5550945281984,23.38,0.0,57,sma,0.29603026955757866
ATI,2006-02-10,2006-03-27,128.0,39.62295913696289,48.181394556080704,1056.2936636081695,22.82,0.0,30,strength,0.2076006090506194
ILMN,2006-02-10,2006-04-03,494.0,10.301555633544922,11.527236938476562,567.4265646362301,21.64,128.9,35,sma,0.11114268121394827
SLAB,2006-02-10,2006-04-05,108.0,46.79999923706055,59.029998779296875,1281.180503556915,23.34,337.91,37,strength,0.25266247477613546
CDE,2006-03-16,2006-04-07,97.0,56.33673858642578,67.72395078207947,1063.3795829784085,23.82,280.47,16,strength,0.193975738203697
RJF,2005-12-30,2006-04-12,404.0,12.33792781829834,14.224274433323105,724.1540324700045,21.77,191.0,70,sma,0.14481102998202178
SAIA,2006-03-24,2006-04-24,562.0,19.426666259765625,18.17333221435547,-771.9937335205086,32.93,0.0,20,sma,-0.07048576985227517
SLAB,2006-02-10,2006-04-25,109.0,46.79999923706055,50.220001220703125,335.2296632216494,21.08,0.0,50,sma,0.06550434718249028
RMBS,2006-04-24,2006-04-27,259.0,44.5,38.66999816894531,-1578.6204742431637,32.44,0.0,3,stop,-0.13653866722510458
CDE,2006-03-16,2006-05-04,97.0,56.33673858642578,61.43101686636047,454.4849931536655,22.3,0.0,34,sma,0.08290460289124668
NEU,2006-04-12,2006-05-05,168.0,33.2554931640625,43.7621469934551,1721.6728433379567,25.78,42.4,16,strength,0.3071899110044234
MLM,2006-03-10,2006-05-12,135.0,77.8901596069336,82.94199292888179,612.9174984630063,35.39,161.66,44,sma,0.05810271523006489
BLKB,2006-02-27,2006-05-15,720.0,15.03394603729248,16.439758804181018,940.7351921597474,36.99,248.12,54,sma,0.0866326324770522
URI,2006-03-08,2006-05-15,345.0,30.64190673828125,32.37472047922209,528.6707406245914,35.32,139.44,47,sma,0.049849730564874684
FLS,2005-12-29,2006-05-16,523.0,9.560470581054688,13.589540336633817,2065.827989344918,25.17,544.86,94,sma,0.41182045991132676
UNP,2006-04-25,2006-05-17,727.0,15.704545974731445,15.428691881276528,-271.92592594172675,35.44,0.0,16,egg,-0.023742467920815174
ANDE,2006-05-15,2006-05-18,406.0,27.443058013916016,25.016229383630932,-1053.3324238957448,32.79,0.0,3,stop,-0.0942399594063808
HON,2006-04-27,2006-05-19,441.0,25.705638885498047,25.074391871393274,-349.15993322020586,35.04,0.0,16,egg,-0.030703674139135564
FUL,2006-05-04,2006-05-19,538.0,21.045555114746094,18.870579014256947,-1238.6271420631601,32.78,0.0,11,stop,-0.10905117959444557
ATI,2006-02-10,2006-05-22,129.0,39.62295913696289,52.973004552820896,1681.181928684594,24.48,0.0,69,sma,0.32785281813762696
SLG,2006-04-03,2006-05-22,249.0,45.366729736328125,45.825720378888654,42.71866999757185,35.93,0.0,34,sma,0.0037697526457140694
NEU,2006-04-12,2006-05-23,168.0,33.2554931640625,33.169439096479785,-53.45208335389634,21.33,0.0,28,breakeven,-0.009537201444526284
AKAM,2006-05-12,2006-05-23,332.0,34.38999938964844,32.31999969482422,-757.4098986816407,34.23,0.0,7,stop,-0.06612958505685837
PLXS,2006-05-15,2006-05-23,253.0,43.959999084472656,40.31999969482422,-989.019845581055,32.9,0.0,6,stop,-0.08864504566730423
LVS,2006-05-19,2006-05-25,240.0,43.43235778808594,38.394446108065324,-1272.998803204946,30.44,0.0,4,stop,-0.1217338918691216
JLL,2006-05-16,2006-06-07,137.0,79.36861419677734,70.35283860652596,-1301.2412558644392,31.5,0.0,15,stop,-0.11929150121489047
WST,2006-05-17,2006-06-09,716.0,15.176820755004883,14.636308681622872,-455.17664454151964,33.6,0.0,16,egg,-0.041754829224246656
WEX,2006-05-18,2006-06-09,348.0,30.31999969482422,27.829999923706055,-931.9099203491223,31.61,0.0,15,stop,-0.08803945244928411
LAMR,2006-05-19,2006-06-13,350.0,29.858020782470703,27.801916295241302,-784.8965705302908,31.73,0.0,16,egg,-0.07486729811106155
AVNT,2006-05-24,2006-06-13,1496.0,6.790802955627441,5.56623225423789,-1892.9777692787684,28.22,0.0,13,stop,-0.18573462126386314
GPI,2006-05-22,2006-06-14,213.0,48.709022521972656,46.21276740307826,-597.0523403245061,32.01,0.0,16,egg,-0.05736275813224123
FTI,2006-05-22,2006-06-14,1034.0,10.064926147460938,9.322788749694052,-832.2900692909607,31.5,0.0,16,egg,-0.07971704358505594
R,2006-05-23,2006-06-15,320.0,31.473506927490234,31.455674476532657,-70.84638430642372,32.56,0.0,16,egg,-0.007011645645137079
FDS,2006-05-25,2006-06-19,276.0,35.979339599609375,34.20317699847225,-553.450877913845,31.0,0.0,16,egg,-0.055553258464260825
MOH,2006-06-07,2006-06-29,380.0,25.226667404174805,24.133333206176758,-477.16699523925854,30.33,0.0,16,egg,-0.04961443368372388
ZD,2006-06-09,2006-07-03,265.0,18.754987716674805,22.474141943271867,947.1662843608401,22.29,0.0,16,strength,0.18995786995716563
DINO,2006-06-16,2006-07-11,502.0,9.59555435180664,11.732912782219287,1035.0939320671487,22.12,0.0,16,strength,0.2141850637589928
ENS,2006-07-11,2006-07-14,575.0,17.218246459960938,15.06046075295802,-1301.9267815266758,29.05,0.0,3,stop,-0.13107558079227039
BLKB,2006-07-12,2006-07-18,580.0,17.272558212280273,15.88643433240407,-866.8418503281991,30.44,0.0,4,stop,-0.08624833971592805
KSS,2006-07-11,2006-07-19,328.0,30.150287628173828,27.829847453817592,-823.4443771888455,30.22,0.0,6,stop,-0.08299667253080853
ZD,2006-06-09,2006-07-21,266.0,18.754987716674805,19.46408626257934,152.09979889798888,20.34,0.0,29,sma,0.030389526814309186
WRLD,2006-05-30,2006-07-27,133.0,31.809999465942383,39.36000061035156,969.3987664386304,20.49,0.0,41,strength,0.22836295637943665
GRMN,2006-07-07,2006-07-31,378.0,26.360811233520508,24.922951606424625,-606.7709390422442,30.95,0.0,16,egg,-0.06069714431802819
FDS,2006-07-11,2006-08-02,268.0,36.89143753051758,35.04325286541453,-558.3134902476177,30.88,0.0,16,egg,-0.056287132628003084
WRLD,2006-05-30,2006-08-11,134.0,31.809999465942383,35.349998474121094,440.75125286373805,19.24,0.0,52,sma,0.10305370069679826
OII,2006-07-10,2006-08-11,532.0,18.638763427734375,17.573563303376698,-629.646466158285,30.77,0.0,24,sma,-0.06329369697907261
HST,2006-07-25,2006-08-14,875.0,10.959677696228027,10.079201572081084,-831.2366086285765,29.45,0.0,14,stop,-0.086397360672067
SLG,2006-07-26,2006-08-17,184.0,51.98274612426758,51.064081485606785,-231.23429351358573,30.89,0.0,16,egg,-0.02409660624836011
CXW,2006-07-12,2006-08-17,604.0,8.29432487487793,9.967423786238635,971.8767424618663,22.45,0.0,26,strength,0.19336993218749907
CPB,2006-07-25,2006-08-24,491.0,19.52876853942871,19.549907518548448,-52.390761252208904,31.4,0.0,22,sma,-0.0054460277090088195
DINO,2006-06-16,2006-08-30,502.0,9.59555435180664,11.547502033930929,942.2477364263923,21.89,0.0,52,sma,0.1949730215307274
OXY,2006-08-11,2006-09-05,323.0,29.820724487304688,29.083559917995608,-300.4641558868316,30.88,0.0,16,egg,-0.031092446293118966
MTRN,2006-08-14,2006-09-06,234.0,20.4676513671875,25.329048115275633,1099.671839052623,22.22,0.0,16,strength,0.22885488307777901
OVV,2006-08-17,2006-09-11,110.0,88.41842651367188,81.53042832375773,-819.2198008905543,29.82,0.0,16,egg,-0.08395583610648429
LH,2006-09-05,2006-09-27,178.0,55.53106689453125,54.64935637156622,-220.77447308777482,31.72,0.0,16,egg,-0.022263032151332792
DGX,2006-07-31,2006-10-02,221.0,43.27566909790039,44.0242840532011,102.41390512145881,31.72,0.0,44,sma,0.010673415278421552
MTRN,2006-08-14,2006-10-02,234.0,20.4676513671875,22.218465187937806,373.6154340555713,20.4,0.0,34,sma,0.07775384750281833
SHOO,2006-08-24,2006-10-05,861.0,5.659566879272461,6.905195712528535,1034.3464254334795,22.26,0.0,29,strength,0.21157613113108528
VMRK,2006-07-25,2006-10-26,259.0,18.509716033935547,22.379578115946586,964.7192792408587,21.89,0.0,66,strength,0.20057778818712035
BDC,2006-10-02,2006-10-31,289.0,34.55192947387695,32.71406013014765,-594.5442403377692,31.04,0.0,21,sma,-0.0593483826111297
VMRK,2006-07-25,2006-11-06,259.0,18.509716033935547,20.356217296849998,441.9788270948429,20.58,0.0,73,sma,0.09189319366974942
SHOO,2006-08-24,2006-11-07,861.0,5.659566879272461,6.385909369122894,588.3508837612226,21.15,0.0,52,sma,0.12034749738859123
ALB,2006-09-27,2006-11-14,241.0,20.81859588623047,25.442015624242078,1075.2691568607988,22.73,0.0,34,strength,0.21362143095212754
INTU,2006-08-30,2006-11-20,367.0,26.888286590576172,28.199912072602782,416.0265519037657,33.27,0.0,57,sma,0.04202258189790642
T,2006-10-31,2006-11-22,1654.0,6.492575168609619,6.19116612891329,-565.7805516577282,33.0,0.0,16,egg,-0.05251853359880796
CXW,2006-07-12,2006-11-28,604.0,8.29432487487793,10.591273931872589,1347.7422304247739,23.39,0.0,97,sma,0.26815419313698924
QDEL,2006-11-07,2006-11-28,694.0,15.319999694824219,13.619999885559082,-1244.809867630005,31.03,0.0,14,stop,-0.11670756515036788
MRK,2006-11-06,2006-11-29,477.0,21.965087890625,21.145172613375646,-457.30958724794255,32.62,0.0,16,egg,-0.043507975603129065
VNO,2006-09-11,2006-12-05,134.0,36.686222076416016,45.15152331847727,1095.8449761016354,22.53,0.0,60,strength,0.2221939819266084
CMCSA,2006-08-11,2006-12-06,679.0,7.10331392288208,8.653806043444598,1014.9341498619497,22.09,0.0,81,strength,0.2097443675615931
VFC,2006-08-02,2006-12-12,529.0,9.169028282165527,11.026043129801876,944.5558543996285,21.98,0.0,92,strength,0.19410379837704908
AEO,2006-11-22,2006-12-21,632.0,16.750255584716797,16.18268043779986,-425.547492851505,32.97,0.0,20,sma,-0.04007026642696762
CTSH,2006-10-02,2006-12-22,631.0,15.811277389526367,16.806155161869096,561.5178743482629,33.91,0.0,58,sma,0.05609986121932386
MTRN,2006-11-20,2006-12-26,344.0,30.625930786132812,29.923827122632545,-308.39366024409173,33.13,0.0,24,sma,-0.029178910393881853
VNO,2006-09-11,2007-01-08,135.0,36.686222076416016,40.81352152860782,519.920816380466,21.17,0.0,81,sma,0.10463847624881739
KMX,2006-11-29,2007-01-08,223.0,23.15999984741211,27.899999618530273,1017.4599489593511,22.95,0.0,25,strength,0.19637193742124426
WST,2006-12-22,2007-01-19,497.0,21.583322525024414,20.11211461734406,-797.8003301171357,32.39,0.0,16,egg,-0.0741372173846148
ICE,2006-12-26,2007-01-22,298.0,17.93213653564453,21.579440168606997,1046.3564826228148,23.48,0.0,16,strength,0.19518529356411932
VFC,2006-08-02,2007-01-24,529.0,9.169028282165527,10.66627500059203,754.7085140476202,21.51,0.0,119,sma,0.15509065828325588
SPGI,2006-11-28,2007-01-26,234.0,44.17002487182617,45.56374347148025,258.84015231905505,34.05,0.0,39,sma,0.02496282262308729
CMCSA,2006-08-11,2007-02-06,679.0,7.10331392288208,8.84606744161822,1145.1496392218396,22.42,0.0,121,sma,0.23665445376396238
AEO,2007-01-24,2007-02-15,628.0,17.50274658203125,16.961042033662476,-409.1004563755905,34.03,0.0,16,egg,-0.03710121672176877
HALO,2007-01-08,2007-02-16,729.0,7.5,9.199999809265137,1197.761773222962,24.17,0.0,28,strength,0.21837567541544756
UCTT,2007-01-19,2007-02-20,802.0,13.760000228881836,13.430000305175781,-333.97993881225557,34.33,0.0,21,sma,-0.0301684324637655
CNS,2007-02-20,2007-02-27,599.0,19.23213768005371,16.256675662222637,-1850.2417486808135,31.74,0.0,5,stop,-0.16010744604641888
KMX,2006-11-29,2007-02-28,223.0,23.15999984741211,27.06999969482422,832.8299659729009,22.49,0.0,60,sma,0.1607379574280435
MIDD,2007-01-26,2007-02-28,742.0,14.764012336730957,14.562885284423828,-218.43627281189038,34.41,0.0,22,sma,-0.01987647780631126
CBRE,2007-02-15,2007-02-28,308.0,37.25,33.099998474121094,-1347.1704699707025,32.89,0.0,8,stop,-0.11705283740930661
PVH,2006-11-28,2007-03-05,221.0,46.82772445678711,49.88483986002267,607.3925041150596,34.96,0.0,64,sma,0.05850327228188254
PPLI,2007-02-06,2007-03-05,2000.0,5.599521160125732,5.4346586991143395,-399.69492202278525,34.57,0.0,18,sma,-0.035577638001869125
ICE,2006-12-26,2007-03-08,298.0,17.93213653564453,22.291889886841496,1258.136498656695,24.01,0.0,48,sma,0.23469032391187652
HALO,2007-01-08,2007-03-13,730.0,7.5,7.869999885559082,230.94800418945215,21.76,0.0,44,sma,0.042048711723132876
HAS,2006-12-21,2007-04-02,736.0,14.679410934448242,15.541056697650081,563.7612817165536,36.0,0.0,67,sma,0.052014904929879015
VMC,2007-03-05,2007-04-19,118.0,90.51390075683594,91.94190296550373,99.88426062279905,34.52,0.0,32,sma,0.009322135481200975
ALB,2006-09-27,2007-04-25,241.0,20.81859588623047,32.18750565408556,2696.872254053078,26.79,0.0,143,sma,0.5357818610624294
SGI,2007-03-13,2007-04-25,1877.0,6.004427909851074,5.958612084664885,-156.93630387447774,35.36,0.0,30,sma,-0.013880931744490729
HLIT,2007-03-05,2007-04-27,1165.0,9.170000076293945,8.800000190734863,-498.1898666763318,33.03,0.0,38,breakeven,-0.04648525006108046
OI,2007-02-28,2007-04-27,234.0,23.28685188293457,29.255580106056595,1354.8474042105536,24.51,25.12,41,strength,0.24784783826571147
SYK,2007-03-08,2007-05-01,218.0,50.05060577392578,52.110409698403124,378.55725553606135,35.8,99.84,37,sma,0.03458498209210838
DLB,2007-04-02,2007-05-02,435.0,25.68601417541504,25.51214726701695,-146.10210515316794,35.14,0.0,21,sma,-0.013034651957090746
CE,2007-02-28,2007-05-03,251.0,21.73455810546875,26.57413891708894,1173.314783716668,24.08,270.93,45,strength,0.2143935834407339
NUE,2007-04-25,2007-05-17,188.0,39.302799224853516,38.532733416553064,-196.15237196048474,25.51,0.0,16,egg,-0.026454182317883688
CAR,2007-04-27,2007-05-21,425.0,27.211071014404297,26.79302554399633,-249.84932492338703,35.87,0.0,16,egg,-0.02153685009652978
DCH,2007-02-27,2007-05-23,243.0,23.371448516845703,28.127463276850282,1113.3215866811133,24.49,176.01,60,strength,0.19541687400054938
NEE,2007-02-28,2007-05-25,1301.0,8.386489868164062,9.009450766501779,739.0921287373676,36.7,194.94,61,sma,0.0675247274823272
CLF,2007-04-19,2007-05-31,200.0,27.46217918395996,34.40577333846062,1346.697384516092,24.6,355.19,29,strength,0.24441601938187024
BDC,2007-05-21,2007-06-08,216.0,54.16297912597656,49.46320450425913,-1085.911318290966,34.11,0.0,13,stop,-0.09252938604799493
RS,2007-05-17,2007-06-11,267.0,43.756683349609375,41.18489278176166,-758.1680816153403,34.89,0.0,16,egg,-0.0646920718942295
GT,2007-05-02,2007-06-27,381.0,29.6595516204834,29.83768613420617,-3.6007502716238378,35.82,0.0,39,sma,-0.0003176402253443264
NRG,2007-05-25,2007-06-27,369.0,31.084291458129883,30.409351538668783,-320.582830281146,35.45,0.0,22,sma,-0.027861786572618907
TEX,2007-05-01,2007-06-28,169.0,67.04747009277344,70.74097663597196,551.1826058005499,37.29,0.0,41,sma,0.0484907724026393
GME,2007-04-25,2007-07-06,1004.0,5.692752838134766,6.9854889441257475,1254.9910076075785,24.93,0.0,50,strength,0.21888703973358012
GEO,2007-06-27,2007-07-20,1524.0,7.770991325378418,7.294227521940841,-798.7880364388675,35.19,0.0,16,egg,-0.06723804579137051
SF,2007-06-27,2007-07-20,1130.0,10.475937843322754,10.406640553981418,-152.09593695570766,36.8,0.0,16,egg,-0.012808294875859265
DCH,2007-02-27,2007-07-23,243.0,23.371448516845703,27.6101630727741,987.9376370906002,24.17,0.0,101,sma,0.1734087320836545
CE,2007-02-28,2007-07-23,251.0,21.73455810546875,28.277018888240327,1599.6776564756656,25.14,336.19,100,sma,0.29230060839726996
MKSI,2007-06-28,2007-07-23,518.0,22.92143440246582,22.356178592960376,-366.23250932382143,36.35,0.0,16,egg,-0.03074901190785929
CLF,2007-04-19,2007-07-26,201.0,27.46217918395996,32.1761570230604,906.4309920432279,23.57,142.48,68,sma,0.16369233153671586
TT,2007-06-11,2007-07-26,504.0,23.36686134338379,23.576847560483053,31.883053418028794,37.11,8.41,32,sma,0.002698811595626317
FIS,2007-06-08,2007-07-27,544.0,21.46046257019043,21.427444519650198,-91.09181949388767,36.54,0.0,34,sma,-0.007778258431474494
AA,2007-07-20,2007-07-27,141.0,85.11414337158203,75.27503415777154,-1458.6443991472788,33.93,0.0,5,stop,-0.12116502056230402
MOS,2007-07-23,2007-07-27,413.0,28.805450439453125,25.780882923869587,-1320.3063839360002,34.02,0.0,4,stop,-0.11063595637393146
DY,2007-07-20,2007-07-30,393.0,30.639999389648438,27.81999969482422,-1180.4898800659175,34.73,0.0,6,stop,-0.09773060260752758
PII,2007-07-23,2007-07-30,720.0,16.528663635253906,14.976086091448185,-1189.365831540119,34.36,0.0,5,stop,-0.09963033769190163
GME,2007-04-25,2007-08-06,1005.0,5.692752838134766,6.733002939196167,1003.1273943740753,24.32,0.0,71,sma,0.1747846042805347
FCX,2007-07-30,2007-08-06,339.0,32.530696868896484,30.268783550991706,-834.8086147697177,33.05,0.0,5,stop,-0.07546035920209204
OI,2007-02-28,2007-08-10,234.0,23.28685188293457,34.479443816552504,2574.171512466597,27.57,0.0,114,sma,0.4709038395816807
CXT,2007-07-23,2007-08-10,1078.0,11.040756225585938,9.323359493860734,-1921.0336767997705,32.53,0.0,14,stop,-0.16090292035110126
CALM,2007-07-26,2007-08-10,2058.0,5.5774617195129395,4.171642379018043,-2958.1362027384985,28.86,0.0,11,stop,-0.2569049490693817
HAL,2007-07-27,2007-08-15,424.0,26.514108657836914,24.102396577027957,-1091.015922262999,32.95,0.0,13,stop,-0.096742864710555
RUSHA,2007-07-30,2007-08-15,1493.0,7.395208358764648,6.7200274940031175,-1075.525031088966,32.48,0.0,12,stop,-0.09710369777771352
HXL,2007-08-10,2007-08-15,447.0,22.574228286743164,20.154580065291874,-1144.1327549887264,29.92,0.0,3,stop,-0.11301962994279297
WAB,2007-07-30,2007-08-16,587.0,18.787193298339844,16.656290983585983,-1317.649658760516,31.84,0.0,13,stop,-0.11910362558571365
TDY,2007-08-10,2007-08-16,201.0,50.2599983215332,45.16999816894531,-1085.8500306701662,30.1,0.0,4,stop,-0.10713948080655876
HON,2007-07-26,2007-08-17,315.0,36.346778869628906,34.04332236988927,-795.8187974179855,34.21,0.0,16,stop,-0.06929047492517121
NOV,2007-08-07,2007-08-17,267.0,40.705142974853516,37.53904030584716,-912.3794126246958,32.46,0.0,8,stop,-0.08368270533107568
MMM,2007-07-30,2007-08-21,257.0,42.81218338012695,41.82470671843203,-322.9615020555939,34.27,0.0,16,egg,-0.029260011110168033
ALGN,2007-08-07,2007-08-27,402.0,27.040000915527344,23.700000762939453,-1408.4800613403313,31.22,0.0,14,stop,-0.12916312968977262
IEX,2007-08-10,2007-09-11,236.0,29.11919593811035,28.657479740495077,-157.85502263720537,24.31,0.0,21,sma,-0.022888452191272265
LIN,2007-08-22,2007-09-14,179.0,53.33317565917969,51.83618897147203,-329.83061709967114,30.6,0.0,16,egg,-0.03443660158820611
APD,2007-08-22,2007-09-14,187.0,51.1666259765625,50.855422796684636,-120.68499463716034,31.17,0.0,16,egg,-0.012572035827443864
J,2007-08-22,2007-09-24,98.0,48.7414436340332,58.750986842210786,943.505234401403,21.79,0.0,22,strength,0.19687935725660807
ACAD,2007-08-20,2007-10-05,637.0,15.069999694824219,15.079999923706055,-56.43985420227,31.41,0.0,33,sma,-0.0058602340300926235
ITRI,2007-08-22,2007-10-10,57.0,83.9800033569336,101.05000305175781,935.5249826049803,21.8,0.0,34,strength,0.1947985581191578
BIIB,2007-09-14,2007-10-16,74.0,65.41999816894531,81.05000305175781,1118.4519720663793,22.39,0.0,22,strength,0.23028301705112836
CSCO,2007-08-22,2007-10-22,494.0,19.401676177978516,19.9402463880109,202.66368375599814,32.03,0.0,42,sma,0.021076138854477507
MPWR,2007-10-05,2007-10-29,488.0,20.560068130493164,19.57898384474271,-542.5391314462231,31.29,0.0,16,egg,-0.05389929219649268
VMI,2007-09-11,2007-11-02,126.0,72.8154296875,73.93399834710793,79.90965111059813,30.69,0.0,38,sma,0.00868103429472536
ITRI,2007-08-22,2007-11-05,57.0,83.9800033569336,79.1500015258789,-309.65510437011744,18.68,0.0,52,breakeven,-0.06447755962387389
STRA,2007-08-20,2007-11-07,43.0,110.17127990722656,133.97163077095135,986.1153170252237,21.8,0.0,56,strength,0.20747809105663564
PH,2007-09-14,2007-11-09,85.0,52.120582580566406,61.87951722466316,794.2062283739551,20.55,0.0,40,strength,0.17867395715896645
ROP,2007-08-20,2007-11-13,175.0,54.78072738647461,57.466484956252565,406.0975747111406,32.54,0.0,60,sma,0.0422226750908105
J,2007-08-22,2007-11-13,98.0,48.7414436340332,59.966097714343114,1062.286099870371,22.09,0.0,58,sma,0.22166512377410993
BIIB,2007-09-14,2007-11-13,75.0,65.41999816894531,69.8499984741211,295.7584121499285,20.5,0.0,42,sma,0.060083072514719074
EPAC,2007-10-22,2007-11-13,321.0,32.40013885498047,31.846705806111764,-244.01200868685373,32.96,0.0,16,egg,-0.023386586506299305
HPQ,2007-10-29,2007-11-13,741.0,14.332188606262207,13.357700198298643,-788.1959103010013,32.15,0.0,11,stop,-0.07398051269459299
FCN,2007-08-28,2007-11-19,95.0,49.81999969482422,59.310001373291016,864.5301594543462,21.49,0.0,58,strength,0.18206652824886632
STRA,2007-08-20,2007-11-21,44.0,110.17127990722656,118.51603569239106,330.8690246621809,20.44,0.0,66,sma,0.06803249982724759
PH,2007-09-14,2007-11-23,86.0,52.120582580566406,56.00992651758609,300.11679495796125,19.44,0.0,49,sma,0.06673270691155668
NLY,2007-11-02,2007-11-27,1649.0,6.355822563171387,5.958112077914473,-721.3845901886507,31.96,0.0,16,egg,-0.06860951876984552
HL,2007-12-04,2007-12-13,937.0,10.927281379699707,8.897528334187257,-1963.1186036451654,28.24,0.0,7,stop,-0.19111612664662386
SYNA,2007-11-14,2007-12-17,280.0,36.293331146240234,33.79999923706055,-762.0029345703115,31.06,0.0,22,sma,-0.07474322862105397
BMRN,2007-11-14,2007-12-17,184.0,27.579999923706055,35.439998626708984,1406.1642599975257,23.7,0.0,22,strength,0.2762007240878902
MCK,2007-12-03,2008-01-03,180.0,56.74235916137695,55.47044508650912,-294.23453347621034,32.36,0.0,21,sma,-0.02871546032339287
BLKB,2007-12-04,2008-01-04,438.0,23.360382080078125,22.827153743726313,-298.9340113220933,32.4,0.0,21,sma,-0.02912216651075088
MORN,2007-11-05,2008-01-07,160.0,64.93233489990234,66.46090544329721,177.2212869431769,33.98,0.0,42,sma,0.01700365035800867
BRK-B,2007-12-13,2008-01-08,107.0,94.69999694824219,88.4000015258789,-737.8795101928699,31.05,0.0,16,egg,-0.0725857161725216
LKQ,2007-11-14,2008-01-09,1209.0,8.428963661193848,8.411592857031136,-86.70130223271735,32.82,0.0,37,sma,-0.00848059149132114
BLK,2007-11-14,2008-01-09,82.0,123.5890884399414,128.04850029630623,299.281772221917,33.65,0.0,37,sma,0.029436455214048605
APA,2007-11-14,2008-01-17,144.0,70.42317199707031,71.08375835442425,29.384435458967346,32.99,0.0,43,sma,0.0028882779792877775
FCN,2007-08-28,2008-01-18,95.0,49.81999969482422,57.869998931884766,728.0799275207519,21.14,0.0,99,sma,0.15333066549703134
BG,2007-12-24,2008-01-18,138.0,76.6357192993164,71.6923453005264,-748.1556118330209,32.13,0.0,17,sma,-0.07051705806951065
BMRN,2007-11-14,2008-03-07,185.0,27.579999923706055,36.86000061035156,1675.8856283844325,24.45,0.0,77,sma,0.32740041731732694
BMI,2008-05-07,2008-05-30,498.0,20.089597702026367,19.399476118466115,-407.6405486130043,31.55,0.0,16,egg,-0.0406136638627143
CENX,2008-05-07,2008-06-05,141.0,70.95999908447266,72.31999969482422,126.46008605957104,32.89,0.0,20,sma,0.01259842451918041
CHRW,2008-05-16,2008-06-10,237.0,42.74777603149414,40.77832642325453,-531.0495571527863,31.56,0.0,16,egg,-0.05224832910587563
BCO,2008-05-16,2008-06-10,283.0,32.132408142089844,29.55685866466167,-787.3205021121721,28.31,0.0,16,egg,-0.08629492440553739
ILMN,2008-05-16,2008-06-12,267.0,38.07392883300781,36.3715934753418,-519.013540496826,31.68,0.0,18,sma,-0.05089091993160846
NX,2008-05-07,2008-06-18,739.0,13.545950889587402,12.695819764962696,-691.5369010976592,30.86,0.0,29,sma,-0.06885837233724686
ESE,2008-05-16,2008-06-23,229.0,44.38299560546875,43.550033757734205,-255.8882631312099,32.33,0.0,25,sma,-0.025095656525278686
LIN,2008-05-07,2008-06-27,155.0,64.52075958251953,66.42762101599675,230.02352218896885,33.14,0.0,36,sma,0.02292642509116416
GILD,2008-05-16,2008-06-27,558.0,18.218297958374023,18.238893977812047,-54.15742115358262,32.84,0.0,29,sma,-0.005310269405940147
HAS,2008-05-16,2008-06-30,500.0,20.301454544067383,19.360853112329252,-534.6807158690663,31.6,0.0,30,sma,-0.05250457446398898
WBD,2009-06-12,2009-06-23,852.0,11.303014755249023,10.327031135559082,-892.4180439758293,29.4,0.0,7,stop,-0.09236705696488084
AAP,2009-06-10,2009-07-02,262.0,36.93020248413086,35.44437319728128,-451.4972731545913,30.62,0.0,16,egg,-0.04651109281227351
PEGA,2009-06-08,2009-07-09,1553.0,6.232746601104736,5.464429009187736,-1253.4172202471036,28.62,0.0,22,stop,-0.1290711626479337
SMTC,2009-06-16,2009-07-09,596.0,16.030000686645508,15.210000038146973,-550.0603865051271,30.06,0.0,16,egg,-0.05738666470045017
EEFT,2009-07-01,2009-07-09,493.0,19.65999984741211,18.200000762939453,-781.2395486450187,29.83,0.0,5,stop,-0.08034129486587933
PAG,2009-06-23,2009-07-17,452.0,10.451461791992188,12.652140552261864,957.4989543380261,21.7,0.0,17,strength,0.20202238645330367
ICUI,2009-06-25,2009-07-23,234.0,40.119998931884766,38.709999084472656,-390.85996429443367,30.05,0.0,19,sma,-0.04149719179592192
EW,2009-06-11,2009-07-31,1774.0,5.449166774749756,5.446667194366455,-67.56425559997479,31.56,0.0,35,sma,-0.0069665421429031624
AN,2009-06-19,2009-07-31,280.0,17.059999465942383,20.469999313354492,917.4328806265494,21.73,0.0,29,strength,0.19143348041499914
GPI,2009-07-06,2009-07-31,232.0,20.55483055114746,24.742892293978354,934.2689694980581,21.75,0.0,19,strength,0.1952767828735085
OSK,2009-08-03,2009-08-07,402.0,25.414052963256836,20.822436936079963,-1907.0996429251027,28.33,0.0,4,stop,-0.18606958802482726
MSCI,2009-07-22,2009-08-27,223.0,22.119009017944336,26.68934250825875,980.8802967517486,22.28,0.0,26,strength,0.19821517486615134
PAG,2009-06-23,2009-09-01,453.0,10.451461791992188,12.211999763640437,760.7515464605249,21.23,0.0,49,sma,0.1601563879002989
AN,2009-06-19,2009-09-02,281.0,17.059999465942383,17.81999969482422,177.94714096463758,19.92,0.0,52,sma,0.036998687685309686
GPI,2009-07-06,2009-09-02,233.0,20.55483055114746,22.670276335380947,456.61022256511205,20.61,0.0,42,sma,0.09502904856537413
FISV,2009-07-31,2009-09-03,855.0,11.852499961853027,11.800000190734863,-110.23730430603064,32.62,0.0,24,sma,-0.010843066010861963
ORCL,2009-07-13,2009-09-04,561.0,16.534666061401367,17.212975136216702,318.40139097140127,31.54,0.0,39,sma,0.03421265808923151
CVLT,2009-07-14,2009-09-04,286.0,16.530000686645508,19.75,883.8869240382328,21.52,0.0,38,strength,0.18635243076249464
SLAB,2009-06-30,2009-09-08,128.0,37.97999954223633,46.97999954223633,1113.7150000000001,22.43,0.0,48,strength,0.2283468630418499
MSCI,2009-07-22,2009-09-17,224.0,22.119009017944336,24.098901335935448,406.4999508183764,20.9,0.0,40,sma,0.08177832880798157
NEU,2009-08-07,2009-09-18,85.0,58.825923919677734,71.69518499036079,1055.0471910080596,22.64,0.0,29,strength,0.21031944181348558
ASH,2009-09-02,2009-09-25,372.0,13.441366195678711,15.958288028477416,897.8616869017897,22.24,0.0,16,strength,0.1789859272298944
RDN,2009-09-03,2009-09-28,755.0,6.672830581665039,8.390982002248537,1257.6693225405406,23.24,0.0,16,strength,0.2488324356170394
CAR,2009-09-04,2009-09-29,516.0,9.871614456176758,12.997468043303721,1572.3354509575129,24.17,0.0,16,strength,0.30768641636763183
SNX,2009-07-28,2009-10-02,797.0,12.51307487487793,12.930767499762595,267.41102203307855,33.16,0.0,47,sma,0.026727068687427583
VSH,2009-09-17,2009-10-02,2254.0,5.12763786315918,4.455567424558104,-1583.6467686068263,32.51,0.0,11,stop,-0.13659209211002965
SLAB,2009-06-30,2009-10-05,128.0,37.97999954223633,43.38999938964844,655.3449804687507,21.28,0.0,67,sma,0.13436648559125233
JLL,2009-09-01,2009-10-05,240.0,42.225677490234375,42.14019237525919,-85.93642759404429,32.68,0.0,23,breakeven,-0.008452567216868488
RDN,2009-09-03,2009-10-12,755.0,6.672830581665039,6.712787838640137,-6.1972709838009905,20.07,0.0,26,sma,-0.0012261426795104943
VECO,2009-09-02,2009-10-15,243.0,20.549999237060547,26.110000610351562,1311.6436191306611,23.26,0.0,30,strength,0.26181417889215824
CAR,2009-09-04,2009-10-21,516.0,9.871614456176758,10.517687681749667,295.9687843956208,20.97,0.0,32,sma,0.05791739578975732
AGO,2009-10-12,2009-10-26,737.0,15.032109260559082,13.67369384717867,-1068.8421596613643,32.59,0.0,10,stop,-0.09617282760076137
ASH,2009-09-02,2009-10-27,373.0,13.441366195678711,15.052046301462884,563.1069143568266,21.44,0.0,38,sma,0.11195265927397173
SLG,2009-10-05,2009-10-27,475.0,22.310741424560547,21.848883201819838,-286.622655801837,33.35,0.0,16,egg,-0.02695977676876906
HIG,2009-10-05,2009-10-27,560.0,18.946014404296875,17.63241997187384,-801.6228821569002,32.09,0.0,16,egg,-0.0753143907596271
SANM,2009-10-02,2009-10-28,1309.0,8.180000305175781,7.090000152587891,-1491.5801997375493,30.6,0.0,18,stop,-0.13885768985125943
CVLT,2009-07-14,2009-10-29,287.0,16.530000686645508,19.799999237060547,901.3124635502681,21.61,0.0,76,sma,0.18936419497158455
WBD,2009-10-02,2009-10-29,722.0,14.82882022857666,14.246294975280762,-487.8632328796393,33.11,0.0,19,sma,-0.045422436629255006
STX,2009-10-22,2009-10-29,1307.0,8.225396156311035,7.631223935411458,-843.2030927157484,32.34,0.0,5,stop,-0.07818387014901294
PVH,2009-10-26,2009-10-29,256.0,41.8086051940918,38.32455748489116,-958.0062135553635,31.93,0.0,3,stop,-0.08922340285128241
VECO,2009-09-02,2009-11-05,244.0,20.549999237060547,23.329999923706055,640.4468821205592,21.63,0.0,45,sma,0.12731420860605666
COF,2009-10-28,2009-11-30,359.0,28.94858741760254,29.071526094676887,-22.735014930307443,33.49,0.0,22,sma,-0.002180623738120488
RJF,2009-10-29,2009-11-30,789.0,12.660194396972656,12.378626067112384,-286.3474122597563,31.82,0.0,21,sma,-0.028573983281765518
AWI,2009-11-05,2009-11-30,406.0,24.592506408691406,24.153978638587787,-242.3222746620704,31.92,0.0,16,egg,-0.024191301585171507
BLK,2009-10-27,2009-12-07,72.0,145.1309356689453,146.12046603921186,4.026186659189989,33.7,0.0,28,sma,0.0003840701014504013
AAPL,2009-10-29,2009-12-07,1702.0,5.872756481170654,5.782130092492993,-218.63611352937914,32.0,0.0,26,sma,-0.02180295220198368
FCX,2009-10-29,2009-12-09,358.0,27.90121078491211,27.48360030696703,-213.87455110433984,32.0,0.0,28,sma,-0.021342628204523987
ALV,2009-10-27,2009-12-14,305.0,17.33448600769043,21.215491097346142,1143.206552344992,23.58,0.0,33,strength,0.21553919036485975
OSK,2009-12-09,2009-12-15,298.0,33.126991271972656,28.987130179122133,-1294.7586056694563,29.0,0.0,4,stop,-0.13073188811152683
HOG,2009-12-07,2009-12-18,535.0,19.9046573638916,18.092580741716432,-1035.0809928637173,31.6,0.0,9,stop,-0.0968903735136255
TXT,2009-11-30,2009-12-22,541.0,19.39186668395996,18.79206116993997,-390.94478308481484,32.82,0.0,16,egg,-0.03714570371500493
DAN,2009-11-30,2009-12-22,938.0,5.591080188751221,8.486458493442633,2671.7538109086963,27.3,0.0,16,strength,0.5078178622655672
ISRG,2009-10-27,2010-01-07,184.0,28.666667938232422,34.524444580078125,1037.671769308282,23.28,0.0,49,strength,0.19609992292487444
AMZN,2009-12-07,2010-01-08,1587.0,6.7104997634887695,6.5279998779296875,-356.9473183822629,33.3,0.0,22,sma,-0.033410824272847466
GPN,2009-10-29,2010-01-11,433.0,23.087804794311523,22.89054657183007,-149.98281033446983,32.18,0.0,49,sma,-0.014954301217266763
ALV,2009-10-27,2010-01-22,305.0,17.33448600769043,20.54330176420384,938.708805736589,23.06,0.0,59,sma,0.17698335927291903
IP,2009-11-30,2010-01-22,839.0,12.500730514526367,12.053749979328114,-441.31666903133555,32.68,0.0,36,sma,-0.04194334461394197
CRM,2009-12-18,2010-01-22,633.0,16.6814022064209,16.39879494710034,-246.04039514991382,33.35,0.0,22,sma,-0.02322641664652347
WHR,2009-12-15,2010-01-25,237.0,44.896854400634766,45.99245881426107,191.0082460294343,34.65,0.0,26,sma,0.017893790898306592
NEU,2009-08-07,2010-01-27,85.0,58.825923919677734,83.89039169389089,2089.0497608081187,25.23,0.0,118,sma,0.41644372247838407
PSKY,2010-01-08,2010-02-01,1075.0,10.554285049438477,9.696516792453846,-991.3208762584782,33.46,0.0,15,stop,-0.0870984260027402
ARE,2010-01-11,2010-02-03,317.0,35.83449935913086,34.559758077571644,-474.6829862542709,34.79,0.0,16,egg,-0.041655899737308925
ULTA,2009-12-22,2010-02-05,614.0,17.86015510559082,17.800819159402085,-105.97227095988274,34.72,0.0,30,breakeven,-0.009633006288793768
DAN,2009-11-30,2010-02-08,939.0,5.591080188751221,7.472696003052468,1725.0682885207207,24.94,0.0,47,sma,0.32753300764308907
MGM,2010-01-22,2010-02-11,978.0,10.975211143493652,9.860689948218052,-1155.7417289795358,31.51,0.0,14,stop,-0.10733127582933448
RCL,2010-02-01,2010-02-24,483.0,21.737075805664062,21.57363639857123,-146.04123362583778,33.45,0.0,16,egg,-0.013865563562024246
BRKR,2010-01-22,2010-03-01,861.0,12.462959289550781,12.060616870905655,-414.0068224534534,33.36,0.0,25,sma,-0.03845917833985695
SANM,2010-02-08,2010-03-03,389.0,13.069999694824219,17.40999984741211,1647.5200593566897,24.33,0.0,16,strength,0.3230026227495809
EZPW,2010-01-25,2010-03-10,304.0,17.59000015258789,21.530000686645508,1156.9382247508884,23.76,0.0,31,strength,0.21566875764134258
STX,2010-02-03,2010-03-16,1101.0,9.734071731567383,9.806408824081307,11.06313885783129,34.39,0.0,28,sma,0.0010289949025311643
WRLD,2010-02-11,2010-03-22,260.0,39.310001373291016,37.63999938964844,-499.02051574707184,31.87,0.0,26,sma,-0.04866807089933354
INCY,2010-03-01,2010-03-24,477.0,11.5,14.050000190734863,1174.7850909805302,24.15,0.0,17,strength,0.21348414267357033
ISRG,2009-10-27,2010-04-07,185.0,28.666667938232422,38.22222137451172,1725.7265185029983,25.08,0.0,110,sma,0.3243661221520778
FULT,2010-01-22,2010-04-12,1016.0,5.280407428741455,6.346715911551287,1042.7378395874193,23.52,0.0,54,strength,0.19374521903475167
UAL,2010-03-22,2010-04-16,290.0,19.43000030517578,23.399999618530273,1109.1604549175536,24.36,0.0,18,strength,0.19622547375517446
SGI,2010-02-24,2010-04-22,836.0,6.482001304626465,8.10722305787432,1317.1003857152064,24.34,0.0,40,strength,0.24228336858737018
VTRS,2010-04-07,2010-04-29,643.0,18.143922805786133,17.145686097146438,-713.3962036553221,34.96,0.0,16,egg,-0.060957818865557435
EZPW,2010-01-25,2010-05-03,305.0,17.59000015258789,20.799999237060547,938.6716583667876,23.26,0.0,68,sma,0.17440724260032422
FULT,2010-01-22,2010-05-05,1017.0,5.280407428741455,5.96136205497951,652.8424338314699,22.56,0.0,71,sma,0.12118168608042779
SANM,2010-02-08,2010-05-05,389.0,13.069999694824219,15.949999809265137,1081.0000445175174,22.91,0.0,60,sma,0.21193420231126733
INCY,2010-03-01,2010-05-05,477.0,11.5,11.529999732971191,-24.2551273727413,21.15,0.0,46,sma,-0.004407687084525437
UAL,2010-03-22,2010-05-05,291.0,19.43000030517578,19.309999465942383,-74.21089826166917,21.45,0.0,31,sma,-0.013083794262374588
CBT,2010-02-05,2010-05-06,523.0,19.37483024597168,21.314681577465056,946.5422463710347,35.27,0.0,62,sma,0.0931107627318001
F,2010-04-29,2010-05-06,1795.0,6.750747203826904,6.049820787224636,-1330.4029178010715,34.55,0.0,5,stop,-0.10945060772616338
DAN,2010-05-03,2010-05-06,1131.0,10.567754745483398,9.615430057494459,-1148.9492221154906,34.59,0.0,3,stop,-0.09583033385083946
OGE,2010-01-27,2010-05-07,1075.0,9.955492973327637,10.377945023119231,384.68595352596276,35.29,0.0,70,sma,0.035830352914298605
EWBC,2010-03-16,2010-05-07,902.0,12.684194564819336,12.604921382421004,-143.32441052329523,35.82,0.0,37,sma,-0.012487812020031495
SGI,2010-02-24,2010-05-10,836.0,6.482001304626465,7.661404073831809,945.3257150556683,23.41,0.0,52,sma,0.1738946409400535
JLL,2010-05-05,2010-05-10,153.0,75.88756561279297,73.46999944859571,-441.8176231221805,35.5,0.0,3,stop,-0.037933286840322114
SAFE,2010-05-06,2010-05-10,462.0,24.6368350982666,23.29940446435108,-688.0629528689697,34.31,0.0,2,stop,-0.06026083934556854
PRGO,2010-05-05,2010-05-21,250.0,46.48769760131836,41.618073697696154,-1287.2659759055514,33.41,0.0,12,stop,-0.11041556324260435
MTB,2010-05-05,2010-05-21,211.0,55.02694320678711,49.41785889580136,-1253.4167896179933,33.47,0.0,12,stop,-0.1076160738370072
OKE,2010-05-05,2010-05-21,1303.0,8.9485445022583,7.69128403124976,-1707.2103937241282,32.45,0.0,12,stop,-0.14595903773319593
SLG,2010-05-06,2010-05-21,343.0,33.136802673339844,29.291019012722458,-1387.4337955917636,32.52,0.0,11,stop,-0.12168621708845838
OC,2010-05-06,2010-05-21,412.0,27.66153907775879,24.27425052187525,-1463.8528850240182,32.4,0.0,11,stop,-0.1280437386979508
CMI,2010-05-10,2010-05-21,197.0,49.03977584838867,42.25832188306468,-1395.7064311688246,28.21,0.0,9,stop,-0.14400029609858517
SBUX,2010-05-10,2010-05-27,1063.0,9.957886695861816,9.376031125738484,-684.6924710411022,32.32,0.0,13,stop,-0.06447748739764647
AKAM,2010-05-07,2010-06-04,153.0,35.709999084472656,42.099998474121094,936.8216004272863,23.5,0.0,19,strength,0.17092233758917164
NPO,2010-05-28,2010-06-10,378.0,27.50197982788086,25.620905446093644,-776.0461163155669,31.61,0.0,8,stop,-0.07441133566511995
SAM,2010-05-10,2010-06-16,89.0,59.099998474121094,70.61000061035156,984.4497431971376,23.11,0.0,26,strength,0.1865643466981376
FFIV,2010-06-04,2010-06-30,153.0,69.01000213623047,69.0999984741211,-53.860560302733575,33.83,0.0,18,sma,-0.005084864108348211
UNFI,2010-06-16,2010-06-30,323.0,33.0099983215332,30.309999465942383,-938.0396303558337,31.88,0.0,10,stop,-0.08769766693878585
UHS,2010-06-17,2010-06-30,271.0,39.402496337890625,35.75551588814627,-1054.0517018807204,31.62,0.0,9,stop,-0.09839752931031454
LULU,2010-06-22,2010-06-30,511.0,20.735000610351562,18.790000915527344,-1059.1848440551748,31.4,0.0,6,stop,-0.09964601384138112
ALK,2010-06-22,2010-06-30,950.0,11.157586097717285,10.220103193261602,-956.1787592328983,31.67,0.0,6,stop,-0.08992045482418065
AKAM,2010-05-07,2010-07-02,154.0,35.709999084472656,40.470001220703125,692.5986351684178,22.98,0.0,39,sma,0.12554351077109202
DLTR,2010-06-21,2010-07-14,507.0,21.016666412353516,20.799999237060547,-177.65025787353625,33.76,0.0,16,egg,-0.016619152084557446
HSY,2010-05-07,2010-07-23,350.0,31.297550201416016,32.45746881927717,335.3815162514038,35.8,0.0,53,sma,0.030519935771730552
SAM,2010-05-10,2010-08-03,90.0,59.099998474121094,67.87999725341797,750.5103370640927,22.67,0.0,59,sma,0.14064985124487522
LSCC,2010-08-03,2010-08-11,1833.0,5.5,4.849999904632568,-1253.6801748085018,29.63,0.0,6,stop,-0.12395370569882656
AAL,2010-08-04,2010-08-12,1061.0,9.455698013305664,8.418681095682045,-1162.48494959866,29.73,0.0,6,stop,-0.11549803960866983
PII,2010-08-03,2010-08-16,500.0,20.169750213623047,18.33029506863045,-982.6475724963002,30.31,0.0,9,stop,-0.0971236984411017
SON,2010-07-29,2010-08-20,538.0,18.769695281982422,18.292312240906114,-321.4820760990533,32.0,0.0,16,egg,-0.03173330711685997
UAL,2010-08-04,2010-08-20,443.0,22.610000610351562,20.579999923706055,-961.920304183961,30.19,0.0,12,stop,-0.09572612876141624
SWKS,2010-08-03,2010-08-25,721.0,13.984878540039062,13.335325335109536,-532.3778607541899,31.44,0.0,16,egg,-0.05262883140667309
EW,2010-08-03,2010-08-25,1053.0,9.576666831970215,9.451666831970215,-196.51500000000124,32.28,0.0,16,egg,-0.019424543297993757
DLR,2010-08-04,2010-08-26,269.0,33.10344314575195,31.431754119582884,-507.88434803948076,28.54,0.0,16,egg,-0.05684538946253292
CRM,2010-09-17,2010-10-07,337.0,28.688669204711914,26.25084648167564,-882.6362576632237,29.52,0.0,14,stop,-0.09099669773315011
CMI,2010-08-11,2010-10-07,83.0,53.03417205810547,64.07049653735525,880.6199317777327,20.69,0.0,40,strength,0.19939130549996417
AAP,2010-06-21,2010-10-26,121.0,43.83675765991211,53.06507093498237,1076.2309268596337,23.45,0.0,89,strength,0.20225370445680987
CCI,2010-09-16,2010-10-28,385.0,25.14728546142578,25.763291780503845,173.36243284505326,32.2,0.0,30,sma,0.017847934825743542
BWA,2010-09-16,2010-11-05,277.0,17.464021682739258,21.466259124764264,1070.5547714409258,22.27,0.0,36,strength,0.2205815369391272
TMUS,2010-09-17,2010-11-05,223.0,14.990974426269531,18.176161158282348,680.7116412388582,17.53,0.0,35,strength,0.20289211907574026
AZO,2010-08-03,2010-11-11,24.0,206.8300018310547,248.9600067138672,972.6701171875002,22.34,0.0,71,strength,0.1953141062612797
PNW,2010-09-16,2010-11-15,454.0,21.317096710205078,21.85502862796701,180.42109066391822,32.21,0.0,42,sma,0.01858181432084208
UAA,2010-10-28,2010-11-26,871.0,5.869999885559082,7.152500152587891,1077.607193282035,22.97,0.0,20,strength,0.21009057872429515
MCD,2010-09-14,2010-12-14,199.0,48.342201232910156,50.76982307084391,418.98674574881625,32.66,0.0,64,sma,0.04341135160703232
LNN,2010-11-15,2010-12-28,214.0,49.62696838378906,50.34925338059334,86.27898931611344,34.34,0.0,29,sma,0.008098179795412464
RES,2010-12-14,2010-12-31,1121.0,10.109405517578125,9.10719876632906,-1192.1237681502025,32.92,0.0,12,stop,-0.10486317670820082
AAP,2010-06-21,2011-01-04,122.0,43.83675765991211,56.06731357403704,1450.5428009471098,24.5,0.0,137,sma,0.2703629052335344
AZO,2010-08-03,2011-01-06,24.0,206.8300018310547,254.0399932861328,1094.289794921875,22.64,0.0,109,sma,0.21973558096347337
ES,2010-09-16,2011-01-07,570.0,16.976627349853516,18.419270602839823,757.0666542021954,33.65,0.0,79,sma,0.07798164268025676
UAA,2010-10-28,2011-01-10,872.0,5.869999885559082,6.651249885559082,642.8505393000578,21.9,0.0,50,sma,0.1251865809512238
TDC,2010-10-07,2011-01-12,134.0,37.45000076293945,45.650001525878906,1059.8756784420657,22.69,0.0,67,strength,0.21052108650027235
NOG,2011-01-10,2011-01-25,50.0,217.37986755371094,198.0360442592444,-1033.9111647233258,32.15,0.0,10,stop,-0.09482323612106978
CMI,2010-08-11,2011-01-31,83.0,53.03417205810547,73.16879263800926,1633.888508132015,22.58,0.0,119,sma,0.3699475232410008
BWA,2010-09-16,2011-01-31,277.0,17.464021682739258,24.8381251113672,2002.2316497299398,24.6,0.0,94,sma,0.4125480978531748
WLK,2011-01-06,2011-01-31,670.0,16.556917190551758,15.021428956390334,-1096.4671168881523,32.56,0.0,16,stop,-0.0985299293656401
DAN,2010-12-31,2011-02-04,836.0,13.217373847961426,13.2557719293463,-38.01920396224523,35.1,0.0,24,sma,-0.003429867403411751
TTMI,2010-12-28,2011-02-11,367.0,15.079999923706055,17.829999923706055,967.9588843537413,23.76,0.0,32,strength,0.17434759959675095
JAZZ,2011-01-07,2011-02-16,279.0,19.760000228881836,24.600000381469727,1308.3150425720214,24.56,0.0,27,strength,0.23656253745631806
TMUS,2010-09-17,2011-02-24,223.0,14.990974426269531,20.61655291949736,1223.5590039898057,18.89,0.0,110,sma,0.36469257185302634
FLR,2011-01-04,2011-02-24,199.0,55.573707580566406,58.59561495911286,529.7595683307445,36.55,0.0,35,sma,0.0477509615795806
BKNG,2011-01-25,2011-02-24,665.0,16.79758644104004,18.276177187596492,910.1528464600397,37.78,0.0,21,sma,0.08122212956476528
IDCC,2011-01-31,2011-02-25,303.0,36.19709396362305,35.58065517320441,-255.9509534968456,34.35,0.0,18,breakeven,-0.023262898003864153
DY,2011-01-31,2011-03-08,684.0,16.06999969482422,15.850000381469727,-219.85953033447186,34.5,0.0,25,sma,-0.019938724928853624
SWKS,2011-01-31,2011-03-10,442.0,24.86287498474121,24.189850626935904,-366.47676614994634,34.13,0.0,27,sma,-0.03324275202526829
TTMI,2010-12-28,2011-03-11,368.0,15.079999923706055,15.800000190734863,225.4412139128608,21.94,0.0,51,sma,0.04049585958535873
EPAC,2011-02-04,2011-03-16,414.0,27.023120880126953,26.905924733885264,-119.1392045440607,35.25,0.0,27,sma,-0.010615683844130678
SAH,2011-03-10,2011-03-17,950.0,12.05358600616455,10.629479770383883,-1421.5809239916343,32.65,0.0,5,stop,-0.12375631209553695
AMP,2011-02-24,2011-03-18,248.0,45.64845657348633,43.88164635841674,-508.47893333725915,34.61,0.0,16,egg,-0.04477419643973035
VSH,2011-02-24,2011-03-18,828.0,13.693307876586914,13.400785251309486,-313.09873372971015,35.14,0.0,16,egg,-0.02752804587117815
URI,2011-02-25,2011-03-21,367.0,30.98847007751465,30.006542182197176,-431.127537581513,34.93,0.0,16,egg,-0.037789701941423684
THC,2011-03-11,2011-04-12,393.0,28.360000610351562,26.440000534057617,-823.2000299835199,33.38,0.0,22,stop,-0.07362661257867006
BKR,2011-02-24,2011-04-13,325.0,34.83971405029297,34.364666754825585,-225.42037102689937,35.32,0.0,34,sma,-0.019845758485406127
SM,2011-03-16,2011-04-13,178.0,62.04609298706055,60.295511735474506,-380.8434627823153,34.23,0.0,20,sma,-0.0343745904554208
CDE,2011-04-12,2011-04-15,324.0,34.5711784362793,32.773199068624045,-651.8953151203023,33.95,0.0,3,stop,-0.05801606644055224
WCC,2011-03-17,2011-04-20,190.0,57.10594940185547,57.94888193759227,90.69718178999028,34.93,0.0,24,sma,0.008332568823526058
UPBD,2011-03-21,2011-04-27,554.0,19.965463638305664,17.82527732409178,-1252.8032180744922,32.09,0.0,26,stop,-0.11290668760191779
BC,2011-03-18,2011-05-02,586.0,18.78729820251465,18.908186633490605,0.8206205519090872,35.1,0.0,30,sma,7.430278783590327e-05
ECHO,2011-03-18,2011-05-03,383.0,28.72771453857422,28.111831665039062,-305.1131405639644,34.32,0.0,31,sma,-0.02764300741634824
CVI,2011-04-13,2011-05-04,1723.0,6.446937084197998,5.69051423562488,-1370.3965680914825,31.91,0.0,14,stop,-0.1229800532723219
JAZZ,2011-01-07,2011-05-05,279.0,19.760000228881836,28.899999618530273,2505.014829711914,27.56,0.0,81,sma,0.4529434006333648
EXEL,2011-03-08,2011-05-05,1021.0,11.34000015258789,11.0,-418.97015579223626,35.48,0.0,41,sma,-0.03607305617141469
OLED,2011-04-13,2011-05-06,221.0,50.09889602661133,49.9489505176082,-103.21795748969089,35.0,0.0,16,egg,-0.009293108134083732
PTEN,2011-05-02,2011-05-17,495.0,22.56064796447754,20.51793854034594,-1079.2511649451408,32.79,0.0,11,stop,-0.0963372763890914
PLD,2011-04-27,2011-05-19,497.0,22.80423355102539,22.490342715598228,-227.073745207299,35.34,0.0,16,egg,-0.01997229973912336
WRLD,2011-05-05,2011-05-19,159.0,66.93000030517578,61.220001220703125,-973.6198544311519,31.73,0.0,10,stop,-0.09119817401354152
BKR,2011-05-03,2011-05-25,298.0,36.8763313293457,35.47434907089624,-486.49071301794174,33.83,0.0,16,egg,-0.04413007750821524
LSCC,2011-05-19,2011-05-25,1564.0,6.840000152587891,6.230000019073486,-1019.940208816528,31.76,0.0,4,stop,-0.09503817461362005
ULTA,2011-04-15,2011-06-03,224.0,49.51594543457031,49.436831807177754,-87.9314525359332,35.08,0.0,33,sma,-0.007902741917194159
ARW,2011-05-19,2011-06-03,219.0,46.09000015258789,41.5,-1067.960033416748,30.12,0.0,10,stop,-0.10546357616794404
SGI,2011-05-04,2011-06-07,779.0,13.96178150177002,13.603239962265194,-347.78385927425916,33.89,0.0,23,sma,-0.031875141347963154
TMUS,2011-04-20,2011-06-08,420.0,26.33721160888672,26.57490781052075,29.482404686294103,35.3,0.0,33,sma,0.0026568674300172677
COR,2011-05-17,2011-06-09,360.0,29.05548095703125,28.394027437948726,-304.62326686970846,32.95,0.0,16,egg,-0.029029646447052852
ANF,2011-05-25,2011-06-09,186.0,55.3647575378418,49.44155850329527,-1165.245020425653,30.39,0.0,10,stop,-0.11279128093544301
ST,2011-05-05,2011-06-13,325.0,32.18034744262695,31.7745543063353,-198.65276929478568,33.22,0.0,26,sma,-0.01893344306899954
COO,2011-05-06,2011-06-13,576.0,18.402481079101562,18.2282362882884,-167.9149995083808,33.65,0.0,25,sma,-0.01579079153743983
MSI,2011-05-25,2011-06-17,273.0,36.13876724243164,35.61794654975878,-205.95404909968966,31.71,0.0,16,egg,-0.020807761732585982
INGR,2011-06-03,2011-06-27,271.0,38.05228805541992,37.21330352243564,-293.1548084387414,32.61,0.0,16,egg,-0.028336866964673604
CPT,2011-06-03,2011-06-27,273.0,35.66517639160156,35.48675432402462,-112.06922444850534,31.62,0.0,16,egg,-0.011472707029060138
MCO,2011-06-08,2011-06-30,302.0,33.24760818481445,31.864740063520326,-481.5861726308249,31.46,0.0,16,egg,-0.04780828925011677
VMRK,2011-06-09,2011-07-01,326.0,30.484094619750977,30.451871263851917,-74.96481402309291,32.22,0.0,16,egg,-0.007518997155053468
HUM,2011-06-27,2011-07-20,140.0,70.4841537475586,69.95114541426668,-138.57116666086768,31.88,0.0,16,egg,-0.013997297466100322
DINO,2011-06-27,2011-07-26,308.0,16.007722854614258,19.167960303178816,935.1681341578842,22.16,0.0,20,strength,0.189060214727063
TDC,2010-10-07,2011-07-28,135.0,37.45000076293945,55.0,2326.934320794995,25.96,0.0,203,sma,0.45877086716373694
UNH,2011-06-13,2011-07-28,255.0,38.49714279174805,39.069396624090935,81.67472724743675,32.31,0.0,32,sma,0.008292935373127702
MNST,2011-06-17,2011-07-28,1611.0,6.0258331298828125,6.267499923706055,325.0152048492437,32.64,0.0,28,sma,0.033371559858671976
IRM,2011-06-30,2011-07-29,805.0,12.700275421142578,11.716737891134018,-855.6877116568885,30.98,0.0,20,sma,-0.08342734380528315
PSKY,2011-06-09,2011-08-01,489.0,20.30911636352539,20.993434957043448,269.3417922303306,33.06,0.0,36,sma,0.027033153269345904
OC,2011-07-08,2011-08-01,346.0,30.43667984008789,29.383754153647423,-430.8622875084002,32.82,0.0,16,egg,-0.040782733407951424
CE,2011-07-28,2011-08-04,234.0,42.75537872314453,37.954468065389015,-1185.423093914791,29.6,0.0,5,stop,-0.11810333557704031
CNP,2011-06-07,2011-08-05,896.0,11.18319034576416,10.978155528808863,-248.15119599194622,31.99,0.0,42,sma,-0.024685303169676386
ULTA,2011-07-20,2011-08-05,159.0,64.5873031616211,54.86608013016099,-1607.9544620021552,29.21,0.0,12,stop,-0.1560749408433115
LULU,2011-07-28,2011-08-05,162.0,61.68000030517578,57.18000030517578,-791.9399999999987,30.56,0.0,6,stop,-0.07900013328236034
SAH,2011-07-28,2011-08-05,781.0,12.839740753173828,11.967857389922058,-744.180906699632,30.77,0.0,6,stop,-0.07397198391912918
KEX,2011-07-29,2011-08-05,170.0,58.31999969482422,54.029998779296875,-791.8501556396495,30.36,0.0,5,stop,-0.07961021413065363
PII,2011-08-01,2011-08-05,244.0,40.792259216308594,36.85031545910028,-1023.9942767588291,29.88,0.0,4,stop,-0.10254718536411238
DINO,2011-06-27,2011-08-08,308.0,16.007722854614258,16.62738799928165,154.63186455755658,20.2,0.0,29,sma,0.03126147315019833
FCFS,2011-06-13,2011-08-09,286.0,34.37539291381836,35.408925469419835,230.89031090202297,32.72,0.0,40,sma,0.023408931999138852
DPZ,2011-08-01,2011-08-09,469.0,21.244647979736328,18.656148729793767,-1275.5861482230612,29.27,0.0,6,stop,-0.1276090216300847
DG,2011-10-31,2011-11-22,267.0,34.010658264160156,33.52185532110715,-190.39038579515545,29.78,0.0,16,egg,-0.020896885008747073
TDY,2011-10-31,2011-11-22,166.0,54.470001220703125,52.20000076293945,-435.89007598876924,29.06,0.0,16,egg,-0.04804768792128591
CMG,2011-11-09,2011-11-22,1368.0,6.656799793243408,6.083799839019775,-842.2439373779289,28.21,0.0,9,stop,-0.09218279112767441
FE,2011-11-09,2011-12-02,384.0,23.68308448791504,23.820711213211514,-7.5613374861532066,30.27,0.0,16,egg,-0.00082869017758733
SPG,2011-11-14,2011-12-07,141.0,61.21078872680664,59.80530152786369,-255.6336950509558,28.48,0.0,16,egg,-0.02951992093463858
VFC,2011-11-14,2011-12-14,422.0,21.735614776611328,21.037379676222546,-354.57521236406683,29.59,0.0,21,sma,-0.03852922754749171
PPLI,2011-11-14,2011-12-14,1339.0,6.857949256896973,6.698384003172633,-273.83787473689154,29.82,0.0,21,sma,-0.029722489508218257
AWK,2011-11-09,2011-12-15,409.0,22.25791358947754,22.147482136284836,-105.37646435581519,30.05,0.0,25,sma,-0.011537173300042938
TXNM,2011-12-07,2011-12-20,746.0,12.244020462036133,11.334877300463939,-737.0007985328575,28.54,0.0,9,stop,-0.0804210322762001
CVLT,2011-12-07,2011-12-22,189.0,48.13999938964844,40.81999969482422,-1440.3199423217766,26.69,0.0,11,stop,-0.15778086264204694
DPZ,2011-12-23,2012-01-19,330.0,26.729434967041016,26.011284771535745,-295.29956451674116,28.86,0.0,16,egg,-0.03336656585059961
GPI,2011-11-09,2012-01-19,116.0,39.188106536865234,47.28294659823331,902.8264471186976,21.11,0.0,47,strength,0.19794982250110546
LQDT,2011-12-27,2012-01-20,240.0,36.90999984741211,35.150001525878906,-480.4395971679678,28.49,0.0,16,egg,-0.05405516448084509
HUM,2011-12-06,2012-01-27,120.0,75.86931610107422,76.45897608868066,10.259198512772855,30.34,0.0,35,sma,0.0011231291584479003
SSD,2011-12-27,2012-02-01,264.0,27.96442222595215,27.118870658827937,-274.3856137207913,25.3,0.0,24,sma,-0.037036757591078016
V,2011-11-09,2012-02-10,218.0,20.88889503479004,25.132126404515482,888.8394386001464,21.1,0.0,63,strength,0.19454276067858137
OKE,2012-01-20,2012-02-13,537.0,17.07730484008789,15.903614512557699,-689.3517058837133,28.75,0.0,16,egg,-0.07492267050159504
EL,2011-12-07,2012-02-14,143.0,47.42955017089844,45.5867527881997,-311.58002572591886,23.7,0.0,46,sma,-0.04577491353899909
HALO,2011-12-27,2012-02-15,462.0,9.609999656677246,11.699999809265137,929.8760813064164,20.91,0.0,34,strength,0.20874448755226466
GPI,2011-11-09,2012-02-23,116.0,39.188106536865234,44.81631390224021,617.4070543834978,20.4,0.0,71,sma,0.135370000752842
MNST,2011-12-23,2012-02-28,557.0,7.9116668701171875,9.640000343322754,927.149950853528,20.82,0.0,43,strength,0.20969078447151193
DY,2012-01-19,2012-03-01,428.0,21.440000534057617,21.399999618530273,-77.76039184570254,30.3,0.0,29,sma,-0.00844610205168006
MKSI,2012-02-14,2012-03-06,352.0,26.47861671447754,23.61554261485103,-1066.682083068532,28.18,0.0,14,stop,-0.11406933371291367
DCI,2012-01-27,2012-03-07,318.0,28.47614860534668,28.292066575899728,-118.46808536413118,29.89,0.0,27,sma,-0.01303931195735871
BIIB,2012-02-13,2012-03-07,77.0,120.0,116.86000061035156,-302.1799530029293,29.9,0.0,16,egg,-0.032595863545971555
SBUX,2011-12-07,2012-03-15,276.0,16.560087203979492,20.015743379367112,917.4261044069835,21.21,0.0,67,strength,0.20006199493755086
STX,2012-03-01,2012-04-09,622.0,14.78082275390625,13.803002485549989,-667.4442069175948,28.86,0.0,26,sma,-0.0723591134129972
URI,2012-02-23,2012-04-10,228.0,40.43230056762695,39.78730850447673,-207.58819039825175,30.08,0.0,32,sma,-0.022444357692158707
HALO,2011-12-27,2012-04-11,463.0,9.609999656677246,10.729999542236328,483.9139362030446,19.82,0.0,72,sma,0.10839744680006452
CRUS,2012-03-07,2012-04-20,397.0,22.790000915527344,23.530000686645508,233.0099091339107,30.75,0.0,31,sma,0.02566852652441064
ULTA,2012-04-20,2012-04-25,99.0,95.3499984741211,87.66999816894531,-820.4200302124027,29.1,0.0,3,stop,-0.08662763836680144
ODFL,2012-03-06,2012-04-27,972.0,9.486273765563965,9.535279207081462,-13.386710844992194,30.57,0.0,37,sma,-0.001447038635815608
ROST,2012-02-01,2012-04-30,202.0,22.223352432250977,27.055060239349384,940.0199770338777,21.06,0.0,61,strength,0.20870585511977469
V,2011-11-09,2012-05-04,218.0,20.88889503479004,26.178032342315223,1116.27693304049,21.67,0.0,121,sma,0.24432263781806615
FICO,2012-03-07,2012-05-07,227.0,39.78595733642578,41.20722887101165,261.8586383509919,30.79,0.0,42,sma,0.028898278458473134
SBUX,2011-12-07,2012-05-09,276.0,16.560087203979492,20.403875717548257,1024.2806297449797,21.48,0.0,105,sma,0.22336363133587728
LOW,2012-04-09,2012-05-10,401.0,23.89934730529785,23.580860064151405,-190.1133836997269,31.04,0.0,23,sma,-0.01977258636689357
FUL,2012-04-11,2012-05-16,346.0,26.64284896850586,26.63819482874896,-62.50033235588853,30.44,0.0,25,sma,-0.006757614016221983
VMI,2012-04-25,2012-05-17,87.0,107.6925277709961,100.79170515809923,-660.5115673220262,29.32,0.0,16,egg,-0.07026666537792159
PSKY,2012-05-04,2012-05-18,370.0,25.55244255065918,23.237184783135362,-916.5753739838128,28.89,0.0,10,stop,-0.09662967793028535
STX,2012-04-27,2012-05-21,596.0,15.98015022277832,14.650739500243738,-852.7687906306091,29.23,0.0,16,stop,-0.08924488951019993
CCI,2012-05-07,2012-05-30,276.0,33.849788665771484,32.9197610457369,-317.5576231295472,30.11,0.0,16,egg,-0.033878950475532896
VRSK,2012-04-10,2012-06-04,214.0,44.05738830566406,44.21900375568669,-27.444293695156375,31.06,0.0,38,sma,-0.0029013178117942837
AME,2012-05-09,2012-06-04,306.0,30.44819450378418,29.574093586289724,-328.18488075330424,30.02,0.0,17,sma,-0.035108107101328265
MAR,2012-05-10,2012-06-04,274.0,33.72189712524414,31.678952925314046,-619.3667107808469,29.1,0.0,16,egg,-0.0668119395618609
TOL,2012-05-30,2012-06-05,371.0,24.55558204650879,21.51657163464831,-1185.0128628002367,27.36,0.0,4,stop,-0.12964702920348864
SBH,2012-05-16,2012-06-08,345.0,26.81999969482422,26.540000915527344,-157.4195788574234,30.29,0.0,16,egg,-0.01695704934951384
MKC,2012-05-18,2012-06-12,420.0,21.292945861816406,21.1042798520686,-138.55972409407877,29.56,0.0,16,egg,-0.015442199355317588
EIX,2012-06-04,2012-06-26,334.0,26.137765884399414,26.05053066120327,-87.51656454751173,29.15,0.0,16,egg,-0.00999133789307981
MNST,2011-12-23,2012-06-29,558.0,7.9116668701171875,11.841667175292969,2154.281964010059,23.92,0.0,129,sma,0.4863544641391521
ROST,2012-02-01,2012-06-29,202.0,22.223352432250977,27.31563596325089,992.5262732619831,21.19,0.0,104,sma,0.22036344934243873
CRUS,2012-06-12,2012-07-11,310.0,28.56999969482422,26.010000228881836,-850.69983444214,27.56,0.0,20,stop,-0.09573226060728067
AAL,2012-06-05,2012-07-12,398.0,10.954656600952148,13.179523127240271,850.3868774626726,20.51,0.0,26,strength,0.19439399039422997
EQIX,2012-06-26,2012-07-19,71.0,124.98448181152344,118.99694922316417,-483.2148137735094,28.52,0.0,16,egg,-0.05427258903220309
ACHC,2012-06-08,2012-07-20,519.0,17.110000610351562,16.530000686645508,-359.4699604034431,28.85,0.0,29,sma,-0.040345954530736285
AAL,2012-06-05,2012-07-23,398.0,10.954656600952148,11.199768990284527,64.41473095428591,18.54,0.0,33,sma,0.014724870435132044
EG,2012-06-29,2012-07-24,115.0,77.50035095214844,75.97262053077073,-234.60899845843778,29.24,0.0,16,egg,-0.02623610121721857
DLTR,2012-06-29,2012-07-24,145.0,53.79999923706055,50.720001220703125,-499.2897123718258,25.79,0.0,16,egg,-0.06378335433870351
HCA,2012-07-11,2012-08-02,358.0,22.357044219970703,21.01129461047178,-535.3983602006147,26.21,0.0,16,egg,-0.06666453807879293
INCY,2012-05-17,2012-08-03,417.0,22.06999969482422,19.65999984741211,-1063.279936370849,27.9,0.0,54,stop,-0.1151533476677643
CMS,2012-06-04,2012-08-16,590.0,14.79382038116455,15.184961493486503,171.75325626995254,29.8,0.0,52,sma,0.019611967398947227
NEE,2012-05-21,2012-08-22,802.0,11.024038314819336,11.669149068544993,457.0788244879768,30.8,0.0,65,sma,0.051526347176290545
ALGN,2012-08-02,2012-08-24,222.0,33.560001373291016,32.220001220703125,-348.7900338745112,25.28,0.0,16,egg,-0.046652446668702184
DVA,2012-08-03,2012-08-27,164.0,49.64500045776367,48.54999923706055,-234.6402001953129,27.31,0.0,16,egg,-0.028721382752631495
ROST,2012-07-24,2012-09-11,307.0,28.954748153686523,29.10922527555007,-11.935523587892021,29.74,0.0,34,sma,-0.0013382540662609415
LEN,2012-07-19,2012-09-17,180.0,25.513025283813477,30.72165573924164,901.1534819770686,21.22,0.0,41,strength,0.19558300167159873
HR,2012-06-04,2012-09-19,1172.0,7.448935031890869,8.324370253899318,964.990080193902,31.79,0.0,75,sma,0.11016645876458776
TJX,2012-07-23,2012-09-21,458.0,18.311506271362305,18.75679782577793,146.69353192235576,28.88,0.0,43,sma,0.0174323038451084
COF,2012-07-23,2012-09-26,207.0,43.360992431640625,43.893791155028914,50.32933574137496,30.12,0.0,46,sma,0.005588692471767986
NEU,2012-08-24,2012-09-27,40.0,192.85113525390625,188.43589109328622,-229.5397664248003,26.24,0.0,23,sma,-0.02965348306875754
PZZA,2012-08-16,2012-10-10,436.0,20.04054832458496,19.695486639365992,-208.55689475547115,28.87,0.0,38,sma,-0.023789074942026662
EW,2012-09-19,2012-10-10,514.0,17.331666946411133,13.885000228881836,-1826.4966928100584,25.24,0.0,15,stop,-0.20434847754721697
URBN,2012-09-21,2012-10-15,231.0,38.75,36.72999954223633,-525.0101057434094,28.61,0.0,16,egg,-0.05845767197564304
SRPT,2012-09-27,2012-10-19,299.0,14.710000038146973,26.579999923706055,3507.1649657821654,27.27,0.0,16,strength,0.7947375657785904
TCBI,2012-08-27,2012-10-24,182.0,44.21094512939453,47.145039801944456,477.6352304040847,28.85,0.0,41,sma,0.05915784437612244
SHW,2012-08-22,2012-10-26,214.0,40.61784362792969,40.74899017843159,-30.26463819259334,29.2,0.0,46,sma,-0.003470178730543655
WMT,2012-07-24,2012-11-02,389.0,18.249197006225586,18.683619151572167,118.2702145398207,25.57,0.0,70,sma,0.016601454192080416
AEO,2012-10-10,2012-11-05,668.0,14.804712295532227,14.25037962984113,-433.61422068165484,31.2,0.0,16,egg,-0.04370376320151999
PAG,2012-10-10,2012-11-05,444.0,22.29520606994629,20.769710123867792,-739.9202000588521,30.45,0.0,16,egg,-0.0745044504774353
GAP,2012-10-15,2012-11-08,385.0,23.38105583190918,22.685034673925514,-327.0981458237111,29.23,0.0,16,egg,-0.03621705019970403
MHO,2012-11-05,2012-11-13,403.0,22.600000381469727,20.40999984741211,-940.7002152252189,27.96,0.0,6,stop,-0.10294411115372276
LEN,2012-07-19,2012-11-14,180.0,25.513025283813477,30.763515871304502,908.6683057483842,21.24,0.0,81,sma,0.1972139910864123
STZ,2012-09-11,2012-11-14,322.0,27.4962158203125,28.80395668064135,360.9725570258888,30.59,0.0,44,sma,0.04063490932001922
AROC,2012-09-26,2012-11-15,841.0,10.553790092468262,10.591388168376424,-27.640018161235275,29.67,0.0,34,sma,-0.003103762131295288
PHM,2012-11-08,2012-11-15,615.0,14.75929069519043,12.94093231642325,-1175.6804029418154,27.3,0.0,5,stop,-0.12909558147565015
WY,2012-11-05,2012-11-16,550.0,16.565967559814453,15.05914794304999,-887.0407892204566,28.11,0.0,9,stop,-0.09703489156317077
EBAY,2012-10-24,2012-11-19,508.0,18.19721221923828,17.769081968582803,-277.9701673329819,29.97,0.0,16,egg,-0.029970818779160732
AMGN,2012-10-26,2012-11-21,152.0,59.97743225097656,59.53678060077575,-127.18905083052414,30.02,0.0,16,egg,-0.01390536703403822
DVA,2012-11-14,2012-12-07,158.0,56.025001525878906,53.209999084472656,-502.7203857421882,28.42,0.0,16,egg,-0.056603220645183215
SRPT,2012-09-27,2012-12-10,299.0,14.710000038146973,25.25,3110.494988594055,26.27,0.0,49,sma,0.7048505672587985
MAS,2012-11-20,2012-12-13,758.0,11.632673263549805,11.561350109810304,-112.81295053454232,29.31,0.0,16,egg,-0.012751539478830624
LAMR,2012-11-21,2012-12-14,396.0,22.26753807067871,21.902135122574116,-203.21956744941963,29.08,0.0,16,egg,-0.022969449809632947
CCL,2012-11-20,2012-12-21,294.0,29.987220764160156,29.848160598752898,-99.66368862973468,29.34,0.0,22,sma,-0.011266929835026758
DINO,2012-12-07,2013-01-08,332.0,25.64972686767578,25.2206777970011,-199.46429146399532,28.33,0.0,20,sma,-0.023344448684123473
HCA,2012-11-14,2013-01-16,168.0,26.422639846801758,32.33777280739865,957.9623373802779,20.98,0.0,42,strength,0.2150885953128167
BANR,2012-12-10,2013-01-25,379.0,19.797908782958984,20.01030170797232,27.9769185800551,26.36,0.0,31,sma,0.003715607681958346
SNA,2012-11-20,2013-02-08,153.0,57.37297058105469,56.90814456566919,-129.63838035398112,29.17,0.0,54,sma,-0.014719232343402498
IPGP,2013-01-08,2013-02-19,127.0,65.4800033569336,62.54999923706055,-427.5605232238777,27.26,0.0,28,sma,-0.051240749672330894
VMC,2012-12-21,2013-02-21,184.0,47.27684783935547,46.87873137693513,-131.3634290853406,28.96,0.0,40,sma,-0.015050650147809643
VAC,2012-12-13,2013-02-22,278.0,31.222396850585938,31.60583116698974,48.12473996025619,29.37,0.0,47,sma,0.005525909643428314
AVNT,2012-12-14,2013-02-22,568.0,15.217942237854004,16.62700821300144,740.329473883743,31.01,0.0,46,sma,0.08536220969107132
LII,2012-11-20,2013-03-06,97.0,43.277584075927734,52.27843272280004,838.8073187466143,20.08,0.0,71,strength,0.19914133221189262
PKG,2012-11-02,2013-03-07,193.0,24.08088493347168,28.972403540414152,907.3630911398977,21.38,0.0,84,strength,0.19459072664459923
FNF,2013-01-25,2013-03-11,1070.0,8.90756607055664,8.84737899631721,-126.70016943619157,31.07,0.0,30,sma,-0.013249932440167197
ECHO,2013-02-22,2013-03-18,297.0,31.085899353027344,30.777957916259766,-152.18860671997027,30.25,0.0,16,egg,-0.016429745912339838
MIDD,2012-11-13,2013-03-21,132.0,33.86162567138672,40.552425384521484,847.5305621337893,20.78,0.0,87,strength,0.1889864759429404
ACAD,2013-02-08,2013-03-22,799.0,6.0,8.229999542236328,1742.2446342468256,23.84,0.0,29,strength,0.362236744037671
MTZ,2013-03-11,2013-04-03,317.0,30.190000534057617,27.940000534057617,-774.1200000000008,29.54,0.0,16,egg,-0.08062439711365565
STT,2013-02-19,2013-04-04,236.0,40.60087203979492,40.39558311823253,-111.02818548872528,31.23,0.0,31,sma,-0.01154960845143619
MIDD,2012-11-13,2013-04-09,132.0,33.86162567138672,39.42075729370117,698.520374145508,20.41,0.0,99,sma,0.1557594614072039
TREX,2013-03-18,2013-04-10,1539.0,6.193749904632568,6.0625,-263.95360322952183,30.73,0.0,16,egg,-0.027600361458934443
HCA,2012-11-14,2013-04-11,168.0,26.422639846801758,33.98662349211948,1234.2792524133765,21.67,0.0,100,sma,0.27712925682584594
LII,2012-11-20,2013-04-16,97.0,43.277584075927734,51.44415879729027,758.0827479721665,19.88,0.0,99,sma,0.17997650352360975
SRPT,2013-04-03,2013-04-24,288.0,34.04999923706055,30.920000076293945,-963.0197583007812,29.66,0.0,15,stop,-0.09788457580243604
HRB,2013-04-10,2013-05-02,556.0,17.975831985473633,17.354899402206005,-409.14851629680015,31.52,0.0,16,egg,-0.04080487195609225
RDN,2013-04-04,2013-05-07,586.0,8.24634075164795,10.384583128187803,1214.620032652355,22.61,0.0,23,strength,0.25053342412555624
GEO,2013-04-16,2013-05-24,783.0,12.926937103271484,12.416648564587545,-463.9659257895237,31.71,0.0,28,sma,-0.04569070881410358
HRL,2013-04-09,2013-05-30,683.0,14.462176322937012,14.76107368869294,139.45690081129942,32.6,0.0,36,sma,0.014072687034900206
COR,2013-02-22,2013-06-04,266.0,33.415443420410156,37.67303446741652,1070.4492185036906,32.45,0.0,70,sma,0.12003070874579722
BX,2013-04-24,2013-06-05,983.0,10.466529846191406,10.858763930617787,318.35610499113136,34.09,0.0,29,sma,0.030843322702631723
FLO,2013-04-11,2013-06-06,782.0,12.833500862121582,13.069511934844016,119.12065886894197,32.95,0.0,39,sma,0.011831272876165066
SYNA,2013-05-02,2013-06-10,252.0,39.97999954223633,40.540000915527344,75.59034606933528,32.94,0.0,26,sma,0.007478602325196537
CVI,2013-06-04,2013-06-19,495.0,21.21092414855957,19.46736385890077,-928.2023433811046,31.49,0.0,11,stop,-0.08812278367184026
POOL,2013-02-21,2013-06-21,242.0,38.50074005126953,42.78394650989791,972.5659629880665,33.28,0.0,84,sma,0.10404146157524069
RDN,2013-04-04,2013-06-21,586.0,8.24634075164795,9.773561314451225,857.4512498027198,21.72,0.0,55,sma,0.17686205715273123
WT,2013-05-30,2013-06-21,1089.0,9.887828826904297,8.351102822515085,-1737.9546187798514,30.14,0.0,16,stop,-0.16088946275612723
IVZ,2013-06-10,2013-06-25,544.0,19.837810516357422,18.407587249697713,-844.8514570628813,32.43,0.0,11,stop,-0.07803804134192245
TSLA,2013-05-24,2013-07-02,830.0,6.4720001220703125,7.883333206176758,1130.5164598083493,23.76,0.0,26,strength,0.2097865123528452
TXRH,2013-06-21,2013-07-18,538.0,19.410911560058594,19.50692306778651,-15.495808842380939,33.64,0.0,18,sma,-0.001479090335031214
CBOE,2013-06-06,2013-07-18,152.0,34.01315689086914,40.86618468601708,1002.1148806001911,22.93,0.0,29,strength,0.19321172741112427
BSX,2013-06-05,2013-07-26,581.0,9.0,10.800000190734863,1005.9395433191048,23.09,0.0,36,strength,0.19176201672863516
CRI,2013-06-21,2013-07-30,174.0,54.1009635925293,52.98417324239653,-255.7015209231031,30.45,0.0,26,sma,-0.027074126119802797
PCRX,2013-06-19,2013-08-07,185.0,29.6299991607666,35.290000915527344,1005.9753246307373,23.72,0.0,34,strength,0.18293936812241063
RMBS,2013-07-30,2013-08-13,1182.0,9.8100004196167,8.789999961853027,-1275.4005410766604,33.37,0.0,10,stop,-0.10964763752957316
BBY,2013-07-18,2013-08-21,311.0,18.14569664001465,21.83026518528867,1103.729437162886,24.37,0.0,24,strength,0.19496686080086945
CBOE,2013-06-06,2013-08-28,153.0,34.01315689086914,38.9597493596899,717.803991991871,22.3,0.0,58,sma,0.13749091387715456
CI,2013-08-13,2013-09-20,164.0,71.28831481933594,70.26819923236997,-240.1389562624172,36.21,0.0,27,sma,-0.020475846244343357
AIZ,2013-06-21,2013-09-23,267.0,39.11620330810547,42.0875907288669,724.3604413433022,35.49,0.0,64,sma,0.06913461540575412
EQT,2013-06-25,2013-10-08,249.0,39.83131790161133,42.67997249772865,643.1549944332128,33.97,0.0,73,sma,0.06463747059379503
ACAD,2013-02-08,2013-10-10,799.0,6.0,20.610000610351562,11609.135487670897,48.57,0.0,169,sma,2.4136997511626848
JAZZ,2013-09-23,2013-10-15,145.0,87.7300033569336,84.44000244140625,-554.2601327514658,38.01,0.0,16,egg,-0.04343714261372042
HUM,2013-08-28,2013-10-18,142.0,83.29480743408203,84.85579573981884,147.17033941462796,37.52,0.0,36,sma,0.012403911937575812
TSLA,2013-05-24,2013-10-24,830.0,6.4720001220703125,11.0,3710.889898681641,30.22,0.0,106,sma,0.688618589155083
BSX,2013-06-05,2013-10-25,582.0,9.0,11.550000190734863,1443.0906785055404,24.21,60.2,100,sma,0.27462336042355695
CIEN,2013-10-08,2013-10-30,506.0,26.020000457763672,23.899999618530273,-1150.6704246520985,37.63,0.0,16,egg,-0.08712949170786619
THO,2013-10-15,2013-11-06,294.0,43.083778381347656,41.598513426097526,-513.707896843538,37.97,0.0,16,egg,-0.040431291681279215
INCY,2013-09-20,2013-11-08,357.0,35.65999984741211,36.970001220703125,388.0404902648934,40.4,0.0,35,sma,0.030387239624600458
CHRD,2013-10-30,2013-11-08,388.0,32.69147491455078,29.84662897782445,-1179.2602234498172,36.35,0.0,7,stop,-0.09268434642852576
HALO,2013-10-10,2013-11-11,593.0,10.260000228881836,13.050000190734863,1608.8099773788454,26.75,0.0,22,strength,0.26360580322434035
PLXS,2013-10-25,2013-11-18,322.0,40.34000015258789,39.47999954223633,-355.9701965332042,39.18,0.0,16,egg,-0.02732064110572292
NOW,2013-10-18,2013-11-19,1258.0,10.366000175476074,10.402000427246094,-34.82168327331601,40.11,0.0,22,sma,-0.0026621210472360475
BBY,2013-07-18,2013-11-20,312.0,18.14569664001465,24.6819825939474,1994.8125980443538,26.65,199.72,88,sma,0.3512417002569498
MTG,2013-11-06,2013-11-29,1847.0,6.864960193634033,6.898819399243472,-15.822047239367748,39.26,0.0,16,egg,-0.0012440005882041342
AXON,2013-11-08,2013-12-03,707.0,16.8700008392334,16.489999771118164,-342.4307551574693,36.55,0.0,16,egg,-0.028621018527230663
MKTX,2013-11-08,2013-12-05,204.0,58.24235153198242,57.14760886491614,-296.97750408152206,36.55,0.0,18,sma,-0.024917272689828587
PKG,2012-11-02,2013-12-06,193.0,24.08088493347168,42.21974784774354,3457.710542454469,27.77,739.15,275,sma,0.7415316024565605
PCRX,2013-06-19,2013-12-09,185.0,29.6299991607666,51.97999954223633,4085.905070571899,31.44,1077.66,120,sma,0.7430330282633435
WEN,2013-11-18,2013-12-11,2168.0,5.868549823760986,5.773267004543113,-284.47315206434905,38.69,0.0,16,egg,-0.022290245578243613
MTDR,2013-11-19,2013-12-12,655.0,19.137094497680664,17.87229345916073,-903.8546802305573,36.67,0.0,16,egg,-0.07188547563887747
CSGP,2013-12-06,2013-12-31,675.0,18.57200050354004,18.297000885009766,-262.644742507935,38.28,0.0,16,egg,-0.020886527018142833
BKNG,2013-12-12,2014-01-07,255.0,46.03179168701172,44.9186371733311,-356.6444009885581,36.04,0.0,16,egg,-0.030288639990914624
AYI,2013-11-29,2014-01-10,65.0,98.39910125732422,123.05407638955108,1555.4833835947475,27.4,0.0,28,strength,0.24245210526509958
INCY,2013-12-05,2014-01-10,135.0,46.54999923706055,57.290000915527344,1403.750226593018,26.74,39.99,24,strength,0.22268812872667443
NXST,2013-12-03,2014-01-15,363.0,34.84131622314453,35.797384788459645,268.14288920938634,39.89,70.72,29,sma,0.02113621777787058
UAA,2013-12-11,2014-01-17,585.0,21.11750030517578,20.602500915527344,-377.08464294433725,37.53,0.0,25,sma,-0.03042964049330946
PII,2013-10-24,2014-01-21,136.0,95.20651245117188,99.34533709652503,481.93015176802874,41.18,27.65,59,sma,0.037106213923706985
RAMP,2013-11-20,2014-01-24,374.0,32.970001220703125,34.40999984741211,460.7594863891609,39.57,121.53,43,sma,0.03725111948186833
EEFT,2013-12-31,2014-01-24,256.0,47.849998474121094,42.27000045776367,-1500.9494921875012,34.45,0.0,16,stop,-0.12215136372241961
HALO,2013-10-10,2014-02-04,593.0,10.260000228881836,14.140000343322754,2253.570067863464,28.36,198.5,79,sma,0.36925066118084543
TYL,2013-12-09,2014-02-04,124.0,100.44999694824219,102.9000015258789,225.96056762695298,39.3,59.6,38,sma,0.018085034861437668
PKG,2014-01-07,2014-02-04,258.0,44.19374465942383,43.741801104657824,-188.11143712962985,35.61,0.0,19,sma,-0.016446346389622647
WEN,2014-01-15,2014-02-07,2127.0,6.153623104095459,6.072117265744371,-253.172918172766,39.69,0.0,16,egg,-0.019283669947817658
CGNX,2014-01-21,2014-02-18,745.0,17.45390510559082,16.813222889745433,-555.9282508048127,38.71,0.0,19,sma,-0.0426225022547871
CCOI,2014-01-24,2014-02-21,564.0,23.198606491088867,22.804459568902224,-301.9588641132668,39.55,0.0,19,sma,-0.023007925154500126
RGEN,2014-02-07,2014-03-07,851.0,14.829999923706055,14.170000076293945,-638.1598701477051,37.55,0.0,19,sma,-0.050410439884469
INCY,2013-12-05,2014-03-17,135.0,46.54999923706055,63.04999923706055,2179.41,28.68,63.85,68,sma,0.34573724401535594
MU,2014-01-17,2014-03-24,601.0,21.82356834411621,23.21801636461765,755.5832603213639,42.29,199.29,44,sma,0.05743192328918462
SBAC,2014-02-04,2014-03-24,150.0,82.97608947753906,83.52852227566318,5.624919718617093,38.72,1.48,33,sma,0.0004505366211141822
AYI,2013-11-29,2014-03-27,65.0,98.39910125732422,128.39995788926814,1902.1056810763557,28.26,501.68,80,sma,0.2964798799379639
ENS,2014-02-18,2014-03-27,210.0,61.7462043762207,60.768649965691935,-284.4064262110405,39.3,0.0,27,sma,-0.021866445627481215
AAP,2014-03-07,2014-03-31,120.0,109.67703247070312,108.39662770578212,-233.86857179051913,39.92,0.0,16,egg,-0.01771524403693414
URI,2014-01-24,2014-04-02,85.0,76.53256225585938,93.01354187632093,1353.7705776807525,27.17,220.36,47,strength,0.20746772559372775
URI,2014-01-24,2014-04-08,86.0,76.53256225585938,82.54927610153396,472.1100807864941,25.15,124.52,51,sma,0.07151040261235223
RVTY,2014-02-04,2014-04-14,304.0,41.01788330078125,42.205158065413926,282.8815284483335,39.48,74.61,48,sma,0.022616036209948415
DLB,2014-02-21,2014-04-14,369.0,35.46432876586914,36.308096059100116,230.3401312022288,40.89,60.75,36,sma,0.017547775891209504
TRN,2014-03-24,2014-04-14,707.0,18.496788024902344,17.20799446105957,-989.0870496368407,37.82,0.0,15,stop,-0.07540313989181265
LUV,2014-03-24,2014-04-15,643.0,20.344993591308594,19.927125267458514,-348.21933223560154,39.43,0.0,16,egg,-0.026537202142046953
TDG,2014-03-27,2014-04-21,127.0,100.36981964111328,98.85492616786865,-270.45147110206926,38.79,0.0,16,egg,-0.021151764127701554
AA,2014-02-04,2014-05-05,246.0,25.300344467163086,30.174318087636706,1153.7866384255576,25.96,0.0,62,strength,0.1848088381050169
TSN,2014-04-14,2014-05-06,390.0,32.190738677978516,29.28916650503631,-1206.3631474474605,35.96,0.0,15,stop,-0.09579497243358678
RBA,2014-04-14,2014-05-07,663.0,18.962413787841797,18.57671578722547,-332.7377744086243,38.19,0.0,16,egg,-0.026384913174578323
CALM,2014-04-15,2014-05-08,593.0,21.260589599609375,20.745401359126518,-382.5866266063349,38.16,0.0,16,egg,-0.030252492811979486
REX,2014-04-08,2014-05-16,1310.0,9.661666870117188,9.601667404174805,-156.48930038452272,38.85,0.0,27,sma,-0.012326045581346002
CRK,2014-05-06,2014-05-29,106.0,123.64098358154297,122.30207293943444,-221.89452806350346,39.81,0.0,16,egg,-0.016879109101902098
CENX,2014-05-08,2014-06-02,944.0,13.800000190734863,14.09000015258789,193.13996398925883,40.65,0.0,16,egg,0.01478055013656101
TRGP,2014-03-17,2014-06-04,116.0,55.74953079223633,67.0645905202081,1265.8319284447252,26.85,0.0,55,strength,0.1951393391890084
CAR,2014-03-31,2014-06-06,138.0,46.270225524902344,55.38175264873369,1211.2157430887255,26.51,0.0,47,strength,0.18910601726775988
GBX,2014-05-07,2014-06-20,181.0,35.92268371582031,43.963466301167614,1408.1467443665952,27.29,349.28,31,strength,0.2159088313616557
ARCB,2014-06-02,2014-06-24,346.0,38.63957595825195,38.258894610625696,-213.0257462786849,40.49,0.0,16,egg,-0.015885454642034183
MAR,2014-03-27,2014-07-07,80.0,48.43410873413086,58.130853318844395,743.3480760938528,19.03,139.87,69,strength,0.19118591387561032
BF-B,2014-04-21,2014-07-18,457.0,28.61076545715332,29.680905583161923,407.6540375859313,41.31,107.52,62,sma,0.03108254030014002
LAZ,2014-05-29,2014-07-18,508.0,26.103927612304688,26.508798275063608,124.05429668153192,41.07,32.72,35,sma,0.009326447405428154
CAR,2014-03-31,2014-07-30,138.0,46.270225524902344,55.068217085919954,1168.0578354204308,26.4,308.08,84,sma,0.18236781222102852
BKR,2014-04-14,2014-07-31,372.0,33.74911880493164,36.88478566268989,1085.9780710860687,41.7,286.43,75,sma,0.0862334800575938
TRGP,2014-03-17,2014-08-01,116.0,55.74953079223633,73.84997398427282,2050.9664102762345,28.82,540.94,96,sma,0.3161748578201024
RGEN,2014-07-18,2014-08-01,603.0,23.200000762939453,20.889999389648438,-1474.1908280944826,38.89,0.0,10,stop,-0.10505943069730264
SIG,2014-07-18,2014-08-01,156.0,89.43138885498047,81.99103338868976,-1242.3554527413507,39.38,0.0,10,stop,-0.08878040852631483
GBX,2014-05-07,2014-08-08,182.0,35.92268371582031,44.159380968940916,1451.5338036492167,27.49,0.0,65,sma,0.2213384337444408
LUV,2014-05-16,2014-08-15,300.0,21.42448616027832,26.0714873630537,1347.3882976046607,26.95,21.73,63,strength,0.208991119140517
REX,2014-08-01,2014-08-29,476.0,14.375,18.086666107177734,1717.0280670166012,28.92,452.87,20,strength,0.2501751076218529
SWKS,2014-06-24,2014-09-02,189.0,36.73051834106445,44.946734611704954,1503.1805479742752,28.64,396.46,48,strength,0.2158776829360769
VMRK,2014-07-31,2014-09-11,389.0,36.10772705078125,35.94016623080652,-150.04115897017073,42.35,0.0,29,sma,-0.010649966671756123
UDR,2014-08-01,2014-09-15,728.0,18.78767204284668,18.417245722234547,-352.18036140563345,40.92,0.0,30,sma,-0.025670965084589995
REX,2014-08-01,2014-09-15,476.0,14.375,14.831666946411133,171.51846649169875,25.05,0.0,30,sma,0.024990651951457606
AA,2014-02-04,2014-09-16,247.0,25.300344467163086,35.74775047778213,2531.7101568338576,29.47,580.52,155,sma,0.4038772301607269
CENX,2014-09-16,2014-09-26,524.0,26.959999084472656,24.540000915527344,-1350.3490405273424,39.55,0.0,8,stop,-0.0952979504413082
MAR,2014-03-27,2014-10-02,81.0,48.43410873413086,60.51071328925805,945.0264596485322,19.65,0.0,131,sma,0.24005602258426087
SWKS,2014-06-24,2014-10-02,190.0,36.73051834106445,42.210305087786764,992.5538090540203,27.45,154.88,70,sma,0.1417943298918283
GBX,2014-09-11,2014-10-02,277.0,52.42927551269531,47.60094673755775,-1421.5170707131056,40.36,0.0,15,stop,-0.09758730147169435
R,2014-09-15,2014-10-07,219.0,65.166015625,63.03545807145706,-551.5821042259049,41.91,0.0,16,egg,-0.03853327154743711
TDG,2014-09-15,2014-10-07,120.0,118.73397064208984,114.19684270932603,-629.1353519316581,41.66,0.0,16,egg,-0.04402288886244306
SAIA,2014-08-01,2014-10-08,299.0,45.65999984741211,48.08000183105469,638.7105931091301,43.34,0.0,47,sma,0.04664208110907421
LUV,2014-05-16,2014-10-10,301.0,21.42448616027832,27.223880449846018,1697.8997443878288,27.89,0.0,102,sma,0.2624834119001786
PANW,2014-10-08,2014-10-14,800.0,17.040000915527344,15.119999885559082,-1615.1208239746084,37.64,0.0,4,stop,-0.11812067867583377
REGN,2014-10-08,2014-10-15,38.0,356.7830810546875,320.97110133495147,-1440.035229349969,37.89,0.0,5,stop,-0.10589236296266254
KDP,2014-08-08,2014-10-16,1860.0,7.3039164543151855,7.461529964050234,209.7011281071882,42.1,0.0,48,sma,0.015389050950212575
KR,2014-07-30,2014-10-17,716.0,19.63916778564453,20.429124725110817,479.0891686578616,43.97,0.0,56,sma,0.03396785127093798
PPC,2014-10-08,2014-10-17,672.0,20.285655975341797,17.532236695794026,-1928.6277558561014,36.85,0.0,7,stop,-0.14104919031643862
LLY,2014-09-26,2014-10-20,264.0,53.07496643066406,50.76488228127094,-693.1922154397835,40.9,0.0,16,egg,-0.04932270587236945
CNC,2014-10-02,2014-11-13,339.0,20.172500610351562,24.19499969482422,1314.9221896362305,27.91,0.0,30,strength,0.1916999433936693
GILD,2014-11-07,2014-12-02,186.0,73.0584945678711,69.43471905609454,-755.0822451904405,39.69,0.0,16,egg,-0.05539753458412311
XPO,2014-11-10,2014-12-03,1019.0,13.356879234313965,13.177035331726074,-265.6609367370602,40.97,0.0,16,egg,-0.019459360281771997
IRM,2014-10-02,2014-12-03,404.0,16.934125900268555,20.272472625299123,1300.0070769123495,27.88,0.0,43,strength,0.18944487457245093
CENX,2014-11-11,2014-12-04,499.0,27.440000534057617,27.100000381469727,-252.50007614135575,41.21,0.0,16,egg,-0.018384780699983633
STE,2014-10-13,2014-12-10,112.0,49.693546295166016,59.64934874606887,1073.3534300566744,24.1,0.0,41,strength,0.19224446109624266
EHC,2014-11-06,2014-12-11,507.0,26.719654083251953,25.636775493796154,-630.1794448540895,39.89,0.0,24,sma,-0.04637718586603234
COO,2014-11-11,2014-12-11,242.0,39.92029571533203,39.830490678417185,-84.78281893339226,31.5,0.0,21,sma,-0.008747475331875438
VRTX,2014-10-02,2014-12-17,130.0,104.80000305175781,110.37000274658203,639.3699603271489,43.27,0.0,53,sma,0.046787297446649716
STE,2014-10-13,2015-01-16,113.0,49.693546295166016,55.54868403687869,620.787009257976,23.09,0.0,66,sma,0.11020296688653014
ANIP,2014-12-04,2015-01-22,259.0,53.45000076293945,53.619998931884766,-40.10047424316508,42.12,0.0,32,sma,-0.0028879262825919185
ISRG,2014-12-03,2015-01-26,240.0,57.62333297729492,57.49444580078125,-114.80292236328023,41.9,0.0,35,sma,-0.008276130464718062
NCLH,2014-12-11,2015-01-30,309.0,43.72999954223633,44.0,0.8601414489749004,41.39,0.0,33,sma,6.346151123869528e-05
AXON,2015-01-22,2015-02-13,513.0,27.440000534057617,27.3700008392334,-120.99984344482436,42.5,0.0,16,egg,-0.008569812625187736
IRM,2014-10-02,2015-02-20,404.0,16.934125900268555,20.28304509764614,1304.2683557405444,27.89,0.0,96,sma,0.1900658538328431
SWKS,2014-12-17,2015-02-24,121.0,55.807533264160156,67.87726745855593,1411.9428169457578,27.93,0.0,45,strength,0.20845787226502394
MNST,2014-12-02,2015-03-02,378.0,18.26333236694336,23.696666717529297,2003.0503845214835,29.79,303.48,60,strength,0.28927005418304663
ACAD,2015-01-21,2015-03-06,217.0,32.470001220703125,39.0,1367.1347351074228,28.56,360.58,31,strength,0.19344498134229143
ACAD,2015-01-21,2015-03-16,217.0,32.470001220703125,34.0,284.85473510742213,25.84,75.13,37,sma,0.04030598996798137
ULTA,2014-11-06,2015-03-16,55.0,122.08000183105469,150.0,1487.094899291992,28.02,392.22,87,strength,0.22080479132979725
BYD,2015-02-13,2015-03-26,1087.0,13.400474548339844,12.784575908602148,-755.4418213948738,42.14,0.0,28,sma,-0.0517066938990737
SHW,2015-02-09,2015-03-27,174.0,81.93630981445312,83.92337692270239,258.79967683537143,43.91,0.0,33,sma,0.018097932770539744
CVS,2015-03-16,2015-04-08,206.0,74.92353057861328,74.10534390424128,-260.096454920631,45.56,0.0,16,egg,-0.016801839008899925
IBKR,2015-02-20,2015-04-16,1971.0,7.4815754890441895,7.599161857858291,142.6527329325927,44.84,0.0,38,sma,0.00964491830346781
LEG,2014-12-11,2015-04-17,495.0,27.340700149536133,29.140901380284777,806.40960922058,43.46,50.73,86,sma,0.05940456289406621
DLTR,2015-01-26,2015-04-20,203.0,70.36000061035156,79.79000091552734,1823.2900619506836,47.89,480.89,58,sma,0.12726970996348594
WT,2015-03-27,2015-04-28,909.0,16.759109497070312,15.740558326562155,-1014.5230139919149,43.17,0.0,21,sma,-0.06639756868100825
CNC,2014-10-02,2015-04-30,339.0,20.172500610351562,31.959999084472656,3940.676982727051,34.49,771.77,144,sma,0.5745036173817236
BMRN,2015-04-08,2015-04-30,124.0,123.63999938964844,116.33999633789062,-994.4003784179677,43.47,0.0,16,egg,-0.06466765709976649
SWKS,2014-12-17,2015-05-01,122.0,55.807533264160156,75.66735409273939,2371.683161662798,30.48,363.26,92,sma,0.3472829021423289
COLM,2015-03-26,2015-05-04,299.0,51.085845947265625,50.55884123679686,-248.35440843016113,45.19,0.0,26,sma,-0.01621085032846484
MMS,2015-04-16,2015-05-08,262.0,58.344974517822266,57.86432501352017,-216.85017012714889,45.3,0.0,16,egg,-0.014143629214610017
MNST,2014-12-02,2015-05-11,378.0,18.26333236694336,21.540000915527344,1189.8607113647458,27.76,191.13,109,sma,0.17183345716437562
LULU,2015-04-20,2015-05-12,227.0,66.19000244140625,65.52999877929688,-239.3708312988274,44.59,0.0,16,egg,-0.015883834966879326
ULTA,2014-11-06,2015-05-15,55.0,122.08000183105469,149.41000366210938,1454.7251007080085,27.94,320.55,130,sma,0.2159985031600732
DY,2015-04-28,2015-05-20,307.0,49.029998779296875,53.41999816894531,1254.29981262207,48.4,330.82,16,egg,0.08308140055780472
CRUS,2015-05-01,2015-06-09,406.0,35.79999923706055,34.970001220703125,-423.6091946411125,42.89,0.0,26,sma,-0.029057038883292127
CRH,2015-05-15,2015-06-09,561.0,21.737340927124023,20.898383737331688,-545.2549834734982,36.71,0.0,16,egg,-0.04457414903424156
AKAM,2015-04-30,2015-06-10,201.0,73.77999877929688,73.25,-195.20975463867035,44.21,0.0,28,sma,-0.01312400678076502
MSCI,2015-05-11,2015-06-11,269.0,54.31719207763672,54.459374217718796,-49.70300431792202,44.02,0.0,22,sma,-0.0033914800828026806
KMX,2015-04-17,2015-06-16,216.0,70.61000061035156,71.56999969482422,115.77980224609382,46.05,0.0,41,sma,0.007568647861697989
IART,2015-06-09,2015-07-01,480.0,30.9222412109375,30.48372459411621,-298.97797607421853,43.98,0.0,16,egg,-0.020082907573490016
RVTY,2015-05-04,2015-07-06,290.0,50.23705291748047,50.111611122589544,-123.928120518367,43.73,0.0,43,sma,-0.008480928405340043
APTV,2015-06-11,2015-07-06,209.0,69.6059799194336,67.53588030655608,-519.1108190914019,42.69,0.0,16,egg,-0.035576443286137426
RNG,2015-05-08,2015-07-07,864.0,16.949073791503906,17.496140090760896,383.46528255803787,45.19,0.0,40,sma,0.026107368454399683
FTNT,2015-05-20,2015-07-07,1908.0,7.757999897003174,8.128000259399414,615.3806914520264,46.17,0.0,32,sma,0.04144906122391525
ACIW,2015-06-09,2015-07-07,495.0,24.40999984741211,23.8700008392334,-341.849509048463,36.94,0.0,19,sma,-0.02820410205293709
SCI,2015-06-10,2015-07-09,604.0,24.242589950561523,24.16787285167675,-133.0291277264023,43.89,0.0,20,sma,-0.0090578978495563
MMSI,2015-04-30,2015-07-27,382.0,19.40999984741211,25.280000686645508,2188.5653205871577,31.54,177.38,60,strength,0.294286407055226
CNMD,2015-06-16,2015-07-28,295.0,50.423831939697266,51.32219786892204,175.1779491213074,45.25,46.2,29,sma,0.011741448117575545
JLL,2015-07-06,2015-07-28,81.0,169.94830322265625,166.78738238232566,-339.0145880667769,41.17,0.0,16,egg,-0.024552712573667066
EPAM,2015-07-07,2015-07-29,198.0,74.33000183105469,72.75,-400.4403625488285,43.41,0.0,16,egg,-0.027127293221899093
CRI,2015-07-07,2015-07-30,182.0,81.21235656738281,76.71310066224797,-905.5145747345414,42.3,0.0,17,sma,-0.06108024568041199
AMN,2015-07-09,2015-07-31,476.0,30.479999542236328,29.010000228881836,-785.3096731567384,41.92,0.0,16,egg,-0.05396519998182489
LGND,2015-07-01,2015-08-10,247.0,60.567684173583984,58.633811950683594,-566.0764390563963,43.61,0.0,27,sma,-0.0377258087528209
PANW,2015-07-28,2015-08-13,486.0,31.13833236694336,28.559999465942383,-1340.3997898864745,42.1,0.0,12,stop,-0.08830934306657783
LAD,2015-07-29,2015-08-20,143.0,105.84091186523438,101.85057670346478,-659.6679281330507,43.81,0.0,16,egg,-0.04345498141978424
TYL,2015-07-30,2015-08-21,108.0,140.22000122070312,137.24000549316406,-411.5495385742197,44.45,0.0,16,egg,-0.027095200019625926
SEIC,2015-05-12,2015-08-24,359.0,40.768795013427734,42.21757525954053,430.83210835449427,45.29,0.0,72,sma,0.02934826143422153
ULTA,2015-07-06,2015-08-24,94.0,157.22999572753906,143.0,-1422.9695983886722,41.0,0.0,35,sma,-0.09599113037464306
FISV,2015-07-07,2015-08-24,299.0,42.47999954223633,40.630001068115234,-630.0695437622071,37.77,0.0,34,sma,-0.04945340790797982
HAS,2015-07-31,2015-08-24,280.0,54.82268142700195,48.6051688511169,-1828.1035212478164,41.42,0.0,16,egg,-0.11873785336378125
JLL,2015-08-10,2015-08-24,85.0,174.5433349609375,152.02665744880798,-1998.1175885310076,39.71,0.0,10,stop,-0.13427601864483799
MMSI,2015-04-30,2015-08-25,382.0,19.40999984741211,22.219999313354492,1022.5647959899898,28.62,0.0,81,sma,0.13749962907770114
FTNT,2015-08-13,2015-08-25,1607.0,9.300000190734863,8.562000274658203,-1272.5258651351924,41.8,0.0,8,stop,-0.0848924432326073
SCI,2015-08-20,2015-08-25,589.0,25.670578002929688,24.159565556401667,-978.1563310050042,42.97,0.0,3,stop,-0.06450018709876783
BLDR,2015-07-28,2015-08-26,1173.0,12.899999618530273,13.850000381469727,1021.1008949279785,48.02,0.0,21,sma,0.06727980724911227
CENTA,2015-10-27,2015-11-04,973.0,13.984000205993652,12.232000350952148,-1783.265858955383,37.15,0.0,6,stop,-0.1306627469851234
ELS,2015-10-28,2015-11-19,577.0,23.559114456176758,23.047127489401824,-377.44647982913557,40.65,0.0,16,egg,-0.027682198987343646
BLKB,2015-10-30,2015-11-23,219.0,60.95417785644531,59.39867120530962,-421.34595659871775,39.92,0.0,16,egg,-0.03146783399032464
HOMB,2015-10-27,2015-12-04,834.0,16.299407958984375,16.286575862408377,-93.44196854438269,41.36,0.0,27,sma,-0.0068530529924618645
SBUX,2015-11-04,2015-12-04,241.0,49.27779769897461,47.76178388730981,-438.6293286112177,36.18,0.0,21,sma,-0.03681926329409511
SNX,2015-10-27,2015-12-14,335.0,40.53019714355469,40.37045407216477,-136.06392891562245,41.21,0.0,33,sma,-0.009990775246289933
CDW,2015-11-19,2015-12-14,333.0,39.662689208984375,37.54130554199219,-785.4907611083981,38.65,0.0,16,egg,-0.059290843783362294
AIZ,2015-10-29,2015-12-15,204.0,66.6439208984375,67.04356333816528,-1.452942295531102,41.59,0.0,32,sma,-0.0001065460839348048
META,2015-11-23,2015-12-16,122.0,106.01898193359375,104.45274515312961,-270.08088721662534,39.26,0.0,16,egg,-0.020816997511449546
SKYW,2015-10-29,2015-12-21,751.0,18.142406463623047,19.18186748641076,695.7652281135724,43.41,0.0,36,sma,0.05091061719243877
JKHY,2015-12-04,2015-12-29,164.0,69.50634002685547,69.17200683222786,-126.49064391892716,35.76,0.0,16,egg,-0.011061767401056065
TYL,2015-10-29,2016-01-04,80.0,170.11000061035156,172.5,107.87995117187529,41.9,0.0,44,sma,0.007903165720843952
GOOGL,2015-12-04,2016-01-05,350.0,38.61806106567383,37.86920900632644,-343.8282207715856,40.54,0.0,20,sma,-0.02536071785686893
RNG,2015-12-17,2016-01-08,574.0,23.5436954498291,21.086876409686646,-1489.0641290417698,37.66,0.0,14,stop,-0.10985129757771323
LDOS,2015-12-17,2016-01-11,382.0,35.42323303222656,32.70360694504599,-1118.7571653029772,38.63,0.0,15,stop,-0.0824257713285193
ABCB,2015-12-17,2016-01-11,387.0,29.952150344848633,27.473470898373304,-1029.6089457859507,33.98,0.0,15,stop,-0.08854671043924396
MSCI,2015-12-17,2016-01-12,215.0,62.88322067260742,60.91395700635526,-504.73168824421555,40.14,0.0,16,egg,-0.03721910239206461
EXR,2015-10-30,2016-01-21,256.0,53.00568389892578,57.3171172188565,1018.326929902265,44.08,0.0,55,sma,0.07481770318421485
STZ,2015-10-28,2016-02-08,118.0,114.27149963378906,114.72096830756765,-29.312696494127522,41.24,0.0,69,sma,-0.002167273789170771
OGS,2016-03-16,2016-04-08,291.0,43.938880920410156,43.814677001402046,-114.79334043136078,39.28,0.0,16,egg,-0.008950339985928148
TXNM,2016-03-16,2016-04-08,519.0,24.689422607421875,24.218257314358688,-322.7847870997939,38.82,0.0,16,egg,-0.025113106013021018
JBSS,2016-03-14,2016-04-14,311.0,41.38702392578125,40.2331884277394,-437.1028398910148,38.68,0.0,22,sma,-0.033855218097425005
MXL,2016-04-08,2016-04-20,710.0,18.309999465942383,16.0,-1715.7996208190907,35.8,0.0,8,stop,-0.13157972934905
MAT,2016-03-14,2016-04-22,424.0,30.40359878540039,28.736124393856862,-784.4991420144561,37.86,0.0,28,sma,-0.06066924076139294
SR,2016-03-14,2016-04-22,287.0,44.78193283081055,43.745568051471786,-375.75669167022534,38.79,0.0,28,sma,-0.029146626033549342
HSIC,2016-03-14,2016-05-02,195.0,66.00784301757812,66.2196044921875,-37.96651245117209,39.68,0.0,34,sma,-0.002940608069295857
TSN,2016-04-08,2016-05-02,234.0,52.70763397216797,51.06703650985078,-459.39980618222216,37.27,0.0,16,egg,-0.037132769611574454
BRKR,2016-03-16,2016-05-05,489.0,26.200214385986328,25.902809300063378,-223.93108701632264,39.07,0.0,35,sma,-0.017424733686874295
RES,2016-05-02,2016-05-05,1009.0,12.518990516662598,11.662698234724644,-939.7989124753949,36.82,0.0,3,stop,-0.07417137621406436
CCOI,2016-04-14,2016-05-06,527.0,23.59992790222168,23.483252657072704,-138.31785419351036,38.34,0.0,16,egg,-0.011087024080500338
TTC,2016-04-20,2016-05-12,297.0,37.92323684692383,37.61648501994016,-161.99529261415046,35.33,0.0,16,egg,-0.014337438210147014
AMAT,2016-04-22,2016-05-16,668.0,18.817310333251953,17.42608084806011,-1004.6612961081519,36.5,0.0,16,egg,-0.07967947993047075
SMTC,2016-04-22,2016-05-16,529.0,22.75,21.06999969482422,-961.4801614379885,35.27,0.0,16,egg,-0.07964389056529596
ISRG,2016-05-02,2016-05-24,171.0,70.37333679199219,70.34666442871094,-79.51097412109266,37.47,0.0,16,egg,-0.006586766834569606
CWT,2016-03-16,2016-06-09,308.0,20.807172775268555,25.23420395244098,1316.9756025691067,26.83,0.0,59,strength,0.2048705905634956
EPR,2016-03-15,2016-06-22,191.0,33.64276885986328,40.32893255233236,1230.6322652615945,26.66,0.0,69,strength,0.19092790348701422
ASTE,2016-05-05,2016-06-24,148.0,42.44801330566406,48.98612443080387,922.7154465206913,25.52,0.0,35,strength,0.14642300337557762
RS,2016-05-05,2016-06-28,197.0,59.64347839355469,59.85535862544439,-31.90959431772899,36.88,0.0,37,sma,-0.0027072921480673826
AWK,2016-03-16,2016-06-30,114.0,55.95146179199219,67.40819762504498,1259.828976671075,26.61,0.0,74,strength,0.19690687116453853
ASTE,2016-05-05,2016-07-25,148.0,42.44801330566406,48.07249037084902,787.8276056473742,25.19,0.0,55,sma,0.12501804819249
ALGN,2016-05-06,2016-08-02,82.0,74.69999694824219,89.31999969482422,1154.1152252197262,25.71,0.0,60,strength,0.18783159539573455
TXRH,2016-05-16,2016-08-03,268.0,37.54380798339844,35.63872569425419,-574.3920534906574,31.28,0.0,55,sma,-0.05690266703143847
EVRG,2016-05-24,2016-08-04,329.0,36.32755661010742,37.64801067696279,358.77938799541516,38.37,0.0,50,sma,0.02992559910629541
BKH,2016-05-16,2016-08-05,302.0,41.702186584472656,42.61702371833723,197.81081442710092,39.58,0.0,57,sma,0.01565832279633872
AWK,2016-03-16,2016-08-08,115.0,55.95146179199219,64.30179326719936,914.597027945767,25.89,0.0,100,sma,0.14170529384252192
CWT,2016-03-16,2016-08-09,308.0,20.807172775268555,25.803143902807875,1491.7691072821099,27.27,0.0,101,sma,0.23206171579570126
CLF,2016-08-09,2016-08-11,1884.0,7.291355609893799,6.694790963569935,-1204.5977936741583,38.93,0.0,2,stop,-0.0874249252779583
EPR,2016-03-15,2016-08-17,191.0,33.64276885986328,42.41458134438634,1628.0011845439049,27.65,0.0,108,sma,0.2525781761241815
CDE,2016-08-17,2016-08-25,897.0,15.222905158996582,12.60584434212312,-2424.7135527354967,35.67,0.0,6,stop,-0.17703179965642793
DHR,2016-08-04,2016-08-26,200.0,68.33383178710938,68.03056310641239,-143.64373613939642,41.42,0.0,16,egg,-0.010478568105868355
WYNN,2016-08-05,2016-08-29,158.0,86.23048400878906,79.41123346537582,-1157.6715858592925,38.77,0.0,16,egg,-0.08471257501219236
MLM,2016-08-08,2016-08-30,73.0,186.1371307373047,176.470313506291,-786.6576578639997,39.61,0.0,16,egg,-0.057717785143251314
AXON,2016-08-11,2016-09-02,467.0,29.1200008392334,26.969999313354492,-1084.3407125854483,38.89,0.0,16,egg,-0.07949455306645418
MKTX,2016-06-29,2016-09-06,52.0,128.46865844726562,156.38208801854861,1403.3683377067164,27.73,0.0,47,strength,0.20943388410556152
NHI,2016-05-12,2016-09-07,144.0,38.68684768676758,46.532236436896916,1087.9609800186254,24.15,0.0,81,strength,0.19467745047773172
BDC,2016-08-03,2016-09-08,200.0,68.53428649902344,67.01108218711296,-387.2208623820952,40.91,0.0,25,sma,-0.028164533839751413
AMD,2016-07-25,2016-09-09,2065.0,6.699999809265137,6.230000019073486,-1052.0995667457573,39.56,0.0,33,sma,-0.07581339252315715
NHI,2016-05-12,2016-09-12,144.0,38.68684768676758,43.59962499642946,666.7149325913106,23.1,0.0,84,sma,0.11930056836237554
EXEL,2016-08-29,2016-09-21,608.0,10.979999542236328,14.720000267028809,2223.762207313104,29.77,0.0,16,strength,0.3320917720011645
CRUS,2016-09-02,2016-09-27,248.0,52.150001525878906,51.220001220703125,-309.53007568359317,39.16,0.0,16,egg,-0.023859688339847543
MKTX,2016-06-29,2016-10-03,52.0,128.46865844726562,150.4022438301642,1093.1964399107264,26.95,0.0,66,sma,0.16314489243430777
ALGN,2016-05-06,2016-10-04,82.0,74.69999694824219,90.58000183105469,1257.1754003906244,25.97,0.0,104,sma,0.2046045801905831
VEEV,2016-09-12,2016-10-07,316.0,40.79999923706055,38.810001373291016,-706.5293249511706,38.06,0.0,19,sma,-0.05463237288911887
IFF,2016-08-26,2016-10-12,125.0,106.76819610595703,106.22475107854068,-149.300628427045,40.6,0.0,32,sma,-0.011152828877692112
EXEL,2016-08-29,2016-10-13,609.0,10.979999542236328,11.449999809265137,240.97839598126757,24.83,0.0,32,sma,0.03592809300476082
XNCR,2016-10-03,2016-10-13,552.0,24.579999923706055,20.959999084472656,-2075.8804632568354,36.32,0.0,8,stop,-0.15253194609056372
TTMI,2016-08-25,2016-10-17,1256.0,10.670000076293945,11.149999618530273,519.5694250488286,42.41,0.0,36,sma,0.03865147952117573
AMPH,2016-10-04,2016-10-17,690.0,19.610000610351562,18.010000228881836,-1183.7002632141102,38.47,0.0,9,stop,-0.08721550902356122
CVLT,2016-09-08,2016-10-19,255.0,52.41999816894531,51.81999969482422,-234.25961090087912,40.44,0.0,29,sma,-0.017471734546354915
PTC,2016-09-09,2016-10-27,307.0,43.209999084472656,46.0,773.2702810668943,42.7,0.0,34,sma,0.05811427581336382
HLIT,2016-10-17,2016-10-28,2371.0,5.449999809265137,4.650000095367432,-1971.4593216514586,34.96,0.0,9,stop,-0.15209941561728146
EZPW,2016-10-07,2016-10-31,1285.0,10.460000038146973,9.949999809265137,-735.7102941131598,39.36,0.0,16,egg,-0.05456941362534244
OKE,2016-08-30,2016-11-03,520.0,25.781484603881836,25.952625604992328,6.93332057745647,41.14,0.0,46,sma,0.0005155923274768226
PKG,2016-09-27,2016-11-03,223.0,60.872920989990234,59.92317991367641,-293.94226001798233,40.81,0.0,27,sma,-0.021588001631166594
AGX,2016-10-12,2016-11-03,294.0,45.14546203613281,43.29084979161684,-625.0559998876943,39.22,0.0,16,egg,-0.046949580328211594
MTCH,2016-10-27,2016-11-03,749.0,16.75035285949707,14.301310475482996,-1907.2827456265422,34.18,0.0,5,stop,-0.1515546632670416
CPRT,2016-10-13,2016-11-04,1950.0,6.735000133514404,6.482500076293945,-571.6051115798946,39.0,0.0,16,egg,-0.04339059233270327
RBA,2016-10-13,2016-11-04,255.0,29.567468643188477,28.52665053295175,-317.2486181103659,25.59,0.0,16,egg,-0.04193107663310609
SNPS,2016-10-17,2016-11-08,216.0,59.75,58.75,-294.78000000000065,39.12,0.0,16,egg,-0.022770565579507004
WAFD,2016-11-03,2016-11-28,294.0,20.440343856811523,24.476096181394244,1142.403017043618,25.39,0.0,16,strength,0.18951045874992167
CRUS,2016-11-03,2016-12-02,219.0,54.93000030517578,49.65999984741211,-1226.1901002502436,34.59,0.0,20,stop,-0.10161397758367155
DMC,2016-11-03,2016-12-02,238.0,50.50678253173828,47.34720368011606,-824.9997666860891,35.57,0.0,20,sma,-0.0684189228130507
POWI,2016-11-04,2016-12-02,362.0,28.92131805419922,28.74878587168169,-129.44665007134427,33.42,0.0,19,sma,-0.0123246287876961
QCOM,2016-11-08,2016-12-02,234.0,52.40459442138672,49.47248898795349,-760.5126714233757,36.34,0.0,17,sma,-0.06182660349762037
KWR,2016-10-28,2016-12-02,64.0,96.10548400878906,116.73118948062584,1274.9189486471669,26.08,0.0,24,strength,0.20663871304714712
CSX,2016-10-19,2016-12-08,718.0,9.054906845092773,10.87664747791381,1261.1347743655042,26.92,0.0,35,strength,0.19338470368830993
BOH,2016-11-04,2016-12-09,116.0,51.81429672241211,62.39758677142388,1183.4522894621896,25.5,0.0,24,strength,0.19628783497592933
PPLI,2016-10-31,2017-01-03,1080.0,11.51658821105957,11.688157081604004,107.84438018798937,38.96,0.0,43,sma,0.0086438663919546
EME,2016-12-05,2017-01-10,191.0,67.1841812133789,65.1997016208674,-457.0456021696973,38.53,0.0,24,sma,-0.03550790274629322
STX,2016-12-05,2017-01-12,489.0,26.285404205322266,25.098994419560768,-657.7643852373731,38.08,0.0,26,sma,-0.051016804328225585
UCTT,2016-12-05,2017-01-12,648.0,9.90999984741211,11.920000076293945,1256.0203873285373,26.71,0.0,26,strength,0.194990934189153
KWR,2016-10-28,2017-01-20,65.0,96.10548400878906,114.23711062632236,1133.2519316900525,25.96,0.0,56,sma,0.180851534398156
BOH,2016-11-04,2017-01-24,117.0,51.81429672241211,61.09280227199032,1041.4445055238266,25.27,0.0,53,sma,0.171258009196582
FIBK,2017-01-03,2017-01-26,477.0,27.039718627929688,26.591508740719732,-292.54611619914795,39.11,0.0,16,egg,-0.022612110253716396
PFG,2016-11-03,2017-01-30,324.0,37.10527420043945,40.55942199185783,1041.4338844195554,40.25,0.0,58,sma,0.0863574724897191
WAFD,2016-11-03,2017-01-31,295.0,20.440343856811523,24.694030243887163,1210.445650571015,25.61,0.0,59,sma,0.20011721498118945
XYZ,2017-01-24,2017-02-15,900.0,14.65999984741211,14.3100004196167,-394.9794850158687,39.6,0.0,16,egg,-0.029844956024721196
DAN,2017-01-10,2017-02-17,806.0,16.20413589477539,15.721287611463936,-468.3057163490321,39.08,0.0,27,sma,-0.03574693564100578
TPL,2017-01-26,2017-02-17,423.0,32.040313720703125,29.244521977102917,-1262.2299075428891,38.33,0.0,16,egg,-0.09284971429195113
HAL,2017-01-30,2017-02-22,287.0,46.921669006347656,44.437689345714894,-793.2521626016023,39.28,0.0,16,egg,-0.05872640649033937
NTAP,2016-12-05,2017-03-02,230.0,27.86711311340332,34.07678114360865,1381.51651028779,26.99,0.0,59,strength,0.21488312340149146
NFLX,2017-02-15,2017-03-10,951.0,14.22700023651123,14.138999938964844,-165.92828296661355,41.02,0.0,16,egg,-0.012226593046721395
COHR,2017-02-22,2017-03-14,354.0,38.25,34.45000076293945,-1424.339729919433,37.89,0.0,14,stop,-0.10487159091570918
CFG,2017-01-31,2017-03-20,534.0,25.06975746154785,25.29847740089289,40.096447610249015,41.17,0.0,33,sma,0.002986005946002047
CSX,2016-10-19,2017-03-22,718.0,9.054906845092773,13.419931038129969,3082.6423706007063,31.49,0.0,105,sma,0.47269799670346235
PNC,2017-01-20,2017-03-22,154.0,85.50687408447266,85.90764579077188,-19.071157229918754,40.47,0.0,42,sma,-0.0014438681532728968
EVR,2017-03-14,2017-04-05,205.0,66.86408233642578,63.24311683370104,-823.7779280585728,39.81,0.0,16,egg,-0.059916321125928075
MKSI,2017-02-17,2017-04-06,215.0,62.60744094848633,62.348864000931805,-137.55404372422163,40.91,0.0,33,sma,-0.010187943378907549
NTAP,2016-12-05,2017-04-13,231.0,27.86711311340332,31.47243123167307,787.4456219797485,25.58,0.0,89,sma,0.12195023945555422
PH,2017-03-20,2017-04-13,100.0,137.8907470703125,134.70140791174498,-401.88391585675345,41.08,0.0,18,sma,-0.02905686663995174
AMAT,2017-01-12,2017-04-21,219.0,30.035184860229492,36.07985746820259,1276.488301146108,27.15,0.0,68,strength,0.19347032858142657
MRCY,2017-03-10,2017-04-27,354.0,38.15999984741211,37.459999084472656,-329.52027008056575,40.55,0.0,33,sma,-0.024319180224238814
CDP,2017-03-22,2017-04-27,594.0,22.588829040527344,22.23101227236523,-293.8931602882949,40.41,0.0,25,sma,-0.021836660532856527
AEIS,2017-02-17,2017-04-28,111.0,60.3184814453125,73.56584550484969,1422.2244061243227,27.81,0.0,48,strength,0.2117737005300119
AZTA,2017-04-06,2017-05-02,324.0,20.6673641204834,25.869939229584915,1636.844335348892,28.35,0.0,17,strength,0.24369893358288783
OLLI,2017-04-13,2017-05-08,198.0,33.29999923706055,41.04999923706055,1486.5949999999993,27.72,0.0,16,strength,0.2247790016996179
VEEV,2017-04-13,2017-05-23,132.0,50.66999816894531,62.63999938964844,1531.5501611328127,28.07,0.0,27,strength,0.22828769959572437
AEIS,2017-02-17,2017-06-16,112.0,60.3184814453125,70.35195617252597,1076.0421739322128,27.1,0.0,82,sma,0.15879548416485886
AZTA,2017-04-06,2017-06-16,324.0,20.6673641204834,23.67841168111892,928.5594096459099,26.58,0.0,49,sma,0.13824707274368325
UCTT,2016-12-05,2017-06-21,649.0,9.90999984741211,20.31999969482422,6695.939661957351,40.37,0.0,136,sma,1.0379097023836874
OLLI,2017-04-13,2017-06-23,198.0,33.29999923706055,39.400001525878906,1160.7154531860351,26.9,0.0,49,sma,0.17550473452720927
AMAT,2017-01-12,2017-06-28,219.0,30.035184860229492,37.97326322258108,1690.104161354997,28.19,0.0,115,sma,0.2561598152843241
FIVN,2017-06-16,2017-06-30,667.0,23.100000381469727,21.1299991607666,-1402.5408142089836,42.63,0.0,10,stop,-0.09075807423221688
ACLS,2017-06-16,2017-06-30,654.0,23.549999237060547,21.350000381469727,-1527.0092515563956,42.31,0.0,10,stop,-0.09885090893596951
CHE,2017-03-22,2017-07-07,75.0,178.0582275390625,195.3836533812673,1214.5869381653574,44.03,0.0,74,sma,0.09067358689656366
LOPE,2017-04-05,2017-07-07,195.0,69.33999633789062,77.16000366210938,1438.681428222655,45.02,0.0,64,sma,0.10607789891053156
NVR,2017-04-27,2017-07-17,3.0,2106.0,2529.64990234375,1225.0847070312502,26.37,0.0,55,strength,0.1933074041133366
TRU,2017-06-23,2017-07-18,359.0,42.65964889526367,42.57326230122126,-122.31278726122582,45.61,0.0,16,egg,-0.007962810831747156
RNG,2017-06-28,2017-07-21,402.0,37.299896240234375,34.76350402832031,-1106.8596691894527,42.34,0.0,16,egg,-0.073597092656009
VRTX,2017-06-30,2017-07-25,57.0,128.8699951171875,166.94000244140625,2116.768678350033,31.19,0.0,16,strength,0.28730692661255147
VEEV,2017-04-13,2017-07-28,132.0,50.66999816894531,62.150001525878906,1467.0304431152344,27.91,172.36,73,sma,0.21867060811639377
ALG,2017-07-07,2017-07-31,166.0,88.92816925048828,87.98407900168107,-244.93898130199705,43.91,0.0,16,egg,-0.01654279307055884
RH,2017-07-28,2017-08-02,221.0,69.87000274658203,62.650001525878906,-1683.6302697753908,42.01,0.0,3,stop,-0.10871058642282654
ICUI,2017-07-18,2017-08-09,87.0,172.64999389648438,170.85000610351562,-246.10893798828147,44.56,0.0,16,egg,-0.01633592955180749
TOL,2017-04-27,2017-08-11,430.0,32.99866485595703,34.70369311690909,645.5821522093865,44.71,0.0,74,sma,0.04536036611991184
PPLI,2017-07-21,2017-08-14,824.0,18.74751853942871,18.743942260742188,-94.97685363769597,46.01,0.0,16,egg,-0.006129921594867585
LNTH,2017-08-09,2017-08-16,839.0,18.5,16.850000381469727,-1473.2896799469,42.74,0.0,5,stop,-0.09463759450316359
GWRE,2017-07-31,2017-08-22,215.0,72.16000366210938,71.48999786376953,-236.07124664306684,45.83,0.0,16,egg,-0.015171097927395398
ALGN,2017-06-30,2017-09-11,49.0,150.1199951171875,185.61000061035156,1686.7802691650395,30.14,0.0,49,strength,0.22862390655764325
FIZZ,2017-08-02,2017-09-12,203.0,37.86214828491211,46.04513823192579,1607.4619592437766,30.77,0.0,28,strength,0.20851943518611724
TRU,2017-08-11,2017-09-14,343.0,43.90757751464844,42.04529040127041,-727.2644798886649,43.45,0.0,23,sma,-0.0481461550921267
NOVT,2017-06-21,2017-09-20,213.0,36.04999923706055,43.650001525878906,1565.2654875183107,30.64,210.69,63,strength,0.20324045636896562
ADBE,2017-07-07,2017-09-21,104.0,142.22000122070312,150.3800048828125,757.7603808593758,46.5,199.86,53,sma,0.05107833461461556
VRTX,2017-06-30,2017-09-25,58.0,128.8699951171875,151.19000244140625,1242.8221639351223,29.32,327.79,59,sma,0.16577863046958335
UNH,2017-08-14,2017-09-25,91.0,166.96449279785156,167.21736110026816,-67.80898448008884,45.44,0.0,29,sma,-0.004449656944199807
FIZZ,2017-08-02,2017-10-04,203.0,37.86214828491211,39.23862426803805,229.19962457456586,27.31,42.57,44,sma,0.02973169970606483
FSLR,2017-09-21,2017-10-13,328.0,48.7599983215332,47.209999084472656,-601.8897497558592,46.11,0.0,16,egg,-0.037522755947294484
XYZ,2017-09-25,2017-10-17,291.0,27.450000762939453,33.25,1632.5454383619772,31.59,271.84,16,strength,0.20377233899632255
CROX,2017-10-13,2017-11-06,1723.0,9.529999732971191,9.050000190734863,-921.8692112731933,46.38,0.0,16,egg,-0.055977253557537444
EXTR,2017-09-14,2017-11-10,1409.0,11.329999923706055,11.460000038146973,88.09016124725349,47.77,0.0,41,sma,0.005501756376672086
PYPL,2017-09-25,2017-11-17,127.0,62.95478439331055,77.34019923056516,1771.2976843313381,31.96,247.27,39,strength,0.2208890453862403
LOPE,2017-08-16,2017-11-30,97.0,79.1500015258789,95.83000183105469,1564.425029602051,30.64,412.62,74,strength,0.20316033677693143
NOVT,2017-06-21,2017-12-04,213.0,36.04999923706055,47.20000076293945,2319.525325012206,32.53,611.77,115,sma,0.3011766306572573
TTWO,2017-10-04,2017-12-05,157.0,102.9800033569336,101.43000030517578,-338.3804791259754,47.21,0.0,43,sma,-0.02086748555274929
PRGS,2017-11-06,2017-12-05,452.0,38.07002639770508,36.76860867597625,-687.6108102214275,48.95,0.0,20,sma,-0.03984285225720442
YELP,2017-11-10,2017-12-05,377.0,45.97999954223633,42.95000076293945,-1240.9295397949227,47.88,0.0,16,egg,-0.0713785031010977
XYZ,2017-09-25,2017-12-14,292.0,27.450000762939453,35.849998474121094,2395.4836712876813,33.57,33.91,57,sma,0.2979773854218653
LOPE,2017-08-16,2017-12-15,97.0,79.1500015258789,89.12000274658203,915.1851184082025,29.01,241.38,85,sma,0.11884833939044166
ALGN,2017-06-30,2017-12-22,49.0,150.1199951171875,216.3699951171875,3190.25,33.91,841.43,122,sma,0.4324021517376179
TREX,2017-12-05,2017-12-28,609.0,27.440000534057617,27.229999542236328,-225.9306040191659,48.86,0.0,16,egg,-0.013480233436882991
CROX,2017-12-05,2017-12-28,782.0,10.6899995803833,13.029999732971191,1772.4101193237293,32.87,407.88,16,strength,0.21139934837901453
STZ,2017-08-22,2018-01-09,90.0,169.16436767578125,186.83690924434202,1495.6287411704725,49.44,130.72,96,sma,0.09794393925727186
CALY,2017-12-15,2018-01-10,1144.0,14.706822395324707,13.593121470110297,-1369.8138584452845,46.28,0.0,16,egg,-0.0811786533379496
LGIH,2017-12-05,2018-01-17,250.0,66.83999633789062,69.6500015258789,602.4012969970718,50.93,0.0,28,sma,0.035944580185374206
ARCB,2017-12-22,2018-01-18,498.0,34.94252014160156,34.37665792672327,-382.8993830093932,50.2,0.0,16,egg,-0.02193979766763036
PBF,2017-12-04,2018-01-25,644.0,26.750791549682617,27.218665318992482,199.6207074355516,51.22,0.0,35,sma,0.011553475014529668
NVR,2017-04-27,2018-01-26,3.0,2106.0,3374.989990234375,3754.764970703126,32.71,739.57,189,sma,0.5924683129064601
PYPL,2017-09-25,2018-02-05,127.0,62.95478439331055,75.29787342819697,1512.572307430576,31.31,398.94,91,sma,0.18862478962260312
DLTR,2017-12-28,2018-02-06,158.0,108.06999969482422,103.02999877929688,-894.5101446533208,48.1,0.0,26,sma,-0.05223371165636004
UFPI,2018-01-25,2018-02-06,500.0,35.62229919433594,30.707308148300807,-2555.2055230175665,45.78,0.0,8,stop,-0.1430439532622735
CROX,2017-12-05,2018-02-09,782.0,10.6899995803833,12.829999923706055,1616.4002684783936,32.48,0.0,45,sma,0.19279170196025283
NMIH,2017-12-14,2018-02-09,998.0,17.0,18.25,1144.75,52.93,0.0,38,sma,0.06727562938489007
VNOM,2018-01-09,2018-02-09,1261.0,13.769651412963867,13.622540221833253,-286.66721201570545,50.35,0.0,22,sma,-0.016461560122776345
CPRI,2018-01-17,2018-02-09,266.0,64.62999725341797,60.400001525878906,-1223.1288635253914,47.57,0.0,17,sma,-0.0709390878619854
NSP,2018-01-18,2018-02-09,370.0,47.05670166015625,44.64455411436798,-992.1245919416615,48.7,0.0,16,egg,-0.05681650024872322
CZR,2018-01-26,2018-02-13,538.0,33.04999923706055,30.100000381469727,-1686.829384307859,47.88,0.0,12,stop,-0.09459165990293628
ANF,2018-01-10,2018-02-15,519.0,16.60529899597168,20.120752530345325,1765.7653843399203,33.51,0.0,25,strength,0.2042907153717273
BAC,2018-03-14,2018-03-26,631.0,26.445219039916992,24.59389368957341,-1263.5062960668001,46.2,0.0,8,stop,-0.07549607305237835
AMZN,2018-02-05,2018-03-29,233.0,69.5,70.30000305175781,90.17071105957075,48.35,0.0,37,sma,0.005551911910168394
TKO,2018-02-06,2018-04-03,530.0,31.17717170715332,31.829701089819988,247.56057281333415,49.57,0.0,38,sma,0.014937934206128572
MC,2018-03-13,2018-04-05,564.0,29.64657211303711,29.19480323791504,-352.5576455688497,48.56,0.0,16,egg,-0.02102328256209072
EZPW,2018-03-14,2018-04-06,1251.0,13.350000381469727,13.100000381469727,-410.27000000000226,48.37,0.0,16,egg,-0.024493730645441057
ENVA,2018-03-15,2018-04-09,737.0,22.649999618530273,22.200000762939453,-429.07915657043486,48.3,0.0,16,egg,-0.025628631622390277
QLYS,2018-03-15,2018-04-09,218.0,76.30000305175781,74.5,-489.3806652832027,48.0,0.0,16,egg,-0.02933518153686699
EL,2018-02-06,2018-05-02,121.0,123.34527587890625,126.17880276906924,252.57675370972174,45.57,0.0,59,sma,0.016872771284851557
MTCH,2018-04-24,2018-05-02,400.0,41.35956573486328,33.40018090081226,-3273.313933620406,40.8,0.0,6,stop,-0.19727569142218948
AEO,2018-03-14,2018-05-08,1062.0,15.73082447052002,15.970103580562734,155.14441486536452,49.8,0.0,38,sma,0.009259420191018603
HAE,2018-03-26,2018-05-17,108.0,73.9800033569336,89.05999755859375,1573.533889908328,31.45,0.0,37,strength,0.1963604798786211
ANF,2018-01-10,2018-05-23,519.0,16.60529899597168,23.203673170946846,3361.80119681211,37.51,0.0,92,sma,0.38894452090021536
TXRH,2018-05-02,2018-05-24,272.0,54.30537796020508,52.626907228455096,-544.0640390359949,43.19,0.0,16,egg,-0.036722889915272804
NTNX,2018-04-24,2018-05-29,315.0,52.5099983215332,51.959999084472656,-270.319759674072,48.32,0.0,24,sma,-0.016294728458495944
LULU,2018-05-08,2018-06-04,83.0,98.19999694824219,122.62000274658203,1969.9653914418477,32.84,0.0,18,strength,0.2409845346179043
OLLI,2018-04-24,2018-06-06,134.0,61.75,71.5999984741211,1264.124795532227,31.39,0.0,30,strength,0.15232465512321558
NFLX,2018-04-24,2018-06-14,270.0,30.70199966430664,38.426998138427734,2027.984588012696,33.34,210.69,36,strength,0.24392508389455386
ETSY,2018-03-29,2018-06-15,286.0,28.059999465942383,41.689998626708984,3837.211295755863,37.21,1012.06,54,strength,0.47673627029877347
KFY,2018-05-02,2018-06-18,171.0,47.39060592651367,56.467265218080186,1496.6087388578735,31.54,394.73,32,strength,0.1841355939215758
SRPT,2018-05-23,2018-06-20,94.0,88.95999908447266,145.07000732421875,5208.2457745361335,41.49,1373.67,19,strength,0.6210017984092089
FFIV,2018-05-29,2018-06-26,98.0,172.75,170.64999389648438,-304.73059814453154,49.21,0.0,20,sma,-0.017947267197464402
NFLX,2018-04-24,2018-07-20,270.0,30.70199966430664,36.492000579833984,1506.8452471923829,32.03,317.06,61,sma,0.1812426758616031
OLLI,2018-04-24,2018-07-30,134.0,61.75,70.05000305175781,1056.9454089355459,30.87,278.77,67,sma,0.1273599295490353
LULU,2018-05-08,2018-07-30,84.0,98.19999694824219,120.04000091552734,1777.6054230723112,32.61,468.84,57,sma,0.21486454032312288
ENVA,2018-05-24,2018-07-30,519.0,32.54999923706055,31.649999618530273,-565.1998020172123,48.47,0.0,45,breakeven,-0.033358740868019585
CPRT,2018-04-24,2018-07-31,1296.0,12.792499542236328,14.100000381469727,1592.591087646484,53.08,270.97,68,sma,0.09577807607248469
SRPT,2018-05-23,2018-07-31,94.0,88.95999908447266,115.30000305175781,2416.855372924805,34.5,637.45,47,sma,0.2881721788974017
VNOM,2018-07-20,2018-08-15,500.0,19.63684844970703,24.272015713330365,2251.601873569909,37.74,593.86,18,strength,0.22866642145020988
TNC,2018-07-30,2018-08-21,264.0,71.64287567138672,68.50458791324273,-935.7979681500146,52.61,0.0,16,egg,-0.04933457796863369
KFY,2018-05-02,2018-09-06,171.0,47.39060592651367,56.15857985055297,1443.9535410107192,31.41,134.03,88,sma,0.1776571497718757
BLFS,2018-08-21,2018-09-06,802.0,24.139999389648438,20.520000457763672,-3007.579143371582,48.54,0.0,11,stop,-0.15490146410584174
TKO,2018-07-31,2018-09-27,129.0,71.7359848022461,86.4285465344486,1833.2494209830802,35.27,0.0,41,strength,0.19753218617835477
BJRI,2018-07-31,2018-10-04,300.0,62.04166793823242,66.02986485639326,1085.6090754482539,56.92,0.0,46,sma,0.058158365218341064
ETSY,2018-03-29,2018-10-05,287.0,28.059999465942383,46.0,5084.538617497922,40.4,1317.65,132,sma,0.6295035256897917
MSA,2018-07-30,2018-10-08,211.0,89.6644058227539,91.99619033302544,381.3765316672907,55.93,100.59,49,sma,0.0201000711573871
ALRM,2018-09-06,2018-10-08,358.0,55.150001525878906,51.310001373291016,-1484.800054626463,53.32,0.0,22,sma,-0.07498815753083936
HAE,2018-03-26,2018-10-11,109.0,73.9800033569336,105.51000213623047,3376.745350814327,36.15,499.0,139,sma,0.41751641228641
MSFT,2018-07-30,2018-10-11,195.0,97.1722183227539,97.52765729193052,-40.399401010559814,54.94,0.0,52,sma,-0.00212590914447871
TKO,2018-07-31,2018-10-11,130.0,71.7359848022461,74.76004802007107,334.3992607882883,31.7,77.54,51,sma,0.03575427535987892
VNOM,2018-07-20,2018-10-12,501.0,19.63684844970703,24.383615000778303,2311.8918003284634,37.94,609.76,59,sma,0.23432065734715854
SM,2018-09-06,2018-10-12,762.0,25.911497116088867,26.239720294249068,135.95606175807552,57.39,35.86,26,sma,0.006866009753308329
PBF,2018-10-08,2018-10-19,445.0,44.350425720214844,38.47792650802526,-2720.2121494243656,50.21,0.0,9,stop,-0.13743526524113076
TJX,2018-06-26,2018-10-22,453.0,42.580772399902344,48.813885248712744,2705.5801205111093,62.4,0.0,82,sma,0.13986149882293705
MOS,2018-10-11,2018-10-25,667.0,28.293378829956055,25.75744496128209,-1796.397890405533,50.35,0.0,10,stop,-0.0949156114919631
TRGP,2018-10-16,2018-10-25,295.0,43.4213752746582,40.140820601619616,-1044.1836285463833,37.0,0.0,7,stop,-0.08126748538626007
J,2018-10-05,2018-10-29,338.0,59.290122985839844,58.09721834296797,-517.1917692906936,56.49,0.0,16,egg,-0.0257340557216128
ADP,2018-10-08,2018-10-29,156.0,126.0047378540039,117.14304306235765,-1492.054387496817,53.09,0.0,15,stop,-0.07568778281546158
NEO,2018-10-04,2018-10-31,705.0,14.470000267028809,18.25,2596.130520461913,39.57,0.0,19,strength,0.2537625692201949
UVV,2018-10-23,2018-11-14,439.0,42.51454544067383,42.15057948955973,-267.50105253908987,53.66,0.0,16,egg,-0.014291154618209345
PGR,2018-10-19,2018-11-15,306.0,55.59565734863281,50.83594307586171,-1552.6925674679587,46.29,0.0,19,stop,-0.09100189090127635
WBD,2018-10-15,2018-11-19,576.0,32.29999923706055,31.270000457763672,-699.6192968750001,52.43,0.0,25,sma,-0.03749558856708495
NEO,2018-10-04,2018-12-07,706.0,14.470000267028809,14.710000038146973,106.83912969220182,33.36,0.0,44,sma,0.010428354771516163
CALX,2018-11-29,2018-12-18,1915.0,9.770000457763672,9.0,-1579.2108766174315,50.49,0.0,12,stop,-0.08416299128524016
MSA,2018-11-29,2018-12-18,191.0,97.53738403320312,89.82107326542834,-1578.0753566449857,50.29,0.0,12,stop,-0.0844630843318843
MKC,2018-10-15,2018-12-20,323.0,57.548492431640625,60.60014261136216,875.4830080500542,56.33,0.0,46,sma,0.046962850320422495
NRG,2018-10-15,2018-12-21,618.0,30.106414794921875,31.284295933579774,618.2905436905821,55.73,0.0,47,sma,0.03313511974092173
BAH,2018-11-29,2018-12-21,423.0,44.21835708618164,40.391773621240766,-1722.9148056699887,50.11,0.0,15,stop,-0.09184702962047406
HRL,2018-11-29,2018-12-24,518.0,36.07236099243164,33.9269913815893,-1216.7514584163328,51.34,0.0,16,egg,-0.06492944957773318
DOC,2018-11-29,2018-12-24,972.0,19.239572525024414,18.892193162902856,-445.1127399821562,53.31,0.0,16,egg,-0.023732998986317557
AEE,2018-11-29,2018-12-24,343.0,54.51451110839844,54.276255734538395,-189.81159323399334,53.94,0.0,16,egg,-0.010121866664035178
OGS,2018-11-29,2018-12-24,288.0,64.82678985595703,64.22590413533898,-280.77508753800066,53.64,0.0,16,egg,-0.014995308495906565
TNDM,2019-02-05,2019-02-28,203.0,43.5099983215332,61.5,3587.5803407287585,38.61,0.0,16,strength,0.4049960408613558
BURL,2019-02-07,2019-03-08,103.0,169.8800048828125,144.0,-2761.2605029296865,44.48,0.0,20,stop,-0.15734771441632123
NNN,2019-02-14,2019-03-11,498.0,35.55293655395508,35.5461356393785,-106.69685545913671,51.65,0.0,16,egg,-0.006008713230878462
REGN,2019-02-14,2019-03-11,43.0,411.09063720703125,400.37179623636615,-562.9401617385993,50.44,0.0,16,egg,-0.03175342312292814
TWLO,2019-02-19,2019-03-22,80.0,112.56999969482422,135.0,1733.7850244140627,34.4,0.0,23,strength,0.19196418760799333
LLY,2019-02-13,2019-04-15,164.0,108.33229064941406,112.66996063194652,605.9678771353247,53.59,0.0,42,sma,0.03400814580215709
WELL,2019-02-19,2019-04-17,296.0,60.72183609008789,59.138630588681096,-572.1188284164127,51.16,0.0,41,sma,-0.03173854628132248
MPT,2019-02-20,2019-04-17,1713.0,10.465641975402832,10.483015787764675,-74.74865942416363,52.29,0.0,40,sma,-0.004157353831928182
WAT,2019-02-20,2019-04-17,70.0,234.0,241.4199981689453,421.3998718261719,49.65,0.0,40,sma,0.025650772708529578
TNDM,2019-02-05,2019-04-18,203.0,43.5099983215332,55.959999084472656,2465.770154876709,35.8,0.0,51,sma,0.27835673505678327
VMRK,2019-02-13,2019-04-23,321.0,55.22523498535156,56.543823502926145,318.7669141414408,52.78,0.0,47,sma,0.017929385670664898
ACIW,2019-04-17,2019-05-10,555.0,33.709999084472656,31.989999771118164,-1060.5596189117423,51.79,0.0,16,egg,-0.05652332849224412
ALRM,2019-04-18,2019-05-13,275.0,67.12999725341797,61.939998626708984,-1530.7796223449695,49.98,0.0,16,egg,-0.0826809376965218
KEYS,2019-04-18,2019-05-13,206.0,89.83999633789062,84.12000274658203,-1282.7086798095697,50.72,0.0,16,egg,-0.06910881814030198
TWLO,2019-02-19,2019-05-14,80.0,112.56999969482422,126.0,1015.585024414062,32.6,0.0,59,sma,0.11244528670696956
NMIH,2019-03-08,2019-05-14,738.0,24.739999771118164,26.06999969482422,872.9899436950691,55.5,0.0,46,sma,0.04767526879757696
AZO,2019-04-23,2019-05-15,17.0,1047.760009765625,987.3699951171875,-1127.9202490234384,49.36,0.0,16,egg,-0.06313981804265273
TDG,2019-04-15,2019-05-16,55.0,340.0522155761719,336.029392908294,-329.01524673328095,53.6,0.0,22,sma,-0.01754090142017549
SNPS,2019-04-17,2019-05-21,161.0,116.04000091552734,116.38999938964844,-52.01024566650449,54.25,0.0,23,sma,-0.0027758709718353368
CCK,2019-03-11,2019-05-31,354.0,51.52531433105469,51.53473547055104,-102.67491661828899,53.01,0.0,57,sma,-0.005612810035778602
NOW,2019-05-13,2019-06-05,360.0,52.02399826049805,52.4739990234375,53.15027465820094,54.63,0.0,16,egg,0.00282972222708531
CNS,2019-05-21,2019-06-13,475.0,38.39936065673828,37.620019145051266,-475.2572180513307,52.07,0.0,16,egg,-0.02598070890953585
BALL,2019-03-11,2019-06-13,178.0,51.1544189453125,61.60109188134203,1798.2420963387467,34.81,0.0,66,strength,0.19691781281873985
FRPT,2019-05-13,2019-06-26,418.0,44.79999923706055,45.93000030517578,362.72044647216535,55.4,0.0,31,sma,0.019313550491486673
LGIH,2019-05-14,2019-06-26,257.0,70.75,69.0999984741211,-528.7103921508788,51.8,0.0,30,sma,-0.028993293459932446
PAYX,2019-05-14,2019-06-26,200.0,67.39961242675781,67.26350676887121,-109.35113157732121,41.03,0.0,30,sma,-0.008087489810462952
PCTY,2019-05-15,2019-06-26,172.0,96.68000030517578,93.25,-686.4300524902355,47.5,0.0,29,sma,-0.04115798845119526
MSCI,2019-06-05,2019-06-27,83.0,217.23593139648438,215.13306329911876,-279.0580520813455,52.04,0.0,16,egg,-0.015432012972170651
FICO,2019-05-10,2019-07-12,32.0,287.3299865722656,345.44000244140625,1797.8515847355757,35.04,0.0,43,strength,0.19496961655478978
LAD,2019-06-13,2019-07-19,164.0,112.35880279541016,110.51341992537877,-408.8227906851462,52.71,0.0,25,sma,-0.02212206990860651
EEFT,2019-06-26,2019-07-25,114.0,160.22000122070312,155.13999938964844,-683.7902087402363,51.61,0.0,20,sma,-0.037328582680642514
KNSL,2019-06-26,2019-07-30,211.0,86.29657745361328,86.87821650990965,16.575840878536837,53.23,0.0,23,sma,0.0009076933897375644
ENPH,2019-06-27,2019-07-31,510.0,17.920000076293945,26.309999465942383,4211.399688720703,40.95,0.0,23,strength,0.45947136577396425
KTOS,2019-06-26,2019-08-02,823.0,22.18000030517578,21.209999084472656,-902.3910046386736,51.04,0.0,26,sma,-0.04929164362062321
EL,2019-05-16,2019-08-06,118.0,155.56048583984375,160.80278105143995,510.46083496835126,54.84,0.0,56,sma,0.027728229990153817
PAYC,2019-05-31,2019-08-06,88.0,206.4210968017578,219.46228943737728,1039.134951934513,55.68,0.0,46,sma,0.05703933283714457
GPN,2019-06-26,2019-08-06,121.0,149.98001098632812,146.8601518827649,-482.10295153115294,51.83,0.0,28,sma,-0.02648866182895187
FICO,2019-05-10,2019-08-15,33.0,287.3299865722656,327.7699890136719,1272.619003643329,34.44,0.0,67,sma,0.13382817109707654
RMBS,2019-07-30,2019-08-21,1514.0,12.859999656677246,12.4399995803833,-746.4501155090366,54.49,0.0,16,egg,-0.03822828782060865
EBAY,2019-07-19,2019-08-26,544.0,35.839561462402344,34.88586087752977,-629.7931181706772,54.84,0.0,26,sma,-0.03220976736559492
RNR,2019-07-25,2019-08-29,110.0,174.22183227539062,172.9981072009962,-244.88975818338804,54.97,0.0,25,sma,-0.012741593834151748
ENPH,2019-06-27,2019-09-06,510.0,17.920000076293945,25.31999969482422,3707.76980545044,39.68,0.0,49,sma,0.4045244295022699
CTAS,2019-08-06,2019-09-10,316.0,59.73750686645508,58.89205158733515,-375.67386820189495,53.92,0.0,24,sma,-0.019843702138062733
CWST,2019-08-21,2019-09-10,440.0,45.119998931884766,41.220001220703125,-1825.7689929199223,52.74,0.0,13,stop,-0.09170188977088825
CYTK,2019-09-04,2019-09-10,1411.0,13.829999923706055,12.550000190734863,-1913.939623222348,51.67,0.0,4,stop,-0.09779807554247376
BALL,2019-03-11,2019-09-11,179.0,51.1544189453125,66.01296278486184,2596.135033553841,36.94,0.0,128,sma,0.28270343950828536
EFX,2019-08-15,2019-09-11,145.0,133.4147491455078,132.72550494553408,-211.21040899618674,55.51,0.0,18,sma,-0.010886630205472059
ELF,2019-09-06,2019-09-11,1124.0,17.520000457763672,15.970000267028809,-1851.1102143859862,52.28,0.0,3,stop,-0.0937313208624971
ROKU,2019-09-11,2019-09-19,124.0,149.75999450683594,127.80999755859375,-2822.6496215820334,47.02,0.0,6,stop,-0.1515592308672035
LSCC,2019-09-11,2019-09-30,581.0,20.1299991607666,18.399999618530273,-1075.8997340393053,34.13,0.0,13,stop,-0.09170509622296774
FAF,2019-09-10,2019-10-02,403.0,47.09144592285156,46.502603819151716,-346.39336779103905,54.25,0.0,16,egg,-0.018199913860075752
PPC,2019-09-10,2019-10-02,725.0,26.210508346557617,26.09190698320909,-195.5859884276797,54.69,0.0,16,egg,-0.010262925116531292
LDOS,2019-08-02,2019-10-03,265.0,74.55921936035156,75.91467040883173,244.7045278472433,57.69,0.0,43,sma,0.012349463168406004
CMCSA,2019-09-04,2019-10-03,560.0,34.81605529785156,33.86477483550966,-643.6670589114692,54.81,0.0,21,sma,-0.03291887422042428
SHAK,2019-09-11,2019-10-03,189.0,98.87999725341797,92.56999969482422,-1297.8495385742171,51.14,0.0,16,egg,-0.06924656418910163
MEDP,2019-09-10,2019-10-04,236.0,80.48999786376953,78.66999816894531,-538.2299279785148,53.82,0.0,18,sma,-0.02825275423949632
GNRC,2019-08-06,2019-10-21,131.0,72.08000183105469,88.05000305175781,2028.5251599121093,36.24,0.0,53,strength,0.21421026016217765
JBSS,2019-10-02,2019-10-24,250.0,72.17926788330078,70.16854584765366,-606.4505089117774,51.26,0.0,16,egg,-0.033510501848667475
VMC,2019-08-06,2019-10-29,145.0,129.89236450195312,139.13888349190762,1228.4152535434005,57.84,0.0,59,sma,0.06503376949909974
TGT,2019-09-19,2019-11-01,176.0,89.03279876708984,89.18961871656417,-65.60968889251853,46.64,0.0,31,sma,-0.004174615598126144
SEDG,2019-09-30,2019-11-04,127.0,83.72000122070312,84.8499984741211,75.18965118408232,34.34,0.0,25,sma,0.007049192708636163
KNSL,2019-10-03,2019-11-04,177.0,100.25050354003906,93.73882099946432,-1253.2078096817277,48.88,0.0,22,sma,-0.07042036576484717
CCS,2019-10-03,2019-11-05,640.0,27.845272064208984,27.214738334773607,-506.4315868386402,50.94,0.0,23,sma,-0.028335127671747125
BLDR,2019-10-02,2019-11-05,446.0,20.270000457763672,24.639999389648438,1887.8540029039195,34.87,0.0,24,strength,0.20821806486373048
SBRA,2019-10-04,2019-11-08,1356.0,13.104435920715332,12.995132574184447,-251.48533789587964,51.45,0.0,25,sma,-0.014111396549432432
CPB,2019-10-24,2019-11-15,514.0,36.67939376831055,36.56252601923876,-168.9800230228975,54.38,0.0,16,egg,-0.008937082768740794
NXRT,2019-11-01,2019-11-25,507.0,36.84736633300781,36.14843739896968,-461.6769695573312,53.22,0.0,16,egg,-0.024641545635700254
CTAS,2019-11-04,2019-11-26,295.0,62.64784240722656,59.02344794562156,-1173.7263661734723,50.93,0.0,16,egg,-0.06332584345217235
SAIA,2019-11-08,2019-12-03,184.0,98.19999694824219,88.68000030517578,-1852.439382324219,48.19,0.0,16,stop,-0.10222402830058692
UFPI,2019-11-15,2019-12-10,402.0,45.8841552734375,45.4192877377553,-293.43674934424416,53.05,0.0,16,egg,-0.015862354420485423
SO,2019-11-04,2019-12-11,391.0,47.32170104980469,46.952853866513955,-251.17924866667454,53.3,0.0,26,sma,-0.013535957300620252
EW,2019-11-05,2019-12-11,237.0,77.47000122070312,76.41999816894531,-354.8307232666011,52.68,0.0,25,sma,-0.01926994088049051
MLKN,2019-10-03,2019-12-16,473.0,37.66150665283203,38.8566219384373,460.00953009129444,53.35,0.0,51,sma,0.025748018391638806
XPO,2019-11-26,2019-12-19,634.0,29.07939910888672,27.48155403137207,-1117.4837791442878,50.96,0.0,16,egg,-0.06043775618622003
BCC,2019-12-10,2020-01-03,670.0,27.195161819458008,25.49814579238683,-1240.0607381376904,50.11,0.0,16,egg,-0.06786037676106517
PLXS,2019-12-11,2020-01-06,234.0,77.4800033569336,75.54000091552734,-558.2805712890622,51.59,0.0,16,egg,-0.030703349942440415
CNS,2019-12-11,2020-01-06,346.0,52.5020866394043,49.67396118641915,-1081.711406732862,50.37,0.0,16,egg,-0.059374235426025684
RS,2019-12-16,2020-01-09,171.0,105.7707748413086,106.0644116831042,-55.14810005295294,52.74,0.0,16,egg,-0.0030402346083205013
GPI,2019-12-19,2020-01-09,180.0,100.65984344482422,94.05969405589063,-1290.4568900080449,49.73,0.0,13,stop,-0.07101554033630228
CG,2019-12-03,2020-01-24,394.0,23.07994270324707,28.08153754386007,1909.1333672015226,35.06,0.0,35,strength,0.2093363501193829
THC,2020-01-03,2020-01-27,476.0,37.95000076293945,33.619998931884766,-2161.0508715820324,47.41,0.0,15,stop,-0.11928461978095022
MTSI,2020-01-06,2020-01-29,673.0,26.700000762939453,30.530000686645508,2466.4999486541747,58.77,0.0,16,egg,0.13686490178797017
BLDR,2019-10-02,2020-02-03,447.0,20.270000457763672,24.950000762939453,2030.325657130259,35.28,0.0,84,sma,0.22343079931439908
TTMI,2020-01-09,2020-02-03,1193.0,15.020000457763672,14.520000457763672,-699.4099999999999,50.71,0.0,16,egg,-0.038918682523236686
HUM,2020-01-09,2020-02-03,52.0,343.2448425292969,319.3642998725143,-1342.7282181526898,48.92,0.0,16,egg,-0.07500959916601499
GNRC,2019-08-06,2020-02-10,131.0,72.08000183105469,106.2699966430664,4409.384320373534,42.2,0.0,129,sma,0.46562664397180353
NEE,2019-10-29,2020-02-18,191.0,49.172019958496094,59.50910836715489,1911.3950087692338,35.82,0.0,75,strength,0.20292918553753642
CG,2019-12-03,2020-02-21,394.0,23.07994270324707,25.296769754430148,814.6748581661341,32.32,0.0,54,sma,0.08932904545715932
DAR,2020-01-29,2020-02-21,622.0,29.459999084472656,28.56999969482422,-658.619620361329,51.83,0.0,16,egg,-0.03583870131134199
VICR,2020-01-27,2020-02-24,351.0,52.68000030517578,45.5099983215332,-2617.640696258546,47.34,0.0,19,stop,-0.1411560031696181
LRCX,2020-01-06,2020-02-25,668.0,26.887338638305664,28.433511913841617,925.6637480580175,54.88,0.0,34,sma,0.05138852933593772
TDY,2019-11-25,2020-02-26,53.0,340.8800048828125,358.0299987792969,801.539676513672,54.84,0.0,62,sma,0.04423700950900276
KBH,2020-02-03,2020-02-26,525.0,34.094730377197266,32.52503199675842,-926.3316497303931,50.09,0.0,16,egg,-0.05160080569886502
IBP,2020-02-03,2020-02-26,260.0,68.87699127197266,63.968287424863696,-1377.413000248329,48.98,0.0,16,egg,-0.07669257253324131
FBIN,2020-02-21,2020-02-27,349.0,54.75872039794922,49.042711047156175,-2100.257263426771,50.19,0.0,4,stop,-0.10958260337340249
WGO,2020-02-03,2020-02-28,368.0,48.72195053100586,44.86607055972533,-1519.8638294312368,48.68,0.0,18,sma,-0.08452188121206979
GLPI,2020-02-24,2020-02-28,563.0,33.17876052856445,29.57918108699408,-2129.693225604118,49.03,0.0,4,stop,-0.11368221070922341
NEE,2019-10-29,2020-03-02,192.0,49.172019958496094,54.190412337853196,902.8102141211602,33.41,0.0,84,sma,0.09535043247142781
MAA,2020-02-26,2020-03-02,155.0,112.5561752319336,102.97877758969285,-1582.8166345473146,47.3,0.0,3,stop,-0.0904609981906072
THO,2020-02-10,2020-03-04,258.0,71.01102447509766,67.35083819601222,-1048.3680600040425,50.84,0.0,16,egg,-0.05705701162222763
LW,2020-02-25,2020-03-04,216.0,83.33567810058594,76.92797264295348,-1485.4043788486124,48.94,0.0,6,stop,-0.08228062231084671
DVA,2020-02-21,2020-03-10,227.0,84.08999633789062,79.29000091552734,-1197.1189608764653,52.4,0.0,12,stop,-0.06253380448562276
ES,2020-02-26,2020-03-13,238.0,73.48131561279297,67.94175068603313,-1417.36645256884,47.83,0.0,12,stop,-0.08080917148270231
KNSL,2020-02-27,2020-03-13,142.0,121.75385284423828,102.65382953611342,-2806.6633097537288,43.84,0.0,11,stop,-0.161863736653018
QDEL,2020-02-26,2020-03-17,216.0,80.94000244140625,77.45999908447266,-852.0207250976564,49.23,0.0,14,stop,-0.04859207315284347
ENPH,2020-05-27,2020-06-05,276.0,57.86000061035156,53.11000061035156,-1402.369999999999,44.05,0.0,7,stop,-0.0875568460661281
RGEN,2020-05-27,2020-06-09,125.0,128.07000732421875,117.30000305175781,-1437.7305340576168,44.06,0.0,9,stop,-0.08954379855705444
SMG,2020-05-27,2020-06-18,146.0,109.21998596191406,104.9491424581741,-716.5231515460346,45.71,0.0,16,egg,-0.04480121121093336
TSLA,2020-05-27,2020-06-18,146.0,54.68199920654297,66.86666870117188,1723.491746215821,31.81,0.0,16,strength,0.21524189272278602
RRC,2020-06-18,2020-06-23,2607.0,6.429487705230713,5.853712649048998,-1595.8955714657277,45.55,0.0,3,stop,-0.09493177069813434
DPZ,2020-05-27,2020-06-29,46.0,345.01593017578125,337.57589501711783,-435.54161729851694,46.22,0.0,23,sma,-0.02736190097828694
PYPL,2020-05-27,2020-07-02,55.0,144.70677185058594,178.14714803161553,1783.7256899566282,31.9,0.0,26,strength,0.22345542913029728
AMZN,2020-05-27,2020-07-07,66.0,120.51950073242188,152.92750549316406,2082.713314208985,32.63,0.0,28,strength,0.26106125813867714
TWLO,2020-06-05,2020-07-09,37.0,196.7100067138672,245.5,1753.224751586913,30.11,0.0,23,strength,0.24016233769064746
NVDA,2020-05-27,2020-07-10,943.0,8.482068061828613,10.539926128477521,1884.6177191180714,32.25,0.0,31,strength,0.23492287773695508
FTNT,2020-05-27,2020-07-14,610.0,26.229999542236328,26.562000274658203,107.21044677734426,47.91,0.0,33,sma,0.006680736095692543
SAM,2020-06-09,2020-07-16,13.0,533.6599731445312,641.0,1346.2844231951685,28.23,0.0,26,strength,0.1934737678673683
NOW,2020-05-27,2020-07-21,107.0,74.23200225830078,89.44599914550781,1573.0276669311525,31.33,0.0,38,strength,0.19745866736915346
ETSY,2020-07-14,2020-08-05,86.0,103.73999786376953,131.81500244140625,2352.705393676759,35.74,0.0,16,strength,0.26294130377135394
MRNA,2020-07-13,2020-08-12,257.0,71.77999877929688,75.66999816894531,890.1898431396476,56.02,0.0,22,breakeven,0.048115821877250664
ARES,2020-06-23,2020-08-26,527.0,32.08334732055664,32.45516777131599,96.11937755018153,50.16,0.0,45,sma,0.005668220228362995
CHWY,2020-08-12,2020-09-03,178.0,53.150001525878906,68.38999938964844,2647.5396197509763,37.83,0.0,16,strength,0.2790393752100888
TWLO,2020-06-05,2020-09-04,37.0,196.7100067138672,245.14999389648438,1740.3045257568356,30.08,0.0,64,sma,0.2383924838050952
ETSY,2020-07-14,2020-09-04,86.0,103.73999786376953,114.2300033569336,844.175472412111,31.96,0.0,38,sma,0.09434610891971953
PYPL,2020-05-27,2020-09-09,55.0,144.70677185058594,189.36005730592524,2398.8957000436612,33.44,0.0,73,sma,0.30052057393708076
AMZN,2020-05-27,2020-09-09,66.0,120.51950073242188,160.14950561523438,2558.1753222656253,33.82,0.0,73,sma,0.3206588557406068
PZZA,2020-08-26,2020-09-09,244.0,83.18937683105469,74.93782221834192,-2124.6393255019175,53.11,0.0,9,stop,-0.10437227185024388
CHWY,2020-08-12,2020-09-14,178.0,53.150001525878906,54.15999984741211,120.92970123290979,31.5,0.0,22,sma,0.01274547433573356
ODFL,2020-09-09,2020-09-22,202.0,96.84362030029297,87.09795228312025,-2076.3149394688917,51.38,0.0,9,stop,-0.10583334701834662
PTGX,2020-09-04,2020-09-29,995.0,20.520000457763672,20.110000610351562,-523.8098481750458,57.42,0.0,16,egg,-0.025581848486956195
PENN,2020-09-09,2020-10-01,168.0,58.150001525878906,74.37999725341797,2659.874282226563,38.64,0.0,16,strength,0.271489841628279
PINS,2020-09-09,2020-10-02,275.0,35.5099983215332,43.20000076293945,2049.541778464758,37.1,0.0,17,strength,0.20927874669686453
AGNT,2020-09-04,2020-10-06,580.0,17.607194900512695,23.244505405582995,3199.3100929407738,41.1,0.0,21,strength,0.312389823906696
AGNT,2020-09-04,2020-10-26,580.0,17.607194900512695,20.05998453178333,1356.897986136968,36.49,0.0,35,sma,0.13249141553485694
PENN,2020-09-09,2020-10-27,168.0,58.150001525878906,61.43000030517578,489.7147949218743,33.2,0.0,34,sma,0.04998453987271573
TSLA,2020-05-27,2020-10-29,146.0,54.68199920654297,136.65333557128906,11886.875109252931,57.28,2419.31,109,sma,1.4845174064179036
NVDA,2020-05-27,2020-10-29,944.0,8.482068061828613,12.783123951718173,3998.9091977875933,37.57,1054.71,109,sma,0.4979471871491828
CRL,2020-09-22,2020-10-29,94.0,217.3300018310547,221.1999969482422,245.92954101562282,59.38,64.86,27,sma,0.012003888175150976
WST,2020-09-14,2020-10-30,72.0,273.65838623046875,270.8318106512593,-316.3234417030835,56.15,0.0,34,sma,-0.016008219647828916
FND,2020-09-29,2020-11-02,285.0,73.38999938964844,74.41999816894531,173.43965209961243,60.42,0.0,24,breakeven,0.008268543883721809
NOW,2020-05-27,2020-11-03,108.0,74.23200225830078,95.52200317382812,2242.3700988769524,33.19,553.74,112,sma,0.27887344155875476
SAM,2020-06-09,2020-11-11,14.0,533.6599731445312,925.0,5416.466301902487,39.78,1428.59,109,sma,0.7227974817583878
FCX,2020-10-29,2020-11-20,665.0,16.243911743164062,19.896003816511673,2357.456228776162,40.48,621.78,16,strength,0.217619922252366
DY,2020-10-26,2020-11-24,172.0,64.61000061035156,68.3499984741211,575.2896325683578,36.79,151.73,21,strength,0.05162270570928722
DY,2020-10-26,2020-11-27,172.0,64.61000061035156,63.939998626708984,-181.33034118652358,34.89,0.0,23,breakeven,-0.016271391503173447
LSCC,2020-10-29,2020-12-01,310.0,34.7599983215332,42.4900016784668,2325.340444836209,40.33,565.48,22,strength,0.2151851689805051
VRTS,2020-10-29,2020-12-04,84.0,128.07275390625,161.3616795215792,2724.384751687652,41.29,718.56,25,strength,0.25252191215785286
GSHD,2020-11-27,2020-12-08,203.0,114.6951675415039,104.62993332257439,-2166.142546442694,60.5,0.0,7,stop,-0.09278622357588097
WOR,2020-11-02,2020-12-18,759.0,28.043418884277344,28.35967919842707,118.22157843964305,61.21,0.0,33,sma,0.005538460978184357
GRBK,2020-11-03,2020-12-18,547.0,19.75,24.1200008392334,2319.3035275538205,40.38,71.58,32,strength,0.21407723348141816
CROX,2020-11-11,2021-01-07,179.0,55.40999984741211,68.48999786376953,2274.7746449279784,38.05,336.22,38,strength,0.2286921635440945
DAR,2020-12-08,2021-01-07,233.0,50.70000076293945,64.30999755859375,3095.06925338745,44.86,816.32,20,strength,0.2613129696930319
RUSHA,2020-10-27,2021-01-08,487.0,22.425270080566406,27.356687954610972,2329.8923303007305,40.71,614.51,50,strength,0.2127346654690024
GRBK,2020-11-03,2021-01-12,548.0,19.75,22.190000534057617,1268.557224170425,37.8,334.58,47,sma,0.11687718039956636
LSCC,2020-10-29,2021-01-26,311.0,34.7599983215332,41.59000015258789,2053.6611652712127,39.74,541.65,59,sma,0.18943310838879152
PINS,2020-09-09,2021-01-28,276.0,35.5099983215332,67.31999969482422,8697.499271950282,53.85,2293.97,97,sma,0.8848840419945502
VRTS,2020-10-29,2021-01-28,84.0,128.07275390625,167.59449225956484,3246.641021678448,42.59,856.3,61,sma,0.30092959460902213
FCX,2020-10-29,2021-01-28,665.0,16.243911743164062,24.468092058223753,5390.294909514694,48.08,1421.69,61,sma,0.49758529757936415
VC,2020-12-18,2021-01-28,195.0,124.08670806884766,124.99561772507964,52.437382965232246,62.4,13.83,26,sma,0.002161536627776884
JOE,2021-01-12,2021-02-08,312.0,41.11711120605469,51.12370153398671,3043.626102314791,47.28,802.76,18,strength,0.2366796082908854
RUSHA,2020-10-27,2021-02-12,488.0,22.425270080566406,25.53782877869969,1449.306819048019,38.56,382.25,74,sma,0.13206018086648202
PNR,2020-10-30,2021-02-16,469.0,46.135581970214844,50.16517802353012,1765.9905490048586,62.4,465.78,72,sma,0.08138551110604532
TFIN,2021-01-28,2021-02-22,210.0,58.09000015258789,73.69999694824219,3200.8834363510596,46.09,844.23,16,strength,0.2617233566438362
DAR,2020-12-08,2021-02-26,233.0,50.70000076293945,62.40999984741211,2653.479786682128,43.75,699.86,54,sma,0.22403010282223862
ROKU,2021-01-28,2021-02-26,60.0,404.010009765625,391.3999938964844,-881.4009521484404,62.4,0.0,20,breakeven,-0.036267165818958474
COHR,2021-02-16,2021-02-26,285.0,91.94999694824219,83.48999786376953,-2535.89973907471,62.4,0.0,8,stop,-0.09653895775071951
UPWK,2021-02-26,2021-03-04,471.0,53.880001068115234,45.189998626708984,-4216.001149902346,60.61,0.0,4,stop,-0.16572409408100555
JOE,2021-01-12,2021-03-05,313.0,41.11711120605469,44.89316402651463,1108.124612803962,42.53,0.0,36,sma,0.08589510195724212
GIII,2021-01-26,2021-03-09,491.0,25.973426818847656,31.815717242514808,2790.9145980205703,46.45,0.0,29,strength,0.2183104889560434
MTZ,2021-01-28,2021-03-11,154.0,79.05999755859375,96.54000091552734,2616.2514878415604,44.57,0.0,29,strength,0.21433548275071646
RNST,2021-01-28,2021-03-11,384.0,31.863027572631836,38.33439462566667,2409.6455205370257,44.2,340.67,29,strength,0.196440169417412
CROX,2020-11-11,2021-03-24,179.0,55.40999984741211,77.41999816894531,3869.2446995544433,42.05,1020.51,90,sma,0.3889905945609136
CHEF,2021-02-12,2021-03-24,867.0,30.309999465942383,29.540000915527344,-792.3887432098418,62.4,0.0,27,sma,-0.03008176011690208
AZZ,2021-02-26,2021-03-24,529.0,47.91318130493164,46.600226714104004,-819.352978547824,62.4,0.0,18,sma,-0.03224723427653901
MTZ,2021-01-28,2021-03-25,155.0,79.05999755859375,85.20999908447266,881.529265637444,40.42,0.0,39,sma,0.07175304609680719
GIII,2021-01-26,2021-03-30,491.0,25.973426818847656,28.76584190407113,1297.1658068447268,42.71,149.53,44,sma,0.10146670261790851
RNST,2021-01-28,2021-04-21,385.0,31.863027572631836,34.491318280858756,940.0513504957125,40.6,247.94,57,sma,0.07643622210320579
CASH,2021-03-05,2021-04-21,566.0,44.304046630859375,42.82095031504371,-964.2325147516676,62.4,0.0,32,sma,-0.03835681855492875
BFH,2021-03-24,2021-04-21,325.0,77.47138214111328,74.40841143588595,-1120.2654791988862,62.4,0.0,19,sma,-0.04438347404139887
CHRD,2021-03-25,2021-04-29,330.0,37.68510055541992,47.51626927165032,3166.485676356031,46.6,285.37,24,strength,0.2539836169439433
CPRI,2021-02-26,2021-05-04,271.0,46.66999816894531,57.040000915527344,2733.0882028872657,46.04,720.85,46,strength,0.21556512941845132
SONO,2021-04-21,2021-05-07,613.0,41.779998779296875,38.5,-2135.4392517089873,62.4,0.0,12,stop,-0.08317666024822969
KSS,2021-03-04,2021-05-12,643.0,39.838539123535156,42.57327490221323,1633.6351056899985,62.4,0.0,48,sma,0.06361859043329691
RRR,2021-03-24,2021-05-12,481.0,26.193971633911133,31.385144968973282,2420.614374164894,45.14,506.09,34,strength,0.19164833585013213
TFIN,2021-01-28,2021-05-13,211.0,58.09000015258789,81.44000244140625,4845.216373677014,50.36,1277.93,73,sma,0.3942962421624393
UNFI,2021-03-24,2021-05-13,764.0,33.0,34.939998626708984,1357.3589508056612,62.4,358.0,35,sma,0.053704893125283336
SIG,2021-03-30,2021-05-13,453.0,55.07600402832031,55.047818885075394,-137.5678698899501,62.4,0.0,31,sma,-0.005500112181052313
KFY,2021-04-21,2021-05-13,435.0,58.77369689941406,57.620569148066956,-626.4105718359933,62.4,0.0,16,egg,-0.02444151526329449
BKE,2021-04-21,2021-05-13,1029.0,24.892826080322266,24.2402307055267,-796.3206406646423,62.4,0.0,16,egg,-0.03101285119022981
TPL,2021-05-13,2021-05-20,149.0,173.08546447753906,160.65796683550062,-1976.4971486637296,62.4,0.0,5,stop,-0.07645392573108452
CPRI,2021-02-26,2021-05-21,272.0,46.66999816894531,54.060001373291016,1934.6634130184957,44.16,0.0,59,sma,0.15203048014715392
HZO,2021-05-13,2021-05-21,434.0,59.33000183105469,54.5099983215332,-2216.681523132327,62.4,0.0,6,stop,-0.08587920691866816
PFG,2021-05-07,2021-06-01,492.0,55.2475471496582,54.79170888191342,-349.0724277304362,62.4,0.0,16,egg,-0.012812727658999967
KBR,2021-05-13,2021-06-07,657.0,39.262535095214844,38.18814036022892,-830.6773408857553,62.4,0.0,16,egg,-0.03212472029225978
CUBI,2021-05-13,2021-06-08,373.0,34.58000183105469,43.33000183105469,3184.74,47.81,0.0,17,strength,0.24631501443755416
LQDT,2021-06-01,2021-06-11,1029.0,25.540000915527344,23.200000762939453,-2532.6601570129424,62.4,0.0,8,stop,-0.09614145305975196
CCS,2021-06-07,2021-06-11,364.0,72.78404998779297,62.20320737434814,-3976.2267112939226,62.4,0.0,4,stop,-0.1497310410682137
STC,2021-05-20,2021-06-14,497.0,51.433475494384766,50.02427010253603,-825.1750797488239,62.4,0.0,16,egg,-0.03220215876578237
FHN,2021-05-12,2021-06-15,1751.0,15.20044231414795,15.103870423040567,-293.8973813290286,62.4,0.0,23,sma,-0.011016315158794785
ALLY,2021-06-11,2021-06-18,565.0,46.14546585083008,41.538495411546876,-2727.7382981950104,62.4,0.0,5,stop,-0.10437272922471773
HL,2021-06-14,2021-06-18,2986.0,8.761789321899414,7.804535569763429,-2983.1597038780565,62.4,0.0,4,stop,-0.11375206852477115
RRR,2021-03-24,2021-06-21,481.0,26.193971633911133,31.5518300938136,2500.5899192130855,45.34,0.0,61,sma,0.19798027384107342
TBBK,2021-05-21,2021-06-21,1055.0,24.1299991607666,22.950000762939453,-1369.6983097076445,62.4,0.0,20,sma,-0.05367251214182132
PRKS,2021-06-11,2021-06-29,469.0,55.54999923706055,49.2599983215332,-3074.810429382327,62.4,0.0,12,stop,-0.11773958501462706
VNOM,2021-05-13,2021-07-07,1993.0,12.946057319641113,13.060878705755822,104.03902252661283,62.4,0.0,37,sma,0.004022558614498696
ABR,2021-06-15,2021-07-08,2540.0,10.175572395324707,9.597417130061146,-1593.3143737694481,62.4,0.0,16,egg,-0.06149809366104673
PGNY,2021-06-21,2021-07-14,384.0,63.79999923706055,57.5,-2543.999707031253,62.4,0.0,16,stop,-0.10357630355416068
CUBI,2021-05-13,2021-07-19,373.0,34.58000183105469,35.16999816894531,148.66863403320167,40.2,0.0,45,sma,0.011498369329458457
SIG,2021-07-07,2021-07-19,350.0,71.53021240234375,60.789411228414004,-3882.2704108754115,60.59,0.0,8,stop,-0.15468461152106355
CHRD,2021-03-25,2021-07-20,330.0,37.68510055541992,52.73732960135317,4885.12558515797,50.91,0.0,80,sma,0.39183561593484145
BOOT,2021-05-21,2021-07-20,349.0,72.83999633789062,76.23999786376953,1061.8005325317354,62.4,0.0,40,sma,0.0416661010386377
MRNA,2021-07-08,2021-07-30,53.0,232.7899932861328,346.8999938964844,5963.561621133678,53.36,0.0,16,strength,0.48214638458483244
IT,2021-06-21,2021-08-04,51.0,238.8699951171875,295.2799987792969,2800.660186767578,45.05,0.0,31,strength,0.22930725773630967
AMH,2021-06-18,2021-08-27,748.0,33.56393051147461,35.493095483392224,1318.2153989943727,62.4,0.0,49,sma,0.052376187025207216
NAVI,2021-06-29,2021-08-30,811.0,15.315350532531738,18.613791308655877,2598.7146930965664,45.14,0.0,43,strength,0.20869975023513365
BILL,2021-07-19,2021-08-30,66.0,188.5399932861328,290.0,6609.910443115234,55.25,98.78,30,strength,0.5298593551423494
GOOGL,2021-06-18,2021-08-31,105.0,119.05531311035156,143.8712627569478,2529.3047128926046,45.17,667.1,51,strength,0.2018275712719596
PTGX,2021-07-14,2021-09-09,560.0,44.869998931884766,46.20000076293945,620.0010253906221,62.4,163.53,40,sma,0.02461337377778833
EL,2021-07-20,2021-09-16,64.0,300.01318359375,302.39412635735397,41.2003368706537,55.78,10.87,41,sma,0.0021395832648126766
GOOGL,2021-06-18,2021-09-29,105.0,119.05531311035156,135.7760328990303,1681.4355778112658,43.04,443.48,71,sma,0.13417128319498023
MRNA,2021-07-08,2021-09-29,54.0,232.7899932861328,393.2099914550781,8570.708312338,60.48,2260.52,58,sma,0.680098830626217
INTU,2021-07-19,2021-09-29,32.0,480.89739990234375,529.201143816418,1450.1098052503748,49.74,382.47,51,sma,0.09395196802702711
MSCI,2021-08-27,2021-09-29,46.0,594.562255859375,571.0662317093438,-1205.6171109014394,62.4,0.0,22,sma,-0.043980939372161
NAVI,2021-06-29,2021-09-30,812.0,15.315350532531738,14.930133011453314,-381.7258507755687,37.71,0.0,65,sma,-0.030618204829718613
BBWI,2021-07-20,2021-10-01,468.0,52.89165496826172,55.76155197169555,1218.3117976070316,62.4,0.0,52,sma,0.04909440662128073
STAG,2021-09-09,2021-10-01,834.0,34.532474517822266,32.483893259098316,-1833.316769775778,62.4,0.0,16,egg,-0.06351902302626569
CROX,2021-09-29,2021-10-05,183.0,149.80999755859375,136.2899932861328,-2598.9607818603545,62.4,0.0,4,stop,-0.09458460660976269
GOOG,2021-09-16,2021-10-08,200.0,143.1117401123047,138.6832567159726,-1010.4966792664236,62.4,0.0,16,egg,-0.03522766448829103
IT,2021-06-21,2021-10-12,51.0,238.8699951171875,303.8299865722656,3235.6195642089842,46.14,0.0,79,sma,0.26492005451152173
EXLS,2021-09-29,2021-10-21,1089.0,25.24799919128418,24.68000030517578,-743.3507869720488,62.4,0.0,16,egg,-0.02697456467444907
DFIN,2021-09-30,2021-11-04,391.0,34.619998931884766,43.95000076293945,3566.4707159423815,50.36,65.13,25,strength,0.26286635575908385
PCTY,2021-09-29,2021-11-08,98.0,278.5799865722656,279.2300109863281,-61.09760742187791,62.4,0.0,28,sma,-0.0022328353791475756
DDOG,2021-10-01,2021-11-08,92.0,144.69000244140625,186.28599548339844,3745.3813598632805,50.25,971.73,26,strength,0.28070682177897516
CELH,2021-09-29,2021-11-11,911.0,30.19333267211914,35.18333435058594,4421.091529083249,62.4,1166.06,31,sma,0.1603673522034345
NTAP,2021-10-21,2021-11-12,339.0,83.22746276855469,82.5454402396161,-356.0056373101834,62.4,0.0,16,egg,-0.012590154826015765
RRC,2021-11-08,2021-11-18,1299.0,23.376466751098633,21.677926577562836,-2331.2036854230028,62.4,0.0,8,stop,-0.07661268299737474
LEU,2021-11-18,2021-11-22,431.0,69.91999816894531,62.599998474121094,-3279.719868469241,62.4,0.0,2,stop,-0.10860747873299179
BILL,2021-07-19,2021-11-24,66.0,188.5399932861328,291.04998779296875,6679.039637451173,55.42,187.82,91,sma,0.5354008447960409
GTM,2021-11-22,2021-11-24,407.0,74.01000213623047,67.83000183105469,-2640.060124206546,62.4,0.0,2,stop,-0.0874641843358912
PRKS,2021-10-12,2021-11-30,463.0,58.56999969482422,59.95000076293945,514.1404945373506,62.4,0.0,34,sma,0.018915917339062775
WCC,2021-10-08,2021-12-01,242.0,113.07833099365234,124.23986084318848,2576.290223587741,62.4,118.79,37,sma,0.09393140972651641
ZWS,2021-10-05,2021-12-02,831.0,31.591033935546875,33.251998043210385,1255.461173468375,62.4,331.13,41,sma,0.047709773171695016
ASTH,2021-11-24,2021-12-02,298.0,98.30000305175781,85.37999725341797,-3974.9617279052763,62.4,0.0,5,stop,-0.13540634575666544
DDOG,2021-10-01,2021-12-06,92.0,144.69000244140625,160.42999267578125,1372.5791015625,44.3,0.0,45,sma,0.10287131809026653
TNDM,2021-11-11,2021-12-06,219.0,134.02999877929688,133.66000366210938,-205.8289306640654,62.4,0.0,16,egg,-0.006997421127225826
PANW,2021-10-01,2021-12-07,328.0,81.08499908447266,86.22000122070312,1559.4807006835908,62.4,0.0,46,sma,0.058498924846254394
SITM,2021-11-12,2021-12-08,58.0,254.85000610351562,319.20001220703125,3647.6870206705735,53.68,632.72,17,strength,0.24626177912578626
NVDA,2021-12-07,2021-12-14,855.0,32.32487487792969,27.61176761656936,-4154.506708463083,62.4,0.0,5,stop,-0.14998128189579885
SITM,2021-11-12,2021-12-17,59.0,254.85000610351562,248.8699951171875,-428.3973148600271,44.11,0.0,24,breakeven,-0.02843165671776734
OMCL,2021-11-24,2021-12-17,163.0,179.77999877929688,175.0,-903.9398010253935,62.4,0.0,16,egg,-0.030781283976596747
DFIN,2021-09-30,2022-01-05,391.0,34.619998931884766,44.06999969482422,3613.270298309326,50.48,0.0,67,sma,0.26631571414379024
ZTS,2021-12-06,2022-01-05,131.0,211.0387725830078,214.8531242892361,374.88007351590204,62.4,0.0,21,sma,0.013529435184685495
KEYS,2021-12-06,2022-01-06,141.0,195.14999389648438,192.1999969482422,-540.7495697021513,62.4,0.0,22,sma,-0.019607614851991147
EFX,2021-12-14,2022-01-06,99.0,278.22625732421875,269.2583106669602,-1012.6267190686012,62.4,0.0,16,egg,-0.03668033739231625
MSI,2021-11-30,2022-01-10,121.0,239.34884643554688,238.78904431768996,-192.5360562606911,62.4,0.0,28,sma,-0.006633773451445991
P,2021-12-17,2022-01-11,852.0,32.09000015258789,29.75,-2118.4801300048857,62.4,0.0,16,egg,-0.07730810259118517
AOSL,2021-12-17,2022-01-14,541.0,50.560001373291016,48.380001068115234,-1304.1801651001006,62.4,0.0,19,breakeven,-0.04757114733335968
ON,2021-12-02,2022-01-19,445.0,62.540000915527344,63.41999816894531,266.7987777709932,62.4,0.0,32,sma,0.009565182785246507
ACLS,2021-12-02,2022-01-20,435.0,63.9900016784668,63.90999984741211,-159.60079650879197,62.4,0.0,33,breakeven,-0.005720858351454821
BLDR,2022-01-06,2022-01-20,312.0,82.45999908447266,73.7699966430664,-2836.080761718753,62.4,0.0,9,stop,-0.10996857660398618
PLAB,2022-01-06,2022-01-21,1441.0,19.260000228881836,16.450000762939453,-4174.0092304229765,62.4,0.0,10,stop,-0.15005752723179322
ONTO,2022-01-05,2022-01-24,211.0,97.37000274658203,86.79000091552734,-2344.3203863525378,53.18,0.0,12,stop,-0.11378080290961849
IVT,2022-01-05,2022-01-28,1229.0,23.38224220275879,22.677327318813564,-991.1403923686848,62.4,0.0,16,egg,-0.03441558202298967
COKE,2022-01-14,2022-02-03,446.0,58.805728912353516,53.3262325049753,-2568.655397690687,62.4,0.0,13,stop,-0.09770556585321864
ROG,2021-12-01,2022-02-08,105.0,271.0,272.5,32.69999999999709,62.4,0.0,47,sma,0.0011466683498494634
PEP,2022-01-20,2022-02-11,172.0,150.4964141845703,145.40890747438874,-999.8511541512344,62.4,0.0,16,egg,-0.03853320127245745
THRM,2022-01-25,2022-02-16,197.0,92.37999725341797,89.26000213623047,-718.8990380859395,51.36,0.0,16,egg,-0.03938793077477622
CHRD,2022-01-20,2022-02-17,302.0,85.74696350097656,84.1589683224483,-604.3745439155391,62.4,0.0,20,sma,-0.023282800687718184
WTFC,2022-01-21,2022-02-25,268.0,90.00078582763672,88.93094783849716,-411.5165810894032,62.4,0.0,24,sma,-0.017017045341608382
MDLZ,2022-02-03,2022-02-28,431.0,60.18138122558594,58.08202299420022,-1029.623397727246,62.4,0.0,16,egg,-0.03960002367337753
AIG,2022-01-19,2022-03-02,496.0,53.1364631652832,53.05520132152011,-165.10587450649837,62.4,0.0,29,sma,-0.006249728924118395
OVV,2022-01-31,2022-03-02,368.0,34.604393005371094,42.89876733697076,2974.259754028675,46.87,0.0,21,strength,0.23298990101084488
BKR,2022-02-08,2022-03-07,531.0,24.73820686340332,30.018589892328215,2725.4627392528164,47.25,0.0,18,strength,0.20698943819830534
CVX,2022-02-17,2022-03-14,113.0,111.76602172851562,139.03619923570952,3003.650058312909,46.68,0.0,16,strength,0.23724088840573948
MCK,2022-01-10,2022-03-25,55.0,245.1149139404297,298.69123206460824,2867.02749682982,48.47,0.0,52,strength,0.21217562972987755
EXC,2022-01-11,2022-03-31,398.0,33.76073455810547,40.67289697683461,2671.970642654196,47.87,0.0,55,strength,0.19839442585695724
NIC,2022-03-21,2022-04-12,305.0,91.81334686279297,89.1146454053678,-947.9039445146809,62.4,0.0,16,egg,-0.033774738770673864
BKR,2022-02-08,2022-04-22,532.0,24.73820686340332,29.47607994778782,2442.719129998857,46.6,0.0,51,sma,0.1851673277781849
COP,2022-02-16,2022-04-25,242.0,76.59921264648438,79.20425351629675,521.3598904945939,55.32,0.0,46,sma,0.028044049090315475
WHD,2022-03-21,2022-04-26,553.0,50.683921813964844,48.85566706095227,-1135.824878415955,62.4,0.0,25,breakeven,-0.04043432764287649
XOM,2022-03-21,2022-04-26,396.0,70.68661499023438,71.14235782000445,55.674160588947416,62.4,0.0,25,sma,0.001984514370684655
CVX,2022-02-17,2022-04-27,113.0,111.76602172851562,131.39892351352074,2142.797901705577,44.52,0.0,47,sma,0.16924717194256672
OVV,2022-01-31,2022-05-10,368.0,34.604393005371094,39.234582369899606,1629.2096861464925,43.5,0.0,69,sma,0.127624832695605
ELV,2022-02-11,2022-05-11,62.0,419.3124084472656,459.36781636544407,2358.635290927061,62.4,0.0,61,sma,0.09050867878478293
EXC,2022-01-11,2022-05-13,398.0,33.76073455810547,39.892016391575154,2361.9601697209346,47.09,0.0,85,sma,0.1753760779734105
MCK,2022-01-10,2022-06-03,55.0,245.1149139404297,312.43843755630445,3621.2337988731124,50.36,770.49,100,sma,0.2679909985253365
FSS,2022-12-01,2022-12-16,579.0,47.89179992675781,43.49886905032186,-2668.306977456421,62.4,0.0,11,stop,-0.09601075032354277
TKO,2022-12-01,2022-12-16,373.0,74.33138275146484,67.9681996272596,-2498.2673053285616,62.4,0.0,11,stop,-0.08990451946568503
DGII,2022-12-02,2022-12-19,674.0,41.06999969482422,37.400001525878906,-2598.3787658691435,62.4,0.0,11,stop,-0.09365693919578139
SMCI,2022-12-02,2022-12-20,3195.0,8.670000076293945,8.331999778747559,-1204.7109506607085,62.4,0.0,12,stop,-0.04339260059983917
HUBB,2022-12-01,2022-12-23,115.0,240.6986846923828,223.8813530652243,-2058.7931371232335,62.4,0.0,16,egg,-0.07421013528420596
TKR,2022-12-01,2022-12-23,394.0,70.28038787841797,66.00728496119565,-1808.4025493855952,62.4,0.0,16,egg,-0.06516091364117928
EME,2022-12-02,2022-12-27,181.0,152.31578063964844,148.26766519575386,-857.5088953449194,62.4,0.0,16,egg,-0.031033680700641327
IRDM,2022-12-02,2022-12-27,561.0,49.382747650146484,47.266210006336244,-1312.1776181775458,62.4,0.0,16,egg,-0.04725822515052244
XYL,2022-12-02,2022-12-27,253.0,108.74362182617188,105.3528516188496,-982.6648624525405,62.4,0.0,16,egg,-0.03563667765712412
FLR,2022-12-01,2023-01-05,822.0,33.72999954223633,33.20000076293945,-560.4589965820342,62.4,0.0,23,sma,-0.02016876804872142
ACGL,2023-01-12,2023-02-06,434.0,59.97317123413086,58.33762381468738,-834.6275800384719,62.4,0.0,16,egg,-0.03198939769864119
BKE,2023-01-17,2023-02-08,782.0,33.448020935058594,32.340367602461235,-990.9849060911365,62.4,0.0,16,egg,-0.037796798721021
TTC,2023-01-17,2023-02-08,244.0,107.2393798828125,103.71871253148993,-983.8428337227087,62.4,0.0,16,egg,-0.03751000837659319
ROST,2023-01-18,2023-02-09,230.0,113.14678955078125,111.50810368115816,-501.69775001331436,62.4,0.0,16,egg,-0.01923233313394684
SLB,2023-01-24,2023-02-23,512.0,50.884498596191406,49.38327956143203,-893.4241457968019,62.4,0.0,21,sma,-0.03421080370414088
CMC,2023-01-23,2023-02-24,526.0,49.533348083496094,49.59064800769197,-94.66023987297376,62.4,0.0,23,sma,-0.003624476524253575
MKTX,2023-02-06,2023-03-01,75.0,332.4039001464844,323.22950678458926,-812.8795021421356,62.4,0.0,16,egg,-0.03252468703741338
GAP,2023-02-08,2023-03-03,2217.0,11.984822273254395,11.376768666957272,-1472.854845160724,62.4,0.0,16,egg,-0.05530239239189207
XOM,2023-02-08,2023-03-03,239.0,100.73323822021484,98.0600178299464,-763.6996732741609,62.4,0.0,16,egg,-0.031639362787121365
PEN,2023-01-12,2023-03-13,113.0,230.50999450683594,245.3000030517578,1546.470965576169,62.4,0.0,40,sma,0.059229001358529314
IR,2023-01-24,2023-03-13,454.0,56.16389846801758,54.61862742621867,-826.3530529767049,62.4,0.0,33,sma,-0.03232890726329732
CROX,2023-03-03,2023-03-13,173.0,125.54000091552734,112.1500015258789,-2434.069894409182,55.9,0.0,6,stop,-0.11175649522172017
GNW,2023-01-13,2023-03-14,4882.0,5.340000152587891,5.380000114440918,70.47981376647658,62.4,0.0,40,breakeven,0.002697040279583693
HLX,2023-01-24,2023-03-14,3442.0,7.579999923706055,7.71999979019165,357.0795404434175,62.4,0.0,34,sma,0.013653608415666506
R,2023-02-24,2023-03-14,291.0,89.23832702636719,81.78946001874404,-2292.420299218338,62.4,0.0,12,stop,-0.0880658459905591
LPG,2023-03-03,2023-03-14,1769.0,15.202598571777344,14.019648956930151,-2217.437868664685,62.4,0.0,7,stop,-0.08226200394197053
FICO,2023-03-01,2023-03-23,35.0,682.7899780273438,682.8499755859375,-122.70008544922166,62.4,0.0,16,egg,-0.005121028102508647
GE,2023-02-09,2023-04-04,201.0,63.32876205444336,76.0743791129671,2485.1164481181095,45.63,0.0,37,strength,0.19475523244832776
DXCM,2023-03-15,2023-04-06,190.0,113.72000122070312,112.94000244140625,-270.6697680664038,61.05,0.0,16,egg,-0.012491555151701087
WYNN,2023-02-23,2023-04-13,246.0,102.13241577148438,103.85006306623256,297.741234508052,62.4,0.0,34,sma,0.01182123867681147
ACLS,2023-03-23,2023-04-17,181.0,131.3800048828125,125.69000244140625,-1154.6904418945342,62.4,0.0,16,egg,-0.04843057132745936
ELF,2023-03-15,2023-04-17,171.0,73.33000183105469,90.05000305175781,2782.11117083936,45.9,0.0,22,strength,0.22131995240248425
ALGM,2023-03-15,2023-04-18,566.0,44.470001220703125,43.90999984741211,-441.76077728271775,62.4,0.0,23,sma,-0.01750766534428157
OLED,2023-03-15,2023-04-20,190.0,132.26419067382812,134.0721076009217,218.7042161477766,62.4,0.0,25,sma,0.008681289302944614
FOUR,2023-04-13,2023-04-20,359.0,73.02999877929688,63.349998474121094,-3599.9201095581084,62.4,0.0,5,stop,-0.13698237757169102
PDFS,2023-03-15,2023-04-26,663.0,37.939998626708984,37.68000030517578,-297.1788871765166,62.4,0.0,29,sma,-0.011785040893930326
AXON,2023-03-15,2023-05-01,119.0,211.2100067138672,211.3300018310547,-110.52058105469041,62.4,0.0,32,sma,-0.0043863655686470476
ASO,2023-04-25,2023-05-09,407.0,63.98174285888672,58.51313167298076,-2350.5247526637286,62.4,0.0,10,stop,-0.0900481750457642
AVGO,2023-04-18,2023-05-10,432.0,60.66857147216797,59.68415868960593,-550.066322066803,62.4,0.0,16,egg,-0.020937979349632985
OMC,2023-04-21,2023-05-15,310.0,83.88484191894531,83.00890278154843,-396.3411325930356,62.4,0.0,16,egg,-0.015204882760998037
AAON,2023-04-06,2023-05-17,428.0,60.983089447021484,60.351886928067394,-394.9546781123536,62.4,0.0,28,sma,-0.015095831071004501
PCG,2023-03-15,2023-05-19,1616.0,15.588029861450195,16.334997352342306,1082.2994652816487,62.4,0.0,46,sma,0.042858836484580075
ELF,2023-03-15,2023-05-24,172.0,73.33000183105469,84.38999938964844,1827.3386179789995,43.69,0.0,49,sma,0.14452160766677202
LVS,2023-05-09,2023-05-24,440.0,58.52696990966797,51.4890827279129,-3221.4703599722343,62.4,0.0,11,stop,-0.12479418415758822
MTH,2023-05-10,2023-05-24,433.0,59.13824462890625,54.19361061244548,-2265.8265291275166,62.4,0.0,10,stop,-0.08827003722772336
NVDA,2023-04-17,2023-05-26,489.0,26.94670867919922,37.812419131021514,5228.534280195441,53.63,0.0,29,strength,0.395857908872429
VCEL,2023-05-24,2023-06-16,733.0,34.40999984741211,34.779998779296875,146.4092170715303,62.4,0.0,16,egg,0.005790374650796576
SPNT,2023-05-01,2023-06-23,2860.0,8.949999809265137,8.710000038146973,-811.1993453979521,62.4,0.0,37,sma,-0.03161412046437208
ROIV,2023-05-15,2023-06-28,2786.0,9.149999618530273,9.180000305175781,-41.218087005618145,62.4,0.0,30,sma,-0.0016129609779893088
PTGX,2023-05-24,2023-07-05,1004.0,25.1200008392334,23.510000228881836,-1741.2406127929717,62.4,0.0,27,stop,-0.0688703405135605
PEN,2023-05-24,2023-07-13,75.0,307.57000732421875,318.510009765625,695.7001831054658,62.4,0.0,33,sma,0.03007763315773259
APG,2023-05-17,2023-07-13,808.0,15.520000457763672,18.666667938232422,2466.2166192094737,45.11,0.0,38,strength,0.19617768736996577
CPRT,2023-04-26,2023-07-17,332.0,38.55500030517578,46.78499984741211,2654.976765315694,46.23,0.0,55,strength,0.20691226502012197
BLDR,2023-06-16,2023-07-19,112.0,121.41000366210938,148.85000610351562,2993.138940104165,49.08,0.0,21,strength,0.21961574213230972
PLTR,2023-06-28,2023-08-01,897.0,15.279999732971191,19.459999084472656,3667.2194182968124,51.04,0.0,23,strength,0.2669522733799298
CPRT,2023-04-26,2023-08-09,333.0,38.55500030517578,43.86000061035156,1691.408184330303,43.91,0.0,72,sma,0.13142191403928163
NVDA,2023-04-17,2023-08-10,490.0,26.94670867919922,42.07803800548034,7324.169500623408,58.95,0.0,80,sma,0.5533890124505614
ACLS,2023-06-23,2023-08-10,162.0,168.47000122070312,174.47000122070312,847.1999999999971,62.4,0.0,33,sma,0.030971092691573044
PLTR,2023-06-28,2023-08-10,897.0,15.279999732971191,15.4399995803833,70.29986312866095,42.02,0.0,30,breakeven,0.005117421713808953
ONTO,2023-07-13,2023-08-14,248.0,112.08999633789062,109.16000366210938,-851.4381835937529,62.4,0.0,22,sma,-0.03056052432776025
GSHD,2023-07-05,2023-08-17,472.0,58.20625305175781,59.360916672731676,420.20122909966085,62.4,0.0,31,sma,0.015260205627898553
CCS,2023-05-19,2023-08-18,407.0,63.74184799194336,65.54499334326277,609.0801579869985,62.4,0.0,62,sma,0.023421356623268406
BLDR,2023-06-16,2023-08-18,113.0,121.41000366210938,128.9499969482422,776.8505746663413,43.83,0.0,43,sma,0.05649547451977076
KBH,2023-08-09,2023-08-18,559.0,51.518768310546875,45.767975440851124,-3339.4932141599274,62.4,0.0,7,stop,-0.11570797672131017
PHM,2023-08-10,2023-09-01,349.0,81.07266998291016,80.3788155168391,-366.955208658801,62.4,0.0,16,egg,-0.012940659830480499
APG,2023-05-17,2023-09-06,809.0,15.520000457763672,18.3799991607666,2237.9496557386465,44.57,0.0,76,sma,0.17779991222973474
MHO,2023-08-10,2023-09-06,292.0,96.93000030517578,93.02999877929688,-1263.6004455566435,62.4,0.0,18,sma,-0.04454636619339016
SAIA,2023-08-14,2023-09-06,65.0,426.07000732421875,425.0799865722656,-189.15134887695604,62.4,0.0,16,egg,-0.006814557998365118
CNM,2023-08-10,2023-09-07,892.0,31.739999771118164,29.59000015258789,-2042.5996597290068,62.4,0.0,19,sma,-0.07198721084672222
CXT,2023-08-18,2023-09-12,464.0,57.48031234741211,54.95730276573234,-1295.4764458994177,62.4,0.0,16,egg,-0.04845934267027903
STRL,2023-09-06,2023-09-14,337.0,80.11000061035156,74.2699966430664,-2092.8813369751006,62.4,0.0,6,stop,-0.07734376619595207
GE,2023-02-09,2023-09-22,202.0,63.32876205444336,88.64631006032539,5030.697277833333,52.17,0.0,155,sma,0.39229724952128525
EME,2023-08-18,2023-09-22,125.0,212.65420532226562,207.4021604732611,-781.3056061255702,62.4,0.0,24,sma,-0.029323692199777634
FIX,2023-08-18,2023-09-22,152.0,175.0300750732422,168.71109120666657,-1085.2855477194971,62.4,0.0,24,sma,-0.040697742949033076
AMAT,2023-09-07,2023-09-22,185.0,144.79550170898438,133.81596145392308,-2156.014947186344,62.4,0.0,11,stop,-0.08029980079934583
COCO,2023-09-14,2023-09-22,914.0,28.780000686645508,25.030000686645508,-3552.300000000003,62.4,0.0,6,stop,-0.13472358644899401
HLNE,2023-08-17,2023-09-28,322.0,86.10054779052734,86.14736521717525,-109.72478861937634,62.4,0.0,29,sma,-0.0039488131723185785
XPO,2023-09-06,2023-09-28,372.0,72.68000030517578,70.0,-1121.7601135253935,62.4,0.0,16,egg,-0.0413943395278001
POWL,2023-09-06,2023-09-28,997.0,27.113773345947266,26.99227971264199,-245.9291524053624,62.4,0.0,16,egg,-0.009076607382920578
ETN,2023-09-12,2023-10-04,122.0,219.53480529785156,201.18409244333782,-2363.586968250678,62.4,0.0,16,stop,-0.08804358615777794
GPI,2023-09-28,2023-10-06,95.0,268.1145935058594,240.83540268413068,-2716.3231280642285,62.4,0.0,6,stop,-0.10638360794271763
AKAM,2023-09-28,2023-10-20,240.0,107.04000091552734,107.06999969482422,-117.60029296875291,62.4,0.0,16,egg,-0.004566646938697548
POWL,2023-10-06,2023-10-20,917.0,27.471704483032227,24.637845050198962,-2723.4490999081063,62.4,0.0,10,stop,-0.10784248702483329
ARES,2023-09-22,2023-10-23,261.0,96.24273681640625,93.19603863379214,-919.9882256622841,62.4,0.0,21,sma,-0.03653392112282192
AJG,2023-09-22,2023-10-23,110.0,227.05599975585938,221.82478401968606,-700.2337309790673,62.4,0.0,21,sma,-0.027966214180452593
OII,2023-09-22,2023-10-26,1039.0,24.219999313354492,23.059999465942383,-1330.0398414611846,62.4,0.0,24,sma,-0.052722913288669994
WSM,2023-10-20,2023-10-27,303.0,75.34649658203125,69.51555686821814,-1889.2347332853751,60.06,0.0,5,stop,-0.08252676369820487
CNR,2023-10-04,2023-11-01,258.0,96.50637817382812,92.72278776215738,-1100.9663262110553,62.4,0.0,20,sma,-0.044107380164599495
ROAD,2023-09-22,2023-11-15,274.0,35.56999969482422,43.0099983215332,1973.6346237182606,36.86,0.0,38,strength,0.2019219531127574
PANW,2023-10-24,2023-11-17,184.0,126.03500366210938,121.5199966430664,-955.5612915039092,62.4,0.0,18,sma,-0.04109438949450277
RRC,2023-11-06,2023-11-29,737.0,34.38814926147461,31.750396484833363,-2068.8237963846004,62.4,0.0,16,stop,-0.08142902660763217
CHRD,2023-11-06,2023-11-29,127.0,142.60902404785156,140.06240210440302,-427.9709868179634,51.87,0.0,16,egg,-0.02356146074355029
CBOE,2023-09-01,2023-11-29,93.0,146.59814453125,176.8924133958487,2737.8038493274653,48.53,0.0,61,strength,0.20035652038305474
ACGL,2023-11-03,2023-11-30,308.0,81.34937286376953,78.48716892765161,-1006.3588123243244,62.4,0.0,18,sma,-0.04006523362514343
CRWD,2023-10-23,2023-11-30,282.0,44.77000045776367,57.79750061035156,3594.460264268724,48.15,0.0,27,strength,0.28400595359852865
CEG,2023-09-22,2023-12-07,232.0,108.25608825683594,111.35822789095855,594.8963951164405,62.4,0.0,53,sma,0.023627803078336975
GIII,2023-10-20,2023-12-08,525.0,24.478195190429688,29.855083724979423,2745.116166651933,46.58,0.0,34,strength,0.2130933621955367
CASY,2023-11-17,2023-12-12,94.0,274.3252868652344,267.331820718864,-782.1858177588183,62.4,0.0,16,egg,-0.030259836542384844
WINA,2023-09-28,2023-12-21,73.0,351.4222106933594,389.08367022680477,2624.4865459415123,62.4,0.0,59,sma,0.10205568334078184
HCI,2023-12-07,2024-01-02,308.0,85.11459350585938,84.19626896407249,-407.64395887036517,62.4,0.0,16,egg,-0.015512926912957184
ROAD,2023-09-22,2024-01-04,274.0,35.56999969482422,41.380001068115234,1528.1253762817378,35.75,0.0,71,sma,0.1563420386285357
XPO,2023-11-30,2024-01-04,304.0,86.27999877929688,84.43000030517578,-687.1995361328154,62.4,0.0,23,sma,-0.0261376879629762
COIN,2024-01-02,2024-01-12,174.0,156.8800048828125,137.19000244140625,-3550.8604248046904,62.4,0.0,8,stop,-0.12978518316615137
CLSK,2024-01-04,2024-01-12,2477.0,10.760000228881836,9.010000228881836,-4459.550000000003,62.4,0.0,6,stop,-0.1669310596984777
CVSA,2023-12-21,2024-01-17,456.0,59.27000045776367,58.36000061035156,-539.7599304199248,62.4,0.0,16,egg,-0.019925045783785244
VRT,2023-11-29,2024-01-19,311.0,42.13713836669922,52.33921924722736,3093.557153844251,48.09,0.0,34,strength,0.23550490804157015
HCC,2023-12-12,2024-01-19,247.0,54.457275390625,66.32855127767368,2852.7081744040534,48.36,0.0,25,strength,0.2115925235497728
GIII,2023-10-20,2024-01-22,526.0,24.478195190429688,29.894690025237242,2771.136597095454,46.71,0.0,62,sma,0.21470427284788968
UPWK,2024-01-22,2024-02-01,1806.0,15.0600004196167,13.829999923706055,-2346.180895614627,62.4,0.0,8,stop,-0.08606439550447746
HCC,2023-12-12,2024-02-06,248.0,54.457275390625,60.01154385408468,1301.5855486349683,44.61,0.0,37,sma,0.09615258447119628
MBIN,2024-01-04,2024-02-06,678.0,39.30363845825195,38.7186169354489,-521.4445924604734,62.4,0.0,22,sma,-0.01952225318102259
AEO,2023-11-29,2024-02-23,745.0,17.587369918823242,21.180927556598416,2599.1713656958236,46.85,0.0,58,strength,0.19789987430845213
BGC,2024-01-12,2024-03-01,4089.0,6.582756042480469,6.807722886657538,795.0894258400331,62.4,0.0,33,sma,0.029470361963629607
GFF,2024-01-12,2024-03-01,234.0,57.48487091064453,69.72769140833317,2785.429996459141,48.19,0.0,33,strength,0.20659350893705206
CNM,2024-01-17,2024-03-04,327.0,40.43000030517578,49.220001220703125,2795.537932965228,47.64,0.0,32,strength,0.21095593435926338
DELL,2024-02-06,2024-03-04,170.0,79.59524536132812,119.32549462355202,6664.832374578062,58.11,0.0,18,strength,0.49142013565079395
AMD,2024-02-06,2024-03-04,80.0,167.8800048828125,205.16000366210938,2902.963691163626,48.43,0.0,18,strength,0.21565084370710189
CBOE,2023-09-01,2024-03-08,94.0,146.59814453125,180.09008636668617,3067.1556876112118,49.72,0.0,129,sma,0.22207111185519054
ERIE,2024-02-01,2024-03-08,40.0,333.1199645996094,398.95864652731973,2555.4324622935983,47.3,0.0,25,strength,0.19133770842179051
AMR,2024-03-01,2024-03-12,77.0,386.0199890136719,345.0,-3283.3391540527373,62.4,0.0,7,stop,-0.11023117777389267
AMD,2024-02-06,2024-03-27,81.0,167.8800048828125,179.9600067138672,903.2463594955534,43.84,0.0,35,sma,0.06627057604459588
PVH,2024-03-08,2024-04-03,234.0,133.80239868164062,107.58575924780655,-6259.493627517175,62.4,0.0,17,stop,-0.1995238252588083
CRWD,2023-10-23,2024-04-05,283.0,44.77000045776367,77.43000030517578,9149.344735578688,62.18,0.0,113,sma,0.7203547456385526
GFF,2024-01-12,2024-04-11,234.0,57.48487091064453,66.70541603519565,2079.987559144962,46.42,0.0,61,sma,0.15427130781797593
AEO,2023-11-29,2024-04-16,746.0,17.587369918823242,20.986747875367538,2458.175030028724,46.54,2.81,94,sma,0.18691357866373262
ERIE,2024-02-01,2024-04-16,41.0,333.1199645996094,364.1743652717482,1196.9152423725045,44.73,315.69,51,sma,0.08743306299847543
LQDA,2024-03-27,2024-04-16,2098.0,15.069999694824219,13.680000305175781,-3041.018719482425,62.4,0.0,13,stop,-0.09599399673298634
HOOD,2024-04-11,2024-04-16,1606.0,19.0,17.1299991607666,-3128.021347808841,62.4,0.0,3,stop,-0.1023018193053741
DAVE,2024-04-03,2024-04-18,824.0,37.5,34.2599983215332,-2794.5613830566435,62.4,0.0,11,stop,-0.09025661392710653
MU,2024-04-16,2024-04-19,242.0,120.90321350097656,108.87942226001107,-3034.5574803136515,62.4,0.0,3,stop,-0.10349441668531088
GPOR,2024-04-05,2024-05-02,192.0,160.0,150.75,-1900.800000000003,62.4,0.0,19,sma,-0.06174957118353354
USLM,2024-04-19,2024-05-13,244.0,59.0258903503418,73.38454826506548,3420.2163348735576,52.16,0.0,16,strength,0.23696451778947564
PGR,2024-04-16,2024-05-17,153.0,191.63580322265625,192.51878131200493,10.295647670343897,62.4,0.0,23,sma,0.00035039854800890754
SCHW,2024-04-18,2024-05-24,412.0,70.58177947998047,70.53190277933872,-145.349200664401,62.4,0.0,26,sma,-0.004987603324766277
SLM,2024-05-02,2024-05-24,1448.0,20.533695220947266,19.874093085410692,-1079.9038922569598,62.4,0.0,16,egg,-0.036244234979315705
CEG,2024-04-16,2024-05-28,79.0,183.87657165527344,229.2817616297113,3503.3262343956867,52.68,0.0,29,strength,0.2406584710861694
CNM,2024-01-17,2024-05-30,328.0,40.43000030517578,57.16999816894531,5405.191665728622,54.28,0.0,93,sma,0.4066411872826627
WING,2024-03-12,2024-06-03,87.0,345.0126647949219,364.5830116474066,1577.8201761661658,62.4,0.0,57,sma,0.052456740854591614
IESC,2024-05-24,2024-06-04,197.0,160.5,147.77000427246094,-2632.609158325198,62.4,0.0,6,stop,-0.08309767583386829
VRT,2023-11-29,2024-06-07,311.0,42.13713836669922,87.63043290276808,14054.814600717415,62.4,2694.16,131,sma,1.069958515545796
DELL,2024-02-06,2024-06-10,170.0,79.59524536132812,124.67006084967898,7571.138633019644,60.38,1996.89,86,sma,0.5582450937942794
CEG,2024-04-16,2024-06-10,80.0,183.87657165527344,196.8656632322041,960.9610997393575,46.77,253.45,38,sma,0.06518737362550946
USLM,2024-04-19,2024-06-10,245.0,59.0258903503418,64.05300962139695,1153.7504177275314,46.63,304.3,35,sma,0.07960958456561605
VCTR,2024-05-17,2024-06-11,653.0,48.48724365234375,45.77984317536285,-1892.73251146853,62.4,0.0,16,egg,-0.05966140771034083
APP,2024-05-24,2024-06-18,386.0,82.1500015258789,78.52999877929688,-1522.121060180667,62.4,0.0,16,egg,-0.04790717171762376
MRNA,2024-06-10,2024-06-20,200.0,148.58999633789062,132.5399932861328,-3334.8006103515654,62.4,0.0,7,stop,-0.11197971458972875
TDG,2024-04-16,2024-06-28,27.0,1083.9705810546875,1146.8295326667758,1572.3916935263805,62.4,0.0,51,sma,0.053611075110503933
THC,2024-06-10,2024-07-03,216.0,137.75999450683594,134.2899932861328,-874.3202636718779,62.4,0.0,16,egg,-0.029321345446002137
TXRH,2024-06-11,2024-07-05,181.0,163.7877197265625,162.30429649239326,-393.2996053846364,62.4,0.0,16,egg,-0.013238855065877513
CAVA,2024-06-28,2024-07-11,317.0,92.75,85.69000244140625,-2362.8192260742217,62.4,0.0,8,stop,-0.08019302189522595
ANF,2024-06-20,2024-07-15,154.0,175.55999755859375,172.1300048828125,-653.0188720703154,62.4,0.0,16,egg,-0.02409784701854193
EAT,2024-07-05,2024-07-15,421.0,70.7699966430664,64.08000183105469,-2941.2878158569365,62.4,0.0,6,stop,-0.09851392692072866
TLN,2024-06-07,2024-07-17,135.0,111.69999694824219,134.0,2926.680411987305,52.62,0.0,26,strength,0.19368265479310023
NVDA,2024-07-03,2024-07-18,232.0,128.06893920898438,121.64948329559192,-1614.113771907054,62.4,0.0,10,stop,-0.054211473708542596
AMAT,2024-07-11,2024-07-18,114.0,237.0079345703125,218.2347624406191,-2264.941622785049,62.4,0.0,5,stop,-0.08363487879081719
RSI,2024-06-03,2024-07-24,1779.0,8.720000267028809,10.359999656677246,2832.87891418457,53.48,0.0,35,strength,0.18224808593423764
FUN,2024-07-15,2024-07-25,559.0,52.68000030517578,47.43000030517578,-3059.550000000003,62.4,0.0,8,stop,-0.1036765865973719
PTGX,2024-06-18,2024-07-25,454.0,32.59000015258789,41.619998931884766,4013.8137692331256,54.64,0.0,25,strength,0.2707093005728802
TLN,2024-06-07,2024-07-26,135.0,111.69999694824219,109.63999938964844,-353.6996704101566,44.4,0.0,33,breakeven,-0.023407233288572967
COHR,2024-07-18,2024-07-26,392.0,74.52999877929688,69.30999755859375,-2171.040478515628,62.4,0.0,6,stop,-0.0741522183770641
TMDX,2024-05-30,2024-07-29,234.0,136.4199981689453,142.22000122070312,1232.4007141113252,62.4,0.0,40,sma,0.038530969533556884
GKOS,2024-06-10,2024-08-05,155.0,113.0,112.04000091552734,-250.80985809326012,50.82,0.0,38,sma,-0.014277988459265221
AGX,2024-07-18,2024-08-05,391.0,74.87189483642578,64.71365138778631,-4096.6731884180335,62.4,0.0,12,stop,-0.13964037825516137
ORCL,2024-07-15,2024-08-06,171.0,139.9928741455078,127.73235768343328,-2220.9583150147446,62.01,0.0,16,stop,-0.09253537443433447
NSSC,2024-07-26,2024-08-06,541.0,53.61137771606445,49.63585055149194,-2275.5601960337335,62.4,0.0,7,stop,-0.07828899863334923
RSI,2024-06-03,2024-08-09,1779.0,8.720000267028809,9.460000038146973,1235.789592819212,49.47,0.0,47,sma,0.07950226420940437
KBR,2024-07-26,2024-08-19,453.0,63.978759765625,63.755027947249914,-226.15051372391827,62.4,0.0,16,egg,-0.007786270990621631
GDDY,2024-06-04,2024-09-03,110.0,138.8000030517578,166.91000366210938,3007.600067138672,53.3,0.0,62,strength,0.1965854424509938
GE,2024-07-25,2024-09-04,181.0,162.78851318359375,161.6319052876437,-334.1460291669646,62.4,0.0,28,sma,-0.011316580118137715
TPL,2024-08-09,2024-09-06,103.0,271.15045166015625,264.09575515521175,-851.4337400092882,62.4,0.0,19,sma,-0.030418237564153187
GDDY,2024-06-04,2024-09-09,110.0,138.8000030517578,151.61000061035156,1328.8097314453116,49.09,0.0,66,sma,0.08685484876913274
PPC,2024-08-19,2024-09-11,778.0,37.053897857666016,36.56255671867248,-507.063406136971,62.4,0.0,16,egg,-0.017551317748009342
CNX,2024-07-29,2024-09-23,565.0,25.770000457763672,31.8799991607666,3368.5468534035517,52.43,0.0,39,strength,0.23086117791680966
ADMA,2024-09-04,2024-10-07,867.0,16.8700008392334,20.329999923706055,2917.167188946725,51.47,0.0,23,strength,0.19902252180277544
EBAY,2024-08-06,2024-10-09,252.0,54.26179885864258,65.3629240645785,2717.7035518958473,48.58,0.0,45,strength,0.1982976420620185
ADMA,2024-09-04,2024-10-11,868.0,16.8700008392334,17.1299991607666,149.89056038188755,44.57,0.0,27,sma,0.010214439965888193
GVA,2024-08-05,2024-10-17,207.0,68.18153381347656,81.47673304455114,2671.346240832434,49.56,0.0,52,strength,0.1888574239465911
LTH,2024-08-05,2024-10-25,1248.0,22.6200008392334,23.139999389648438,524.1581909179658,62.4,0.0,58,sma,0.0185266226231529
EBAY,2024-08-06,2024-10-30,252.0,54.26179885864258,61.16137101690282,1661.5621838815805,45.93,0.0,60,sma,0.12123613076683445
CTRE,2024-08-06,2024-10-31,542.0,25.235307693481445,30.21727209663807,2620.6847065108886,48.34,153.21,61,strength,0.1911689421501909
HIW,2024-09-09,2024-11-04,1054.0,27.440635681152344,28.291101702876798,771.5911868975709,62.4,203.51,40,sma,0.026620517929080434
TPC,2024-10-11,2024-11-04,1174.0,26.637418746948242,26.19894526637083,-639.5678661978818,62.4,0.0,16,egg,-0.02041083086339681
CTRE,2024-08-06,2024-11-07,542.0,25.235307693481445,27.42798620863185,1112.6717552115188,44.56,124.78,66,sma,0.08116515576090665
IRM,2024-09-11,2024-11-07,272.0,107.40676879882812,107.55664938912035,-84.03247944051691,62.4,0.0,41,sma,-0.0028702517824588623
FTDR,2024-09-06,2024-11-07,306.0,47.59000015258789,56.880001068115234,2760.681177378121,50.91,705.97,44,strength,0.18916952040733992
PTGX,2024-06-18,2024-11-13,455.0,32.59000015258789,43.59000015258789,4916.785676567657,56.98,1296.8,103,sma,0.3308808953526766
LEU,2024-11-07,2024-11-15,389.0,86.5999984741211,76.48999786376953,-4057.5902374267607,62.4,0.0,6,stop,-0.12022561048624593
POWL,2024-10-25,2024-11-20,189.0,84.19808959960938,89.07438014321644,841.0112346414699,49.49,0.0,18,strength,0.05274597814692604
CRS,2024-10-30,2024-11-26,100.0,158.79087829589844,193.81899097978268,3415.9164922690234,55.85,52.58,19,strength,0.2147006927549582
POWL,2024-10-25,2024-11-29,190.0,84.19808959960938,87.5666709721093,559.7581388752478,48.99,147.64,24,sma,0.034921764019046495
CAVA,2024-11-14,2024-12-10,236.0,138.33999633789062,133.50999450683594,-1264.6804321289092,62.4,0.0,17,sma,-0.038662663449673194
SEZL,2024-12-02,2024-12-10,518.0,63.836666107177734,55.0,-4702.193043518069,62.4,0.0,6,stop,-0.1419324605300565
CNX,2024-07-29,2024-12-17,566.0,25.770000457763672,36.61000061035156,6045.012500157849,59.2,20.61,99,sma,0.4135590554354727
CRS,2024-10-30,2024-12-18,101.0,158.79087829589844,173.14046743085518,1366.8332787500367,51.12,360.5,34,sma,0.08505901927583635
GVA,2024-08-05,2024-12-19,207.0,68.18153381347656,89.26757664603387,4280.010866339366,53.6,1128.85,96,sma,0.30258594499093744
GLW,2024-11-04,2024-12-19,693.0,45.712928771972656,45.82033502214697,-50.36746862920336,62.4,0.0,32,sma,-0.0015868037954799793
ZBRA,2024-11-04,2024-12-19,84.0,377.0199890136719,384.44000244140625,498.4811279296846,62.4,118.19,32,sma,0.015709059804047354
CORT,2024-11-15,2024-12-19,623.0,51.83000183105469,52.650001525878906,386.05980987548537,62.4,101.82,23,sma,0.01193292374908508
TRUP,2024-12-10,2024-12-20,599.0,53.9900016784668,48.63999938964844,-3329.4513710022,62.4,0.0,8,stop,-0.10275319853350318
FTDR,2024-09-06,2024-12-31,307.0,47.59000015258789,54.880001068115234,2157.259383840141,49.52,0.0,80,sma,0.14733988495215572
AXON,2024-12-10,2025-01-03,50.0,637.4500122070312,595.3599853515625,-2229.3013427734404,62.4,0.0,16,egg,-0.06980768063047679
PLTR,2024-12-20,2025-01-08,378.0,80.55000305175781,68.12000274658203,-4823.340115356448,62.4,0.0,11,stop,-0.15808890548407278
JEF,2024-12-17,2025-01-13,425.0,75.35093688964844,67.25347777134174,-3566.2201252803497,62.4,0.0,16,stop,-0.11114377606109507
MIR,2024-12-19,2025-01-13,1753.0,17.56999969482422,15.510000228881836,-3735.979063797,62.4,0.0,14,stop,-0.12105195019334211
DAVE,2024-12-18,2025-01-14,355.0,89.62999725341797,83.51000213623047,-2297.3982666015654,62.4,0.0,16,stop,-0.07206156437332614
WMT,2024-12-19,2025-01-15,335.0,91.92903137207031,89.63572195207107,-893.0586556997514,62.4,0.0,16,egg,-0.028940325142500715
GDDY,2024-12-19,2025-01-15,151.0,202.94000244140625,200.57000732421875,-482.6692626953154,62.4,0.0,16,egg,-0.015718879452924498
AGYS,2024-12-19,2025-01-15,228.0,134.86000061035156,134.7899932861328,-140.7616699218779,62.4,0.0,16,egg,-0.004568629547027723
VFC,2024-11-13,2025-01-22,874.0,19.26779556274414,24.002933651316013,4047.4785281768272,59.85,0.0,45,strength,0.23990409784971556
EAT,2024-12-31,2025-01-30,81.0,132.2899932861328,183.0,4032.583611307906,44.46,0.0,19,strength,0.3752652128340451
DXPE,2025-01-08,2025-02-06,151.0,84.75,104.93000030517578,2969.073016378572,47.01,0.0,19,strength,0.23144626579745078
WRBY,2025-01-15,2025-02-07,1115.0,26.299999237060547,26.489999771118164,87.05059547424025,62.4,0.0,16,egg,0.0029622245964745528
BLFS,2025-01-15,2025-02-07,1098.0,26.709999084472656,26.100000381469727,-794.5785758972197,62.4,0.0,16,egg,-0.02703569730482389
GKOS,2025-01-13,2025-02-12,174.0,151.8699951171875,142.9499969482422,-1676.8796813964873,62.4,0.0,21,sma,-0.06330767377195372
VCEL,2025-01-14,2025-02-13,496.0,58.66999816894531,55.40999984741211,-1741.7591674804717,62.4,0.0,21,sma,-0.059725540749401784
JBTM,2025-01-03,2025-02-14,233.0,126.94963073730469,123.75649391087096,-868.8008805590616,62.4,0.0,28,sma,-0.029310125156230875
RL,2025-01-15,2025-02-19,63.0,232.55673217773438,277.80667893491346,2768.39664570228,51.15,0.0,23,strength,0.18855366830225131
EAT,2024-12-31,2025-02-24,82.0,132.2899932861328,146.0,1056.0474830524472,37.33,0.0,35,sma,0.097075478205743
DXPE,2025-01-08,2025-02-24,152.0,84.75,89.79000091552734,693.2571688631269,41.52,0.0,30,sma,0.05368550327191625
WSM,2025-01-13,2025-02-24,153.0,190.3356170654297,192.14307407273634,151.74092211791503,62.4,0.0,28,sma,0.005199500584413073
DAL,2025-02-07,2025-02-24,473.0,66.80638122558594,60.129672598453936,-3282.8831806334383,62.4,0.0,10,stop,-0.10368587007495408
RJF,2025-02-07,2025-02-24,192.0,164.043212890625,149.70915588978022,-2876.9389441622006,62.4,0.0,10,stop,-0.09116152531764513
KD,2025-02-12,2025-02-25,747.0,41.150001525878906,36.97999954223633,-3239.7914817810088,62.4,0.0,8,stop,-0.10518307942937806
APP,2025-02-24,2025-02-26,71.0,410.45001220703125,328.4700012207031,-5945.3807800293,62.4,0.0,2,stop,-0.20357859714692805
VFC,2024-11-13,2025-03-05,875.0,19.26779556274414,21.86482391613675,2185.9519704535232,55.23,0.0,74,sma,0.1294187222874561
ALK,2025-02-13,2025-03-05,421.0,72.54000091552734,65.75,-2983.3903854370146,62.4,0.0,13,stop,-0.0974908729980852
RL,2025-01-15,2025-03-06,63.0,232.55673217773438,240.6812768953198,435.3363172078807,45.31,0.0,34,sma,0.029650469228160576
PODD,2025-02-24,2025-03-07,103.0,283.4800109863281,259.4800109863281,-2596.800000000003,62.4,0.0,9,stop,-0.08874659440997199
LTH,2025-03-05,2025-03-10,857.0,32.189998626708984,28.75,-3072.8788230896025,62.4,0.0,3,stop,-0.11113795768956389
UTI,2025-02-14,2025-03-11,1076.0,28.389999389648438,25.450000762939453,-3288.23852233887,62.4,0.0,16,stop,-0.10742353139322965
FISV,2025-02-24,2025-03-12,126.0,232.08999633789062,216.67999267578125,-2066.460461425784,62.4,0.0,12,stop,-0.07051384793431906
BNY,2025-02-24,2025-03-13,342.0,85.51445007324219,78.7809559571809,-2427.654987692964,62.4,0.0,13,stop,-0.08283153628756224
HWM,2025-02-24,2025-03-18,226.0,129.1233367919922,127.70814964812445,-444.632294514111,62.4,0.0,16,egg,-0.015204080387353443
V,2025-02-25,2025-03-19,84.0,348.1047668457031,332.98787327763364,-1394.6190597178393,62.4,0.0,16,egg,-0.047592721612827286
CVCO,2025-02-26,2025-03-20,54.0,530.22998046875,516.3499755859375,-874.3202636718779,62.4,0.0,16,egg,-0.030469621200195942
ESE,2025-03-06,2025-03-28,129.0,161.2720489501953,159.6756065822539,-324.25106546444295,58.9,0.0,16,egg,-0.015541543768269165
PBH,2025-03-07,2025-03-31,299.0,89.0199966430664,84.30999755859375,-1533.0897262573271,62.4,0.0,16,egg,-0.05746347118766414
JBTM,2025-03-10,2025-04-01,193.0,127.0252914428711,120.57445901503861,-1369.8106585716705,62.4,0.0,16,egg,-0.05573256505300636
PTCT,2025-03-26,2025-04-02,481.0,55.310001373291016,45.970001220703125,-4617.340073394778,62.4,0.0,5,stop,-0.17315126572690592
MWA,2025-03-25,2025-04-04,1019.0,26.1795711517334,22.971096159758474,-3394.2360168224513,62.4,0.0,8,stop,-0.12693770893529602
AM,2025-03-05,2025-04-07,1747.0,15.80136775970459,14.303124431797412,-2742.231093853843,62.4,0.0,23,sma,-0.09911419710241808
TRV,2025-03-25,2025-04-08,104.0,254.337890625,237.08469087600164,-1919.1327738958316,62.4,0.0,10,stop,-0.07238311929136516
SR,2025-03-25,2025-04-16,365.0,73.00243377685547,73.23062409663953,-41.51053327881891,62.4,0.0,16,egg,-0.0015542191535517632
DTE,2025-03-25,2025-04-16,206.0,129.1160125732422,128.74163280646616,-201.92223195586485,62.4,0.0,16,egg,-0.0075738923655918125
DGX,2025-05-13,2025-06-05,146.0,170.70506286621094,170.2061291576955,-197.64432144325838,62.4,0.0,16,egg,-0.00791041178314661
KVUE,2025-05-13,2025-06-05,1126.0,22.16559410095215,20.48817123265127,-2013.5781497067946,62.4,0.0,16,egg,-0.08047598018569915
SNEX,2025-05-14,2025-06-06,640.0,38.942222595214844,37.524444580078125,-1032.177929687503,62.4,0.0,16,egg,-0.041311205816160275
CME,2025-05-15,2025-06-10,94.0,262.5372009277344,258.82069138482,-474.151897033953,62.4,0.0,17,sma,-0.01916470123114762
KTOS,2025-05-15,2025-06-16,361.0,34.38999938964844,42.189998626708984,2739.119724578857,45.48,0.0,21,strength,0.2200805056946628
HCI,2025-06-05,2025-06-18,134.0,165.76023864746094,151.4365246874537,-2039.9076706409724,58.13,0.0,9,stop,-0.09158133978907061
PLMR,2025-05-14,2025-06-23,160.0,155.5782928466797,158.06961747385154,273.81194034749205,62.4,0.0,26,sma,0.010972259783942725
PSMT,2025-05-14,2025-06-23,249.0,100.04740142822266,100.15587937593136,-97.78899102053401,62.4,0.0,26,sma,-0.003915600077178808
SEZL,2025-06-10,2025-07-03,98.0,122.83000183105469,175.5,5080.218196191157,50.4,0.0,16,strength,0.4209527241330578
MRCY,2025-06-18,2025-07-14,510.0,51.43000030517578,50.88999938964844,-400.2004669189482,62.4,0.0,16,egg,-0.015221551461102602
DAVE,2025-06-23,2025-07-16,121.0,214.72999572753906,202.99000549316406,-1545.338818359378,62.4,0.0,16,egg,-0.05933403222199502
DAN,2025-06-05,2025-07-18,1591.0,16.116294860839844,16.458780695063442,420.0949622497428,62.4,0.0,29,sma,0.01634392927128176
PLTR,2025-06-06,2025-07-18,94.0,127.72000122070312,154.86000061035156,2476.1699426269515,43.79,0.0,28,strength,0.205715261680928
PM,2025-05-15,2025-07-23,153.0,162.0087432861328,157.3030724309252,-844.7676408467669,62.4,0.0,46,sma,-0.03399503247361911
WOR,2025-07-14,2025-08-05,423.0,63.103240966796875,62.333691272476756,-450.3195206974124,62.4,0.0,16,egg,-0.016831183961095918
SEZL,2025-06-10,2025-08-07,99.0,122.83000183105469,145.3699951171875,2156.7209596926314,43.38,0.0,40,sma,0.17690324471006705
ESE,2025-07-16,2025-08-07,138.0,194.54824829101562,192.58079990910417,-396.30787670378413,62.4,0.0,16,egg,-0.014727128154590511
VIRT,2025-05-15,2025-08-08,624.0,39.8125114440918,41.47603225708008,913.2369873046846,62.4,0.0,58,sma,0.03666822156852572
NFG,2025-05-13,2025-08-19,323.0,77.21456146240234,82.93093687651591,1721.5892587586823,62.4,0.0,67,sma,0.06885612465567488
JBL,2025-08-08,2025-08-20,120.0,223.99913024902344,204.8837162003779,-2418.6496858374667,62.4,0.0,8,stop,-0.08977147749632894
CAKE,2025-06-23,2025-08-26,445.0,58.77352523803711,60.7312926541813,746.4065001841627,62.4,0.0,45,sma,0.028470738650353183
ULTA,2025-08-07,2025-09-02,53.0,506.1700134277344,491.260009765625,-915.0301940917998,62.4,0.0,17,sma,-0.03402938814477922
STX,2025-08-05,2025-09-05,90.0,150.4973602294922,184.476810387654,2978.0405142345626,48.91,0.0,22,strength,0.21936128150324055
PLTR,2025-06-06,2025-09-08,94.0,127.72000122070312,154.91000366210938,2480.8602294921875,43.8,0.0,63,sma,0.20610492136188552
MP,2025-08-19,2025-09-08,399.0,69.29000091552734,62.650001525878906,-2774.1597564697295,62.4,0.0,13,stop,-0.10011724374753861
AWI,2025-09-08,2025-09-30,140.0,195.48533630371094,192.21069303983361,-583.2500569428266,62.4,0.0,16,egg,-0.02126294848505628
NEU,2025-07-23,2025-10-09,18.0,713.5557861328125,862.3677021995339,2602.047732444229,46.21,0.0,55,strength,0.20211082718674336
NEU,2025-07-23,2025-10-10,19.0,713.5557861328125,770.1210577941732,998.7169183226124,43.98,0.0,56,sma,0.0734912495318174
BNY,2025-09-02,2025-10-13,270.0,102.90696716308594,103.74242771431194,100.77434883101887,62.4,0.0,29,sma,0.0036188218284570256
LITE,2025-09-30,2025-10-13,181.0,162.7100067138672,158.3000030517578,-923.0106628417998,62.4,0.0,9,stop,-0.031274809052592244
GS,2025-07-18,2025-10-17,39.0,694.28369140625,747.1676310160249,1937.6736447812182,62.4,0.0,64,sma,0.07139690184342865
VSAT,2025-08-26,2025-10-21,449.0,30.799999237060547,36.849998474121094,2636.5243626682186,48.76,0.0,39,strength,0.19022041423573208
TLN,2025-10-13,2025-10-22,67.0,435.8299865722656,379.94000244140625,-3869.428936767581,62.4,0.0,7,stop,-0.1322293590347954
MP,2025-10-10,2025-10-23,390.0,78.33999633789062,70.875,-3036.1485717773467,62.4,0.0,9,stop,-0.09917193249769549
APH,2025-08-20,2025-10-24,125.0,107.91442108154297,136.4500078751984,3485.83265199577,50.04,0.0,46,strength,0.2578206442375464
TR,2025-10-13,2025-10-27,733.0,40.370452880859375,36.18588832876632,-3192.0858166842154,62.4,0.0,10,stop,-0.10764456950816995
FIX,2025-09-08,2025-10-27,19.0,714.4070434570312,996.7189958538809,5277.987095540142,54.74,0.0,35,strength,0.38794654668413603
HII,2025-08-07,2025-10-31,51.0,262.0251159667969,312.46162438435266,2494.124841916706,47.24,0.0,60,strength,0.18620962343511416
KTOS,2025-05-15,2025-11-06,361.0,34.38999938964844,77.94999694824219,15631.559118652342,62.4,0.0,121,sma,1.255951466728224
AVAV,2025-10-27,2025-11-07,80.0,380.1300048828125,319.8999938964844,-4943.200878906253,62.4,0.0,9,stop,-0.1622168233815175
DY,2025-10-17,2025-11-10,104.0,292.489990234375,292.07000732421875,-168.4782226562529,62.4,0.0,16,egg,-0.005527254304593711
DELL,2025-10-22,2025-11-13,198.0,148.76914978027344,138.53278914176448,-2151.599406424775,62.4,0.0,16,egg,-0.07288938925419552
SCHL,2025-10-23,2025-11-14,1020.0,28.356325149536133,27.78321233234295,-709.3750735370522,62.4,0.0,16,egg,-0.024473149246770954
VSAT,2025-08-26,2025-11-18,450.0,30.799999237060547,32.75,802.025638094723,44.24,0.0,59,sma,0.057736095814074205
FLEX,2025-11-06,2025-11-19,477.0,63.310001373291016,57.68000030517578,-2810.3105094909697,62.4,0.0,9,stop,-0.09286822557865969
PAHC,2025-11-18,2025-12-08,673.0,42.98164367675781,39.442203005077815,-2506.8435720406414,62.4,0.0,13,stop,-0.08647554511537837
COHR,2025-11-13,2025-12-08,107.0,139.97000122070312,187.24000549316406,4969.200457153318,57.49,0.0,16,strength,0.331103659711003
DINO,2025-11-19,2025-12-09,543.0,52.8226203918457,48.31813853970069,-2570.733645714743,62.4,0.0,13,stop,-0.08943211808061201
CIEN,2025-11-14,2025-12-12,76.0,191.7100067138672,236.0,3282.5994897460914,52.24,0.0,19,strength,0.22481771140320192
APH,2025-08-20,2025-12-15,126.0,107.91442108154297,129.44799237322033,2633.725679962503,48.18,0.0,81,sma,0.19325073832725478
FIX,2025-09-08,2025-12-18,19.0,714.4070434570312,906.703465576175,3571.962020263727,50.47,0.0,72,sma,0.2625490183216124
HCA,2025-11-10,2026-01-02,64.0,457.0207824707031,464.1779103383876,333.2561835318047,62.4,0.0,36,sma,0.011369379516104028
LVS,2025-12-09,2026-01-02,467.0,65.28602600097656,64.07719861231696,-689.3223905040359,62.4,0.0,16,egg,-0.02256302490682609
CALY,2025-12-08,2026-01-09,1348.0,11.1899995803833,13.619999885559082,3191.1519797862984,53.3,0.0,22,strength,0.21112054138014041
HL,2026-01-02,2026-01-27,808.0,18.8619384765625,29.83724394784525,8774.466115787185,62.4,0.0,16,strength,0.5745600072077
SMTC,2025-12-15,2026-02-03,210.0,72.54000091552734,88.1500015258789,3193.294237437485,53.68,0.0,33,strength,0.20919707694000703
SHOO,2025-12-18,2026-02-04,704.0,42.43595504760742,41.76331288058134,-598.3400855863656,62.4,0.0,31,sma,-0.019986432934287795
MS,2025-11-07,2026-02-06,185.0,159.72750854492188,176.959650986948,3063.146351774827,62.4,0.0,61,sma,0.10344277594509303
FTRE,2026-01-02,2026-02-06,1815.0,16.809999465942383,14.0,-5224.949030685428,62.4,0.0,24,stop,-0.1709032840356618
HL,2026-01-02,2026-02-13,809.0,18.8619384765625,21.350871749366064,1931.747722707356,50.58,0.0,29,sma,0.1263362379002966
CALY,2025-12-08,2026-02-17,1349.0,11.1899995803833,12.479999542236328,1659.508380130388,49.49,0.0,47,sma,0.10970852979829045
TPC,2026-02-04,2026-03-02,455.0,78.62574768066406,74.03766516228082,-2212.3775458643795,62.4,0.0,17,sma,-0.06173425326912023
LRCX,2026-02-06,2026-03-03,147.0,230.57113647460938,223.34489019072936,-1187.0582037303684,62.4,0.0,16,egg,-0.03495834967134654
STX,2025-08-05,2026-03-04,90.0,150.4973602294922,366.5986800645295,19355.51878515336,62.4,871.18,145,sma,1.425719826367972
SMTC,2025-12-15,2026-03-09,211.0,72.54000091552734,80.97000122070312,1697.3459551284304,50.11,447.67,56,sma,0.11066846440676044
MU,2026-02-06,2026-03-09,86.0,394.4635925292969,363.75121121460063,-2766.0647930638806,62.4,0.0,20,sma,-0.08138771562483864
TTMI,2026-03-03,2026-03-09,349.0,104.05000305175781,86.41999816894531,-6277.671704101565,62.4,0.0,4,stop,-0.17257800217163416
MTRN,2026-02-17,2026-03-11,229.0,152.97927856445312,146.19791586255616,-1677.7320587344075,62.4,0.0,16,egg,-0.047805914282771124
BTSG,2026-03-09,2026-03-13,775.0,42.22999954223633,38.95000076293945,-2666.799053955081,62.4,0.0,4,stop,-0.08132803353418035
HII,2025-08-07,2026-03-23,52.0,262.0251159667969,403.2384307000238,7251.76945350644,59.82,0.0,156,sma,0.5310002859254545
RTX,2026-02-13,2026-03-23,177.0,197.91311645507812,195.70198576548654,-516.1701320577122,62.4,0.0,25,sma,-0.014708626055532822
JOE,2026-03-02,2026-03-23,496.0,72.17372131347656,65.0766462963941,-3644.9492084729027,62.4,0.0,15,stop,-0.10164226721072246
JNJ,2026-03-04,2026-03-26,143.0,243.8973388671875,238.62764275887116,-878.3665434892391,62.4,0.0,16,egg,-0.02513948472153307
COHR,2025-11-13,2026-03-31,107.0,139.97000122070312,224.0800018310547,8906.170065307615,62.4,0.0,93,sma,0.593428566236838
DMC,2026-03-09,2026-03-31,795.0,41.12923049926758,40.736775392497876,-436.8018098819157,62.4,0.0,16,egg,-0.013333332313486579
MUR,2026-03-09,2026-03-31,495.0,33.03226089477539,41.04989804453922,3879.3303891330943,58.2,309.3,16,strength,0.23680199827573603
PWR,2026-03-13,2026-04-07,58.0,558.8248291015625,550.0059643809929,-636.2941537930419,62.4,0.0,16,egg,-0.019593811958984398
AIR,2026-04-21,2026-04-30,289.0,116.54000091552734,107.27999877929688,-2800.9406173706084,62.4,0.0,7,stop,-0.08300937736630265
AA,2026-04-22,2026-04-30,495.0,68.2879867553711,63.33554047982194,-2576.260906396834,62.4,0.0,6,stop,-0.07607454445977475
MUR,2026-03-09,2026-05-11,495.0,33.03226089477539,36.97728982213721,1868.4293190440985,53.16,0.0,44,sma,0.11405262042800333
FIVE,2026-04-27,2026-05-12,143.0,234.25,208.14999389648438,-3857.1008728027373,62.4,0.0,11,stop,-0.11493097834195429
BOH,2026-04-22,2026-05-14,437.0,77.40257263183594,75.68824027987083,-873.9632378087554,62.4,0.0,16,egg,-0.025790269884284584
SCHL,2026-04-23,2026-05-15,805.0,41.85090637207031,39.15999984741211,-2290.9797523498564,62.4,0.0,16,egg,-0.06787609577448532
DIOD,2026-05-12,2026-05-19,286.0,103.44999694824219,92.01000213623047,-3396.6385162353545,62.4,0.0,5,stop,-0.11456127222157657
ICHR,2026-05-15,2026-05-19,428.0,73.2699966430664,63.900001525878906,-4135.157910156253,62.4,0.0,2,stop,-0.13160089629151567
AGX,2026-04-28,2026-05-21,53.0,630.183349609375,636.5181276530516,210.94323631485895,62.4,0.0,17,breakeven,0.006303941647750569
DAR,2026-05-11,2026-05-22,399.0,63.81999969482422,57.9900016784668,-2450.9692085266142,62.4,0.0,9,stop,-0.09601635707635174
NE,2026-03-11,2026-05-28,736.0,44.84415054321289,47.02056812462339,1477.0433399181202,62.4,0.0,54,sma,0.044667260565343196
LITE,2026-05-21,2026-05-29,34.0,964.5,860.6799926757812,-3654.6802490234404,62.4,0.0,5,stop,-0.11123529919049654
ARWR,2026-05-28,2026-06-03,438.0,79.05000305175781,71.38999938964844,-3479.881604003909,62.4,0.0,4,stop,-0.10032437792163854
GLW,2026-04-30,2026-06-03,100.0,163.98867797851562,201.0,3612.4374260290315,57.65,0.0,23,strength,0.2198695464607659
CIEN,2025-11-14,2026-06-08,76.0,191.7100067138672,489.7799987792969,22559.719396972654,62.4,0.0,139,sma,1.5450634476026557
INTC,2026-05-19,2026-06-08,296.0,110.80000305175781,111.0,-65.60090332031541,62.4,0.0,13,stop,-0.0019964241830873817
GLW,2026-04-30,2026-06-10,101.0,163.98867797851562,173.66000366210938,894.1986701623719,51.25,106.64,28,sma,0.053886179491006644
UCTT,2026-04-30,2026-06-12,211.0,78.1500015258789,104.47000122070312,5459.919935607908,62.4,1440.05,30,strength,0.3304866171658412
WDC,2026-05-19,2026-06-15,22.0,455.6811828613281,618.780029296875,3518.066399359808,41.43,927.89,18,strength,0.3499287735861539
POWI,2026-05-14,2026-06-22,231.0,71.49302673339844,89.29000091552734,4020.9410360717775,58.96,1060.52,25,strength,0.2430145875223664
STRL,2026-05-22,2026-06-23,16.0,732.9400024414062,866.739990234375,2067.5298046874996,42.07,545.31,20,strength,0.17583667264989314
DOCN,2026-06-08,2026-06-25,189.0,169.32000732421875,150.97999572753906,-3591.062191772464,62.4,0.0,12,stop,-0.11199711440840583
VECO,2026-06-03,2026-06-26,287.0,60.459999084472656,71.93000030517578,3201.6803503417977,59.01,0.0,16,strength,0.18418224004165226
VSH,2026-06-25,2026-07-01,597.0,59.90999984741211,52.81999969482422,-4357.530091094974,62.4,0.0,4,stop,-0.12162131896534434
POWI,2026-05-14,2026-07-06,231.0,71.49302673339844,74.08000183105469,516.2112475585927,50.18,0.0,34,sma,0.031198384227591604
STRL,2026-05-22,2026-07-06,16.0,732.9400024414062,714.239990234375,-366.3701953125001,35.97,0.0,28,breakeven,-0.031158591259862665
FLEX,2026-05-29,2026-07-06,195.0,150.77999877929688,138.52000427246094,-2515.4989288330107,62.4,0.0,24,stop,-0.0853738888884985
VECO,2026-06-03,2026-07-06,287.0,60.459999084472656,58.22999954223633,-720.3898686218272,49.18,0.0,21,breakeven,-0.041441682237864576
TTMI,2026-06-08,2026-07-06,179.0,178.3800048828125,156.88999938964844,-3971.51098327637,62.4,0.0,18,stop,-0.12413912029086481
ACMR,2026-06-10,2026-07-06,206.0,79.95999908447266,102.0,4449.110188598632,59.93,0.0,16,strength,0.2695946811628835
UCTT,2026-04-30,2026-07-08,211.0,78.1500015258789,89.5999984741211,2330.089356079101,54.66,0.0,46,sma,0.14103931157719007
MYRG,2026-07-01,2026-07-08,80.0,463.1099853515625,410.6199951171875,-4323.999218750003,62.4,0.0,4,stop,-0.11651467361040968
KLIC,2026-07-06,2026-07-08,273.0,119.61000061035156,105.2699966430664,-4039.6210830688506,62.4,0.0,2,stop,-0.12347566040441454
WDC,2026-05-19,2026-07-16,23.0,455.6811828613281,486.67999267578125,647.6108479546456,35.38,0.0,39,sma,0.06161473463397423
ACMR,2026-06-10,2026-07-17,206.0,79.95999908447266,78.67500305175781,-343.8291827392586,47.92,0.0,25,sma,-0.02083439496118254
AMAT,2026-07-06,2026-07-20,55.0,592.1567993164062,545.0471933385277,-2715.8283287833256,62.4,0.0,10,stop,-0.08322841268826006
ASTH,2026-07-16,2026-07-24,709.0,45.099998474121094,40.88999938964844,-3109.689350891116,62.4,0.0,6,stop,-0.09706162486452323
MTRN,2026-07-06,2026-07-28,124.0,261.64520263671875,237.1696791992606,-3159.7649062448145,62.4,0.0,16,egg,-0.09720437845724296
OGN,2026-07-06,2026-07-28,2415.0,13.540233612060547,13.50029182434082,-221.25941734314256,62.4,0.0,16,egg,-0.00675352493585051
BEN,2026-07-08,2026-07-30,943.0,33.5,32.540000915527344,-1030.0791366577178,62.4,0.0,16,egg,-0.03254296246655813
VSTS,2026-07-06,2026-08-07,2406.0,13.59000015258789,13.869999885559082,548.8793575286836,62.4,0.0,24,sma,0.016754589641422735
AMN,2026-07-08,2026-08-07,985.0,32.08000183105469,31.670000076293945,-528.651728439334,62.4,0.0,22,sma,-0.016697146612400862
ARMK,2026-07-20,2026-08-11,531.0,56.31807327270508,59.83109046781245,1740.612130602014,62.4,0.0,16,egg,0.058083721596811404
LQDA,2026-07-17,2026-08-14,233.0,79.94000244140625,71.9800033569336,-1957.9797866821318,49.33,0.0,20,stop,-0.10481695798858837
JBHT,2026-07-24,2026-08-17,100.0,287.8145446777344,279.7099914550781,-935.2553222656279,62.4,0.0,16,egg,-0.032424769141397754
DCOM,2026-04-27,2026-08-20,938.0,35.87079620361328,39.61000061035156,3382.573733520505,62.4,0.0,80,sma,0.10034569337917795
CSX,2026-07-29,2026-08-20,604.0,50.7400016784668,50.45000076293945,-299.96055297851854,62.4,0.0,16,egg,-0.009767723686721554
CDP,2026-07-30,2026-08-21,797.0,38.349998474121094,37.31999969482422,-945.7090270996123,62.4,0.0,16,egg,-0.03087792658036186
DELL,2026-08-07,2026-08-25,66.0,453.7699890136719,433.19000244140625,-1483.0791137695342,62.4,0.0,12,delisted,-0.04941748951232372
ARWR,2026-08-14,2026-08-25,252.0,86.63999938964844,86.7300033569336,-101.33900024414106,62.04,0.0,7,delisted,-0.004628353395028037
CBRL,2026-08-17,2026-08-25,472.0,59.040000915527344,58.02000045776367,-606.240216064456,62.4,0.0,6,delisted,-0.021706259763393604
AMN,2026-08-20,2026-08-25,860.0,34.790000915527344,34.5099983215332,-365.60223083496385,62.4,0.0,3,delisted,-0.012194138485143188
