date,cash_fraction
2007-01-03,1.0
2007-01-04,0.9000805236374734
2007-01-05,1.0
2007-01-08,1.0
2007-01-09,0.9003004167875075
2007-01-10,1.0
2007-01-11,1.0
2007-01-12,1.0
2007-01-16,0.9016425354693071
2007-01-17,1.0
2007-01-18,1.0
2007-01-19,1.0
2007-01-22,1.0
2007-01-23,1.0
2007-01-24,1.0
2007-01-25,0.9009986750345146
2007-01-26,1.0
2007-01-29,0.9001407452141983
2007-01-30,1.0
2007-01-31,1.0
2007-02-01,1.0
2007-02-02,1.0
2007-02-05,1.0
2007-02-06,1.0
2007-02-07,0.8989904503736017
2007-02-08,1.0
2007-02-09,0.9002145509362413
2007-02-12,1.0
2007-02-13,1.0
2007-02-14,0.8008272246211127
2007-02-15,1.0
2007-02-16,1.0
2007-02-20,1.0
2007-02-21,1.0
2007-02-22,1.0
2007-02-23,1.0
2007-02-26,1.0
2007-02-27,1.0
2007-02-28,1.0
2007-03-01,1.0
2007-03-02,1.0
2007-03-05,1.0
2007-03-06,1.0
2007-03-07,1.0
2007-03-08,1.0
2007-03-09,1.0
2007-03-12,1.0
2007-03-13,1.0
2007-03-14,1.0
2007-03-15,0.8998063529970377
2007-03-16,0.7020115446797877
2007-03-19,0.7987789686726363
2007-03-20,0.5986480889427883
2007-03-21,0.7962204437085205
2007-03-22,0.5999521794319342
2007-03-23,0.7998989844036899
2007-03-26,0.8024212581800327
2007-03-27,0.9012186208117372
2007-03-28,0.802029159304616
2007-03-29,0.9004414698817175
2007-03-30,0.7995506429589032
2007-04-02,0.7994425031401167
2007-04-03,0.7993185648130978
2007-04-04,0.7002571068921739
2007-04-05,0.8990836736749162
2007-04-09,0.7988846324297012
2007-04-10,0.7964726819013666
2007-04-11,0.8985336545082583
2007-04-12,0.8915662158638092
2007-04-13,0.6916952896460058
2007-04-16,0.689254335758636
2007-04-17,0.7889186727763959
2007-04-18,0.5902625083279924
2007-04-19,0.793507881313155
2007-04-20,0.7933947585297225
2007-04-23,0.7913392396098125
2007-04-24,0.7923762336254336
2007-04-25,0.6888643386597346
2007-04-26,0.7892565322255284
2007-04-27,0.7895669300620439
2007-04-30,0.7903779926413498
2007-05-01,0.7917691796100002
2007-05-02,0.7893356809536355
2007-05-03,0.7893786955701518
2007-05-04,0.7868901939763898
2007-05-07,0.5902939001734577
2007-05-08,0.7889886597933247
2007-05-09,0.6903120835013659
2007-05-10,0.8941202272006924
2007-05-11,0.8927488398094962
2007-05-14,0.8937853362189171
2007-05-15,0.8957983355939256
2007-05-16,0.8929159000227767
2007-05-17,0.8940197482466263
2007-05-18,0.8939192527132849
2007-05-21,0.6913005440628397
2007-05-22,0.6913230942064792
2007-05-23,0.5900773059231095
2007-05-24,0.7904029176848053
2007-05-25,0.788116138629311
2007-05-29,0.5884411946645828
2007-05-30,0.7883310235338549
2007-05-31,0.4895893111131021
2007-06-01,0.4890172421247029
2007-06-04,0.6865860998183351
2007-06-05,0.6877198868731642
2007-06-06,0.6953592466874887
2007-06-07,0.8069356202714638
2007-06-08,0.8973456260465752
2007-06-11,0.7975504152271311
2007-06-12,0.898975327738671
2007-06-13,0.8992990881175478
2007-06-14,0.8977693733053054
2007-06-15,1.0
2007-06-18,1.0
2007-06-19,1.0
2007-06-20,1.0
2007-06-21,1.0
2007-06-22,1.0
2007-06-25,1.0
2007-06-26,1.0
2007-06-27,1.0
2007-06-28,1.0
2007-06-29,0.9021689372084546
2007-07-02,0.8989894942707343
2007-07-03,0.9003833864156744
2007-07-05,0.6985035485600812
2007-07-06,0.9001668487819782
2007-07-09,0.8008785621700263
2007-07-10,0.9015805514823841
2007-07-11,0.9009096033004688
2007-07-12,0.7975069675831168
2007-07-13,0.6997430066039744
2007-07-16,0.8988955278098989
2007-07-17,0.7980038546921135
2007-07-18,0.9002625206732626
2007-07-19,0.8995009571444939
2007-07-20,0.9015448667658075
2007-07-23,0.9005675224723183
2007-07-24,0.9024937489304977
2007-07-25,0.9048900128102401
2007-07-26,0.9017224332442848
2007-07-27,1.0
2007-07-30,1.0
2007-07-31,1.0
2007-08-01,1.0
2007-08-02,1.0
2007-08-03,1.0
2007-08-06,1.0
2007-08-07,1.0
2007-08-08,0.9001239730793358
2007-08-09,1.0
2007-08-10,1.0
2007-08-13,1.0
2007-08-14,1.0
2007-08-15,1.0
2007-08-16,1.0
2007-08-17,1.0
2007-08-20,1.0
2007-08-21,1.0
2007-08-22,0.4987452952602205
2007-08-23,1.0
2007-08-24,0.7995686722977304
2007-08-27,1.0
2007-08-28,1.0
2007-08-29,1.0
2007-08-30,0.601399315894197
2007-08-31,0.8011384767781922
2007-09-04,0.5002595251720808
2007-09-05,0.7988721348898464
2007-09-06,0.8005662958609205
2007-09-07,1.0
2007-09-10,0.9013399137343394
2007-09-11,0.8987779267167577
2007-09-12,0.8000043035201748
2007-09-13,0.8943205351410987
2007-09-14,0.6924996956491459
2007-09-17,0.793448651469925
2007-09-18,0.48938660656758237
2007-09-19,0.7930285920588186
2007-09-20,0.6940127145355761
2007-09-21,0.794988762063725
2007-09-24,0.7953155491122906
2007-09-25,0.697088384469563
2007-09-26,0.7961703816916782
2007-09-27,0.6985134933951211
2007-09-28,0.798218365330077
2007-10-01,0.7938627096111809
2007-10-02,0.7938731545102667
2007-10-03,0.7933274092538128
2007-10-04,0.7922650816495436
2007-10-05,0.6913567751457355
2007-10-08,0.7911770427767595
2007-10-09,0.7895879258525513
2007-10-10,0.7898507531211165
2007-10-11,0.6923026353587345
2007-10-12,0.791138157788607
2007-10-15,0.7936033953884312
2007-10-16,0.7938225579827355
2007-10-17,0.8898895014894517
2007-10-18,0.8901821215125888
2007-10-19,0.8908194825447594
2007-10-22,0.8915095267250137
2007-10-23,0.7893211944436486
2007-10-24,0.8897105150833536
2007-10-25,0.7881469159545524
2007-10-26,0.788495372980886
2007-10-29,0.7839744012911015
2007-10-30,0.8862713515060197
2007-10-31,0.8853015761687096
2007-11-01,0.8865780273540141
2007-11-02,0.8865439826121405
2007-11-05,0.8854376003976198
2007-11-06,0.6805502796689158
2007-11-07,0.7890393091192272
2007-11-08,0.7856856566642868
2007-11-09,0.7898946066397223
2007-11-12,0.7910561433270434
2007-11-13,0.7895566906734752
2007-11-14,0.7900988495968873
2007-11-15,0.7906779003012725
2007-11-16,0.7897904959962883
2007-11-19,0.8846988255266651
2007-11-20,0.884907772220345
2007-11-21,0.8869151202513574
2007-11-23,0.8862333002974254
2007-11-26,0.8878081747281182
2007-11-27,0.8866877118401487
2007-11-28,0.8857968312025306
2007-11-29,0.8851342018655919
2007-11-30,0.8849251593294999
2007-12-03,0.7825366335934583
2007-12-04,0.7827355111414895
2007-12-05,0.8829322612183934
2007-12-06,0.7809448935519944
2007-12-07,0.5841675183512652
2007-12-10,0.7743092472371642
2007-12-11,0.676758771652649
2007-12-12,0.7778418887345913
2007-12-13,0.6768686471521251
2007-12-14,0.6803050566441263
2007-12-17,0.7841693695476226
2007-12-18,0.7841986156001566
2007-12-19,0.78552029792333
2007-12-20,0.7844816104946221
2007-12-21,0.7831350720242324
2007-12-24,0.6820681949463507
2007-12-26,0.48211507039999424
2007-12-27,0.7846373719884991
2007-12-28,0.7846617918201081
2007-12-31,0.7862657372219511
2008-01-02,0.7864219990958456
2008-01-03,0.899024415464335
2008-01-04,0.8994213901542685
2008-01-07,0.8988480894977355
2008-01-08,0.9028588135090437
2008-01-09,1.0
2008-01-10,1.0
2008-01-11,1.0
2008-01-14,1.0
2008-01-15,1.0
2008-01-16,1.0
2008-01-17,1.0
2008-01-18,1.0
2008-01-22,1.0
2008-01-23,1.0
2008-01-24,1.0
2008-01-25,1.0
2008-01-28,1.0
2008-01-29,1.0
2008-01-30,1.0
2008-01-31,1.0
2008-02-01,1.0
2008-02-04,1.0
2008-02-05,1.0
2008-02-06,1.0
2008-02-07,1.0
2008-02-08,1.0
2008-02-11,1.0
2008-02-12,1.0
2008-02-13,1.0
2008-02-14,1.0
2008-02-15,1.0
2008-02-19,1.0
2008-02-20,1.0
2008-02-21,1.0
2008-02-22,1.0
2008-02-25,1.0
2008-02-26,1.0
2008-02-27,1.0
2008-02-28,1.0
2008-02-29,1.0
2008-03-03,1.0
2008-03-04,1.0
2008-03-05,1.0
2008-03-06,1.0
2008-03-07,1.0
2008-03-10,1.0
2008-03-11,1.0
2008-03-12,1.0
2008-03-13,1.0
2008-03-14,1.0
2008-03-17,1.0
2008-03-18,1.0
2008-03-19,1.0
2008-03-20,1.0
2008-03-24,1.0
2008-03-25,1.0
2008-03-26,1.0
2008-03-27,1.0
2008-03-28,1.0
2008-03-31,1.0
2008-04-01,1.0
2008-04-02,1.0
2008-04-03,1.0
2008-04-04,1.0
2008-04-07,1.0
2008-04-08,1.0
2008-04-09,1.0
2008-04-10,1.0
2008-04-11,1.0
2008-04-14,1.0
2008-04-15,1.0
2008-04-16,1.0
2008-04-17,1.0
2008-04-18,1.0
2008-04-21,1.0
2008-04-22,1.0
2008-04-23,1.0
2008-04-24,1.0
2008-04-25,1.0
2008-04-28,1.0
2008-04-29,1.0
2008-04-30,1.0
2008-05-01,1.0
2008-05-02,1.0
2008-05-05,1.0
2008-05-06,1.0
2008-05-07,0.804217940433896
2008-05-08,1.0
2008-05-09,1.0
2008-05-12,1.0
2008-05-13,1.0
2008-05-14,1.0
2008-05-15,1.0
2008-05-16,1.0
2008-05-19,0.9007643488232017
2008-05-20,1.0
2008-05-21,0.9020592715818708
2008-05-22,1.0
2008-05-23,1.0
2008-05-27,1.0
2008-05-28,1.0
2008-05-29,1.0
2008-05-30,1.0
2008-06-02,1.0
2008-06-03,1.0
2008-06-04,1.0
2008-06-05,1.0
2008-06-06,1.0
2008-06-09,1.0
2008-06-10,1.0
2008-06-11,1.0
2008-06-12,1.0
2008-06-13,1.0
2008-06-16,1.0
2008-06-17,1.0
2008-06-18,1.0
2008-06-19,1.0
2008-06-20,1.0
2008-06-23,1.0
2008-06-24,1.0
2008-06-25,1.0
2008-06-26,1.0
2008-06-27,1.0
2008-06-30,1.0
2008-07-01,1.0
2008-07-02,1.0
2008-07-03,1.0
2008-07-07,1.0
2008-07-08,1.0
2008-07-09,1.0
2008-07-10,1.0
2008-07-11,1.0
2008-07-14,1.0
2008-07-15,1.0
2008-07-16,1.0
2008-07-17,1.0
2008-07-18,1.0
2008-07-21,1.0
2008-07-22,1.0
2008-07-23,1.0
2008-07-24,1.0
2008-07-25,1.0
2008-07-28,1.0
2008-07-29,1.0
2008-07-30,1.0
2008-07-31,1.0
2008-08-01,1.0
2008-08-04,1.0
2008-08-05,1.0
2008-08-06,1.0
2008-08-07,1.0
2008-08-08,1.0
2008-08-11,1.0
2008-08-12,1.0
2008-08-13,1.0
2008-08-14,1.0
2008-08-15,1.0
2008-08-18,1.0
2008-08-19,1.0
2008-08-20,1.0
2008-08-21,1.0
2008-08-22,1.0
2008-08-25,1.0
2008-08-26,1.0
2008-08-27,1.0
2008-08-28,1.0
2008-08-29,1.0
2008-09-02,1.0
2008-09-03,1.0
2008-09-04,1.0
2008-09-05,1.0
2008-09-08,1.0
2008-09-09,1.0
2008-09-10,1.0
2008-09-11,1.0
2008-09-12,1.0
2008-09-15,1.0
2008-09-16,1.0
2008-09-17,1.0
2008-09-18,1.0
2008-09-19,1.0
2008-09-22,1.0
2008-09-23,1.0
2008-09-24,1.0
2008-09-25,1.0
2008-09-26,1.0
2008-09-29,1.0
2008-09-30,1.0
2008-10-01,1.0
2008-10-02,1.0
2008-10-03,1.0
2008-10-06,1.0
2008-10-07,1.0
2008-10-08,1.0
2008-10-09,1.0
2008-10-10,1.0
2008-10-13,1.0
2008-10-14,1.0
2008-10-15,1.0
2008-10-16,1.0
2008-10-17,1.0
2008-10-20,1.0
2008-10-21,1.0
2008-10-22,1.0
2008-10-23,1.0
2008-10-24,1.0
2008-10-27,1.0
2008-10-28,1.0
2008-10-29,1.0
2008-10-30,1.0
2008-10-31,1.0
2008-11-03,1.0
2008-11-04,1.0
2008-11-05,1.0
2008-11-06,1.0
2008-11-07,1.0
2008-11-10,1.0
2008-11-11,1.0
2008-11-12,1.0
2008-11-13,1.0
2008-11-14,1.0
2008-11-17,1.0
2008-11-18,1.0
2008-11-19,1.0
2008-11-20,1.0
2008-11-21,1.0
2008-11-24,1.0
2008-11-25,1.0
2008-11-26,1.0
2008-11-28,1.0
2008-12-01,1.0
2008-12-02,1.0
2008-12-03,1.0
2008-12-04,1.0
2008-12-05,1.0
2008-12-08,1.0
2008-12-09,1.0
2008-12-10,1.0
2008-12-11,1.0
2008-12-12,1.0
2008-12-15,1.0
2008-12-16,1.0
2008-12-17,1.0
2008-12-18,1.0
2008-12-19,1.0
2008-12-22,1.0
2008-12-23,1.0
2008-12-24,1.0
2008-12-26,1.0
2008-12-29,1.0
2008-12-30,1.0
2008-12-31,1.0
2009-01-02,1.0
2009-01-05,1.0
2009-01-06,1.0
2009-01-07,1.0
2009-01-08,1.0
2009-01-09,1.0
2009-01-12,1.0
2009-01-13,1.0
2009-01-14,1.0
2009-01-15,1.0
2009-01-16,1.0
2009-01-20,1.0
2009-01-21,1.0
2009-01-22,1.0
2009-01-23,1.0
2009-01-26,1.0
2009-01-27,1.0
2009-01-28,1.0
2009-01-29,1.0
2009-01-30,1.0
2009-02-02,1.0
2009-02-03,1.0
2009-02-04,1.0
2009-02-05,1.0
2009-02-06,1.0
2009-02-09,1.0
2009-02-10,1.0
2009-02-11,1.0
2009-02-12,1.0
2009-02-13,1.0
2009-02-17,1.0
2009-02-18,1.0
2009-02-19,1.0
2009-02-20,1.0
2009-02-23,1.0
2009-02-24,1.0
2009-02-25,1.0
2009-02-26,1.0
2009-02-27,1.0
2009-03-02,1.0
2009-03-03,1.0
2009-03-04,1.0
2009-03-05,1.0
2009-03-06,1.0
2009-03-09,1.0
2009-03-10,1.0
2009-03-11,1.0
2009-03-12,1.0
2009-03-13,1.0
2009-03-16,1.0
2009-03-17,1.0
2009-03-18,1.0
2009-03-19,1.0
2009-03-20,1.0
2009-03-23,1.0
2009-03-24,1.0
2009-03-25,1.0
2009-03-26,1.0
2009-03-27,1.0
2009-03-30,1.0
2009-03-31,1.0
2009-04-01,1.0
2009-04-02,1.0
2009-04-03,1.0
2009-04-06,1.0
2009-04-07,1.0
2009-04-08,1.0
2009-04-09,1.0
2009-04-13,1.0
2009-04-14,1.0
2009-04-15,1.0
2009-04-16,1.0
2009-04-17,1.0
2009-04-20,1.0
2009-04-21,1.0
2009-04-22,1.0
2009-04-23,1.0
2009-04-24,1.0
2009-04-27,1.0
2009-04-28,1.0
2009-04-29,1.0
2009-04-30,1.0
2009-05-01,1.0
2009-05-04,1.0
2009-05-05,1.0
2009-05-06,1.0
2009-05-07,1.0
2009-05-08,1.0
2009-05-11,1.0
2009-05-12,1.0
2009-05-13,1.0
2009-05-14,1.0
2009-05-15,1.0
2009-05-18,1.0
2009-05-19,1.0
2009-05-20,1.0
2009-05-21,1.0
2009-05-22,1.0
2009-05-26,1.0
2009-05-27,1.0
2009-05-28,1.0
2009-05-29,1.0
2009-06-01,1.0
2009-06-02,1.0
2009-06-03,1.0
2009-06-04,1.0
2009-06-05,1.0
2009-06-08,1.0
2009-06-09,1.0
2009-06-10,1.0
2009-06-11,1.0
2009-06-12,1.0
2009-06-15,1.0
2009-06-16,1.0
2009-06-17,1.0
2009-06-18,1.0
2009-06-19,1.0
2009-06-22,1.0
2009-06-23,1.0
2009-06-24,1.0
2009-06-25,1.0
2009-06-26,0.8995969026321354
2009-06-29,1.0
2009-06-30,1.0
2009-07-01,1.0
2009-07-02,1.0
2009-07-06,1.0
2009-07-07,1.0
2009-07-08,1.0
2009-07-09,0.8999641657959886
2009-07-10,0.9001260360987112
2009-07-13,1.0
2009-07-14,1.0
2009-07-15,0.7957235739143845
2009-07-16,1.0
2009-07-17,1.0
2009-07-20,0.8996071277861161
2009-07-21,1.0
2009-07-22,1.0
2009-07-23,1.0
2009-07-24,1.0
2009-07-27,1.0
2009-07-28,0.8996225109474473
2009-07-29,1.0
2009-07-30,1.0
2009-07-31,1.0
2009-08-03,1.0
2009-08-04,1.0
2009-08-05,1.0
2009-08-06,1.0
2009-08-07,1.0
2009-08-10,1.0
2009-08-11,1.0
2009-08-12,1.0
2009-08-13,1.0
2009-08-14,1.0
2009-08-17,1.0
2009-08-18,1.0
2009-08-19,1.0
2009-08-20,1.0
2009-08-21,0.7002685914437881
2009-08-24,0.9030314569947724
2009-08-25,0.801249423078757
2009-08-26,0.9029912096940936
2009-08-27,0.9028549701854085
2009-08-28,0.9035707924267102
2009-08-31,0.804332698092705
2009-09-01,0.8087734002068131
2009-09-02,1.0
2009-09-03,1.0
2009-09-04,0.8996045260828749
2009-09-08,0.596753341112742
2009-09-09,0.6970930817949959
2009-09-10,0.7956537660125148
2009-09-11,0.7989097797303708
2009-09-14,0.8961807870428682
2009-09-15,0.7954618807864522
2009-09-16,0.6935859008874838
2009-09-17,0.894687138973665
2009-09-18,0.8949593738056218
2009-09-21,0.8942790905334629
2009-09-22,0.8936541211119331
2009-09-23,0.8955861576187535
2009-09-24,0.8971433041111935
2009-09-25,0.898925611792705
2009-09-28,0.8962957996087934
2009-09-29,0.8963504146887922
2009-09-30,0.8947415581786993
2009-10-01,0.9003290325170205
2009-10-02,0.902539280489733
2009-10-05,1.0
2009-10-06,1.0
2009-10-07,0.899422379046357
2009-10-08,0.19744086355549884
2009-10-09,0.899274202993005
2009-10-12,0.7013655870456673
2009-10-13,0.6994664053953086
2009-10-14,0.6976616908883695
2009-10-15,0.7942793278746545
2009-10-16,0.8937250725109277
2009-10-19,0.8947231920074156
2009-10-20,0.7962939886988363
2009-10-21,0.8960787552565161
2009-10-22,0.8945722647730412
2009-10-23,0.896011663447667
2009-10-26,0.8010090921792419
2009-10-27,0.9017801961609054
2009-10-28,0.9042063347388266
2009-10-29,1.0
2009-10-30,1.0
2009-11-02,1.0
2009-11-03,1.0
2009-11-04,1.0
2009-11-05,1.0
2009-11-06,0.800400193745127
2009-11-09,0.8996873128086718
2009-11-10,1.0
2009-11-11,0.9003377106084389
2009-11-12,1.0
2009-11-13,0.8999233572636659
2009-11-16,1.0
2009-11-17,0.7976323325621026
2009-11-18,0.8982440129218706
2009-11-19,0.9011053434601359
2009-11-20,0.7040614589385639
2009-11-23,0.9009151626880278
2009-11-24,0.9006335588557032
2009-11-25,0.800223802885301
2009-11-27,0.9018566293194172
2009-11-30,1.0
2009-12-01,0.8985463676208689
2009-12-02,1.0
2009-12-03,0.9012551001706219
2009-12-04,1.0
2009-12-07,1.0
2009-12-08,1.0
2009-12-09,1.0
2009-12-10,1.0
2009-12-11,1.0
2009-12-14,0.6984230991175979
2009-12-15,0.8998618674666838
2009-12-16,0.8983466071342732
2009-12-17,1.0
2009-12-18,0.8975904644902372
2009-12-21,0.793728760772589
2009-12-22,0.8933004730712659
2009-12-23,0.8915659789155489
2009-12-24,0.8914860737873479
2009-12-28,0.8902097944343769
2009-12-29,0.8888577192700478
2009-12-30,0.8896790815417882
2009-12-31,0.8900106964803737
2010-01-04,0.8886195518540141
2010-01-05,0.7899983451152988
2010-01-06,0.8889500972336314
2010-01-07,0.8893883389831634
2010-01-08,0.8892422241427436
2010-01-11,0.7887985809213595
2010-01-12,0.8970532030054585
2010-01-13,0.7964373699331679
2010-01-14,0.8958997410462513
2010-01-15,0.8966552396381238
2010-01-19,0.8954820803673217
2010-01-20,0.7976525993978966
2010-01-21,0.8988534942118488
2010-01-22,1.0
2010-01-25,1.0
2010-01-26,1.0
2010-01-27,0.8950815920126902
2010-01-28,0.898907811432462
2010-01-29,0.9052117570523822
2010-02-01,0.9001053659225691
2010-02-02,0.8956370349779278
2010-02-03,0.8972821237828564
2010-02-04,0.899238724247506
2010-02-05,0.9013573618150404
2010-02-08,0.9018438039138548
2010-02-09,0.801499368572119
2010-02-10,0.7998838466688598
2010-02-11,0.8985675607754869
2010-02-12,0.7982632179067354
2010-02-16,0.8984912821647695
2010-02-17,0.594614967044093
2010-02-18,0.6953210740234063
2010-02-19,0.5951475752723481
2010-02-22,0.7976784650576723
2010-02-23,0.7990637195127936
2010-02-24,0.7006734372449608
2010-02-25,0.798124556100287
2010-02-26,0.7966941655818952
2010-03-01,0.6946052932788841
2010-03-02,0.6975036769518557
2010-03-03,0.7996080859750608
2010-03-04,0.900350162252193
2010-03-05,0.8999041926737619
2010-03-08,0.9014970103798403
2010-03-09,0.901038719458864
2010-03-10,1.0
2010-03-11,1.0
2010-03-12,0.8999299463005745
2010-03-15,1.0
2010-03-16,1.0
2010-03-17,1.0
2010-03-18,1.0
2010-03-19,0.9011135020360564
2010-03-22,1.0
2010-03-23,0.8996742105749341
2010-03-24,1.0
2010-03-25,1.0
2010-03-26,1.0
2010-03-29,1.0
2010-03-30,1.0
2010-03-31,1.0
2010-04-01,0.8998436161695724
2010-04-05,0.8994451946662358
2010-04-06,1.0
2010-04-07,1.0
2010-04-08,1.0
2010-04-09,0.900258467676397
2010-04-12,1.0
2010-04-13,1.0
2010-04-14,0.7994694148184207
2010-04-15,1.0
2010-04-16,1.0
2010-04-19,1.0
2010-04-20,1.0
2010-04-21,1.0
2010-04-22,1.0
2010-04-23,1.0
2010-04-26,1.0
2010-04-27,1.0
2010-04-28,1.0
2010-04-29,1.0
2010-04-30,0.901408133715518
2010-05-03,0.9010468791965786
2010-05-04,1.0
2010-05-05,1.0
2010-05-06,1.0
2010-05-07,1.0
2010-05-10,1.0
2010-05-11,1.0
2010-05-12,1.0
2010-05-13,1.0
2010-05-14,1.0
2010-05-17,1.0
2010-05-18,0.9045899068796363
2010-05-19,1.0
2010-05-20,1.0
2010-05-21,1.0
2010-05-24,1.0
2010-05-25,1.0
2010-05-26,1.0
2010-05-27,1.0
2010-05-28,0.9009373170264564
2010-06-01,1.0
2010-06-02,1.0
2010-06-03,1.0
2010-06-04,1.0
2010-06-07,1.0
2010-06-08,1.0
2010-06-09,1.0
2010-06-10,1.0
2010-06-11,1.0
2010-06-14,1.0
2010-06-15,1.0
2010-06-16,0.8989872378195854
2010-06-17,0.901642893323991
2010-06-18,0.9007687215010913
2010-06-21,0.9009883239252164
2010-06-22,1.0
2010-06-23,1.0
2010-06-24,1.0
2010-06-25,1.0
2010-06-28,1.0
2010-06-29,1.0
2010-06-30,1.0
2010-07-01,1.0
2010-07-02,1.0
2010-07-06,1.0
2010-07-07,1.0
2010-07-08,1.0
2010-07-09,1.0
2010-07-12,1.0
2010-07-13,1.0
2010-07-14,1.0
2010-07-15,1.0
2010-07-16,1.0
2010-07-19,1.0
2010-07-20,1.0
2010-07-21,1.0
2010-07-22,1.0
2010-07-23,1.0
2010-07-26,1.0
2010-07-27,0.6032417283661169
2010-07-28,0.8007217327749819
2010-07-29,0.8983080639651966
2010-07-30,0.8978040780617544
2010-08-02,0.8982600818189144
2010-08-03,0.8972766462801214
2010-08-04,0.8974923113484411
2010-08-05,0.8975403160493965
2010-08-06,0.8976361840071926
2010-08-09,0.8976841308953251
2010-08-10,0.898476282809005
2010-08-11,0.8990531356034104
2010-08-12,0.8992937629596207
2010-08-13,0.8995585357055225
2010-08-16,0.8992937629596207
2010-08-17,0.899197477674389
2010-08-18,0.8990050423657848
2010-08-19,0.8991253323203753
2010-08-20,0.8991734699071603
2010-08-23,0.8990291250538116
2010-08-24,0.8995827110702737
2010-08-25,0.9001127951236553
2010-08-26,0.900161027989691
2010-08-27,0.8972047983661661
2010-08-30,0.898644470344008
2010-08-31,0.899317871614919
2010-09-01,0.8968455643064469
2010-09-02,0.8967259044090009
2010-09-03,0.8962475735322862
2010-09-07,0.8871145741824091
2010-09-08,0.8862488504676118
2010-09-09,0.8843363779691878
2010-09-10,0.8853615897962587
2010-09-13,0.7833111084921159
2010-09-14,0.7838222948305932
2010-09-15,0.8846033072597621
2010-09-16,0.8859777034037463
2010-09-17,0.8853948599861284
2010-09-20,0.8854414295651604
2010-09-21,0.8866548368050255
2010-09-22,0.7874297050079937
2010-09-23,0.8872185493355407
2010-09-24,0.8867497945037321
2010-09-27,0.8878991155864857
2010-09-28,0.887828696606929
2010-09-29,0.8881810467273515
2010-09-30,0.8893812285104509
2010-10-01,0.8902775670428048
2010-10-04,0.8911521281971405
2010-10-05,0.8904192149072748
2010-10-06,0.8902539256929916
2010-10-07,0.8899471448084139
2010-10-08,0.8892163244003192
2010-10-11,0.8892163244003192
2010-10-12,0.788383203059315
2010-10-13,0.8882851747934898
2010-10-14,0.8875809736520103
2010-10-15,0.8880268584796958
2010-10-18,0.7875824308258582
2010-10-19,0.8882054074580132
2010-10-20,0.8891467112981526
2010-10-21,0.8894530822521491
2010-10-22,0.7903612915294389
2010-10-25,0.890211380288453
2010-10-26,0.8904240638992242
2010-10-27,0.7893361679603708
2010-10-28,0.7919936286490092
2010-10-29,0.8998243627731134
2010-11-01,1.0
2010-11-02,1.0
2010-11-03,1.0
2010-11-04,0.8972739034807027
2010-11-05,1.0
2010-11-08,1.0
2010-11-09,1.0
2010-11-10,1.0
2010-11-11,0.8981058913739819
2010-11-12,1.0
2010-11-15,1.0
2010-11-16,1.0
2010-11-17,1.0
2010-11-18,1.0
2010-11-19,0.8998808459263307
2010-11-22,1.0
2010-11-23,1.0
2010-11-24,1.0
2010-11-26,1.0
2010-11-29,0.8999322203762432
2010-11-30,1.0
2010-12-01,0.9009487838447022
2010-12-02,0.9016080540881377
2010-12-03,0.8990265486175764
2010-12-06,0.8970633998276667
2010-12-07,0.7981870068787394
2010-12-08,0.89657530171959
2010-12-09,0.8989945863289864
2010-12-10,0.7973425469738293
2010-12-13,0.8969900696615756
2010-12-14,0.897199232347038
2010-12-15,0.8987860725456072
2010-12-16,0.8997168259989557
2010-12-17,0.899476446876683
2010-12-20,0.9002280591855183
2010-12-21,0.8999573336350293
2010-12-22,0.9020370651099738
2010-12-23,1.0
2010-12-27,1.0
2010-12-28,1.0
2010-12-29,0.7992713787942421
2010-12-30,1.0
2010-12-31,1.0
2011-01-03,1.0
2011-01-04,1.0
2011-01-05,0.7991829087484792
2011-01-06,1.0
2011-01-07,1.0
2011-01-10,1.0
2011-01-11,0.8024991905480839
2011-01-12,1.0
2011-01-13,1.0
2011-01-14,1.0
2011-01-18,1.0
2011-01-19,1.0
2011-01-20,1.0
2011-01-21,0.8958124544847419
2011-01-24,0.7998483894198016
2011-01-25,0.9025789963712714
2011-01-26,0.8985710770774367
2011-01-27,0.9022799803675366
2011-01-28,1.0
2011-01-31,0.9005357012780545
2011-02-01,0.897594091521111
2011-02-02,0.5966218336793224
2011-02-03,0.7941783017149529
2011-02-04,0.892804999824091
2011-02-07,0.7899975087028575
2011-02-08,0.7908903928626386
2011-02-09,0.7915709533208724
2011-02-10,0.5859716626241596
2011-02-11,0.5803053597283934
2011-02-14,0.6816446911861349
2011-02-15,0.6819793856113767
2011-02-16,0.7855004325463278
2011-02-17,0.7861021661796845
2011-02-18,0.58393064590722
2011-02-22,0.7921006051769841
2011-02-23,0.8921214980434782
2011-02-24,0.8913018549735929
2011-02-25,0.8886554152416045
2011-02-28,0.8850769191306116
2011-03-01,0.8901456198672627
2011-03-02,0.8900892935756832
2011-03-03,0.888318705124274
2011-03-04,0.8852161611502811
2011-03-07,0.7916268970513305
2011-03-08,0.8861350101217853
2011-03-09,0.885015624570586
2011-03-10,0.8897361326131783
2011-03-11,0.6861429633702358
2011-03-14,0.6863779263868408
2011-03-15,0.7849955520172299
2011-03-16,0.6887524109961279
2011-03-17,0.6893656782357583
2011-03-18,0.7843291522765625
2011-03-21,0.5796129562181814
2011-03-22,0.779707665165785
2011-03-23,0.7767760238148994
2011-03-24,0.5726584610856297
2011-03-25,0.5737865331659647
2011-03-28,0.6779818105381401
2011-03-29,0.7739461259360688
2011-03-30,0.6700135554681805
2011-03-31,0.6728010334214483
2011-04-01,0.6718322325251769
2011-04-04,0.7730775016582516
2011-04-05,0.773246835881982
2011-04-06,0.7766621375240262
2011-04-07,0.7763970677384329
2011-04-08,0.7768913081567204
2011-04-11,0.7768553492648869
2011-04-12,0.7773982544033436
2011-04-13,0.7754923219650574
2011-04-14,0.7768589458347599
2011-04-15,0.773121729039164
2011-04-18,0.676778710186813
2011-04-19,0.5729699951819851
2011-04-20,0.7822414772905109
2011-04-21,0.5802307974333573
2011-04-25,0.7787718971367763
2011-04-26,0.5784624818023723
2011-04-27,0.6760341972808693
2011-04-28,0.6752474131545327
2011-04-29,0.7653141481809402
2011-05-02,0.7674124430123686
2011-05-03,0.7673201371849581
2011-05-04,0.7723623374497262
2011-05-05,0.6735319418798902
2011-05-06,0.6726969028743967
2011-05-09,0.6639516259436804
2011-05-10,0.6589802950482371
2011-05-11,0.6662925860758352
2011-05-12,0.6653114560947291
2011-05-13,0.4687052853491702
2011-05-16,0.6717461789171733
2011-05-17,0.6743304767066913
2011-05-18,0.6691151964990428
2011-05-19,0.5652366647776115
2011-05-20,0.5632165375155807
2011-05-23,0.5683826916318819
2011-05-24,0.6708225343430565
2011-05-25,0.36574719875747963
2011-05-26,0.6599905480737915
2011-05-27,0.4606985953085151
2011-05-31,0.45888679808979216
2011-06-01,0.46321859874069815
2011-06-02,0.5596267129189184
2011-06-03,0.6614755257429031
2011-06-06,0.768296082380735
2011-06-07,0.878188026568938
2011-06-08,0.8848212158462088
2011-06-09,0.881673907379684
2011-06-10,0.8850806864413325
2011-06-13,0.8849585712131316
2011-06-14,0.8819921773296189
2011-06-15,0.8872386747227182
2011-06-16,1.0
2011-06-17,1.0
2011-06-20,1.0
2011-06-21,1.0
2011-06-22,1.0
2011-06-23,1.0
2011-06-24,0.9007186771616563
2011-06-27,0.6957192566047644
2011-06-28,0.8926939287792139
2011-06-29,0.49130153923169506
2011-06-30,0.5897291735354465
2011-07-01,0.6908622267748066
2011-07-05,0.7872989932260135
2011-07-06,0.8865242839314496
2011-07-07,0.8846984895456893
2011-07-08,0.8859058945310272
2011-07-11,0.888303598482798
2011-07-12,0.8885467862946705
2011-07-13,0.8853420221831887
2011-07-14,0.8887901072963827
2011-07-15,0.8882495736784962
2011-07-18,0.7893734291389432
2011-07-19,0.8876196988640419
2011-07-20,0.7884332437828431
2011-07-21,0.6839884298500742
2011-07-22,0.4881453015441716
2011-07-25,0.4891007441945504
2011-07-26,0.5973093348648004
2011-07-27,0.7928353583558083
2011-07-28,0.7907565915483159
2011-07-29,0.7939377154597563
2011-08-01,0.696421076674318
2011-08-02,0.7990716417251156
2011-08-03,0.8960594604434173
2011-08-04,0.8994805502587027
2011-08-05,1.0
2011-08-08,1.0
2011-08-09,1.0
2011-08-10,1.0
2011-08-11,1.0
2011-08-12,1.0
2011-08-15,1.0
2011-08-16,1.0
2011-08-17,1.0
2011-08-18,1.0
2011-08-19,1.0
2011-08-22,1.0
2011-08-23,1.0
2011-08-24,1.0
2011-08-25,1.0
2011-08-26,1.0
2011-08-29,1.0
2011-08-30,1.0
2011-08-31,1.0
2011-09-01,1.0
2011-09-02,1.0
2011-09-06,1.0
2011-09-07,1.0
2011-09-08,1.0
2011-09-09,1.0
2011-09-12,1.0
2011-09-13,1.0
2011-09-14,1.0
2011-09-15,1.0
2011-09-16,1.0
2011-09-19,1.0
2011-09-20,1.0
2011-09-21,1.0
2011-09-22,1.0
2011-09-23,1.0
2011-09-26,1.0
2011-09-27,1.0
2011-09-28,1.0
2011-09-29,1.0
2011-09-30,1.0
2011-10-03,1.0
2011-10-04,1.0
2011-10-05,1.0
2011-10-06,1.0
2011-10-07,1.0
2011-10-10,1.0
2011-10-11,1.0
2011-10-12,1.0
2011-10-13,1.0
2011-10-14,1.0
2011-10-17,1.0
2011-10-18,1.0
2011-10-19,1.0
2011-10-20,1.0
2011-10-21,1.0
2011-10-24,1.0
2011-10-25,1.0
2011-10-26,1.0
2011-10-27,1.0
2011-10-28,0.898337227338705
2011-10-31,1.0
2011-11-01,1.0
2011-11-02,1.0
2011-11-03,1.0
2011-11-04,1.0
2011-11-07,1.0
2011-11-08,1.0
2011-11-09,1.0
2011-11-10,1.0
2011-11-11,1.0
2011-11-14,1.0
2011-11-15,1.0
2011-11-16,1.0
2011-11-17,1.0
2011-11-18,1.0
2011-11-21,1.0
2011-11-22,1.0
2011-11-23,1.0
2011-11-25,1.0
2011-11-28,1.0
2011-11-29,1.0
2011-11-30,1.0
2011-12-01,1.0
2011-12-02,1.0
2011-12-05,1.0
2011-12-06,1.0
2011-12-07,1.0
2011-12-08,1.0
2011-12-09,1.0
2011-12-12,1.0
2011-12-13,1.0
2011-12-14,1.0
2011-12-15,1.0
2011-12-16,1.0
2011-12-19,1.0
2011-12-20,1.0
2011-12-21,1.0
2011-12-22,1.0
2011-12-23,0.8994493990831789
2011-12-27,1.0
2011-12-28,1.0
2011-12-29,1.0
2011-12-30,1.0
2012-01-03,0.9032716570502314
2012-01-04,1.0
2012-01-05,1.0
2012-01-06,1.0
2012-01-09,0.8993407878974915
2012-01-10,0.8940210961830295
2012-01-11,0.8949622133128367
2012-01-12,0.7935704232411771
2012-01-13,0.7924596510509799
2012-01-17,0.7937331096474788
2012-01-18,0.8905637854499191
2012-01-19,0.8923815152004619
2012-01-20,0.8931165731174253
2012-01-23,0.8921465500572684
2012-01-24,0.8946198461881658
2012-01-25,0.896276340763886
2012-01-26,0.8971959671336502
2012-01-27,0.8937054840659562
2012-01-30,0.8979687275322297
2012-01-31,0.8992795042181793
2012-02-01,0.8976119005007477
2012-02-02,0.8954177444995008
2012-02-03,0.7923084125862923
2012-02-06,0.8899198076502783
2012-02-07,0.8925021665227699
2012-02-08,0.8918257859854148
2012-02-09,0.887934566657879
2012-02-10,0.8896565486578596
2012-02-13,0.885958163336718
2012-02-14,0.8862482562566613
2012-02-15,0.8851469074268272
2012-02-16,0.8821753715053402
2012-02-17,0.8835288317893871
2012-02-21,0.781728971011185
2012-02-22,0.7833999715569
2012-02-23,0.7814535100313036
2012-02-24,0.78090943657646
2012-02-27,0.6798158214288919
2012-02-28,0.7796753355312684
2012-02-29,0.7807992071019664
2012-03-01,0.7802264776435539
2012-03-02,0.7823719986036872
2012-03-05,0.7851191194614803
2012-03-06,0.7896710348672172
2012-03-07,0.7851105309132406
2012-03-08,0.7806679736084319
2012-03-09,0.6784753831013631
2012-03-12,0.7800440594469096
2012-03-13,0.7759598520695149
2012-03-14,0.7760330902731429
2012-03-15,0.7741262193519458
2012-03-16,0.7748606971382759
2012-03-19,0.7752067173640437
2012-03-20,0.7770729178027845
2012-03-21,0.7780212452489906
2012-03-22,0.7799349137414184
2012-03-23,0.8876623837840283
2012-03-26,0.8868467826199037
2012-03-27,0.7900830522443631
2012-03-28,0.8899575118073603
2012-03-29,0.7897482259605083
2012-03-30,0.8899179902323265
2012-04-02,0.6894568229666882
2012-04-03,0.7899464339259429
2012-04-04,0.8923490891848496
2012-04-05,0.891850986741455
2012-04-09,0.8924321537542523
2012-04-10,0.8937217342425616
2012-04-11,0.891602147943426
2012-04-12,0.8890388950755259
2012-04-13,0.8912291460471896
2012-04-16,0.7927232994663126
2012-04-17,0.7904097109075073
2012-04-18,0.8892566186439589
2012-04-19,0.8929467821160655
2012-04-20,0.9001313762743419
2012-04-23,1.0
2012-04-24,1.0
2012-04-25,1.0
2012-04-26,0.8998325972862629
2012-04-27,0.7002547759079789
2012-04-30,1.0
2012-05-01,0.20300998611293208
2012-05-02,0.8978335545012341
2012-05-03,0.8991964239999035
2012-05-04,0.9045280766368118
2012-05-07,0.8989318980171417
2012-05-08,1.0
2012-05-09,1.0
2012-05-10,1.0
2012-05-11,1.0
2012-05-14,1.0
2012-05-15,1.0
2012-05-16,1.0
2012-05-17,1.0
2012-05-18,1.0
2012-05-21,1.0
2012-05-22,1.0
2012-05-23,1.0
2012-05-24,1.0
2012-05-25,1.0
2012-05-29,1.0
2012-05-30,1.0
2012-05-31,1.0
2012-06-01,1.0
2012-06-04,1.0
2012-06-05,1.0
2012-06-06,1.0
2012-06-07,0.5033098347867846
2012-06-08,0.7984984296108647
2012-06-11,1.0
2012-06-12,0.7990108558019849
2012-06-13,1.0
2012-06-14,0.6979476373307361
2012-06-15,0.6999735309382504
2012-06-18,0.6979570812415093
2012-06-19,0.39734406017045487
2012-06-20,0.7965763828807124
2012-06-21,0.898348631064343
2012-06-22,0.8040697657238489
2012-06-25,0.8057045937405384
2012-06-26,0.704635828449376
2012-06-27,0.700038664567623
2012-06-28,0.7010699316004841
2012-06-29,0.5991304774341646
2012-07-02,0.5996736574084811
2012-07-03,0.5982588900759449
2012-07-05,0.6967905297292809
2012-07-06,0.6973125959747661
2012-07-09,0.69743209761632
2012-07-10,0.5007503789476057
2012-07-11,0.6968567803716855
2012-07-12,0.6960751548824343
2012-07-13,0.6914001267686966
2012-07-16,0.590883404378994
2012-07-17,0.5903855032278847
2012-07-18,0.48823748366515296
2012-07-19,0.5973472748655462
2012-07-20,0.6905346237349566
2012-07-23,0.6926259613963335
2012-07-24,0.6954829426496003
2012-07-25,0.6979277324019605
2012-07-26,0.5896493395472578
2012-07-27,0.7841788018351146
2012-07-30,0.7869519324582503
2012-07-31,0.78623482952038
2012-08-01,0.6816535291027022
2012-08-02,0.682329445702126
2012-08-03,0.6781321109881688
2012-08-06,0.677104644407821
2012-08-07,0.6738532281040726
2012-08-08,0.573317525724991
2012-08-09,0.674933842936293
2012-08-10,0.6755001932225622
2012-08-13,0.6765929105007245
2012-08-14,0.5847170521698526
2012-08-15,0.7821765699798918
2012-08-16,0.7830460988424117
2012-08-17,0.5810462985809384
2012-08-20,0.7807529162338241
2012-08-21,0.681825741084761
2012-08-22,0.7802366059588622
2012-08-23,0.7816757628256567
2012-08-24,0.781907211144078
2012-08-27,0.7821690740611668
2012-08-28,0.7820657854584407
2012-08-29,0.6810723235545568
2012-08-30,0.7821816400292474
2012-08-31,0.6825105187123703
2012-09-04,0.5801094934403224
2012-09-05,0.6772286786842964
2012-09-06,0.6759465522199666
2012-09-07,0.6763802657880498
2012-09-10,0.6771677977550907
2012-09-11,0.5770884891022513
2012-09-12,0.5740402499382817
2012-09-13,0.6715234943859069
2012-09-14,0.5694767851456577
2012-09-17,0.6699725416948419
2012-09-18,0.6710116681889267
2012-09-19,0.6709687395688767
2012-09-20,0.6714821655138782
2012-09-21,0.6710826925566464
2012-09-24,0.6746420151285311
2012-09-25,0.7715062915238592
2012-09-26,0.7720087235850366
2012-09-27,0.7701283075393055
2012-09-28,0.7714143056934445
2012-10-01,0.7708797858463116
2012-10-02,0.7698610934203441
2012-10-03,0.5690643822330133
2012-10-04,0.6656540235474948
2012-10-05,0.6626075869535677
2012-10-08,0.6618393659663679
2012-10-09,0.5668523963271634
2012-10-10,0.6656657896996429
2012-10-11,0.6646820279953342
2012-10-12,0.6657513287263224
2012-10-15,0.5626321287065457
2012-10-16,0.462894096686185
2012-10-17,0.2614223398127644
2012-10-18,0.4555918245636458
2012-10-19,0.4586467784587942
2012-10-22,0.4604765471836937
2012-10-23,0.4653018972080394
2012-10-24,0.4680748552656434
2012-10-25,0.5909499492072298
2012-10-26,0.7799596993062731
2012-10-31,0.6836344195727709
2012-11-01,0.6790326725145065
2012-11-02,0.8927291914960923
2012-11-05,0.7936979872311158
2012-11-06,0.8912011581633875
2012-11-07,0.7979893962788237
2012-11-08,0.8944540954179385
2012-11-09,0.8929400925452321
2012-11-12,0.8942916337586164
2012-11-13,0.8960003900655852
2012-11-14,1.0
2012-11-15,1.0
2012-11-16,1.0
2012-11-19,1.0
2012-11-20,1.0
2012-11-21,0.8999419953202499
2012-11-23,0.8006578344377604
2012-11-26,1.0
2012-11-27,1.0
2012-11-28,1.0
2012-11-29,1.0
2012-11-30,1.0
2012-12-03,1.0
2012-12-04,1.0
2012-12-05,0.8994424642741377
2012-12-06,1.0
2012-12-07,1.0
2012-12-10,0.7990181831763835
2012-12-11,0.9001937386247651
2012-12-12,1.0
2012-12-13,0.8005932276560535
2012-12-14,0.899808934962763
2012-12-17,0.7976846966519127
2012-12-18,0.7977782582310036
2012-12-19,0.7983471905951431
2012-12-20,0.595366982414713
2012-12-21,0.7935124316771673
2012-12-24,0.7949144972611504
2012-12-26,0.7974855475267641
2012-12-27,0.7965434321527244
2012-12-28,0.7977009744477247
2012-12-31,0.7944000936372528
2013-01-02,0.4913684381154996
2013-01-03,0.5883870066506924
2013-01-04,0.48625714271728127
2013-01-07,0.6889205199104219
2013-01-08,0.6879602204526061
2013-01-09,0.6869644160699226
2013-01-10,0.683559706562443
2013-01-11,0.4842098550509709
2013-01-14,0.683424119508341
2013-01-15,0.6837847586110208
2013-01-16,0.6849290130004309
2013-01-17,0.6796479246032827
2013-01-18,0.678628964292477
2013-01-22,0.5782062140357659
2013-01-23,0.5795327869589223
2013-01-24,0.676983122110671
2013-01-25,0.671686955683274
2013-01-28,0.5723654552449757
2013-01-29,0.6717171202197554
2013-01-30,0.6740893953720108
2013-01-31,0.6736822820348142
2013-02-01,0.6715669726970741
2013-02-04,0.6740790197742619
2013-02-05,0.5725491760316211
2013-02-06,0.6724225675877382
2013-02-07,0.6747337618728992
2013-02-08,0.6749829114848249
2013-02-11,0.6740409118990103
2013-02-12,0.664658748830717
2013-02-13,0.6636739839058624
2013-02-14,0.6651563070598459
2013-02-15,0.6652537953775179
2013-02-19,0.663949195078406
2013-02-20,0.6733177960972407
2013-02-21,0.6763484987255621
2013-02-22,0.7735365656394435
2013-02-25,0.7821481046351549
2013-02-26,0.677443754697849
2013-02-27,0.7725876905720023
2013-02-28,0.7724348676890891
2013-03-01,0.7722594463265925
2013-03-04,0.7696028329945367
2013-03-05,0.6663062396991593
2013-03-06,0.765087085289804
2013-03-07,0.7642802164593716
2013-03-08,0.7640809114576729
2013-03-11,0.7640744010868115
2013-03-12,0.6658960970083543
2013-03-13,0.6627859299975973
2013-03-14,0.7613917055206855
2013-03-15,0.6626381146256566
2013-03-18,0.7605366938014994
2013-03-19,0.7608246156648186
2013-03-20,0.6562004790231789
2013-03-21,0.7617783257083696
2013-03-22,0.7622573319282715
2013-03-25,0.7620535410276157
2013-03-26,0.660060637032376
2013-03-27,0.6600608793700845
2013-03-28,0.6616258978533947
2013-04-01,0.7632880608919255
2013-04-02,0.7652337296240742
2013-04-03,0.7686284068374861
2013-04-04,0.8790959283451583
2013-04-05,0.8758721888840882
2013-04-08,0.8747383291514892
2013-04-09,0.7742941597323488
2013-04-10,0.7725972044037528
2013-04-11,0.771028798225659
2013-04-12,0.8716470191845418
2013-04-15,0.8780834055807689
2013-04-16,0.8742431224649606
2013-04-17,0.8769326534681183
2013-04-18,0.8791099175193294
2013-04-19,0.9011297826935329
2013-04-22,0.8996077769088965
2013-04-23,0.6981195945606633
2013-04-24,0.5983673549839008
2013-04-25,0.6945666151234953
2013-04-26,0.7949949986873068
2013-04-29,0.6917618129202983
2013-04-30,0.68899493173464
2013-05-01,0.691493642722294
2013-05-02,0.48709224920457106
2013-05-03,0.6836311408921992
2013-05-06,0.58092650836022
2013-05-07,0.6789751498748093
2013-05-08,0.5800792319245517
2013-05-09,0.6805275854905776
2013-05-10,0.679387461245772
2013-05-13,0.6794177328633151
2013-05-14,0.6774555734822512
2013-05-15,0.5738972140901022
2013-05-16,0.6721988133981058
2013-05-17,0.6702185737857984
2013-05-20,0.6715995379486077
2013-05-21,0.5728264913322365
2013-05-22,0.6760582305047522
2013-05-23,0.6732513749319623
2013-05-24,0.6731646854678928
2013-05-28,0.571015732202265
2013-05-29,0.5739959682262592
2013-05-30,0.6736600889454287
2013-05-31,0.6764675366784121
2013-06-03,0.6753079102925733
2013-06-04,0.5760330836306886
2013-06-05,0.6806974100035188
2013-06-06,0.7794138178505896
2013-06-07,0.6764683669399484
2013-06-10,0.779107539693716
2013-06-11,0.7811479483534554
2013-06-12,0.7818623647729039
2013-06-13,0.7802565460014963
2013-06-14,0.6811056957364772
2013-06-17,0.7774636025150973
2013-06-18,0.47571896173685346
2013-06-19,0.67901459696931
2013-06-20,0.7819387347897248
2013-06-21,0.7820824178408028
2013-06-24,0.7836356468089613
2013-06-25,0.6815662627175891
2013-06-26,0.6828467958230959
2013-06-27,0.7883324203549582
2013-06-28,0.48852083285358994
2013-07-01,0.6880076033077087
2013-07-02,0.48855716443930863
2013-07-03,0.48817248475615016
2013-07-05,0.3866603396687315
2013-07-08,0.48295867919892965
2013-07-09,0.1834928584939418
2013-07-10,0.5800893463238632
2013-07-11,0.5745681306885868
2013-07-12,0.57387162070544
2013-07-15,0.5753080310952208
2013-07-16,0.5756180938458619
2013-07-17,0.5741623805846536
2013-07-18,0.5731336601528714
2013-07-19,0.4726537578793515
2013-07-22,0.5708915901669422
2013-07-23,0.5723710485745824
2013-07-24,0.5739056191453548
2013-07-25,0.5726204146699625
2013-07-26,0.5739822536097182
2013-07-29,0.5758547076923668
2013-07-30,0.2760639835806491
2013-07-31,0.5748053325909019
2013-08-01,0.4701578146492459
2013-08-02,0.46996563610312114
2013-08-05,0.46906569712473223
2013-08-06,0.5738392409834608
2013-08-07,0.5753531045482875
2013-08-08,0.5728152220143765
2013-08-09,0.5719720824686318
2013-08-12,0.5711168459670635
2013-08-13,0.5723465065658857
2013-08-14,0.5737017301004597
2013-08-15,0.5790369239132735
2013-08-16,0.6729237228046778
2013-08-19,0.6747355520277216
2013-08-20,0.6897750111955177
2013-08-21,0.7935043434382676
2013-08-22,0.7928956048213692
2013-08-23,0.6931479521782689
2013-08-26,0.5909006552108174
2013-08-27,0.6954455937432136
2013-08-28,1.0
2013-08-29,0.8998921327121896
2013-08-30,0.9022301645442244
2013-09-03,0.9009615201795902
2013-09-04,0.8990716690221381
2013-09-05,0.800996593260583
2013-09-06,1.0
2013-09-09,1.0
2013-09-10,0.6992855499603763
2013-09-11,1.0
2013-09-12,0.8994805924595921
2013-09-13,0.9010207862642284
2013-09-16,0.9008730644665293
2013-09-17,1.0
2013-09-18,1.0
2013-09-19,1.0
2013-09-20,1.0
2013-09-23,1.0
2013-09-24,1.0
2013-09-25,1.0
2013-09-26,1.0
2013-09-27,1.0
2013-09-30,0.8995918245094737
2013-10-01,1.0
2013-10-02,1.0
2013-10-03,1.0
2013-10-04,0.8992752416695164
2013-10-07,1.0
2013-10-08,1.0
2013-10-09,1.0
2013-10-10,1.0
2013-10-11,0.799152563287582
2013-10-14,0.8002773880935611
2013-10-15,1.0
2013-10-16,0.9002627771590663
2013-10-17,1.0
2013-10-18,1.0
2013-10-21,1.0
2013-10-22,1.0
2013-10-23,1.0
2013-10-24,1.0
2013-10-25,1.0
2013-10-28,0.9032683991445902
2013-10-29,1.0
2013-10-30,0.8913425922099654
2013-10-31,0.8923677851932672
2013-11-01,0.8973654567913733
2013-11-04,0.8948596483951804
2013-11-05,0.8933412070920577
2013-11-06,0.895675220304144
2013-11-07,0.9020328829737749
2013-11-08,0.7969629730047636
2013-11-11,0.8980270250283282
2013-11-12,0.899669190169022
2013-11-13,0.8928661834678755
2013-11-14,0.7939561701269593
2013-11-15,0.7944740872173801
2013-11-18,0.896333833084991
2013-11-19,0.8984059030259084
2013-11-20,0.7990212327859543
2013-11-21,0.7977455222071026
2013-11-22,0.6924046153439191
2013-11-25,0.6950569672928573
2013-11-26,0.8921553205520149
2013-11-27,0.8930229573221472
2013-11-29,0.6961487329610228
2013-12-02,0.799989414846757
2013-12-03,0.9003028654165739
2013-12-04,0.9012469199033691
2013-12-05,1.0
2013-12-06,0.9004140945814285
2013-12-09,0.8987769487068804
2013-12-10,1.0
2013-12-11,0.8992554575087616
2013-12-12,0.8995665945496467
2013-12-13,0.9000927944209031
2013-12-16,0.8991482207470526
2013-12-17,0.7990394583256176
2013-12-18,0.49596809753702165
2013-12-19,0.8978624113470733
2013-12-20,0.8978730709842349
2013-12-23,0.797691481965753
2013-12-24,0.4983346284971847
2013-12-26,0.8974245628862135
2013-12-27,0.897946505267259
2013-12-30,0.896913862696161
2013-12-31,0.8965418336297477
2014-01-02,0.8968819561347553
2014-01-03,0.896871329230785
2014-01-06,0.8972755479208171
2014-01-07,0.8970946688529731
2014-01-08,0.7943447333462633
2014-01-09,0.6933035426968932
2014-01-10,0.7923278085749784
2014-01-13,0.7968718276729343
2014-01-14,0.7949085360948474
2014-01-15,0.6940685957354509
2014-01-16,0.7955954411018265
2014-01-17,0.8923935281291343
2014-01-21,0.891847368046277
2014-01-22,0.8894172745731534
2014-01-23,0.8928231276665237
2014-01-24,0.8987426121882862
2014-01-27,0.9023002072568032
2014-01-28,1.0
2014-01-29,1.0
2014-01-30,1.0
2014-01-31,1.0
2014-02-03,0.903148549244864
2014-02-04,0.9027489310050719
2014-02-05,0.9029486734260376
2014-02-06,0.801699583196355
2014-02-07,0.799697122590185
2014-02-10,0.6976422657236938
2014-02-11,0.7978108950436534
2014-02-12,0.697044864272343
2014-02-13,0.5948938676703434
2014-02-14,0.5954648935875786
2014-02-18,0.6927783278473494
2014-02-19,0.7912300157177291
2014-02-20,0.6919721123493283
2014-02-21,0.7910280538237978
2014-02-24,0.5921553269582249
2014-02-25,0.795405274125581
2014-02-26,0.7945366637945337
2014-02-27,0.7948120851200142
2014-02-28,0.6941925869507235
2014-03-03,0.694685049063829
2014-03-04,0.792455333390915
2014-03-05,0.7934612489103122
2014-03-06,0.792687905333908
2014-03-07,0.7944780953162508
2014-03-10,0.7929954020423461
2014-03-11,0.7952465792371468
2014-03-12,0.7943278969029175
2014-03-13,0.5998894993715463
2014-03-14,0.8982116577168895
2014-03-17,0.898326143113777
2014-03-18,0.8961937989320417
2014-03-19,0.898135332916757
2014-03-20,0.8997072108049171
2014-03-21,0.8014832571447044
2014-03-24,0.9020164856114358
2014-03-25,0.902284363335853
2014-03-26,0.9041020797582833
2014-03-27,1.0
2014-03-28,0.801932349034633
2014-03-31,0.899982803406067
2014-04-01,1.0
2014-04-02,0.7999451541182101
2014-04-03,0.8981158262526292
2014-04-04,0.6037276000711151
2014-04-07,0.8988695528618921
2014-04-08,0.8959376034795834
2014-04-09,0.8949018312969819
2014-04-10,0.8002086271027017
2014-04-11,0.8983899294007265
2014-04-14,0.8985805401917561
2014-04-15,0.8971528959446542
2014-04-16,0.8990574348738202
2014-04-17,0.7994995112760381
2014-04-21,0.7983431690898135
2014-04-22,0.6975931323594986
2014-04-23,0.7959738734176292
2014-04-24,0.698766933667744
2014-04-25,0.8025503481603562
2014-04-28,0.9039380186552228
2014-04-29,0.9002352799413439
2014-04-30,1.0
2014-05-01,0.8994547222788846
2014-05-02,0.9001885411644324
2014-05-05,0.9007044147115747
2014-05-06,1.0
2014-05-07,0.897661653926806
2014-05-08,1.0
2014-05-09,0.9008994536238816
2014-05-12,1.0
2014-05-13,0.9006708911116106
2014-05-14,1.0
2014-05-15,1.0
2014-05-16,1.0
2014-05-19,1.0
2014-05-20,1.0
2014-05-21,0.90022131645219
2014-05-22,0.9001237091460856
2014-05-23,0.7004030055092935
2014-05-27,0.9013061121171726
2014-05-28,0.9024624016229177
2014-05-29,0.799699694298475
2014-05-30,1.0
2014-06-02,0.8012129215691227
2014-06-03,1.0
2014-06-04,1.0
2014-06-05,0.8916924525292718
2014-06-06,0.5877471159589157
2014-06-09,0.885300385916456
2014-06-10,0.8835320216769922
2014-06-11,0.8869390135915218
2014-06-12,0.8894083604545648
2014-06-13,0.8881719739420347
2014-06-16,0.8880348061857544
2014-06-17,0.6878181019464473
2014-06-18,0.8889449163797021
2014-06-19,0.6890633312858685
2014-06-20,0.8900068399244184
2014-06-23,0.8897323255479617
2014-06-24,0.8919332004634224
2014-06-25,0.8915197053637337
2014-06-26,0.8916574900775471
2014-06-27,0.7931008633939244
2014-06-30,0.6928301023716547
2014-07-01,0.6926817044374781
2014-07-02,0.7879979563725354
2014-07-03,0.6907500776305289
2014-07-07,0.7939653856764513
2014-07-08,0.8860053373321368
2014-07-09,0.8853552997351208
2014-07-10,0.8841944638101029
2014-07-11,0.8831727349539056
2014-07-14,0.783184267777004
2014-07-15,0.8811985838409777
2014-07-16,0.8812664323721605
2014-07-17,0.8829661391393444
2014-07-18,0.8811985838409777
2014-07-21,0.8827958724637551
2014-07-22,0.6789658132031098
2014-07-23,0.7782392801871071
2014-07-24,0.7810963434123664
2014-07-25,0.8780863409771043
2014-07-28,0.8796459514621467
2014-07-29,0.881586238713402
2014-07-30,0.7840334660682028
2014-07-31,0.8909751430039423
2014-08-01,0.8879973113989758
2014-08-04,0.7875810490527038
2014-08-05,0.8882576756302054
2014-08-06,0.7881763591998422
2014-08-07,0.8901998277390755
2014-08-08,0.8897832148677723
2014-08-11,0.8868432422277982
2014-08-12,0.885191610581629
2014-08-13,0.8825890419851661
2014-08-14,0.8821112956403303
2014-08-15,0.6872280494684593
2014-08-18,0.882494280051761
2014-08-19,0.8821854517913064
2014-08-20,0.7828682318533038
2014-08-21,0.584983998275953
2014-08-22,0.8843213710691588
2014-08-25,0.8823902443036754
2014-08-26,0.8836997430734134
2014-08-27,0.7842062064997022
2014-08-28,0.8832245389059106
2014-08-29,0.8832245389059106
2014-09-02,0.8807454143983227
2014-09-03,0.8816046410300513
2014-09-04,0.8842270241220866
2014-09-05,0.9006922820727417
2014-09-08,0.9007151864965544
2014-09-09,1.0
2014-09-10,1.0
2014-09-11,1.0
2014-09-12,1.0
2014-09-15,1.0
2014-09-16,1.0
2014-09-17,1.0
2014-09-18,0.900132377872124
2014-09-19,1.0
2014-09-22,1.0
2014-09-23,1.0
2014-09-24,1.0
2014-09-25,1.0
2014-09-26,1.0
2014-09-29,1.0
2014-09-30,1.0
2014-10-01,1.0
2014-10-02,0.898767903309446
2014-10-03,0.8981695189826222
2014-10-06,0.8980751072327975
2014-10-07,0.8003629574440886
2014-10-08,0.89980553266472
2014-10-09,0.9014036231068865
2014-10-10,0.9051440025455746
2014-10-13,1.0
2014-10-14,1.0
2014-10-15,1.0
2014-10-16,1.0
2014-10-17,1.0
2014-10-20,1.0
2014-10-21,1.0
2014-10-22,1.0
2014-10-23,1.0
2014-10-24,1.0
2014-10-27,1.0
2014-10-28,1.0
2014-10-29,1.0
2014-10-30,1.0
2014-10-31,1.0
2014-11-03,1.0
2014-11-04,1.0
2014-11-05,1.0
2014-11-06,1.0
2014-11-07,1.0
2014-11-10,1.0
2014-11-11,1.0
2014-11-12,1.0
2014-11-13,1.0
2014-11-14,1.0
2014-11-17,1.0
2014-11-18,1.0
2014-11-19,1.0
2014-11-20,0.8014255678139619
2014-11-21,1.0
2014-11-24,1.0
2014-11-25,0.7962120854195646
2014-11-26,0.8907202419952277
2014-11-28,0.8006537272011799
2014-12-01,0.9016318922231628
2014-12-02,0.9021455956820037
2014-12-03,0.9031747606938184
2014-12-04,0.904626007025688
2014-12-05,0.806557277584536
2014-12-08,0.909747271485702
2014-12-09,1.0
2014-12-10,1.0
2014-12-11,1.0
2014-12-12,1.0
2014-12-15,1.0
2014-12-16,1.0
2014-12-17,1.0
2014-12-18,0.899436609336844
2014-12-19,1.0
2014-12-22,1.0
2014-12-23,1.0
2014-12-24,0.9005897947303596
2014-12-26,1.0
2014-12-29,1.0
2014-12-30,1.0
2014-12-31,1.0
2015-01-02,0.9012055967201485
2015-01-05,1.0
2015-01-06,1.0
2015-01-07,1.0
2015-01-08,1.0
2015-01-09,1.0
2015-01-12,1.0
2015-01-13,1.0
2015-01-14,1.0
2015-01-15,1.0
2015-01-16,1.0
2015-01-20,1.0
2015-01-21,0.7998802696648377
2015-01-22,0.7000660492641442
2015-01-23,0.8978893742225298
2015-01-26,0.7927852868401388
2015-01-27,0.6952311619334204
2015-01-28,0.5056561180898681
2015-01-29,0.801815009437446
2015-01-30,0.900149079923917
2015-02-02,0.8981869111060425
2015-02-03,0.9108411078514866
2015-02-04,1.0
2015-02-05,1.0
2015-02-06,1.0
2015-02-09,0.90092567455718
2015-02-10,0.8001966409396825
2015-02-11,1.0
2015-02-12,1.0
2015-02-13,1.0
2015-02-17,1.0
2015-02-18,1.0
2015-02-19,1.0
2015-02-20,1.0
2015-02-23,1.0
2015-02-24,1.0
2015-02-25,1.0
2015-02-26,0.9002787216669655
2015-02-27,1.0
2015-03-02,1.0
2015-03-03,1.0
2015-03-04,1.0
2015-03-05,1.0
2015-03-06,1.0
2015-03-09,1.0
2015-03-10,1.0
2015-03-11,1.0
2015-03-12,0.9003430655081809
2015-03-13,1.0
2015-03-16,0.6989026902010573
2015-03-17,1.0
2015-03-18,1.0
2015-03-19,0.9007205996281221
2015-03-20,0.9019807340519596
2015-03-23,1.0
2015-03-24,1.0
2015-03-25,0.9084553373221385
2015-03-26,1.0
2015-03-27,1.0
2015-03-30,0.8999918086840362
2015-03-31,0.7027473182206707
2015-04-01,1.0
2015-04-02,1.0
2015-04-06,0.7026174248662715
2015-04-07,0.8038796364827855
2015-04-08,0.9018293606935329
2015-04-09,0.8011355934334121
2015-04-10,0.9016027581060849
2015-04-13,0.7982390817182302
2015-04-14,0.6968075877412392
2015-04-15,0.6927721834095593
2015-04-16,0.6910592405177634
2015-04-17,0.5949321867000307
2015-04-20,0.39275302589989125
2015-04-21,0.6879356793736295
2015-04-22,0.48984144365157944
2015-04-23,0.38761564532560167
2015-04-24,0.5918387225399764
2015-04-27,0.7910020544107175
2015-04-28,0.6913898857382865
2015-04-29,0.7889385716607941
2015-04-30,0.7949018257191578
2015-05-01,0.7941346055065786
2015-05-04,0.7905120068921675
2015-05-05,0.7940277104721675
2015-05-06,0.6914057294669914
2015-05-07,0.7874422410588685
2015-05-08,0.7855717026833681
2015-05-11,0.7846864359623597
2015-05-12,0.6841143176839684
2015-05-13,0.5836538964779134
2015-05-14,0.7781190212574657
2015-05-15,0.7791337050854481
2015-05-18,0.5771292899789171
2015-05-19,0.7743963282190324
2015-05-20,0.6736641895478651
2015-05-21,0.7747361113995619
2015-05-22,0.6769547251893966
2015-05-26,0.7750713406510743
2015-05-27,0.7716533792899629
2015-05-28,0.7714587999536751
2015-05-29,0.6727742518761006
2015-06-01,0.6728501317141082
2015-06-02,0.6747072111964512
2015-06-03,0.6729869451713599
2015-06-04,0.7723551830031019
2015-06-05,0.7688966236274012
2015-06-08,0.7701561539634738
2015-06-09,0.7697699695896735
2015-06-10,0.7695205528605221
2015-06-11,0.7688605302073017
2015-06-12,0.769172051695976
2015-06-15,0.7709917442506078
2015-06-16,0.7698185854568218
2015-06-17,0.7698520200949335
2015-06-18,0.46837553979261437
2015-06-19,0.5681129379992604
2015-06-22,0.5653065838306314
2015-06-23,0.6658808428440661
2015-06-24,0.6700807515550478
2015-06-25,0.6789184045091241
2015-06-26,0.6794123660390041
2015-06-29,0.7827506462525067
2015-06-30,0.7826935380142382
2015-07-01,0.781323281393556
2015-07-02,0.7830873405587335
2015-07-06,0.7827056305902526
2015-07-07,0.7826149638570372
2015-07-08,0.7827856096946457
2015-07-09,0.6816907965466501
2015-07-10,0.4794054864856261
2015-07-13,0.28395240186241777
2015-07-14,0.6800460118142492
2015-07-15,0.6791637293683994
2015-07-16,0.6803473241363609
2015-07-17,0.7801504937036634
2015-07-20,0.778330479067414
2015-07-21,0.7792892234971587
2015-07-22,0.7768086067970355
2015-07-23,0.6811759854465875
2015-07-24,0.8978015917745757
2015-07-27,0.898184462661372
2015-07-28,0.8969413089175825
2015-07-29,0.8967503765148614
2015-07-30,0.896273372503806
2015-07-31,0.8957016314289157
2015-08-03,0.8953208455020433
2015-08-04,0.8973234462580039
2015-08-05,0.896082695895971
2015-08-06,0.7008093831069799
2015-08-07,0.6990234036194927
2015-08-10,0.799257398199624
2015-08-11,0.8994157351182781
2015-08-12,1.0
2015-08-13,0.8015291824892186
2015-08-14,1.0
2015-08-17,0.9001622816738648
2015-08-18,1.0
2015-08-19,1.0
2015-08-20,1.0
2015-08-21,1.0
2015-08-24,1.0
2015-08-25,1.0
2015-08-26,1.0
2015-08-27,1.0
2015-08-28,1.0
2015-08-31,1.0
2015-09-01,1.0
2015-09-02,1.0
2015-09-03,1.0
2015-09-04,1.0
2015-09-08,1.0
2015-09-09,1.0
2015-09-10,1.0
2015-09-11,1.0
2015-09-14,1.0
2015-09-15,1.0
2015-09-16,1.0
2015-09-17,1.0
2015-09-18,1.0
2015-09-21,1.0
2015-09-22,1.0
2015-09-23,1.0
2015-09-24,1.0
2015-09-25,1.0
2015-09-28,1.0
2015-09-29,1.0
2015-09-30,1.0
2015-10-01,1.0
2015-10-02,1.0
2015-10-05,1.0
2015-10-06,1.0
2015-10-07,1.0
2015-10-08,1.0
2015-10-09,1.0
2015-10-12,1.0
2015-10-13,1.0
2015-10-14,1.0
2015-10-15,1.0
2015-10-16,1.0
2015-10-19,1.0
2015-10-20,1.0
2015-10-21,1.0
2015-10-22,1.0
2015-10-23,1.0
2015-10-26,1.0
2015-10-27,1.0
2015-10-28,1.0
2015-10-29,0.9011562272276954
2015-10-30,1.0
2015-11-02,1.0
2015-11-03,1.0
2015-11-04,1.0
2015-11-05,1.0
2015-11-06,1.0
2015-11-09,0.9010442639587242
2015-11-10,1.0
2015-11-11,1.0
2015-11-12,1.0
2015-11-13,1.0
2015-11-16,1.0
2015-11-17,1.0
2015-11-18,1.0
2015-11-19,1.0
2015-11-20,0.8985019087383641
2015-11-23,0.8954987024268922
2015-11-24,0.8975280838467331
2015-11-25,0.8973070388045516
2015-11-27,0.8971302951559672
2015-11-30,0.8983689999944237
2015-12-01,0.8966446264321231
2015-12-02,0.8959390942863623
2015-12-03,0.8978819632342672
2015-12-04,0.8963358008667748
2015-12-07,0.8958069338726533
2015-12-08,0.8973954542667627
2015-12-09,0.8999666280286764
2015-12-10,0.8991671131457972
2015-12-11,0.9028209345328992
2015-12-14,0.9034029220796082
2015-12-15,1.0
2015-12-16,1.0
2015-12-17,1.0
2015-12-18,1.0
2015-12-21,1.0
2015-12-22,1.0
2015-12-23,1.0
2015-12-24,1.0
2015-12-28,1.0
2015-12-29,1.0
2015-12-30,1.0
2015-12-31,1.0
2016-01-04,1.0
2016-01-05,1.0
2016-01-06,1.0
2016-01-07,1.0
2016-01-08,1.0
2016-01-11,1.0
2016-01-12,1.0
2016-01-13,1.0
2016-01-14,1.0
2016-01-15,1.0
2016-01-19,1.0
2016-01-20,1.0
2016-01-21,1.0
2016-01-22,1.0
2016-01-25,1.0
2016-01-26,1.0
2016-01-27,1.0
2016-01-28,1.0
2016-01-29,1.0
2016-02-01,1.0
2016-02-02,1.0
2016-02-03,1.0
2016-02-04,1.0
2016-02-05,1.0
2016-02-08,1.0
2016-02-09,1.0
2016-02-10,1.0
2016-02-11,1.0
2016-02-12,1.0
2016-02-16,1.0
2016-02-17,1.0
2016-02-18,1.0
2016-02-19,1.0
2016-02-22,1.0
2016-02-23,1.0
2016-02-24,1.0
2016-02-25,1.0
2016-02-26,1.0
2016-02-29,1.0
2016-03-01,1.0
2016-03-02,1.0
2016-03-03,1.0
2016-03-04,1.0
2016-03-07,1.0
2016-03-08,1.0
2016-03-09,1.0
2016-03-10,1.0
2016-03-11,1.0
2016-03-14,0.9001461979180777
2016-03-15,1.0
2016-03-16,1.0
2016-03-17,1.0
2016-03-18,1.0
2016-03-21,1.0
2016-03-22,1.0
2016-03-23,1.0
2016-03-24,1.0
2016-03-28,1.0
2016-03-29,0.7974180213650435
2016-03-30,0.9001715108121369
2016-03-31,1.0
2016-04-01,1.0
2016-04-04,1.0
2016-04-05,1.0
2016-04-06,1.0
2016-04-07,1.0
2016-04-08,1.0
2016-04-11,1.0
2016-04-12,1.0
2016-04-13,1.0
2016-04-14,1.0
2016-04-15,1.0
2016-04-18,1.0
2016-04-19,1.0
2016-04-20,0.9006673359045618
2016-04-21,1.0
2016-04-22,1.0
2016-04-25,1.0
2016-04-26,1.0
2016-04-27,0.8988926646286273
2016-04-28,0.898965915085905
2016-04-29,0.9007272423448351
2016-05-02,0.9010214964979724
2016-05-03,0.8978685285633015
2016-05-04,0.7972392346313164
2016-05-05,0.8993213527084586
2016-05-06,0.89924817940312
2016-05-09,0.899980584414625
2016-05-10,0.8985900282888397
2016-05-11,0.898736172633148
2016-05-12,0.8993945718001917
2016-05-13,0.9013754934778913
2016-05-16,1.0
2016-05-17,1.0
2016-05-18,1.0
2016-05-19,1.0
2016-05-20,1.0
2016-05-23,1.0
2016-05-24,0.8998898652386491
2016-05-25,0.8000462306617669
2016-05-26,1.0
2016-05-27,1.0
2016-05-31,1.0
2016-06-01,1.0
2016-06-02,1.0
2016-06-03,0.598733703240321
2016-06-06,0.8998734982653416
2016-06-07,1.0
2016-06-08,0.8997987911716084
2016-06-09,0.899123833694524
2016-06-10,1.0
2016-06-13,1.0
2016-06-14,1.0
2016-06-15,1.0
2016-06-16,1.0
2016-06-17,1.0
2016-06-20,1.0
2016-06-21,0.8987353800309085
2016-06-22,1.0
2016-06-23,1.0
2016-06-24,1.0
2016-06-27,1.0
2016-06-28,1.0
2016-06-29,0.9002476395829472
2016-06-30,1.0
2016-07-01,1.0
2016-07-05,1.0
2016-07-06,1.0
2016-07-07,1.0
2016-07-08,1.0
2016-07-11,1.0
2016-07-12,1.0
2016-07-13,1.0
2016-07-14,1.0
2016-07-15,1.0
2016-07-18,1.0
2016-07-19,1.0
2016-07-20,1.0
2016-07-21,1.0
2016-07-22,1.0
2016-07-25,1.0
2016-07-26,1.0
2016-07-27,1.0
2016-07-28,1.0
2016-07-29,1.0
2016-08-01,1.0
2016-08-02,1.0
2016-08-03,1.0
2016-08-04,0.9004252667302987
2016-08-05,1.0
2016-08-08,1.0
2016-08-09,1.0
2016-08-10,1.0
2016-08-11,1.0
2016-08-12,1.0
2016-08-15,1.0
2016-08-16,1.0
2016-08-17,1.0
2016-08-18,1.0
2016-08-19,1.0
2016-08-22,1.0
2016-08-23,1.0
2016-08-24,1.0
2016-08-25,1.0
2016-08-26,0.9006425296201419
2016-08-29,1.0
2016-08-30,1.0
2016-08-31,0.8010128569065569
2016-09-01,1.0
2016-09-02,1.0
2016-09-06,0.8998127412154093
2016-09-07,0.8992941616297241
2016-09-08,1.0
2016-09-09,1.0
2016-09-12,1.0
2016-09-13,1.0
2016-09-14,1.0
2016-09-15,1.0
2016-09-16,1.0
2016-09-19,1.0
2016-09-20,0.8994096658510026
2016-09-21,1.0
2016-09-22,0.9017531709528339
2016-09-23,0.8016711484663963
2016-09-26,0.9001115423583357
2016-09-27,1.0
2016-09-28,1.0
2016-09-29,0.9014150692918479
2016-09-30,0.9026393793637536
2016-10-03,0.9046766019132226
2016-10-04,0.8045605422183717
2016-10-05,0.9004269766683427
2016-10-06,0.9063072182713195
2016-10-07,0.8078577334516794
2016-10-10,0.5057478064824489
2016-10-11,0.9068664603227015
2016-10-12,0.8995766532942513
2016-10-13,1.0
2016-10-14,1.0
2016-10-17,1.0
2016-10-18,1.0
2016-10-19,0.9019613279728623
2016-10-20,0.9011435286463257
2016-10-21,1.0
2016-10-24,0.6994413556167378
2016-10-25,1.0
2016-10-26,0.9005809043698962
2016-10-27,0.9013957269884227
2016-10-28,1.0
2016-10-31,1.0
2016-11-01,1.0
2016-11-02,1.0
2016-11-03,0.9020601065575549
2016-11-04,1.0
2016-11-07,1.0
2016-11-08,0.7037619647887687
2016-11-09,0.8031786631280893
2016-11-10,0.602146860261032
2016-11-11,0.7037348580222684
2016-11-14,0.70530773666892
2016-11-15,0.8021928455030922
2016-11-16,0.801765910428803
2016-11-17,0.6023445395913682
2016-11-18,0.6020873769756369
2016-11-21,0.7999931803725695
2016-11-22,0.8003203289401296
2016-11-23,0.800070851551704
2016-11-25,0.7999957375929826
2016-11-28,0.8001350646488559
2016-11-29,0.6986711918041273
2016-11-30,0.8004077860014494
2016-12-01,0.8070803315969011
2016-12-02,1.0
2016-12-05,1.0
2016-12-06,1.0
2016-12-07,0.9003484145837607
2016-12-08,1.0
2016-12-09,1.0
2016-12-12,1.0
2016-12-13,1.0
2016-12-14,1.0
2016-12-15,1.0
2016-12-16,0.9012858974423267
2016-12-19,0.8996163909441688
2016-12-20,0.8960414610773089
2016-12-21,0.8983363602981002
2016-12-22,0.8991679670134933
2016-12-23,0.8984641963733091
2016-12-27,0.8009547590177197
2016-12-28,0.8048094940351789
2016-12-29,0.9003352182142179
2016-12-30,0.9018267364894915
2017-01-03,0.8019179875067908
2017-01-04,0.599820640215107
2017-01-05,0.7026633761487475
2017-01-06,0.8054070216165135
2017-01-09,0.6040228464136581
2017-01-10,0.6935747583427376
2017-01-11,0.3901724077790313
2017-01-12,0.5927710791482277
2017-01-13,0.5919107950254332
2017-01-17,0.6913803419476102
2017-01-18,0.5909084256617276
2017-01-19,0.7914652468642891
2017-01-20,0.5924415402369823
2017-01-23,0.6913249153675689
2017-01-24,0.7892265825124072
2017-01-25,0.08859641026637932
2017-01-26,0.591284311055179
2017-01-27,0.689676354095974
2017-01-30,0.7941139291141599
2017-01-31,0.8912611641242207
2017-02-01,0.7909484008377003
2017-02-02,0.8912915750766958
2017-02-03,0.889226406755719
2017-02-06,0.8899137346688166
2017-02-07,0.7977066838317625
2017-02-08,0.8010397688259445
2017-02-09,0.8004657548914053
2017-02-10,0.7019532284558534
2017-02-13,1.0
2017-02-14,0.5977447359685235
2017-02-15,1.0
2017-02-16,1.0
2017-02-17,1.0
2017-02-21,0.9003389004929204
2017-02-22,1.0
2017-02-23,1.0
2017-02-24,1.0
2017-02-27,1.0
2017-02-28,1.0
2017-03-01,0.702030933301997
2017-03-02,0.8151978561571296
2017-03-03,0.7921868040367507
2017-03-06,0.7926937620342079
2017-03-07,0.8950952586795711
2017-03-08,0.8973365612309145
2017-03-09,0.8978504362019204
2017-03-10,0.8976255442657619
2017-03-13,0.9003155641372436
2017-03-14,1.0
2017-03-15,0.8999741624999106
2017-03-16,0.8029587346953677
2017-03-17,0.7022568179315276
2017-03-20,0.8019128293040119
2017-03-21,0.7093709264096522
2017-03-22,0.904604874707108
2017-03-23,0.905828606996885
2017-03-24,1.0
2017-03-27,1.0
2017-03-28,0.9010019201424896
2017-03-29,1.0
2017-03-30,0.6005695344601898
2017-03-31,0.6011325891174033
2017-04-03,0.7058611179913679
2017-04-04,0.8005714114898237
2017-04-05,0.9006910926758578
2017-04-06,1.0
2017-04-07,1.0
2017-04-10,0.8992850955310491
2017-04-11,1.0
2017-04-12,1.0
2017-04-13,0.804286154082587
2017-04-17,0.8974219325179186
2017-04-18,1.0
2017-04-19,0.7988884448038935
2017-04-20,0.7014128921246763
2017-04-21,0.902073919973734
2017-04-24,0.5024394133211535
2017-04-25,0.6031424168781936
2017-04-26,0.5983177468363472
2017-04-27,0.5987585014336603
2017-04-28,0.6026440214240913
2017-05-01,0.697753562983019
2017-05-02,0.6957925085119483
2017-05-03,0.6958248025098265
2017-05-04,0.6973804897761087
2017-05-05,0.5966024788971026
2017-05-08,0.6966081382198819
2017-05-09,0.6950681400581051
2017-05-10,0.6950547006658732
2017-05-11,0.6953782282348
2017-05-12,0.5969372433429696
2017-05-15,0.6946127652459282
2017-05-16,0.6942623625210882
2017-05-17,0.7014160307007136
2017-05-18,0.8930392360455114
2017-05-19,0.8908874396467522
2017-05-22,0.8887611411360777
2017-05-23,0.88839761242689
2017-05-24,0.8884127896201415
2017-05-25,0.6876884607862268
2017-05-26,0.7869621300359924
2017-05-30,0.7863023530139538
2017-05-31,0.7865548716269057
2017-06-01,0.6856550004006225
2017-06-02,0.7842728852106241
2017-06-05,0.7848673268857863
2017-06-06,0.6879437175693941
2017-06-07,0.7850111924955127
2017-06-08,0.7862371092223945
2017-06-09,0.7900410937606509
2017-06-12,0.7907514138051857
2017-06-13,0.8863662600956386
2017-06-14,0.8866695002758535
2017-06-15,0.8857603776605091
2017-06-16,0.7865723356152929
2017-06-19,0.6864735743693778
2017-06-20,0.785756575973034
2017-06-21,0.789247070329619
2017-06-22,0.7862516577134258
2017-06-23,0.5865076151661219
2017-06-26,0.5885204112519526
2017-06-27,0.6908953101207724
2017-06-28,0.5928434457859013
2017-06-29,0.6953015799534479
2017-06-30,0.8993399423618199
2017-07-03,0.6018707443773581
2017-07-05,0.8988679215377
2017-07-06,0.8998612309728354
2017-07-07,0.8996039267191761
2017-07-10,0.9003938494112069
2017-07-11,0.7994660782996925
2017-07-12,0.7996289013760574
2017-07-13,0.9012115095317116
2017-07-14,0.6978795553690088
2017-07-17,0.9013798887033442
2017-07-18,0.8994779169612248
2017-07-19,0.8024129980383476
2017-07-20,1.0
2017-07-21,1.0
2017-07-24,0.8004663396906719
2017-07-25,0.8994363473703252
2017-07-26,0.9040021330196226
2017-07-27,1.0
2017-07-28,1.0
2017-07-31,1.0
2017-08-01,1.0
2017-08-02,1.0
2017-08-03,1.0
2017-08-04,1.0
2017-08-07,0.9010163526227908
2017-08-08,0.8030925886836424
2017-08-09,0.8051802151430394
2017-08-10,0.9035410288888466
2017-08-11,0.9033076569082649
2017-08-14,0.8039071038707359
2017-08-15,0.8040977663659841
2017-08-16,1.0
2017-08-17,1.0
2017-08-18,1.0
2017-08-21,1.0
2017-08-22,0.8012890723310244
2017-08-23,1.0
2017-08-24,0.7003301654844223
2017-08-25,1.0
2017-08-28,0.900265558748731
2017-08-29,1.0
2017-08-30,0.8978664151599012
2017-08-31,0.7974277100695086
2017-09-01,1.0
2017-09-05,1.0
2017-09-06,1.0
2017-09-07,1.0
2017-09-08,0.9005163281965471
2017-09-11,0.8019052765629969
2017-09-12,1.0
2017-09-13,1.0
2017-09-14,0.9014367404862735
2017-09-15,0.8998609587254435
2017-09-18,1.0
2017-09-19,1.0
2017-09-20,1.0
2017-09-21,1.0
2017-09-22,1.0
2017-09-25,1.0
2017-09-26,1.0
2017-09-27,0.8014242519647516
2017-09-28,1.0
2017-09-29,1.0
2017-10-02,1.0
2017-10-03,1.0
2017-10-04,1.0
2017-10-05,0.897668049548149
2017-10-06,0.8959559395279778
2017-10-09,0.8964976339447386
2017-10-10,0.8973421032723584
2017-10-11,0.8974034884227332
2017-10-12,0.896973923656157
2017-10-13,0.8952644668498915
2017-10-16,0.8937675814796383
2017-10-17,0.8952691645785288
2017-10-18,0.8971249312241778
2017-10-19,0.8973184882145074
2017-10-20,0.8977767449228821
2017-10-23,0.898576272030936
2017-10-24,0.8968984434330988
2017-10-25,0.8979611220942015
2017-10-26,0.8972807175137637
2017-10-27,0.8952409610169674
2017-10-30,0.8957912063103034
2017-10-31,0.8967050675931966
2017-11-01,0.8959653585329189
2017-11-02,0.6947631873358073
2017-11-03,0.8951060987135063
2017-11-06,0.8950497655008139
2017-11-07,0.8970443422700821
2017-11-08,0.8967851175786676
2017-11-09,0.8979835512958513
2017-11-10,0.8988726455115009
2017-11-13,0.8974263997157508
2017-11-14,0.897129221805538
2017-11-15,0.8988253077823307
2017-11-16,0.8972235362480521
2017-11-17,0.8983143904557347
2017-11-20,0.8978890680019097
2017-11-21,0.7958030075184144
2017-11-22,0.7978559160793096
2017-11-24,0.7974034716217068
2017-11-27,0.7982571576421249
2017-11-28,0.8951837340245106
2017-11-29,0.7002125684248532
2017-11-30,0.9003385413255925
2017-12-01,1.0
2017-12-04,1.0
2017-12-05,1.0
2017-12-06,1.0
2017-12-07,1.0
2017-12-08,1.0
2017-12-11,1.0
2017-12-12,1.0
2017-12-13,1.0
2017-12-14,1.0
2017-12-15,0.8998221848019398
2017-12-18,0.7005489547339652
2017-12-19,0.8014078666692469
2017-12-20,0.8000274275891095
2017-12-21,0.8971869069306317
2017-12-22,0.8980328636872468
2017-12-26,0.8985169617951086
2017-12-27,0.8044352127786202
2017-12-28,0.9019674763175164
2017-12-29,0.8998228088262868
2018-01-02,1.0
2018-01-03,0.602865787672296
2018-01-04,0.8019657022973107
2018-01-05,0.8020429809222375
2018-01-08,0.8981243766571021
2018-01-09,0.897191625531218
2018-01-10,0.7982720088987975
2018-01-11,0.595016048315574
2018-01-12,0.8949609389722121
2018-01-16,0.6977843955312952
2018-01-17,0.6901649619822426
2018-01-18,0.8903082045238147
2018-01-19,0.6888815091276714
2018-01-22,0.8918820555238413
2018-01-23,0.8900590289478207
2018-01-24,0.8900158873128596
2018-01-25,0.7912065738356744
2018-01-26,0.8856242485381578
2018-01-29,0.7905236274413361
2018-01-30,0.8901929996391794
2018-01-31,0.893127008942671
2018-02-01,0.6947435172536244
2018-02-02,0.8947799510816961
2018-02-05,0.9002933557736424
2018-02-06,1.0
2018-02-07,1.0
2018-02-08,1.0
2018-02-09,1.0
2018-02-12,1.0
2018-02-13,1.0
2018-02-14,1.0
2018-02-15,1.0
2018-02-16,1.0
2018-02-20,1.0
2018-02-21,1.0
2018-02-22,1.0
2018-02-23,1.0
2018-02-26,1.0
2018-02-27,1.0
2018-02-28,1.0
2018-03-01,1.0
2018-03-02,1.0
2018-03-05,1.0
2018-03-06,1.0
2018-03-07,1.0
2018-03-08,1.0
2018-03-09,1.0
2018-03-12,0.602764767303858
2018-03-13,0.604813554894053
2018-03-14,0.9015354030555217
2018-03-15,0.7030331133632379
2018-03-16,0.8016753912904188
2018-03-19,0.901773229376486
2018-03-20,0.8008375064246319
2018-03-21,0.900353481322385
2018-03-22,0.9019735347618584
2018-03-23,0.9012398447367407
2018-03-26,1.0
2018-03-27,0.9028711268911339
2018-03-28,0.9020886654301148
2018-03-29,1.0
2018-04-02,1.0
2018-04-03,1.0
2018-04-04,1.0
2018-04-05,1.0
2018-04-06,1.0
2018-04-09,1.0
2018-04-10,1.0
2018-04-11,1.0
2018-04-12,1.0
2018-04-13,1.0
2018-04-16,1.0
2018-04-17,1.0
2018-04-18,1.0
2018-04-19,1.0
2018-04-20,1.0
2018-04-23,1.0
2018-04-24,0.6103041623007129
2018-04-25,1.0
2018-04-26,0.7070233201837534
2018-04-27,0.9010986543852463
2018-04-30,0.7075149107561785
2018-05-01,0.9044624625669772
2018-05-02,0.9018601396284764
2018-05-03,0.8995686937904314
2018-05-04,1.0
2018-05-07,0.8015199509721178
2018-05-08,0.8012855849012995
2018-05-09,0.6983013217809697
2018-05-10,0.7958368666545371
2018-05-11,0.7951572052381641
2018-05-14,0.8963410015337785
2018-05-15,0.8967851114762734
2018-05-16,0.7963756132519141
2018-05-17,0.896525099936594
2018-05-18,0.8959494965160851
2018-05-21,0.6971199507274591
2018-05-22,0.7972661889597688
2018-05-23,0.7975170017361033
2018-05-24,0.7979013457698623
2018-05-25,0.798837052254612
2018-05-29,0.8005840551812988
2018-05-30,0.4983918563930785
2018-05-31,0.6977658775526209
2018-06-01,0.3981127846099227
2018-06-04,0.6939150282009366
2018-06-05,0.5922978425342973
2018-06-06,0.6910123463009019
2018-06-07,0.6938631074953568
2018-06-08,0.6929663851270391
2018-06-11,0.5921538539241014
2018-06-12,0.6925042280059566
2018-06-13,0.6940600103416696
2018-06-14,0.5941261246660184
2018-06-15,0.6913999165486358
2018-06-18,0.5902064022753418
2018-06-19,0.6897228032276229
2018-06-20,0.6912871182077154
2018-06-21,0.6915001513361819
2018-06-22,0.7889685356427807
2018-06-25,0.7896707433465655
2018-06-26,0.6900845118593664
2018-06-27,0.7921828340117331
2018-06-28,0.7874884219399994
2018-06-29,0.8909993036856318
2018-07-02,0.8895448972860744
2018-07-03,0.8886584281347134
2018-07-05,0.8885779134033684
2018-07-06,0.8887389261431118
2018-07-09,0.8896255748079254
2018-07-10,0.7921600665772608
2018-07-11,0.8904481651771955
2018-07-12,0.7904146081751043
2018-07-13,0.8879539576546052
2018-07-16,0.8869882851925203
2018-07-17,0.7865331697111482
2018-07-18,0.5874023626840836
2018-07-19,0.883557073910016
2018-07-20,0.7816658012643387
2018-07-23,0.5779537030573814
2018-07-24,0.7813919567740388
2018-07-25,0.7819826338567746
2018-07-26,0.6824415943232447
2018-07-27,0.48384585081286524
2018-07-30,0.6839342261450629
2018-07-31,0.6795971739405045
2018-08-01,0.5806584511512031
2018-08-02,0.5762651122811913
2018-08-03,0.681718821322957
2018-08-06,0.6796268939538237
2018-08-07,0.6794517918512398
2018-08-08,0.4793009590757933
2018-08-09,0.5765038294685738
2018-08-10,0.6693486644892146
2018-08-13,0.7718311756252478
2018-08-14,0.76849906914228
2018-08-15,0.7690184333247884
2018-08-16,0.7661446078481541
2018-08-17,0.7635871979414444
2018-08-20,0.5683605586026559
2018-08-21,0.5656781407299137
2018-08-22,0.6597458806753176
2018-08-23,0.3627339045534427
2018-08-24,0.46069300855789563
2018-08-27,0.7556697638989887
2018-08-28,0.7551910166131666
2018-08-29,0.7547099217163891
2018-08-30,0.7536778322408324
2018-08-31,0.7505156341678302
2018-09-04,0.7505778709331251
2018-09-05,0.7511828568416139
2018-09-06,0.6506320771747018
2018-09-07,0.5505679498572686
2018-09-10,0.7490429451163609
2018-09-11,0.6492295667571748
2018-09-12,0.6525807331759841
2018-09-13,0.6516511551611043
2018-09-14,0.6490714689764582
2018-09-17,0.5517669336555708
2018-09-18,0.5510155300692222
2018-09-19,0.45090211967461513
2018-09-20,0.5499249864162821
2018-09-21,0.5525435896069943
2018-09-24,0.5542672147979446
2018-09-25,0.45214103559580854
2018-09-26,0.5532436321698959
2018-09-27,0.3670409904042703
2018-09-28,0.6631905664648372
2018-10-01,0.4646648145041786
2018-10-02,0.6646667882481176
2018-10-03,0.7887920614712952
2018-10-04,0.7891813164408614
2018-10-05,0.6994473085542252
2018-10-08,0.7912962093247187
2018-10-09,0.8941196227646903
2018-10-10,0.8963848193555819
2018-10-11,0.8952938061703767
2018-10-12,0.8947206527628974
2018-10-15,0.8946347310507041
2018-10-16,0.8940338227460111
2018-10-17,0.7936005023013549
2018-10-18,0.8949304975532221
2018-10-19,0.796620503626353
2018-10-22,0.8949041504427137
2018-10-23,0.8988522226718345
2018-10-24,1.0
2018-10-25,1.0
2018-10-26,1.0
2018-10-29,1.0
2018-10-30,1.0
2018-10-31,1.0
2018-11-01,1.0
2018-11-02,1.0
2018-11-05,1.0
2018-11-06,1.0
2018-11-07,1.0
2018-11-08,1.0
2018-11-09,1.0
2018-11-12,1.0
2018-11-13,1.0
2018-11-14,1.0
2018-11-15,1.0
2018-11-16,1.0
2018-11-19,1.0
2018-11-20,1.0
2018-11-21,1.0
2018-11-23,1.0
2018-11-26,1.0
2018-11-27,1.0
2018-11-28,1.0
2018-11-29,0.9001814484852237
2018-11-30,1.0
2018-12-03,0.9011055837982043
2018-12-04,1.0
2018-12-06,1.0
2018-12-07,1.0
2018-12-10,1.0
2018-12-11,1.0
2018-12-12,1.0
2018-12-13,1.0
2018-12-14,1.0
2018-12-17,1.0
2018-12-18,1.0
2018-12-19,1.0
2018-12-20,1.0
2018-12-21,1.0
2018-12-24,1.0
2018-12-26,1.0
2018-12-27,1.0
2018-12-28,1.0
2018-12-31,1.0
2019-01-02,1.0
2019-01-03,1.0
2019-01-04,1.0
2019-01-07,1.0
2019-01-08,1.0
2019-01-09,1.0
2019-01-10,1.0
2019-01-11,1.0
2019-01-14,1.0
2019-01-15,1.0
2019-01-16,1.0
2019-01-17,1.0
2019-01-18,1.0
2019-01-22,1.0
2019-01-23,1.0
2019-01-24,1.0
2019-01-25,1.0
2019-01-28,1.0
2019-01-29,1.0
2019-01-30,1.0
2019-01-31,1.0
2019-02-01,1.0
2019-02-04,1.0
2019-02-05,1.0
2019-02-06,0.9003788469299576
2019-02-07,0.8987389593005499
2019-02-08,1.0
2019-02-11,1.0
2019-02-12,1.0
2019-02-13,1.0
2019-02-14,0.9011039898794163
2019-02-15,0.8991448906105167
2019-02-19,1.0
2019-02-20,1.0
2019-02-21,1.0
2019-02-22,1.0
2019-02-25,1.0
2019-02-26,1.0
2019-02-27,1.0
2019-02-28,1.0
2019-03-01,1.0
2019-03-04,1.0
2019-03-05,0.9020163876564821
2019-03-06,1.0
2019-03-07,1.0
2019-03-08,1.0
2019-03-11,1.0
2019-03-12,1.0
2019-03-13,1.0
2019-03-14,1.0
2019-03-15,0.8996375190594375
2019-03-18,0.900132630895075
2019-03-19,0.8025948193479011
2019-03-20,0.900523285052193
2019-03-21,0.8995612457409307
2019-03-22,0.8972884681714767
2019-03-25,0.8967952465081241
2019-03-26,0.8959487287242238
2019-03-27,0.8955645076927844
2019-03-28,0.8983383924137924
2019-03-29,0.8982610860616195
2019-04-01,0.7994159058178405
2019-04-02,0.7997072434357831
2019-04-03,0.6988176330078502
2019-04-04,0.8983563692297422
2019-04-05,0.6959634509163302
2019-04-08,0.7987566215474409
2019-04-09,0.700628528887634
2019-04-10,0.7991945065854631
2019-04-11,0.8015032643286046
2019-04-12,0.8022556562085199
2019-04-15,0.600373140065317
2019-04-16,0.30339821343264484
2019-04-17,0.6052764819330076
2019-04-18,0.7925262609510183
2019-04-22,0.7893630251357766
2019-04-23,0.6893520141515341
2019-04-24,0.6907999741745365
2019-04-25,0.8906560177386459
2019-04-26,0.891047805494907
2019-04-29,0.891785298881299
2019-04-30,0.8934373397129175
2019-05-01,0.8933742854700016
2019-05-02,0.8934215643584978
2019-05-03,0.8910634846730742
2019-05-06,0.789668530781815
2019-05-07,0.8934563612745903
2019-05-08,0.8817694212819566
2019-05-09,0.8828919986024215
2019-05-10,0.8827072640491573
2019-05-13,0.8796856072362638
2019-05-14,0.7818920248811729
2019-05-15,0.8773349382787812
2019-05-16,0.8723574970114374
2019-05-17,0.8740607071792454
2019-05-20,0.8752099588811731
2019-05-21,0.8763926017590986
2019-05-22,0.8775023369640831
2019-05-23,0.8794244125621891
2019-05-24,0.8795773218544369
2019-05-28,0.8783403258681196
2019-05-29,0.8794855820485754
2019-05-30,0.8789507496385802
2019-05-31,0.880511202975379
2019-06-03,0.8848698745128126
2019-06-04,0.8808025009363195
2019-06-05,0.4811186266284081
2019-06-06,0.7759359081740337
2019-06-07,0.7746847733542332
2019-06-10,0.7743441425199771
2019-06-11,0.4772312117207619
2019-06-12,0.7745224923220466
2019-06-13,0.6731897953417202
2019-06-14,0.7738590606156375
2019-06-17,0.7743297913048879
2019-06-18,0.5747209923697738
2019-06-19,0.7759717554061172
2019-06-20,0.4788783513439281
2019-06-21,0.7809708800035118
2019-06-24,0.7737011543442077
2019-06-25,0.7810934149601794
2019-06-26,0.7814498935179536
2019-06-27,0.8978805099485605
2019-06-28,0.7954556130603082
2019-07-01,0.6939936523335769
2019-07-02,0.6946726323916999
2019-07-03,0.6949280231512498
2019-07-05,0.6952841823267931
2019-07-08,0.7987175086170213
2019-07-09,0.7980713748413785
2019-07-10,0.7987968143536115
2019-07-11,0.7009661414017154
2019-07-12,0.7930855914429065
2019-07-15,0.892553445246183
2019-07-16,0.8939754755638832
2019-07-17,0.6930980452305673
2019-07-18,0.8925399343836838
2019-07-19,0.8943977877969456
2019-07-22,0.7948852067695522
2019-07-23,0.8964687266535193
2019-07-24,0.698110889108185
2019-07-25,0.901405192795146
2019-07-26,1.0
2019-07-29,1.0
2019-07-30,1.0
2019-07-31,1.0
2019-08-01,1.0
2019-08-02,0.8990357286714319
2019-08-05,1.0
2019-08-06,1.0
2019-08-07,0.7996361626082494
2019-08-08,0.8996602200559559
2019-08-09,0.9000665888554183
2019-08-12,1.0
2019-08-13,0.9003009418612034
2019-08-14,1.0
2019-08-15,1.0
2019-08-16,0.9009555360358281
2019-08-19,0.3044755269119549
2019-08-20,1.0
2019-08-21,0.5012932345899472
2019-08-22,1.0
2019-08-23,1.0
2019-08-26,1.0
2019-08-27,1.0
2019-08-28,1.0
2019-08-29,1.0
2019-08-30,1.0
2019-09-03,1.0
2019-09-04,0.30048845322688555
2019-09-05,0.7007339479027034
2019-09-06,0.896473745560651
2019-09-09,0.6974511874274629
2019-09-10,0.89598263910868
2019-09-11,0.8960829602138202
2019-09-12,0.8949404958873787
2019-09-13,0.7953091021403089
2019-09-16,0.8959462276480022
2019-09-17,0.8951410117586915
2019-09-18,0.8945983255222834
2019-09-19,0.8951209101864398
2019-09-20,0.8957649400994181
2019-09-23,0.7961506361148415
2019-09-24,0.8971112555932257
2019-09-25,0.896869005384825
2019-09-26,0.8987498838435964
2019-09-27,0.7995542305690484
2019-09-30,0.8983336641309957
2019-10-01,0.8990466657620485
2019-10-02,0.9000058381443183
2019-10-03,1.0
2019-10-04,1.0
2019-10-07,0.8016530866606131
2019-10-08,1.0
2019-10-09,0.9004946318662455
2019-10-10,0.8018274681313498
2019-10-11,0.5013541504752099
2019-10-14,0.8996313580568797
2019-10-15,0.6985866039517918
2019-10-16,0.701363731731909
2019-10-17,0.8018381402394941
2019-10-18,0.701809108014824
2019-10-21,0.7004305029424827
2019-10-22,0.606081198093815
2019-10-23,0.8105901013791591
2019-10-24,0.8989003292476684
2019-10-25,0.9011435115142477
2019-10-28,0.8998557694383031
2019-10-29,0.8032405686418826
2019-10-30,0.901238697138363
2019-10-31,0.9020125505571441
2019-11-01,0.8017835416035624
2019-11-04,0.8014488180795222
2019-11-05,0.9032209951236004
2019-11-06,1.0
2019-11-07,1.0
2019-11-08,1.0
2019-11-11,1.0
2019-11-12,1.0
2019-11-13,1.0
2019-11-14,0.799647777924871
2019-11-15,1.0
2019-11-18,1.0
2019-11-19,1.0
2019-11-20,1.0
2019-11-21,1.0
2019-11-22,1.0
2019-11-25,1.0
2019-11-26,0.9005656682293117
2019-11-27,0.9003304090098614
2019-11-29,1.0
2019-12-02,1.0
2019-12-03,1.0
2019-12-04,1.0
2019-12-05,0.9014427526126985
2019-12-06,0.6031928914276998
2019-12-09,0.8003486645825314
2019-12-10,0.6008434391585282
2019-12-11,0.7010762664343648
2019-12-12,0.6997740494073275
2019-12-13,0.8997308693594908
2019-12-16,0.7006927702816296
2019-12-17,0.8990965103719419
2019-12-18,0.8990667226082082
2019-12-19,0.8998419717248636
2019-12-20,0.9004093512125846
2019-12-23,0.800024435555082
2019-12-24,0.8994258563733872
2019-12-26,0.8015252142698905
2019-12-27,0.8993805283823488
2019-12-30,0.8991115443966126
2019-12-31,0.8001945673977673
2020-01-02,0.8981205617450391
2020-01-03,0.8988376095849537
2020-01-06,0.8995258549373458
2020-01-07,0.898419194022705
2020-01-08,0.898419194022705
2020-01-09,0.7979835486323795
2020-01-10,0.897757480379735
2020-01-13,0.8964774271261874
2020-01-14,0.8981750365263528
2020-01-15,0.8994599514830874
2020-01-16,0.8998491354071834
2020-01-17,0.8991608051631514
2020-01-21,0.9012890523171985
2020-01-22,1.0
2020-01-23,1.0
2020-01-24,1.0
2020-01-27,1.0
2020-01-28,1.0
2020-01-29,0.9006543975772511
2020-01-30,1.0
2020-01-31,1.0
2020-02-03,1.0
2020-02-04,1.0
2020-02-05,0.9006666389672537
2020-02-06,0.9011457353780069
2020-02-07,1.0
2020-02-10,1.0
2020-02-11,0.9002410697425827
2020-02-12,0.7993010138379278
2020-02-13,0.8003325316313272
2020-02-14,1.0
2020-02-18,0.9000454810102084
2020-02-19,1.0
2020-02-20,1.0
2020-02-21,1.0
2020-02-24,1.0
2020-02-25,1.0
2020-02-26,1.0
2020-02-27,1.0
2020-02-28,1.0
2020-03-02,1.0
2020-03-03,1.0
2020-03-04,1.0
2020-03-05,1.0
2020-03-06,1.0
2020-03-09,1.0
2020-03-10,1.0
2020-03-11,1.0
2020-03-12,1.0
2020-03-13,1.0
2020-03-16,1.0
2020-03-17,1.0
2020-03-18,1.0
2020-03-19,1.0
2020-03-20,1.0
2020-03-23,1.0
2020-03-24,1.0
2020-03-25,1.0
2020-03-26,1.0
2020-03-27,1.0
2020-03-30,1.0
2020-03-31,1.0
2020-04-01,1.0
2020-04-02,1.0
2020-04-03,1.0
2020-04-06,1.0
2020-04-07,1.0
2020-04-08,1.0
2020-04-09,1.0
2020-04-13,1.0
2020-04-14,1.0
2020-04-15,1.0
2020-04-16,1.0
2020-04-17,1.0
2020-04-20,1.0
2020-04-21,1.0
2020-04-22,1.0
2020-04-23,1.0
2020-04-24,1.0
2020-04-27,1.0
2020-04-28,1.0
2020-04-29,1.0
2020-04-30,1.0
2020-05-01,1.0
2020-05-04,1.0
2020-05-05,1.0
2020-05-06,1.0
2020-05-07,1.0
2020-05-08,1.0
2020-05-11,1.0
2020-05-12,1.0
2020-05-13,1.0
2020-05-14,1.0
2020-05-15,1.0
2020-05-18,1.0
2020-05-19,1.0
2020-05-20,1.0
2020-05-21,1.0
2020-05-22,1.0
2020-05-26,1.0
2020-05-27,0.9019053688539432
2020-05-28,0.7995780733557062
2020-05-29,0.8928420825483099
2020-06-01,0.8973587931968743
2020-06-02,0.900124937198689
2020-06-03,0.9016214970209517
2020-06-04,0.8999542260713902
2020-06-05,0.9001676204301994
2020-06-08,0.89625706042721
2020-06-09,0.899267880431806
2020-06-10,0.8981124096660006
2020-06-11,0.9042661317743231
2020-06-12,1.0
2020-06-15,1.0
2020-06-16,1.0
2020-06-17,1.0
2020-06-18,0.8973938775602653
2020-06-19,1.0
2020-06-22,1.0
2020-06-23,0.9010571355656684
2020-06-24,1.0
2020-06-25,1.0
2020-06-26,1.0
2020-06-29,1.0
2020-06-30,1.0
2020-07-01,1.0
2020-07-02,1.0
2020-07-06,1.0
2020-07-07,1.0
2020-07-08,1.0
2020-07-09,1.0
2020-07-10,1.0
2020-07-13,0.309699123024215
2020-07-14,0.7015989256982115
2020-07-15,0.8975682046128054
2020-07-16,0.5996378452527613
2020-07-17,0.7001707916695676
2020-07-20,0.796953746151842
2020-07-21,0.7998281647532313
2020-07-22,0.7913655232109635
2020-07-23,0.696220646814123
2020-07-24,0.6983138843219125
2020-07-27,0.6972933272381567
2020-07-28,0.6993247476027658
2020-07-29,0.7897135853536866
2020-07-30,0.6924685213081223
2020-07-31,0.3949328737754274
2020-08-03,0.6971400743076979
2020-08-04,0.6943256831434933
2020-08-05,0.5999780633701484
2020-08-06,0.6975653994642821
2020-08-07,0.7942844086446547
2020-08-10,0.7957156059440185
2020-08-11,0.7954222227983233
2020-08-12,0.7942743559047306
2020-08-13,0.7940478374110398
2020-08-14,0.6941642178815126
2020-08-17,0.7896552120175724
2020-08-18,0.7926265162264781
2020-08-19,0.7924063861964094
2020-08-20,0.7927513436719242
2020-08-21,0.7911859429854067
2020-08-24,0.7930102896585675
2020-08-25,0.7893740713033511
2020-08-26,0.6834751083422748
2020-08-27,0.49085893512117107
2020-08-28,0.5952396384084463
2020-08-31,0.7895695271068163
2020-09-01,0.5907088980123304
2020-09-02,0.7861691724279558
2020-09-03,0.7931889569932324
2020-09-04,0.896835724736526
2020-09-08,0.8984576201328629
2020-09-09,0.8996882690032764
2020-09-10,1.0
2020-09-11,1.0
2020-09-14,1.0
2020-09-15,0.8004196271960917
2020-09-16,1.0
2020-09-17,1.0
2020-09-18,0.9022108268534252
2020-09-21,0.9084919783163683
2020-09-22,1.0
2020-09-23,1.0
2020-09-24,1.0
2020-09-25,0.8003883167472193
2020-09-28,0.8998422161264744
2020-09-29,0.8027953047799821
2020-09-30,0.7028007491729469
2020-10-01,0.9023778098148245
2020-10-02,1.0
2020-10-05,0.8009783340622438
2020-10-06,0.8011168588151182
2020-10-07,0.7021187816365544
2020-10-08,0.8023858077723341
2020-10-09,0.7006131403265154
2020-10-12,0.8968585469698589
2020-10-13,0.8975275322296781
2020-10-14,0.9010206013574755
2020-10-15,0.9000250993809451
2020-10-16,0.8998120684395651
2020-10-19,0.9016679398123535
2020-10-20,0.9013828577335022
2020-10-21,0.9021765173140174
2020-10-22,0.9037337546474656
2020-10-23,0.9029498076392106
2020-10-26,0.9035158786504213
2020-10-27,0.9016648376192591
2020-10-28,0.9034754249139266
2020-10-29,0.9050371630940072
2020-10-30,1.0
2020-11-02,1.0
2020-11-03,1.0
2020-11-04,0.9010716724522712
2020-11-05,0.8983515164704341
2020-11-06,0.9017049259894057
2020-11-09,1.0
2020-11-10,1.0
2020-11-11,1.0
2020-11-12,1.0
2020-11-13,1.0
2020-11-16,0.5999352981834499
2020-11-17,1.0
2020-11-18,0.7040598193230029
2020-11-19,0.898654483282883
2020-11-20,0.9010461184102871
2020-11-23,1.0
2020-11-24,1.0
2020-11-25,1.0
2020-11-27,1.0
2020-11-30,1.0
2020-12-01,0.9046087568286292
2020-12-02,0.8998677138857193
2020-12-03,0.9009277617843582
2020-12-04,0.9041257126404089
2020-12-07,0.70231892194437
2020-12-08,1.0
2020-12-09,0.8977957511192016
2020-12-10,0.7997620121119797
2020-12-11,0.9004761836113278
2020-12-14,0.7102180541210068
2020-12-15,0.8988277600651906
2020-12-16,0.7981580750133733
2020-12-17,0.7962712908305173
2020-12-18,0.7971428943760215
2020-12-21,0.7890573849841409
2020-12-22,0.6863685072432831
2020-12-23,0.6919509540459717
2020-12-24,0.791445119205162
2020-12-28,0.5900160291032257
2020-12-29,0.6935295687449202
2020-12-30,0.7906920216115226
2020-12-31,0.5906018224880762
2021-01-04,0.6908697309979422
2021-01-05,0.7759774416624988
2021-01-06,0.5547593462687744
2021-01-07,0.5477977892452555
2021-01-08,0.6535902893706313
2021-01-11,0.6523672783136008
2021-01-12,0.5443637476789822
2021-01-13,0.644384849204229
2021-01-14,0.6383071336635885
2021-01-15,0.5423361731784055
2021-01-19,0.6356885363573821
2021-01-20,0.6387624513791823
2021-01-21,0.5430472952818739
2021-01-22,0.6415170478580474
2021-01-25,0.5486869361229718
2021-01-26,0.6486667184565785
2021-01-27,0.6575896309136872
2021-01-28,0.6591894097390554
2021-01-29,0.5629831509132968
2021-02-01,0.652293808896209
2021-02-02,0.45374974889090947
2021-02-03,0.7507986763248069
2021-02-04,0.545576977075463
2021-02-05,0.7430900143063776
2021-02-08,0.6349228556797409
2021-02-09,0.7375585300820567
2021-02-10,0.6363938029055209
2021-02-11,0.4346786482841174
2021-02-12,0.7349493621463472
2021-02-16,0.7366639862420419
2021-02-17,0.7361896391188523
2021-02-18,0.7387830181239341
2021-02-19,0.7351113904746277
2021-02-22,0.23924783247868986
2021-02-23,0.5401887941159972
2021-02-24,0.6230666013710427
2021-02-25,0.7337232879606777
2021-02-26,0.7309103097763993
2021-03-01,0.8448115841580441
2021-03-02,0.8463770927055302
2021-03-03,0.44540155241542645
2021-03-04,0.6558765243291997
2021-03-05,0.7575648020557875
2021-03-08,0.744578435029229
2021-03-09,0.74801723326903
2021-03-10,0.543877379224462
2021-03-11,0.7401052108891867
2021-03-12,0.7345006523302615
2021-03-15,0.7325472161273325
2021-03-16,0.7383135632767652
2021-03-17,0.7396020448507903
2021-03-18,0.6437445555298877
2021-03-19,0.6435744019943839
2021-03-22,0.6472710365964498
2021-03-23,0.5560984106883499
2021-03-24,0.6563988989583986
2021-03-25,0.6486950758725274
2021-03-26,0.6453180464689061
2021-03-29,0.6573007157095401
2021-03-30,0.5493368157767944
2021-03-31,0.6467531388924805
2021-04-01,0.7397807900600865
2021-04-05,0.6395203199134416
2021-04-06,0.3418547753126485
2021-04-07,0.6397482606913999
2021-04-08,0.3385825221325096
2021-04-09,0.3377594263644498
2021-04-12,0.13402053174212636
2021-04-13,0.6356564833422846
2021-04-14,0.33444059929584513
2021-04-15,0.5309514089379631
2021-04-16,0.33145679383470117
2021-04-19,0.43143926136836086
2021-04-20,0.7853071995438223
2021-04-21,0.3814662430244051
2021-04-22,0.1827114048748839
2021-04-23,0.17701946480942532
2021-04-26,0.1756707177961494
2021-04-27,0.5720282772595315
2021-04-28,0.4703027577076897
2021-04-29,0.27328171125304057
2021-04-30,0.5712223370229872
2021-05-03,0.2707095773335605
2021-05-04,0.5716851732072019
2021-05-05,0.4748227428670375
2021-05-06,0.37446611517070794
2021-05-07,0.3743699033347031
2021-05-10,0.2780674906046726
2021-05-11,0.4717379382423884
2021-05-12,0.4826807526901332
2021-05-13,0.7778513429681212
2021-05-14,0.5768691285866108
2021-05-17,0.6748552170016507
2021-05-18,0.6787936472408775
2021-05-19,0.7769818479742947
2021-05-20,0.6767962832806163
2021-05-21,0.6759023345893689
2021-05-24,0.775952868926531
2021-05-25,0.7799963859982237
2021-05-26,0.6777214745788693
2021-05-27,0.7787409010104771
2021-05-28,0.7777236887323347
2021-06-01,0.2799252257072292
2021-06-02,0.5787911216188114
2021-06-03,0.5788277053740831
2021-06-04,0.6755622303100624
2021-06-07,0.47520442265829776
2021-06-08,0.37853657046023914
2021-06-09,0.5822091886594061
2021-06-10,0.6948017375160851
2021-06-11,0.6956196186342902
2021-06-14,0.6972035413785984
2021-06-15,0.8995573277554677
2021-06-16,0.9000222527148432
2021-06-17,0.8068834157787885
2021-06-18,1.0
2021-06-21,1.0
2021-06-22,1.0
2021-06-23,0.8995045221471625
2021-06-24,0.8968278914822584
2021-06-25,0.8999344314074651
2021-06-28,0.9029232166363531
2021-06-29,0.8026599031506064
2021-06-30,0.901752195737076
2021-07-01,0.604353431229368
2021-07-02,0.9018126290065547
2021-07-06,0.8062039734271563
2021-07-07,0.8037798401650935
2021-07-08,0.9033923316473296
2021-07-09,0.7037170246023999
2021-07-12,0.2029262012857368
2021-07-13,0.8021454780734065
2021-07-14,0.6003214573827083
2021-07-15,0.8015228456029075
2021-07-16,0.7034668865115341
2021-07-19,0.9047161914118946
2021-07-20,1.0
2021-07-21,0.9017285767520465
2021-07-22,1.0
2021-07-23,1.0
2021-07-26,0.9005986738131246
2021-07-27,0.8016975618533716
2021-07-28,1.0
2021-07-29,0.8009372329511368
2021-07-30,0.8010557918726986
2021-08-02,1.0
2021-08-03,1.0
2021-08-04,1.0
2021-08-05,0.8982791382575441
2021-08-06,0.7996683648620452
2021-08-09,0.8025211297404761
2021-08-10,0.7007954512830936
2021-08-11,0.8010997667201812
2021-08-12,0.9004821035085461
2021-08-13,0.9006619116321753
2021-08-16,0.9018506943544184
2021-08-17,0.9026087846935407
2021-08-18,0.9044914886857484
2021-08-19,1.0
2021-08-20,1.0
2021-08-23,1.0
2021-08-24,1.0
2021-08-25,0.9028909408996066
2021-08-26,1.0
2021-08-27,0.8025661099858555
2021-08-30,0.7997400580981213
2021-08-31,1.0
2021-09-01,0.7033293065658012
2021-09-02,0.7002413103521314
2021-09-03,0.8997262303264381
2021-09-07,0.8034882627824457
2021-09-08,0.8987811157887757
2021-09-09,0.798691830318002
2021-09-10,0.8008469214722225
2021-09-13,0.7998745911302028
2021-09-14,0.8966373001361816
2021-09-15,0.7966748711569812
2021-09-16,0.7965517634310685
2021-09-17,0.8972299938942482
2021-09-20,0.7982328071676517
2021-09-21,0.8996001300476234
2021-09-22,0.8981243040396408
2021-09-23,0.5956844742040861
2021-09-24,0.7982281780174114
2021-09-27,0.895671451578637
2021-09-28,0.8958560691744988
2021-09-29,0.894618027571089
2021-09-30,0.8965027806650854
2021-10-01,0.8955000803853838
2021-10-04,0.8966084487822288
2021-10-05,0.5965510166716466
2021-10-06,0.893203284199668
2021-10-07,0.6941698523275945
2021-10-08,0.7936655924308272
2021-10-11,0.8927910336584037
2021-10-12,0.6958728993523424
2021-10-13,0.8938898372918728
2021-10-14,0.7946543369575281
2021-10-15,0.7953235699341059
2021-10-18,0.8934056493049957
2021-10-19,0.892596545431858
2021-10-20,0.8915904861866847
2021-10-21,0.6886235366505851
2021-10-22,0.7918903627389985
2021-10-25,0.7927141231746794
2021-10-26,0.8922521063275655
2021-10-27,0.8924234825877778
2021-10-28,0.7907871990345607
2021-10-29,0.8922975069488321
2021-11-01,0.7895903734139442
2021-11-02,0.892818785105304
2021-11-03,0.8911258430244188
2021-11-04,0.6874025807920776
2021-11-05,0.6829490906079623
2021-11-08,0.6832737329693157
2021-11-09,0.5837812342272817
2021-11-10,0.68707668347411
2021-11-11,0.6897180657241391
2021-11-12,0.6914298098974572
2021-11-15,0.691319859948722
2021-11-16,0.6005196626620108
2021-11-17,0.8046644083068204
2021-11-18,0.893237589220706
2021-11-19,0.7916496373729307
2021-11-22,0.8923297587770134
2021-11-23,0.7912695726064007
2021-11-24,0.7911874057509585
2021-11-26,0.8935302073519282
2021-11-29,0.6987754772366778
2021-11-30,1.0
2021-12-01,1.0
2021-12-02,1.0
2021-12-03,0.9013986133225333
2021-12-06,1.0
2021-12-07,1.0
2021-12-08,0.7051051342231149
2021-12-09,1.0
2021-12-10,0.9044160708086676
2021-12-13,0.9009183034634647
2021-12-14,0.9004382309622618
2021-12-15,0.7973525888842905
2021-12-16,0.7038119411415795
2021-12-17,0.8028340184358858
2021-12-20,0.7046391033979726
2021-12-21,0.9027757346559073
2021-12-22,0.8009464899456585
2021-12-23,0.5043764147266929
2021-12-27,0.3005740832864404
2021-12-28,0.697424296252261
2021-12-29,0.20296834635138605
2021-12-30,0.7983486534552813
2021-12-31,0.7011088828327827
2022-01-03,0.7988977028041151
2022-01-04,0.5940641318910811
2022-01-05,0.80291534292362
2022-01-06,0.8932019824337092
2022-01-07,0.8944217111531276
2022-01-10,0.8966642013895928
2022-01-11,0.7959235802100512
2022-01-12,0.7930942711091681
2022-01-13,0.8923587525902277
2022-01-14,0.8894613013453327
2022-01-18,0.8918745184248091
2022-01-19,0.8921521455912892
2022-01-20,0.8937430573600741
2022-01-21,0.8986800040220533
2022-01-24,1.0
2022-01-25,1.0
2022-01-26,1.0
2022-01-27,1.0
2022-01-28,1.0
2022-01-31,1.0
2022-02-01,1.0
2022-02-02,1.0
2022-02-03,0.7982074695878175
2022-02-04,0.9012847369452479
2022-02-07,0.9010418629568276
2022-02-08,0.8956879634721033
2022-02-09,0.7968203426288224
2022-02-10,0.5983078591128581
2022-02-11,0.7000853442624401
2022-02-14,0.8022108424266363
2022-02-15,0.7980361495918437
2022-02-16,0.5966931517151542
2022-02-17,0.800591361192866
2022-02-18,0.8033659935788227
2022-02-22,0.8986736681150143
2022-02-23,0.8986512798813581
2022-02-24,0.8992226268678122
2022-02-25,1.0
2022-02-28,1.0
2022-03-01,1.0
2022-03-02,1.0
2022-03-03,1.0
2022-03-04,1.0
2022-03-07,1.0
2022-03-08,1.0
2022-03-09,1.0
2022-03-10,1.0
2022-03-11,1.0
2022-03-14,1.0
2022-03-15,1.0
2022-03-16,1.0
2022-03-17,1.0
2022-03-18,1.0
2022-03-21,0.9000329553743729
2022-03-22,1.0
2022-03-23,0.8991765352342468
2022-03-24,1.0
2022-03-25,1.0
2022-03-28,0.8008076538625543
2022-03-29,0.7991152372302346
2022-03-30,0.8032505848066479
2022-03-31,1.0
2022-04-01,0.899083848789919
2022-04-04,0.8042985963309701
2022-04-05,0.9069359563956589
2022-04-06,0.90328106534921
2022-04-07,0.9042316634822105
2022-04-08,0.8979317729848734
2022-04-11,0.9021745155884895
2022-04-12,0.8981664470239211
2022-04-13,0.8952031094627053
2022-04-14,0.8924909714484428
2022-04-18,0.8920276720144897
2022-04-19,0.8928001024765195
2022-04-20,0.8914877744161203
2022-04-21,0.8998125068013594
2022-04-22,0.9036768965495812
2022-04-25,0.9074947416760414
2022-04-26,1.0
2022-04-27,1.0
2022-04-28,1.0
2022-04-29,1.0
2022-05-02,1.0
2022-05-03,1.0
2022-05-04,1.0
2022-05-05,1.0
2022-05-06,1.0
2022-05-09,1.0
2022-05-10,1.0
2022-05-11,1.0
2022-05-12,1.0
2022-05-13,1.0
2022-05-16,1.0
2022-05-17,1.0
2022-05-18,1.0
2022-05-19,1.0
2022-05-20,1.0
2022-05-23,1.0
2022-05-24,1.0
2022-05-25,1.0
2022-05-26,1.0
2022-05-27,1.0
2022-05-31,1.0
2022-06-01,1.0
2022-06-02,1.0
2022-06-03,1.0
2022-06-06,1.0
2022-06-07,1.0
2022-06-08,1.0
2022-06-09,1.0
2022-06-10,1.0
2022-06-13,1.0
2022-06-14,1.0
2022-06-15,1.0
2022-06-16,1.0
2022-06-17,1.0
2022-06-21,1.0
2022-06-22,1.0
2022-06-23,1.0
2022-06-24,1.0
2022-06-27,1.0
2022-06-28,1.0
2022-06-29,1.0
2022-06-30,1.0
2022-07-01,1.0
2022-07-05,1.0
2022-07-06,1.0
2022-07-07,1.0
2022-07-08,1.0
2022-07-11,1.0
2022-07-12,1.0
2022-07-13,1.0
2022-07-14,1.0
2022-07-15,1.0
2022-07-18,1.0
2022-07-19,1.0
2022-07-20,1.0
2022-07-21,1.0
2022-07-22,1.0
2022-07-25,1.0
2022-07-26,1.0
2022-07-27,1.0
2022-07-28,1.0
2022-07-29,1.0
2022-08-01,1.0
2022-08-02,1.0
2022-08-03,1.0
2022-08-04,1.0
2022-08-05,1.0
2022-08-08,1.0
2022-08-09,1.0
2022-08-10,1.0
2022-08-11,1.0
2022-08-12,1.0
2022-08-15,1.0
2022-08-16,1.0
2022-08-17,1.0
2022-08-18,1.0
2022-08-19,1.0
2022-08-22,1.0
2022-08-23,1.0
2022-08-24,1.0
2022-08-25,1.0
2022-08-26,1.0
2022-08-29,1.0
2022-08-30,1.0
2022-08-31,1.0
2022-09-01,1.0
2022-09-02,1.0
2022-09-06,1.0
2022-09-07,1.0
2022-09-08,1.0
2022-09-09,1.0
2022-09-12,1.0
2022-09-13,1.0
2022-09-14,1.0
2022-09-15,1.0
2022-09-16,1.0
2022-09-19,1.0
2022-09-20,1.0
2022-09-21,1.0
2022-09-22,1.0
2022-09-23,1.0
2022-09-26,1.0
2022-09-27,1.0
2022-09-28,1.0
2022-09-29,1.0
2022-09-30,1.0
2022-10-03,1.0
2022-10-04,1.0
2022-10-05,1.0
2022-10-06,1.0
2022-10-07,1.0
2022-10-10,1.0
2022-10-11,1.0
2022-10-12,1.0
2022-10-13,1.0
2022-10-14,1.0
2022-10-17,1.0
2022-10-18,1.0
2022-10-19,1.0
2022-10-20,1.0
2022-10-21,1.0
2022-10-24,1.0
2022-10-25,1.0
2022-10-26,1.0
2022-10-27,1.0
2022-10-28,1.0
2022-10-31,1.0
2022-11-01,1.0
2022-11-02,1.0
2022-11-03,1.0
2022-11-04,1.0
2022-11-07,1.0
2022-11-08,1.0
2022-11-09,1.0
2022-11-10,1.0
2022-11-11,1.0
2022-11-14,1.0
2022-11-15,1.0
2022-11-16,1.0
2022-11-17,1.0
2022-11-18,1.0
2022-11-21,1.0
2022-11-22,1.0
2022-11-23,1.0
2022-11-25,1.0
2022-11-28,1.0
2022-11-29,1.0
2022-11-30,1.0
2022-12-01,1.0
2022-12-02,1.0
2022-12-05,1.0
2022-12-06,1.0
2022-12-07,1.0
2022-12-08,1.0
2022-12-09,1.0
2022-12-12,1.0
2022-12-13,1.0
2022-12-14,0.7058301180081754
2022-12-15,1.0
2022-12-16,1.0
2022-12-19,1.0
2022-12-20,1.0
2022-12-21,1.0
2022-12-22,1.0
2022-12-23,1.0
2022-12-27,1.0
2022-12-28,1.0
2022-12-29,1.0
2022-12-30,1.0
2023-01-03,1.0
2023-01-04,1.0
2023-01-05,1.0
2023-01-06,1.0
2023-01-09,1.0
2023-01-10,1.0
2023-01-11,1.0
2023-01-12,0.898248999877351
2023-01-13,0.803130287691795
2023-01-17,1.0
2023-01-18,0.9018639920029762
2023-01-19,1.0
2023-01-20,1.0
2023-01-23,0.8977988210569708
2023-01-24,1.0
2023-01-25,1.0
2023-01-26,0.8031542218347235
2023-01-27,0.9024918770620126
2023-01-30,1.0
2023-01-31,1.0
2023-02-01,0.8999465657260721
2023-02-02,0.8979583492105632
2023-02-03,0.9026912052899929
2023-02-06,1.0
2023-02-07,1.0
2023-02-08,0.8975553595168158
2023-02-09,1.0
2023-02-10,0.6993222097174727
2023-02-13,1.0
2023-02-14,1.0
2023-02-15,1.0
2023-02-16,0.8036415806942296
2023-02-17,1.0
2023-02-21,0.9014432620612967
2023-02-22,1.0
2023-02-23,1.0
2023-02-24,1.0
2023-02-27,1.0
2023-02-28,0.898109836933019
2023-03-01,0.7021172479340839
2023-03-02,0.7977914849259454
2023-03-03,0.6993589249517596
2023-03-06,0.7989425072587585
2023-03-07,0.8994761004075065
2023-03-08,0.80002038744745
2023-03-09,0.703924598118409
2023-03-10,0.9032466343408984
2023-03-13,0.9032710291639883
2023-03-14,0.9015422649604747
2023-03-15,0.9039790624435092
2023-03-16,0.901251392513751
2023-03-17,0.9043104152342484
2023-03-20,0.902827267049446
2023-03-21,0.505538007195482
2023-03-22,0.802713351518646
2023-03-23,0.902164550712646
2023-03-24,0.9023361183440796
2023-03-27,0.7024001597289395
2023-03-28,0.9013458831201244
2023-03-29,0.6026538823804901
2023-03-30,0.30615107490163296
2023-03-31,0.601817775728498
2023-04-03,0.6980328659926688
2023-04-04,0.9047697052256228
2023-04-05,1.0
2023-04-06,1.0
2023-04-10,1.0
2023-04-11,1.0
2023-04-12,1.0
2023-04-13,0.9054438248721032
2023-04-14,1.0
2023-04-17,0.6086940458614283
2023-04-18,0.6010210422658018
2023-04-19,0.8962299434467266
2023-04-20,0.7970057399157912
2023-04-21,0.8941254338577411
2023-04-24,0.7000317547765273
2023-04-25,0.8945633780148171
2023-04-26,0.8963031355869736
2023-04-27,0.8934931149927834
2023-04-28,0.891694299942523
2023-05-01,0.7949176205572303
2023-05-02,0.6989392673662904
2023-05-03,0.6017401251023026
2023-05-04,0.7028467582780091
2023-05-05,0.898712388248027
2023-05-08,0.8993354465903131
2023-05-09,0.8014523022187227
2023-05-10,0.7079272900399144
2023-05-11,0.898703342339805
2023-05-12,0.8986709553618332
2023-05-15,0.8979477021495277
2023-05-16,0.8998446291946127
2023-05-17,0.7982625576093254
2023-05-18,0.795963008199324
2023-05-19,0.8955105575979055
2023-05-22,0.7964748419119311
2023-05-23,0.8968000398453809
2023-05-24,0.898526237755481
2023-05-25,0.8937910726544384
2023-05-26,0.8908448590122029
2023-05-30,0.8911913943929772
2023-05-31,0.8943547107276487
2023-06-01,0.8926712610082249
2023-06-02,0.8887075716200211
2023-06-05,0.8902430418537757
2023-06-06,0.8903335144411615
2023-06-07,0.6881701130377671
2023-06-08,0.8880106113475578
2023-06-09,0.8882860303032014
2023-06-12,0.8870955562421884
2023-06-13,0.7835897107423474
2023-06-14,0.7846592125814955
2023-06-15,0.7830986622669465
2023-06-16,0.6863975710565513
2023-06-20,0.7850923787615522
2023-06-21,0.6876612938700231
2023-06-22,0.7896474609548271
2023-06-23,0.8830849395989695
2023-06-26,0.882225661235691
2023-06-27,0.8813944978081605
2023-06-28,0.5834082145704358
2023-06-29,0.7809446488143682
2023-06-30,0.6803193908472798
2023-07-03,0.7790660225083037
2023-07-05,0.7817064209376834
2023-07-06,0.783563087676109
2023-07-07,0.682391904511361
2023-07-10,0.6777268679991083
2023-07-11,0.4790062253679308
2023-07-12,0.0862445656326718
2023-07-13,0.7811856728783795
2023-07-14,0.6841699594046886
2023-07-17,0.5747138360146027
2023-07-18,0.7723197296668342
2023-07-19,0.7708981830458135
2023-07-20,0.7691954407276932
2023-07-21,0.5737601437855628
2023-07-24,0.7732657538389047
2023-07-25,0.672294646221758
2023-07-26,0.7744872399364635
2023-07-27,0.7759465433320636
2023-07-28,0.7751024465269282
2023-07-31,0.575329778671881
2023-08-01,0.6689518664895955
2023-08-02,0.7666689977919845
2023-08-03,0.7656450322851591
2023-08-04,0.6667885400257966
2023-08-07,0.763178815769338
2023-08-08,0.7610883398074332
2023-08-09,0.7657745157866216
2023-08-10,0.7778897165585765
2023-08-11,0.7704035464495481
2023-08-14,0.8695494132990247
2023-08-15,0.7698757195630003
2023-08-16,0.8713186106936982
2023-08-17,0.7762816154532697
2023-08-18,0.8716073738857518
2023-08-21,0.8710394652518662
2023-08-22,0.7668618930802631
2023-08-23,0.6573234094925495
2023-08-24,0.5658692464401858
2023-08-25,0.6591235750472169
2023-08-28,0.6586317765497506
2023-08-29,0.3640027909692942
2023-08-30,0.5492733209463265
2023-08-31,0.5470884241684768
2023-09-01,0.7372096999678683
2023-09-05,0.7328650303521336
2023-09-06,0.7334667644700075
2023-09-07,0.7352492869114404
2023-09-08,0.7346386631141999
2023-09-11,0.5351176598786594
2023-09-12,0.6420504202513238
2023-09-13,0.7462676421493768
2023-09-14,0.5522698625151254
2023-09-15,0.6580638809740325
2023-09-18,0.6565659560142918
2023-09-19,0.5578830050588365
2023-09-20,0.787860895201442
2023-09-21,0.8880830127880702
2023-09-22,0.7892621105653712
2023-09-25,0.8807477882935968
2023-09-26,0.7815041059398579
2023-09-27,0.8743310627201456
2023-09-28,0.6705550428370066
2023-09-29,0.6743962015055904
2023-10-02,0.868067249985816
2023-10-03,0.8772039888378861
2023-10-04,0.8718975310548656
2023-10-05,0.6768450890854519
2023-10-06,0.867915867042867
2023-10-09,0.5703987058494004
2023-10-10,0.0738403609075895
2023-10-11,0.6553301345641551
2023-10-12,0.6616527496742002
2023-10-13,0.7679228431819276
2023-10-16,0.7666384261963256
2023-10-17,0.8583333012855109
2023-10-18,0.7626333857367795
2023-10-19,0.7724588857716173
2023-10-20,0.8698115759181494
2023-10-23,0.8683557295533627
2023-10-24,0.8642050041461429
2023-10-25,0.7691083328693955
2023-10-26,0.8713019851541401
2023-10-27,0.896601217217146
2023-10-30,1.0
2023-10-31,1.0
2023-11-01,1.0
2023-11-02,0.899809230642944
2023-11-03,0.39964645738759963
2023-11-06,0.8894718318724855
2023-11-07,0.8909581155799714
2023-11-08,0.8927121816393739
2023-11-09,0.7919395567253784
2023-11-10,0.6926731098682588
2023-11-13,0.6883195062602188
2023-11-14,0.785309617030247
2023-11-15,0.7844775869266487
2023-11-16,0.7862605300358043
2023-11-17,0.7855321120602092
2023-11-20,0.7840649881141795
2023-11-21,0.7831601150321981
2023-11-22,0.5802496209911041
2023-11-24,0.7779453841592405
2023-11-27,0.67795744408306
2023-11-28,0.7802533921395234
2023-11-29,0.7804628063726798
2023-11-30,0.7785444820360055
2023-12-01,0.7758145566615586
2023-12-04,0.6742599562838947
2023-12-05,0.7748006488962975
2023-12-06,0.5741847870723982
2023-12-07,0.7767559742415268
2023-12-08,0.7726047379020506
2023-12-11,0.7719921468338227
2023-12-12,0.7707117758081521
2023-12-13,0.470011201942819
2023-12-14,0.7718602270505299
2023-12-15,0.7712747780847071
2023-12-18,0.7700015785205859
2023-12-19,0.7658713982223659
2023-12-20,0.768895761255374
2023-12-21,0.7671765935111392
2023-12-22,0.6674617521913279
2023-12-26,0.7649801925279198
2023-12-27,0.66342741164082
2023-12-28,0.7646613512890119
2023-12-29,0.7652780308267813
2024-01-02,0.7687973512309803
2024-01-03,0.7714157624151807
2024-01-04,0.6728855151730821
2024-01-05,0.6709518838498467
2024-01-08,0.6699302758974819
2024-01-09,0.6689172696332042
2024-01-10,0.6674808806989894
2024-01-11,0.6666063671749494
2024-01-12,0.6634495528337926
2024-01-16,0.6645142088258633
2024-01-17,0.6654093437150339
2024-01-18,0.7744901464420526
2024-01-19,0.7742285631062372
2024-01-22,0.07439054841880621
2024-01-23,0.37797325479713784
2024-01-24,0.4778455354490675
2024-01-25,0.37802717540471187
2024-01-26,0.5765830882831222
2024-01-29,0.5691841075719509
2024-01-30,0.4702615882119646
2024-01-31,0.27356541728784345
2024-02-01,0.5709228613489986
2024-02-02,0.46865380915081
2024-02-05,0.5713857417952728
2024-02-06,0.4671278484292739
2024-02-07,0.6603755487474964
2024-02-08,0.46069599893466906
2024-02-09,0.46516753104143593
2024-02-12,0.2634875060950267
2024-02-13,0.7601285777750704
2024-02-14,0.6597599066643791
2024-02-15,0.5533606997727007
2024-02-16,0.554531153671924
2024-02-20,0.6564998425068498
2024-02-21,0.6568405871984153
2024-02-22,0.6523993113747018
2024-02-23,0.6525134251792208
2024-02-26,0.35168768224460145
2024-02-27,0.3496134094777169
2024-02-28,0.35408122417073795
2024-02-29,0.5433018087188148
2024-03-01,0.5391584468249753
2024-03-04,0.5388181234772612
2024-03-05,0.4401428615986317
2024-03-06,0.4408238475175763
2024-03-07,0.43944414457337855
2024-03-08,0.5370027881275403
2024-03-11,0.541177052813295
2024-03-12,0.3398853501421619
2024-03-13,0.5376370724546722
2024-03-14,0.33994002143455837
2024-03-15,0.5340650062138352
2024-03-18,0.5352215240263665
2024-03-19,0.5271933347131823
2024-03-20,0.32409337547231754
2024-03-21,0.42171144502673785
2024-03-22,0.5234611297775236
2024-03-25,0.5250768662518515
2024-03-26,0.5256749503275657
2024-03-27,0.3253219805338379
2024-03-28,0.5229591384302149
2024-04-01,0.42583303643752346
2024-04-02,0.6180871979435538
2024-04-03,0.6112773799194946
2024-04-04,0.5160366111024345
2024-04-05,0.6136622795358937
2024-04-08,0.6156266201008058
2024-04-09,0.6210655342310663
2024-04-10,0.6327309199125661
2024-04-11,0.6311448915855377
2024-04-12,0.7327137957873806
2024-04-15,0.6397542198092387
2024-04-16,0.833792547540624
2024-04-17,0.7358075592011057
2024-04-18,0.8358465627488303
2024-04-19,0.8369035351057734
2024-04-22,0.8357962964089344
2024-04-23,0.4336025677248422
2024-04-24,0.7332344600969615
2024-04-25,0.731073525377915
2024-04-26,0.7298609078061279
2024-04-29,0.8286820336042421
2024-04-30,0.7314136630898199
2024-05-01,0.8293173666203486
2024-05-02,0.7252101556671957
2024-05-03,0.3257573983200185
2024-05-06,0.4215551051463038
2024-05-07,0.5237432590549196
2024-05-08,0.6210171555022115
2024-05-09,0.5261506777822142
2024-05-10,0.7125868473781123
2024-05-13,0.519128369070736
2024-05-14,0.6126785610395082
2024-05-15,0.6092777687258073
2024-05-16,0.6095097034605259
2024-05-17,0.6126663935357304
2024-05-20,0.7112822361910034
2024-05-21,0.6130872687959326
2024-05-22,0.6170756514043709
2024-05-23,0.7153034453093092
2024-05-24,0.7118083933062698
2024-05-28,0.7149122423628222
2024-05-29,0.717288940735951
2024-05-30,0.791949472734542
2024-05-31,0.7892916253361462
2024-06-03,0.6909742298252741
2024-06-04,0.7912997939654229
2024-06-05,0.4903392684049732
2024-06-06,0.7876314861624099
2024-06-07,0.7875272832908919
2024-06-10,0.7873571995850862
2024-06-11,0.6895420393415268
2024-06-12,0.590591004220476
2024-06-13,0.7868016756219713
2024-06-14,0.7882521540428751
2024-06-17,0.789197428509288
2024-06-18,0.6871742627606536
2024-06-20,0.5908317309964559
2024-06-21,0.687535566041813
2024-06-24,0.586304119604479
2024-06-25,0.6887887105939148
2024-06-26,0.5870595390143962
2024-06-27,0.5860498668742187
2024-06-28,0.6873053658769064
2024-07-01,0.48874220544793756
2024-07-02,0.8791274722944347
2024-07-03,0.8788506972032474
2024-07-05,0.8766427410185181
2024-07-08,0.7781055177024053
2024-07-09,0.8764118788709481
2024-07-10,0.8778554777436661
2024-07-11,0.47721539812911584
2024-07-12,0.17871658815290703
2024-07-15,0.27477692939441356
2024-07-16,0.37264955059665206
2024-07-17,0.5725838886877048
2024-07-18,0.6791909091317352
2024-07-19,0.7748157566924985
2024-07-22,0.7730279520666228
2024-07-23,0.7704955122591685
2024-07-24,0.7730211786740985
2024-07-25,0.777126765233068
2024-07-26,0.5764483802506829
2024-07-29,0.6760394114953843
2024-07-30,0.7749617466302684
2024-07-31,0.7860600922409581
2024-08-01,0.8782915052801303
2024-08-02,0.8797299182524018
2024-08-05,1.0
2024-08-06,1.0
2024-08-07,1.0
2024-08-08,1.0
2024-08-09,1.0
2024-08-12,1.0
2024-08-13,0.9004595033619656
2024-08-14,0.9001346741671131
2024-08-15,0.799715843402466
2024-08-16,1.0
2024-08-19,0.8998513686262338
2024-08-20,1.0
2024-08-21,0.9000880524719778
2024-08-22,0.901505795574689
2024-08-23,0.8992166221502832
2024-08-26,0.4030784399183981
2024-08-27,1.0
2024-08-28,0.901076743203543
2024-08-29,1.0
2024-08-30,1.0
2024-09-03,1.0
2024-09-04,1.0
2024-09-05,1.0
2024-09-06,1.0
2024-09-09,1.0
2024-09-10,1.0
2024-09-11,1.0
2024-09-12,1.0
2024-09-13,0.7015767568341438
2024-09-16,0.6047752709921415
2024-09-17,0.3070641763856179
2024-09-18,0.8013257032120523
2024-09-19,0.9004986814820962
2024-09-20,0.9012978027615598
2024-09-23,0.7037810550921546
2024-09-24,0.803293765939108
2024-09-25,0.901705542276639
2024-09-26,0.9012554983178854
2024-09-27,0.80265022021945
2024-09-30,0.899006906678904
2024-10-01,0.9016605876973337
2024-10-02,0.8029023281864652
2024-10-03,0.8000160278243199
2024-10-04,0.6985170104179463
2024-10-07,0.9038001025671552
2024-10-08,0.8937933447223761
2024-10-09,0.6948860857364225
2024-10-10,0.8941504268218086
2024-10-11,0.595593088343839
2024-10-14,0.39381973493745537
2024-10-15,0.2904678016354887
2024-10-16,0.4940840725488025
2024-10-17,0.6878886989202304
2024-10-18,0.786672770545517
2024-10-21,0.7855149320239241
2024-10-22,0.6855947878743183
2024-10-23,0.7854671550846001
2024-10-24,0.6853986266102106
2024-10-25,0.7849537402959097
2024-10-28,0.6816952945044359
2024-10-29,0.7801117874162926
2024-10-30,0.7786853781128302
2024-10-31,0.7960168326918867
2024-11-01,0.792894307285781
2024-11-04,0.791897435505615
2024-11-05,0.7888051556143651
2024-11-06,0.5715763945403962
2024-11-07,0.6679033830861456
2024-11-08,0.7656514153806772
2024-11-11,0.757521980699803
2024-11-12,0.7554624099003188
2024-11-13,0.7596924435588405
2024-11-14,0.7602106093712335
2024-11-15,0.7599025855089833
2024-11-18,0.6524740008863801
2024-11-19,0.7484911759834496
2024-11-20,0.7457196517494913
2024-11-21,0.6478620486652672
2024-11-22,0.7426856681299285
2024-11-25,0.5404763773550652
2024-11-26,0.7437047143279171
2024-11-27,0.6424082323876823
2024-11-29,0.6409286901025687
2024-12-02,0.640859513166068
2024-12-03,0.5355923871012616
2024-12-04,0.7342404187751146
2024-12-05,0.7386213712901921
2024-12-06,0.6325726535924483
2024-12-09,0.7366720602135096
2024-12-10,0.7430600369168754
2024-12-11,0.7416017739953278
2024-12-12,0.7374819349804905
2024-12-13,0.7352464358988242
2024-12-16,0.6294057858485242
2024-12-17,0.7296275114527317
2024-12-18,0.7444164101897666
2024-12-19,0.7446737509175988
2024-12-20,0.6380880171315888
2024-12-23,0.5398869385558311
2024-12-24,0.6339339621947228
2024-12-26,0.6310138898544964
2024-12-27,0.635802010336282
2024-12-30,0.643334875137232
2024-12-31,0.6459970748886559
2025-01-02,0.344542961251153
2025-01-03,0.4356556776504916
2025-01-06,0.23315513445912484
2025-01-07,0.3354945329005372
2025-01-08,0.5294682829140714
2025-01-10,0.3339657089070791
2025-01-13,0.4323603831490791
2025-01-14,0.5123624541181284
2025-01-15,0.11048493657278768
2025-01-16,0.2995463204821359
2025-01-17,0.1978495751102679
2025-01-21,0.09579038014805508
2025-01-22,0.09341026064959956
2025-01-23,0.28900396700632225
2025-01-24,0.2900249302681538
2025-01-27,0.40673453974736506
2025-01-28,0.4860412091743882
2025-01-29,0.2855135893671149
2025-01-30,0.4765217512263684
2025-01-31,0.4786828041521073
2025-02-03,0.5767578389974566
2025-02-04,0.5746221159923753
2025-02-05,0.4714149782389844
2025-02-06,0.37590106116071775
2025-02-07,0.4709731544227206
2025-02-10,0.3728231945835534
2025-02-11,0.47689162355051096
2025-02-12,0.47723637341319247
2025-02-13,0.4656646870989438
2025-02-14,0.5567156532870337
2025-02-18,0.26353669745922537
2025-02-19,0.5681737206500106
2025-02-20,0.48243278192519
2025-02-21,0.5883951163816753
2025-02-24,0.5961200591910043
2025-02-25,0.6065044230633346
2025-02-26,0.8004392843467916
2025-02-27,0.8970940836734442
2025-02-28,0.8961673269845541
2025-03-03,0.8984878076126902
2025-03-04,0.9018394649545978
2025-03-05,1.0
2025-03-06,1.0
2025-03-07,1.0
2025-03-10,1.0
2025-03-11,1.0
2025-03-12,1.0
2025-03-13,1.0
2025-03-14,1.0
2025-03-17,1.0
2025-03-18,1.0
2025-03-19,1.0
2025-03-20,1.0
2025-03-21,1.0
2025-03-24,1.0
2025-03-25,1.0
2025-03-26,1.0
2025-03-27,1.0
2025-03-28,1.0
2025-03-31,1.0
2025-04-01,1.0
2025-04-02,1.0
2025-04-03,1.0
2025-04-04,1.0
2025-04-07,1.0
2025-04-08,1.0
2025-04-09,1.0
2025-04-10,1.0
2025-04-11,1.0
2025-04-14,1.0
2025-04-15,1.0
2025-04-16,1.0
2025-04-17,1.0
2025-04-21,1.0
2025-04-22,1.0
2025-04-23,1.0
2025-04-24,1.0
2025-04-25,1.0
2025-04-28,1.0
2025-04-29,1.0
2025-04-30,1.0
2025-05-01,1.0
2025-05-02,1.0
2025-05-05,1.0
2025-05-06,1.0
2025-05-07,1.0
2025-05-08,1.0
2025-05-09,1.0
2025-05-12,1.0
2025-05-13,0.8507730318579518
2025-05-14,1.0
2025-05-15,1.0
2025-05-16,0.9003840373291672
2025-05-19,0.8998124141171921
2025-05-20,0.9009939302486635
2025-05-21,1.0
2025-05-22,1.0
2025-05-23,1.0
2025-05-27,0.8989313632126406
2025-05-28,1.0
2025-05-29,1.0
2025-05-30,1.0
2025-06-02,0.9001294481007033
2025-06-03,1.0
2025-06-04,0.9000577007412506
2025-06-05,1.0
2025-06-06,1.0
2025-06-09,1.0
2025-06-10,1.0
2025-06-11,1.0
2025-06-12,1.0
2025-06-13,1.0
2025-06-16,0.900102932620555
2025-06-17,0.9024255651012951
2025-06-18,1.0
2025-06-20,1.0
2025-06-23,1.0
2025-06-24,0.7988862825917894
2025-06-25,0.9037073015130275
2025-06-26,0.7027958797149898
2025-06-27,0.9031100124728475
2025-06-30,0.603902253737714
2025-07-01,1.0
2025-07-02,0.8964324841347965
2025-07-03,0.8884879051554341
2025-07-07,0.8882787741673359
2025-07-08,0.892043211315299
2025-07-09,0.8920733356752972
2025-07-10,0.7965754155194265
2025-07-11,0.895199296402151
2025-07-14,0.8979905694946856
2025-07-15,0.7941682087308428
2025-07-16,0.8949588597741333
2025-07-17,0.8970161470195972
2025-07-18,0.7982689384890256
2025-07-21,0.8953790610262096
2025-07-22,0.6953738597030552
2025-07-23,0.893088799186867
2025-07-24,0.7943429052882597
2025-07-25,0.8905564924818621
2025-07-28,0.8892293205069268
2025-07-29,0.889997993582298
2025-07-30,0.8991727717255049
2025-07-31,0.9031808730045333
2025-08-01,1.0
2025-08-04,1.0
2025-08-05,1.0
2025-08-06,0.9000611523478652
2025-08-07,1.0
2025-08-08,0.9005913709241733
2025-08-11,0.8980615444221454
2025-08-12,0.8930861199015048
2025-08-13,0.8977955023105519
2025-08-14,0.9012664431529237
2025-08-15,1.0
2025-08-18,0.8995115081041193
2025-08-19,1.0
2025-08-20,1.0
2025-08-21,1.0
2025-08-22,0.9001279129731434
2025-08-25,0.8999856241232934
2025-08-26,0.9004012162651026
2025-08-27,0.9019442296191468
2025-08-28,0.9012763228541143
2025-08-29,1.0
2025-09-02,1.0
2025-09-03,0.9030160306912721
2025-09-04,1.0
2025-09-05,0.9061684837809548
2025-09-08,0.802576348278734
2025-09-09,0.9010677809837357
2025-09-10,0.9045267825139277
2025-09-11,0.8028539108161934
2025-09-12,0.9017005372688782
2025-09-15,1.0
2025-09-16,1.0
2025-09-17,1.0
2025-09-18,1.0
2025-09-19,1.0
2025-09-22,0.8013639706212814
2025-09-23,0.9048380163154703
2025-09-24,1.0
2025-09-25,0.9006456907241597
2025-09-26,0.9009877184264131
2025-09-29,0.8071212004963838
2025-09-30,0.9004084125819728
2025-10-01,0.8993738562807381
2025-10-02,1.0
2025-10-03,0.8977749731791195
2025-10-06,0.7022632783471155
2025-10-07,1.0
2025-10-08,0.9005634889047159
2025-10-09,0.9017284702098612
2025-10-10,1.0
2025-10-13,1.0
2025-10-14,1.0
2025-10-15,0.5043900243317609
2025-10-16,0.9028303410609432
2025-10-17,0.8985202636660226
2025-10-20,1.0
2025-10-21,0.8015019131327427
2025-10-22,1.0
2025-10-23,1.0
2025-10-24,0.8020338321125011
2025-10-27,0.8048514107665369
2025-10-28,0.7992326999366072
2025-10-29,0.5986024642318999
2025-10-30,0.5984386893303721
2025-10-31,0.5953646704748482
2025-11-03,0.6950339679618216
2025-11-04,0.5984630881610146
2025-11-05,0.6940865862913378
2025-11-06,0.5936170942432225
2025-11-07,0.6872513098884829
2025-11-10,0.4907643945545427
2025-11-11,0.5823498900393671
2025-11-12,0.5819147027725412
2025-11-13,0.6831764439450385
2025-11-14,0.6850406451141348
2025-11-17,0.6892115258732813
2025-11-18,0.7850058968795488
2025-11-19,0.7825274910189555
2025-11-20,0.6893188885585373
2025-11-21,0.7832346021017866
2025-11-24,0.6799124666211454
2025-11-25,0.2794949487015328
2025-11-26,0.08376372902286922
2025-11-28,0.6738388489298673
2025-12-01,0.5758013729468198
2025-12-02,0.5756737589829413
2025-12-03,0.6735210937182349
2025-12-04,0.575331803751943
2025-12-05,0.6730523725009461
2025-12-08,0.5737274322158459
2025-12-09,0.5812916950669318
2025-12-10,0.4697114432145191
2025-12-11,0.4659829571120576
2025-12-12,0.5725182702154238
2025-12-15,0.5725568651791887
2025-12-16,0.5742063685410942
2025-12-17,0.5802858912505537
2025-12-18,0.5772110927992704
2025-12-19,0.5742556481601444
2025-12-22,0.4711908825103662
2025-12-23,0.5716999207142079
2025-12-24,0.4733380506505067
2025-12-26,0.5702549614785485
2025-12-29,0.5731613468762844
2025-12-30,0.5754794038954337
2025-12-31,0.4820687345120509
2026-01-02,0.6681727108692839
2026-01-05,0.5655821147252619
2026-01-06,0.36086395220470735
2026-01-07,0.46792646541788874
2026-01-08,0.6613484790754383
2026-01-09,0.7580289587835518
2026-01-12,0.555930488662964
2026-01-13,0.4531529269353092
2026-01-14,0.5584264289565333
2026-01-15,0.5557976327950565
2026-01-16,0.7536098671843374
2026-01-20,0.7574752450902033
2026-01-21,0.5566248787017085
2026-01-22,0.6553683209999961
2026-01-23,0.7558855498271425
2026-01-26,0.7551140350327945
2026-01-27,0.7550563372912373
2026-01-28,0.7546528988935327
2026-01-29,0.7529967275862182
2026-01-30,0.7552032894795516
2026-02-02,0.6539904736686648
2026-02-03,0.65134290242799
2026-02-04,0.6496303382585883
2026-02-05,0.7582520546928843
2026-02-06,0.6495500925881111
2026-02-09,0.7442010331837194
2026-02-10,0.745481878132012
2026-02-11,0.7442586959261988
2026-02-12,0.7481511844224449
2026-02-13,0.745061747445902
2026-02-17,0.6470322074993986
2026-02-18,0.6489065638625264
2026-02-19,0.5556403958490903
2026-02-20,0.6417005472891406
2026-02-23,0.7432691543085267
2026-02-24,0.6408577546930652
2026-02-25,0.7402848150436223
2026-02-26,0.740613831966797
2026-02-27,0.7427027682725988
2026-03-02,0.7430611256530455
2026-03-03,0.5507719830982903
2026-03-04,0.6856978211944993
2026-03-05,0.8828616928123295
2026-03-06,1.0
2026-03-09,1.0
2026-03-10,1.0
2026-03-11,1.0
2026-03-12,0.9038621926892538
2026-03-13,0.8015164962458452
2026-03-16,0.8970042053275438
2026-03-17,0.7909600762017605
2026-03-18,0.6894638616221029
2026-03-19,0.7805720431233248
2026-03-20,0.8826689585062389
2026-03-23,0.8784662967747939
2026-03-24,0.8798336791417087
2026-03-25,0.8772516526090061
2026-03-26,0.8789630277951868
2026-03-27,0.8842129084190172
2026-03-30,0.8881282188937043
2026-03-31,0.8787642698867156
2026-04-01,0.8764108128562301
2026-04-02,0.8735418830132096
2026-04-06,0.8771650215042236
2026-04-07,0.8777594139507414
2026-04-08,0.8743157532744317
2026-04-09,0.8770412938081257
2026-04-10,0.8916050498521937
2026-04-13,0.8861662341472177
2026-04-14,0.8943495652733128
2026-04-15,0.8889027384520033
2026-04-16,0.8754852838227499
2026-04-17,0.8789506093091151
2026-04-20,0.874082218275164
2026-04-21,0.8678115620684874
2026-04-22,0.6697732901597279
2026-04-23,0.6678724639169251
2026-04-24,0.764944171515036
2026-04-27,0.661181516598089
2026-04-28,0.6652451332692239
2026-04-29,0.7642028395472139
2026-04-30,0.5635643029089036
2026-05-01,0.7573701376428209
2026-05-04,0.7514824627835764
2026-05-05,0.7095519748612158
2026-05-06,0.7021460986984327
2026-05-07,0.6142135079007323
2026-05-08,0.7028640615319173
2026-05-11,0.7039877472878983
2026-05-12,0.7070583696204555
2026-05-13,0.7029864114607196
2026-05-14,0.5031381771784875
2026-05-15,0.6069362596080881
2026-05-18,0.3115570990706167
2026-05-19,0.6107455607129544
2026-05-20,0.4050127200576715
2026-05-21,0.4065583157006094
2026-05-22,0.5000076219525327
2026-05-26,0.19754003476284843
2026-05-27,0.6048961480141704
2026-05-28,0.6045633254549312
2026-05-29,0.6023853887736954
2026-06-01,0.48764601099554405
2026-06-02,0.5923763150215822
2026-06-03,0.39289874211905484
2026-06-04,0.3870235135108002
2026-06-05,0.5926544298687737
2026-06-08,0.3842107510053365
2026-06-09,0.37946511953416406
2026-06-10,0.5707007344677602
2026-06-11,0.47019308702816154
2026-06-12,0.46496903809190815
2026-06-15,0.4589343230345245
2026-06-16,0.36425968635829253
2026-06-17,0.3729647970995562
2026-06-18,0.5676003752732575
2026-06-22,0.5686281698476389
2026-06-23,0.5764757993354814
2026-06-24,0.3789672106639499
2026-06-25,0.580061585683093
2026-06-26,0.5810692707519536
2026-06-29,0.5632532664887666
2026-06-30,0.6649862674422926
2026-07-01,0.5634410525626661
2026-07-02,0.6622728009491676
2026-07-06,0.659833370405181
2026-07-07,0.6641230682538861
2026-07-08,0.5666919250743093
2026-07-09,0.6626939335656661
2026-07-10,0.5637473239373749
2026-07-13,0.6602625075942958
2026-07-14,0.6565630700128178
2026-07-15,0.6601246425655454
2026-07-16,0.6566753497907416
2026-07-17,0.755688950543054
2026-07-20,0.652727875043098
2026-07-21,0.7535920207344248
2026-07-22,0.6672254906780335
2026-07-23,0.6636283077773386
2026-07-24,0.4650682587195758
2026-07-27,0.7547207851294485
2026-07-28,0.25747877588858337
2026-07-29,0.6536924310213941
2026-07-30,0.6642848861522466
2026-07-31,0.7677289977995165
2026-08-03,0.5678193923143122
2026-08-04,0.6653561313517109
2026-08-05,0.6703640674121177
2026-08-06,0.5717764612607468
2026-08-07,0.6868645249338978
2026-08-10,0.6924017050090339
2026-08-11,0.6904641458106191
2026-08-12,0.7873573490756719
2026-08-13,0.6873923088671423
2026-08-14,0.6876983132964769
2026-08-17,0.8885936114717111
2026-08-18,0.790337175437226
2026-08-19,0.8906933978392984
2026-08-20,0.8895484031234026
2026-08-21,0.8885331047033063
2026-08-24,0.7889635143553559
2026-08-25,0.8893222491850866
