date,0
2005-01-03,20000.0
2005-01-04,20000.0
2005-01-05,20000.0
2005-01-06,20000.0
2005-01-07,20000.0
2005-01-10,20000.0
2005-01-11,20000.0
2005-01-12,20000.0
2005-01-13,20000.0
2005-01-14,20000.0
2005-01-18,20000.0
2005-01-19,20000.0
2005-01-20,20000.0
2005-01-21,20000.0
2005-01-24,20000.0
2005-01-25,20000.0
2005-01-26,20000.0
2005-01-27,20000.0
2005-01-28,20000.0
2005-01-31,20000.0
2005-02-01,20000.0
2005-02-02,20000.0
2005-02-03,20000.0
2005-02-04,20000.0
2005-02-07,20000.0
2005-02-08,20000.0
2005-02-09,20000.0
2005-02-10,20000.0
2005-02-11,20000.0
2005-02-14,20000.0
2005-02-15,20000.0
2005-02-16,20000.0
2005-02-17,20000.0
2005-02-18,20000.0
2005-02-22,20000.0
2005-02-23,20000.0
2005-02-24,20000.0
2005-02-25,20000.0
2005-02-28,20000.0
2005-03-01,20000.0
2005-03-02,20000.0
2005-03-03,20000.0
2005-03-04,20000.0
2005-03-07,20000.0
2005-03-08,20000.0
2005-03-09,20000.0
2005-03-10,20000.0
2005-03-11,20000.0
2005-03-14,20000.0
2005-03-15,20000.0
2005-03-16,20000.0
2005-03-17,20000.0
2005-03-18,20000.0
2005-03-21,20000.0
2005-03-22,20000.0
2005-03-23,20000.0
2005-03-24,20000.0
2005-03-28,20000.0
2005-03-29,20000.0
2005-03-30,20000.0
2005-03-31,20000.0
2005-04-01,20000.0
2005-04-04,20000.0
2005-04-05,20000.0
2005-04-06,20000.0
2005-04-07,20000.0
2005-04-08,20000.0
2005-04-11,20000.0
2005-04-12,20000.0
2005-04-13,20000.0
2005-04-14,20000.0
2005-04-15,20000.0
2005-04-18,20000.0
2005-04-19,20000.0
2005-04-20,20000.0
2005-04-21,20000.0
2005-04-22,20000.0
2005-04-25,20000.0
2005-04-26,20000.0
2005-04-27,20000.0
2005-04-28,20000.0
2005-04-29,20000.0
2005-05-02,20000.0
2005-05-03,20000.0
2005-05-04,20000.0
2005-05-05,20000.0
2005-05-06,20000.0
2005-05-09,20000.0
2005-05-10,20000.0
2005-05-11,20000.0
2005-05-12,20000.0
2005-05-13,20000.0
2005-05-16,20000.0
2005-05-17,20000.0
2005-05-18,20000.0
2005-05-19,20000.0
2005-05-20,20000.0
2005-05-23,20000.0
2005-05-24,20000.0
2005-05-25,20000.0
2005-05-26,20000.0
2005-05-27,20000.0
2005-05-31,20000.0
2005-06-01,20000.0
2005-06-02,20000.0
2005-06-03,20000.0
2005-06-06,20000.0
2005-06-07,20000.0
2005-06-08,20000.0
2005-06-09,20000.0
2005-06-10,20000.0
2005-06-13,20000.0
2005-06-14,20000.0
2005-06-15,20000.0
2005-06-16,20000.0
2005-06-17,20000.0
2005-06-20,20000.0
2005-06-21,20000.0
2005-06-22,20000.0
2005-06-23,20000.0
2005-06-24,20000.0
2005-06-27,20000.0
2005-06-28,20000.0
2005-06-29,20000.0
2005-06-30,20000.0
2005-07-01,20000.0
2005-07-05,20000.0
2005-07-06,20000.0
2005-07-07,20000.0
2005-07-08,20000.0
2005-07-11,20000.0
2005-07-12,20000.0
2005-07-13,20000.0
2005-07-14,20000.0
2005-07-15,20000.0
2005-07-18,20000.0
2005-07-19,20000.0
2005-07-20,20000.0
2005-07-21,20000.0
2005-07-22,20000.0
2005-07-25,20000.0
2005-07-26,20000.0
2005-07-27,20000.0
2005-07-28,20000.0
2005-07-29,20000.0
2005-08-01,20000.0
2005-08-02,20000.0
2005-08-03,20000.0
2005-08-04,20000.0
2005-08-05,20000.0
2005-08-08,20000.0
2005-08-09,20000.0
2005-08-10,20000.0
2005-08-11,20000.0
2005-08-12,20000.0
2005-08-15,20000.0
2005-08-16,20000.0
2005-08-17,20000.0
2005-08-18,20000.0
2005-08-19,20000.0
2005-08-22,20000.0
2005-08-23,20000.0
2005-08-24,20000.0
2005-08-25,20000.0
2005-08-26,20000.0
2005-08-29,20000.0
2005-08-30,20000.0
2005-08-31,20000.0
2005-09-01,20000.0
2005-09-02,20000.0
2005-09-06,20000.0
2005-09-07,20000.0
2005-09-08,20000.0
2005-09-09,20000.0
2005-09-12,20000.0
2005-09-13,20000.0
2005-09-14,20000.0
2005-09-15,20000.0
2005-09-16,20000.0
2005-09-19,20000.0
2005-09-20,20000.0
2005-09-21,20000.0
2005-09-22,20000.0
2005-09-23,20000.0
2005-09-26,20000.0
2005-09-27,20000.0
2005-09-28,20000.0
2005-09-29,20000.0
2005-09-30,20000.0
2005-10-03,20000.0
2005-10-04,20000.0
2005-10-05,20000.0
2005-10-06,20000.0
2005-10-07,20000.0
2005-10-10,20000.0
2005-10-11,20000.0
2005-10-12,20000.0
2005-10-13,20000.0
2005-10-14,20000.0
2005-10-17,20000.0
2005-10-18,20000.0
2005-10-19,20000.0
2005-10-20,20000.0
2005-10-21,20000.0
2005-10-24,20000.0
2005-10-25,20000.0
2005-10-26,20000.0
2005-10-27,20000.0
2005-10-28,20000.0
2005-10-31,20000.0
2005-11-01,20000.0
2005-11-02,20000.0
2005-11-03,20000.0
2005-11-04,20000.0
2005-11-07,20000.0
2005-11-08,20000.0
2005-11-09,20000.0
2005-11-10,20000.0
2005-11-11,20000.0
2005-11-14,20000.0
2005-11-15,20000.0
2005-11-16,20000.0
2005-11-17,20000.0
2005-11-18,20000.0
2005-11-21,20000.0
2005-11-22,20000.0
2005-11-23,20000.0
2005-11-25,20000.0
2005-11-28,20000.0
2005-11-29,20000.0
2005-11-30,20000.0
2005-12-01,20000.0
2005-12-02,20000.0
2005-12-05,20000.0
2005-12-06,20000.0
2005-12-07,20000.0
2005-12-08,20000.0
2005-12-09,20000.0
2005-12-12,20000.0
2005-12-13,20000.0
2005-12-14,20000.0
2005-12-15,20000.0
2005-12-16,20000.0
2005-12-19,20000.0
2005-12-20,20000.0
2005-12-21,20000.0
2005-12-22,20000.0
2005-12-23,20000.0
2005-12-27,20000.0
2005-12-28,20000.0
2005-12-29,19965.11
2005-12-30,19874.812526397705
2006-01-03,20309.68992822647
2006-01-04,20554.24309223175
2006-01-05,20639.87631767273
2006-01-06,21027.847724609375
2006-01-09,21313.526823215485
2006-01-10,21351.08934419632
2006-01-11,21327.02731054306
2006-01-12,21075.43079202652
2006-01-13,21146.596484355927
2006-01-17,21113.583460979462
2006-01-18,20856.792568855286
2006-01-19,20931.751501731873
2006-01-20,20307.56029241562
2006-01-23,20708.508028678894
2006-01-24,21045.09554660736
2006-01-25,21017.713454608307
2006-01-26,21175.173957709656
2006-01-27,21199.082422618256
2006-01-30,21269.022547883866
2006-01-31,21440.338732404587
2006-02-01,20887.271105451462
2006-02-02,20783.606648149496
2006-02-03,20732.097921552664
2006-02-06,20892.184417428976
2006-02-07,20491.605428400046
2006-02-08,20436.618425550467
2006-02-09,20120.71768397332
2006-02-10,20078.7851539478
2006-02-13,19790.896777711838
2006-02-14,20152.57102354619
2006-02-15,20416.481264972987
2006-02-16,20834.19482811117
2006-02-17,20752.74082382345
2006-02-21,20630.90592010641
2006-02-22,20993.015317654736
2006-02-23,21134.68054561649
2006-02-24,21400.507797050817
2006-02-27,21573.78532539402
2006-02-28,21382.871840820655
2006-03-01,21897.357835159644
2006-03-02,21959.262303542506
2006-03-03,21883.152681540858
2006-03-06,21785.293979834925
2006-03-07,21315.051268958458
2006-03-08,21254.730189365106
2006-03-09,21275.44192985888
2006-03-10,21460.21178593035
2006-03-13,21418.050811427787
2006-03-14,21676.103613513664
2006-03-15,21915.2035890996
2006-03-16,21742.47148640032
2006-03-17,21893.654592822746
2006-03-20,21815.20508320208
2006-03-21,21574.151291202263
2006-03-22,21845.93895466204
2006-03-23,21942.01155121203
2006-03-24,22211.170848468497
2006-03-27,22406.94504413958
2006-03-28,22205.74068031664
2006-03-29,22673.34786568041
2006-03-30,22729.179568866446
2006-03-31,22650.156617740347
2006-04-03,22563.09561989184
2006-04-04,22821.759879802423
2006-04-05,23189.259823681827
2006-04-06,23225.816163899417
2006-04-07,22992.819403693313
2006-04-10,22872.842589423293
2006-04-11,22584.452388808364
2006-04-12,22734.097633067144
2006-04-13,22713.93110150434
2006-04-17,22787.99906987287
2006-04-18,23242.56523961164
2006-04-19,23639.788454714788
2006-04-20,23379.928431216253
2006-04-21,23243.643999758733
2006-04-24,23047.26077324964
2006-04-25,22896.828677378668
2006-04-26,22777.24866410352
2006-04-27,22403.234581728946
2006-04-28,22427.705481310855
2006-05-01,22611.88814245435
2006-05-02,22647.747500288213
2006-05-03,22734.69363199445
2006-05-04,23131.294124749915
2006-05-05,23101.05580645129
2006-05-08,23076.003287606687
2006-05-09,23272.774888329954
2006-05-10,23265.99418287799
2006-05-11,22882.407480531187
2006-05-12,22349.52469846262
2006-05-15,21898.41709095979
2006-05-16,21848.99386941242
2006-05-17,21249.554244705014
2006-05-18,21024.532883693304
2006-05-19,20949.348317969434
2006-05-22,20347.85176353574
2006-05-23,20359.44123892048
2006-05-24,20021.94578291157
2006-05-25,20371.593452328107
2006-05-26,20571.180427978896
2006-05-30,20307.317524383925
2006-05-31,20550.669439266585
2006-06-01,20879.24486203041
2006-06-02,20949.02611679878
2006-06-05,20484.78158516731
2006-06-06,20373.255537937544
2006-06-07,20233.13615126457
2006-06-08,20091.94361920204
2006-06-09,19927.48811584913
2006-06-12,19474.736770312826
2006-06-13,19109.65501046153
2006-06-14,19125.41795348444
2006-06-15,19300.016284643938
2006-06-16,19254.874672285845
2006-06-19,19209.72578430753
2006-06-20,19232.89740068061
2006-06-21,19488.467932525702
2006-06-22,19477.40373784644
2006-06-23,19530.00387460334
2006-06-26,19702.516577545233
2006-06-27,19628.56967813117
2006-06-28,19617.020051780768
2006-06-29,19815.991270843573
2006-06-30,19980.080956398077
2006-07-03,19990.13379016724
2006-07-05,19925.369916113286
2006-07-06,20027.368274839788
2006-07-07,19953.573211401374
2006-07-10,19928.19780490723
2006-07-11,20142.00176406025
2006-07-12,19764.507575484506
2006-07-13,19396.37838313221
2006-07-14,19343.446817644133
2006-07-17,19117.953158624663
2006-07-18,19160.04262143714
2006-07-19,19378.664960043458
2006-07-20,19093.298380033997
2006-07-21,18897.01268956521
2006-07-24,19301.30544850686
2006-07-25,19347.330368817835
2006-07-26,19432.117298368008
2006-07-27,19184.137432340176
2006-07-28,19389.003327611477
2006-07-31,19481.506860111145
2006-08-01,19577.89489683905
2006-08-02,19639.060302242822
2006-08-03,19783.42712257821
2006-08-04,19978.064518436975
2006-08-07,19963.109290585107
2006-08-08,19812.335476383752
2006-08-09,19672.284758076257
2006-08-10,19318.736180767602
2006-08-11,19194.868959699183
2006-08-14,19163.835114528003
2006-08-15,19389.6670289529
2006-08-16,19485.96938901073
2006-08-17,19400.74226035631
2006-08-18,19516.8222497896
2006-08-21,19603.66431798494
2006-08-22,19844.316280265215
2006-08-23,19522.427615065935
2006-08-24,19567.854429435716
2006-08-25,19642.342827987657
2006-08-28,19763.793130588518
2006-08-29,19807.143113327013
2006-08-30,19701.8712653025
2006-08-31,19752.67072619041
2006-09-01,19864.076609502634
2006-09-05,20051.231824682665
2006-09-06,19942.589994562648
2006-09-07,19717.144496096156
2006-09-08,19778.12597764828
2006-09-11,19773.78636438255
2006-09-12,20099.25108272438
2006-09-13,20138.549777334974
2006-09-14,20040.885377711104
2006-09-15,20124.737706488417
2006-09-18,20086.24068290596
2006-09-19,20100.269250696943
2006-09-20,20142.954862421797
2006-09-21,20003.457235640333
2006-09-22,19987.532166785048
2006-09-25,20035.523409670637
2006-09-26,20123.64571792488
2006-09-27,20272.309174320508
2006-09-28,20120.050208351422
2006-09-29,20024.092471859265
2006-10-02,20079.9858875038
2006-10-03,20228.293797946153
2006-10-04,20605.41410682219
2006-10-05,20811.601816332208
2006-10-06,20764.947659170495
2006-10-09,20892.694224512445
2006-10-10,20886.663870012628
2006-10-11,20789.757135546075
2006-10-12,21054.53630892025
2006-10-13,21157.717114603387
2006-10-16,21275.23287168728
2006-10-17,21154.375544702874
2006-10-18,21185.858283197747
2006-10-19,21346.35224214779
2006-10-20,21279.647574102746
2006-10-23,21391.53025690304
2006-10-24,21379.977191126214
2006-10-25,21414.272407686578
2006-10-26,21609.260989315713
2006-10-27,21444.090864308084
2006-10-30,21533.30510819694
2006-10-31,21476.15332585278
2006-11-01,21161.713257607847
2006-11-02,21138.96845227185
2006-11-03,21010.729741868407
2006-11-06,21340.115945738813
2006-11-07,21275.906415608075
2006-11-08,21179.430700447705
2006-11-09,20949.898572590497
2006-11-10,21011.799805786755
2006-11-13,21058.65436091676
2006-11-14,21244.363767302042
2006-11-15,21190.430493509775
2006-11-16,21268.405563986307
2006-11-17,21132.099788343912
2006-11-20,21166.235574329126
2006-11-21,21251.494767749537
2006-11-22,21182.253006251987
2006-11-24,21183.368913921055
2006-11-27,20775.77448490494
2006-11-28,20753.17007441
2006-11-29,21032.80269075167
2006-11-30,21041.030071504232
2006-12-01,21034.430678613302
2006-12-04,21443.701772935507
2006-12-05,21541.354568646155
2006-12-06,21525.043294179144
2006-12-07,21457.103580701056
2006-12-08,21503.66105960578
2006-12-11,21566.99149154395
2006-12-12,21424.906342134433
2006-12-13,21525.11046086307
2006-12-14,21783.581315622287
2006-12-15,21754.956627473788
2006-12-18,21519.94362317081
2006-12-19,21568.90143261905
2006-12-20,21691.98200093265
2006-12-21,21563.808451686862
2006-12-22,21474.498809325713
2006-12-26,21557.51556084107
2006-12-27,21674.853432392585
2006-12-28,21650.944953655708
2006-12-29,21531.664534306037
2007-01-03,21803.902250027168
2007-01-04,21997.12525341462
2007-01-05,21974.388471340644
2007-01-08,21995.39426992873
2007-01-09,21896.243845925128
2007-01-10,22100.94206617812
2007-01-11,22393.276663765704
2007-01-12,22380.594146714007
2007-01-16,22346.79392050246
2007-01-17,22401.414209351336
2007-01-18,22174.930262551105
2007-01-19,22052.852747409255
2007-01-22,22088.633744227795
2007-01-23,22088.29283713093
2007-01-24,22371.22073836768
2007-01-25,22018.28656383002
2007-01-26,22136.14863819992
2007-01-29,22197.84003586685
2007-01-30,22201.44995160019
2007-01-31,22267.609318207855
2007-02-01,22562.044002961273
2007-02-02,22639.032782029266
2007-02-05,22499.071027230377
2007-02-06,22707.58187025756
2007-02-07,22938.550912558738
2007-02-08,23025.907462775413
2007-02-09,22654.931461989585
2007-02-12,22610.512641131583
2007-02-13,22533.679629981223
2007-02-14,23088.300020873252
2007-02-15,23208.414527144323
2007-02-16,23176.68577657212
2007-02-20,23345.897714304818
2007-02-21,23330.267836737527
2007-02-22,23230.458051848305
2007-02-23,23175.505616831673
2007-02-26,22871.034292387856
2007-02-27,21941.542486741808
2007-02-28,21928.76881974962
2007-03-01,21900.8667144182
2007-03-02,21492.61451143053
2007-03-05,21384.164467008253
2007-03-06,21787.187855870863
2007-03-07,22037.079996259352
2007-03-08,22389.810790402153
2007-03-09,22293.697858196952
2007-03-12,22668.663230282524
2007-03-13,22178.283840252618
2007-03-14,22177.416312767724
2007-03-15,22350.048670841912
2007-03-16,22188.81871755288
2007-03-19,22424.22646243737
2007-03-20,22644.516492916802
2007-03-21,22870.608875347833
2007-03-22,22886.961114956597
2007-03-23,22899.141872956017
2007-03-26,22804.804894043664
2007-03-27,22605.39067466424
2007-03-28,22500.401073528985
2007-03-29,22514.16044242547
2007-03-30,22480.79083163903
2007-04-02,22677.845818750968
2007-04-03,23095.164369337668
2007-04-04,23025.98824047338
2007-04-05,23261.451615088095
2007-04-09,23358.634237043967
2007-04-10,23390.562660925498
2007-04-11,23120.832287066092
2007-04-12,23221.301921122184
2007-04-13,23300.142771475425
2007-04-16,23612.269967787375
2007-04-17,23476.35490297567
2007-04-18,23397.920203917136
2007-04-19,23276.14732114182
2007-04-20,23306.765853322606
2007-04-23,23325.480925000767
2007-04-24,23019.160263932805
2007-04-25,23228.407173888412
2007-04-26,23296.871247069565
2007-04-27,23114.58423940255
2007-04-30,22898.726569572227
2007-05-01,22831.81475064462
2007-05-02,23167.48637149173
2007-05-03,23293.945410356126
2007-05-04,23240.71969757994
2007-05-07,23365.837748155198
2007-05-08,23324.988055810532
2007-05-09,23461.520721063218
2007-05-10,23208.68905507048
2007-05-11,23435.575234040818
2007-05-14,23574.64107476195
2007-05-15,23562.62798844298
2007-05-16,23639.40899811705
2007-05-17,23754.912728633324
2007-05-18,23728.00546773855
2007-05-21,23910.56657368588
2007-05-22,23957.40919453549
2007-05-23,23728.805430862994
2007-05-24,23222.707007858844
2007-05-25,23734.80508674882
2007-05-29,23831.040251391154
2007-05-30,24181.835356371623
2007-05-31,24500.538090622773
2007-06-01,24801.205578720917
2007-06-04,24801.899735367646
2007-06-05,24712.48061648642
2007-06-06,24340.91052523886
2007-06-07,23780.525027191987
2007-06-08,24002.360643979988
2007-06-11,23858.336525261402
2007-06-12,23707.79919654131
2007-06-13,24102.928552925587
2007-06-14,24165.7231066823
2007-06-15,24491.069177925587
2007-06-18,24572.986547768116
2007-06-19,24580.97121268511
2007-06-20,24350.67610579729
2007-06-21,24547.20866805315
2007-06-22,24422.610632240772
2007-06-25,24288.819887459278
2007-06-26,24099.21855765581
2007-06-27,24205.933272328177
2007-06-28,24229.898265327625
2007-06-29,24103.01901575487
2007-07-02,24484.795432533436
2007-07-03,24499.976454223804
2007-07-05,24616.892286743336
2007-07-06,24634.986110982372
2007-07-09,24724.62598830171
2007-07-10,24371.304112729504
2007-07-11,24433.024586018993
2007-07-12,24693.384487447216
2007-07-13,24622.64306765504
2007-07-16,24595.680460271313
2007-07-17,24612.24078780122
2007-07-18,24663.861106214
2007-07-19,24542.50532370515
2007-07-20,24256.443064743216
2007-07-23,24195.27832751301
2007-07-24,23678.89570765522
2007-07-25,23417.76884036091
2007-07-26,22945.85454761627
2007-07-27,22542.475187856046
2007-07-30,22705.734041478718
2007-07-31,22472.878834512318
2007-08-01,22343.89750268706
2007-08-02,22472.81280687102
2007-08-03,21991.747785832966
2007-08-06,22244.648765472797
2007-08-07,22199.31539236489
2007-08-08,21771.98915993157
2007-08-09,20657.50206839028
2007-08-10,20757.65866527955
2007-08-13,20449.497597316902
2007-08-14,20090.842083553474
2007-08-15,19705.84870904407
2007-08-16,19404.687212036843
2007-08-17,19655.96140752409
2007-08-20,19668.526626335126
2007-08-21,19633.526719321522
2007-08-22,19660.797452430044
2007-08-23,19440.571765403067
2007-08-24,19484.35590122155
2007-08-27,19456.120462531362
2007-08-28,19057.436598548207
2007-08-29,19483.67918468407
2007-08-30,19545.337929496083
2007-08-31,19815.383366355214
2007-09-04,20094.805405387197
2007-09-05,20017.70210719994
2007-09-06,20172.59896922997
2007-09-07,19769.522719153676
2007-09-10,19697.703470954213
2007-09-11,19977.478331690305
2007-09-12,19947.441294794553
2007-09-13,20018.647950296872
2007-09-14,19905.20617135052
2007-09-17,19793.876585321468
2007-09-18,20550.213459329647
2007-09-19,20796.456474618954
2007-09-20,20735.651586847347
2007-09-21,20772.21406777386
2007-09-24,20631.339300605014
2007-09-25,20733.01826712723
2007-09-26,20854.308958502963
2007-09-27,20638.751306983188
2007-09-28,20515.509447547152
2007-10-01,20914.186424704745
2007-10-02,20763.944462271884
2007-10-03,20602.26123664017
2007-10-04,20563.39014289017
2007-10-05,20975.11303656693
2007-10-08,20927.631209784704
2007-10-09,21115.483800345617
2007-10-10,21300.67141165848
2007-10-11,21090.875915671542
2007-10-12,21451.40082373734
2007-10-15,21737.825340415195
2007-10-16,21713.215174781042
2007-10-17,21880.199570761877
2007-10-18,21927.737174140173
2007-10-19,21332.84187804337
2007-10-22,21469.937936557057
2007-10-23,21701.81836105657
2007-10-24,21585.936292422535
2007-10-25,21551.011920703175
2007-10-26,21766.13256241155
2007-10-29,21925.196256028885
2007-10-30,21787.075643884415
2007-10-31,22036.217501985306
2007-11-01,21466.465736734146
2007-11-02,21367.881441396526
2007-11-05,21430.91176246052
2007-11-06,21899.911268457225
2007-11-07,21501.20810147481
2007-11-08,21688.388149463703
2007-11-09,21172.123184864697
2007-11-12,20714.29952067631
2007-11-13,20900.657921918464
2007-11-14,20819.041058343482
2007-11-15,20777.59909562452
2007-11-16,20881.875817578864
2007-11-19,20680.626186822486
2007-11-20,20618.634489511085
2007-11-21,20413.406471093404
2007-11-23,20746.713875891895
2007-11-26,20594.816136004658
2007-11-27,20734.83910311547
2007-11-28,21139.032280338677
2007-11-29,21116.970663441094
2007-11-30,21047.029114139947
2007-12-03,21001.302781475457
2007-12-04,20886.05456847039
2007-12-05,21052.58858889428
2007-12-06,21543.600835026176
2007-12-07,21418.533363521965
2007-12-10,21550.43409746972
2007-12-11,21087.037168682487
2007-12-12,20946.297369182976
2007-12-13,20929.16537614228
2007-12-14,21183.38439603211
2007-12-17,20845.578867772834
2007-12-18,21047.695565084236
2007-12-19,21131.3637913263
2007-12-20,21406.56575856568
2007-12-21,21728.063212255256
2007-12-24,21967.735345357672
2007-12-26,22071.274343961493
2007-12-27,21597.888515943305
2007-12-28,21772.819126600043
2007-12-31,21552.45506238343
2008-01-02,21533.697359555976
2008-01-03,21693.132104314736
2008-01-04,21292.087239769255
2008-01-07,21193.77504497894
2008-01-08,21060.802017406306
2008-01-09,21224.56991608585
2008-01-10,21172.306991891513
2008-01-11,21148.006317453037
2008-01-14,21257.509567575107
2008-01-15,21047.394485787998
2008-01-16,20797.862068490635
2008-01-17,20633.669358193252
2008-01-18,20609.035102291586
2008-01-22,20560.015067501547
2008-01-23,20577.875113888265
2008-01-24,20544.815009518148
2008-01-25,20510.995032711508
2008-01-28,20559.63498632479
2008-01-29,20561.915038509847
2008-01-30,20542.155021114828
2008-01-31,20580.535102291586
2008-02-01,20610.935073299886
2008-02-04,20642.095061703207
2008-02-05,20584.71498052645
2008-02-06,20564.575026913168
2008-02-07,20569.13498632479
2008-02-08,20563.05499212313
2008-02-11,20565.71498052645
2008-02-12,20672.115096493246
2008-02-13,20699.855079098226
2008-02-14,20707.075026913168
2008-02-15,20693.015067501547
2008-02-19,20696.815009518148
2008-02-20,20594.21498052645
2008-02-21,20579.015067501547
2008-02-22,20567.235015316488
2008-02-25,20620.05499212313
2008-02-26,20620.435073299886
2008-02-27,20679.71498052645
2008-02-28,20660.335044308187
2008-02-29,20617.775084896566
2008-03-03,20612.455108089925
2008-03-04,20611.695090694906
2008-03-05,20628.795119686605
2008-03-06,20585.095061703207
2008-03-07,20569.435073299886
2008-03-10,20569.435073299886
2008-03-11,20569.435073299886
2008-03-12,20569.435073299886
2008-03-13,20569.435073299886
2008-03-14,20569.435073299886
2008-03-17,20569.435073299886
2008-03-18,20569.435073299886
2008-03-19,20569.435073299886
2008-03-20,20569.435073299886
2008-03-24,20569.435073299886
2008-03-25,20569.435073299886
2008-03-26,20569.435073299886
2008-03-27,20569.435073299886
2008-03-28,20569.435073299886
2008-03-31,20569.435073299886
2008-04-01,20569.435073299886
2008-04-02,20569.435073299886
2008-04-03,20569.435073299886
2008-04-04,20569.435073299886
2008-04-07,20569.435073299886
2008-04-08,20569.435073299886
2008-04-09,20569.435073299886
2008-04-10,20569.435073299886
2008-04-11,20569.435073299886
2008-04-14,20569.435073299886
2008-04-15,20569.435073299886
2008-04-16,20569.435073299886
2008-04-17,20569.435073299886
2008-04-18,20569.435073299886
2008-04-21,20569.435073299886
2008-04-22,20569.435073299886
2008-04-23,20569.435073299886
2008-04-24,20569.435073299886
2008-04-25,20569.435073299886
2008-04-28,20569.435073299886
2008-04-29,20569.435073299886
2008-04-30,20569.435073299886
2008-05-01,20569.435073299886
2008-05-02,20569.435073299886
2008-05-05,20569.435073299886
2008-05-06,20569.435073299886
2008-05-07,20549.23507329989
2008-05-08,20640.941951008324
2008-05-09,20736.83931848574
2008-05-12,20772.457062931542
2008-05-13,20785.422149868493
2008-05-14,20869.078521938805
2008-05-15,20867.55562040377
2008-05-16,20874.5272581296
2008-05-19,20717.33177301455
2008-05-20,20707.534088345055
2008-05-21,20339.686303349023
2008-05-22,20388.221325130944
2008-05-23,20051.934902401452
2008-05-27,20241.338752003197
2008-05-28,20557.562514515404
2008-05-29,20747.51136991549
2008-05-30,20863.973061753244
2008-06-02,20735.718566132517
2008-06-03,20671.740452004404
2008-06-04,20830.797187996835
2008-06-05,21051.716527596447
2008-06-06,20543.832101479504
2008-06-09,20552.670027390453
2008-06-10,20474.51968143398
2008-06-11,20203.669169883076
2008-06-12,20290.516372031518
2008-06-13,20510.18788940365
2008-06-16,20499.626272506066
2008-06-17,20328.724571532555
2008-06-18,20219.396369996084
2008-06-19,20353.64575964452
2008-06-20,20177.989818635
2008-06-23,20223.533558111056
2008-06-24,20180.049244146212
2008-06-25,20254.50339148508
2008-06-26,20015.074058751925
2008-06-27,19919.8083895204
2008-06-30,19882.888129756306
2008-07-01,19882.888129756306
2008-07-02,19882.888129756306
2008-07-03,19882.888129756306
2008-07-07,19882.888129756306
2008-07-08,19882.888129756306
2008-07-09,19882.888129756306
2008-07-10,19882.888129756306
2008-07-11,19882.888129756306
2008-07-14,19882.888129756306
2008-07-15,19882.888129756306
2008-07-16,19882.888129756306
2008-07-17,19882.888129756306
2008-07-18,19882.888129756306
2008-07-21,19882.888129756306
2008-07-22,19882.888129756306
2008-07-23,19882.888129756306
2008-07-24,19882.888129756306
2008-07-25,19882.888129756306
2008-07-28,19882.888129756306
2008-07-29,19882.888129756306
2008-07-30,19882.888129756306
2008-07-31,19882.888129756306
2008-08-01,19882.888129756306
2008-08-04,19882.888129756306
2008-08-05,19882.888129756306
2008-08-06,19882.888129756306
2008-08-07,19882.888129756306
2008-08-08,19882.888129756306
2008-08-11,19882.888129756306
2008-08-12,19882.888129756306
2008-08-13,19882.888129756306
2008-08-14,19882.888129756306
2008-08-15,19882.888129756306
2008-08-18,19882.888129756306
2008-08-19,19882.888129756306
2008-08-20,19882.888129756306
2008-08-21,19882.888129756306
2008-08-22,19882.888129756306
2008-08-25,19882.888129756306
2008-08-26,19882.888129756306
2008-08-27,19882.888129756306
2008-08-28,19882.888129756306
2008-08-29,19882.888129756306
2008-09-02,19882.888129756306
2008-09-03,19882.888129756306
2008-09-04,19882.888129756306
2008-09-05,19882.888129756306
2008-09-08,19882.888129756306
2008-09-09,19882.888129756306
2008-09-10,19882.888129756306
2008-09-11,19882.888129756306
2008-09-12,19882.888129756306
2008-09-15,19882.888129756306
2008-09-16,19882.888129756306
2008-09-17,19882.888129756306
2008-09-18,19882.888129756306
2008-09-19,19882.888129756306
2008-09-22,19882.888129756306
2008-09-23,19882.888129756306
2008-09-24,19882.888129756306
2008-09-25,19882.888129756306
2008-09-26,19882.888129756306
2008-09-29,19882.888129756306
2008-09-30,19882.888129756306
2008-10-01,19882.888129756306
2008-10-02,19882.888129756306
2008-10-03,19882.888129756306
2008-10-06,19882.888129756306
2008-10-07,19882.888129756306
2008-10-08,19882.888129756306
2008-10-09,19882.888129756306
2008-10-10,19882.888129756306
2008-10-13,19882.888129756306
2008-10-14,19882.888129756306
2008-10-15,19882.888129756306
2008-10-16,19882.888129756306
2008-10-17,19882.888129756306
2008-10-20,19882.888129756306
2008-10-21,19882.888129756306
2008-10-22,19882.888129756306
2008-10-23,19882.888129756306
2008-10-24,19882.888129756306
2008-10-27,19882.888129756306
2008-10-28,19882.888129756306
2008-10-29,19882.888129756306
2008-10-30,19882.888129756306
2008-10-31,19882.888129756306
2008-11-03,19882.888129756306
2008-11-04,19882.888129756306
2008-11-05,19882.888129756306
2008-11-06,19882.888129756306
2008-11-07,19882.888129756306
2008-11-10,19882.888129756306
2008-11-11,19882.888129756306
2008-11-12,19882.888129756306
2008-11-13,19882.888129756306
2008-11-14,19882.888129756306
2008-11-17,19882.888129756306
2008-11-18,19882.888129756306
2008-11-19,19882.888129756306
2008-11-20,19882.888129756306
2008-11-21,19882.888129756306
2008-11-24,19882.888129756306
2008-11-25,19882.888129756306
2008-11-26,19882.888129756306
2008-11-28,19882.888129756306
2008-12-01,19882.888129756306
2008-12-02,19882.888129756306
2008-12-03,19882.888129756306
2008-12-04,19882.888129756306
2008-12-05,19882.888129756306
2008-12-08,19882.888129756306
2008-12-09,19882.888129756306
2008-12-10,19882.888129756306
2008-12-11,19882.888129756306
2008-12-12,19882.888129756306
2008-12-15,19882.888129756306
2008-12-16,19882.888129756306
2008-12-17,19882.888129756306
2008-12-18,19882.888129756306
2008-12-19,19882.888129756306
2008-12-22,19882.888129756306
2008-12-23,19882.888129756306
2008-12-24,19882.888129756306
2008-12-26,19882.888129756306
2008-12-29,19882.888129756306
2008-12-30,19882.888129756306
2008-12-31,19882.888129756306
2009-01-02,19882.888129756306
2009-01-05,19882.888129756306
2009-01-06,19882.888129756306
2009-01-07,19882.888129756306
2009-01-08,19882.888129756306
2009-01-09,19882.888129756306
2009-01-12,19882.888129756306
2009-01-13,19882.888129756306
2009-01-14,19882.888129756306
2009-01-15,19882.888129756306
2009-01-16,19882.888129756306
2009-01-20,19882.888129756306
2009-01-21,19882.888129756306
2009-01-22,19882.888129756306
2009-01-23,19882.888129756306
2009-01-26,19882.888129756306
2009-01-27,19882.888129756306
2009-01-28,19882.888129756306
2009-01-29,19882.888129756306
2009-01-30,19882.888129756306
2009-02-02,19882.888129756306
2009-02-03,19882.888129756306
2009-02-04,19882.888129756306
2009-02-05,19882.888129756306
2009-02-06,19882.888129756306
2009-02-09,19882.888129756306
2009-02-10,19882.888129756306
2009-02-11,19882.888129756306
2009-02-12,19882.888129756306
2009-02-13,19882.888129756306
2009-02-17,19882.888129756306
2009-02-18,19882.888129756306
2009-02-19,19882.888129756306
2009-02-20,19882.888129756306
2009-02-23,19882.888129756306
2009-02-24,19882.888129756306
2009-02-25,19882.888129756306
2009-02-26,19882.888129756306
2009-02-27,19882.888129756306
2009-03-02,19882.888129756306
2009-03-03,19882.888129756306
2009-03-04,19882.888129756306
2009-03-05,19882.888129756306
2009-03-06,19882.888129756306
2009-03-09,19882.888129756306
2009-03-10,19882.888129756306
2009-03-11,19882.888129756306
2009-03-12,19882.888129756306
2009-03-13,19882.888129756306
2009-03-16,19882.888129756306
2009-03-17,19882.888129756306
2009-03-18,19882.888129756306
2009-03-19,19882.888129756306
2009-03-20,19882.888129756306
2009-03-23,19882.888129756306
2009-03-24,19882.888129756306
2009-03-25,19882.888129756306
2009-03-26,19882.888129756306
2009-03-27,19882.888129756306
2009-03-30,19882.888129756306
2009-03-31,19882.888129756306
2009-04-01,19882.888129756306
2009-04-02,19882.888129756306
2009-04-03,19882.888129756306
2009-04-06,19882.888129756306
2009-04-07,19882.888129756306
2009-04-08,19882.888129756306
2009-04-09,19882.888129756306
2009-04-13,19882.888129756306
2009-04-14,19882.888129756306
2009-04-15,19882.888129756306
2009-04-16,19882.888129756306
2009-04-17,19882.888129756306
2009-04-20,19882.888129756306
2009-04-21,19882.888129756306
2009-04-22,19882.888129756306
2009-04-23,19882.888129756306
2009-04-24,19882.888129756306
2009-04-27,19882.888129756306
2009-04-28,19882.888129756306
2009-04-29,19882.888129756306
2009-04-30,19882.888129756306
2009-05-01,19882.888129756306
2009-05-04,19882.888129756306
2009-05-05,19882.888129756306
2009-05-06,19882.888129756306
2009-05-07,19882.888129756306
2009-05-08,19882.888129756306
2009-05-11,19882.888129756306
2009-05-12,19882.888129756306
2009-05-13,19882.888129756306
2009-05-14,19882.888129756306
2009-05-15,19882.888129756306
2009-05-18,19882.888129756306
2009-05-19,19882.888129756306
2009-05-20,19882.888129756306
2009-05-21,19882.888129756306
2009-05-22,19882.888129756306
2009-05-26,19882.888129756306
2009-05-27,19882.888129756306
2009-05-28,19882.888129756306
2009-05-29,19882.888129756306
2009-06-01,19882.888129756306
2009-06-02,19882.888129756306
2009-06-03,19882.888129756306
2009-06-04,19882.888129756306
2009-06-05,19882.888129756306
2009-06-08,19877.918129756305
2009-06-09,19897.573463752124
2009-06-10,19862.44393843398
2009-06-11,19796.36533138976
2009-06-12,19805.34706595168
2009-06-15,19650.60388853774
2009-06-16,19485.41816748366
2009-06-17,19675.116545092915
2009-06-18,19693.775716674183
2009-06-19,19765.872171389914
2009-06-22,19444.893803584433
2009-06-23,19276.26198683486
2009-06-24,19361.059724910116
2009-06-25,19697.014923617695
2009-06-26,19817.972299144123
2009-06-29,20034.323970362995
2009-06-30,19950.646803481435
2009-07-01,20173.730354449603
2009-07-02,19693.06830467425
2009-07-06,19507.788425733666
2009-07-07,19070.219935705285
2009-07-08,18825.464038183312
2009-07-09,18987.401889482062
2009-07-10,19033.02230421595
2009-07-13,19451.651872315924
2009-07-14,19639.08441320948
2009-07-15,20140.067119279425
2009-07-16,20315.574935594123
2009-07-17,20435.10173499708
2009-07-20,20613.874097706124
2009-07-21,20373.562793613717
2009-07-22,20300.44025043134
2009-07-23,20616.563920627876
2009-07-24,20636.432382236762
2009-07-27,20536.129313122077
2009-07-28,20518.499007946295
2009-07-29,20759.66401458387
2009-07-30,20875.439568287176
2009-07-31,21060.12314835422
2009-08-03,21304.275930832555
2009-08-04,21360.56454796665
2009-08-05,21038.02221341007
2009-08-06,20602.142402123143
2009-08-07,20820.75357952977
2009-08-10,20854.159283074387
2009-08-11,20528.09954110051
2009-08-12,20784.283396157272
2009-08-13,20913.071615609177
2009-08-14,20584.46131554509
2009-08-17,20252.903345498093
2009-08-18,20603.44479123021
2009-08-19,20726.034479531296
2009-08-20,20891.861541184433
2009-08-21,21034.225538643845
2009-08-24,21060.75854626561
2009-08-25,21290.206031235703
2009-08-26,21287.562447937973
2009-08-27,21180.780334039922
2009-08-28,21138.899816080328
2009-08-31,20924.411248728033
2009-09-01,20651.161521103895
2009-09-02,20762.2180649263
2009-09-03,20998.18357365433
2009-09-04,21297.96876109888
2009-09-08,21705.962369764347
2009-09-09,22416.534766519566
2009-09-10,22701.38402971079
2009-09-11,22350.399338090916
2009-09-14,22610.52088102152
2009-09-15,23365.58906587412
2009-09-16,23821.65690168192
2009-09-17,23680.872386656374
2009-09-18,23958.879029226577
2009-09-21,23758.173107099807
2009-09-22,24020.721079778945
2009-09-23,23638.52128310231
2009-09-24,22633.39404101399
2009-09-25,22530.77106149596
2009-09-28,23399.266450784307
2009-09-29,23349.141563282945
2009-09-30,23147.003576146104
2009-10-01,22092.9534262285
2009-10-02,21902.061517303606
2009-10-05,22311.271776020105
2009-10-06,22656.250105678613
2009-10-07,22629.693496524866
2009-10-08,22844.08060532766
2009-10-09,22880.936662494714
2009-10-12,22747.721897277534
2009-10-13,22507.95612350434
2009-10-14,23309.71598831147
2009-10-15,23209.513689422307
2009-10-16,22745.870339774785
2009-10-19,22870.546821975408
2009-10-20,22509.89796485871
2009-10-21,22205.550542344085
2009-10-22,22481.11656971835
2009-10-23,22147.180628022183
2009-10-26,21844.989155667183
2009-10-27,21491.99056940187
2009-10-28,20663.392509366167
2009-10-29,20943.530874085154
2009-10-30,20319.315827202525
2009-11-02,20535.741072964396
2009-11-03,20630.292979073252
2009-11-04,20677.965944122996
2009-11-05,21250.71628879997
2009-11-06,21201.346487755505
2009-11-09,21961.40336393806
2009-11-10,22126.313105339734
2009-11-11,22310.786998028485
2009-11-12,21932.483219856946
2009-11-13,22130.782104725567
2009-11-16,22651.388429398266
2009-11-17,22704.662897820202
2009-11-18,22605.130157704083
2009-11-19,22063.52542948219
2009-11-20,21872.167226071087
2009-11-23,22221.461225266186
2009-11-24,22105.96460890266
2009-11-25,22260.252646679608
2009-11-27,21709.943509335248
2009-11-30,21697.99423629242
2009-12-01,22048.715726675568
2009-12-02,22186.049429716644
2009-12-03,22004.80390531021
2009-12-04,22034.853286089477
2009-12-07,21863.086677031035
2009-12-08,21694.547569708342
2009-12-09,21831.191985740552
2009-12-10,21827.764237060437
2009-12-11,22156.10602153767
2009-12-14,22323.27666449738
2009-12-15,22349.80119109345
2009-12-16,22403.483161689765
2009-12-17,22179.650984527594
2009-12-18,22579.823513119576
2009-12-21,22931.302857487557
2009-12-22,23088.697736100494
2009-12-23,23410.524915055572
2009-12-24,23510.176548318206
2009-12-28,23455.69281037265
2009-12-29,23481.859699563323
2009-12-30,23438.90211041385
2009-12-31,23163.444397286712
2010-01-04,23525.221385316192
2010-01-05,23764.501995400726
2010-01-06,23721.769013718902
2010-01-07,23755.813877152737
2010-01-08,23808.7379055112
2010-01-11,23739.026826702597
2010-01-12,23213.138488613607
2010-01-13,23502.19462855959
2010-01-14,23398.77422031069
2010-01-15,23083.406437717917
2010-01-19,23238.355559193136
2010-01-20,23144.37688048983
2010-01-21,22539.47981341982
2010-01-22,22518.89071674371
2010-01-25,22592.799914322855
2010-01-26,22458.470403634074
2010-01-27,22686.4599271542
2010-01-28,22300.699247909204
2010-01-29,22037.522080970422
2010-02-01,22384.177915928423
2010-02-02,22504.293124554217
2010-02-03,22257.182155156243
2010-02-04,21282.61181786071
2010-02-05,21353.820049437458
2010-02-08,21245.67561881418
2010-02-09,21607.637673066805
2010-02-10,21506.82051246042
2010-02-11,21830.116439874604
2010-02-12,21924.769672449067
2010-02-16,22405.845389421418
2010-02-17,22439.722463663056
2010-02-18,23006.099498804047
2010-02-19,22999.315198953584
2010-02-22,23261.606661851838
2010-02-23,22767.065777833894
2010-02-24,23078.26399975304
2010-02-25,22947.65550547127
2010-02-26,23043.991457276385
2010-03-01,23508.768665704596
2010-03-02,23584.504413041937
2010-03-03,23305.938236360416
2010-03-04,23295.691490297184
2010-03-05,23683.938612108097
2010-03-08,23806.633658056126
2010-03-09,24021.656924848423
2010-03-10,24079.249684991704
2010-03-11,24311.875777425634
2010-03-12,24379.416452588903
2010-03-15,24054.240198316442
2010-03-16,24087.471624113612
2010-03-17,24248.90250990539
2010-03-18,24297.899155355983
2010-03-19,23737.78384564071
2010-03-22,23984.477924791867
2010-03-23,24265.978398291165
2010-03-24,24159.541596132807
2010-03-25,24019.009135443262
2010-03-26,24090.160112577967
2010-03-29,24317.190993982844
2010-03-30,24138.76839657455
2010-03-31,23934.830647188715
2010-04-01,24194.023379522852
2010-04-05,24412.81500311523
2010-04-06,24543.193478781275
2010-04-07,24305.867805201106
2010-04-08,24547.847539621882
2010-04-09,24665.833591658167
2010-04-12,24880.110013817248
2010-04-13,24827.923334930834
2010-04-14,25159.76738247722
2010-04-15,25287.604310844836
2010-04-16,24826.7504091534
2010-04-19,24692.061802891192
2010-04-20,25037.86615708202
2010-04-21,25459.36322691768
2010-04-22,25756.037813784427
2010-04-23,25990.308953883
2010-04-26,25765.16822159464
2010-04-27,25237.799674155063
2010-04-28,25471.528776289768
2010-04-29,25701.28088598443
2010-04-30,25139.92785530282
2010-05-03,25408.719372236264
2010-05-04,24521.294131242765
2010-05-05,23977.724373446043
2010-05-06,23101.233632256364
2010-05-07,22311.35439758647
2010-05-10,23724.044722333332
2010-05-11,23826.065622105976
2010-05-12,24411.43818832912
2010-05-13,24250.31832958736
2010-05-14,23577.3509185461
2010-05-17,23771.015243306538
2010-05-18,23366.58112885036
2010-05-19,23124.824693456074
2010-05-20,21910.01197601833
2010-05-21,21935.45498487832
2010-05-24,21970.738418792505
2010-05-25,22039.831881736536
2010-05-26,22075.439250205774
2010-05-27,22469.220056622602
2010-05-28,22395.950732014753
2010-06-01,22325.253071568586
2010-06-02,22777.639602444746
2010-06-03,23011.251155636885
2010-06-04,22620.99238129911
2010-06-07,22417.70142766294
2010-06-08,22486.22233029661
2010-06-09,22583.1206380969
2010-06-10,22798.6203815895
2010-06-11,23015.328859563437
2010-06-14,23093.412753339377
2010-06-15,23227.7255346733
2010-06-16,23317.611020360553
2010-06-17,23345.374427877032
2010-06-18,23257.387815557086
2010-06-21,23087.873684163656
2010-06-22,22764.899030919638
2010-06-23,22926.652244802084
2010-06-24,22740.92351173934
2010-06-25,22650.32079338607
2010-06-28,22627.073227162924
2010-06-29,21943.052232976523
2010-06-30,21884.307513251137
2010-07-01,21921.666892065834
2010-07-02,21951.340130591227
2010-07-06,22010.688881659342
2010-07-07,22049.480393194986
2010-07-08,22090.47641446574
2010-07-09,22101.702996039225
2010-07-12,22097.293160223795
2010-07-13,22198.540833258463
2010-07-14,22196.719450049233
2010-07-15,22212.81159787638
2010-07-16,22066.923727087807
2010-07-19,22094.66998486979
2010-07-20,22116.045900397134
2010-07-21,22026.87874799235
2010-07-22,22031.1151447819
2010-07-23,22114.270246823995
2010-07-26,22164.83991082546
2010-07-27,22141.293932279317
2010-07-28,22090.06640084621
2010-07-29,22034.854442685813
2010-07-30,22050.65553674099
2010-08-02,22041.012506574363
2010-08-03,21942.368678525658
2010-08-04,22032.26313928005
2010-08-05,21779.200499089926
2010-08-06,21777.840224775045
2010-08-09,21864.71315530178
2010-08-10,21564.61322835323
2010-08-11,20841.35433713314
2010-08-12,21003.626553159378
2010-08-13,20953.240119558
2010-08-16,20955.29875386336
2010-08-17,21158.433500414874
2010-08-18,21274.78638947585
2010-08-19,21067.418955927875
2010-08-20,21070.601127174865
2010-08-23,20894.452524689208
2010-08-24,20752.01677468158
2010-08-25,20721.930660101698
2010-08-26,20706.756275302534
2010-08-27,20868.544471866255
2010-08-30,20709.666587955122
2010-08-31,20725.734996921186
2010-09-01,20949.245960361128
2010-09-02,21061.71050656474
2010-09-03,21121.61438763774
2010-09-07,21054.707965976362
2010-09-08,21110.881553775434
2010-09-09,21044.720890170698
2010-09-10,21064.2955247227
2010-09-13,21146.13895428813
2010-09-14,21197.55382626689
2010-09-15,21189.91780179179
2010-09-16,21212.23574002421
2010-09-17,21234.360190326337
2010-09-20,21672.493784839276
2010-09-21,21631.56194394267
2010-09-22,21718.607273990277
2010-09-23,21499.61901753581
2010-09-24,21926.058920795087
2010-09-27,21922.109997684125
2010-09-28,22045.308911258344
2010-09-29,22080.23449032939
2010-09-30,21986.856347018842
2010-10-01,22119.688404971723
2010-10-04,21985.247692996625
2010-10-05,22326.929428989057
2010-10-06,22086.46569531596
2010-10-07,22050.871091601726
2010-10-08,22134.280858752605
2010-10-11,22086.63969588029
2010-10-12,22097.07104468095
2010-10-13,22279.783479449627
2010-10-14,22219.020633456585
2010-10-15,22372.073224780437
2010-10-18,22295.975877520916
2010-10-19,22098.48351645219
2010-10-20,22360.444221255657
2010-10-21,22360.204284427044
2010-10-22,22456.703622577068
2010-10-25,22535.986198184368
2010-10-26,22429.382356535047
2010-10-27,22402.39702786073
2010-10-28,22519.216179863848
2010-10-29,22587.02347280208
2010-11-01,22622.201097504534
2010-11-02,22894.763513104357
2010-11-03,22849.914452568926
2010-11-04,23277.69530250255
2010-11-05,23451.585769106227
2010-11-08,23533.92945807107
2010-11-09,23401.998858858424
2010-11-10,23576.939454962092
2010-11-11,23614.746709410032
2010-11-12,23348.825728479704
2010-11-15,23317.651282966275
2010-11-16,23069.31393688931
2010-11-17,23251.555326640744
2010-11-18,23500.85120552792
2010-11-19,23610.755407989163
2010-11-22,23830.93262118115
2010-11-23,23677.148992717404
2010-11-24,24069.217735946317
2010-11-26,24012.121282851836
2010-11-29,23853.73667744412
2010-11-30,23905.04773310437
2010-12-01,24198.619147575042
2010-12-02,24320.693750178954
2010-12-03,24469.393617904327
2010-12-06,24607.847815311095
2010-12-07,24607.383756911895
2010-12-08,24576.956843173644
2010-12-09,24520.88267878308
2010-12-10,24729.479795253417
2010-12-13,24854.62466171994
2010-12-14,24739.824840288136
2010-12-15,24523.058269243214
2010-12-16,24644.933230142567
2010-12-17,24633.477860193227
2010-12-20,24755.67763541219
2010-12-21,24921.031854372
2010-12-22,24518.656918745015
2010-12-23,24493.883311967824
2010-12-27,24329.459646921132
2010-12-28,24197.018587104798
2010-12-29,24247.121127120972
2010-12-30,24238.12545680237
2010-12-31,24132.004050011208
2011-01-03,24375.0241701551
2011-01-04,24238.752499576767
2011-01-05,24367.199067112168
2011-01-06,24220.485100017748
2011-01-07,24060.768559322343
2011-01-10,24481.899101448045
2011-01-11,24576.167185020433
2011-01-12,24967.290217056263
2011-01-13,25388.05132354735
2011-01-14,25576.74661602019
2011-01-18,25772.391888275135
2011-01-19,25108.132449760426
2011-01-20,24610.549262657154
2011-01-21,24435.036554946888
2011-01-24,24549.734054222095
2011-01-25,24449.434420735342
2011-01-26,24763.562978894217
2011-01-27,24862.482953221304
2011-01-28,24146.686153561575
2011-01-31,24243.189541687127
2011-02-01,24846.659805168267
2011-02-02,24546.43466650402
2011-02-03,24600.872412551995
2011-02-04,24746.589022645378
2011-02-07,25301.336319932365
2011-02-08,25495.951138505363
2011-02-09,25499.51162053051
2011-02-10,25701.50002575817
2011-02-11,25995.068941773796
2011-02-14,26154.006863297844
2011-02-15,26191.570437135124
2011-02-16,26382.606600465202
2011-02-17,26442.947472276115
2011-02-18,26397.435749711418
2011-02-22,25515.53009861889
2011-02-23,24907.525467576408
2011-02-24,25027.09854010118
2011-02-25,25530.41363398781
2011-02-28,25482.193052933122
2011-03-01,25032.13223139992
2011-03-02,25214.65982024422
2011-03-03,25997.90578143349
2011-03-04,25820.086908981706
2011-03-07,25458.942034408952
2011-03-08,25562.91609633675
2011-03-09,25175.171700127034
2011-03-10,24541.234985025814
2011-03-11,24769.11237035601
2011-03-14,24523.297559603143
2011-03-15,24414.600426538873
2011-03-16,23915.65544882817
2011-03-17,24220.916597376003
2011-03-18,24364.45489020495
2011-03-21,24726.63267243453
2011-03-22,24475.929997568808
2011-03-23,24555.199250345908
2011-03-24,24863.234830027304
2011-03-25,25133.19031823226
2011-03-28,25104.612004404746
2011-03-29,25492.078507548056
2011-03-30,25652.661435251914
2011-03-31,25562.808253412924
2011-04-01,25705.107316141806
2011-04-04,25677.504365092
2011-04-05,25779.91916764327
2011-04-06,25604.339821940146
2011-04-07,25468.300995951377
2011-04-08,25455.057347422324
2011-04-11,24699.617486124716
2011-04-12,24444.750531016074
2011-04-13,24658.98024610836
2011-04-14,24427.820006888694
2011-04-15,24765.73291773854
2011-04-18,24319.099659395797
2011-04-19,24386.974191618545
2011-04-20,25061.21138319102
2011-04-21,25407.99456628886
2011-04-25,25345.0237186822
2011-04-26,24964.55635150996
2011-04-27,24945.30221927462
2011-04-28,24828.692776086908
2011-04-29,24619.99678552447
2011-05-02,24231.540439343626
2011-05-03,23958.32975395697
2011-05-04,23509.454672833628
2011-05-05,23388.52080652351
2011-05-06,23428.22598987853
2011-05-09,23741.22264725005
2011-05-10,24162.862822115774
2011-05-11,23687.361425936575
2011-05-12,23890.613592684622
2011-05-13,23649.205975115652
2011-05-16,23408.8919768933
2011-05-17,23242.77344966601
2011-05-18,23579.365696675286
2011-05-19,23620.549864771132
2011-05-20,23320.77768802858
2011-05-23,22885.417984964613
2011-05-24,22713.343810083632
2011-05-25,22915.038645153923
2011-05-26,23236.97186220257
2011-05-27,23344.21302450268
2011-05-31,23451.269038563652
2011-06-01,23003.56853521435
2011-06-02,22767.322783833428
2011-06-03,22359.534103435555
2011-06-06,22110.65473846821
2011-06-07,22214.49999699114
2011-06-08,21933.930933207368
2011-06-09,22061.018493057265
2011-06-10,21700.66117131807
2011-06-13,21671.088174642904
2011-06-14,21950.60525685726
2011-06-15,21627.747305693014
2011-06-16,21439.157302679403
2011-06-17,21463.714858680676
2011-06-20,21740.914664894055
2011-06-21,22036.242392688702
2011-06-22,21897.63908734889
2011-06-23,21760.96896567912
2011-06-24,21795.83190456004
2011-06-27,21995.470149620312
2011-06-28,22508.121729477185
2011-06-29,22579.812191112775
2011-06-30,22689.899126434422
2011-07-01,23110.104035346983
2011-07-05,23189.05751654434
2011-07-06,23239.476353614806
2011-07-07,23295.93241926956
2011-07-08,23139.936569393158
2011-07-11,22658.060869873047
2011-07-12,22588.062089622497
2011-07-13,22672.186064899444
2011-07-14,22517.143309295654
2011-07-15,22516.944251239776
2011-07-18,22354.774284542083
2011-07-19,22796.782348335266
2011-07-20,22729.730128197956
2011-07-21,23027.676201253224
2011-07-22,22970.917088418293
2011-07-25,22898.943237214375
2011-07-26,22696.01223312396
2011-07-27,22166.729339466277
2011-07-28,21998.454056980463
2011-07-29,22036.280401847478
2011-08-01,22207.377786635374
2011-08-02,21394.112867354368
2011-08-03,21522.792814253782
2011-08-04,20416.13344742944
2011-08-05,20406.0699559021
2011-08-08,20078.9365214481
2011-08-09,20149.986171526976
2011-08-10,20149.986171526976
2011-08-11,20149.986171526976
2011-08-12,20149.986171526976
2011-08-15,20149.986171526976
2011-08-16,20149.986171526976
2011-08-17,20149.986171526976
2011-08-18,20149.986171526976
2011-08-19,20149.986171526976
2011-08-22,20149.986171526976
2011-08-23,20149.986171526976
2011-08-24,20149.986171526976
2011-08-25,20149.986171526976
2011-08-26,20149.986171526976
2011-08-29,20149.986171526976
2011-08-30,20149.986171526976
2011-08-31,20149.986171526976
2011-09-01,20149.986171526976
2011-09-02,20149.986171526976
2011-09-06,20149.986171526976
2011-09-07,20149.986171526976
2011-09-08,20149.986171526976
2011-09-09,20149.986171526976
2011-09-12,20149.986171526976
2011-09-13,20149.986171526976
2011-09-14,20149.986171526976
2011-09-15,20149.986171526976
2011-09-16,20149.986171526976
2011-09-19,20149.986171526976
2011-09-20,20149.986171526976
2011-09-21,20149.986171526976
2011-09-22,20149.986171526976
2011-09-23,20149.986171526976
2011-09-26,20149.986171526976
2011-09-27,20149.986171526976
2011-09-28,20149.986171526976
2011-09-29,20149.986171526976
2011-09-30,20149.986171526976
2011-10-03,20149.986171526976
2011-10-04,20149.986171526976
2011-10-05,20149.986171526976
2011-10-06,20149.986171526976
2011-10-07,20149.986171526976
2011-10-10,20149.986171526976
2011-10-11,20149.986171526976
2011-10-12,20149.986171526976
2011-10-13,20149.986171526976
2011-10-14,20149.986171526976
2011-10-17,20149.986171526976
2011-10-18,20149.986171526976
2011-10-19,20149.986171526976
2011-10-20,20149.986171526976
2011-10-21,20149.986171526976
2011-10-24,20149.986171526976
2011-10-25,20149.986171526976
2011-10-26,20149.986171526976
2011-10-27,20149.986171526976
2011-10-28,20149.986171526976
2011-10-31,20140.066171526974
2011-11-01,20057.586233019894
2011-11-02,20073.66068065173
2011-11-03,20130.345594286984
2011-11-04,20125.22760188586
2011-11-07,20134.432126879758
2011-11-08,20183.440526843136
2011-11-09,20032.350278887818
2011-11-10,20073.28501847751
2011-11-11,20361.424593482086
2011-11-14,20183.778779120512
2011-11-15,20416.938748450346
2011-11-16,20004.815221877165
2011-11-17,19813.550797076292
2011-11-18,19893.30639180667
2011-11-21,19553.013773055143
2011-11-22,19456.526570836068
2011-11-23,19265.693951169014
2011-11-25,19154.77015928364
2011-11-28,19607.74167112446
2011-11-29,19731.994990864754
2011-11-30,20242.103994885445
2011-12-01,20262.537679234505
2011-12-02,20336.406536936647
2011-12-05,20380.316470026857
2011-12-06,20345.831505961305
2011-12-07,20298.271373934633
2011-12-08,20021.83144969452
2011-12-09,20160.958472437746
2011-12-12,19999.009374804384
2011-12-13,19696.44273860413
2011-12-14,19483.62591851005
2011-12-15,19503.24543687432
2011-12-16,19666.386462417533
2011-12-19,19591.940032211234
2011-12-20,19906.76968309014
2011-12-21,19722.778720107963
2011-12-22,19708.27319734185
2011-12-23,19866.760102859425
2011-12-27,19916.558676258017
2011-12-28,19641.900854602743
2011-12-29,19929.307611480643
2011-12-30,19748.414378658224
2012-01-03,19709.51681424706
2012-01-04,19670.67889167397
2012-01-05,19823.648077503134
2012-01-06,19784.703024879385
2012-01-09,19932.094126716544
2012-01-10,20178.107120529105
2012-01-11,20093.082654014517
2012-01-12,20143.58375598519
2012-01-13,20151.907247558524
2012-01-17,20348.995837226797
2012-01-18,20529.406891838004
2012-01-19,20511.974531349464
2012-01-20,20381.037209419534
2012-01-23,20215.276990799233
2012-01-24,20293.938586143777
2012-01-25,20401.296210197732
2012-01-26,20276.915991691872
2012-01-27,20317.84518096406
2012-01-30,20242.1956429239
2012-01-31,20094.038934206554
2012-02-01,20491.538797332374
2012-02-02,20581.792631103126
2012-02-03,20810.91108985099
2012-02-06,20762.638533546058
2012-02-07,20806.024058295814
2012-02-08,20827.617196036903
2012-02-09,20957.061605407325
2012-02-10,20808.908509364293
2012-02-13,20864.307640008483
2012-02-14,20956.725905167496
2012-02-15,20628.140816666517
2012-02-16,20854.77421758357
2012-02-17,20788.857082344923
2012-02-21,20721.407507874403
2012-02-22,20698.06967160884
2012-02-23,20743.126274091865
2012-02-24,20813.264628393317
2012-02-27,20850.31248472419
2012-02-28,20838.73349546638
2012-02-29,20585.80407976356
2012-03-01,20746.232373258736
2012-03-02,20689.52137472358
2012-03-05,20628.87282945838
2012-03-06,20290.071535939347
2012-03-07,20503.38034317338
2012-03-08,20877.264802668924
2012-03-09,21104.00676796281
2012-03-12,20999.762306903238
2012-03-13,21322.187977527017
2012-03-14,21235.271040652628
2012-03-15,21359.537093008927
2012-03-16,21186.765850867203
2012-03-19,21245.28014739888
2012-03-20,21152.19729217427
2012-03-21,21324.22236904042
2012-03-22,21358.745728339127
2012-03-23,21412.21719440358
2012-03-26,21708.84872993367
2012-03-27,21682.848209227493
2012-03-28,21572.905926550797
2012-03-29,21558.896063651016
2012-03-30,21526.223049963883
2012-04-02,21832.006378020218
2012-04-03,21776.52263530629
2012-04-04,21486.020402754715
2012-04-05,21471.197377051285
2012-04-09,21195.20548189637
2012-04-10,20694.778535792226
2012-04-11,21109.720725352163
2012-04-12,21351.149189288015
2012-04-13,21335.018214518423
2012-04-16,21291.879228884573
2012-04-17,21462.65882330596
2012-04-18,21519.49385767638
2012-04-19,21258.606343562
2012-04-20,21388.076751543875
2012-04-23,21181.29505427062
2012-04-24,21043.519468142385
2012-04-25,21364.798223864433
2012-04-26,21363.19706095397
2012-04-27,21386.00034492794
2012-04-30,21323.34340829113
2012-05-01,21480.551673595695
2012-05-02,21623.498167698173
2012-05-03,21222.851053898125
2012-05-04,20957.5142292388
2012-05-07,20986.673550520703
2012-05-08,20887.687900458142
2012-05-09,20755.815007514415
2012-05-10,20993.50351409273
2012-05-11,20958.780888360307
2012-05-14,20709.435949128434
2012-05-15,20791.744794648454
2012-05-16,20671.98730265719
2012-05-17,20070.253409843815
2012-05-18,19847.630869547604
2012-05-21,20138.649125995973
2012-05-22,20199.489767971376
2012-05-23,20213.036437931398
2012-05-24,20344.199090900758
2012-05-25,20316.309402408937
2012-05-29,20487.40611356769
2012-05-30,20313.94697349198
2012-05-31,20280.152543712928
2012-06-01,19610.640169788672
2012-06-04,19593.06733775008
2012-06-05,19755.531093114456
2012-06-06,20063.22458791121
2012-06-07,19951.132873529037
2012-06-08,20234.9117342697
2012-06-11,19909.130447553238
2012-06-12,20030.95155186546
2012-06-13,19950.55491299522
2012-06-14,20292.722979496837
2012-06-15,20397.40863985908
2012-06-18,20678.215048264385
2012-06-19,20697.99957413566
2012-06-20,20595.329644631267
2012-06-21,20383.979019116283
2012-06-22,20378.879000615
2012-06-25,20174.597182701946
2012-06-26,20260.99005504991
2012-06-27,20398.62623020555
2012-06-28,20201.373029197708
2012-06-29,20568.25138833532
2012-07-02,20827.89931561956
2012-07-03,20923.403615737054
2012-07-05,20969.127421164605
2012-07-06,21006.313117766473
2012-07-09,20825.53643205175
2012-07-10,20618.326302313897
2012-07-11,20499.212441687676
2012-07-12,20604.80517174973
2012-07-13,20891.192824146885
2012-07-16,20749.31231286301
2012-07-17,20849.004210255283
2012-07-18,20674.566262028355
2012-07-19,20339.998347807603
2012-07-20,20189.592359076218
2012-07-23,20046.316803445854
2012-07-24,19884.489457852887
2012-07-25,19819.220604665326
2012-07-26,20144.546931035566
2012-07-27,20422.488798863935
2012-07-30,20349.55422092204
2012-07-31,20136.88108421092
2012-08-01,19965.658486135053
2012-08-02,19513.883369763014
2012-08-03,19738.41999909651
2012-08-06,19656.299821827528
2012-08-07,19641.661032650587
2012-08-08,19750.076196644422
2012-08-09,19819.97594163191
2012-08-10,19763.16322324049
2012-08-13,19745.400225613233
2012-08-14,19802.708644840834
2012-08-15,19807.59571645033
2012-08-16,20007.702081878513
2012-08-17,20106.145364959568
2012-08-20,19939.889541824192
2012-08-21,19802.421241004795
2012-08-22,19919.301826242066
2012-08-23,19781.33400512085
2012-08-24,20036.157172921754
2012-08-27,19984.740229943818
2012-08-28,20005.76347575528
2012-08-29,20108.683546403474
2012-08-30,19967.517062524385
2012-08-31,20095.82784495694
2012-09-04,20260.307875016755
2012-09-05,20195.37096152646
2012-09-06,20579.976470022022
2012-09-07,20485.118289022266
2012-09-10,20306.633261709034
2012-09-11,20265.38690010523
2012-09-12,20545.410155453435
2012-09-13,20847.47823063349
2012-09-14,20958.23472610926
2012-09-17,20784.402903921113
2012-09-18,20612.409179098115
2012-09-19,20826.16206108451
2012-09-20,20905.35551105857
2012-09-21,21064.974700401206
2012-09-24,20926.115689704795
2012-09-25,20664.11966366567
2012-09-26,20303.820295238467
2012-09-27,20615.0190485954
2012-09-28,20558.426244640323
2012-10-01,20549.91083803174
2012-10-02,20661.476845645877
2012-10-03,21047.42181673047
2012-10-04,21185.700814151736
2012-10-05,21336.354488277408
2012-10-08,21119.56370725629
2012-10-09,20321.63022890088
2012-10-10,20402.56791803287
2012-10-11,20253.286729068026
2012-10-12,20194.30440732883
2012-10-15,20506.95529634403
2012-10-16,20635.650249308812
2012-10-17,20863.240350550877
2012-10-18,20975.48363191532
2012-10-19,20765.38184434818
2012-10-22,20611.679958171117
2012-10-23,20260.380501574742
2012-10-24,20272.078960246312
2012-10-25,19851.06217748569
2012-10-26,19864.16683640695
2012-10-31,19904.849433567288
2012-11-01,20239.282275821926
2012-11-02,19867.137594690204
2012-11-05,19981.73384517686
2012-11-06,20118.221548500223
2012-11-07,19812.624175491495
2012-11-08,19506.740784539546
2012-11-09,19509.85683716711
2012-11-12,19311.095535172786
2012-11-13,19128.608631486262
2012-11-14,18760.882414612446
2012-11-15,18713.217125659547
2012-11-16,18782.07006147942
2012-11-19,19018.71823195061
2012-11-20,19009.697517076344
2012-11-21,19003.367375850277
2012-11-23,19155.240057468014
2012-11-26,19132.913229465084
2012-11-27,19018.17644929846
2012-11-28,19073.37243127783
2012-11-29,19221.201198100644
2012-11-30,19135.051245212155
2012-12-03,19020.02996709784
2012-12-04,18922.394893436034
2012-12-05,18825.235378055175
2012-12-06,18969.69920232733
2012-12-07,19056.82259633978
2012-12-10,19152.00614812811
2012-12-11,19179.682316569884
2012-12-12,19220.42135885199
2012-12-13,19183.69504502957
2012-12-14,19219.5519037165
2012-12-17,19410.945302955086
2012-12-18,19694.27092742103
2012-12-19,19697.916818610604
2012-12-20,19625.434646598274
2012-12-21,19523.3346671365
2012-12-24,19546.559873511622
2012-12-26,19438.939008643458
2012-12-27,19371.693252494166
2012-12-28,19201.93646424038
2012-12-31,19641.031478812525
2013-01-02,20289.477078368494
2013-01-03,20216.29743664486
2013-01-04,20522.12280647976
2013-01-07,20525.04656784756
2013-01-08,20530.320601394007
2013-01-09,20676.89577709472
2013-01-10,20679.616420138238
2013-01-11,20711.399673807977
2013-01-14,20716.316473353265
2013-01-15,20836.83301388061
2013-01-16,20748.082246529906
2013-01-17,20955.243237244933
2013-01-18,21070.680081117003
2013-01-22,21208.02664540991
2013-01-23,21279.150539147704
2013-01-24,21359.641204583495
2013-01-25,21481.535636651366
2013-01-28,21367.138502824157
2013-01-29,21401.99345563635
2013-01-30,21217.27310155615
2013-01-31,21123.55391381964
2013-02-01,21421.307891595214
2013-02-04,21238.602261292785
2013-02-05,21427.51967214331
2013-02-06,21502.16942189917
2013-02-07,21462.250944840758
2013-02-08,21539.873164757108
2013-02-11,21478.16810952029
2013-02-12,21415.747077568387
2013-02-13,21606.803246601437
2013-02-14,21546.163929088925
2013-02-15,21525.24627171359
2013-02-19,21592.405830009793
2013-02-20,20978.182575767853
2013-02-21,20938.231665303694
2013-02-22,21219.874262344372
2013-02-25,20861.3361010666
2013-02-26,21101.3327722664
2013-02-27,21430.73033858491
2013-02-28,21557.682259571087
2013-03-01,21727.67678929521
2013-03-04,21793.301044179738
2013-03-05,21998.359831525624
2013-03-06,22118.34386320287
2013-03-07,22183.435365946898
2013-03-08,22270.58348921121
2013-03-11,22223.65481546701
2013-03-12,22106.56511095346
2013-03-13,22053.02623298944
2013-03-14,22220.405819686064
2013-03-15,22116.730378420958
2013-03-18,21987.044222205288
2013-03-19,22116.34963735879
2013-03-20,22294.51044163049
2013-03-21,22703.15830993951
2013-03-22,22593.628796427853
2013-03-25,22663.895114272244
2013-03-26,22722.200290053494
2013-03-27,22723.454642623074
2013-03-28,22698.646713107235
2013-04-01,22478.010386059537
2013-04-02,22421.503724644437
2013-04-03,22045.470982144132
2013-04-04,22106.68879644991
2013-04-05,22095.772859503042
2013-04-08,22390.323450971853
2013-04-09,22349.836466070425
2013-04-10,22648.25254704119
2013-04-11,23524.142533342056
2013-04-12,23337.95238498848
2013-04-15,22565.039766351394
2013-04-16,22947.05254940193
2013-04-17,22639.970475236587
2013-04-18,22597.894929925613
2013-04-19,22896.865771485976
2013-04-22,23101.187092973403
2013-04-23,23488.15904279048
2013-04-24,23452.924140408584
2013-04-25,23627.860289052078
2013-04-26,23720.531942799636
2013-04-29,23742.76823659236
2013-04-30,23752.995608761856
2013-05-01,23248.953430607864
2013-05-02,23532.879220221945
2013-05-03,24016.006365989157
2013-05-06,24126.840919707724
2013-05-07,24372.452265650805
2013-05-08,24379.804910571154
2013-05-09,24343.766338259753
2013-05-10,24568.083259493884
2013-05-13,24714.512282282885
2013-05-14,25113.00334635454
2013-05-15,25130.16308489519
2013-05-16,24902.398143679675
2013-05-17,25155.166196734484
2013-05-20,25183.987190157946
2013-05-21,25229.062239558276
2013-05-22,25016.36470785814
2013-05-23,25046.91062823015
2013-05-24,25066.47512522417
2013-05-28,25504.20849314409
2013-05-29,25069.09870962293
2013-05-30,25139.317212016664
2013-05-31,24819.1835106922
2013-06-03,24885.661497027955
2013-06-04,24802.457015903077
2013-06-05,24481.157314212403
2013-06-06,25020.43260154059
2013-06-07,25266.700158684755
2013-06-10,25847.500362313294
2013-06-11,25452.686101830506
2013-06-12,24998.582925713563
2013-06-13,25519.84478942206
2013-06-14,25453.101790345216
2013-06-17,25682.848635590577
2013-06-18,25723.82170096686
2013-06-19,25336.550339615846
2013-06-20,24565.1260861521
2013-06-21,24613.293598499804
2013-06-24,24111.925282004922
2013-06-25,24147.83058581529
2013-06-26,24544.724829055645
2013-06-27,24985.2818797606
2013-06-28,24839.61069621263
2013-07-01,25244.200868026594
2013-07-02,25009.681001083234
2013-07-03,25041.45533694444
2013-07-05,25383.333424941877
2013-07-08,25537.894473449567
2013-07-09,25556.46886958299
2013-07-10,25385.27830256639
2013-07-11,25680.7452920836
2013-07-12,25791.514008895734
2013-07-15,26066.295184509137
2013-07-16,25848.061625854352
2013-07-17,25779.424611465314
2013-07-18,25959.839481260176
2013-07-19,25861.521762754317
2013-07-22,25982.25352468669
2013-07-23,25769.045749570723
2013-07-24,25709.241407300826
2013-07-25,25912.89116468608
2013-07-26,25796.401094343062
2013-07-29,25787.528697873946
2013-07-30,25817.441579002123
2013-07-31,25988.315722602587
2013-08-01,26403.735644477587
2013-08-02,26509.897641319018
2013-08-05,26544.492901939135
2013-08-06,26138.85707010625
2013-08-07,25956.159660514575
2013-08-08,25514.259685691577
2013-08-09,25618.70713213323
2013-08-12,25459.70189836858
2013-08-13,25554.469360145315
2013-08-14,25463.349448951467
2013-08-15,24990.222039970144
2013-08-16,24951.302701743825
2013-08-19,24950.390817435964
2013-08-20,25615.147929939016
2013-08-21,25595.316454584732
2013-08-22,26041.49609058632
2013-08-23,26064.0830313517
2013-08-26,26151.94225376381
2013-08-27,25401.697029764786
2013-08-28,25559.437223729587
2013-08-29,25691.249520024754
2013-08-30,25426.64055319736
2013-09-03,25841.552027425267
2013-09-04,26065.695040425755
2013-09-05,26246.36771841953
2013-09-06,26230.14059706638
2013-09-09,26700.050854405858
2013-09-10,27045.73469611118
2013-09-11,27141.843756398655
2013-09-12,26960.403191289402
2013-09-13,27155.642246922947
2013-09-16,27602.080324849583
2013-09-17,27791.334980687596
2013-09-18,27751.818377217747
2013-09-19,27700.112250051
2013-09-20,27564.24626320775
2013-09-23,27533.396364486976
2013-09-24,27580.658823021215
2013-09-25,27529.32950402097
2013-09-26,27986.4386625369
2013-09-27,27942.880284317296
2013-09-30,28051.88528920011
2013-10-01,28494.048264511388
2013-10-02,28607.840788849157
2013-10-03,28515.49661351041
2013-10-04,28831.44603730039
2013-10-07,28192.561798103612
2013-10-08,26882.491391024585
2013-10-09,26199.53071101665
2013-10-10,26959.391069750778
2013-10-11,27055.58967433452
2013-10-14,27413.742094378464
2013-10-15,27315.953783373825
2013-10-16,28070.32664142131
2013-10-17,28158.63878570079
2013-10-18,28161.27058475998
2013-10-21,28119.97930878189
2013-10-22,28444.519365964203
2013-10-23,28124.73776215103
2013-10-24,28154.216230092316
2013-10-25,27965.482060742648
2013-10-28,27711.40460808304
2013-10-29,27781.417733502658
2013-10-30,27496.41419204053
2013-10-31,27408.966507752506
2013-11-01,27211.69537005863
2013-11-04,27815.620486101725
2013-11-05,27525.57736571751
2013-11-06,26804.011323771098
2013-11-07,25936.222651323893
2013-11-08,26614.876956202417
2013-11-11,26831.39775999728
2013-11-12,26760.8372865552
2013-11-13,27300.877296053797
2013-11-14,27129.17315062228
2013-11-15,27323.535128199488
2013-11-18,27074.973376948266
2013-11-19,26670.281369597345
2013-11-20,26735.660342195864
2013-11-21,27449.33900020444
2013-11-22,27629.06573531949
2013-11-25,27510.255034902926
2013-11-26,27782.667554357882
2013-11-27,27778.71827075803
2013-11-29,27602.19264505231
2013-12-02,27478.686052778598
2013-12-03,27354.264843824738
2013-12-04,27232.844834688538
2013-12-05,27119.435916725593
2013-12-06,26892.4904979922
2013-12-09,26688.728724405926
2013-12-10,26717.704402372998
2013-12-11,26137.109986353982
2013-12-12,26278.338879461247
2013-12-13,26204.68670233722
2013-12-16,26569.69988593097
2013-12-17,26258.799953069643
2013-12-18,27004.214377965884
2013-12-19,26909.988593664126
2013-12-20,27237.447536077456
2013-12-23,27472.62792929645
2013-12-24,27482.416274633364
2013-12-26,27700.870189275698
2013-12-27,27464.917022314028
2013-12-30,27506.507033910708
2013-12-31,27557.53334906574
2014-01-02,27453.165195493657
2014-01-03,27464.796134023625
2014-01-06,27244.44848540302
2014-01-07,27358.093128962813
2014-01-08,27634.73996142894
2014-01-09,27761.951757235824
2014-01-10,27981.87582244426
2014-01-13,27153.297820468248
2014-01-14,27751.13880290538
2014-01-15,27788.612584158836
2014-01-16,27653.83157543844
2014-01-17,27291.248000113424
2014-01-21,27653.540411342678
2014-01-22,27961.275387157497
2014-01-23,27874.882772792873
2014-01-24,26947.50807510763
2014-01-27,26598.077541182545
2014-01-28,26921.459073942315
2014-01-29,26717.538120191704
2014-01-30,27166.789477270257
2014-01-31,27107.024221342217
2014-02-03,26066.011812132012
2014-02-04,26061.058555664767
2014-02-05,25881.206567826022
2014-02-06,26095.153162064304
2014-02-07,26571.156827035014
2014-02-10,26603.023195328777
2014-02-11,26802.890178742473
2014-02-12,26907.878970208232
2014-02-13,27157.13063532359
2014-02-14,26991.742992463176
2014-02-18,27314.601901544822
2014-02-19,26922.447762026084
2014-02-20,27365.868375314963
2014-02-21,27247.044570459617
2014-02-24,27262.18862105776
2014-02-25,27134.155721201194
2014-02-26,27194.273971094382
2014-02-27,27188.55974532534
2014-02-28,26925.263618959678
2014-03-03,26782.101832651388
2014-03-04,27323.704815172445
2014-03-05,27465.76582076479
2014-03-06,27276.947638773214
2014-03-07,27085.31598472048
2014-03-10,27032.7286949103
2014-03-11,26991.67111436903
2014-03-12,26959.224802418346
2014-03-13,26474.43551103651
2014-03-14,26325.17116968214
2014-03-17,26669.14610986769
2014-03-18,26950.64561777174
2014-03-19,26757.599547672864
2014-03-20,26704.630027104016
2014-03-21,26220.527465153333
2014-03-24,26021.780400959804
2014-03-25,25950.091702381924
2014-03-26,25666.274153630093
2014-03-27,25778.07457742035
2014-03-28,25880.82286271393
2014-03-31,26134.940479059558
2014-04-01,26506.33657052074
2014-04-02,26788.527080316882
2014-04-03,26494.105832834583
2014-04-04,25984.566390772205
2014-04-07,25409.276502466542
2014-04-08,25656.47739777599
2014-04-09,26115.646536884124
2014-04-10,25471.563063678557
2014-04-11,25247.247550067717
2014-04-14,25471.92152537019
2014-04-15,25698.46107425332
2014-04-16,26185.686368366478
2014-04-17,26520.12478580117
2014-04-21,26804.672729960654
2014-04-22,26854.5253415024
2014-04-23,26821.124050608847
2014-04-24,26826.833906642172
2014-04-25,26432.638140193198
2014-04-28,26330.46850823519
2014-04-29,26570.306334010336
2014-04-30,26540.119589324688
2014-05-01,26805.090628143047
2014-05-02,26870.099478240703
2014-05-05,26598.392601787447
2014-05-06,26340.876768181133
2014-05-07,26504.20805374333
2014-05-08,25914.208006059613
2014-05-09,25976.721313631024
2014-05-12,26639.3388845081
2014-05-13,26787.919929658856
2014-05-14,26558.86788574406
2014-05-15,26226.766250764813
2014-05-16,26547.53360954472
2014-05-19,26831.70682350346
2014-05-20,26493.5232431049
2014-05-21,26977.960735475506
2014-05-22,26957.906739427533
2014-05-23,27108.68662277409
2014-05-27,27198.94575897404
2014-05-28,27153.050501024212
2014-05-29,27425.090587928116
2014-05-30,27459.490370108902
2014-06-02,27649.92036659938
2014-06-03,27628.195106818497
2014-06-04,27768.749819137014
2014-06-05,27991.07753214971
2014-06-06,28234.48180587499
2014-06-09,28265.478691174674
2014-06-10,28325.064361645866
2014-06-11,28198.02589423864
2014-06-12,27955.082498624015
2014-06-13,28160.2233544132
2014-06-16,28315.04129226415
2014-06-17,28445.255333020377
2014-06-18,28668.28863151281
2014-06-19,29113.283834530997
2014-06-20,29109.517166294907
2014-06-23,29074.048353352402
2014-06-24,28592.778888859604
2014-06-25,28793.945903935288
2014-06-26,28747.69884315953
2014-06-27,28841.61021629796
2014-06-30,29052.67123810277
2014-07-01,29195.356542744492
2014-07-02,29360.24040237889
2014-07-03,29544.293520130966
2014-07-07,29339.91462341771
2014-07-08,29063.062088169907
2014-07-09,29331.44450584874
2014-07-10,29207.942531742905
2014-07-11,29279.53680435643
2014-07-14,29454.52042786107
2014-07-15,29247.535356678818
2014-07-16,29492.160177388047
2014-07-17,29113.524795689438
2014-07-18,29361.930948042376
2014-07-21,29347.025659346087
2014-07-22,29473.304736875994
2014-07-23,29437.9684427018
2014-07-24,29321.125436567767
2014-07-25,28979.969007276995
2014-07-28,28783.909178498972
2014-07-29,28601.776865724314
2014-07-30,28549.391022117747
2014-07-31,27865.06691401019
2014-08-01,27667.02138046103
2014-08-04,28045.098774946502
2014-08-05,27869.6116152175
2014-08-06,27744.316778219512
2014-08-07,27593.619572675994
2014-08-08,27744.532154328506
2014-08-11,28127.559736497085
2014-08-12,28095.942851311844
2014-08-13,28454.68673253743
2014-08-14,28394.786103970688
2014-08-15,28460.766089684646
2014-08-18,28872.65563703267
2014-08-19,28999.113341576736
2014-08-20,29055.67684579579
2014-08-21,28635.476186997574
2014-08-22,28675.5979573795
2014-08-25,28525.271735913437
2014-08-26,28519.604074246567
2014-08-27,28948.21617866246
2014-08-28,29175.078259713333
2014-08-29,29281.702268883866
2014-09-02,29428.272901818436
2014-09-03,29642.583449170274
2014-09-04,29653.588767811936
2014-09-05,29795.29650811879
2014-09-08,29744.60469751088
2014-09-09,29561.555224702042
2014-09-10,29468.11202363698
2014-09-11,29420.073714983242
2014-09-12,28888.560299169796
2014-09-15,28512.38180887896
2014-09-16,28745.93718825015
2014-09-17,29106.462928873625
2014-09-18,29462.386817080107
2014-09-19,29082.361453634825
2014-09-22,28746.446485468474
2014-09-23,28554.009495207396
2014-09-24,28821.707713553038
2014-09-25,28308.981042811003
2014-09-26,28571.864360796535
2014-09-29,28552.60547684344
2014-09-30,28358.45504759463
2014-10-01,27447.018174158657
2014-10-02,27508.5967621842
2014-10-03,27954.616698745784
2014-10-06,27744.63297722347
2014-10-07,27325.231460250903
2014-10-08,27593.7847100678
2014-10-09,27028.974735874228
2014-10-10,26677.00795193303
2014-10-13,26341.55747044194
2014-10-14,26336.966577364088
2014-10-15,26155.70547421086
2014-10-16,25551.26110780456
2014-10-17,25753.434865611103
2014-10-20,25994.900001222293
2014-10-21,26273.5033680741
2014-10-22,26308.42167251746
2014-10-23,26505.349017793338
2014-10-24,26548.22174041907
2014-10-27,26570.310786897342
2014-10-28,26941.972907716434
2014-10-29,26860.66360824744
2014-10-30,26888.45326965491
2014-10-31,27127.020995790164
2014-11-03,27086.38663833777
2014-11-04,27193.031585389774
2014-11-05,27136.925304109256
2014-11-06,27345.917348329225
2014-11-07,27270.481460267703
2014-11-10,27502.934865113893
2014-11-11,27629.02833442847
2014-11-12,27749.696612168947
2014-11-13,27539.977324906984
2014-11-14,27187.44036049048
2014-11-17,27177.27719253699
2014-11-18,27526.52811187903
2014-11-19,27397.399075929323
2014-11-20,27370.320867005983
2014-11-21,27340.973683778444
2014-11-24,27715.31297630469
2014-11-25,27768.30557960669
2014-11-26,28032.694243852296
2014-11-28,27968.238536302248
2014-12-01,27812.35562271277
2014-12-02,27975.653910573303
2014-12-03,27992.027496388735
2014-12-04,27856.62213834125
2014-12-05,27961.607383092225
2014-12-08,27965.244714101136
2014-12-09,28051.06276067096
2014-12-10,27470.643356068627
2014-12-11,27830.19975400112
2014-12-12,27720.288243533592
2014-12-15,27430.961102725487
2014-12-16,27369.226548434715
2014-12-17,28036.948859683496
2014-12-18,28544.33512448452
2014-12-19,28544.177340612878
2014-12-22,28566.643231497277
2014-12-23,28245.242442236413
2014-12-24,28436.136959889787
2014-12-26,28462.060410359758
2014-12-29,28414.982529500383
2014-12-30,28221.57815060939
2014-12-31,28136.838219502824
2015-01-02,28131.443671086687
2015-01-05,28049.11173520412
2015-01-06,27769.75518880214
2015-01-07,28242.703749516862
2015-01-08,28824.32606206264
2015-01-09,28526.360039571184
2015-01-12,28269.232689717668
2015-01-13,28462.933365682024
2015-01-14,28588.305125096696
2015-01-15,28364.607855657
2015-01-16,28836.46555089479
2015-01-20,28777.77661656862
2015-01-21,28679.41658483034
2015-01-22,28909.558232550677
2015-01-23,28922.447474722918
2015-01-26,29138.248851676042
2015-01-27,28923.95803250795
2015-01-28,28632.317851920183
2015-01-29,28897.79490651613
2015-01-30,28492.722474646624
2015-02-02,28466.301612448748
2015-02-03,28430.046218466814
2015-02-04,28554.880199027117
2015-02-05,28746.69469029909
2015-02-06,28644.238277030046
2015-02-09,28387.573125205094
2015-02-10,28919.494428000504
2015-02-11,28943.455952963883
2015-02-12,29170.798621497208
2015-02-13,29145.21028203493
2015-02-17,29301.065917677934
2015-02-18,29523.662821478898
2015-02-19,29605.657487578446
2015-02-20,29780.330955222606
2015-02-23,29775.963195518016
2015-02-24,29844.50919613499
2015-02-25,29963.387180181926
2015-02-26,30080.84560188908
2015-02-27,30446.35729679722
2015-03-02,30798.100890013164
2015-03-03,30576.910951467937
2015-03-04,30461.919527861064
2015-03-05,30642.933167787975
2015-03-06,30357.241076761668
2015-03-09,30582.842968489116
2015-03-10,30702.95510819096
2015-03-11,30822.09960081715
2015-03-12,30766.636719728893
2015-03-13,30835.646250273174
2015-03-16,31204.636357771342
2015-03-17,31147.791973101084
2015-03-18,31176.49218414921
2015-03-19,31290.65564106602
2015-03-20,31394.17564724583
2015-03-23,31387.684876429026
2015-03-24,31257.454401003306
2015-03-25,30578.515763746684
2015-03-26,30520.845466660576
2015-03-27,30825.452943527664
2015-03-30,31098.081405365432
2015-03-31,30873.705001445385
2015-04-01,30698.569667430493
2015-04-02,30714.041450591656
2015-04-06,30588.28832540092
2015-04-07,30553.70216474113
2015-04-08,30957.082229857137
2015-04-09,30973.35891890972
2015-04-10,31085.89270377605
2015-04-13,31196.42622256725
2015-04-14,30881.518127684285
2015-04-15,30901.92940211742
2015-04-16,30999.33143011055
2015-04-17,30598.553113612747
2015-04-20,30921.921209926222
2015-04-21,31179.637915248488
2015-04-22,31104.01323186836
2015-04-23,31431.50733053169
2015-04-24,31326.399874324416
2015-04-27,30726.063187236403
2015-04-28,30512.435134930845
2015-04-29,30305.865322156187
2015-04-30,29716.725788312193
2015-05-01,29782.778489965396
2015-05-04,29958.23862055604
2015-05-05,29563.975608623667
2015-05-06,29672.094638622446
2015-05-07,29990.731159008188
2015-05-08,30019.433280475398
2015-05-11,30087.605247485895
2015-05-12,29950.257503040095
2015-05-13,29957.667785175105
2015-05-14,30238.374820239802
2015-05-15,30172.68865767266
2015-05-18,30413.67243567254
2015-05-19,30465.36267081048
2015-05-20,30848.17567770745
2015-05-21,30740.294785907525
2015-05-22,30765.278642108697
2015-05-26,30398.44218199517
2015-05-27,30807.170119693536
2015-05-28,30820.388839175957
2015-05-29,30800.796725681084
2015-06-01,30677.44937117364
2015-06-02,30665.09103949334
2015-06-03,30987.360982730646
2015-06-04,30648.144521549006
2015-06-05,30751.678939655085
2015-06-08,30524.18681509759
2015-06-09,30334.479546427923
2015-06-10,30620.779355082712
2015-06-11,30647.412089538324
2015-06-12,30633.000380706537
2015-06-15,30596.31322593664
2015-06-16,30956.865565490472
2015-06-17,31181.02491683935
2015-06-18,31549.669327926385
2015-06-19,31463.142485809076
2015-06-22,31667.259757232416
2015-06-23,31635.872994613397
2015-06-24,31245.40866203283
2015-06-25,31351.229764175165
2015-06-26,31257.710049895988
2015-06-29,30341.30474784826
2015-06-30,30635.91805389379
2015-07-01,30770.573526992546
2015-07-02,30660.940392150627
2015-07-06,30532.539603597794
2015-07-07,30566.14904146258
2015-07-08,30175.479075718562
2015-07-09,30366.002740741387
2015-07-10,30953.082473636285
2015-07-13,31344.305951953545
2015-07-14,31375.136003375665
2015-07-15,31166.128431201592
2015-07-16,31416.73173892559
2015-07-17,31350.222694278375
2015-07-20,31445.9871672398
2015-07-21,31364.927480579034
2015-07-22,31871.243999362603
2015-07-23,31412.230031848565
2015-07-24,31691.64546954693
2015-07-27,31343.307224002496
2015-07-28,31540.451308932916
2015-07-29,31352.258765063896
2015-07-30,31505.77246387127
2015-07-31,31620.00286754254
2015-08-03,31508.557324253354
2015-08-04,31723.790764652524
2015-08-05,31948.79723056439
2015-08-06,31135.18859370831
2015-08-07,30853.969065510068
2015-08-10,31263.001374470026
2015-08-11,31172.893567310603
2015-08-12,30972.6847946513
2015-08-13,31264.897599445612
2015-08-14,31388.227061497004
2015-08-17,31472.05406306866
2015-08-18,31344.186951862604
2015-08-19,31187.64898227337
2015-08-20,30353.265270272484
2015-08-21,29239.777446328393
2015-08-24,27712.044285958655
2015-08-25,27809.275303564627
2015-08-26,27809.275303564627
2015-08-27,27809.275303564627
2015-08-28,27809.275303564627
2015-08-31,27809.275303564627
2015-09-01,27809.275303564627
2015-09-02,27809.275303564627
2015-09-03,27809.275303564627
2015-09-04,27809.275303564627
2015-09-08,27809.275303564627
2015-09-09,27809.275303564627
2015-09-10,27809.275303564627
2015-09-11,27809.275303564627
2015-09-14,27809.275303564627
2015-09-15,27809.275303564627
2015-09-16,27809.275303564627
2015-09-17,27809.275303564627
2015-09-18,27809.275303564627
2015-09-21,27809.275303564627
2015-09-22,27809.275303564627
2015-09-23,27809.275303564627
2015-09-24,27809.275303564627
2015-09-25,27809.275303564627
2015-09-28,27809.275303564627
2015-09-29,27809.275303564627
2015-09-30,27809.275303564627
2015-10-01,27809.275303564627
2015-10-02,27809.275303564627
2015-10-05,27809.275303564627
2015-10-06,27809.275303564627
2015-10-07,27809.275303564627
2015-10-08,27809.275303564627
2015-10-09,27809.275303564627
2015-10-12,27809.275303564627
2015-10-13,27809.275303564627
2015-10-14,27809.275303564627
2015-10-15,27809.275303564627
2015-10-16,27809.275303564627
2015-10-19,27809.275303564627
2015-10-20,27809.275303564627
2015-10-21,27809.275303564627
2015-10-22,27809.275303564627
2015-10-23,27809.275303564627
2015-10-26,27809.275303564627
2015-10-27,27788.535303564626
2015-10-28,27871.92656561907
2015-10-29,27758.342703009206
2015-10-30,27480.31888213213
2015-11-02,27627.492422247487
2015-11-03,27532.726522589284
2015-11-04,27483.9583016115
2015-11-05,27577.08935553606
2015-11-06,27766.47616965349
2015-11-09,27469.83269888933
2015-11-10,27769.348440237598
2015-11-11,27868.959014959888
2015-11-12,27463.21435362871
2015-11-13,27148.605575628833
2015-11-16,27447.851461477832
2015-11-17,27691.250118322925
2015-11-18,27883.475101538257
2015-11-19,27869.405207526055
2015-11-20,28132.78134430584
2015-11-23,28258.44071594895
2015-11-24,28193.15890900315
2015-11-25,28204.95428864182
2015-11-27,28366.01582733811
2015-11-30,28222.834041754613
2015-12-01,28275.63143746079
2015-12-02,28283.462948004613
2015-12-03,27880.12644402207
2015-12-04,28334.579515778787
2015-12-07,28137.87896760679
2015-12-08,27982.41603502012
2015-12-09,27465.69195398069
2015-12-10,27441.599649750955
2015-12-11,27113.40507473292
2015-12-14,27101.19046137523
2015-12-15,27243.94451562221
2015-12-16,27692.037092373917
2015-12-17,27541.976622174334
2015-12-18,27252.251494000506
2015-12-21,27540.264355270352
2015-12-22,27580.7600351257
2015-12-23,27664.55304583737
2015-12-24,27713.7093912048
2015-12-28,27838.983183471646
2015-12-29,28034.470236408168
2015-12-30,27852.484640705043
2015-12-31,27524.626925098353
2016-01-04,27044.21815320199
2016-01-05,27269.26707316323
2016-01-06,27077.121433743676
2016-01-07,26944.38707305891
2016-01-08,26838.39740202423
2016-01-11,26860.371476842465
2016-01-12,26864.03576212405
2016-01-13,26771.41974955081
2016-01-14,26671.967967324246
2016-01-15,26620.14985208987
2016-01-19,26764.845423989285
2016-01-20,26627.26446085452
2016-01-21,26593.964010580763
2016-01-22,26701.60127864717
2016-01-25,26691.26369319795
2016-01-26,26693.89748226045
2016-01-27,26647.88381038545
2016-01-28,26763.630270346388
2016-01-29,26777.007589682325
2016-02-01,26815.1176971042
2016-02-02,26777.615866049513
2016-02-03,26734.845358237013
2016-02-04,26664.91115413545
2016-02-05,26488.38576351045
2016-02-08,26432.5504579702
2016-02-09,26432.5504579702
2016-02-10,26432.5504579702
2016-02-11,26432.5504579702
2016-02-12,26432.5504579702
2016-02-16,26432.5504579702
2016-02-17,26432.5504579702
2016-02-18,26432.5504579702
2016-02-19,26432.5504579702
2016-02-22,26432.5504579702
2016-02-23,26432.5504579702
2016-02-24,26432.5504579702
2016-02-25,26432.5504579702
2016-02-26,26432.5504579702
2016-02-29,26432.5504579702
2016-03-01,26432.5504579702
2016-03-02,26432.5504579702
2016-03-03,26432.5504579702
2016-03-04,26432.5504579702
2016-03-07,26432.5504579702
2016-03-08,26432.5504579702
2016-03-09,26432.5504579702
2016-03-10,26432.5504579702
2016-03-11,26432.5504579702
2016-03-14,26406.2804579702
2016-03-15,26296.364710747297
2016-03-16,26373.400682579573
2016-03-17,26534.041719566878
2016-03-18,26277.635908257063
2016-03-21,26222.24004186302
2016-03-22,26260.82327474266
2016-03-23,26225.44017995506
2016-03-24,26385.4265920034
2016-03-28,26485.80700887352
2016-03-29,27056.1313916555
2016-03-30,27139.314016472395
2016-03-31,26985.07526982933
2016-04-01,27198.587705742415
2016-04-04,27153.833017479476
2016-04-05,26706.533968102034
2016-04-06,26840.065759789046
2016-04-07,26681.719194542464
2016-04-08,26793.423172041443
2016-04-11,26785.97480969098
2016-04-12,26848.00940708783
2016-04-13,27002.405561491516
2016-04-14,26900.13934473158
2016-04-15,27017.93182138563
2016-04-18,27162.363286534557
2016-04-19,26835.222866574535
2016-04-20,26630.815959874402
2016-04-21,26138.03479761244
2016-04-22,26199.264144584686
2016-04-25,26304.50312964633
2016-04-26,26520.42919127658
2016-04-27,26684.250278160125
2016-04-28,26393.43355910495
2016-04-29,26144.73008506015
2016-05-02,26436.221058647185
2016-05-03,26266.53808669284
2016-05-04,26136.962487785368
2016-05-05,25864.07148731487
2016-05-06,26101.303865320853
2016-05-09,25929.16865719097
2016-05-10,26244.153640635184
2016-05-11,26110.1715449168
2016-05-12,26018.152087485338
2016-05-13,25936.485766684556
2016-05-16,26168.671666199898
2016-05-17,25724.532158906197
2016-05-18,25550.680945450997
2016-05-19,25510.629302079415
2016-05-20,25727.78868585322
2016-05-23,25700.944748933052
2016-05-24,26212.234391267037
2016-05-25,26154.487277085518
2016-05-26,26454.729983343837
2016-05-27,26468.628409399746
2016-05-31,26599.433415426967
2016-06-01,26851.635333075283
2016-06-02,26925.191150488616
2016-06-03,27155.215246023894
2016-06-06,27103.57960683322
2016-06-07,27264.192224325896
2016-06-08,27611.03838330722
2016-06-09,27723.354589122522
2016-06-10,27617.865134853113
2016-06-13,27426.17098583578
2016-06-14,27505.86622585653
2016-06-15,27530.503640788782
2016-06-16,27670.962728160608
2016-06-17,27588.725904124964
2016-06-20,27713.719146387524
2016-06-21,27780.2726837563
2016-06-22,27648.315277464128
2016-06-23,27974.942989713883
2016-06-24,27717.028099820007
2016-06-27,27641.734621807922
2016-06-28,27775.186951215957
2016-06-29,27814.348718107438
2016-06-30,28310.471294321484
2016-07-01,28303.22574988789
2016-07-05,28429.924629129833
2016-07-06,28511.62058822102
2016-07-07,28149.178396143383
2016-07-08,28380.998353876537
2016-07-11,28509.508956827587
2016-07-12,28400.17046348042
2016-07-13,28448.515499033398
2016-07-14,28359.878549494213
2016-07-15,28409.719715036816
2016-07-18,28370.902444757885
2016-07-19,28320.335128702587
2016-07-20,28379.41113082356
2016-07-21,28425.679170526928
2016-07-22,28688.03124801106
2016-07-25,28680.648470945976
2016-07-26,28630.359540053032
2016-07-27,28398.323977537773
2016-07-28,28703.300898619316
2016-07-29,28798.80061251702
2016-08-01,28365.81266886773
2016-08-02,27785.2721540061
2016-08-03,27715.72670534767
2016-08-04,27762.16906145729
2016-08-05,27851.712239818906
2016-08-08,27802.727897348523
2016-08-09,27819.686727004108
2016-08-10,27565.093631701526
2016-08-11,27514.54915098445
2016-08-12,27633.835558455154
2016-08-15,27855.832134764358
2016-08-16,27475.99640516536
2016-08-17,27423.023316901395
2016-08-18,27755.311378043363
2016-08-19,27824.58752397842
2016-08-22,27825.374404471586
2016-08-23,27936.82375482864
2016-08-24,27322.305211585233
2016-08-25,27361.548597891517
2016-08-26,27305.565495093055
2016-08-29,27417.34192942003
2016-08-30,27405.16984325023
2016-08-31,27360.077683025316
2016-09-01,27367.148141437487
2016-09-02,27698.929778057052
2016-09-06,27726.05801492436
2016-09-07,27384.234252030685
2016-09-08,27261.78920451612
2016-09-09,26359.441534456917
2016-09-12,26588.95363708675
2016-09-13,26179.174762689472
2016-09-14,26490.716992341877
2016-09-15,27130.156537973286
2016-09-16,27068.576563798786
2016-09-19,27199.124364816547
2016-09-20,27358.886538469196
2016-09-21,27774.9811805743
2016-09-22,27959.41021194637
2016-09-23,27628.323238756064
2016-09-26,27463.414235498312
2016-09-27,27642.628221895102
2016-09-28,27578.938499833945
2016-09-29,27023.441933061484
2016-09-30,27284.716088678244
2016-10-03,27255.018979008597
2016-10-04,27118.471149295863
2016-10-05,27261.190934032496
2016-10-06,27135.929480403956
2016-10-07,27000.319074672756
2016-10-10,27229.992697757778
2016-10-11,26781.100929302273
2016-10-12,26482.95714001089
2016-10-13,26147.569736255704
2016-10-14,26124.61227108389
2016-10-17,26100.369037365017
2016-10-18,26240.736297344265
2016-10-19,26309.692348426877
2016-10-20,26065.151038116514
2016-10-21,26035.51739878088
2016-10-24,25985.70207638174
2016-10-25,25695.75850099951
2016-10-26,25368.2503714595
2016-10-27,25235.579205935974
2016-10-28,25122.876383822935
2016-10-31,25200.88538868286
2016-11-01,24978.96399814941
2016-11-02,24404.615849326627
2016-11-03,24555.027455049658
2016-11-04,24430.905654410533
2016-11-07,24967.307050208263
2016-11-08,24957.850900649242
2016-11-09,25480.742891310863
2016-11-10,25500.759201049023
2016-11-11,26045.507331847362
2016-11-14,26103.225240706615
2016-11-15,26184.225690840893
2016-11-16,26170.56452178877
2016-11-17,26296.400105475597
2016-11-18,26574.397637366466
2016-11-21,26763.065360068493
2016-11-22,27008.042113303356
2016-11-23,27101.550811766796
2016-11-25,27147.179925917797
2016-11-28,26970.004974727417
2016-11-29,26973.376925830627
2016-11-30,26788.346702937866
2016-12-01,26115.078138713623
2016-12-02,26125.396079447928
2016-12-05,26288.537740481555
2016-12-06,26457.566963923633
2016-12-07,26858.640759242237
2016-12-08,26971.348212889217
2016-12-09,26883.078079802013
2016-12-12,26653.390116316295
2016-12-13,26855.791362387157
2016-12-14,26618.07911739967
2016-12-15,26883.118015867687
2016-12-16,26706.78063164375
2016-12-19,26808.75273571632
2016-12-20,26984.909729582287
2016-12-21,26932.391732485296
2016-12-22,26869.961877138616
2016-12-23,26895.721277506353
2016-12-27,26948.329243929387
2016-12-28,26730.95523002863
2016-12-29,26615.866957933904
2016-12-30,26457.79133728266
2017-01-03,26648.97341881037
2017-01-04,26895.21326694727
2017-01-05,26749.897336580754
2017-01-06,26651.932942011357
2017-01-09,26743.138945200444
2017-01-10,26936.317053700448
2017-01-11,26970.077202702523
2017-01-12,26819.895991265344
2017-01-13,26970.363515793848
2017-01-17,26653.87746232705
2017-01-18,26768.37105458932
2017-01-19,27072.324089943933
2017-01-20,27133.70482208474
2017-01-23,27049.596137544944
2017-01-24,27474.939268117938
2017-01-25,27727.206437116656
2017-01-26,27637.087718476298
2017-01-27,27680.8819756403
2017-01-30,27476.282796372416
2017-01-31,27501.070566778046
2017-02-01,27624.884800557953
2017-02-02,27482.03532279001
2017-02-03,27672.71885264383
2017-02-06,27602.593165044647
2017-02-07,27678.528319959503
2017-02-08,27603.864428167206
2017-02-09,27868.84771502481
2017-02-10,27832.9480043696
2017-02-13,27840.55827677713
2017-02-14,27848.724667196137
2017-02-15,27854.990733251434
2017-02-16,27842.481133565765
2017-02-17,27788.726546375066
2017-02-21,28055.47463616541
2017-02-22,28052.240867702276
2017-02-23,28088.3491650503
2017-02-24,28152.607290355474
2017-02-27,28284.576580135137
2017-02-28,28035.840670673162
2017-03-01,28667.935961810857
2017-03-02,28170.20532697301
2017-03-03,28169.399054466296
2017-03-06,28305.478820739794
2017-03-07,28218.09821885686
2017-03-08,28167.326856552172
2017-03-09,28141.59231084447
2017-03-10,28309.659358345078
2017-03-13,28606.62623056035
2017-03-14,28520.724756561325
2017-03-15,28790.013341270493
2017-03-16,28913.93988164525
2017-03-17,28989.775314651535
2017-03-20,29059.630853195173
2017-03-21,28199.73896171568
2017-03-22,28235.361618889194
2017-03-23,28384.24604119144
2017-03-24,28383.462151420932
2017-03-27,28285.944497001987
2017-03-28,28448.50512398563
2017-03-29,28464.86806763492
2017-03-30,28652.180016411166
2017-03-31,28737.347798241
2017-04-03,28467.42744339786
2017-04-04,28494.54813278995
2017-04-05,28132.67846382938
2017-04-06,28247.818003301538
2017-04-07,28457.376318578637
2017-04-10,28461.584581975854
2017-04-11,28482.427576665796
2017-04-12,28063.30133116714
2017-04-13,27780.312353236477
2017-04-17,28264.58430681924
2017-04-18,28278.646814448635
2017-04-19,28701.055761439602
2017-04-20,29196.121240718167
2017-04-21,29178.906466358876
2017-04-24,29584.929610127187
2017-04-25,29715.304121845937
2017-04-26,29761.12916075585
2017-04-27,30497.794381473228
2017-04-28,30364.69450877935
2017-05-01,30891.207688558403
2017-05-02,30862.384431719496
2017-05-03,30970.492940783217
2017-05-04,31153.00150477858
2017-05-05,31394.95479381056
2017-05-08,31318.567431750012
2017-05-09,31502.106223406507
2017-05-10,31854.431495012952
2017-05-11,31863.111148180677
2017-05-12,31765.84010631056
2017-05-15,32055.368682207776
2017-05-16,32287.646251024915
2017-05-17,31434.82380992384
2017-05-18,31845.889041247083
2017-05-19,32037.92703181715
2017-05-22,32460.072448076917
2017-05-23,32382.61731608839
2017-05-24,32478.54883464308
2017-05-25,32544.737067064954
2017-05-26,32833.02711375685
2017-05-30,32584.508692583753
2017-05-31,32573.677248797132
2017-06-01,33017.41371806593
2017-06-02,33251.2611378047
2017-06-05,33112.19976695509
2017-06-06,33153.981932482435
2017-06-07,33496.15091212721
2017-06-08,33766.693457445814
2017-06-09,32983.39958842726
2017-06-12,32568.974924883558
2017-06-13,32804.555106005384
2017-06-14,32559.15830882521
2017-06-15,32192.17598231764
2017-06-16,32168.868597111345
2017-06-19,32486.790081104875
2017-06-20,32072.957294544816
2017-06-21,32109.83485359633
2017-06-22,32039.378722614885
2017-06-23,32146.30184441054
2017-06-26,31948.652575306536
2017-06-27,31397.42443161452
2017-06-28,31816.514835132864
2017-06-29,31038.963704838065
2017-06-30,31152.9699858897
2017-07-03,31018.988716053274
2017-07-05,31337.328674244192
2017-07-06,30988.699581074026
2017-07-07,31503.28470894147
2017-07-10,31411.83401390363
2017-07-11,31468.268439257634
2017-07-12,31681.626975024235
2017-07-13,31602.64580436994
2017-07-14,31678.358283007634
2017-07-17,31583.141886675847
2017-07-18,31483.576611299915
2017-07-19,32351.958645601673
2017-07-20,32269.957348604603
2017-07-21,32446.24669400255
2017-07-24,32787.34056607286
2017-07-25,32780.166534090444
2017-07-26,32726.0036465172
2017-07-27,32330.645064974233
2017-07-28,32586.005126009386
2017-07-31,32040.567982293593
2017-08-01,32271.233883477675
2017-08-02,32134.733326531874
2017-08-03,32580.85254345082
2017-08-04,32404.17172298573
2017-08-07,32554.31921444081
2017-08-08,32555.78963909291
2017-08-09,32465.96799404286
2017-08-10,31575.547911950576
2017-08-11,32093.107492408308
2017-08-14,32178.06819126085
2017-08-15,32228.244121284042
2017-08-16,32370.950501136336
2017-08-17,31899.920757941756
2017-08-18,31852.698033027205
2017-08-21,32058.529858283553
2017-08-22,32453.202715186628
2017-08-23,32339.95408084825
2017-08-24,32374.193189887555
2017-08-25,32333.009989051374
2017-08-28,32433.55265644029
2017-08-29,32369.37610843614
2017-08-30,32624.79807880357
2017-08-31,33009.60163715318
2017-09-01,33044.68781116441
2017-09-05,33103.75163867906
2017-09-06,33020.53941944078
2017-09-07,33361.04313114122
2017-09-08,33329.66168430284
2017-09-11,33800.93084873155
2017-09-12,33720.62493511208
2017-09-13,33500.78346630104
2017-09-14,33405.37259293944
2017-09-15,33362.433553709096
2017-09-18,33717.64047528655
2017-09-19,33705.68276788146
2017-09-20,33644.37902184874
2017-09-21,33392.27162721068
2017-09-22,33673.85060384184
2017-09-25,33135.83684032677
2017-09-26,33178.34572952507
2017-09-27,33561.51950424431
2017-09-28,33617.10237472771
2017-09-29,33771.53631847618
2017-10-02,34057.856543238144
2017-10-03,34083.976358110885
2017-10-04,34146.899608100146
2017-10-05,34407.346825087756
2017-10-06,34561.25131079027
2017-10-09,34371.62445875475
2017-10-10,34320.4312719948
2017-10-11,34497.99431940386
2017-10-12,34562.06088301012
2017-10-13,34677.97475630113
2017-10-16,34671.600041449754
2017-10-17,34468.51326486895
2017-10-18,34470.89324781725
2017-10-19,34654.08792230913
2017-10-20,35380.606451247426
2017-10-23,35225.12925073931
2017-10-24,35475.78091451952
2017-10-25,35373.70996115038
2017-10-26,35614.922333930226
2017-10-27,36298.26559660265
2017-10-30,36336.309975836964
2017-10-31,36644.56401750872
2017-11-01,36259.811378691884
2017-11-02,36353.62890169451
2017-11-03,36325.95854685137
2017-11-06,36324.325511687486
2017-11-07,36208.83113836595
2017-11-08,36831.178863280504
2017-11-09,36656.846125357835
2017-11-10,36788.120361769885
2017-11-13,37040.84170194933
2017-11-14,36999.98355528185
2017-11-15,36739.5860180504
2017-11-16,37252.28800627062
2017-11-17,37262.14826057562
2017-11-20,37499.03285835394
2017-11-21,37948.66120765814
2017-11-22,37907.88271186956
2017-11-24,38019.81926200994
2017-11-27,37461.60542534002
2017-11-28,37704.0461602033
2017-11-29,36790.064794999445
2017-11-30,36761.118011247
2017-12-01,36467.971675645196
2017-12-04,35374.54390739568
2017-12-05,35341.70303074672
2017-12-06,35381.30328671291
2017-12-07,35902.62747685268
2017-12-08,36033.088877838396
2017-12-11,35850.705186050676
2017-12-12,35752.51238171413
2017-12-13,35871.20678822353
2017-12-14,35579.751539352685
2017-12-15,36321.085419357565
2017-12-18,36534.65483445003
2017-12-19,36310.247807205466
2017-12-20,36704.97351330593
2017-12-21,36871.866119087485
2017-12-22,36419.915110862996
2017-12-26,36509.645742691304
2017-12-27,36347.06713799312
2017-12-28,36419.41536377743
2017-12-29,36064.99967335537
2018-01-02,36535.99212979153
2018-01-03,36602.55902909115
2018-01-04,36379.6757988818
2018-01-05,36526.44089459255
2018-01-08,36832.30552719906
2018-01-09,36613.078328083604
2018-01-10,36274.066429940605
2018-01-11,36944.73391327038
2018-01-12,37205.31590732708
2018-01-16,36601.212048379326
2018-01-17,37033.70284484997
2018-01-18,36793.053535050814
2018-01-19,37495.52140671677
2018-01-22,38287.27405602402
2018-01-23,38557.91698605484
2018-01-24,37871.2650151915
2018-01-25,37680.23729141353
2018-01-26,37806.48073475001
2018-01-29,37462.992743417
2018-01-30,36891.193975373484
2018-01-31,36795.22407333491
2018-02-01,36771.07441799281
2018-02-02,36284.02010051844
2018-02-05,35110.254497616814
2018-02-06,35382.44374084262
2018-02-07,35351.01413154391
2018-02-08,33889.211203573024
2018-02-09,34117.085036075805
2018-02-12,34190.83790472815
2018-02-13,34409.18576117346
2018-02-14,34835.9796530802
2018-02-15,34913.845849997284
2018-02-16,34902.28888512302
2018-02-20,34863.38422203708
2018-02-21,34813.21662331271
2018-02-22,34874.24497795749
2018-02-23,35017.08339882541
2018-02-26,35241.59277153659
2018-02-27,34977.14692497897
2018-02-28,35054.555643088104
2018-03-01,34944.084058768036
2018-03-02,35082.276567465546
2018-03-05,35179.30829048801
2018-03-06,35312.53872490573
2018-03-07,35613.80731011081
2018-03-08,35455.587633139374
2018-03-09,35565.667779928925
2018-03-12,35540.875871664764
2018-03-13,35494.97838371921
2018-03-14,35466.8524311893
2018-03-15,35301.74921063113
2018-03-16,35371.03323010135
2018-03-19,35266.41037586856
2018-03-20,35568.78909901309
2018-03-21,35796.60982922244
2018-03-22,34745.4061711185
2018-03-23,34147.83632782626
2018-03-26,35162.0700769343
2018-03-27,34325.58244227549
2018-03-28,34177.77693556925
2018-03-29,34490.01228598734
2018-04-02,33943.52292899271
2018-04-03,34377.00486891449
2018-04-04,34877.56081431091
2018-04-05,35228.36898230255
2018-04-06,34878.59213095367
2018-04-09,34922.46637137115
2018-04-10,35441.80638106048
2018-04-11,35489.17804510772
2018-04-12,35594.02446158111
2018-04-13,35386.91460211456
2018-04-16,35472.97462637603
2018-04-17,35733.59079916656
2018-04-18,35680.62107069671
2018-04-19,35521.664270235895
2018-04-20,35239.27591116607
2018-04-23,35225.08157332122
2018-04-24,35127.75587286652
2018-04-25,34849.214728495484
2018-04-26,35636.02000059784
2018-04-27,35268.86939921082
2018-04-30,35266.21816458405
2018-05-01,34454.272792002565
2018-05-02,34506.9720751549
2018-05-03,34622.4243275429
2018-05-04,34819.68683402789
2018-05-07,34878.17233817828
2018-05-08,35432.07324607693
2018-05-09,35533.21899230801
2018-05-10,35653.67086036526
2018-05-11,35849.73991401516
2018-05-14,35489.44400890194
2018-05-15,35574.6409788879
2018-05-16,36067.986282423364
2018-05-17,36178.22653385006
2018-05-18,36008.61904903255
2018-05-21,36169.547157247885
2018-05-22,35628.805541952475
2018-05-23,35939.20859199259
2018-05-24,36074.79278389197
2018-05-25,36121.28413597327
2018-05-29,36224.744243929206
2018-05-30,36689.02075321418
2018-05-31,36584.928020784675
2018-06-01,37480.45026046973
2018-06-04,38056.28705726844
2018-06-05,38605.69077812415
2018-06-06,38514.080604173956
2018-06-07,38160.51904258948
2018-06-08,38288.82071171027
2018-06-11,38185.86267433387
2018-06-12,38425.67264709693
2018-06-13,39015.5998998664
2018-06-14,40416.74416290504
2018-06-15,40421.03876297217
2018-06-18,40690.561346513365
2018-06-19,42183.08539055023
2018-06-20,42366.43350872192
2018-06-21,42221.142858354186
2018-06-22,41660.13278278503
2018-06-25,40984.300721017455
2018-06-26,41120.30443176422
2018-06-27,40348.0594862381
2018-06-28,40866.777685968016
2018-06-29,40893.346297113036
2018-07-02,41074.44616588745
2018-07-03,41191.26498684082
2018-07-05,41347.68953403625
2018-07-06,41835.200484124754
2018-07-09,41842.626437989806
2018-07-10,41685.22451576385
2018-07-11,41730.01077446136
2018-07-12,41565.48976596985
2018-07-13,41678.805716363524
2018-07-16,41538.09611686859
2018-07-17,41834.7998245636
2018-07-18,41795.076898423766
2018-07-19,41802.2876823822
2018-07-20,41594.37013179932
2018-07-23,41447.635497399904
2018-07-24,41113.42441112671
2018-07-25,41488.107433625795
2018-07-26,41286.65254146729
2018-07-27,40269.91488010559
2018-07-30,39618.57071540985
2018-07-31,39614.39989586029
2018-08-01,39615.828175737
2018-08-02,40103.62274665985
2018-08-03,39840.92147560272
2018-08-06,40480.06284065399
2018-08-07,40680.221203996276
2018-08-08,40557.45883674774
2018-08-09,40778.833260728454
2018-08-10,40841.49047966156
2018-08-13,40491.35060997162
2018-08-14,41034.40111274872
2018-08-15,40550.62057853263
2018-08-16,40846.45353293937
2018-08-17,41139.488345866615
2018-08-20,41166.667655711586
2018-08-21,41610.78000793033
2018-08-22,41615.65535125308
2018-08-23,42112.27270278506
2018-08-24,42678.23225173526
2018-08-27,42356.084127040434
2018-08-28,42479.125032039214
2018-08-29,42687.4710288959
2018-08-30,42785.761956782866
2018-08-31,43043.28773650699
2018-09-04,43129.16102752261
2018-09-05,41986.99738845401
2018-09-06,41926.70663142108
2018-09-07,41998.58566355609
2018-09-10,42284.45152735614
2018-09-11,42609.05829691791
2018-09-12,42659.152848004334
2018-09-13,42820.65821528339
2018-09-14,43125.92548060321
2018-09-17,42553.86521601581
2018-09-18,43127.25577998065
2018-09-19,42886.21519923114
2018-09-20,43002.326912640565
2018-09-21,42820.8847587099
2018-09-24,43228.55916285419
2018-09-25,43526.448048352235
2018-09-26,43509.34384608173
2018-09-27,43702.323230899296
2018-09-28,43820.60277572962
2018-10-01,43778.26442352625
2018-10-02,43087.81447998377
2018-10-03,43384.64877334925
2018-10-04,42659.74919744289
2018-10-05,42020.712949579116
2018-10-08,41783.146110937254
2018-10-09,41621.230378553526
2018-10-10,40130.90879289831
2018-10-11,39330.094638378
2018-10-12,39588.09000327332
2018-10-15,39334.922625572515
2018-10-16,40106.10135794862
2018-10-17,39986.00880767091
2018-10-18,39658.77243853791
2018-10-19,39434.687280849226
2018-10-22,39703.64053785797
2018-10-23,39209.916312928166
2018-10-24,38165.47496008393
2018-10-25,38764.2432380158
2018-10-26,38628.51345400396
2018-10-29,38908.85666500251
2018-10-30,39784.97206531684
2018-10-31,40068.22686916511
2018-11-01,40210.051097451855
2018-11-02,40028.2647624604
2018-11-05,40381.12836605232
2018-11-06,40501.20955616157
2018-11-07,40794.7289043061
2018-11-08,40678.073936044384
2018-11-09,40547.7513690583
2018-11-12,40467.6214156739
2018-11-13,40242.82311779182
2018-11-14,39758.742525457594
2018-11-15,39762.551720286065
2018-11-16,39785.70069184368
2018-11-19,39705.65442048137
2018-11-20,39433.03596459453
2018-11-21,39406.16180954997
2018-11-23,39507.425937281296
2018-11-26,39633.46923600261
2018-11-27,39609.62345849101
2018-11-28,39795.24889527385
2018-11-29,39684.90542130535
2018-11-30,39862.4395399577
2018-12-03,40242.50466065472
2018-12-04,39623.01920323437
2018-12-06,39856.95212082928
2018-12-07,39374.62099030559
2018-12-10,39343.23478940075
2018-12-11,39591.41829064434
2018-12-12,39858.87211659496
2018-12-13,39931.153396158865
2018-12-14,39529.38729527538
2018-12-17,38350.62192872112
2018-12-18,38447.23261805103
2018-12-19,38112.46292658374
2018-12-20,37872.46053347338
2018-12-21,37707.09552112001
2018-12-24,37672.665985886575
2018-12-26,37672.665985886575
2018-12-27,37672.665985886575
2018-12-28,37672.665985886575
2018-12-31,37672.665985886575
2019-01-02,37672.665985886575
2019-01-03,37672.665985886575
2019-01-04,37672.665985886575
2019-01-07,37672.665985886575
2019-01-08,37672.665985886575
2019-01-09,37672.665985886575
2019-01-10,37672.665985886575
2019-01-11,37672.665985886575
2019-01-14,37672.665985886575
2019-01-15,37672.665985886575
2019-01-16,37672.665985886575
2019-01-17,37672.665985886575
2019-01-18,37672.665985886575
2019-01-22,37672.665985886575
2019-01-23,37672.665985886575
2019-01-24,37672.665985886575
2019-01-25,37672.665985886575
2019-01-28,37672.665985886575
2019-01-29,37672.665985886575
2019-01-30,37672.665985886575
2019-01-31,37672.665985886575
2019-02-01,37672.665985886575
2019-02-04,37672.665985886575
2019-02-05,37663.31598588658
2019-02-06,37533.45613023472
2019-02-07,37499.176051499366
2019-02-08,37543.55620897007
2019-02-11,37681.29581010532
2019-02-12,37854.236209275245
2019-02-13,37700.79600694371
2019-02-14,37990.805190903666
2019-02-15,38351.46256242466
2019-02-19,38179.389607407575
2019-02-20,38076.37312333775
2019-02-21,38074.15399568272
2019-02-22,38354.60874955845
2019-02-25,38314.71223466587
2019-02-26,38446.08637254429
2019-02-27,39747.2102472086
2019-02-28,40016.121064011575
2019-03-01,40378.13823396397
2019-03-04,39797.64068299961
2019-03-05,39967.96245271397
2019-03-06,39465.50197679234
2019-03-07,38902.6974838419
2019-03-08,38923.29011338902
2019-03-11,39365.80478251932
2019-03-12,39811.31300319193
2019-03-13,40124.622663149814
2019-03-14,40246.47615779398
2019-03-15,40262.89267314432
2019-03-18,40232.66084064005
2019-03-19,40299.87621272562
2019-03-20,40310.40759051798
2019-03-21,41160.84029925821
2019-03-22,40334.62990321634
2019-03-25,40506.62675036905
2019-03-26,40714.09287394998
2019-03-27,40185.793061633085
2019-03-28,40459.543549914335
2019-03-29,40393.444930453275
2019-04-01,40453.13694514749
2019-04-02,40668.10404338357
2019-04-03,40401.76247157571
2019-04-04,40239.50315608499
2019-04-05,40495.81659259317
2019-04-08,40494.47690143106
2019-04-09,40290.00058879373
2019-04-10,40666.186532397245
2019-04-11,40688.83039035318
2019-04-12,40525.69179667947
2019-04-15,40433.32669588233
2019-04-16,39905.139090978155
2019-04-17,39441.60332154053
2019-04-18,39607.88483460205
2019-04-22,39985.45675881165
2019-04-23,40680.51266117017
2019-04-24,40649.32787151258
2019-04-25,40431.257911872075
2019-04-26,40591.157591056035
2019-04-29,40626.923189353154
2019-04-30,40786.933635901616
2019-05-01,40232.31839198987
2019-05-02,40642.964637946294
2019-05-03,40894.36817569654
2019-05-06,40986.271959494756
2019-05-07,40372.52813167493
2019-05-08,40384.41447467725
2019-05-09,40152.176857184575
2019-05-10,40014.94362918775
2019-05-13,38866.46629123609
2019-05-14,39396.35292201917
2019-05-15,39499.443216971566
2019-05-16,40221.75346630044
2019-05-17,39717.512530021144
2019-05-20,39040.73107784219
2019-05-21,39445.883890952544
2019-05-22,39489.98687251993
2019-05-23,39046.43505748697
2019-05-24,39386.57658657022
2019-05-28,39413.68310054727
2019-05-29,38788.6081455607
2019-05-30,38926.26775249429
2019-05-31,38592.067035863016
2019-06-03,37650.162979313944
2019-06-04,38783.742595860575
2019-06-05,39175.453862187474
2019-06-06,39750.48164081296
2019-06-07,40154.65178012571
2019-06-10,40304.19541644773
2019-06-11,39665.19675159177
2019-06-12,39533.987679478734
2019-06-13,39495.79831485551
2019-06-14,39463.0173509578
2019-06-17,39629.0677202205
2019-06-18,39884.81164340775
2019-06-19,40138.61013583939
2019-06-20,40570.09243564408
2019-06-21,39933.46658878129
2019-06-24,39807.175996587684
2019-06-25,39016.35631732743
2019-06-26,39034.80484557863
2019-06-27,39460.73283490217
2019-06-28,40055.82356938398
2019-07-01,40229.180554476145
2019-07-02,40848.323773470285
2019-07-03,41337.42589100874
2019-07-05,41489.32479008711
2019-07-08,41350.17870816267
2019-07-09,41637.85767659223
2019-07-10,41608.050181475046
2019-07-11,41632.94453534162
2019-07-12,41663.66148701704
2019-07-15,41684.41929379499
2019-07-16,41605.803092394235
2019-07-17,41367.534119997385
2019-07-18,41606.141721163156
2019-07-19,41385.43353677651
2019-07-22,41505.916021594014
2019-07-23,41173.12468553444
2019-07-24,41065.520067461934
2019-07-25,41072.17024248025
2019-07-26,41650.77501314065
2019-07-29,41509.35082643411
2019-07-30,41443.76927284073
2019-07-31,42548.64425605606
2019-08-01,42188.60708755325
2019-08-02,41819.01767989944
2019-08-05,40352.46588393997
2019-08-06,40882.643851857436
2019-08-07,41389.735400777114
2019-08-08,42241.97848663832
2019-08-09,42055.95067749525
2019-08-12,41703.58833466078
2019-08-13,42303.63886795546
2019-08-14,41307.102668385756
2019-08-15,41328.69346008803
2019-08-16,42146.75192223097
2019-08-19,42568.59959755446
2019-08-20,42432.562701802504
2019-08-21,42764.189810033095
2019-08-22,42716.107668156874
2019-08-23,41775.09992813612
2019-08-26,42249.362337079234
2019-08-27,42182.14486500282
2019-08-28,42380.16197773475
2019-08-29,42345.77088133069
2019-08-30,42217.55659071179
2019-09-03,41659.65000692578
2019-09-04,41963.14219106885
2019-09-05,42044.803024427616
2019-09-06,41867.01595213147
2019-09-09,40569.71104147168
2019-09-10,39939.355604718585
2019-09-11,40078.752848224845
2019-09-12,40346.86736543676
2019-09-13,40531.18583353063
2019-09-16,40429.30667932531
2019-09-17,40786.23926599523
2019-09-18,40072.45084436437
2019-09-19,40011.682902317254
2019-09-20,39851.46955202123
2019-09-23,39870.47520540258
2019-09-24,39545.85633180639
2019-09-25,40083.41855714819
2019-09-26,39770.87382219335
2019-09-27,38892.73677347204
2019-09-30,39141.308871326655
2019-10-01,38447.54603639855
2019-10-02,37912.92085606485
2019-10-03,37652.03624193542
2019-10-04,38181.11979193085
2019-10-07,38004.42555994385
2019-10-08,37756.74849123352
2019-10-09,38266.20520490997
2019-10-10,38532.355960792236
2019-10-11,38382.86190885895
2019-10-14,38422.55222124451
2019-10-15,38695.9619693219
2019-10-16,39181.82518286102
2019-10-17,39574.97768015259
2019-10-18,39757.20857138031
2019-10-21,40042.494147781064
2019-10-22,40000.40172243469
2019-10-23,40068.44298315399
2019-10-24,40193.77728736247
2019-10-25,40120.57671153392
2019-10-28,40135.2810143217
2019-10-29,40156.35380022251
2019-10-30,39681.47372572147
2019-10-31,39782.90694181644
2019-11-01,39469.522737905616
2019-11-04,39435.98650029229
2019-11-05,39184.242336207666
2019-11-06,39150.85509102944
2019-11-07,38900.6609200776
2019-11-08,38948.69214132337
2019-11-11,39054.71016958265
2019-11-12,39038.570959835335
2019-11-13,39262.65196302442
2019-11-14,39463.58992460279
2019-11-15,39577.04207494764
2019-11-18,39590.4494960597
2019-11-19,39546.52270963697
2019-11-20,40173.42652013807
2019-11-21,39835.740925579354
2019-11-22,39735.46156630599
2019-11-25,39960.901023245686
2019-11-26,40263.45495379604
2019-11-27,40245.138097411764
2019-11-29,39911.494123107565
2019-12-02,39335.49073565639
2019-12-03,39259.95532672085
2019-12-04,39552.40658061184
2019-12-05,39634.34406535305
2019-12-06,39794.25193278469
2019-12-09,39544.89239947475
2019-12-10,39395.40650431789
2019-12-11,39712.25856887258
2019-12-12,39920.62709914602
2019-12-13,39773.11311446584
2019-12-16,39889.20801491358
2019-12-17,40201.61083168604
2019-12-18,39965.50540489771
2019-12-19,39909.01249573328
2019-12-20,39918.38536331751
2019-12-23,39621.37957069971
2019-12-24,39837.736807561894
2019-12-26,39875.44273254969
2019-12-27,39821.11309311487
2019-12-30,39722.925295568486
2019-12-31,39683.01234696009
2020-01-02,39577.31414673426
2020-01-03,39287.79508659937
2020-01-06,39262.510221692864
2020-01-07,39407.522052976434
2020-01-08,39375.140299054925
2020-01-09,39403.213145301146
2020-01-10,39253.20115189294
2020-01-13,39587.54894928674
2020-01-14,39825.84991173486
2020-01-15,39785.69314675073
2020-01-16,40390.75231476733
2020-01-17,40439.15661927172
2020-01-21,40541.84786148974
2020-01-22,40848.264240655386
2020-01-23,41173.70326653429
2020-01-24,40809.55949799983
2020-01-27,39894.42768685786
2020-01-28,40346.96412484614
2020-01-29,40502.082253355664
2020-01-30,40267.59980859248
2020-01-31,39363.829434294385
2020-02-03,39471.018903979755
2020-02-04,39985.18742013881
2020-02-05,40343.58955598781
2020-02-06,40360.573660144306
2020-02-07,40046.117801913715
2020-02-10,40574.26790307078
2020-02-11,40779.92193482432
2020-02-12,41201.48733399424
2020-02-13,41505.407084207865
2020-02-14,41673.19606087718
2020-02-18,41440.96560109926
2020-02-19,41837.833427561054
2020-02-20,42053.41310705019
2020-02-21,41467.618709287715
2020-02-24,40198.38555499084
2020-02-25,39156.74848209482
2020-02-26,38398.17092173048
2020-02-27,36884.400133006246
2020-02-28,36208.5426134166
2020-03-02,37431.50495545656
2020-03-03,37146.04170625002
2020-03-04,38132.422703853605
2020-03-05,37785.406743160245
2020-03-06,37613.86851226425
2020-03-09,36270.98407851791
2020-03-10,36568.71864226913
2020-03-11,36726.666235958095
2020-03-12,35664.044249568935
2020-03-13,35788.62595052282
2020-03-16,35550.06589192907
2020-03-17,35697.24599446813
2020-03-18,35697.24599446813
2020-03-19,35697.24599446813
2020-03-20,35697.24599446813
2020-03-23,35697.24599446813
2020-03-24,35697.24599446813
2020-03-25,35697.24599446813
2020-03-26,35697.24599446813
2020-03-27,35697.24599446813
2020-03-30,35697.24599446813
2020-03-31,35697.24599446813
2020-04-01,35697.24599446813
2020-04-02,35697.24599446813
2020-04-03,35697.24599446813
2020-04-06,35697.24599446813
2020-04-07,35697.24599446813
2020-04-08,35697.24599446813
2020-04-09,35697.24599446813
2020-04-13,35697.24599446813
2020-04-14,35697.24599446813
2020-04-15,35697.24599446813
2020-04-16,35697.24599446813
2020-04-17,35697.24599446813
2020-04-20,35697.24599446813
2020-04-21,35697.24599446813
2020-04-22,35697.24599446813
2020-04-23,35697.24599446813
2020-04-24,35697.24599446813
2020-04-27,35697.24599446813
2020-04-28,35697.24599446813
2020-04-29,35697.24599446813
2020-04-30,35697.24599446813
2020-05-01,35697.24599446813
2020-05-04,35697.24599446813
2020-05-05,35697.24599446813
2020-05-06,35697.24599446813
2020-05-07,35697.24599446813
2020-05-08,35697.24599446813
2020-05-11,35697.24599446813
2020-05-12,35697.24599446813
2020-05-13,35697.24599446813
2020-05-14,35697.24599446813
2020-05-15,35697.24599446813
2020-05-18,35697.24599446813
2020-05-19,35697.24599446813
2020-05-20,35697.24599446813
2020-05-21,35697.24599446813
2020-05-22,35697.24599446813
2020-05-26,35697.24599446813
2020-05-27,35609.365994468135
2020-05-28,35650.544034018916
2020-05-29,36755.99892903845
2020-06-01,37193.66490270178
2020-06-02,37191.062912955684
2020-06-03,36666.82306386511
2020-06-04,35996.27356053869
2020-06-05,36233.66782170812
2020-06-08,36427.77213079015
2020-06-09,36652.333370871944
2020-06-10,37799.52719373266
2020-06-11,35811.45343846838
2020-06-12,35801.25449437658
2020-06-15,36680.13760633032
2020-06-16,36979.8477351145
2020-06-17,37266.25973004858
2020-06-18,37397.56386776594
2020-06-19,37177.93173380521
2020-06-22,37694.00743504194
2020-06-23,37532.421382361965
2020-06-24,36785.735820228176
2020-06-25,37319.59628050955
2020-06-26,36867.24294608267
2020-06-29,36606.86385129503
2020-06-30,37682.57275746873
2020-07-01,38333.13786672166
2020-07-02,38619.16169226487
2020-07-06,39413.30585730393
2020-07-07,39161.10343649704
2020-07-08,39992.122124698944
2020-07-09,40398.34813452561
2020-07-10,40572.464160965115
2020-07-13,39426.38660168472
2020-07-14,39940.827339752344
2020-07-15,40368.272440536646
2020-07-16,40182.421785934595
2020-07-17,41218.53657017532
2020-07-20,41984.60268078628
2020-07-21,41357.6658320314
2020-07-22,41583.443479049834
2020-07-23,40499.586266983184
2020-07-24,39848.079289901885
2020-07-27,41025.42491482559
2020-07-28,40644.752406585845
2020-07-29,41378.653409469756
2020-07-30,41482.336236465606
2020-07-31,41669.08453129593
2020-08-03,42628.08395527664
2020-08-04,42802.52894352737
2020-08-05,42946.687284210355
2020-08-06,42530.203620651395
2020-08-07,41764.844888427884
2020-08-10,41666.549198501736
2020-08-11,40772.97941052261
2020-08-12,41661.49323361221
2020-08-13,42265.858204773096
2020-08-14,42149.24488537612
2020-08-17,43125.10533993545
2020-08-18,43492.29764836135
2020-08-19,43339.70475476089
2020-08-20,43979.21070950332
2020-08-21,43980.56985943618
2020-08-24,43828.708193710474
2020-08-25,43864.17768566909
2020-08-26,44608.93309311131
2020-08-27,44250.12642196873
2020-08-28,44620.715642015726
2020-08-31,45384.53938202122
2020-09-01,46319.695525209696
2020-09-02,46004.11270622471
2020-09-03,43816.83135894993
2020-09-04,43256.1977997926
2020-09-08,42152.441389193846
2020-09-09,44183.5763315494
2020-09-10,43903.60506575655
2020-09-11,42887.09690039705
2020-09-14,44821.91065337251
2020-09-15,45687.47546126436
2020-09-16,44938.47012831758
2020-09-17,44866.10011603426
2020-09-18,45004.23316123079
2020-09-21,44754.99860503267
2020-09-22,45457.46160751287
2020-09-23,43349.67123275701
2020-09-24,42620.48534255926
2020-09-25,44275.17011695806
2020-09-28,45473.5056558222
2020-09-29,45442.361208571834
2020-09-30,45934.91125739996
2020-10-01,47460.68537963812
2020-10-02,46297.58410407965
2020-10-05,47811.82311202948
2020-10-06,47667.68829019531
2020-10-07,48591.3118045996
2020-10-08,48594.02392847045
2020-10-09,49273.17187959655
2020-10-12,49561.7878139685
2020-10-13,50046.01684648498
2020-10-14,49825.28151971801
2020-10-15,49930.13267976745
2020-10-16,49727.722472019035
2020-10-19,48916.06358797057
2020-10-20,48625.55809289916
2020-10-21,47985.432194537956
2020-10-22,47913.2945793341
2020-10-23,48056.28276140197
2020-10-26,47263.865180348716
2020-10-27,47672.62314818319
2020-10-28,46429.42443678793
2020-10-29,46471.459953343074
2020-10-30,45698.955946806425
2020-11-02,46358.77051917886
2020-11-03,47402.65991950845
2020-11-04,47453.14719749307
2020-11-05,48663.51409126138
2020-11-06,48567.52776122903
2020-11-09,48589.40354133462
2020-11-10,48585.72914100503
2020-11-11,48663.85205673074
2020-11-12,47974.74704192972
2020-11-13,49089.044029463286
2020-11-16,50549.420494307036
2020-11-17,50527.31210731363
2020-11-18,49842.61343406534
2020-11-19,50366.72527908182
2020-11-20,50585.728019619615
2020-11-23,51410.830127621324
2020-11-24,50915.30851514879
2020-11-25,50625.171989041
2020-11-27,50955.57140569749
2020-11-30,50393.51827650132
2020-12-01,50750.70636488023
2020-12-02,50604.83311582627
2020-12-03,51233.68264318528
2020-12-04,51344.84365696812
2020-12-07,51418.72256512547
2020-12-08,51785.34372548073
2020-12-09,51448.27545765846
2020-12-10,51913.84960583656
2020-12-11,51796.58947018593
2020-12-14,51466.38138798683
2020-12-15,52447.494053163224
2020-12-16,52175.35094861
2020-12-17,52419.14845684975
2020-12-18,52064.59017252655
2020-12-21,51831.00515246124
2020-12-22,51955.913241145325
2020-12-23,52330.79584002228
2020-12-24,52103.81982302399
2020-12-28,52076.85772394867
2020-12-29,51798.4650332901
2020-12-30,52766.73689532013
2020-12-31,52635.07742190094
2021-01-04,52131.67416071625
2021-01-05,53244.7920405838
2021-01-06,55204.6193969223
2021-01-07,56232.34836985321
2021-01-08,56206.74740959176
2021-01-11,56601.68631721505
2021-01-12,57456.78157211312
2021-01-13,57137.65520072945
2021-01-14,57331.51183296212
2021-01-15,56482.48519874581
2021-01-19,56695.451221237265
2021-01-20,57023.64877296456
2021-01-21,56743.58765007027
2021-01-22,56825.78772712716
2021-01-25,56100.17751289376
2021-01-26,55015.76354957589
2021-01-27,53619.7017991639
2021-01-28,53272.38028849761
2021-01-29,52162.4105733792
2021-02-01,53063.50010050933
2021-02-02,53662.780923263235
2021-02-03,53993.09796656768
2021-02-04,54935.174199477835
2021-02-05,55618.80438555877
2021-02-08,56302.063748733206
2021-02-09,57079.84309901397
2021-02-10,56830.648906127615
2021-02-11,56834.1053289334
2021-02-12,56744.11562736923
2021-02-16,56828.73178764766
2021-02-17,56136.81352516597
2021-02-18,55586.67354484981
2021-02-19,56908.562848057205
2021-02-22,56825.24227699703
2021-02-23,56254.958171696126
2021-02-24,57143.958467335164
2021-02-25,54884.50626358455
2021-02-26,54810.96428924984
2021-03-01,56640.562784733236
2021-03-02,55820.50012451595
2021-03-03,55775.30865913814
2021-03-04,54625.33043571895
2021-03-05,55718.3469446606
2021-03-08,57289.44887337154
2021-03-09,57364.96373088471
2021-03-10,58317.96790416352
2021-03-11,58285.52059413187
2021-03-12,59239.795324814244
2021-03-15,59591.80428172342
2021-03-16,58239.21604586832
2021-03-17,58570.657629501744
2021-03-18,58066.46099711649
2021-03-19,58626.6507802128
2021-03-22,56983.674858581944
2021-03-23,54747.21716357462
2021-03-24,54070.51560869867
2021-03-25,55435.679670283134
2021-03-26,56657.93263239556
2021-03-29,54215.185640284355
2021-03-30,55287.013255911224
2021-03-31,55049.606851415985
2021-04-01,55373.65221770322
2021-04-05,56949.550184088104
2021-04-06,56790.20028670346
2021-04-07,56905.25533469235
2021-04-08,57413.51787932431
2021-04-09,58578.53594573056
2021-04-12,59043.755847769135
2021-04-13,58137.43790991818
2021-04-14,58005.95785887753
2021-04-15,57998.14690192258
2021-04-16,58679.66283400571
2021-04-19,57571.60511763608
2021-04-20,55609.37621291196
2021-04-21,56957.97656682837
2021-04-22,56650.80500463355
2021-04-23,57720.08155111182
2021-04-26,57363.87076619971
2021-04-27,58645.90072301734
2021-04-28,59086.811386622074
2021-04-29,58683.06976227924
2021-04-30,57965.287840892524
2021-05-03,59183.216647197456
2021-05-04,58399.4989009969
2021-05-05,58791.778985606885
2021-05-06,59041.76988564656
2021-05-07,59590.64349190876
2021-05-10,58562.0865155904
2021-05-11,57785.967191859934
2021-05-12,56008.713052916646
2021-05-13,55936.08180751489
2021-05-14,57101.931147953735
2021-05-17,57211.49331988977
2021-05-18,56381.878722569214
2021-05-19,55567.63440837549
2021-05-20,55314.33565196685
2021-05-21,56009.53657588653
2021-05-24,56457.23155841522
2021-05-25,55237.71440944366
2021-05-26,56386.90750178985
2021-05-27,57198.421751591486
2021-05-28,57054.33606013946
2021-06-01,58390.6472164996
2021-06-02,57895.50335472897
2021-06-03,57738.35207718686
2021-06-04,57543.81933945492
2021-06-07,58432.75292227979
2021-06-08,59043.67680960889
2021-06-09,57918.72651892896
2021-06-10,56648.32903510328
2021-06-11,56810.425916364526
2021-06-14,56108.761039312194
2021-06-15,56441.98928343553
2021-06-16,56477.904394977275
2021-06-17,54517.492312305156
2021-06-18,53289.178178002316
2021-06-21,54700.940213760645
2021-06-22,54697.297717651636
2021-06-23,54817.31192453793
2021-06-24,55118.75318106106
2021-06-25,54958.5134836047
2021-06-28,53969.92217214993
2021-06-29,53930.429793037685
2021-06-30,54018.22409979275
2021-07-01,54876.68508783749
2021-07-02,54791.74406877926
2021-07-06,54351.94920412472
2021-07-07,54321.15864223811
2021-07-08,53917.513360845645
2021-07-09,54887.53240762909
2021-07-12,55217.66607462128
2021-07-13,54565.632642614444
2021-07-14,54527.29434381684
2021-07-15,53953.15858255585
2021-07-16,54165.20573602875
2021-07-19,53839.61595377015
2021-07-20,54548.74072516768
2021-07-21,55279.5332437834
2021-07-22,55310.27531684248
2021-07-23,56725.304499276564
2021-07-26,56429.321726449416
2021-07-27,55951.13530982344
2021-07-28,56645.17021811812
2021-07-29,56870.46783316939
2021-07-30,57387.81663474409
2021-08-02,57253.33542594282
2021-08-03,58563.76161918013
2021-08-04,58354.55456778853
2021-08-05,58691.33661124556
2021-08-06,58525.37230536788
2021-08-09,59397.49540564864
2021-08-10,59083.70898673384
2021-08-11,58133.39689872115
2021-08-12,58528.34195563643
2021-08-13,58425.72527167647
2021-08-16,58262.03167197554
2021-08-17,58099.16877600997
2021-08-18,57895.860144112994
2021-08-19,58552.860979531695
2021-08-20,59194.01687095015
2021-08-23,60111.59073111861
2021-08-24,60029.30788657515
2021-08-25,60233.20588538497
2021-08-26,59943.0314545378
2021-08-27,62140.166016109055
2021-08-30,62077.46634566711
2021-08-31,61976.91958408363
2021-09-01,62390.25827198036
2021-09-02,62507.65904026039
2021-09-03,62833.824422645645
2021-09-07,62915.40975742348
2021-09-08,62556.02934436806
2021-09-09,62797.23348880775
2021-09-10,62244.74171329506
2021-09-13,61791.54123569496
2021-09-14,61998.7641170121
2021-09-15,62327.26471973427
2021-09-16,62609.6284052557
2021-09-17,62070.33223216
2021-09-20,61252.962889356044
2021-09-21,61226.139044446376
2021-09-22,61766.17815653744
2021-09-23,62277.72501627865
2021-09-24,62010.417154950526
2021-09-27,61434.33109156552
2021-09-28,59695.135542554286
2021-09-29,58747.82842720905
2021-09-30,57743.33283858287
2021-10-01,58632.04718563544
2021-10-04,57000.98443195807
2021-10-05,57846.488307919375
2021-10-06,58314.646804776065
2021-10-07,59500.494766201846
2021-10-08,58937.623979717064
2021-10-11,58845.81747451382
2021-10-12,59516.67443099575
2021-10-13,59961.61713233547
2021-10-14,60604.128315120506
2021-10-15,60200.28146567898
2021-10-18,61104.05510535793
2021-10-19,60945.97967544155
2021-10-20,61160.08273330288
2021-10-21,61602.813556819725
2021-10-22,61646.47809615688
2021-10-25,62314.38296905117
2021-10-26,61547.18843856411
2021-10-27,60701.096649318504
2021-10-28,61874.06187072353
2021-10-29,62214.33665099697
2021-11-01,63172.93199554043
2021-11-02,62869.81208434658
2021-11-03,63437.50848785
2021-11-04,63631.69166869717
2021-11-05,65808.15267486172
2021-11-08,65820.54253371792
2021-11-09,65473.81703170376
2021-11-10,63851.5577658041
2021-11-11,65073.20514533596
2021-11-12,65273.66252612933
2021-11-15,65399.04630184039
2021-11-16,65949.63827037677
2021-11-17,65372.76000118121
2021-11-18,65574.79296609502
2021-11-19,65382.212166992234
2021-11-22,63462.19838632207
2021-11-23,63550.4189025269
2021-11-24,64231.98148202519
2021-11-26,62624.19105386357
2021-11-29,63145.69620751958
2021-11-30,61762.915094085736
2021-12-01,60335.49485240786
2021-12-02,60670.082815462825
2021-12-03,59957.85926275897
2021-12-06,59906.71524588275
2021-12-07,62149.28756109881
2021-12-08,62318.40160093951
2021-12-09,61264.79253302264
2021-12-10,61329.22654829669
2021-12-13,60025.098431689024
2021-12-14,59683.90407532162
2021-12-15,60755.81935852474
2021-12-16,59252.77680176205
2021-12-17,58997.957073673664
2021-12-20,58579.67669723934
2021-12-21,60321.75987289852
2021-12-22,61105.76439331478
2021-12-23,61675.96817444271
2021-12-27,63886.224091038166
2021-12-28,63098.495296940266
2021-12-29,63896.0266346783
2021-12-30,63284.21793793148
2021-12-31,63412.15825317806
2022-01-03,63248.76918838924
2022-01-04,62262.8489003033
2022-01-05,60123.5904154361
2022-01-06,60486.45751421033
2022-01-07,58685.22075120984
2022-01-10,58189.28549132989
2022-01-11,58868.20607391045
2022-01-12,59270.637596279834
2022-01-13,58451.43233886406
2022-01-14,59507.075669705126
2022-01-18,57193.6856359832
2022-01-19,56251.835565335015
2022-01-20,56019.13942458794
2022-01-21,55101.532151333544
2022-01-24,55347.321375653
2022-01-25,55814.32193488762
2022-01-26,55713.94657249138
2022-01-27,55734.870259472584
2022-01-28,56170.939484129165
2022-01-31,56338.861218214246
2022-02-01,57255.00507807753
2022-02-02,57825.87750506422
2022-02-03,57892.285534620496
2022-02-04,57997.63719058058
2022-02-07,57980.555235624524
2022-02-08,57454.83491604554
2022-02-09,57869.94296917664
2022-02-10,57445.62768444764
2022-02-11,58319.84186213159
2022-02-14,57253.7306560769
2022-02-15,57331.99350397729
2022-02-16,57603.68389361047
2022-02-17,57170.841584401765
2022-02-18,56722.53896446768
2022-02-22,56019.0918132836
2022-02-23,56466.31968803946
2022-02-24,56661.34276123587
2022-02-25,58360.977829169526
2022-02-28,59450.29130191733
2022-03-01,59523.463642310395
2022-03-02,60660.1861229459
2022-03-03,61225.918640188334
2022-03-04,62448.702915243266
2022-03-07,61949.70259840189
2022-03-08,62121.86796362101
2022-03-09,61924.8808115214
2022-03-10,63039.251783201085
2022-03-11,62647.9388483256
2022-03-14,62014.43182523409
2022-03-15,61660.95037610689
2022-03-16,61625.32205922762
2022-03-17,62857.35645635286
2022-03-18,62961.54088933626
2022-03-21,63571.84116758028
2022-03-22,63602.67641462007
2022-03-23,63980.457367073686
2022-03-24,64386.35573972383
2022-03-25,65811.32761198409
2022-03-28,64816.35375028975
2022-03-29,65023.405183852985
2022-03-30,65369.60959440596
2022-03-31,65110.15618817961
2022-04-01,65605.73681943571
2022-04-04,65553.68811719572
2022-04-05,65113.83958738005
2022-04-06,65415.824790169354
2022-04-07,66026.96936338102
2022-04-08,67024.45619886076
2022-04-11,65374.0353881613
2022-04-12,66012.24052350676
2022-04-13,66982.697501351
2022-04-14,67378.07373731291
2022-04-18,67832.57581632292
2022-04-19,67627.36627058036
2022-04-20,68125.54800085074
2022-04-21,66568.09594205863
2022-04-22,65150.615185048926
2022-04-25,63970.79985072886
2022-04-26,63861.90834079681
2022-04-27,63783.43893403608
2022-04-28,64129.60559053022
2022-04-29,63626.225742049995
2022-05-02,63507.37382478315
2022-05-03,63846.55515641767
2022-05-04,64332.90260667402
2022-05-05,64047.16908616621
2022-05-06,64287.89821977216
2022-05-09,63404.293361373726
2022-05-10,63069.3591715497
2022-05-11,63014.64254455438
2022-05-12,62789.755383299496
2022-05-13,62695.52132471324
2022-05-16,62737.71065576793
2022-05-17,62800.34700830699
2022-05-18,62653.331993658554
2022-05-19,62635.47005518199
2022-05-20,62679.30294092418
2022-05-23,62735.35994776012
2022-05-24,62749.10897119762
2022-05-25,62804.10872705699
2022-05-26,62838.65853174449
2022-05-27,62821.50081690074
2022-05-31,62753.24495752574
2022-06-01,62676.98555811168
2022-06-02,62634.26668604137
2022-06-03,62416.34377167796
2022-06-06,62416.34377167796
2022-06-07,62416.34377167796
2022-06-08,62416.34377167796
2022-06-09,62416.34377167796
2022-06-10,62416.34377167796
2022-06-13,62416.34377167796
2022-06-14,62416.34377167796
2022-06-15,62416.34377167796
2022-06-16,62416.34377167796
2022-06-17,62416.34377167796
2022-06-21,62416.34377167796
2022-06-22,62416.34377167796
2022-06-23,62416.34377167796
2022-06-24,62416.34377167796
2022-06-27,62416.34377167796
2022-06-28,62416.34377167796
2022-06-29,62416.34377167796
2022-06-30,62416.34377167796
2022-07-01,62416.34377167796
2022-07-05,62416.34377167796
2022-07-06,62416.34377167796
2022-07-07,62416.34377167796
2022-07-08,62416.34377167796
2022-07-11,62416.34377167796
2022-07-12,62416.34377167796
2022-07-13,62416.34377167796
2022-07-14,62416.34377167796
2022-07-15,62416.34377167796
2022-07-18,62416.34377167796
2022-07-19,62416.34377167796
2022-07-20,62416.34377167796
2022-07-21,62416.34377167796
2022-07-22,62416.34377167796
2022-07-25,62416.34377167796
2022-07-26,62416.34377167796
2022-07-27,62416.34377167796
2022-07-28,62416.34377167796
2022-07-29,62416.34377167796
2022-08-01,62416.34377167796
2022-08-02,62416.34377167796
2022-08-03,62416.34377167796
2022-08-04,62416.34377167796
2022-08-05,62416.34377167796
2022-08-08,62416.34377167796
2022-08-09,62416.34377167796
2022-08-10,62416.34377167796
2022-08-11,62416.34377167796
2022-08-12,62416.34377167796
2022-08-15,62416.34377167796
2022-08-16,62416.34377167796
2022-08-17,62416.34377167796
2022-08-18,62416.34377167796
2022-08-19,62416.34377167796
2022-08-22,62416.34377167796
2022-08-23,62416.34377167796
2022-08-24,62416.34377167796
2022-08-25,62416.34377167796
2022-08-26,62416.34377167796
2022-08-29,62416.34377167796
2022-08-30,62416.34377167796
2022-08-31,62416.34377167796
2022-09-01,62416.34377167796
2022-09-02,62416.34377167796
2022-09-06,62416.34377167796
2022-09-07,62416.34377167796
2022-09-08,62416.34377167796
2022-09-09,62416.34377167796
2022-09-12,62416.34377167796
2022-09-13,62416.34377167796
2022-09-14,62416.34377167796
2022-09-15,62416.34377167796
2022-09-16,62416.34377167796
2022-09-19,62416.34377167796
2022-09-20,62416.34377167796
2022-09-21,62416.34377167796
2022-09-22,62416.34377167796
2022-09-23,62416.34377167796
2022-09-26,62416.34377167796
2022-09-27,62416.34377167796
2022-09-28,62416.34377167796
2022-09-29,62416.34377167796
2022-09-30,62416.34377167796
2022-10-03,62416.34377167796
2022-10-04,62416.34377167796
2022-10-05,62416.34377167796
2022-10-06,62416.34377167796
2022-10-07,62416.34377167796
2022-10-10,62416.34377167796
2022-10-11,62416.34377167796
2022-10-12,62416.34377167796
2022-10-13,62416.34377167796
2022-10-14,62416.34377167796
2022-10-17,62416.34377167796
2022-10-18,62416.34377167796
2022-10-19,62416.34377167796
2022-10-20,62416.34377167796
2022-10-21,62416.34377167796
2022-10-24,62416.34377167796
2022-10-25,62416.34377167796
2022-10-26,62416.34377167796
2022-10-27,62416.34377167796
2022-10-28,62416.34377167796
2022-10-31,62416.34377167796
2022-11-01,62416.34377167796
2022-11-02,62416.34377167796
2022-11-03,62416.34377167796
2022-11-04,62416.34377167796
2022-11-07,62416.34377167796
2022-11-08,62416.34377167796
2022-11-09,62416.34377167796
2022-11-10,62416.34377167796
2022-11-11,62416.34377167796
2022-11-14,62416.34377167796
2022-11-15,62416.34377167796
2022-11-16,62416.34377167796
2022-11-17,62416.34377167796
2022-11-18,62416.34377167796
2022-11-21,62416.34377167796
2022-11-22,62416.34377167796
2022-11-23,62416.34377167796
2022-11-25,62416.34377167796
2022-11-28,62416.34377167796
2022-11-29,62416.34377167796
2022-11-30,62416.34377167796
2022-12-01,62339.263771677965
2022-12-02,62657.84989503001
2022-12-05,60962.99928143596
2022-12-06,60620.090350657454
2022-12-07,60299.91921475505
2022-12-08,60934.25330975627
2022-12-09,60214.46037819957
2022-12-12,61224.997396021834
2022-12-13,61490.64825490092
2022-12-14,60969.26950409984
2022-12-15,59175.58161213969
2022-12-16,58506.29396065393
2022-12-19,58181.24898859659
2022-12-20,58862.37174366633
2022-12-21,59569.0590033404
2022-12-22,59002.61469410578
2022-12-23,59135.0116033946
2022-12-27,59066.29843432929
2022-12-28,58988.598067355415
2022-12-29,59042.24823672797
2022-12-30,58988.598067355415
2023-01-03,58746.24781329658
2023-01-04,58685.198180270454
2023-01-05,58703.13823672797
2023-01-06,58703.13823672797
2023-01-09,58703.13823672797
2023-01-10,58703.13823672797
2023-01-11,58703.13823672797
2023-01-12,58674.18823672797
2023-01-13,58904.92164264228
2023-01-17,58759.64896979835
2023-01-18,58750.17573974158
2023-01-19,58462.294439769044
2023-01-20,58682.599023318544
2023-01-23,58720.0848170426
2023-01-24,58678.285437312385
2023-01-25,59210.452025141974
2023-01-26,59979.283963885566
2023-01-27,59777.46502372291
2023-01-30,59381.295266833564
2023-01-31,60320.36738559272
2023-02-01,60745.93363734748
2023-02-02,60169.775302615424
2023-02-03,60319.98879786994
2023-02-06,59965.82054487124
2023-02-07,60207.869579943566
2023-02-08,60317.37121162452
2023-02-09,59469.95628704517
2023-02-10,60908.13493313282
2023-02-13,61624.126278538395
2023-02-14,61844.332341808964
2023-02-15,62207.8546453902
2023-02-16,61862.10485519855
2023-02-17,61006.162727017094
2023-02-21,60489.32086910694
2023-02-22,59942.54894318073
2023-02-23,60068.13112314855
2023-02-24,60529.489035962695
2023-02-27,60554.66425454485
2023-02-28,60533.59052884447
2023-03-01,60799.36199777441
2023-03-02,61463.7133971961
2023-03-03,61953.30358908686
2023-03-06,61265.81545947108
2023-03-07,61028.415688734385
2023-03-08,61162.65898375544
2023-03-09,60135.12273840937
2023-03-10,58903.28113513026
2023-03-13,57097.06643492732
2023-03-14,57935.07954998241
2023-03-15,57214.46410289989
2023-03-16,58641.40089431987
2023-03-17,57718.08187023387
2023-03-20,58613.53556076274
2023-03-21,59263.33882538066
2023-03-22,58037.97276798473
2023-03-23,58874.10332012401
2023-03-24,59054.884442331655
2023-03-27,59669.432906153066
2023-03-28,59113.60822391735
2023-03-29,60221.573393823965
2023-03-30,60421.03529072033
2023-03-31,61698.43011951671
2023-04-03,61939.46188163982
2023-04-04,60679.15213261006
2023-04-05,59118.39550320028
2023-04-06,59136.253009914144
2023-04-10,60130.128330348714
2023-04-11,59899.12230503438
2023-04-12,59655.450943111166
2023-04-13,60006.21802740032
2023-04-14,59943.93213872844
2023-04-17,59713.47936155254
2023-04-18,59979.5286828416
2023-04-19,59258.35521520549
2023-04-20,59372.97853323775
2023-04-21,59494.37315634567
2023-04-24,59351.87632063705
2023-04-25,58549.77777678329
2023-04-26,57649.196953724204
2023-04-27,58075.034409473716
2023-04-28,58176.210555027305
2023-05-01,58211.033916614826
2023-05-02,58169.74310889083
2023-05-03,57637.224220417316
2023-05-04,57126.14063086348
2023-05-05,58130.46364990562
2023-05-08,58148.317508853375
2023-05-09,57912.32094594876
2023-05-10,58087.30233603112
2023-05-11,58251.596733385246
2023-05-12,57779.97816877953
2023-05-15,57619.27456890174
2023-05-16,56649.22381053992
2023-05-17,57237.76395828414
2023-05-18,58083.178727456805
2023-05-19,57981.64732464357
2023-05-22,57762.70076092287
2023-05-23,56417.880620084245
2023-05-24,55939.34716151685
2023-05-25,56504.77710269422
2023-05-26,56979.47744296522
2023-05-30,56661.96227191419
2023-05-31,56512.67630218
2023-06-01,57176.64955066175
2023-06-02,58288.25734351606
2023-06-05,58153.26987479658
2023-06-06,59256.61345027418
2023-06-07,59030.85733912916
2023-06-08,59284.28325770826
2023-06-09,59676.32065604658
2023-06-12,59682.69705317945
2023-06-13,60256.18021796674
2023-06-14,59888.5769712779
2023-06-15,60119.412518725105
2023-06-16,60026.26694362134
2023-06-20,59882.038970637026
2023-06-21,60075.70678298444
2023-06-22,60158.63185088605
2023-06-23,59815.7114382121
2023-06-26,59753.69789889783
2023-06-27,60282.89367774457
2023-06-28,60629.64062221021
2023-06-29,61018.18316752881
2023-06-30,61646.77924067945
2023-07-03,60238.58969600171
2023-07-05,59979.14931575269
2023-07-06,58752.92592326612
2023-07-07,58796.75630809278
2023-07-10,59596.640020861334
2023-07-11,60110.599365725226
2023-07-12,60883.73773055771
2023-07-13,61893.011133496555
2023-07-14,61850.69182998398
2023-07-17,62681.0245464299
2023-07-18,63382.78121452072
2023-07-19,62887.41502296188
2023-07-20,61705.7679587529
2023-07-21,61592.51945411423
2023-07-24,61511.04354202011
2023-07-25,62171.125331036834
2023-07-26,62058.67986976364
2023-07-27,62784.844288937835
2023-07-28,63428.24917518356
2023-07-31,63709.738764874724
2023-08-01,63319.00827895859
2023-08-02,62356.20767318466
2023-08-03,61787.249118954926
2023-08-04,62020.842659146576
2023-08-07,62613.532755048065
2023-08-08,62192.179601819305
2023-08-09,61225.8644934819
2023-08-10,60826.9676974334
2023-08-11,60641.6902163543
2023-08-14,61137.199329666066
2023-08-15,61187.00948934929
2023-08-16,60399.25300245659
2023-08-17,58365.348303765895
2023-08-18,58435.98530998697
2023-08-21,58258.535824208164
2023-08-22,58169.746691136264
2023-08-23,58820.88120117655
2023-08-24,58066.0045913743
2023-08-25,58159.71456918373
2023-08-28,58999.288786980054
2023-08-29,59681.765433403394
2023-08-30,59900.80272683754
2023-08-31,59897.300114723585
2023-09-01,60247.678188415906
2023-09-05,58538.00825032844
2023-09-06,58210.63643586769
2023-09-07,58032.63566369667
2023-09-08,57693.06114453926
2023-09-11,57731.39388150825
2023-09-12,57337.05568741735
2023-09-13,56871.677676373685
2023-09-14,57295.23763414499
2023-09-15,56218.7412466633
2023-09-18,56015.15351148722
2023-09-19,55751.87936628458
2023-09-20,55435.60090101358
2023-09-21,54158.61669767496
2023-09-22,54043.15433195817
2023-09-25,54933.52257422196
2023-09-26,54171.97002485978
2023-09-27,54980.41992644059
2023-09-28,54862.10497879495
2023-09-29,54185.19494080057
2023-10-02,53310.494205708404
2023-10-03,52786.27748512735
2023-10-04,53320.343621894084
2023-10-05,53328.45011443253
2023-10-06,54062.42098679496
2023-10-09,55101.592690133584
2023-10-10,55843.84169259025
2023-10-11,56332.81879486991
2023-10-12,55271.039271020425
2023-10-13,54667.65143026635
2023-10-16,55557.14567465112
2023-10-17,56102.615445082636
2023-10-18,55003.68944830224
2023-10-19,53773.91352934167
2023-10-20,52984.0132539402
2023-10-23,52740.55359603402
2023-10-24,53466.811479182215
2023-10-25,52285.55449637887
2023-10-26,51035.38170264718
2023-10-27,50959.03343587783
2023-10-30,51478.2962437239
2023-10-31,51405.25953298476
2023-11-01,51962.88392941054
2023-11-02,52811.85605923232
2023-11-03,53223.434285779564
2023-11-06,53447.582484860985
2023-11-07,53262.20161404189
2023-11-08,52850.00103153762
2023-11-09,52420.73930897292
2023-11-10,53309.13166775283
2023-11-13,53636.48516811904
2023-11-14,55308.56791081008
2023-11-15,54684.02846020278
2023-11-16,54023.04047840652
2023-11-17,54782.263673978414
2023-11-20,55009.292814450826
2023-11-21,55051.41485043105
2023-11-22,55248.98781033095
2023-11-24,55568.57397480544
2023-11-27,55724.974106031026
2023-11-28,55433.7434598976
2023-11-29,55701.047571839896
2023-11-30,56107.55473648108
2023-12-01,57015.38395057715
2023-12-04,57096.69017112769
2023-12-05,56610.416613464724
2023-12-06,55956.35163963355
2023-12-07,56495.058511094925
2023-12-08,57094.479357088385
2023-12-11,57840.77774080115
2023-12-12,58274.88980203464
2023-12-13,58250.810021456025
2023-12-14,58336.15223985507
2023-12-15,58334.48757081821
2023-12-18,58485.86081224277
2023-12-19,59734.148304994844
2023-12-20,58872.44851785495
2023-12-21,59704.55976014926
2023-12-22,59767.22992044284
2023-12-26,59903.347188051484
2023-12-27,60109.41028123691
2023-12-28,59920.644019182466
2023-12-29,59476.631381090425
2024-01-02,58695.01158310023
2024-01-03,57753.46653534022
2024-01-04,58666.94654342737
2024-01-05,58218.91465446558
2024-01-08,59946.50560257044
2024-01-09,59831.98637649622
2024-01-10,59819.02101776209
2024-01-11,59192.13057586756
2024-01-12,58640.95288253871
2024-01-16,58199.499375592146
2024-01-17,58421.35411764232
2024-01-18,59233.141428719435
2024-01-19,60079.9560729324
2024-01-22,60797.85709581424
2024-01-23,60529.60174903918
2024-01-24,60360.08379707385
2024-01-25,60172.70161829043
2024-01-26,60396.51733932544
2024-01-29,61166.6455431943
2024-01-30,61408.89435253192
2024-01-31,59855.9954143529
2024-02-01,60577.17416732837
2024-02-02,60984.53618448306
2024-02-05,60307.56335371066
2024-02-06,60014.98369345812
2024-02-07,61552.196567870655
2024-02-08,62246.466428138294
2024-02-09,63399.24872622637
2024-02-12,63219.609266139545
2024-02-13,62581.01893887667
2024-02-14,63630.48212943224
2024-02-15,63601.025115825214
2024-02-16,63718.500460006275
2024-02-20,62278.82501492647
2024-02-21,61364.23247466234
2024-02-22,63723.874532081165
2024-02-23,63894.55895937425
2024-02-26,64728.02867401582
2024-02-27,65267.37357033235
2024-02-28,65824.45295036775
2024-02-29,67024.43059051973
2024-03-01,69836.21934628148
2024-03-04,70112.86740107604
2024-03-05,69402.64611811706
2024-03-06,70091.91124720642
2024-03-07,70076.0290183551
2024-03-08,68771.06568660637
2024-03-11,67366.05273570915
2024-03-12,68192.81682643792
2024-03-13,68395.2253385534
2024-03-14,68162.59128246209
2024-03-15,68106.45571956536
2024-03-18,68548.00996456048
2024-03-19,68324.28814372918
2024-03-20,69133.41704616448
2024-03-21,69871.99749812981
2024-03-22,69789.63726100823
2024-03-25,69025.46729717156
2024-03-26,69422.15234813592
2024-03-27,68967.16433803459
2024-03-28,69184.53799907585
2024-04-01,69761.06266872307
2024-04-02,69535.6796731176
2024-04-03,70544.58721248528
2024-04-04,69123.87550823113
2024-04-05,70003.78937892815
2024-04-08,69572.38266734978
2024-04-09,68748.20495433708
2024-04-10,68753.77486247917
2024-04-11,68998.57531580882
2024-04-12,67571.40091166453
2024-04-15,66560.72400126414
2024-04-16,67016.44815708899
2024-04-17,66224.00138737464
2024-04-18,65622.8498694303
2024-04-19,64729.50539994428
2024-04-22,65360.07379365156
2024-04-23,66677.03193879315
2024-04-24,67010.88587022015
2024-04-25,67831.80613541791
2024-04-26,68624.46590638348
2024-04-29,68848.22828126141
2024-04-30,68036.09480118939
2024-05-01,67600.54742865669
2024-05-02,68364.12234076607
2024-05-03,69313.41719489204
2024-05-06,70742.26751380073
2024-05-07,70793.03187232124
2024-05-08,71019.25107627021
2024-05-09,71185.77827506172
2024-05-10,70952.64349417793
2024-05-13,70145.42821235517
2024-05-14,71193.16892356733
2024-05-15,72424.5598690019
2024-05-16,71289.37628288129
2024-05-17,71680.06528953658
2024-05-20,71798.21625618087
2024-05-21,72033.7103434001
2024-05-22,70977.56002906905
2024-05-23,70955.18069691249
2024-05-24,72084.76643880774
2024-05-28,71878.41495641638
2024-05-29,71578.60575994421
2024-05-30,71251.34626623084
2024-05-31,69452.21079107215
2024-06-03,68560.53624815168
2024-06-04,67423.86257261457
2024-06-05,68421.00970104155
2024-06-06,66843.92683055815
2024-06-07,66208.63036353611
2024-06-10,66023.94753618586
2024-06-11,65312.98843392245
2024-06-12,66157.71392449252
2024-06-13,66307.3925171744
2024-06-14,65785.52127846591
2024-06-17,66383.00871285312
2024-06-18,66805.61485878818
2024-06-20,65857.67060738437
2024-06-21,65654.78127556674
2024-06-24,65700.2837017142
2024-06-25,66356.97154885165
2024-06-26,65636.32740479342
2024-06-27,65512.4083564841
2024-06-28,66329.587760813
2024-07-01,67079.44521342526
2024-07-02,66092.87507258664
2024-07-03,66336.2544355322
2024-07-05,65726.11566066038
2024-07-08,66770.68896769773
2024-07-09,66105.447936051
2024-07-10,65575.9680280615
2024-07-11,65738.20577281248
2024-07-12,65751.48203318845
2024-07-15,67071.85025523436
2024-07-16,68209.18322871458
2024-07-17,64955.97744197141
2024-07-18,64173.042847026736
2024-07-19,63910.23267628089
2024-07-22,65223.69609150306
2024-07-23,66248.57089634314
2024-07-24,65179.82258381262
2024-07-25,63996.6870322837
2024-07-26,64916.901355251226
2024-07-29,64461.76653034583
2024-07-30,65451.09578068152
2024-07-31,65932.49324528113
2024-08-01,65457.904444850836
2024-08-02,63110.533227123175
2024-08-05,61491.99989646669
2024-08-06,62317.27148224313
2024-08-07,61668.96030403573
2024-08-08,62836.21312881906
2024-08-09,63342.34809090097
2024-08-12,63212.292659535
2024-08-13,62934.58084083993
2024-08-14,62987.37930134027
2024-08-15,63572.120950967954
2024-08-16,63812.304767877744
2024-08-19,64625.81189312336
2024-08-20,63982.5125919759
2024-08-21,64617.66607632038
2024-08-22,64577.258693355296
2024-08-23,65796.85896458027
2024-08-26,65924.18946232197
2024-08-27,65869.18095745442
2024-08-28,65879.96283687947
2024-08-29,66055.12370075581
2024-08-30,66225.58324016926
2024-09-03,64321.93325390217
2024-09-04,64247.28512756307
2024-09-05,64350.92104522664
2024-09-06,63826.55130777845
2024-09-09,64995.409210305304
2024-09-10,64502.5387517024
2024-09-11,64558.26434090171
2024-09-12,65846.19794609581
2024-09-13,66555.83254959618
2024-09-16,67112.15713455711
2024-09-17,67159.3309188131
2024-09-18,67366.28706696068
2024-09-19,67945.39331009422
2024-09-20,68482.67852547203
2024-09-23,68751.60900360618
2024-09-24,68957.17858559165
2024-09-25,68652.37212616477
2024-09-26,68007.51158577476
2024-09-27,68045.56395203147
2024-09-30,68998.8831086782
2024-10-01,68634.80727058921
2024-10-02,68500.50012451682
2024-10-03,68605.98783356223
2024-10-04,69302.26309258018
2024-10-07,69133.0691570333
2024-10-08,69647.77038040671
2024-10-09,69560.37381361576
2024-10-10,68776.9911517963
2024-10-11,69788.22418272587
2024-10-14,70217.37482702824
2024-10-15,70839.76846754643
2024-10-16,71305.6009489307
2024-10-17,71206.84672796818
2024-10-18,71539.33886587711
2024-10-21,71712.37227308842
2024-10-22,71320.71131956669
2024-10-23,71186.8685384998
2024-10-24,70372.57572615238
2024-10-25,70055.96987654301
2024-10-28,70260.86863257023
2024-10-29,70427.11543585392
2024-10-30,70514.06593039026
2024-10-31,69338.15005437033
2024-11-01,70136.96771374838
2024-11-04,70261.13386688517
2024-11-05,71954.66384277628
2024-11-06,74709.42843399332
2024-11-07,74278.31313202996
2024-11-08,75373.5185763659
2024-11-11,75953.71293900628
2024-11-12,74922.5241496386
2024-11-13,73123.9785134997
2024-11-14,71969.71105317253
2024-11-15,71082.67361374992
2024-11-18,71217.1624824633
2024-11-19,72632.53572007317
2024-11-20,71355.29615677512
2024-11-21,72505.8658055178
2024-11-22,73939.44467819846
2024-11-25,74379.20683182395
2024-11-26,74443.14649739284
2024-11-27,74081.14721837062
2024-11-29,74115.31772238037
2024-12-02,74390.0341017749
2024-12-03,74466.54030065796
2024-12-04,74729.86009435913
2024-12-05,74359.79461889526
2024-12-06,74511.17345648071
2024-12-09,72149.82834844849
2024-12-10,71863.10048986695
2024-12-11,72534.37655569336
2024-12-12,71868.00446630738
2024-12-13,71384.46429373047
2024-12-16,71522.09080816529
2024-12-17,71044.38244650146
2024-12-18,68676.68403948956
2024-12-19,67486.28951098229
2024-12-20,68267.71629656578
2024-12-23,67868.87573946739
2024-12-24,69299.00027788902
2024-12-26,69745.8009485128
2024-12-27,68354.71461428428
2024-12-30,67281.72610033775
2024-12-31,66236.35521990563
2025-01-02,66173.68769747521
2025-01-03,67371.61093920494
2025-01-06,67150.79735964561
2025-01-07,65581.54335802818
2025-01-08,65533.272890804066
2025-01-10,64380.38630556847
2025-01-13,63953.805696085576
2025-01-14,64536.47875509132
2025-01-15,65306.575126703385
2025-01-16,65682.24740796865
2025-01-17,66127.44590574087
2025-01-21,67889.02945333303
2025-01-22,67788.7047174
2025-01-23,68325.16333747141
2025-01-24,68056.10704207652
2025-01-27,67388.48053717845
2025-01-28,68434.5034120106
2025-01-29,69272.83722853892
2025-01-30,70293.1674933552
2025-01-31,69204.96000624888
2025-02-03,68425.18514014475
2025-02-04,68413.39861441843
2025-02-05,68813.79633490794
2025-02-06,68989.52799384348
2025-02-07,68068.91580657236
2025-02-10,67433.08278350107
2025-02-11,66733.7812698292
2025-02-12,66254.46276992075
2025-02-13,66312.86032088511
2025-02-14,67462.8482015919
2025-02-18,67935.52110656016
2025-02-19,67839.93233182291
2025-02-20,66620.5510719047
2025-02-21,63391.88454892497
2025-02-24,63489.57164186834
2025-02-25,62570.973443320974
2025-02-26,61946.32254946111
2025-02-27,61738.438851951345
2025-02-28,62709.766740440115
2025-03-03,61925.4585815656
2025-03-04,59838.93142092107
2025-03-05,60302.678136506096
2025-03-06,58586.63246415141
2025-03-07,58313.53981110576
2025-03-10,57259.78230126384
2025-03-11,56740.4639323521
2025-03-12,56814.07956833842
2025-03-13,56101.89431284717
2025-03-14,56996.31020830921
2025-03-17,57624.25451945118
2025-03-18,57307.877537359425
2025-03-19,57434.926807321186
2025-03-20,57408.0441250619
2025-03-21,57285.405636292366
2025-03-24,57799.45840499964
2025-03-25,57664.87861129847
2025-03-26,57628.784026947884
2025-03-27,57508.28307327357
2025-03-28,57143.32358774291
2025-03-31,56871.884979344475
2025-04-01,56540.729394206566
2025-04-02,56622.845182475605
2025-04-03,56116.05915265993
2025-04-04,54295.878354147746
2025-04-07,53445.50872339732
2025-04-08,53599.055349488204
2025-04-09,53775.90684332365
2025-04-10,53708.32761206145
2025-04-11,53782.817793030685
2025-04-14,54019.80489935393
2025-04-15,54043.70397009367
2025-04-16,54084.12519594806
2025-04-17,54084.12519594806
2025-04-21,54084.12519594806
2025-04-22,54084.12519594806
2025-04-23,54084.12519594806
2025-04-24,54084.12519594806
2025-04-25,54084.12519594806
2025-04-28,54084.12519594806
2025-04-29,54084.12519594806
2025-04-30,54084.12519594806
2025-05-01,54084.12519594806
2025-05-02,54084.12519594806
2025-05-05,54084.12519594806
2025-05-06,54084.12519594806
2025-05-07,54084.12519594806
2025-05-08,54084.12519594806
2025-05-09,54084.12519594806
2025-05-12,54084.12519594806
2025-05-13,54043.86519594805
2025-05-14,53864.94347933428
2025-05-15,54266.26886385577
2025-05-16,54874.018474756645
2025-05-19,55273.88764971392
2025-05-20,55374.87075823443
2025-05-21,54683.61037462847
2025-05-22,54486.73623293536
2025-05-23,55046.773872553276
2025-05-27,55982.10493868487
2025-05-28,55436.479763208794
2025-05-29,55164.479217707085
2025-05-30,55857.981044947075
2025-06-02,56358.57131212847
2025-06-03,55923.39840716021
2025-06-04,55547.456531702446
2025-06-05,55425.23429127247
2025-06-06,55919.532647290536
2025-06-09,55608.58956257374
2025-06-10,54833.286326518915
2025-06-11,55832.73031913366
2025-06-12,56609.574969402216
2025-06-13,56254.01910316076
2025-06-16,57174.40642036047
2025-06-17,56894.111605296996
2025-06-18,56607.4138316689
2025-06-20,56649.48220248799
2025-06-23,56821.940383918525
2025-06-24,57588.62047196174
2025-06-25,57011.69810486579
2025-06-26,58472.55661392951
2025-06-27,58948.46892548347
2025-06-30,60492.56879425788
2025-07-01,58786.089576728584
2025-07-02,59614.59162903571
2025-07-03,60662.62379746222
2025-07-07,60570.215949104066
2025-07-08,59243.543616340394
2025-07-09,59216.43416504645
2025-07-10,58514.78405289435
2025-07-11,57876.29588227057
2025-07-14,58742.99686951422
2025-07-15,58170.60092301154
2025-07-16,58823.89503327155
2025-07-17,59136.97268143439
2025-07-18,59105.31783648348
2025-07-21,58850.19189043856
2025-07-22,57947.41609164095
2025-07-23,58779.20214601554
2025-07-24,58429.66808839835
2025-07-25,58826.72059007682
2025-07-28,58430.050599537266
2025-07-29,58199.5640806774
2025-07-30,58947.75879808463
2025-07-31,58597.719239673985
2025-08-01,57761.85681291617
2025-08-04,58805.62506242789
2025-08-05,58701.52002324646
2025-08-06,58529.553085227664
2025-08-07,58681.84894799696
2025-08-08,59217.26585000502
2025-08-11,59445.33389657484
2025-08-12,60699.14442819105
2025-08-13,60939.525562224255
2025-08-14,60508.410312590466
2025-08-15,59998.71512216078
2025-08-18,59930.53427499281
2025-08-19,58822.69430581181
2025-08-20,58789.636929829256
2025-08-21,58786.49751027359
2025-08-22,59568.91285451187
2025-08-25,59998.737698872224
2025-08-26,60223.05279037773
2025-08-27,60944.4409510833
2025-08-28,61469.29449722588
2025-08-29,60151.98689529717
2025-09-02,59565.001666110154
2025-09-03,59144.5246229583
2025-09-04,59745.59281067192
2025-09-05,59362.48213571069
2025-09-08,59526.58719552514
2025-09-09,60065.6006461477
2025-09-10,60555.56550897119
2025-09-11,61949.68146813867
2025-09-12,61473.06264794824
2025-09-15,62596.46004022119
2025-09-16,62529.32278359887
2025-09-17,62735.22990716455
2025-09-18,63526.035449156734
2025-09-19,63524.84830010888
2025-09-22,63923.35406030175
2025-09-23,64043.052760252926
2025-09-24,63125.09349359033
2025-09-25,63194.28609765527
2025-09-26,63868.90178216455
2025-09-29,63964.43944848535
2025-09-30,65012.124145320005
2025-10-01,65854.30808239276
2025-10-02,65961.3554647475
2025-10-03,66036.1972501784
2025-10-06,66587.34051494891
2025-10-07,65899.9764173537
2025-10-08,67499.3841932326
2025-10-09,66275.03843068064
2025-10-10,64129.61542919132
2025-10-13,67144.29362065461
2025-10-14,67266.89880711702
2025-10-15,66342.49316746858
2025-10-16,65831.46467168
2025-10-17,64586.50998799668
2025-10-20,65360.38186757432
2025-10-21,64049.54886220323
2025-10-22,62663.58816975938
2025-10-23,64253.16048451768
2025-10-24,66156.1386915328
2025-10-27,66167.81475852402
2025-10-28,66106.10704062851
2025-10-29,67205.9767649022
2025-10-30,66848.45616553696
2025-10-31,67039.25988306904
2025-11-03,67004.17653193379
2025-11-04,65826.18034663105
2025-11-05,65377.80384364033
2025-11-06,64208.57385935688
2025-11-07,64075.31563837909
2025-11-10,64975.813171643254
2025-11-11,64655.386802929876
2025-11-12,65107.18093897724
2025-11-13,63332.38358310216
2025-11-14,63162.65704579036
2025-11-17,62671.890726515456
2025-11-18,62148.725211073564
2025-11-19,62521.661501051596
2025-11-20,60432.18938267391
2025-11-21,61109.422468306235
2025-11-24,63544.268491865805
2025-11-25,64140.38671696346
2025-11-26,64704.66224491756
2025-11-28,65343.408308149985
2025-12-01,64615.3661519305
2025-12-02,64487.96554386776
2025-12-03,64369.24513065975
2025-12-04,65012.740060927084
2025-12-05,65319.3180257098
2025-12-08,66085.3312956746
2025-12-09,66359.87129927606
2025-12-10,67129.04152823419
2025-12-11,68333.9120087716
2025-12-12,66190.37440306634
2025-12-15,66265.7266466138
2025-12-16,65792.05734748812
2025-12-17,64647.0140087125
2025-12-18,65631.62734363531
2025-12-19,67066.23500011419
2025-12-22,67385.01220939611
2025-12-23,67398.21893547033
2025-12-24,67496.32607791875
2025-12-26,67554.15992019628
2025-12-29,67072.56292388891
2025-12-30,66807.06577442144
2025-12-31,66027.98055313085
2026-01-02,67166.7020779195
2026-01-05,68136.50101094868
2026-01-06,71350.92697435047
2026-01-07,70286.64184766437
2026-01-08,68997.19676881458
2026-01-09,70718.28312291767
2026-01-12,72830.71504964496
2026-01-13,72392.79864492084
2026-01-14,71456.71348561908
2026-01-15,73024.91855229999
2026-01-16,73756.41269292499
2026-01-20,73369.00976171161
2026-01-21,75194.9887045827
2026-01-22,76317.99629583026
2026-01-23,75929.00997914936
2026-01-26,75767.52533330585
2026-01-27,75986.8608601773
2026-01-28,77441.99441463592
2026-01-29,77376.93213398101
2026-01-30,75438.02127964141
2026-02-02,77390.86297351959
2026-02-03,77546.86717167022
2026-02-04,75559.60418769425
2026-02-05,73530.2929999501
2026-02-06,76071.0001386712
2026-02-09,76809.48588314751
2026-02-10,75661.85614910821
2026-02-11,76757.3966077874
2026-02-12,76109.09546986321
2026-02-13,75967.71250293098
2026-02-17,75625.73590075813
2026-02-18,76534.9227293714
2026-02-19,76790.50619494758
2026-02-20,78039.14926135383
2026-02-23,77506.34403979621
2026-02-24,78038.56944262824
2026-02-25,79598.0269469007
2026-02-26,78549.59996020637
2026-02-27,77551.9958342298
2026-03-02,78672.2627311929
2026-03-03,75722.12166993998
2026-03-04,76264.91952385509
2026-03-05,73169.67769493663
2026-03-06,71031.23756279552
2026-03-09,71641.13853549573
2026-03-10,71782.80126666639
2026-03-11,71715.39881205297
2026-03-12,70979.6818397019
2026-03-13,71646.03655207373
2026-03-16,72288.07873881079
2026-03-17,72553.86504328466
2026-03-18,73070.15049326635
2026-03-19,73829.46647608496
2026-03-20,71606.98995173193
2026-03-23,72573.66207002659
2026-03-24,74076.7761752512
2026-03-25,74507.21531175633
2026-03-26,72920.06163944198
2026-03-27,73362.24781192733
2026-03-30,71674.62548984481
2026-03-31,72330.08897796634
2026-04-01,72654.56262603763
2026-04-02,73589.71872344974
2026-04-06,73295.00363555911
2026-04-07,73765.60744995231
2026-04-08,74095.96677917594
2026-04-09,73735.7348303234
2026-04-10,73877.26478332633
2026-04-13,73717.82349914665
2026-04-14,73065.83134216422
2026-04-15,73233.42234558219
2026-04-16,73842.44575256461
2026-04-17,73525.84579223747
2026-04-20,73457.34257263297
2026-04-21,73701.4971752941
2026-04-22,73393.41989105337
2026-04-23,73583.74767791861
2026-04-24,73300.86048233145
2026-04-27,74041.52971237295
2026-04-28,72511.21515426748
2026-04-29,71912.53366623037
2026-04-30,74056.90959495291
2026-05-01,73708.44026511893
2026-05-04,73416.19934409842
2026-05-05,74741.90938132987
2026-05-06,76398.38788932547
2026-05-07,74389.78184455619
2026-05-08,75594.600886762
2026-05-11,76339.98531691683
2026-05-12,75209.97781706942
2026-05-13,75898.8224253763
2026-05-14,77067.91672123283
2026-05-15,74527.02864643425
2026-05-18,71078.63256069511
2026-05-19,70276.5074257928
2026-05-20,71863.82267809688
2026-05-21,73263.4430065816
2026-05-22,73435.15432745867
2026-05-26,74791.2886982625
2026-05-27,74125.07297331744
2026-05-28,72932.97982532933
2026-05-29,72283.89142315343
2026-06-01,71296.72681324437
2026-06-02,74108.55048077062
2026-06-03,75068.02688648655
2026-06-04,73912.07762386753
2026-06-05,68672.05151226475
2026-06-08,70096.07337147191
2026-06-09,70061.36960178807
2026-06-10,69166.82235630468
2026-06-11,74193.52081974462
2026-06-12,75565.65252430394
2026-06-15,78144.88561313714
2026-06-16,76218.16886585321
2026-06-17,76289.64239948358
2026-06-18,79356.87861126031
2026-06-22,79976.35728138055
2026-06-23,77358.20968311395
2026-06-24,76711.54975956048
2026-06-25,78840.13306156243
2026-06-26,75440.85419002618
2026-06-29,78515.95771709527
2026-06-30,79557.9700957879
2026-07-01,76412.78855999077
2026-07-02,70138.2814741906
2026-07-06,70908.90272991265
2026-07-07,67925.42473690117
2026-07-08,67711.7733353051
2026-07-09,68975.61076149071
2026-07-10,69245.97577270592
2026-07-13,68408.23014816368
2026-07-14,68938.76761230553
2026-07-15,68583.08539184654
2026-07-16,68740.13721756067
2026-07-17,68163.49824218835
2026-07-20,67311.34969183391
2026-07-21,68102.3664831776
2026-07-22,67451.15386816447
2026-07-23,66922.35845991557
2026-07-24,66794.8269486851
2026-07-27,67054.43084196514
2026-07-28,67413.91738227993
2026-07-29,66554.78948501736
2026-07-30,66329.23918201597
2026-07-31,66029.14298488767
2026-08-03,65683.23789169462
2026-08-04,66102.43231537016
2026-08-05,65824.34636165769
2026-08-06,64390.272812387055
2026-08-07,64422.5122832504
2026-08-10,64163.898128434725
2026-08-11,64158.28465960457
2026-08-12,64752.26650450661
2026-08-13,64908.25332758858
2026-08-14,64643.28288660958
2026-08-17,64284.17377818062
2026-08-18,63855.64344115212
2026-08-19,62581.872059773945
2026-08-20,62602.96246924355
2026-08-21,63361.402330922625
2026-08-24,62837.75311522438
2026-08-25,62949.72793688729
