ticker,entry_date,exit_date,shares,entry_px,exit_px,gain_eur,fee_eur,tax_eur,days_held,exit_reason,ret_net
WHR,2005-12-29,2006-01-24,45.0,43.95741653442383,42.918636181287916,-71.54511589111621,12.4,0.0,16,egg,-0.035943582109129936
GWW,2005-12-29,2006-01-30,39.0,51.141571044921875,51.01325532596571,-29.80431303929072,12.4,0.0,20,sma,-0.014850763442316619
GOOG,2005-12-29,2006-02-02,192.0,10.373068809509277,9.969898407913863,-102.20871710631968,12.4,0.0,23,sma,-0.051001610417446226
GOOGL,2005-12-29,2006-02-02,191.0,10.42185115814209,10.016786256731848,-102.16739616935638,12.4,0.0,23,sma,-0.05100786033231822
TKR,2005-12-29,2006-02-02,134.0,14.91989517211914,14.461034152004553,-86.28737669535508,12.4,0.0,23,sma,-0.042893491617696726
BCO,2005-12-29,2006-02-10,95.0,21.01484489440918,21.23814346341842,-3.6266359441221994,12.44,0.0,29,sma,-0.0018053650996145206
WRB,2005-12-30,2006-02-10,306.0,6.490795135498047,6.539869049494482,-9.783382317091082,12.4,0.0,28,sma,-0.0048951586160961135
SM,2006-02-02,2006-02-10,43.0,36.07225799560547,32.024199990911015,-198.86649420186177,12.4,0.0,6,stop,-0.12719257558155772
NEM,2006-01-24,2006-02-15,49.0,38.67482376098633,37.28314861973464,-92.99208192133301,12.4,0.0,16,egg,-0.04875162344266452
FLS,2005-12-29,2006-02-16,104.0,9.560470581054688,11.86174905539643,220.76262640331163,12.4,0.0,33,strength,0.22066128211399028
GPN,2006-01-30,2006-02-22,84.0,23.526525497436523,23.146155790188622,-56.75105540882396,12.4,0.0,16,egg,-0.028537791564135
RJF,2005-12-30,2006-02-23,80.0,12.33792781829834,15.167759053173379,207.82500810677323,12.4,0.0,36,strength,0.20924879631276355
ADBE,2006-02-02,2006-02-27,52.0,39.38999938964844,38.4900016784668,-71.71988098144539,12.4,0.0,16,egg,-0.03480196141595488
THO,2005-12-30,2006-03-02,40.0,24.30228614807129,29.985145688848394,208.71438163108405,12.4,0.0,41,strength,0.21334581069979358
VRTX,2006-02-10,2006-03-07,27.0,35.900001525878906,43.380001068115234,183.472714913108,12.4,0.0,16,strength,0.18810242074465505
ILMN,2006-02-10,2006-03-07,96.0,10.301555633544922,12.392995834350586,182.21038362967522,12.4,0.0,16,strength,0.18310444298853917
NDAQ,2006-02-02,2006-03-08,196.0,10.582257270812988,10.127361416910245,-114.14958736493782,12.4,0.0,23,sma,-0.05470307551391388
AMD,2006-02-15,2006-03-10,45.0,40.2400016784668,36.0,-215.60007553100604,12.4,0.0,16,stop,-0.11825365653751009
DIOD,2006-02-22,2006-03-16,80.0,25.30666732788086,24.53333282470703,-86.72676025390638,12.4,0.0,16,egg,-0.042575867374021005
VRTX,2006-02-10,2006-03-24,28.0,35.900001525878906,36.11000061035156,-12.832752907492818,12.4,0.0,29,sma,-0.012686693918383856
ILMN,2006-02-10,2006-04-03,97.0,10.301555633544922,11.527236938476562,100.2589622260374,12.4,0.0,35,sma,0.09971223795072191
SLAB,2006-02-10,2006-04-05,14.0,46.79999923706055,59.029998779296875,152.8337866947569,12.4,0.0,37,strength,0.2311509035874777
ATI,2006-03-08,2006-04-05,24.0,42.90004348754883,52.49218892547651,211.53649051026423,12.4,0.0,20,strength,0.20421023518841794
CDE,2006-03-16,2006-04-07,19.0,56.33673858642578,67.72395078207947,197.58203171742002,12.4,0.0,16,strength,0.18349459508738208
RJF,2005-12-30,2006-04-12,81.0,12.33792781829834,14.224274433323105,134.15556650023564,12.4,0.0,70,sma,0.13340706447316225
SAIA,2006-03-24,2006-04-24,111.0,19.426666259765625,18.17333221435547,-164.35007904052736,12.44,0.0,20,sma,-0.07576704352517015
SLAB,2006-02-10,2006-04-25,15.0,46.79999923706055,50.220001220703125,32.48623665119044,12.4,0.0,50,sma,0.04585771408215146
RMBS,2006-04-24,2006-04-27,51.0,44.5,38.66999816894531,-322.8000933837893,12.4,0.0,3,stop,-0.14141958116675032
THO,2005-12-30,2006-05-01,40.0,24.30228614807129,30.760107007170898,239.71283436398426,12.4,0.0,82,sma,0.24503212755566514
CDE,2006-03-16,2006-05-04,19.0,56.33673858642578,61.43101686636047,78.01628731875894,12.4,0.0,34,sma,0.07245379009084452
NEU,2006-04-12,2006-05-05,33.0,33.2554931640625,43.7621469934551,327.8745763699558,12.4,0.0,16,strength,0.29702112815495707
MLM,2006-03-10,2006-05-12,26.0,77.8901596069336,82.94199292888179,106.09766637065286,12.79,0.0,44,sma,0.0520698126680268
BLKB,2006-02-27,2006-05-15,140.0,15.03394603729248,16.439758804181018,171.00378736439552,13.15,3.25,54,sma,0.08076073593992297
FLS,2005-12-29,2006-05-16,105.0,9.560470581054688,13.589540336633817,404.4226592640382,12.4,106.67,94,sma,0.40038712694906003
UNP,2006-04-25,2006-05-17,143.0,15.704545974731445,15.428691881276528,-65.37713536405363,12.92,0.0,16,egg,-0.028943815726780037
EZPW,2006-05-01,2006-05-18,196.0,11.16333293914795,10.166666984558105,-220.61652709960936,12.4,0.0,13,stop,-0.10023999523411888
ANDE,2006-05-15,2006-05-18,79.0,27.443058013916016,25.016229383630932,-216.9394617925218,12.4,0.0,3,stop,-0.09947602475770129
HON,2006-04-27,2006-05-19,86.0,25.705638885498047,25.074391871393274,-80.00724321301004,12.79,0.0,16,egg,-0.03598070944045204
FUL,2006-05-04,2006-05-19,105.0,21.045555114746094,18.870579014256947,-253.6924905513606,12.4,0.0,11,stop,-0.11413691248383133
ATI,2006-03-08,2006-05-22,24.0,42.90004348754883,52.973004552820896,223.07606556652945,12.4,0.0,52,sma,0.21535015402951255
SLG,2006-04-03,2006-05-22,49.0,45.366729736328125,45.825720378888654,-3.4794585145341443,13.01,0.0,34,sma,-0.0015561573450670481
NEU,2006-04-12,2006-05-23,33.0,33.2554931640625,33.169439096479785,-21.684784230229525,12.4,0.0,28,breakeven,-0.019644216234051964
AKAM,2006-05-12,2006-05-23,65.0,34.38999938964844,32.31999969482422,-160.1899801635741,12.65,0.0,7,stop,-0.07124811327031941
PLXS,2006-05-16,2006-05-24,49.0,43.58000183105469,39.56999969482422,-221.63010467529284,12.4,0.0,6,stop,-0.10317206140069744
LVS,2006-05-19,2006-05-25,47.0,43.43235778808594,38.394446108065324,-261.68184896096886,12.4,0.0,4,stop,-0.12741220992467894
WST,2006-05-17,2006-06-09,141.0,15.176820755004883,14.636308681622872,-101.52220234686365,12.56,0.0,16,egg,-0.04716080463692895
WEX,2006-05-18,2006-06-09,68.0,30.31999969482422,27.829999923706055,-194.26998443603543,12.4,0.0,15,stop,-0.09365523300739254
LAMR,2006-05-18,2006-06-12,69.0,29.868539810180664,27.849260861342046,-164.2802474698649,12.4,0.0,16,egg,-0.07922927018212517
CHH,2006-05-19,2006-06-13,67.0,30.622161865234375,30.065176591991893,-62.2880133072465,12.44,0.0,16,egg,-0.03017516004160436
AVNT,2006-05-24,2006-06-13,291.0,6.790802955627441,5.56623225423789,-381.15007410435965,12.4,0.0,13,stop,-0.19167490020590033
GPI,2006-05-22,2006-06-14,41.0,48.709022521972656,46.21276740307826,-127.14645987467043,12.4,0.0,16,egg,-0.06327363171451925
FTI,2006-05-22,2006-06-14,203.0,10.064926147460938,9.322788749694052,-175.5638917466781,12.4,0.0,16,egg,-0.08540387464502674
R,2006-05-23,2006-06-15,63.0,31.473506927490234,31.455674476532657,-25.923444410327647,12.4,0.0,16,egg,-0.012992703720145353
FDS,2006-05-25,2006-06-19,54.0,35.979339599609375,34.20317699847225,-120.71278046140492,12.4,0.0,16,egg,-0.06173668867080778
BBWI,2006-05-30,2006-06-21,200.0,8.197775840759277,7.926466966878447,-79.0617747761662,12.4,0.0,16,egg,-0.04785951598469679
ZD,2006-06-09,2006-07-03,52.0,18.754987716674805,22.474141943271867,174.7960197830471,12.4,0.0,16,strength,0.17809807179115478
DINO,2006-06-16,2006-07-11,97.0,9.59555435180664,11.732912782219287,188.72376775002658,12.4,0.0,16,strength,0.20141948522143485
ENS,2006-07-11,2006-07-14,111.0,17.218246459960938,15.06046075295802,-264.3142134773241,12.4,0.0,3,stop,-0.1374042052980047
BLKB,2006-07-12,2006-07-18,112.0,17.272558212280273,15.88643433240407,-180.04587454613488,12.4,0.0,4,stop,-0.0924769747175184
KSS,2006-07-11,2006-07-19,63.0,30.150287628173828,27.829847453817592,-170.98773098444303,12.4,0.0,6,stop,-0.0894348983302375
ZD,2006-06-09,2006-07-21,52.0,18.754987716674805,19.46408626257934,18.27312438703575,12.4,0.0,29,sma,0.01861831993068431
GRMN,2006-07-07,2006-07-31,73.0,26.360811233520508,24.922951606424625,-129.76375277799957,12.4,0.0,16,egg,-0.06700114885619485
FDS,2006-07-11,2006-08-02,52.0,36.89143753051758,35.04325286541453,-120.90560258535879,12.4,0.0,16,egg,-0.06262090122320549
WRLD,2006-06-30,2006-08-11,53.0,35.52000045776367,35.349998474121094,-33.81010513305682,12.4,0.0,29,breakeven,-0.017842120519789686
OII,2006-07-10,2006-08-11,103.0,18.638763427734375,17.573563303376698,-134.51561280884084,12.4,0.0,24,sma,-0.06961811700733134
HST,2006-07-25,2006-08-14,169.0,10.959677696228027,10.079201572081084,-173.60046498083352,12.4,0.0,14,stop,-0.09310405027070476
SLG,2006-07-26,2006-08-17,35.0,51.98274612426758,51.064081485606785,-56.95326235312791,12.4,0.0,16,egg,-0.031091485513581357
CXW,2006-07-12,2006-08-17,117.0,8.29432487487793,9.967423786238635,177.1525726292025,12.4,0.0,26,strength,0.18139058026722943
CPB,2006-07-25,2006-08-24,95.0,19.52876853942871,19.549907518548448,-22.79179698362509,12.4,0.0,22,sma,-0.012203573639139502
DINO,2006-06-16,2006-08-30,97.0,9.59555435180664,11.547502033930929,170.73892516605588,12.4,0.0,52,sma,0.18222477658330463
OXY,2006-08-11,2006-09-05,62.0,29.820724487304688,29.083559917995608,-70.50420329716303,12.4,0.0,16,egg,-0.03787931799547246
MTRN,2006-08-14,2006-09-06,44.0,20.4676513671875,25.329048115275633,195.37111983722605,12.4,0.0,16,strength,0.2154732680270813
OVV,2006-08-17,2006-09-11,21.0,88.41842651367188,81.53042832375773,-169.44796198819722,12.4,0.0,16,egg,-0.09065329788062311
LH,2006-09-05,2006-09-27,34.0,55.53106689453125,54.64935637156622,-54.77815778081117,12.4,0.0,16,egg,-0.028823687510358558
DGX,2006-07-31,2006-10-02,42.0,43.27566909790039,44.0242840532011,6.641828122629704,12.4,0.0,44,sma,0.0036294577049664997
MTRN,2006-08-14,2006-10-02,45.0,20.4676513671875,22.218465187937806,60.116959012415464,12.4,0.0,34,sma,0.06482913087599
SHOO,2006-08-24,2006-10-05,164.0,5.659566879272461,6.905195712528535,185.70197363879845,12.4,0.0,29,strength,0.19874987868535027
VMRK,2006-07-25,2006-10-26,50.0,18.509716033935547,22.379578115946586,174.8931041005519,12.4,0.0,66,strength,0.1877168287657043
BDC,2006-10-02,2006-10-31,55.0,34.55192947387695,32.71406013014765,-125.88281390511179,12.4,0.0,21,sma,-0.06581226561969544
VMRK,2006-07-25,2006-11-06,50.0,18.509716033935547,20.356217296849998,73.72506314572252,12.4,0.0,73,sma,0.07913082179792279
SHOO,2006-08-24,2006-11-07,165.0,5.659566879272461,6.385909369122894,101.22766584051897,12.4,0.0,52,sma,0.10768357849531535
ALB,2006-09-27,2006-11-14,45.0,20.81859588623047,25.442015624242078,189.52202007865424,12.4,0.0,34,strength,0.2009844266229935
INTU,2006-08-30,2006-11-20,70.0,26.888286590576172,28.199912072602782,67.01378374186243,12.4,0.0,57,sma,0.03537131267730809
T,2006-10-31,2006-11-22,314.0,6.492575168609619,6.19116612891329,-119.5424384646476,12.4,0.0,16,egg,-0.058280161997948186
CXW,2006-07-12,2006-11-28,117.0,8.29432487487793,10.591273931872589,250.14303966837497,12.4,0.0,97,sma,0.2561271927460317
QDEL,2006-11-07,2006-11-28,131.0,15.319999694824219,13.619999885559082,-247.51997501373307,12.4,0.0,14,stop,-0.12257469267880965
MRK,2006-11-06,2006-11-29,90.0,21.965087890625,21.145172613375646,-98.59237495244201,12.4,0.0,16,egg,-0.049562389295562934
VNO,2006-09-11,2006-12-05,25.0,36.686222076416016,45.15152331847727,193.1540996789821,12.4,0.0,60,strength,0.20921467707692137
CMCSA,2006-08-11,2006-12-06,130.0,7.10331392288208,8.653806043444598,182.96397567312715,12.4,0.0,81,strength,0.19681358848047684
VFC,2006-08-02,2006-12-12,102.0,9.169028282165527,11.026043129801876,170.81551445890727,12.4,0.0,92,strength,0.18144051020119423
AEO,2006-11-22,2006-12-21,119.0,16.750255584716797,16.18268043779986,-92.34144248311577,12.4,0.0,20,sma,-0.04603995821656999
CTSH,2006-10-02,2006-12-22,120.0,15.811277389526367,16.806155161869096,94.54533268112732,12.44,0.0,58,sma,0.049506568904699774
MTRN,2006-11-20,2006-12-26,65.0,30.625930786132812,29.923827122632545,-70.43673812751763,12.4,0.0,24,sma,-0.035164119598931336
VNO,2006-09-11,2007-01-08,26.0,36.686222076416016,40.81352152860782,88.58821712953579,12.4,0.0,81,sma,0.0922636943088598
KMX,2006-11-29,2007-01-08,42.0,23.15999984741211,27.899999618530273,180.47999038696275,12.4,0.0,25,strength,0.18436643604023856
WST,2006-12-22,2007-01-19,93.0,21.583322525024414,20.11211461734406,-161.64233541427325,12.4,0.0,16,egg,-0.08003407282493709
ICE,2006-12-26,2007-01-22,56.0,17.93213653564453,21.579440168606997,185.63900344589797,12.4,0.0,16,strength,0.18372647587196098
VFC,2006-08-02,2007-01-24,102.0,9.169028282165527,10.66627500059203,134.11916527950325,12.4,0.0,119,sma,0.1424615899390421
SPGI,2006-11-28,2007-01-26,44.0,44.17002487182617,45.56374347148025,36.51361838477919,12.41,0.0,39,sma,0.01866862893151516
CMCSA,2006-08-11,2007-02-06,130.0,7.10331392288208,8.84606744161822,207.95795743569806,12.4,0.0,121,sma,0.223699510821252
AEO,2007-01-24,2007-02-15,118.0,17.50274658203125,16.961042033662476,-88.88113670751522,12.4,0.0,16,egg,-0.04277482889904255
HALO,2007-01-08,2007-02-16,137.0,7.5,9.199999809265137,214.22997386932366,12.4,0.0,28,strength,0.20723175742120942
UCTT,2007-01-19,2007-02-20,151.0,13.760000228881836,13.430000305175781,-74.88998847961443,12.47,0.0,21,sma,-0.03582653012242356
CNS,2007-02-20,2007-02-27,112.0,19.23213768005371,16.256675662222637,-358.4317459970805,12.4,0.0,5,stop,-0.16542142807024535
KMX,2006-11-29,2007-02-28,42.0,23.15999984741211,27.06999969482422,145.61999359130846,12.4,0.0,60,sma,0.14875576609389762
MIDD,2007-01-26,2007-02-28,139.0,14.764012336730957,14.562885284423828,-52.946660270691154,12.46,0.0,22,sma,-0.025643410456025265
CBRE,2007-02-15,2007-02-28,57.0,37.25,33.099998474121094,-261.6600869750978,12.4,0.0,8,stop,-0.12250233476989165
PVH,2006-11-28,2007-03-05,41.0,46.82772445678711,49.88483986002267,100.43173153265798,12.51,0.0,64,sma,0.051974239991849316
PPLI,2007-02-06,2007-03-05,375.0,5.599521160125732,5.4346586991143395,-86.96342287927246,12.49,0.0,18,sma,-0.04116669347721851
ICE,2006-12-26,2007-03-08,56.0,17.93213653564453,22.291889886841496,225.53618766702994,12.4,0.0,48,sma,0.2232126232768584
HALO,2007-01-08,2007-03-13,137.0,7.5,7.869999885559082,32.019984321594166,12.4,0.0,44,sma,0.03097399259177009
HAS,2006-12-21,2007-04-02,138.0,14.679410934448242,15.541056697650081,93.68711532185353,12.76,0.0,67,sma,0.045965192503771915
VMC,2007-03-05,2007-04-19,22.0,90.51390075683594,91.94190296550373,6.556048590691262,12.46,0.0,32,sma,0.0032719616503639514
ALB,2006-09-27,2007-04-25,46.0,20.81859588623047,32.18750565408556,504.3017174532024,12.4,0.0,143,sma,0.5231760561369556
HLIT,2007-03-05,2007-04-27,217.0,9.170000076293945,8.800000190734863,-105.08997516632098,12.4,0.0,38,breakeven,-0.05248489194741637
OI,2007-02-28,2007-04-27,43.0,23.28685188293457,29.255580106056595,238.09692278964917,12.4,0.0,41,strength,0.23632612598265604
SYK,2007-03-08,2007-05-01,40.0,50.05060577392578,52.110409698403124,57.37215697909346,12.61,0.0,37,sma,0.028480531206936797
DLB,2007-04-02,2007-05-02,81.0,25.68601417541504,25.51214726701695,-39.25321958024551,12.57,0.0,21,sma,-0.018753026777550634
CE,2007-02-28,2007-05-03,47.0,21.73455810546875,26.57413891708894,208.80529814614874,12.4,0.0,45,strength,0.20316162445870473
CHD,2007-03-13,2007-05-11,226.0,9.188475608825684,9.619391735595789,71.96704465004359,12.83,0.0,42,sma,0.034447417463589244
NUE,2007-04-25,2007-05-17,37.0,39.302799224853516,38.532733416553064,-53.292434907116785,12.4,0.0,16,egg,-0.03633731428811863
CAR,2007-04-27,2007-05-21,79.0,27.211071014404297,26.79302554399633,-58.485592162229295,12.69,0.0,16,egg,-0.02704605328989147
DCH,2007-02-27,2007-05-23,45.0,23.371448516845703,28.127463276850282,195.33055431009598,12.4,0.0,60,strength,0.1846215284319388
NEE,2007-02-28,2007-05-25,243.0,8.386489868164062,9.009450766501779,126.0194982960652,12.87,0.0,61,sma,0.061460722657881335
CLF,2007-04-19,2007-05-31,37.0,27.46217918395996,34.40577333846062,238.27298371652432,12.4,0.0,29,strength,0.2330661393762843
BDC,2007-05-21,2007-06-08,40.0,54.16297912597656,49.46320450425913,-213.21098486869755,12.4,0.0,13,stop,-0.09783286066208788
RS,2007-05-17,2007-06-11,49.0,43.756683349609375,41.18489278176166,-151.22773782453828,12.45,0.0,16,egg,-0.07011549963185033
GT,2007-05-02,2007-06-27,71.0,29.6595516204834,29.83768613420617,-12.712449525683041,12.7,0.0,39,sma,-0.006000717745504647
NRG,2007-05-25,2007-06-27,68.0,31.084291458129883,30.409351538668783,-71.1459145233548,12.57,0.0,22,sma,-0.033458201220730385
TEX,2007-05-01,2007-06-28,31.0,67.04747009277344,70.74097663597196,89.01870283915423,12.88,0.0,41,sma,0.04257085409884916
GEO,2007-06-27,2007-07-20,282.0,7.770991325378418,7.294227521940841,-159.867392569397,12.54,0.0,16,egg,-0.07252525742108887
SF,2007-06-27,2007-07-20,209.0,10.475937843322754,10.406640553981418,-40.193133472339014,12.84,0.0,16,egg,-0.018250186189805975
DCH,2007-02-27,2007-07-23,46.0,23.371448516845703,27.6101630727741,176.15097946281617,12.4,0.0,101,sma,0.1628740531451451
CE,2007-02-28,2007-07-23,47.0,21.73455810546875,28.277018888240327,288.8406567902639,12.4,0.0,100,sma,0.28103375519789964
AMKR,2007-05-11,2007-07-23,163.0,13.192926406860352,13.796827982617966,72.63595684849088,13.02,0.0,49,sma,0.03357759343032186
MKSI,2007-06-28,2007-07-23,96.0,22.92143440246582,22.356178592960376,-79.93455771252275,12.77,0.0,16,egg,-0.036114613384586984
CLF,2007-04-19,2007-07-26,37.0,27.46217918395996,32.1761570230604,155.777180046716,12.4,0.0,68,sma,0.15237306970397663
TT,2007-06-11,2007-07-26,93.0,23.36686134338379,23.576847560483053,-6.181281809768734,12.88,0.0,32,sma,-0.0028277349292120577
FIS,2007-06-08,2007-07-27,101.0,21.46046257019043,21.427444519650198,-28.964823104563493,12.81,0.0,34,sma,-0.013284625118028352
AA,2007-07-20,2007-07-27,26.0,85.11414337158203,75.27503415777154,-281.14683955907253,12.4,0.0,5,stop,-0.12630716859327057
MOS,2007-07-23,2007-07-27,75.0,28.805450439453125,25.780882923869587,-252.04256366876552,12.4,0.0,4,stop,-0.11597715122685585
DY,2007-07-23,2007-07-27,69.0,31.440000534057617,28.280000686645508,-243.2599894714358,12.4,0.0,4,stop,-0.11147567357576366
PII,2007-07-23,2007-07-30,132.0,16.528663635253906,14.976086091448185,-230.19023578235533,12.4,0.0,5,stop,-0.10488777525219689
FCX,2007-07-30,2007-08-06,62.0,32.530696868896484,30.268783550991706,-165.07862571009628,12.4,0.0,5,stop,-0.0813458390046925
OI,2007-02-28,2007-08-10,44.0,23.28685188293457,34.479443816552504,473.7724358837868,12.4,0.0,114,sma,0.45956137711902717
CXT,2007-07-23,2007-08-10,198.0,11.040756225585938,9.323359493860734,-365.3145528815903,12.4,0.0,14,stop,-0.16613213516255831
CALM,2007-07-26,2007-08-10,377.0,5.5774617195129395,4.171642379018043,-555.053891366576,12.4,0.0,11,stop,-0.26239178498284366
GME,2007-07-20,2007-08-13,314.0,7.057869911193848,6.874394424426084,-83.35130284507795,12.8,0.0,16,egg,-0.03739216986375867
HAL,2007-07-27,2007-08-15,77.0,26.514108657836914,24.102396577027957,-210.6018302222899,12.4,0.0,13,stop,-0.10252822551244839
RUSHA,2007-07-30,2007-08-15,273.0,7.395208358764648,6.7200274940031175,-209.17437607989814,12.4,0.0,12,stop,-0.10297349645538076
HXL,2007-08-10,2007-08-15,82.0,22.574228286743164,20.154580065291874,-223.2111541590059,12.4,0.0,3,stop,-0.11978145689031082
WAB,2007-07-30,2007-08-16,107.0,18.787193298339844,16.656290983585983,-252.83654767866324,12.4,0.0,13,stop,-0.12500202076177339
TDY,2007-08-10,2007-08-16,36.0,50.2599983215332,45.16999816894531,-208.04000549316424,12.4,0.0,4,stop,-0.114197266595771
HON,2007-07-26,2007-08-17,57.0,36.346778869628906,34.04332236988927,-156.27702048515948,12.4,0.0,16,stop,-0.07497651101438409
NOV,2007-08-07,2007-08-17,47.0,40.705142974853516,37.53904030584716,-173.60682544329893,12.4,0.0,8,stop,-0.09015999168259914
LIN,2007-08-13,2007-08-17,34.0,54.19847869873047,50.521020079063575,-149.83359306867465,12.4,0.0,4,stop,-0.08076637055199684
MMM,2007-07-30,2007-08-21,47.0,42.81218338012695,41.82470671843203,-71.24140309966151,12.4,0.0,16,egg,-0.03518784498044643
IEX,2007-08-10,2007-09-11,41.0,29.11919593811035,28.657479740495077,-43.73036410222653,12.4,0.0,21,sma,-0.0362520386020423
APD,2007-08-22,2007-09-14,33.0,51.1666259765625,50.855422796684636,-35.06970493596964,12.4,0.0,16,egg,-0.020618338892190856
J,2007-08-22,2007-09-24,17.0,48.7414436340332,58.750986842210786,151.73937739616179,12.4,0.0,22,strength,0.18180493186810387
FLR,2007-08-23,2007-10-02,17.0,50.32002258300781,62.564416181086735,189.55469116734162,12.4,0.0,27,strength,0.21999281220655015
ACAD,2007-08-20,2007-10-05,115.0,15.069999694824219,15.079999923706055,-23.64997367858905,12.4,0.0,33,sma,-0.013549499644281789
ITRI,2007-08-22,2007-10-10,10.0,83.9800033569336,101.05000305175781,152.09999694824216,12.4,0.0,34,strength,0.1797872233013055
BIIB,2007-09-14,2007-10-16,13.0,65.41999816894531,81.05000305175781,184.81969310619206,12.4,0.0,22,strength,0.21580236366811975
CSCO,2007-08-22,2007-10-22,89.0,19.401676177978516,19.9402463880109,23.13274869288216,12.4,0.0,42,sma,0.013301187132784768
WEX,2007-08-23,2007-10-26,48.0,35.599998474121094,37.41999816894531,62.55998535156232,12.4,0.0,45,sma,0.03634672787222645
MPWR,2007-10-05,2007-10-29,91.0,20.560068130493164,19.57898384474271,-114.07867000329156,12.4,0.0,16,egg,-0.06057168808215333
VMI,2007-09-11,2007-11-02,24.0,72.8154296875,73.93399834710793,2.045647830590042,12.4,0.0,38,sma,0.0011623195096309568
ITRI,2007-08-22,2007-11-05,10.0,83.9800033569336,79.1500015258789,-66.9000183105469,12.4,0.0,52,breakeven,-0.07907803269024805
STRA,2007-08-20,2007-11-07,7.0,110.17127990722656,133.97163077095135,148.41578937940687,12.4,0.0,56,strength,0.19101484559009252
FLR,2007-08-23,2007-11-08,17.0,50.32002258300781,61.0963950078606,164.59833122249734,12.4,0.0,54,sma,0.19102903519372827
SGI,2007-10-26,2007-11-09,238.0,8.111272811889648,6.933422291618029,-305.1284238246458,12.4,0.0,10,stop,-0.15704931019472962
ROP,2007-08-20,2007-11-13,31.0,54.78072738647461,57.466484956252565,58.45848466311645,12.4,0.0,60,sma,0.03417420645020655
J,2007-08-22,2007-11-13,18.0,48.7414436340332,59.966097714343114,183.26663058843542,12.4,0.0,58,sma,0.20738014512221364
BIIB,2007-09-14,2007-11-13,14.0,65.41999816894531,69.8499984741211,43.19037464283133,12.4,0.0,42,sma,0.0468284992975871
EPAC,2007-10-22,2007-11-13,59.0,32.40013885498047,31.846705806111764,-57.45254988325382,12.4,0.0,16,egg,-0.02986086551444379
HPQ,2007-10-29,2007-11-13,136.0,14.332188606262207,13.357700198298643,-157.33042348304502,12.4,0.0,11,stop,-0.08020606446388658
SYNA,2007-11-08,2007-11-13,49.0,38.45333480834961,35.293331146240234,-179.64017944335956,12.4,0.0,3,stop,-0.0947162868890853
STRA,2007-08-20,2007-11-21,8.0,110.17127990722656,118.51603569239106,47.744712947982634,12.4,0.0,66,sma,0.053767563299243294
NLY,2007-11-02,2007-11-27,302.0,6.355822563171387,5.958112077914473,-144.90856654758818,12.4,0.0,16,egg,-0.07500993110655339
BMRN,2007-11-14,2007-12-17,32.0,27.579999923706055,35.439998626708984,232.9199584960936,12.4,0.0,22,strength,0.26207295460632807
WAT,2007-11-14,2008-01-03,23.0,75.20999908447266,77.29000091552734,23.04004211425763,12.4,0.0,33,sma,0.013224455090732386
MCK,2007-12-03,2008-01-03,31.0,56.74235916137695,55.47044508650912,-64.2293363209028,12.4,0.0,21,sma,-0.036258812293984845
BLKB,2007-12-04,2008-01-04,74.0,23.360382080078125,22.827153743726313,-64.2588968900343,12.4,0.0,21,sma,-0.03690774098429958
MORN,2007-11-05,2008-01-07,29.0,64.93233489990234,66.46090544329721,19.528545758450946,12.4,0.0,42,sma,0.01030292139584159
ICE,2007-11-14,2008-01-07,61.0,29.10019302368164,29.24642547486216,-15.87982047798846,12.4,0.0,35,sma,-0.008883757133808349
LKQ,2007-11-14,2008-01-09,212.0,8.428963661193848,8.411592857031136,-28.48261048249492,12.4,0.0,37,sma,-0.01582947402615992
BLK,2007-11-14,2008-01-09,14.0,123.5890884399414,128.04850029630623,37.63176598910741,12.4,0.0,37,sma,0.021594597670185494
RBA,2007-11-14,2008-01-11,104.0,17.159934997558594,17.382160151068096,-1.6885840350118997,12.4,0.0,39,sma,-0.000939650974542064
APA,2007-11-14,2008-01-17,25.0,70.42317199707031,71.08375835442425,-8.285341066151886,12.4,0.0,43,sma,-0.004673117766515467
BMRN,2007-11-14,2008-03-07,32.0,27.579999923706055,36.86000061035156,278.3600219726561,12.4,0.0,77,sma,0.3132004396432171
BMI,2008-05-07,2008-05-30,90.0,20.089597702026367,19.399476118466115,-86.91094252042285,12.4,0.0,16,egg,-0.04774109918906591
CENX,2008-05-07,2008-06-05,25.0,70.95999908447266,72.31999969482422,9.20001525878888,12.4,0.0,20,sma,0.005150030999028065
CHRW,2008-05-16,2008-06-10,43.0,42.74777603149414,40.77832642325453,-109.48633315430334,12.4,0.0,16,egg,-0.059164072651650135
BCO,2008-05-16,2008-06-10,54.0,32.132408142089844,29.55685866466167,-163.8796717811215,12.4,0.0,16,egg,-0.09377681214313063
ILMN,2008-05-16,2008-06-12,48.0,38.07392883300781,36.3715934753418,-106.51209716796893,12.4,0.0,18,sma,-0.05788862694049794
NX,2008-05-07,2008-06-18,134.0,13.545950889587402,12.695819764962696,-138.7175706997109,12.4,0.0,29,sma,-0.07590326259629963
ESE,2008-05-16,2008-06-23,41.0,44.38299560546875,43.550033757734205,-58.95143575711654,12.4,0.0,25,sma,-0.03217692539918291
LIN,2008-05-07,2008-06-27,28.0,64.52075958251953,66.42762101599675,28.592120137361917,12.4,0.0,36,sma,0.01571875457734538
GILD,2008-05-16,2008-06-27,101.0,18.218297958374023,18.238893977812047,-22.719802036759802,12.4,0.0,29,sma,-0.012264744212187654
HAS,2008-05-16,2008-06-30,90.0,20.301454544067383,19.360853112329252,-109.45412885643191,12.4,0.0,30,sma,-0.05950110885494836
WBD,2009-06-12,2009-06-23,153.0,11.303014755249023,10.327031135559082,-174.12549381256122,12.4,0.0,7,stop,-0.09997093060686171
AAP,2009-06-10,2009-07-02,47.0,36.93020248413086,35.44437319728128,-94.6339764819304,12.4,0.0,16,egg,-0.05413472910458868
PEGA,2009-06-08,2009-07-09,280.0,6.232746601104736,5.464429009187736,-239.92892573676022,12.4,0.0,22,stop,-0.1365118064451335
SMTC,2009-06-16,2009-07-09,107.0,16.030000686645508,15.210000038146973,-112.54006938934344,12.4,0.0,16,egg,-0.06514205440075424
EEFT,2009-07-01,2009-07-09,88.0,19.65999984741211,18.200000762939453,-153.27991943359393,12.4,0.0,5,stop,-0.08796653081515148
PAG,2009-06-23,2009-07-17,81.0,10.451461791992188,12.652140552261864,159.69301639165985,12.4,0.0,17,strength,0.1872725803142696
ICUI,2009-06-25,2009-07-23,42.0,40.119998931884766,38.709999084472656,-84.01999359130878,12.4,0.0,19,sma,-0.04949806521104342
EW,2009-06-11,2009-07-31,320.0,5.449166774749756,5.446667194366455,-25.599865722656432,12.4,0.0,35,sma,-0.014577404080066294
AN,2009-06-19,2009-07-31,50.0,17.059999465942383,20.469999313354492,151.96137850921934,12.4,0.0,29,strength,0.17687644436017338
GPI,2009-07-06,2009-07-31,41.0,20.55483055114746,24.742892293978354,153.1852302512474,12.4,0.0,19,strength,0.18045710772422505
OSK,2009-08-03,2009-08-07,71.0,25.414052963256836,20.822436936079963,-350.8047379295581,12.4,0.0,4,stop,-0.19308959179584997
MSCI,2009-07-22,2009-08-27,40.0,22.119009017944336,26.68934250825875,164.21333961257642,12.4,0.0,26,strength,0.1843104888305954
PAG,2009-06-23,2009-09-01,82.0,10.451461791992188,12.211999763640437,125.72607686534047,12.4,0.0,49,sma,0.14564138517437583
AN,2009-06-19,2009-09-02,51.0,17.059999465942383,17.81999969482422,20.098625534359826,12.4,0.0,52,sma,0.022935222712761612
GPI,2009-07-06,2009-09-02,42.0,20.55483055114746,22.670276335380947,70.17402414262574,12.4,0.0,42,sma,0.08069898028626432
FISV,2009-07-31,2009-09-03,153.0,11.852499961853027,11.800000190734863,-32.83246498107928,12.4,0.0,24,sma,-0.01798218899380534
CVLT,2009-07-06,2009-09-03,48.0,16.3700008392334,19.940000534057617,152.75998535156248,12.4,0.0,43,strength,0.19288850141597527
ORCL,2009-07-13,2009-09-04,100.0,16.534666061401367,17.212975136216702,43.030907481533404,12.4,0.0,39,sma,0.025830944280249013
SLAB,2009-06-30,2009-09-08,23.0,37.97999954223633,46.97999954223633,188.39999999999986,12.4,0.0,48,strength,0.2141541844803419
MSCI,2009-07-22,2009-09-17,40.0,22.119009017944336,24.098901335935448,60.59569271964449,12.4,0.0,40,sma,0.06801165954322314
NEU,2009-08-07,2009-09-18,15.0,58.825923919677734,71.69518499036079,174.43891606024567,12.4,0.0,29,strength,0.19631004185306428
ASH,2009-09-02,2009-09-25,66.0,13.441366195678711,15.958288028477416,147.51684096471445,12.4,0.0,16,strength,0.16513137706287906
RDN,2009-09-03,2009-09-28,134.0,6.672830581665039,8.390982002248537,211.63229035818858,12.4,0.0,16,strength,0.23505315138263783
CAR,2009-09-04,2009-09-29,91.0,9.871614456176758,12.997468043303721,265.8865562099743,12.4,0.0,16,strength,0.2939652217967631
SNX,2009-07-28,2009-10-02,142.0,12.51307487487793,12.930767499762595,34.512352733622265,12.4,0.0,47,sma,0.019288654356170887
VSH,2009-09-17,2009-10-02,400.0,5.12763786315918,4.455567424558104,-293.7581754404307,12.4,0.0,11,stop,-0.14235330977966315
SLAB,2009-06-30,2009-10-05,23.0,37.97999954223633,43.38999938964844,105.82999649047849,12.4,0.0,67,sma,0.12029690335443675
JLL,2009-09-01,2009-10-05,42.0,42.225677490234375,42.14019237525919,-28.390374828957874,12.4,0.0,23,breakeven,-0.015897148406708445
RDN,2009-09-03,2009-10-12,134.0,6.672830581665039,6.712787838640137,-13.245727565336892,12.4,0.0,26,sma,-0.01471160190781276
VECO,2009-09-02,2009-10-15,43.0,20.549999237060547,26.110000610351562,220.48005905151354,12.4,0.0,30,strength,0.24777217191664397
CAR,2009-09-04,2009-10-21,92.0,9.871614456176758,10.517687681749667,40.80485697128688,12.4,0.0,32,sma,0.044623640602221196
AGO,2009-10-12,2009-10-26,130.0,15.032109260559082,13.67369384717867,-201.39400373945364,12.4,0.0,10,stop,-0.10240854545069189
ASH,2009-09-02,2009-10-27,66.0,13.441366195678711,15.052046301462884,87.70488698175541,12.4,0.0,38,sma,0.09817746006305605
SLG,2009-10-05,2009-10-27,84.0,22.310741424560547,21.848883201819838,-63.59609071021964,12.4,0.0,16,egg,-0.03371111256837569
HIG,2009-10-05,2009-10-27,99.0,18.946014404296875,17.63241997187384,-154.84584880988064,12.4,0.0,16,egg,-0.08201340208314321
SANM,2009-10-02,2009-10-28,231.0,8.180000305175781,7.090000152587891,-276.5900352478029,12.4,0.0,18,stop,-0.14542215217624804
CVLT,2009-07-06,2009-10-29,48.0,16.3700008392334,19.799999237060547,146.0399230957031,12.4,0.0,82,sma,0.18440314620353768
WBD,2009-10-02,2009-10-29,127.0,14.82882022857666,14.246294975280762,-98.78070716857928,12.4,0.0,19,sma,-0.05210886886923657
STX,2009-10-22,2009-10-29,230.0,8.225396156311035,7.631223935411458,-161.4596108069029,12.4,0.0,5,stop,-0.08478947831468416
PVH,2009-10-26,2009-10-29,45.0,41.8086051940918,38.32455748489116,-181.58214691402895,12.4,0.0,3,stop,-0.09588307687341888
VECO,2009-09-02,2009-11-05,43.0,20.549999237060547,23.329999923706055,100.94002952575681,12.4,0.0,45,sma,0.11343488593262534
COF,2009-10-28,2009-11-30,63.0,28.94858741760254,29.071526094676887,-17.054863344316345,12.4,0.0,22,sma,-0.009288326718859805
RJF,2009-10-29,2009-11-30,138.0,12.660194396972656,12.378626067112384,-63.65642952071789,12.4,0.0,21,sma,-0.03617856353369899
AWI,2009-11-05,2009-11-30,71.0,24.592506408691406,24.153978638587787,-55.9354716773571,12.4,0.0,16,egg,-0.03180920728055774
BLK,2009-10-27,2009-12-07,12.0,145.1309356689453,146.12046603921186,-12.92563555680158,12.4,0.0,28,sma,-0.007369354382932942
AAPL,2009-10-29,2009-12-07,298.0,5.872756481170654,5.782130092492993,-51.80666382594313,12.4,0.0,26,sma,-0.029394161494864034
FCX,2009-10-29,2009-12-09,62.0,27.90121078491211,27.48360030696703,-50.691849632594995,12.4,0.0,28,sma,-0.029095204623142638
ALV,2009-10-27,2009-12-14,53.0,17.33448600769043,21.215491097346142,187.15121367698623,12.4,0.0,33,strength,0.2023541159484516
HOG,2009-12-07,2009-12-18,93.0,19.9046573638916,18.092580741716432,-193.3231258622909,12.4,0.0,9,stop,-0.10374010649329841
TXT,2009-11-30,2009-12-22,94.0,19.39186668395996,18.79206116993997,-81.18171831787936,12.4,0.0,16,egg,-0.044235042162422
DAN,2009-11-30,2009-12-22,164.0,5.591080188751221,8.486458493442633,456.2420419693915,12.4,0.0,16,strength,0.4942299651761419
ISRG,2009-10-27,2010-01-07,32.0,28.666667938232422,34.524444580078125,168.84885253906236,12.4,0.0,49,strength,0.1828291833173939
AMZN,2009-12-07,2010-01-08,276.0,6.7104997634887695,6.5279998779296875,-75.16996841430682,12.4,0.0,22,sma,-0.040316466440859046
GPN,2009-10-29,2010-01-11,76.0,23.087804794311523,22.89054657183007,-39.79162490859085,12.4,0.0,49,sma,-0.02251837994655403
ALV,2009-10-27,2010-01-22,54.0,17.33448600769043,20.54330176420384,154.61810692649044,12.4,0.0,59,sma,0.16408234572452737
IP,2009-11-30,2010-01-22,146.0,12.500730514526367,12.053749979328114,-90.05915813894512,12.4,0.0,36,sma,-0.049011609230347024
CRM,2009-12-18,2010-01-22,111.0,16.6814022064209,16.39879494710034,-56.169405784582295,12.4,0.0,22,sma,-0.030133225154721936
EHC,2009-12-09,2010-01-25,140.0,11.94091510772705,12.270815962441311,21.38611965999621,12.4,0.0,30,sma,0.012698629913293518
NEU,2009-08-07,2010-01-27,15.0,58.825923919677734,83.89039169389089,357.36701661319717,12.4,0.0,118,sma,0.4021736409094186
PSKY,2010-01-08,2010-02-01,188.0,10.554285049438477,9.696516792453846,-186.06043231311082,12.4,0.0,15,stop,-0.09318837596706388
ARE,2010-01-11,2010-02-03,55.0,35.83449935913086,34.559758077571644,-94.91077048575698,12.4,0.0,16,egg,-0.04785503545108176
ULTA,2009-12-22,2010-02-05,107.0,17.86015510559082,17.800819159402085,-31.148946242194825,12.4,0.0,30,breakeven,-0.016194423201754116
DAN,2009-11-30,2010-02-08,164.0,5.591080188751221,7.472696003052468,289.98499354540445,12.4,0.0,47,sma,0.3141299136811334
MGM,2010-01-22,2010-02-11,171.0,10.975211143493652,9.860689948218052,-215.38312439212768,12.4,0.0,14,stop,-0.1140099294659452
RCL,2010-02-01,2010-02-24,84.0,21.737075805664062,21.57363639857123,-38.52891019579806,12.4,0.0,16,egg,-0.020958825581345455
BRKR,2010-01-22,2010-03-01,151.0,12.462959289550781,12.060616870905655,-85.55370521541431,12.4,0.0,25,sma,-0.045163593792880714
SANM,2010-02-08,2010-03-03,67.0,13.069999694824219,17.40999984741211,272.2259361493145,12.4,0.0,16,strength,0.30870076747647757
EZPW,2010-01-25,2010-03-10,53.0,17.59000015258789,21.530000686645508,190.22002830505357,12.4,0.0,31,strength,0.20269164348978036
STX,2010-02-03,2010-03-16,192.0,9.734071731567383,9.806408824081307,-10.91127823732677,12.4,0.0,28,sma,-0.005799732083264165
WRLD,2010-02-11,2010-03-22,45.0,39.310001373291016,37.63999938964844,-99.9500892639162,12.4,0.0,26,sma,-0.056109178879207224
INCY,2010-03-01,2010-03-24,83.0,11.5,14.050000190734863,193.05001583099352,12.4,0.0,17,strength,0.20094724245965806
ISRG,2009-10-27,2010-04-07,32.0,28.666667938232422,38.22222137451172,287.17770996093736,12.4,0.0,110,sma,0.3109554219029764
FULT,2010-01-22,2010-04-12,178.0,5.280407428741455,6.346715911551287,171.22027688692856,12.4,0.0,54,strength,0.1809757463773422
UAL,2010-03-22,2010-04-16,50.0,19.43000030517578,23.399999618530273,179.96135180633837,12.4,0.0,18,strength,0.18407757881692377
SGI,2010-02-24,2010-04-22,145.0,6.482001304626465,8.10722305787432,217.07846006286331,12.4,0.0,40,strength,0.22945312322188827
VTRS,2010-04-07,2010-04-29,111.0,18.143922805786133,17.145686097146438,-135.63427465900622,12.4,0.0,16,egg,-0.06693343422518896
EZPW,2010-01-25,2010-05-03,53.0,17.59000015258789,20.799999237060547,151.52995147705064,12.4,0.0,68,sma,0.16146488451549712
FULT,2010-01-22,2010-05-05,179.0,5.280407428741455,5.96136205497951,103.2735111498331,12.4,0.0,71,sma,0.10854781739168017
SANM,2010-02-08,2010-05-05,68.0,13.069999694824219,15.949999809265137,177.1940818560564,12.4,0.0,60,sma,0.19798090809424673
INCY,2010-03-01,2010-05-05,83.0,11.5,11.529999732971191,-16.110022163391136,12.4,0.0,46,sma,-0.01676904565774033
UAL,2010-03-22,2010-05-05,51.0,19.43000030517578,19.309999465942383,-24.781428939517127,12.4,0.0,31,sma,-0.024851226050691934
CBT,2010-02-05,2010-05-06,91.0,19.37483024597168,21.314681577465056,151.726471165897,12.4,0.0,62,sma,0.08545517029870169
F,2010-04-29,2010-05-06,310.0,6.750747203826904,6.049820787224636,-242.3171891467034,12.4,0.0,5,stop,-0.11509528117503057
DAN,2010-05-03,2010-05-06,195.0,10.567754745483398,9.615430057494459,-210.6533141578434,12.4,0.0,3,stop,-0.10160476405755318
OGE,2010-01-27,2010-05-07,188.0,9.955492973327637,10.377945023119231,54.62098536081953,12.4,0.0,70,sma,0.028991527572774723
EWBC,2010-03-16,2010-05-07,156.0,12.684194564819336,12.604921382421004,-37.16661645414001,12.4,0.0,37,sma,-0.018666051547310575
SGI,2010-02-24,2010-05-10,146.0,6.482001304626465,7.661404073831809,153.57149846205573,12.4,0.0,52,sma,0.16121409505286846
JLL,2010-05-05,2010-05-10,26.0,75.88756561279297,73.46999944859571,-87.65672026912875,12.4,0.0,3,stop,-0.04414895425728738
SAFE,2010-05-06,2010-05-10,79.0,24.6368350982666,23.29940446435108,-130.45702007932618,12.4,0.0,2,stop,-0.066603541051714
HST,2010-05-10,2010-05-19,190.0,8.96436595916748,7.958389227992654,-215.93557892321724,12.4,0.0,7,stop,-0.12586375721864218
PRGO,2010-05-05,2010-05-21,43.0,46.48769760131836,41.618073697696154,-234.193827855755,12.4,0.0,12,stop,-0.11643492335414307
MTB,2010-05-05,2010-05-21,36.0,55.02694320678711,49.41785889580136,-226.72703519548713,12.4,0.0,12,stop,-0.11374057012158995
OKE,2010-05-05,2010-05-21,225.0,8.9485445022583,7.69128403124976,-307.7136059769218,12.4,0.0,12,stop,-0.15189339006718144
SLG,2010-05-06,2010-05-21,59.0,33.136802673339844,29.291019012722458,-251.701235976426,12.4,0.0,11,stop,-0.12793133429256495
OC,2010-05-06,2010-05-21,71.0,27.66153907775879,24.27425052187525,-265.29748746773157,12.4,0.0,11,stop,-0.1342347763082114
SBUX,2010-05-10,2010-05-27,182.0,9.957886695861816,9.376031125738484,-130.6977137624467,12.4,0.0,13,stop,-0.07162557118795318
AKAM,2010-05-07,2010-06-04,26.0,35.709999084472656,42.099998474121094,147.53998413085924,12.4,0.0,19,strength,0.15785418001024384
PRGS,2010-05-19,2010-06-10,74.0,19.907878875732422,18.51124999258711,-128.1505373527532,12.4,0.0,15,stop,-0.08626278987974437
NPO,2010-05-28,2010-06-10,64.0,27.50197982788086,25.620905446093644,-145.18876043438195,12.4,0.0,8,stop,-0.08191061928627999
SAM,2010-05-10,2010-06-16,15.0,59.099998474121094,70.61000061035156,154.0500320434569,12.4,0.0,26,strength,0.1725664120008834
FFIV,2010-06-04,2010-06-30,26.0,69.01000213623047,69.0999984741211,-22.460095214843932,12.4,0.0,18,sma,-0.012431832511017671
UNFI,2010-06-16,2010-06-30,54.0,33.0099983215332,30.309999465942383,-170.59993820190448,12.4,0.0,10,stop,-0.09504493009042725
UHS,2010-06-17,2010-06-30,46.0,39.402496337890625,35.75551588814627,-192.56110068824046,12.4,0.0,9,stop,-0.1055178561541032
LULU,2010-06-22,2010-06-30,86.0,20.735000610351562,18.790000915527344,-192.069973754883,12.4,0.0,6,stop,-0.10696641706171757
ALK,2010-06-22,2010-06-30,160.0,11.157586097717285,10.220103193261602,-174.7972647129095,12.4,0.0,6,stop,-0.09723849865980574
AKAM,2010-05-07,2010-07-02,26.0,35.709999084472656,40.470001220703125,105.16005554199205,12.4,0.0,39,sma,0.11251156379879827
DLTR,2010-06-21,2010-07-14,86.0,21.016666412353516,20.799999237060547,-43.433377075195494,12.4,0.0,16,egg,-0.023866678778559563
HSY,2010-05-07,2010-07-23,60.0,31.297550201416016,32.45746881927717,44.79511707166898,12.4,0.0,53,sma,0.023697947727251437
SAM,2010-05-10,2010-08-03,15.0,59.099998474121094,67.87999725341797,113.0999816894531,12.4,0.0,59,sma,0.12669428093340995
LSCC,2010-08-03,2010-08-11,309.0,5.5,4.849999904632568,-225.65002946853656,12.4,0.0,6,stop,-0.1318126230904472
AAL,2010-08-04,2010-08-12,178.0,9.455698013305664,8.418681095682045,-209.38901133700438,12.4,0.0,6,stop,-0.12349587258584878
PII,2010-08-03,2010-08-16,84.0,20.169750213623047,18.33029506863045,-179.31423217937845,12.4,0.0,9,stop,-0.10506740379537662
SON,2010-07-29,2010-08-20,90.0,18.769695281982422,18.292312240906114,-67.76447369686798,12.4,0.0,16,egg,-0.03982227525868101
UAL,2010-08-04,2010-08-20,74.0,22.610000610351562,20.579999923706055,-175.02005081176776,12.4,0.0,12,stop,-0.1038361866950063
SWKS,2010-08-03,2010-08-25,121.0,13.984878540039062,13.335325335109536,-103.39593779647294,12.4,0.0,16,egg,-0.06065806590293653
EW,2010-08-03,2010-08-25,177.0,9.576666831970215,9.451666831970215,-46.92500000000018,12.4,0.0,16,egg,-0.027482180767982176
DLR,2010-08-04,2010-08-26,46.0,33.10344314575195,31.431754119582884,-101.69769520377736,12.4,0.0,16,egg,-0.066245734783481
CRM,2010-09-17,2010-10-07,56.0,28.688669204711914,26.25084648167564,-161.31807249003145,12.4,0.0,14,stop,-0.09964268845437267
CMI,2010-08-11,2010-10-07,13.0,53.03417205810547,64.07049653735525,125.1018478598769,12.4,0.0,40,strength,0.17989534096349027
AAP,2010-06-21,2010-10-26,20.0,43.83675765991211,53.06507093498237,166.11748501360034,12.4,0.0,89,strength,0.1881745676090638
CCI,2010-09-16,2010-10-28,64.0,25.14728546142578,25.763291780503845,14.624404420995916,12.4,0.0,30,sma,0.009017244754102267
BWA,2010-09-16,2010-11-05,46.0,17.464021682739258,21.466259124764264,165.5029223331502,12.4,0.0,36,strength,0.20443943556376099
TMUS,2010-09-17,2010-11-05,38.0,14.990974426269531,18.176161158282348,102.51761529700661,12.4,0.0,35,strength,0.17805105582601388
AZO,2010-08-03,2010-11-11,4.0,206.8300018310547,248.9600067138672,149.92001953124998,12.4,0.0,71,strength,0.17986373238061312
PNW,2010-09-16,2010-11-15,76.0,21.317096710205078,21.85502862796701,16.082825749906533,12.4,0.0,42,sma,0.009851658287120943
UAA,2010-10-28,2010-11-26,145.0,5.869999885559082,7.152500152587891,167.3625387191771,12.4,0.0,20,strength,0.19520912341338337
MCD,2010-09-14,2010-12-14,33.0,48.342201232910156,50.76982307084391,55.31152065181368,12.4,0.0,64,sma,0.03440428801627849
LNN,2010-11-15,2010-12-28,35.0,49.62696838378906,50.34925338059334,0.4799748881493997,12.4,0.0,29,sma,0.00027437423250586707
RES,2010-12-14,2010-12-31,186.0,10.109405517578125,9.10719876632906,-211.2104557323264,12.4,0.0,12,stop,-0.11158923246834979
AAP,2010-06-21,2011-01-04,21.0,43.83675765991211,56.06731357403704,238.0904546844282,12.4,0.0,137,sma,0.2568610566329269
AZO,2010-08-03,2011-01-06,4.0,206.8300018310547,254.0399932861328,170.23996582031248,12.4,0.0,109,sma,0.204242206934924
ES,2010-09-16,2011-01-07,95.0,16.976627349853516,18.419270602839823,112.2511090336991,12.4,0.0,79,sma,0.06906997180836673
UAA,2010-10-28,2011-01-10,145.0,5.869999885559082,6.651249885559082,94.68124999999998,12.4,0.0,50,sma,0.11043477206805528
TDC,2010-10-07,2011-01-12,22.0,37.45000076293945,45.650001525878906,161.80001678466795,12.4,0.0,67,strength,0.1949162914264097
NOG,2011-01-10,2011-01-25,8.0,217.37986755371094,198.0360442592444,-179.55058635573255,12.4,0.0,10,stop,-0.10251604107402264
CMI,2010-08-11,2011-01-31,14.0,53.03417205810547,73.16879263800926,263.0550584890236,12.4,0.0,119,sma,0.3512514821390953
BWA,2010-09-16,2011-01-31,46.0,17.464021682739258,24.8381251113672,320.6087577168853,12.4,0.0,94,sma,0.39603574692475363
WLK,2011-01-06,2011-01-31,110.0,16.556917190551758,15.021428956390334,-193.70370575775678,12.4,0.0,16,stop,-0.1056376927231465
DAN,2010-12-31,2011-02-04,138.0,13.217373847961426,13.2557719293463,-19.501064768887545,12.4,0.0,24,sma,-0.010619195355222622
TTMI,2010-12-28,2011-02-11,61.0,15.079999923706055,17.829999923706055,149.14999999999986,12.4,0.0,32,strength,0.1610552012240191
JAZZ,2011-01-07,2011-02-16,46.0,19.760000228881836,24.600000381469727,204.04000701904283,12.4,0.0,27,strength,0.22295555386122745
TMUS,2010-09-17,2011-02-24,39.0,14.990974426269531,20.61655291949736,200.7170417553658,12.4,0.0,110,sma,0.3396638243832991
FLR,2011-01-04,2011-02-24,33.0,55.573707580566406,58.59561495911286,74.9229434920328,12.4,0.0,35,sma,0.040579337455465804
BKNG,2011-01-25,2011-02-24,109.0,16.79758644104004,18.276177187596492,136.36639137465318,12.4,0.0,21,sma,0.07397800681020907
IDCC,2011-01-31,2011-02-25,50.0,36.19709396362305,35.58065517320441,-55.621939520931846,12.4,0.0,18,breakeven,-0.03052369110445965
DY,2011-01-31,2011-03-08,112.0,16.06999969482422,15.850000381469727,-49.43992309570331,12.4,0.0,25,sma,-0.027281112892422205
SWKS,2011-01-31,2011-03-10,72.0,24.86287498474121,24.189850626935904,-73.25775376198226,12.4,0.0,27,sma,-0.04064169568979136
TTMI,2010-12-28,2011-03-11,61.0,15.079999923706055,15.800000190734863,25.3200162887573,12.4,0.0,51,sma,0.027341068175536387
EPAC,2011-02-04,2011-03-16,68.0,27.023120880126953,26.905924733885264,-32.76933794443494,12.4,0.0,27,sma,-0.01771342163565903
SAH,2011-03-10,2011-03-17,155.0,12.05358600616455,10.629479770383883,-245.5364665460038,12.4,0.0,5,stop,-0.13055548746890272
AMP,2011-02-24,2011-03-18,40.0,45.64845657348633,43.88164635841674,-95.47240860278384,12.4,0.0,16,egg,-0.05193408119032786
VSH,2011-02-24,2011-03-18,136.0,13.693307876586914,13.400785251309486,-64.58307703773039,12.4,0.0,16,egg,-0.034450005853952456
URI,2011-02-25,2011-03-21,60.0,30.98847007751465,30.006542182197176,-83.71567371904848,12.4,0.0,16,egg,-0.04472688291424334
THC,2011-03-11,2011-04-12,64.0,28.360000610351562,26.440000534057617,-147.68000488281268,12.4,0.0,22,stop,-0.08081250368059922
BKR,2011-02-24,2011-04-13,53.0,34.83971405029297,34.364666754825585,-49.97750665977151,12.4,0.0,34,sma,-0.026885457210567416
SM,2011-03-16,2011-04-13,29.0,62.04609298706055,60.295511735474506,-75.56685629599542,12.4,0.0,20,sma,-0.041709623940816336
CDE,2011-04-12,2011-04-15,52.0,34.5711784362793,32.773199068624045,-118.29492711807325,12.4,0.0,3,stop,-0.06535265651207783
WCC,2011-03-17,2011-04-20,31.0,57.10594940185547,57.94888193759227,1.3309086078406835,12.4,0.0,24,sma,0.000746575548849403
UPBD,2011-03-21,2011-04-27,90.0,19.965463638305664,17.82527732409178,-217.41676827924994,12.4,0.0,26,stop,-0.12016678404094318
BC,2011-03-18,2011-05-02,95.0,18.78729820251465,18.908186633490605,-13.315599057284317,12.4,0.0,30,sma,-0.007409107768569033
ECHO,2011-03-18,2011-05-03,62.0,28.72771453857422,28.111831665039062,-62.98473815917987,12.4,0.0,31,sma,-0.035117979064004885
CVI,2011-04-13,2011-05-04,280.0,6.446937084197998,5.69051423562488,-236.59839760047316,12.4,0.0,14,stop,-0.13017489976494562
JAZZ,2011-01-07,2011-05-05,46.0,19.760000228881836,28.899999618530273,401.839971923828,12.4,0.0,81,sma,0.4390925819537714
EXEL,2011-03-08,2011-05-05,167.0,11.34000015258789,11.0,-81.58002548217792,12.4,0.0,41,sma,-0.04279764995519866
OLED,2011-04-13,2011-05-06,36.0,50.09889602661133,49.9489505176082,-30.19803832411276,12.4,0.0,16,egg,-0.016629239658966313
PTEN,2011-05-02,2011-05-17,80.0,22.56064796447754,20.51793854034594,-188.21675393052806,12.4,0.0,11,stop,-0.10357219075637815
PLD,2011-04-27,2011-05-19,80.0,22.80423355102539,22.490342715598228,-49.91126683417315,12.4,0.0,16,egg,-0.02717385290935814
WRLD,2011-05-05,2011-05-19,25.0,66.93000030517578,61.220001220703125,-167.5499771118166,12.4,0.0,10,stop,-0.09939784436476802
BKR,2011-05-03,2011-05-25,48.0,36.8763313293457,35.47434907089624,-92.09514840557449,12.4,0.0,16,egg,-0.05166732869529342
LSCC,2011-05-19,2011-05-25,252.0,6.840000152587891,6.230000019073486,-178.52003364563006,12.4,0.0,4,stop,-0.10282937980485893
ULTA,2011-04-15,2011-06-03,36.0,49.51594543457031,49.436831807177754,-27.648090586132184,12.4,0.0,33,sma,-0.015403058783635513
ARW,2011-05-19,2011-06-03,33.0,46.09000015258789,41.5,-176.27000503540057,12.4,0.0,10,stop,-0.11495594961199927
SGI,2011-05-04,2011-06-07,126.0,13.96178150177002,13.603239962265194,-69.97623397760822,12.4,0.0,23,sma,-0.03949923652711758
TMUS,2011-04-20,2011-06-08,68.0,26.33721160888672,26.57490781052075,-8.63665828888611,12.4,0.0,33,sma,-0.004789282285504599
COR,2011-05-17,2011-06-09,58.0,29.05548095703125,28.394027437948726,-63.16430410678663,12.4,0.0,16,egg,-0.03720760971825885
ANF,2011-05-25,2011-06-09,29.0,55.3647575378418,49.44155850329527,-196.57277200184944,12.4,0.0,10,stop,-0.12149286072928042
ST,2011-05-05,2011-06-13,53.0,32.18034744262695,31.7745543063353,-46.30703622345777,12.4,0.0,26,sma,-0.026954689842148535
COO,2011-05-06,2011-06-13,93.0,18.402481079101562,18.2282362882884,-41.004765545624196,12.4,0.0,25,sma,-0.02378700216074893
MSI,2011-05-25,2011-06-17,45.0,36.13876724243164,35.61794654975878,-48.23693117027915,12.4,0.0,16,egg,-0.029437092918922336
INGR,2011-06-03,2011-06-27,43.0,38.05228805541992,37.21330352243564,-60.876334918324346,12.4,0.0,16,egg,-0.036924995906422446
CPT,2011-06-03,2011-06-27,41.0,35.66517639160156,35.48675432402462,-32.115304770654575,12.4,0.0,16,egg,-0.02177792737433353
MCO,2011-06-08,2011-06-30,48.0,33.24760818481445,31.864740063520326,-91.17766982211833,12.4,0.0,16,egg,-0.05669247607717442
VMRK,2011-06-09,2011-07-01,52.0,30.484094619750977,30.451871263851917,-26.4756145067513,12.4,0.0,16,egg,-0.01657239814943065
HUM,2011-06-27,2011-07-20,22.0,70.4841537475586,69.95114541426668,-36.526183332422306,12.4,0.0,16,egg,-0.02336851094124377
DINO,2011-06-27,2011-07-26,49.0,16.007722854614258,19.167960303178816,136.25163497966332,12.4,0.0,20,strength,0.17234423752803296
TDC,2010-10-07,2011-07-28,22.0,37.45000076293945,55.0,367.4999832153319,12.4,0.0,203,sma,0.4427177156781858
UNH,2011-06-13,2011-07-28,40.0,38.49714279174805,39.069396624090935,-1.9098467062847249,12.4,0.0,32,sma,-0.0012303448340255255
MNST,2011-06-17,2011-07-28,257.0,6.0258331298828125,6.267499923706055,37.30836601257306,12.4,0.0,28,sma,0.02389969967369695
IRM,2011-06-30,2011-07-29,128.0,12.700275421142578,11.716737891134018,-150.69280384109584,12.4,0.0,20,sma,-0.09199606875476958
PSKY,2011-06-09,2011-08-01,78.0,20.30911636352539,20.993434957043448,28.57685029440836,12.4,0.0,36,sma,0.017899562813965948
OC,2011-07-08,2011-08-01,55.0,30.43667984008789,29.383754153647423,-82.71091275422577,12.4,0.0,16,egg,-0.04904533906350093
CE,2011-07-28,2011-08-04,37.0,42.75537872314453,37.954468065389015,-202.4336943369542,12.4,0.0,5,stop,-0.12696949834527266
CNP,2011-06-07,2011-08-05,143.0,11.18319034576416,10.978155528808863,-54.11997882460764,12.4,0.0,42,sma,-0.033581599517073686
ULTA,2011-07-20,2011-08-05,24.0,64.5873031616211,54.86608013016099,-258.10935275504266,12.4,0.0,12,stop,-0.16519048520633492
LULU,2011-07-28,2011-08-05,25.0,61.68000030517578,57.18000030517578,-137.30000000000018,12.4,0.0,6,stop,-0.08832990177952683
SAH,2011-07-28,2011-08-05,124.0,12.839740753173828,11.967857389922058,-132.91353704321978,12.4,0.0,6,stop,-0.08283654083169041
KEX,2011-07-29,2011-08-05,27.0,58.31999969482422,54.029998779296875,-140.63002471923846,12.4,0.0,5,stop,-0.08861151921147223
PII,2011-08-01,2011-08-05,38.0,40.792259216308594,36.85031545910028,-174.59386277391604,12.4,0.0,4,stop,-0.11173965380632903
DINO,2011-06-27,2011-08-08,49.0,16.007722854614258,16.62738799928165,11.763592088702126,12.4,0.0,29,sma,0.014879728301394494
FCFS,2011-06-13,2011-08-09,45.0,34.37539291381836,35.408925469419835,21.70896500206618,12.4,0.0,40,sma,0.013922315717180023
DPZ,2011-08-01,2011-08-09,74.0,21.244647979736328,18.656148729793767,-216.34894449574972,12.4,0.0,6,stop,-0.1365404891716507
DG,2011-10-31,2011-11-22,42.0,34.010658264160156,33.52185532110715,-45.329723608226686,12.4,0.0,16,egg,-0.031460455725230846
TDY,2011-10-31,2011-11-22,26.0,54.470001220703125,52.20000076293945,-83.82001190185565,12.4,0.0,16,egg,-0.05867201217938067
CMG,2011-11-09,2011-11-22,214.0,6.656799793243408,6.083799839019775,-147.4219902038576,12.4,0.0,9,stop,-0.10259331309924774
FE,2011-11-09,2011-12-02,60.0,23.68308448791504,23.820711213211514,-16.542396482211643,12.4,0.0,16,egg,-0.011540790285041718
TXNM,2011-11-14,2011-12-13,112.0,12.008560180664062,11.563798675986769,-74.61328852385714,12.4,0.0,20,sma,-0.05496946850688394
VFC,2011-11-14,2011-12-14,66.0,21.735614776611328,21.037379676222546,-70.8835166256597,12.4,0.0,21,sma,-0.04898820860767941
PPLI,2011-11-14,2011-12-14,209.0,6.857949256896973,6.698384003172633,-58.14913802838714,12.4,0.0,21,sma,-0.04022181622273018
AWK,2011-11-09,2011-12-15,64.0,22.25791358947754,22.147482136284836,-31.86761300433318,12.4,0.0,25,sma,-0.022177931323809446
CVLT,2011-12-07,2011-12-22,29.0,48.13999938964844,40.81999969482422,-237.07999114990253,12.4,0.0,11,stop,-0.16832568488228278
DPZ,2011-12-23,2012-01-19,51.0,26.729434967041016,26.011284771535745,-61.42565997076895,12.4,0.0,16,egg,-0.04465368357895656
GPI,2011-11-09,2012-01-19,18.0,39.188106536865234,47.28294659823331,127.10712110462532,12.4,0.0,47,strength,0.17862512164654643
LQDT,2011-12-27,2012-01-20,37.0,36.90999984741211,35.150001525878906,-89.9199378967287,12.4,0.0,16,egg,-0.06525063187292196
HUM,2011-12-06,2012-01-27,18.0,75.86931610107422,76.45897608868066,-14.186120223084345,12.4,0.0,35,sma,-0.010294360875815672
SSD,2011-12-27,2012-02-01,39.0,27.96442222595215,27.118870658827937,-57.77651111784439,12.4,0.0,24,sma,-0.05238065104089611
V,2011-11-09,2012-02-10,34.0,20.88889503479004,25.132126404515482,125.66986657066502,12.4,0.0,63,strength,0.1754130818645302
OKE,2012-01-20,2012-02-13,83.0,17.07730484008789,15.903614512557699,-122.21629718500617,12.4,0.0,16,egg,-0.08547692248113432
EL,2011-12-07,2012-02-14,25.0,47.42955017089844,45.5867527881997,-70.86993456746859,12.4,0.0,46,sma,-0.059150022745489556
HALO,2011-12-27,2012-02-15,72.0,9.609999656677246,11.699999809265137,131.8800109863281,12.4,0.0,34,strength,0.18890737359762574
GPI,2011-11-09,2012-02-23,18.0,39.188106536865234,44.81631390224021,82.70773257674955,12.4,0.0,71,sma,0.11623014245182457
MNST,2011-12-23,2012-02-28,87.0,7.9116668701171875,9.640000343322754,131.76501216888425,12.4,0.0,43,strength,0.1897223368980682
DY,2012-01-19,2012-03-01,66.0,21.440000534057617,21.399999618530273,-27.44006042480487,12.4,0.0,29,sma,-0.019223266650245863
MKSI,2012-02-14,2012-03-06,54.0,26.47861671447754,23.61554261485103,-179.40600137983165,12.4,0.0,14,stop,-0.1243935418327756
DCI,2012-01-27,2012-03-07,49.0,28.47614860534668,28.292066575899728,-33.82001944290073,12.4,0.0,27,sma,-0.02402448527177171
BIIB,2012-02-13,2012-03-07,12.0,120.0,116.86000061035156,-62.47999267578143,12.4,0.0,16,egg,-0.04301844717418165
SBUX,2011-12-07,2012-03-15,43.0,16.560087203979492,20.015743379367112,129.9932155416676,12.4,0.0,67,strength,0.1809775253624909
STX,2012-03-01,2012-04-09,95.0,14.78082275390625,13.803002485549989,-117.692925493845,12.4,0.0,26,sma,-0.08308254968378193
URI,2012-02-23,2012-04-10,35.0,40.43230056762695,39.78730850447673,-47.37472221025814,12.4,0.0,32,sma,-0.03318648641899006
HALO,2011-12-27,2012-04-11,72.0,9.609999656677246,10.729999542236328,62.03999176025388,12.4,0.0,72,sma,0.08886723479771992
CRUS,2012-03-07,2012-04-20,61.0,22.790000915527344,23.530000686645508,20.339986038207826,12.4,0.0,31,sma,0.014501732671933441
ULTA,2012-04-20,2012-04-25,15.0,95.3499984741211,87.66999816894531,-140.0000045776369,12.4,0.0,3,stop,-0.09704363969000765
ODFL,2012-03-06,2012-04-27,149.0,9.486273765563965,9.535279207081462,-17.498189213893056,12.4,0.0,37,sma,-0.01227206958485151
ROST,2012-02-01,2012-04-30,31.0,22.223352432250977,27.055060239349384,131.18294202005063,12.4,0.0,61,strength,0.18871878412846252
V,2011-11-09,2012-05-04,34.0,20.88889503479004,26.178032342315223,161.2306684558563,12.4,0.0,121,sma,0.22504972127918116
FICO,2012-03-07,2012-05-07,35.0,39.78595733642578,41.20722887101165,24.94450371050516,12.4,0.0,42,sma,0.0177552513848518
SBUX,2011-12-07,2012-05-09,43.0,16.560087203979492,20.403875717548257,146.68290608345683,12.4,0.0,105,sma,0.20421303716003247
LOW,2012-04-09,2012-05-10,61.0,23.89934730529785,23.580860064151405,-44.22772170993335,12.4,0.0,23,sma,-0.03008156117020026
FUL,2012-04-11,2012-05-16,53.0,26.64284896850586,26.63819482874896,-25.046669407115814,12.4,0.0,25,sma,-0.017583137522079996
VMI,2012-04-25,2012-05-17,13.0,107.6925277709961,100.79170515809923,-114.51069396765934,12.4,0.0,16,egg,-0.08107509346499314
PSKY,2012-05-04,2012-05-18,56.0,25.55244255065918,23.237184783135362,-154.4544349813341,12.4,0.0,10,stop,-0.1070120548564903
STX,2012-04-27,2012-05-21,91.0,15.98015022277832,14.650739500243738,-145.77637575064728,12.4,0.0,16,stop,-0.09939793052804381
CCI,2012-05-07,2012-05-30,42.0,33.849788665771484,32.9197610457369,-63.86116004145288,12.4,0.0,16,egg,-0.04453075468803133
VRSK,2012-04-10,2012-06-04,32.0,44.05738830566406,44.21900375568669,-19.62830559927602,12.4,0.0,38,sma,-0.013801014545450118
AME,2012-05-09,2012-06-04,46.0,30.44819450378418,29.574093586289724,-65.00864220474523,12.4,0.0,17,sma,-0.04600697984179002
MAR,2012-05-10,2012-06-04,41.0,33.72189712524414,31.678952925314046,-108.56071219713408,12.4,0.0,16,egg,-0.07782142279178722
TOL,2012-05-30,2012-06-05,56.0,24.55558204650879,21.51657163464831,-194.98458306418684,12.4,0.0,4,stop,-0.14052815363435803
SBH,2012-05-16,2012-06-08,52.0,26.81999969482422,26.540000915527344,-39.35993652343768,12.4,0.0,16,egg,-0.02797357357811736
MKC,2012-05-18,2012-06-12,63.0,21.292945861816406,21.1042798520686,-36.685958614111996,12.4,0.0,16,egg,-0.027097394215605378
EIX,2012-06-04,2012-06-26,50.0,26.137765884399414,26.05053066120327,-29.161761159807384,12.4,0.0,16,egg,-0.022104161226602314
MNST,2011-12-23,2012-06-29,87.0,7.9116668701171875,11.841667175292969,323.31002655029295,12.4,0.0,129,sma,0.46551912962356956
ROST,2012-02-01,2012-06-29,31.0,22.223352432250977,27.31563596325089,139.26078946099733,12.4,0.0,104,sma,0.20033951411024378
CRUS,2012-06-12,2012-07-11,46.0,28.56999969482422,26.010000228881836,-142.5599754333498,12.4,0.0,20,stop,-0.10746104908858393
AAL,2012-06-05,2012-07-12,59.0,10.954656600952148,13.179523127240271,112.71922589133533,12.4,0.0,26,strength,0.1727570157278297
EQIX,2012-06-26,2012-07-19,10.0,124.98448181152344,118.99694922316417,-84.6753258835929,12.4,0.0,16,egg,-0.0670831241834915
ACHC,2012-06-08,2012-07-20,77.0,17.110000610351562,16.530000686645508,-69.45999412536639,12.4,0.0,29,sma,-0.05223066289989116
AAL,2012-06-05,2012-07-23,60.0,10.954656600952148,11.199768990284527,-3.9453574803933407,12.4,0.0,33,sma,-0.005945998794090424
EG,2012-06-29,2012-07-24,17.0,77.50035095214844,75.97262053077073,-50.77141716342135,12.4,0.0,16,egg,-0.03817669704047368
DLTR,2012-06-29,2012-07-24,22.0,53.79999923706055,50.720001220703125,-92.55995635986346,12.4,0.0,16,egg,-0.07739126894552693
HCA,2012-07-11,2012-08-02,53.0,22.357044219970703,21.01129461047178,-96.12472930344325,12.4,0.0,16,egg,-0.08028301612305666
INCY,2012-05-17,2012-08-03,63.0,22.06999969482422,19.65999984741211,-176.62999038696307,12.4,0.0,54,stop,-0.12591155809250576
CMS,2012-06-04,2012-08-16,89.0,14.79382038116455,15.184961493486503,10.011558996653548,12.4,0.0,52,sma,0.0075328685089112975
NEE,2012-05-21,2012-08-22,121.0,11.024038314819336,11.669149068544993,53.2584012008042,12.4,0.0,65,sma,0.03955883500484335
MO,2012-08-03,2012-08-27,80.0,15.126364707946777,14.414683801968657,-81.7344724782497,12.4,0.0,16,egg,-0.0668579623289022
PHM,2012-08-02,2012-09-06,56.0,9.831031799316406,12.006262165773805,103.2129005216143,12.4,0.0,24,strength,0.18538871276240718
ROST,2012-07-24,2012-09-11,45.0,28.954748153686523,29.10922527555007,-17.848529516140616,12.4,0.0,34,sma,-0.013569273627566207
LEN,2012-07-19,2012-09-17,26.0,25.513025283813477,30.72165573924164,116.94137297320776,12.4,0.0,41,strength,0.1746901499049251
HR,2012-06-04,2012-09-19,176.0,7.448935031890869,8.324370253899318,129.27659907348675,12.4,0.0,75,sma,0.09768427656845355
TJX,2012-07-23,2012-09-21,64.0,18.311506271362305,18.75679782577793,3.698659482599851,12.4,0.0,43,sma,0.0031229804963607897
COF,2012-07-23,2012-09-26,30.0,43.360992431640625,43.893791155028914,-8.816038298351486,12.4,0.0,46,sma,-0.006713248876891243
PZZA,2012-08-16,2012-10-10,64.0,20.04054832458496,19.695486639365992,-46.883947854014195,12.4,0.0,38,sma,-0.03620395792667042
EW,2012-09-19,2012-10-10,77.0,17.331666946411133,13.885000228881836,-290.19333724975604,12.4,0.0,15,stop,-0.21544663584620852
URBN,2012-09-21,2012-10-15,35.0,38.75,36.72999954223633,-95.5000160217287,12.4,0.0,16,egg,-0.06977679905142198
SHW,2012-08-22,2012-10-26,31.0,40.61784362792969,40.74899017843159,-20.73445693444114,12.4,0.0,46,sma,-0.01630640205187843
MTH,2012-08-27,2012-10-26,77.0,16.956735610961914,16.8629781985647,-32.01932075458558,12.4,0.0,43,breakeven,-0.02429260490176737
WMT,2012-07-24,2012-11-02,57.0,18.249197006225586,18.683619151572167,-0.03793771524510703,12.4,0.0,70,sma,-3.604176592408247e-05
AEO,2012-10-10,2012-11-05,88.0,14.804712295532227,14.25037962984113,-73.58127458081685,12.4,0.0,16,egg,-0.05594620831676087
PAG,2012-10-10,2012-11-05,59.0,22.29520606994629,20.769710123867792,-114.80426081863152,12.4,0.0,16,egg,-0.08646089570087148
GAP,2012-10-15,2012-11-08,55.0,23.38105583190918,22.685034673925514,-63.081163689101686,12.4,0.0,16,egg,-0.04858533644144832
MHO,2012-11-05,2012-11-13,56.0,22.600000381469727,20.40999984741211,-147.44002990722674,12.4,0.0,6,stop,-0.11536778360149061
LEN,2012-07-19,2012-11-14,27.0,25.513025283813477,30.763515871304502,123.0462647301822,12.4,0.0,81,sma,0.1770020300662756
STZ,2012-09-11,2012-11-14,48.0,27.4962158203125,28.80395668064135,37.97156129578457,12.4,0.0,44,sma,0.028502505635486536
PHM,2012-08-02,2012-11-15,56.0,9.831031799316406,12.94093231642325,155.5544289579833,12.4,0.0,72,sma,0.27940340018806786
AROC,2012-09-26,2012-11-15,126.0,10.553790092468262,10.591388168376424,-20.06264243557166,12.4,0.0,34,sma,-0.014947830419971468
WY,2012-11-05,2012-11-16,76.0,16.565967559814453,15.05914794304999,-139.31829087409938,12.4,0.0,9,stop,-0.1095774797802972
AMGN,2012-10-26,2012-11-21,21.0,59.97743225097656,59.53678060077575,-34.05368465421725,12.4,0.0,16,egg,-0.02677332060625317
HCSG,2012-10-26,2012-11-21,71.0,17.90019989013672,16.930575012647903,-93.64336630170601,12.4,0.0,16,egg,-0.0729699452175414
DVA,2012-11-08,2012-12-03,22.0,55.90999984741211,54.064998626708984,-65.39002685546893,12.4,0.0,16,egg,-0.052631177083553304
MAS,2012-11-20,2012-12-13,103.0,11.632673263549805,11.561350109810304,-32.14628483516867,12.4,0.0,16,egg,-0.026554770411626752
LAMR,2012-11-21,2012-12-14,53.0,22.26753807067871,21.902135122574116,-44.166356249543696,12.4,0.0,16,egg,-0.03703430722424285
CCL,2012-11-20,2012-12-21,31.0,29.987220764160156,29.848160598752898,-29.110865127624947,12.4,0.0,22,sma,-0.03090312775542868
AAL,2012-11-21,2013-01-09,51.0,11.755985260009766,14.254250920242672,108.8115486718782,12.4,0.0,32,strength,0.1796295599325704
HCA,2012-11-14,2013-01-16,23.0,26.422639846801758,32.33777280739865,117.44805809372849,12.4,0.0,42,strength,0.19130818514777326
SNA,2012-11-20,2013-02-08,21.0,57.37297058105469,56.90814456566919,-34.56134632309568,12.4,0.0,54,sma,-0.028393383899768775
TYL,2012-11-14,2013-02-20,13.0,46.15999984741211,55.75,106.07000198364256,12.4,0.0,65,strength,0.17495217115967066
AAL,2012-11-21,2013-02-21,51.0,11.755985260009766,12.840138449507126,36.69181266436533,12.4,0.0,61,sma,0.060572009519901736
PPG,2012-12-03,2013-02-21,25.0,47.44978713989258,51.48324836001966,76.03653050317689,12.4,0.0,54,sma,0.063435421578395
VMC,2012-12-21,2013-02-21,19.0,47.27684783935547,46.87873137693513,-32.36421278598641,12.4,0.0,40,sma,-0.03553928899266543
AVNT,2012-12-13,2013-02-22,77.0,15.141778945922852,16.62700821300144,89.56265356505105,12.4,0.0,47,sma,0.07600896462810962
AROC,2012-12-14,2013-03-04,49.0,11.40776252746582,13.754839334721062,96.4693898181331,12.4,0.0,52,strength,0.17070671012857824
PKG,2012-11-02,2013-03-07,27.0,24.08088493347168,28.972403540414152,113.47100238744679,12.4,0.0,84,strength,0.17287292324253675
ECHO,2013-02-22,2013-03-18,41.0,31.085899353027344,30.777957916259766,-37.425598907470885,12.4,0.0,16,egg,-0.029081484804076164
MIDD,2012-11-13,2013-03-21,18.0,33.86162567138672,40.552425384521484,101.83439483642576,12.4,0.0,87,strength,0.1653936380485596
ACAD,2013-02-08,2013-03-22,111.0,6.0,8.229999542236328,228.95775187881543,12.4,0.0,29,strength,0.340623656847593
APO,2013-02-21,2013-04-01,131.0,9.923361778259277,10.26974350495195,20.57600619674008,12.4,0.0,26,sma,0.01567862479486852
AROC,2012-12-14,2013-04-04,50.0,11.40776252746582,13.394990620116229,80.69877836989417,12.4,0.0,74,sma,0.13994394007293587
EVR,2013-02-21,2013-04-04,44.0,29.241357803344727,29.279171727760986,-23.136187325684887,12.4,0.0,29,sma,-0.017810497064555893
MIDD,2012-11-13,2013-04-09,18.0,33.86162567138672,39.42075729370117,81.46436920166013,12.4,0.0,99,sma,0.13230979980031382
TREX,2013-03-18,2013-04-10,221.0,6.193749904632568,6.0625,-53.80622892379779,12.4,0.0,16,egg,-0.0389556178156677
HCA,2012-11-14,2013-04-11,23.0,26.422639846801758,33.98662349211948,155.37162384230749,12.4,0.0,100,sma,0.25308092669368315
TYL,2012-11-14,2013-04-19,13.0,46.15999984741211,57.4900016784668,128.69002380371091,12.4,0.0,106,sma,0.21226170123501065
NPO,2013-04-01,2013-04-23,32.0,43.55206298828125,41.91484580060871,-77.19095000552147,12.4,0.0,16,egg,-0.05489852478314106
HRB,2013-04-10,2013-05-02,76.0,17.975831985473633,17.354899402206005,-71.99087632833994,12.4,0.0,16,egg,-0.05222167160337616
RDN,2013-04-04,2013-05-07,82.0,8.24634075164795,10.384583128187803,156.77345063384382,12.4,0.0,23,strength,0.22975102155908675
CAR,2013-04-04,2013-05-29,26.0,25.87141990661621,31.657575015897102,131.84003284130313,12.4,0.0,38,strength,0.19420886703613197
HRL,2013-04-09,2013-05-30,95.0,14.462176322937012,14.76107368869294,3.595249746813124,12.4,0.0,36,sma,0.0025934013125537784
FLO,2013-04-11,2013-06-06,108.0,12.833500862121582,13.069511934844016,0.6891958540227279,12.4,0.0,39,sma,0.0004928396288769583
MAT,2013-04-19,2013-06-06,39.0,35.38248062133789,35.75776011641708,-10.164099691911815,12.4,0.0,33,sma,-0.007300134638197589
SYNA,2013-05-02,2013-06-10,35.0,39.97999954223633,40.540000915527344,-5.199951934814635,12.4,0.0,26,sma,-0.003683468154586783
POOL,2013-02-21,2013-06-21,34.0,38.50074005126953,42.78394650989791,120.82901959336459,12.4,0.0,84,sma,0.09143841292833597
RDN,2013-04-04,2013-06-21,83.0,8.24634075164795,9.773561314451225,108.12173095509615,12.4,0.0,55,sma,0.15654301122019026
CAR,2013-04-04,2013-06-21,26.0,25.87141990661621,28.322696620021826,45.13319454854593,12.4,0.0,55,sma,0.06648410494212523
WT,2013-05-30,2013-06-21,154.0,9.887828826904297,8.351102822515085,-261.4558046759389,12.4,0.0,16,stop,-0.1703155741622501
WOR,2013-04-23,2013-06-24,94.0,14.949307441711426,15.282461904074102,6.51651946209131,12.4,0.0,43,sma,0.004596754400088297
IVZ,2013-06-10,2013-06-25,77.0,19.837810516357422,18.407587249697713,-134.92719153279768,12.4,0.0,11,stop,-0.08762009988215388
SAIA,2013-06-06,2013-06-28,47.0,31.360000610351562,30.639999389648438,-58.64005737304706,12.4,0.0,16,egg,-0.03945318386435786
TXRH,2013-06-21,2013-07-18,77.0,19.410911560058594,19.50692306778651,-17.40711390495062,12.4,0.0,18,sma,-0.011550530648762885
CBOE,2013-06-06,2013-07-18,21.0,34.01315689086914,40.86618468601708,125.4577697446183,12.4,0.0,29,strength,0.1741665659992561
CRI,2013-06-21,2013-07-30,27.0,54.1009635925293,52.98417324239653,-54.95333945358493,12.4,0.0,26,sma,-0.0373038958103261
PODD,2013-06-24,2013-08-07,47.0,31.200000762939453,30.6299991607666,-51.590075302124205,12.4,0.0,31,sma,-0.034886444448986136
OPCH,2013-07-18,2013-08-09,23.0,66.16000366210938,54.040000915527344,-303.5600631713869,12.4,0.0,16,stop,-0.19787758559165858
RMBS,2013-07-30,2013-08-13,158.0,9.8100004196167,8.789999961853027,-185.96007232666034,12.4,0.0,10,stop,-0.11902358224981353
BBY,2013-06-28,2013-08-21,41.0,17.213542938232422,21.83026518528867,170.76031092448693,12.4,0.0,37,strength,0.23987213602705643
CBOE,2013-06-06,2013-08-28,22.0,34.01315689086914,38.9597493596899,90.0808482675452,12.4,0.0,58,sma,0.11937030603166161
MET,2013-06-21,2013-08-28,57.0,26.180374145507812,26.805690311121513,10.843021439980703,12.4,0.0,47,sma,0.007206191271534712
ILMN,2013-08-07,2013-08-29,20.0,76.41050720214844,75.34046936035156,-46.20075683593768,12.4,0.0,16,egg,-0.029988610041664834
CI,2013-08-13,2013-09-20,21.0,71.28831481933594,70.26819923236997,-46.22242732628547,12.4,0.0,27,sma,-0.030621939197862817
AIZ,2013-06-21,2013-09-23,38.0,39.11620330810547,42.0875907288669,88.11272198893425,12.4,0.0,64,sma,0.05878822891807579
PRLB,2013-08-09,2013-09-24,11.0,66.02999877929688,79.6500015258789,131.48959542979367,12.4,0.0,31,strength,0.17956671096124974
EQT,2013-06-25,2013-10-08,36.0,39.83131790161133,42.67997249772865,77.75156546022345,12.4,0.0,73,sma,0.05375792719563571
ACAD,2013-02-08,2013-10-10,112.0,6.0,20.610000610351562,1616.922265668792,13.17,0.0,169,sma,2.3840400810086737
PRLB,2013-08-09,2013-10-10,12.0,66.02999877929688,72.33000183105469,56.730471403702495,12.4,0.0,43,sma,0.07101699150124968
HUM,2013-08-28,2013-10-18,18.0,83.29480743408203,84.85579573981884,3.297789503262493,12.4,0.0,36,sma,0.0021815011243904526
BSX,2013-09-23,2013-10-25,143.0,11.5,11.550000190734863,-17.649972724914733,12.4,0.0,24,sma,-0.010652406738436074
CIEN,2013-10-08,2013-10-30,64.0,26.020000457763672,23.899999618530273,-160.48005371093768,12.4,0.0,16,egg,-0.0956559361192347
STZ,2013-08-28,2013-10-30,16.0,45.762752532958984,55.051094109846346,130.2013440180766,12.4,0.0,44,strength,0.17637292539258703
MGM,2013-10-10,2013-11-01,81.0,19.211347579956055,18.03070713997946,-120.43187563810443,12.4,0.0,16,egg,-0.07678062160273329
INVX,2013-08-29,2013-11-04,14.0,103.37999725341797,114.20999908447266,126.82002563476544,12.4,0.0,46,sma,0.08687969540423943
INCY,2013-09-20,2013-11-08,46.0,35.65999984741211,36.970001220703125,35.46006317138654,12.4,0.0,35,sma,0.021455059005530457
CHRD,2013-10-30,2013-11-08,50.0,32.69147491455078,29.84662897782445,-167.0422968363166,12.4,0.0,7,stop,-0.1014237763471614
LGND,2013-11-01,2013-11-08,49.0,32.49531936645508,28.35308837890625,-227.76931838989276,12.4,0.0,5,stop,-0.14194147474314261
HALO,2013-10-10,2013-11-11,75.0,10.260000228881836,13.050000190734863,190.69105674162608,12.4,0.0,22,strength,0.24584394324617564
PLXS,2013-10-25,2013-11-18,41.0,40.34000015258789,39.47999954223633,-60.060025024414244,12.4,0.0,16,egg,-0.036043079322902294
NOW,2013-10-18,2013-11-19,161.0,10.366000175476074,10.402000427246094,-19.003959465027037,12.4,0.0,22,sma,-0.011302959179659277
BBY,2013-06-28,2013-11-20,42.0,17.213542938232422,24.6819825939474,294.99976674484833,12.4,0.0,101,sma,0.40452848171359007
AXON,2013-11-08,2013-12-03,90.0,16.8700008392334,16.489999771118164,-59.000096130371276,12.4,0.0,16,egg,-0.03854451768410863
MKTX,2013-11-08,2013-12-05,26.0,58.24235153198242,57.14760886491614,-53.26330934372368,12.4,0.0,18,sma,-0.03488784278342831
PKG,2012-11-02,2013-12-06,27.0,24.08088493347168,42.21974784774354,471.1492986853402,12.4,0.0,275,sma,0.7177953383129404
WEN,2013-11-18,2013-12-11,273.0,5.868549823760986,5.773267004543113,-50.81220964647946,12.4,0.0,16,egg,-0.03147213739855194
MTDR,2013-11-19,2013-12-12,83.0,19.137094497680664,17.87229345916073,-129.77848619715473,12.4,0.0,16,egg,-0.08107208983909932
PCRX,2013-11-20,2013-12-13,29.0,52.2400016784668,49.290000915527344,-110.35002212524432,12.4,0.0,16,egg,-0.07224885986832984
CSGP,2013-12-06,2013-12-31,85.0,18.57200050354004,18.297000885009766,-48.174967575073424,12.4,0.0,16,egg,-0.030279296475903623
STZ,2013-08-28,2014-01-07,17.0,45.762752532958984,57.84264632961537,186.5703157552798,12.4,0.0,90,sma,0.23786473447740497
BKNG,2013-12-12,2014-01-07,33.0,46.03179168701172,44.9186371733311,-61.53409895146069,12.4,0.0,16,egg,-0.04018030891132878
INCY,2013-12-05,2014-01-10,17.0,46.54999923706055,57.290000915527344,163.98002853393552,12.4,0.0,24,strength,0.2056047034049558
NXST,2013-12-03,2014-01-15,46.0,34.84131622314453,35.797384788459645,19.179154004495103,12.4,0.0,29,sma,0.011874897850076283
UAA,2013-12-11,2014-01-17,74.0,21.11750030517578,20.602500915527344,-62.90995483398456,12.4,0.0,25,sma,-0.03994041878871418
GNRC,2013-12-13,2014-01-17,29.0,51.97999954223633,50.619998931884766,-64.2400177001955,12.4,0.0,23,sma,-0.04226817535057553
PII,2013-11-04,2014-01-21,16.0,95.28517150878906,99.34533709652503,40.162649403775276,12.4,0.0,52,sma,0.026131179533718466
WST,2013-11-08,2014-01-27,34.0,44.02070999145508,45.57112485851044,27.914105479881982,12.4,0.0,52,sma,0.018497136642442652
ANDE,2014-01-07,2014-01-28,34.0,46.45772171020508,42.37065506466677,-163.76026594830273,12.4,0.0,14,stop,-0.10286690925460967
HALO,2013-10-10,2014-02-04,76.0,10.260000228881836,14.140000343322754,276.2389490948607,12.4,0.0,79,sma,0.35144856308597666
EXTR,2013-12-31,2014-02-04,230.0,6.980000019073486,6.960000038146973,-29.399995613098326,12.4,0.0,23,sma,-0.01817282453540359
PKG,2014-01-07,2014-02-04,36.0,44.19374465942383,43.741801104657824,-41.06996797157626,12.4,0.0,19,sma,-0.02561470204804109
ITT,2014-01-21,2014-02-04,41.0,38.0582160949707,33.48076506069917,-212.47549240513308,12.4,0.0,10,stop,-0.13509490562470766
WEN,2014-01-15,2014-02-07,263.0,6.153623104095459,6.072117265744371,-46.23603548633628,12.4,0.0,16,egg,-0.0283517009664905
CGNX,2014-01-17,2014-02-18,93.0,17.32118797302246,16.813222889745433,-72.04075274476372,12.4,0.0,20,sma,-0.04438000540648604
ACHC,2014-01-28,2014-03-03,30.0,51.439998626708984,49.18000030517578,-92.59994964599628,12.4,0.0,23,sma,-0.05952683986784938
RGEN,2014-02-07,2014-03-07,101.0,14.829999923706055,14.170000076293945,-91.45998458862323,12.4,0.0,19,sma,-0.0605603021097992
SAFE,2014-01-27,2014-03-11,29.0,52.722835540771484,52.546845539062275,-29.90371004956728,12.4,0.0,30,sma,-0.01940083223417812
INCY,2013-12-05,2014-03-17,17.0,46.54999923706055,63.04999923706055,261.89999999999986,12.4,0.0,68,sma,0.32838067112919256
MU,2014-01-17,2014-03-24,73.0,21.82356834411621,23.21801636461765,76.99470549660487,12.4,0.0,44,sma,0.04795622729099095
SBAC,2014-02-04,2014-03-24,18.0,82.97608947753906,83.52852227566318,-14.856209633766184,12.4,0.0,33,sma,-0.009864880094021049
BIIB,2014-02-04,2014-03-24,4.0,308.17999267578125,320.20001220703125,23.280078124999818,12.4,0.0,33,sma,0.018697056245795696
PCRX,2014-03-11,2014-03-25,21.0,73.69000244140625,66.05999755859375,-185.03010253906268,12.4,0.0,10,stop,-0.11861740023822459
ENS,2014-02-18,2014-03-27,25.0,61.7462043762207,60.768649965691935,-49.238860263219294,12.4,0.0,27,sma,-0.03164339101205145
AAP,2014-03-07,2014-03-31,14.0,109.67703247070312,108.39662770578212,-42.725666708894096,12.4,0.0,16,egg,-0.027602727192307566
UAA,2014-03-24,2014-04-07,48.0,29.65999984741211,26.25,-188.47999267578143,12.4,0.0,10,stop,-0.13124616569902586
AAL,2014-03-03,2014-04-09,45.0,34.032958984375,34.014115038635765,-25.647977558265666,12.4,0.0,27,sma,-0.01661264162827557
RVTY,2014-02-04,2014-04-14,36.0,41.01788330078125,42.205158065413926,17.94189152677609,12.4,0.0,48,sma,0.01204927050560657
TRN,2014-03-24,2014-04-14,81.0,18.496788024902344,17.20799446105957,-129.19227867126483,12.4,0.0,15,stop,-0.08552156252215544
LUV,2014-03-24,2014-04-15,73.0,20.344993591308594,19.927125267458514,-55.30438764105588,12.4,0.0,16,egg,-0.036929059063587545
TDG,2014-03-27,2014-04-21,14.0,100.36981964111328,98.85492616786865,-46.00850862542484,12.4,0.0,16,egg,-0.03245572777333896
CBT,2014-04-07,2014-04-30,32.0,43.10832214355469,42.479564689577685,-44.920238527264246,12.4,0.0,16,egg,-0.03227338592069858
AA,2014-02-04,2014-05-05,29.0,25.300344467163086,30.174318087636706,122.85031973949765,12.4,0.0,62,strength,0.16605772541124553
TSN,2014-04-14,2014-05-06,44.0,32.190738677978516,29.28916650503631,-152.46917560945735,12.4,0.0,15,stop,-0.10671190912190678
RBA,2014-04-14,2014-05-07,75.0,18.962413787841797,18.57671578722547,-53.72735004622473,12.4,0.0,16,egg,-0.037451596507669944
THRM,2014-04-09,2014-05-23,20.0,35.029998779296875,42.11000061035156,123.15125613328894,12.4,0.0,31,strength,0.17427506250423158
CRK,2014-05-06,2014-05-29,12.0,123.64098358154297,122.30207293943444,-40.86692770530249,12.4,0.0,16,egg,-0.02731578879313554
TRGP,2014-03-17,2014-06-04,11.0,55.74953079223633,67.0645905202081,106.13522222508084,12.4,0.0,55,strength,0.17141385770399206
FANG,2014-03-25,2014-06-04,14.0,48.879730224609375,59.57715780064015,131.1639860644308,12.4,0.0,49,strength,0.18995062196674412
CAR,2014-03-31,2014-06-06,15.0,46.270225524902344,55.38175264873369,118.27290685747016,12.4,0.0,47,strength,0.1689484112939944
GBX,2014-05-07,2014-06-20,20.0,35.92268371582031,43.963466301167614,142.36687121914122,12.4,0.0,31,strength,0.1965029521640673
BF-B,2014-04-21,2014-07-18,50.0,28.61076545715332,29.680905583161923,28.707006300430066,12.4,0.0,62,sma,0.019894826300211232
LAZ,2014-05-29,2014-07-18,58.0,26.103927612304688,26.508798275063608,-1.317501559982702,12.4,0.0,35,sma,-0.000863127334732904
NXPI,2014-04-30,2014-07-28,25.0,52.52972412109375,55.534187526307186,50.31158513033574,12.4,0.0,61,sma,0.0379525869485084
CAR,2014-03-31,2014-07-30,16.0,46.270225524902344,55.068217085919954,121.96786497628182,12.4,0.0,84,sma,0.16333736285354206
THRM,2014-04-09,2014-07-31,21.0,35.029998779296875,42.150001525878906,130.76883816602754,12.4,0.0,78,sma,0.17624279327439354
BKR,2014-04-15,2014-07-31,42.0,34.1940803527832,36.88478566268989,88.20962301608074,12.4,0.0,74,sma,0.06089506009217723
TRGP,2014-03-17,2014-08-01,12.0,55.74953079223633,73.84997398427282,198.33575308704667,12.4,0.0,96,sma,0.293628931007281
FANG,2014-03-25,2014-08-01,14.0,48.879730224609375,62.59555868121328,173.4215983924546,12.4,0.0,90,sma,0.25114775378152976
RGEN,2014-07-18,2014-08-01,70.0,23.200000762939453,20.889999389648438,-186.50009613037128,12.4,0.0,10,stop,-0.11396974458795542
SIG,2014-07-18,2014-08-01,18.0,89.43138885498047,81.99103338868976,-158.726398393233,12.4,0.0,10,stop,-0.09784849164724611
GBX,2014-05-07,2014-08-08,21.0,35.92268371582031,44.159380968940916,154.21942280333758,12.4,0.0,65,sma,0.20272621547538433
REX,2014-07-31,2014-08-29,56.0,14.058333396911621,18.086666107177734,207.0414990315395,12.4,0.0,21,strength,0.26095086845999454
VMRK,2014-07-31,2014-09-11,44.0,36.10772705078125,35.94016623080652,-32.172676078888344,12.4,0.0,29,sma,-0.02009360597768775
REX,2014-07-31,2014-09-15,57.0,14.058333396911621,14.831666946411133,25.42514506483508,12.4,0.0,31,sma,0.03148313372039727
UDR,2014-08-01,2014-09-15,83.0,18.78767204284668,18.417245722234547,-55.545384610807105,12.4,0.0,30,sma,-0.035339232220040824
AA,2014-02-04,2014-09-16,30.0,25.300344467163086,35.74775047778213,294.7170955728084,12.4,0.0,155,sma,0.385092327095762
SANM,2014-08-01,2014-09-22,67.0,22.989999771118164,22.6299991607666,-48.92004089355487,12.4,0.0,35,sma,-0.03150582611059188
CENX,2014-09-16,2014-09-26,55.0,26.959999084472656,24.540000915527344,-157.89989929199237,12.4,0.0,8,stop,-0.10560453759336788
SWKS,2014-08-01,2014-10-02,38.0,40.85788345336914,42.210305087786764,26.592022107869525,12.4,0.0,43,sma,0.016991712072485256
GBX,2014-09-11,2014-10-02,31.0,52.42927551269531,47.60094673755775,-174.47819202926462,12.4,0.0,15,stop,-0.10653806474754768
STLD,2014-09-22,2014-10-06,80.0,18.653772354125977,17.048851774562017,-153.19364636511682,12.4,0.0,10,stop,-0.10180997161911498
R,2014-09-15,2014-10-07,24.0,65.166015625,63.03545807145706,-75.93338128503092,12.4,0.0,16,egg,-0.04816933134409615
TDG,2014-09-15,2014-10-07,13.0,118.73397064208984,114.19684270932603,-83.78266312592973,12.4,0.0,16,egg,-0.05384691953604894
SAIA,2014-08-01,2014-10-08,34.0,45.65999984741211,48.08000183105469,57.480067443847474,12.4,0.0,47,sma,0.03673223309374368
NSC,2014-07-28,2014-10-10,20.0,80.7094955444336,81.27990681844639,-13.391774519744104,12.4,0.0,53,sma,-0.008233036753822993
PTCT,2014-10-06,2014-10-10,33.0,41.11000061035156,36.150001525878906,-188.47996978759784,12.4,0.0,4,stop,-0.13767409553817012
PANW,2014-10-08,2014-10-14,89.0,17.040000915527344,15.119999885559082,-195.68009166717547,12.4,0.0,4,stop,-0.12798247255580011
KDP,2014-08-08,2014-10-16,212.0,7.3039164543151855,7.461529964050234,8.614064063830028,12.4,0.0,48,sma,0.005518898581299552
KR,2014-07-30,2014-10-17,81.0,19.63916778564453,20.429124725110817,39.18651209676909,12.4,0.0,56,sma,0.024443102586474346
PPC,2014-10-08,2014-10-17,75.0,20.285655975341797,17.532236695794026,-231.30644596608295,12.4,0.0,7,stop,-0.1508037532886586
LLY,2014-09-26,2014-10-20,25.0,53.07496643066406,50.76488228127094,-82.55210373482828,12.4,0.0,16,egg,-0.06163943586246403
CNC,2014-10-02,2014-11-13,38.0,20.172500610351562,24.19499969482422,134.25496520996091,12.4,0.0,30,strength,0.17373548043099232
GILD,2014-11-07,2014-12-02,20.0,73.0584945678711,69.43471905609454,-97.27551023553133,12.4,0.0,16,egg,-0.06601350285864158
XPO,2014-11-10,2014-12-03,112.0,13.356879234313965,13.177035331726074,-44.94251708984393,12.4,0.0,16,egg,-0.029795410250518305
CENX,2014-11-11,2014-12-04,35.0,27.440000534057617,27.100000381469727,-36.700005340576126,12.4,0.0,16,egg,-0.03772615608079584
STE,2014-10-13,2014-12-10,14.0,49.693546295166016,59.64934874606887,120.99502741608819,12.4,0.0,41,strength,0.17243229605668547
EHC,2014-11-06,2014-12-11,56.0,26.719654083251953,25.636775493796154,-85.441201009525,12.4,0.0,24,sma,-0.0566323095426114
VRTX,2014-10-02,2014-12-17,14.0,104.80000305175781,110.37000274658203,53.17999572753888,12.4,0.0,53,sma,0.03594214260065212
IRM,2014-10-08,2014-12-19,44.0,17.271244049072266,21.3297046296688,159.9722655462475,12.4,0.0,51,strength,0.20880434938979375
REGN,2014-11-06,2014-12-24,4.0,373.4161682128906,388.92979744814534,37.254516941018665,12.4,0.0,33,sma,0.024736332783426532
STE,2014-10-13,2015-01-16,15.0,49.693546295166016,55.54868403687869,69.01327302224183,12.4,0.0,66,sma,0.09179530945275671
ANIP,2014-12-04,2015-01-22,28.0,53.45000076293945,53.619998931884766,-20.040051269531432,12.4,0.0,32,sma,-0.01328035187927933
ISRG,2014-12-03,2015-01-26,26.0,57.62333297729492,57.49444580078125,-28.15106658935565,12.4,0.0,35,sma,-0.01863560341884634
NCLH,2014-12-11,2015-01-30,34.0,43.72999954223633,44.0,-15.619984436035338,12.4,0.0,33,sma,-0.010418740810683056
PTCT,2014-12-24,2015-02-04,29.0,51.65999984741211,50.0099983215332,-72.65004425048846,12.4,0.0,27,sma,-0.04809541254340369
AXON,2015-01-22,2015-02-13,57.0,27.440000534057617,27.3700008392334,-28.78998260498065,12.4,0.0,16,egg,-0.018262193018024994
IRM,2014-10-08,2015-02-20,44.0,17.271244049072266,20.28304509764614,113.91924613725052,12.4,0.0,92,sma,0.14869348753323536
SWKS,2014-12-17,2015-02-24,13.0,55.807533264160156,67.87726745855593,138.3065445271451,12.4,0.0,45,strength,0.18902136851344048
MNST,2014-12-02,2015-03-02,41.0,18.26333236694336,23.696666717529297,204.2414071692042,12.4,0.0,60,strength,0.27054639629133104
ACAD,2015-01-21,2015-03-06,24.0,32.470001220703125,39.0,138.11997070312498,12.4,0.0,31,strength,0.17584147979772766
LULU,2015-02-09,2015-03-09,23.0,65.43000030517578,62.29999923706055,-96.79002456665057,12.4,0.0,19,sma,-0.06379138076366161
ACAD,2015-01-21,2015-03-16,24.0,32.470001220703125,34.0,18.119970703124977,12.4,0.0,37,sma,0.023068658689317827
ULTA,2014-11-06,2015-03-16,6.0,122.08000183105469,150.0,148.91998901367185,12.4,0.0,87,strength,0.2016028412828246
BYD,2015-02-13,2015-03-26,118.0,13.400474548339844,12.784575908602148,-97.47603948904816,12.4,0.0,28,sma,-0.06116504420693169
SHW,2015-02-09,2015-03-27,19.0,81.93630981445312,83.92337692270239,12.954275056735923,12.4,0.0,33,sma,0.00825539035676517
CME,2015-03-09,2015-03-31,26.0,61.872474670410156,60.64232276650119,-56.78394950163329,12.4,0.0,16,egg,-0.0350283745579329
CVS,2015-03-16,2015-04-08,22.0,74.92353057861328,74.10534390424128,-42.80010683618411,12.4,0.0,16,egg,-0.02577205478029236
IBKR,2015-02-20,2015-04-16,214.0,7.4815754890441895,7.599161857858291,0.3634829262175572,12.4,0.0,38,sma,0.00022528204431630948
DLTR,2015-01-26,2015-04-20,22.0,70.36000061035156,79.79000091552734,182.660006713867,12.4,0.0,58,sma,0.11706573340208382
WT,2015-03-27,2015-04-28,98.0,16.759109497070312,15.740558326562155,-124.61801470979958,12.4,0.0,21,sma,-0.0753073254413643
CNC,2014-10-02,2015-04-30,38.0,20.172500610351562,31.959999084472656,429.3249420166014,12.4,0.0,144,sma,0.5555770316994437
BMRN,2015-04-08,2015-04-30,13.0,123.63999938964844,116.33999633789062,-119.70003967285174,12.4,0.0,16,egg,-0.07390168687132953
SWKS,2014-12-17,2015-05-01,13.0,55.807533264160156,75.66735409273939,239.57767077152994,12.4,0.0,92,sma,0.32742701619306985
COLM,2015-03-26,2015-05-04,32.0,51.085845947265625,50.55884123679686,-41.6641507350007,12.4,0.0,26,sma,-0.02529473626607981
MMS,2015-04-16,2015-05-08,28.0,58.344974517822266,57.86432501352017,-38.25818612045873,12.4,0.0,16,egg,-0.023242289287058085
MNST,2014-12-02,2015-05-11,42.0,18.26333236694336,21.540000915527344,118.94538024534666,12.4,0.0,109,sma,0.1538084178473982
LULU,2015-04-20,2015-05-12,24.0,66.19000244140625,65.52999877929688,-40.64008789062518,12.4,0.0,16,egg,-0.025384823108155857
ULTA,2014-11-06,2015-05-15,6.0,122.08000183105469,149.41000366210938,145.3800109863281,12.4,0.0,130,sma,0.19681053883156838
DY,2015-04-28,2015-05-20,33.0,49.029998779296875,53.41999816894531,120.06997985839826,12.4,0.0,16,egg,0.07364494558053751
INCY,2015-03-31,2015-06-01,9.0,91.66000366210938,111.62999725341797,161.12994232177732,12.4,0.0,42,strength,0.19386617890144253
CRUS,2015-05-01,2015-06-09,44.0,35.79999923706055,34.970001220703125,-61.319912719726744,12.4,0.0,26,sma,-0.03862428446480116
CRH,2015-05-15,2015-06-09,61.0,21.737340927124023,20.898383737331688,-75.97638857733273,12.4,0.0,16,egg,-0.05676752018220976
AKAM,2015-04-30,2015-06-10,22.0,73.77999877929688,73.25,-36.45997314453143,12.4,0.0,28,sma,-0.022292042935260516
MSCI,2015-05-11,2015-06-11,29.0,54.31719207763672,54.459374217718796,-20.67671793761997,12.4,0.0,22,sma,-0.013023895539503363
INCY,2015-03-31,2015-06-26,9.0,91.66000366210938,104.86000061035156,100.19997253417966,12.4,0.0,61,sma,0.12055726900490232
IART,2015-06-09,2015-07-01,52.0,30.9222412109375,30.48372459411621,-47.60286407470721,12.4,0.0,16,egg,-0.029378018240041923
RVTY,2015-05-04,2015-07-06,31.0,50.23705291748047,50.111611122589544,-28.68869564161878,12.4,0.0,43,sma,-0.018275980563068187
APTV,2015-06-11,2015-07-06,23.0,69.6059799194336,67.53588030655608,-72.41229109618303,12.4,0.0,16,egg,-0.04488353452641624
RNG,2015-05-08,2015-07-07,94.0,16.949073791503906,17.496140090760896,26.62423213015677,12.4,0.0,40,sma,0.016581974102568706
FTNT,2015-05-20,2015-07-07,210.0,7.757999897003174,8.128000259399414,52.90007610321027,12.4,0.0,32,sma,0.03222509825912698
ACIW,2015-06-09,2015-07-07,67.0,24.40999984741211,23.8700008392334,-60.979933547973815,12.4,0.0,19,sma,-0.03700530619908939
SCI,2015-06-10,2015-07-09,67.0,24.242589950561523,24.16787285167675,-29.80604562527992,12.4,0.0,20,sma,-0.018211579383941787
MMSI,2015-04-30,2015-07-27,41.0,19.40999984741211,25.280000686645508,222.14473320374998,12.4,0.0,60,strength,0.27701079451548055
EPAM,2015-07-07,2015-07-29,21.0,74.33000183105469,72.75,-57.98003845214862,12.4,0.0,16,egg,-0.036851796530364175
CRI,2015-07-07,2015-07-30,20.0,81.21235656738281,76.71310066224797,-114.7851181026972,12.4,0.0,17,sma,-0.070134310508448
AMN,2015-07-09,2015-07-31,52.0,30.479999542236328,29.010000228881836,-101.23996429443378,12.4,0.0,16,egg,-0.06337955489251162
LGND,2015-07-01,2015-08-10,26.0,60.567684173583984,58.633811950683594,-75.08067779541034,12.4,0.0,27,sma,-0.04730505292459826
LAD,2015-07-29,2015-08-20,15.0,105.84091186523438,101.85057670346478,-84.65502742654417,12.4,0.0,16,egg,-0.052908939837001116
PANW,2015-07-30,2015-08-21,53.0,30.864999771118164,25.65833282470703,-300.7533481597902,12.4,0.0,16,stop,-0.18246883829362245
SEIC,2015-05-12,2015-08-24,39.0,40.768795013427734,42.21757525954053,31.702429598398794,12.4,0.0,72,sma,0.019784551813839278
DY,2015-06-26,2015-08-24,24.0,59.619998931884766,59.0,-39.67997436523456,12.4,0.0,40,sma,-0.027492915491109833
ULTA,2015-07-06,2015-08-24,10.0,157.22999572753906,143.0,-167.0999572753908,12.4,0.0,35,sma,-0.10544580159053542
ORLY,2015-07-06,2015-08-24,96.0,15.498666763305664,15.602666854858398,-14.815991210937682,12.4,0.0,35,sma,-0.009875536648900288
FISV,2015-07-07,2015-08-24,38.0,42.47999954223633,40.630001068115234,-95.09994201660174,12.4,0.0,34,sma,-0.05846403816061625
HAS,2015-07-31,2015-08-24,30.0,54.82268142700195,48.6051688511169,-211.32537727655176,12.4,0.0,16,egg,-0.12752873778305446
JLL,2015-08-10,2015-08-24,9.0,174.5433349609375,152.02665744880798,-227.45009760916582,12.4,0.0,10,stop,-0.14365662355274192
MMSI,2015-04-30,2015-08-25,42.0,19.40999984741211,22.219999313354492,99.34527877439939,12.4,0.0,81,sma,0.12093234404935185
SCI,2015-08-20,2015-08-25,64.0,25.670578002929688,24.159565556401667,-121.50479657779351,12.4,0.0,3,stop,-0.073402736244026
CENTA,2015-10-27,2015-11-04,104.0,13.984000205993652,12.232000350952148,-207.0079849243166,12.4,0.0,6,stop,-0.14113513399870914
ELS,2015-10-28,2015-11-19,61.0,23.559114456176758,23.047127489401824,-56.03120497327109,12.4,0.0,16,egg,-0.03865538029905618
BLKB,2015-10-30,2015-11-23,23.0,60.95417785644531,59.39867120530962,-60.57665297612107,12.4,0.0,16,egg,-0.04283014841594765
HOMB,2015-10-27,2015-12-04,89.0,16.299407958984375,16.286575862408377,-25.94205659526392,12.4,0.0,27,sma,-0.017731522724666954
SBUX,2015-11-04,2015-12-04,29.0,49.27779769897461,47.76178388730981,-68.76440053827923,12.4,0.0,21,sma,-0.04770481664417487
BYD,2015-11-19,2015-12-11,76.0,19.008888244628906,17.114534236460813,-168.77090462077535,12.4,0.0,15,stop,-0.1158285235440835
SNX,2015-10-27,2015-12-14,36.0,40.53019714355469,40.37045407216477,-30.55075057003728,12.4,0.0,33,sma,-0.020761820221757567
AIZ,2015-10-29,2015-12-15,21.0,66.6439208984375,67.04356333816528,-16.407508765716784,12.4,0.0,32,sma,-0.0116206878480872
ROCK,2015-11-23,2015-12-16,53.0,25.549999237060547,24.979999542236328,-55.009983825683776,12.4,0.0,16,egg,-0.040254645240505066
SKYW,2015-10-29,2015-12-21,80.0,18.142406463623047,19.18186748641076,58.35688182301692,12.4,0.0,36,sma,0.039866908145585994
JKHY,2015-12-04,2015-12-29,19.0,69.50634002685547,69.17200683222786,-31.152330697924754,12.4,0.0,16,egg,-0.023369731838924854
TYL,2015-10-29,2016-01-04,8.0,170.11000061035156,172.5,-5.680004882812682,12.4,0.0,44,sma,-0.0041360864955558565
GOOGL,2015-12-04,2016-01-05,37.0,38.61806106567383,37.86920900632644,-52.507526195853416,12.4,0.0,20,sma,-0.036431473358486254
BLKB,2015-12-11,2016-01-07,21.0,61.33738327026367,60.24624423811032,-47.713919675220495,12.4,0.0,17,sma,-0.03668932582025002
RNG,2015-12-17,2016-01-08,60.0,23.5436954498291,21.086876409686646,-172.20914240854745,12.4,0.0,14,stop,-0.12084667843789766
LDOS,2015-12-17,2016-01-11,38.0,35.42323303222656,32.70360694504599,-128.145791312862,12.4,0.0,15,stop,-0.09433007624647172
MSCI,2015-12-17,2016-01-12,22.0,62.88322067260742,60.91395700635526,-68.12380065754769,12.4,0.0,16,egg,-0.04880519758064627
EXR,2015-10-30,2016-01-21,27.0,53.00568389892578,57.3171172188565,91.60869963812934,12.4,0.0,55,sma,0.06346055192415874
STZ,2015-10-28,2016-02-08,12.0,114.27149963378906,114.72096830756765,-19.406375914657247,12.4,0.0,69,sma,-0.014025413777315178
OGS,2016-03-16,2016-04-08,30.0,43.938880920410156,43.814677001402046,-28.526117570243514,12.4,0.0,16,egg,-0.021439078108586807
TXNM,2016-03-16,2016-04-08,54.0,24.689422607421875,24.218257314358688,-50.242925825412385,12.4,0.0,16,egg,-0.03733787880339313
JBSS,2016-03-14,2016-04-14,32.0,41.38702392578125,40.2331884277394,-61.722735937339394,12.4,0.0,22,sma,-0.04617253092982516
MXL,2016-04-08,2016-04-20,74.0,18.309999465942383,16.0,-195.7399604797365,12.4,0.0,8,stop,-0.14315383601533915
MAT,2016-03-14,2016-04-22,44.0,30.40359878540039,28.736124393856862,-98.16887322791536,12.4,0.0,28,sma,-0.07270915554327986
SR,2016-03-14,2016-04-22,30.0,44.78193283081055,43.745568051471786,-55.89094338016298,12.4,0.0,28,sma,-0.04122182706567369
HSIC,2016-03-14,2016-05-02,20.0,66.00784301757812,66.2196044921875,-20.564770507812682,12.4,0.0,34,sma,-0.015432565108243989
ROCK,2016-04-14,2016-05-04,46.0,27.350000381469727,25.06999969482422,-129.68003158569354,12.4,0.0,14,stop,-0.10207007461204874
BRKR,2016-03-16,2016-05-05,51.0,26.200214385986328,25.902809300063378,-39.96765938207068,12.4,0.0,35,sma,-0.029636167395478863
RES,2016-05-02,2016-05-05,105.0,12.518990516662598,11.662698234724644,-114.7106896034852,12.4,0.0,3,stop,-0.08645052976055916
AMAT,2016-04-20,2016-05-12,61.0,18.852977752685547,17.96117011500059,-79.20026589878239,12.4,0.0,16,egg,-0.06813326734658945
SMTC,2016-04-22,2016-05-16,58.0,22.75,21.06999969482422,-122.2400177001955,12.4,0.0,16,egg,-0.0917786753511491
WOR,2016-04-22,2016-05-16,65.0,18.554866790771484,18.418619588678666,-33.656068136033355,12.4,0.0,16,egg,-0.027621664212208748
TPR,2016-05-04,2016-05-26,37.0,30.469715118408203,30.00233392638077,-42.09310410501507,12.4,0.0,16,egg,-0.03693092006401965
FN,2016-04-08,2016-06-02,21.0,30.399999618530273,36.790000915527344,115.73421328345012,12.4,0.0,38,strength,0.1795844062792941
CWT,2016-03-16,2016-06-09,32.0,20.807172775268555,25.23420395244098,123.06499766951754,12.4,0.0,59,strength,0.18312439021495538
PPC,2016-05-26,2016-06-20,52.0,21.280153274536133,21.059896675588494,-36.25334314527731,12.4,0.0,16,egg,-0.0323989105213969
EPR,2016-03-15,2016-06-22,20.0,33.64276885986328,40.32893255233236,115.12327384938158,12.4,0.0,69,strength,0.16953444110043214
ASTE,2016-05-05,2016-06-24,15.0,42.44801330566406,48.98612443080387,79.6716668770971,12.4,0.0,35,strength,0.12396011036924837
FN,2016-04-08,2016-06-28,22.0,30.399999618530273,34.470001220703125,70.79584920129116,12.4,0.0,56,sma,0.10486034175289033
RS,2016-05-05,2016-06-28,19.0,59.64347839355469,59.85535862544439,-20.774275594095798,12.4,0.0,37,sma,-0.018133556650730492
AWK,2016-03-16,2016-06-30,12.0,55.95146179199219,67.40819762504498,118.88082999663345,12.4,0.0,74,strength,0.17543942226287265
ASTE,2016-05-05,2016-07-25,16.0,42.44801330566406,48.07249037084902,71.19163304295932,12.4,0.0,55,sma,0.10384325250843739
NSP,2016-06-29,2016-08-02,48.0,28.38582992553711,25.559056550335153,-160.48512200969412,12.4,0.0,23,stop,-0.11672325742778471
TXRH,2016-05-16,2016-08-03,28.0,37.54380798339844,35.63872569425419,-78.14230409603897,12.4,0.0,55,sma,-0.07346779628016345
BKH,2016-05-16,2016-08-05,31.0,41.702186584472656,42.61702371833723,3.559951149801691,12.4,0.0,57,sma,0.0027275812298766153
AWK,2016-03-16,2016-08-08,12.0,55.95146179199219,64.30179326719936,81.60397770248608,12.4,0.0,100,sma,0.12042778219904694
CWT,2016-03-16,2016-08-09,32.0,20.807172775268555,25.803143902807875,141.27107608125823,12.4,0.0,101,sma,0.2102155783715492
CLF,2016-08-09,2016-08-11,187.0,7.291355609893799,6.694790963569935,-136.35758886256258,12.4,0.0,2,stop,-0.09910547583185557
EPR,2016-03-15,2016-08-17,20.0,33.64276885986328,42.41458134438634,156.83624969046116,12.4,0.0,108,sma,0.23096238533267693
UGI,2016-06-20,2016-08-17,45.0,30.14424705505371,30.768780326606887,3.3039972198928353,12.4,0.0,41,sma,0.0024136304032576516
CDE,2016-08-17,2016-08-25,88.0,15.222905158996582,12.60584434212312,-255.10135188486493,12.4,0.0,6,stop,-0.18868224722968416
DHR,2016-08-05,2016-08-29,19.0,68.65393829345703,68.39280716898067,-29.761491365051143,12.4,0.0,16,egg,-0.022600949451904696
MLM,2016-08-08,2016-08-30,7.0,186.1371307373047,176.470313506291,-92.46772061709589,12.4,0.0,16,egg,-0.07029841760516817
AXON,2016-08-11,2016-09-02,46.0,29.1200008392334,26.969999313354492,-123.70007019042987,12.4,0.0,16,egg,-0.09149954631791378
MKTX,2016-06-29,2016-09-06,5.0,128.46865844726562,156.38208801854861,120.96714785641495,12.4,0.0,47,strength,0.18652131523755658
BDC,2016-08-03,2016-09-08,20.0,68.53428649902344,67.01108218711296,-55.26408623820976,12.4,0.0,25,sma,-0.039957093794171505
AMD,2016-07-25,2016-09-09,212.0,6.699999809265137,6.230000019073486,-124.43995552063006,12.4,0.0,33,sma,-0.08685089268042616
HR,2016-05-12,2016-09-12,87.0,12.77857780456543,13.913233099571217,73.91501066550336,12.4,0.0,84,sma,0.06575271406503116
ROCK,2016-08-17,2016-09-12,30.0,37.15999984741211,35.540000915527344,-73.39996795654315,12.4,0.0,17,sma,-0.06511707616627525
EXEL,2016-08-29,2016-09-21,58.0,10.979999542236328,14.720000267028809,198.32004203796384,12.4,0.0,16,strength,0.30841013035945375
CRUS,2016-09-02,2016-09-27,23.0,52.150001525878906,51.220001220703125,-46.19000701904315,12.4,0.0,16,egg,-0.03811528298170492
MKTX,2016-06-29,2016-10-03,5.0,128.46865844726562,150.4022438301642,91.06792691449289,12.4,0.0,66,sma,0.14041919483966828
HWC,2016-09-12,2016-10-04,51.0,24.713876724243164,24.72920371349607,-24.01832354810199,12.4,0.0,16,egg,-0.018870347267688277
DKS,2016-09-12,2016-10-04,28.0,45.49756622314453,42.7293386620699,-102.31037171008984,12.4,0.0,16,egg,-0.07953652968494478
VEEV,2016-08-02,2016-10-07,37.0,37.34000015258789,38.810001373291016,29.590045166015443,12.4,0.0,47,sma,0.021227022658985736
EXEL,2016-08-29,2016-10-13,58.0,10.979999542236328,11.449999809265137,8.660015487670876,12.4,0.0,32,sma,0.013467305059143708
XNCR,2016-10-03,2016-10-13,53.0,24.579999923706055,20.959999084472656,-216.6600444793703,12.4,0.0,8,stop,-0.16474295143142284
TTMI,2016-08-25,2016-10-17,104.0,10.670000076293945,11.149999618530273,25.119952392577943,12.4,0.0,36,sma,0.022386952993500544
AMPH,2016-10-04,2016-10-17,66.0,19.610000610351562,18.010000228881836,-130.40002517700214,12.4,0.0,9,stop,-0.09979644372436725
CVLT,2016-09-08,2016-10-19,25.0,52.41999816894531,51.81999969482422,-39.799961853027526,12.4,0.0,29,sma,-0.030085390604148016
OSK,2016-10-04,2016-10-26,27.0,47.57221984863281,45.38136228225871,-83.95315429210086,12.4,0.0,16,egg,-0.06473621347175464
PTC,2016-09-09,2016-10-27,30.0,43.209999084472656,46.0,58.90002746582013,12.4,0.0,34,sma,0.0450065169266914
EZPW,2016-10-07,2016-10-31,124.0,10.460000038146973,9.949999809265137,-88.04002838134784,12.4,0.0,16,egg,-0.06723486991638547
OKE,2016-08-30,2016-11-03,47.0,25.781484603881836,25.952625604992328,-16.756372947806994,12.4,0.0,46,sma,-0.013688395847477462
PKG,2016-09-27,2016-11-03,21.0,60.872920989990234,59.92317991367641,-44.74456260259058,12.4,0.0,27,sma,-0.03466605418848163
MTCH,2016-10-27,2016-11-03,71.0,16.75035285949707,14.301310475482996,-198.68200926499935,12.4,0.0,5,stop,-0.1653375500847507
CPRT,2016-10-13,2016-11-04,188.0,6.735000133514404,6.482500076293945,-72.27001075744647,12.4,0.0,16,egg,-0.056523650720848764
RBA,2016-10-13,2016-11-04,34.0,29.567468643188477,28.52665053295175,-60.187815748048706,12.4,0.0,16,egg,-0.05914137221911674
SNPS,2016-10-17,2016-11-08,20.0,59.75,58.75,-44.80000000000018,12.4,0.0,16,egg,-0.03710452211363275
PVH,2016-10-17,2016-11-08,10.0,108.87205505371094,106.00336026894759,-53.4869478476337,12.4,0.0,16,egg,-0.048575015534442254
WAFD,2016-11-03,2016-11-28,28.0,20.440343856811523,24.476096181394244,94.50983701814073,12.4,0.0,16,strength,0.16339285837955747
CRUS,2016-11-03,2016-12-02,21.0,54.93000030517578,49.65999984741211,-135.4700096130373,12.4,0.0,20,stop,-0.11619051647046402
DMC,2016-11-03,2016-12-02,23.0,50.50678253173828,47.34720368011606,-97.47031358731124,12.4,0.0,20,sma,-0.08302015724484908
POWI,2016-11-04,2016-12-02,40.0,28.92131805419922,28.74878587168169,-31.701287300701324,12.4,0.0,19,sma,-0.027112434035579933
QCOM,2016-11-08,2016-12-02,22.0,52.40459442138672,49.47248898795349,-89.3063195355312,12.4,0.0,17,sma,-0.07663797904033004
CSX,2016-10-19,2016-12-08,68.0,9.054906845092773,10.87664747791381,105.32361850628308,12.4,0.0,35,strength,0.1693609606065216
BOH,2016-11-04,2016-12-09,11.0,51.81429672241211,62.39758677142388,97.81619053912948,12.4,0.0,24,strength,0.16977342239706053
BHE,2016-10-26,2016-12-21,29.0,20.989002227783203,25.24464307497408,104.81358456853536,12.4,0.0,39,strength,0.17046155850602773
PTC,2016-11-08,2016-12-23,22.0,46.68000030517578,46.2599983215332,-34.04004364013679,12.4,0.0,32,sma,-0.03275096542126996
PPLI,2016-10-31,2017-01-03,104.0,11.51658821105957,11.688157081604004,-6.956837463379088,12.4,0.0,43,sma,-0.005748857732353403
EME,2016-12-05,2017-01-10,17.0,67.1841812133789,65.1997016208674,-58.5361530726957,12.4,0.0,24,sma,-0.05070123624639333
STX,2016-12-05,2017-01-12,45.0,26.285404205322266,25.098994419560768,-78.18844035926759,12.4,0.0,26,sma,-0.06541634460934814
UCTT,2016-12-05,2017-01-12,60.0,9.90999984741211,11.920000076293945,102.05125340233167,12.4,0.0,26,strength,0.16987343411480849
REX,2016-12-23,2017-01-17,74.0,16.64666748046875,14.880000114440918,-155.53338508605975,12.4,0.0,14,stop,-0.12500137503480616
BOH,2016-11-04,2017-01-24,11.0,51.81429672241211,61.09280227199032,83.46356104536028,12.4,0.0,53,sma,0.14486246424050223
FIBK,2017-01-03,2017-01-26,44.0,27.039718627929688,26.591508740719732,-44.521235037238284,12.4,0.0,16,egg,-0.03703474873658332
WAFD,2016-11-03,2017-01-31,29.0,20.440343856811523,24.694030243887163,104.6481332953689,12.4,0.0,59,sma,0.17468176659971807
XYZ,2017-01-24,2017-02-15,83.0,14.65999984741211,14.3100004196167,-53.849952507019225,12.4,0.0,16,egg,-0.04380965608117569
DAN,2017-01-10,2017-02-17,75.0,16.20413589477539,15.721287611463936,-61.013621248359414,12.4,0.0,27,sma,-0.049697087831119396
TPL,2017-01-26,2017-02-17,39.0,32.040313720703125,29.244521977102917,-133.83587800040823,12.4,0.0,16,egg,-0.10605294972200068
CGNX,2017-01-17,2017-02-27,20.0,29.92364501953125,36.08154311724607,104.55796195429639,12.4,0.0,28,strength,0.17291656676982026
NTAP,2016-12-05,2017-03-02,21.0,27.86711311340332,34.07678114360865,111.94721468082355,12.4,0.0,59,strength,0.18933503392401518
NFLX,2017-02-15,2017-03-10,88.0,14.22700023651123,14.138999938964844,-32.54402618408221,12.4,0.0,16,egg,-0.025739199137260246
CFG,2017-01-31,2017-03-20,49.0,25.06975746154785,25.29847740089289,-13.59272297209327,12.4,0.0,33,sma,-0.010954645810717317
CSX,2016-10-19,2017-03-22,69.0,9.054906845092773,13.419931038129969,282.541413845114,12.4,0.0,105,sma,0.44774368885497623
BHE,2016-10-26,2017-04-06,29.0,20.989002227783203,25.575179322686008,114.39913575218134,12.4,0.0,111,sma,0.18605083541731565
MKSI,2017-02-17,2017-04-06,19.0,62.60744094848633,62.348864000931805,-29.712962003536177,12.4,0.0,33,sma,-0.024720807975221484
NTAP,2016-12-05,2017-04-13,22.0,27.86711311340332,31.47243123167307,60.572812555422956,12.4,0.0,89,sma,0.09778945883630814
PH,2017-03-20,2017-04-13,9.0,137.8907470703125,134.70140791174498,-53.50405242710781,12.4,0.0,18,sma,-0.042686563389736434
AMAT,2017-01-12,2017-04-21,20.0,30.035184860229492,36.07985746820259,102.29345215946194,12.4,0.0,68,strength,0.16854972647328983
MRCY,2017-03-10,2017-04-27,33.0,38.15999984741211,37.459999084472656,-47.900025177002135,12.4,0.0,33,sma,-0.0376667285533068
AEIS,2017-02-17,2017-04-28,10.0,60.3184814453125,73.56584550484969,113.87364059537185,12.4,0.0,48,strength,0.18686655442434102
AZTA,2017-04-06,2017-05-02,31.0,20.6673641204834,25.869939229584915,142.67982838214698,12.4,0.0,17,strength,0.22056331995393844
OLLI,2017-04-13,2017-05-08,19.0,33.29999923706055,41.04999923706055,128.64999999999998,12.4,0.0,16,strength,0.20136172001707495
VEEV,2017-04-13,2017-05-23,12.0,50.66999816894531,62.63999938964844,125.28801464843752,12.4,0.0,27,strength,0.20405480711811172
AEIS,2017-02-17,2017-06-16,10.0,60.3184814453125,70.35195617252597,81.73474727213477,12.4,0.0,82,sma,0.13412665582335734
AZTA,2017-04-06,2017-06-16,31.0,20.6673641204834,23.67841168111892,74.7424743797011,12.4,0.0,49,sma,0.11554154835822486
UCTT,2016-12-05,2017-06-21,61.0,9.90999984741211,20.31999969482422,616.3587510227171,12.4,0.0,136,sma,1.009164826421355
OLLI,2017-04-13,2017-06-23,19.0,33.29999923706055,39.400001525878906,97.3000434875488,12.4,0.0,49,sma,0.15229307512156254
AMAT,2017-01-12,2017-06-28,20.0,30.035184860229492,37.97326322258108,140.1615672470317,12.4,0.0,115,sma,0.2309453178364518
CGNX,2017-01-17,2017-06-30,20.0,29.92364501953125,39.939752615617856,181.72215192173212,12.4,0.0,115,sma,0.30052967778833434
FIVN,2017-06-16,2017-06-30,62.0,23.100000381469727,21.1299991607666,-146.94007568359393,12.4,0.0,10,stop,-0.10171678892280052
ACLS,2017-06-16,2017-06-30,61.0,23.549999237060547,21.350000381469727,-158.99993019104022,12.4,0.0,10,stop,-0.10973459077125641
CHE,2017-03-22,2017-07-07,7.0,178.0582275390625,195.3836533812673,96.47798089543335,12.4,0.0,74,sma,0.0766423569807603
LOPE,2017-04-06,2017-07-07,18.0,70.56999969482422,77.16000366210938,93.82007141113263,12.4,0.0,63,sma,0.07314492680283918
TRU,2017-06-23,2017-07-18,33.0,42.65964889526367,42.57326230122126,-27.650757603399597,12.4,0.0,16,egg,-0.019470055339706884
RNG,2017-06-28,2017-07-21,37.0,37.299896240234375,34.76350402832031,-118.6465118408205,12.4,0.0,16,egg,-0.08520419314125931
PENN,2017-06-30,2017-07-25,64.0,21.399999618530273,21.299999237060547,-31.200024414062682,12.4,0.0,16,egg,-0.022575994909721005
VRTX,2017-06-30,2017-07-25,5.0,128.8699951171875,166.94000244140625,171.75003662109373,12.4,0.0,16,strength,0.2640074445724202
VEEV,2017-04-13,2017-07-28,13.0,50.66999816894531,62.150001525878906,130.39204364013676,12.4,0.0,73,sma,0.19603169217902888
ALG,2017-07-07,2017-07-31,15.0,88.92816925048828,87.98407900168107,-38.961353732108364,12.4,0.0,16,egg,-0.028939093427099775
RH,2017-07-28,2017-08-02,20.0,69.87000274658203,62.650001525878906,-169.20002441406268,12.4,0.0,3,stop,-0.12001703633233789
ICUI,2017-07-18,2017-08-09,8.0,172.64999389648438,170.85000610351562,-39.19990234375018,12.4,0.0,16,egg,-0.02812851874082449
TOL,2017-04-27,2017-08-11,40.0,32.99866485595703,34.70369311690909,43.40113043808242,12.4,0.0,74,sma,0.03257495506482333
PPLI,2017-07-21,2017-08-14,75.0,18.74751853942871,18.743942260742188,-25.06822090148944,12.4,0.0,16,egg,-0.01767279454213689
LNTH,2017-08-09,2017-08-16,76.0,18.5,16.850000381469727,-150.19997100830096,12.4,0.0,5,stop,-0.10589394459130073
GWRE,2017-07-31,2017-08-22,19.0,72.16000366210938,71.48999786376953,-37.53011016845721,12.4,0.0,16,egg,-0.02712810695142645
ALGN,2017-06-30,2017-09-11,4.0,150.1199951171875,185.61000061035156,124.04891086154521,12.4,0.0,49,strength,0.20470418226469475
FIZZ,2017-08-02,2017-09-12,18.0,37.86214828491211,46.04513823192579,128.8613866138138,12.4,0.0,28,strength,0.18742081326213855
TRU,2017-08-11,2017-09-14,31.0,43.90757751464844,42.04529040127041,-82.53090051471918,12.4,0.0,23,sma,-0.06008649677355672
NOVT,2017-06-21,2017-09-20,19.0,36.04999923706055,43.650001525878906,125.95901784652324,12.4,0.0,63,strength,0.18228749117556822
ADBE,2017-07-07,2017-09-21,9.0,142.22000122070312,150.3800048828125,48.64003295898419,12.4,0.0,53,sma,0.037636014597488804
VRTX,2017-06-30,2017-09-25,5.0,128.8699951171875,151.19000244140625,93.00003662109373,12.4,0.0,59,sma,0.14295602199866417
UNH,2017-08-14,2017-09-25,8.0,166.96449279785156,167.21736110026816,-22.77705358066737,12.4,0.0,29,sma,-0.01689547083050485
FIZZ,2017-08-02,2017-10-04,19.0,37.86214828491211,39.23862426803805,7.385476111825369,12.4,0.0,44,sma,0.010176359003568105
FSLR,2017-09-21,2017-10-13,29.0,48.7599983215332,47.209999084472656,-69.74997787475604,12.4,0.0,16,egg,-0.0488979419077491
XYZ,2017-09-25,2017-10-17,26.0,27.450000762939453,33.25,132.1999801635742,12.4,0.0,16,strength,0.18363658358227633
ISRG,2017-07-25,2017-11-03,6.0,104.9911117553711,126.88333129882812,113.23024033766524,12.4,0.0,72,strength,0.17812746444351893
CROX,2017-10-13,2017-11-06,156.0,9.529999732971191,9.050000190734863,-99.67992858886737,12.4,0.0,16,egg,-0.06649407060248767
EXTR,2017-09-14,2017-11-10,128.0,11.329999923706055,11.460000038146973,-8.159985351562682,12.4,0.0,41,sma,-0.005578943148036802
PYPL,2017-09-25,2017-11-17,11.0,62.95478439331055,77.34019923056516,139.90912842719206,12.4,0.0,39,strength,0.200318592886191
LOPE,2017-08-16,2017-11-30,8.0,79.1500015258789,95.83000183105469,115.20470832375918,12.4,0.0,74,strength,0.18027909754524027
NOVT,2017-06-21,2017-12-04,20.0,36.04999923706055,47.20000076293945,204.24105615860378,12.4,0.0,115,sma,0.2807981583278634
ISRG,2017-07-25,2017-12-05,7.0,104.9911117553711,123.2300033569336,108.5953181340144,12.4,0.0,93,sma,0.14643091264032757
TTWO,2017-10-04,2017-12-05,14.0,102.9800033569336,101.43000030517578,-46.50004272460956,12.4,0.0,43,sma,-0.03197813194353357
PRGS,2017-11-06,2017-12-05,41.0,38.07002639770508,36.76860867597625,-78.15812659088192,12.4,0.0,20,sma,-0.04967874098106939
YELP,2017-11-10,2017-12-05,34.0,45.97999954223633,42.95000076293945,-127.81995849609393,12.4,0.0,16,egg,-0.08111844728671248
XYZ,2017-09-25,2017-12-14,26.0,27.450000762939453,35.849998474121094,199.79994049072263,12.4,0.0,57,sma,0.27753845670975363
LOPE,2017-08-16,2017-12-15,9.0,79.1500015258789,89.12000274658203,70.76530510397515,12.4,0.0,85,sma,0.09843351815337173
ALGN,2017-06-30,2017-12-22,5.0,150.1199951171875,216.3699951171875,311.961111111111,12.4,0.0,122,sma,0.41183590378902313
TREX,2017-12-05,2017-12-28,55.0,27.440000534057617,27.229999542236328,-36.35005455017108,12.4,0.0,16,egg,-0.02388936241355468
CROX,2017-12-05,2017-12-28,70.0,10.6899995803833,13.029999732971191,145.24398231235807,12.4,0.0,16,strength,0.19251484845466812
STZ,2017-08-22,2018-01-09,8.0,169.16436767578125,186.83690924434202,116.58033254848601,12.4,0.0,96,sma,0.08536212720089707
CALY,2017-12-15,2018-01-10,104.0,14.706822395324707,13.593121470110297,-140.62489622229873,12.4,0.0,16,egg,-0.09120178166557186
FSLR,2017-12-05,2018-01-12,12.0,61.209999084472656,75.55999755859375,153.5999816894531,12.4,0.0,26,strength,0.20736578459828497
LGIH,2017-12-05,2018-01-17,22.0,66.83999633789062,69.6500015258789,37.020114135742006,12.4,0.0,28,sma,0.024965011428492702
ARCB,2017-12-22,2018-01-18,45.0,34.94252014160156,34.37665792672327,-50.26379966952345,12.4,0.0,16,egg,-0.03171591019322997
PBF,2017-12-04,2018-01-25,58.0,26.750791549682617,27.218665318992482,2.3366786199719627,12.4,0.0,35,sma,0.001494091710722192
PYPL,2017-09-25,2018-02-05,12.0,62.95478439331055,75.29787342819697,129.24750320124576,12.4,0.0,91,sma,0.16963240171804575
FSLR,2017-12-05,2018-02-05,12.0,61.209999084472656,64.01000213623047,15.000036621093727,12.4,0.0,41,sma,0.020250616756093593
DLTR,2017-12-28,2018-02-06,14.0,108.06999969482422,103.02999877929688,-95.360012817383,12.4,0.0,26,sma,-0.06251557846862969
UFPI,2018-01-25,2018-02-06,45.0,35.62229919433594,30.707308148300807,-245.974597071581,12.4,0.0,8,stop,-0.15226821199288423
CROX,2017-12-05,2018-02-09,71.0,10.6899995803833,12.829999923706055,133.29605274470987,12.4,0.0,45,sma,0.17418993781754583
NMIH,2017-12-14,2018-02-09,91.0,17.0,18.25,88.94999999999982,12.4,0.0,38,sma,0.057041169680646285
VNOM,2018-01-09,2018-02-09,115.0,13.769651412963867,13.622540221833253,-41.71778698002072,12.4,0.0,22,sma,-0.02614043979143468
CPRI,2018-01-17,2018-02-09,24.0,64.62999725341797,60.400001525878906,-126.31989746093768,12.4,0.0,17,sma,-0.08079199676792237
NSP,2018-01-18,2018-02-09,33.0,47.05670166015625,44.64455411436798,-104.40086901101313,12.4,0.0,16,egg,-0.0666982641901063
ANF,2018-01-10,2018-02-15,47.0,16.60529899597168,20.120752530345325,146.62631611556128,12.4,0.0,25,strength,0.18639355833668228
BAC,2018-03-14,2018-03-26,58.0,26.445219039916992,24.59389368957341,-132.17687031992796,12.4,0.0,8,stop,-0.08548372103905202
AMZN,2018-02-05,2018-03-29,22.0,69.5,70.30000305175781,-7.199932861328307,12.4,0.0,37,sma,-0.0046710346836176895
TKO,2018-02-06,2018-04-03,48.0,31.17717170715332,31.829701089819988,6.521410367999806,12.4,0.0,38,sma,0.00432195111308104
MC,2018-03-13,2018-04-05,52.0,29.64657211303711,29.19480323791504,-48.29198150634784,12.4,0.0,16,egg,-0.03107548624087226
EZPW,2018-03-14,2018-04-06,116.0,13.350000381469727,13.100000381469727,-53.80000000000018,12.4,0.0,16,egg,-0.0344650855060239
ENVA,2018-03-15,2018-04-09,68.0,22.649999618530273,22.200000762939453,-55.39992218017596,12.4,0.0,16,egg,-0.03568203214335037
LHX,2018-02-05,2018-05-01,12.0,126.44993591308594,134.5909416351865,72.8920686652068,12.4,0.0,59,sma,0.0476481274079384
EL,2018-02-06,2018-05-02,12.0,123.34527587890625,126.17880276906924,9.202322681955593,12.4,0.0,59,sma,0.006165531423395558
MTCH,2018-04-24,2018-05-02,37.0,41.35956573486328,33.40018090081226,-319.297238859888,12.4,0.0,6,stop,-0.2069724671062648
AEO,2018-03-14,2018-05-08,98.0,15.73082447052002,15.970103580562734,-1.350647215814206,12.4,0.0,38,sma,-0.0008691307204228071
HAE,2018-03-26,2018-05-17,10.0,73.9800033569336,89.05999755859375,132.19994201660154,12.4,0.0,37,strength,0.17721171054654436
ANF,2018-01-10,2018-05-23,47.0,16.60529899597168,23.203673170946846,291.5235862238326,12.4,0.0,92,sma,0.3705891276195264
NTNX,2018-04-24,2018-05-29,29.0,52.5099983215332,51.959999084472656,-40.74997787475604,12.4,0.0,24,sma,-0.026543932130092165
BF-B,2018-05-01,2018-06-04,31.0,47.96011734008789,48.47871073079499,-8.723604888080217,12.4,0.0,23,sma,-0.0058189811102803
LULU,2018-05-08,2018-06-04,7.0,98.19999694824219,122.62000274658203,152.7533739217123,12.4,0.0,18,strength,0.2203639884819793
NFLX,2018-04-24,2018-06-14,25.0,30.70199966430664,38.426998138427734,174.52496185302732,12.4,0.0,36,strength,0.22555730371047436
ETSY,2018-03-29,2018-06-15,26.0,28.059999465942383,41.689998626708984,335.89695931200697,12.4,0.0,54,strength,0.45660321247808383
KFY,2018-05-02,2018-06-18,14.0,47.39060592651367,56.467265218080186,108.68702318537953,12.4,0.0,32,strength,0.16235157484198318
OLLI,2018-05-02,2018-06-19,11.0,63.04999923706055,74.9000015258789,112.01959039439328,12.4,0.0,33,strength,0.160146854962732
SRPT,2018-05-23,2018-06-20,8.0,88.95999908447266,145.07000732421875,430.64477180032156,12.4,0.0,19,strength,0.6001889851362896
FFIV,2018-05-29,2018-06-26,9.0,172.75,170.64999389648438,-43.70005493164081,12.4,0.0,20,sma,-0.027885049249683058
CHRD,2018-06-04,2018-07-17,212.0,7.561956405639648,7.203311372573959,-100.83274700992638,12.4,0.0,30,sma,-0.06241447081895632
NFLX,2018-04-24,2018-07-20,25.0,30.70199966430664,36.492000579833984,126.15002288818357,12.4,0.0,61,sma,0.16303718805356524
OLLI,2018-05-02,2018-07-30,12.0,63.04999923706055,70.05000305175781,65.13048055897593,12.4,0.0,61,sma,0.08535326831159015
LULU,2018-05-08,2018-07-30,8.0,98.19999694824219,120.04000091552734,155.70669840494793,12.4,0.0,57,sma,0.19654643093204455
CPRT,2018-04-24,2018-07-31,120.0,12.792499542236328,14.100000381469727,132.10010070800763,12.4,0.0,68,sma,0.08536355760721673
SRPT,2018-05-23,2018-07-31,9.0,88.95999908447266,115.30000305175781,218.09532982321332,12.4,0.0,47,sma,0.2701859026095211
TTD,2018-07-17,2018-07-31,187.0,9.489999771118164,8.600000381469727,-191.229885864258,12.4,0.0,10,stop,-0.10700989375913
VNOM,2018-07-20,2018-08-15,45.0,19.63684844970703,24.272015713330365,189.98252686305,12.4,0.0,18,strength,0.21349753374463587
TNC,2018-07-30,2018-08-21,24.0,71.64287567138672,68.50458791324273,-100.11890619545602,12.4,0.0,16,egg,-0.05781108023016696
KFY,2018-05-02,2018-09-06,15.0,47.39060592651367,56.15857985055297,112.70581575714118,12.4,0.0,88,sma,0.15713101468815874
BLFS,2018-08-21,2018-09-06,74.0,24.139999389648438,20.520000457763672,-292.67992095947284,12.4,0.0,11,stop,-0.16271205069521663
FBP,2018-07-31,2018-09-18,259.0,6.590865612030029,6.695098928036412,2.1964288456529175,12.4,0.0,34,sma,0.001277413729432596
TKO,2018-07-31,2018-09-27,11.0,71.7359848022461,86.4285465344486,143.28774427161886,12.4,0.0,41,strength,0.18023020132762763
STAA,2018-09-18,2018-10-03,36.0,50.0,45.040000915527344,-203.3599670410158,12.4,0.0,11,stop,-0.11220479311466332
BJRI,2018-07-31,2018-10-04,27.0,62.04166793823242,66.02986485639326,82.88131679034245,12.4,0.0,46,sma,0.049114125778369364
ETSY,2018-03-29,2018-10-05,27.0,28.059999465942383,46.0,465.66303328748006,12.4,0.0,132,sma,0.6095568791380606
MSA,2018-07-30,2018-10-08,19.0,89.6644058227539,91.99619033302544,19.503905695158892,12.4,0.0,49,sma,0.011365755364750787
ALRM,2018-09-06,2018-10-08,33.0,55.150001525878906,51.310001373291016,-151.52000503540057,12.4,0.0,22,sma,-0.08269162598387104
HAE,2018-03-26,2018-10-11,10.0,73.9800033569336,105.51000213623047,296.6999877929686,12.4,0.0,139,sma,0.3977211453642545
TKO,2018-07-31,2018-10-11,12.0,71.7359848022461,74.76004802007107,17.41919339650849,12.4,0.0,51,sma,0.020084360224794814
VNOM,2018-07-20,2018-10-12,45.0,19.63684844970703,24.383615000778303,195.00449479820713,12.4,0.0,59,sma,0.21914109363619147
SM,2018-09-06,2018-10-12,70.0,25.911497116088867,26.239720294249068,-1.8243775287860444,12.4,0.0,26,sma,-0.000998999417074114
RAMP,2018-10-03,2018-10-12,37.0,48.65999984741211,44.93000030517578,-162.80998306274432,12.4,0.0,7,stop,-0.0898103416609433
PBF,2018-10-08,2018-10-19,40.0,44.350425720214844,38.47792650802526,-259.6999684875834,12.4,0.0,9,stop,-0.14537477212741517
TJX,2018-06-26,2018-10-22,41.0,42.580772399902344,48.813885248712744,230.75762680122625,12.4,0.0,82,sma,0.1312456463286612
MOS,2018-10-11,2018-10-25,60.0,28.293378829956055,25.75744496128209,-176.95603212043807,12.4,0.0,10,stop,-0.10348289452228389
TRGP,2018-10-16,2018-10-25,29.0,43.4213752746582,40.140820601619616,-119.93608551811917,12.4,0.0,7,stop,-0.09431756071512448
J,2018-10-05,2018-10-29,30.0,59.290122985839844,58.09721834296797,-60.587139286156344,12.4,0.0,16,egg,-0.033826706761195986
ADP,2018-10-08,2018-10-29,14.0,126.0047378540039,117.14304306235765,-148.8637270830477,12.4,0.0,15,stop,-0.08379766313202808
NEO,2018-10-04,2018-10-31,63.0,14.470000267028809,18.25,219.53998317718492,12.4,0.0,19,strength,0.23919981167471563
UVV,2018-10-23,2018-11-14,39.0,42.51454544067383,42.15057948955973,-38.994672093449935,12.4,0.0,16,egg,-0.02334357143221032
PGR,2018-10-19,2018-11-15,27.0,55.59565734863281,50.83594307586171,-153.31228536482013,12.4,0.0,19,stop,-0.10129767618796502
WBD,2018-10-15,2018-11-19,52.0,32.29999923706055,31.270000457763672,-78.35993652343768,12.4,0.0,25,sma,-0.04631202030778226
NEO,2018-10-04,2018-12-07,63.0,14.470000267028809,14.710000038146973,-3.480014419555687,12.4,0.0,44,sma,-0.0037916500754725476
CALX,2018-11-29,2018-12-18,172.0,9.770000457763672,9.0,-157.24007873535174,12.4,0.0,12,stop,-0.09288537098721049
MSA,2018-11-29,2018-12-18,17.0,97.53738403320312,89.82107326542834,-155.97728305217152,12.4,0.0,12,stop,-0.09336962931055287
MKC,2018-10-15,2018-12-20,29.0,57.548492431640625,60.60014261136216,63.69785521192421,12.4,0.0,46,sma,0.03788593187929761
NRG,2018-10-15,2018-12-21,56.0,30.106414794921875,31.284295933579774,41.16134376484206,12.4,0.0,47,sma,0.024235946714769696
BAH,2018-11-29,2018-12-21,38.0,44.21835708618164,40.391773621240766,-170.21017166775346,12.4,0.0,15,stop,-0.10055557162563071
HRL,2018-11-29,2018-12-24,46.0,36.07236099243164,33.9269913815893,-123.48700209874778,12.4,0.0,16,egg,-0.07386785252178933
DOC,2018-11-29,2018-12-24,87.0,19.239572525024414,18.892193162902856,-55.02200450457576,12.4,0.0,16,egg,-0.032629941660128524
AEE,2018-11-29,2018-12-24,30.0,54.51451110839844,54.276255734538395,-31.947661215801418,12.4,0.0,16,egg,-0.019387653954933515
OGS,2018-11-29,2018-12-24,25.0,64.82678985595703,64.22590413533898,-39.8221430154515,12.4,0.0,16,egg,-0.024384839106390353
TNDM,2019-02-05,2019-02-28,18.0,43.5099983215332,61.5,305.2200302124022,12.4,0.0,16,strength,0.3866579364745336
BURL,2019-02-07,2019-03-08,9.0,169.8800048828125,144.0,-257.7200439453127,12.4,0.0,20,stop,-0.16720735252727098
NNN,2019-02-14,2019-03-11,44.0,35.55293655395508,35.5461356393785,-25.09924024136967,12.4,0.0,16,egg,-0.015918548415331798
REGN,2019-02-14,2019-03-11,3.0,411.09063720703125,400.37179623636615,-56.956522911995535,12.4,0.0,16,egg,-0.04572353472903904
TWLO,2019-02-19,2019-03-22,7.0,112.56999969482422,135.0,138.41000213623045,12.4,0.0,23,strength,0.17427819855264967
LLY,2019-02-13,2019-04-15,14.0,108.33229064941406,112.66996063194652,35.92737975545424,12.4,0.0,42,sma,0.023496505110381125
WELL,2019-02-19,2019-04-17,26.0,60.72183609008789,59.138630588681096,-65.96334303657682,12.4,0.0,41,sma,-0.04145593292715885
MPT,2019-02-20,2019-04-17,152.0,10.465641975402832,10.483015787764675,-22.159180521000053,12.4,0.0,40,sma,-0.01382203742980819
WAT,2019-02-20,2019-04-17,6.0,234.0,241.4199981689453,19.719989013671693,12.4,0.0,40,sma,0.013922612972092411
TNDM,2019-02-05,2019-04-18,18.0,43.5099983215332,55.959999084472656,205.50001373291013,12.4,0.0,51,sma,0.2603309199601366
VMRK,2019-02-13,2019-04-23,28.0,55.22523498535156,56.543823502926145,12.120478492088068,12.4,0.0,47,sma,0.007775984685506002
ACIW,2019-04-17,2019-05-10,49.0,33.709999084472656,31.989999771118164,-109.0799663543703,12.4,0.0,16,egg,-0.06554538201454832
ALRM,2019-04-18,2019-05-13,24.0,67.12999725341797,61.939998626708984,-149.3599670410158,12.4,0.0,16,egg,-0.09199761820323243
KEYS,2019-04-18,2019-05-13,18.0,89.83999633789062,84.12000274658203,-127.75988464355487,12.4,0.0,16,egg,-0.07840338861244231
TWLO,2019-02-19,2019-05-14,7.0,112.56999969482422,126.0,75.41000213623045,12.4,0.0,59,sma,0.0949520924955867
NMIH,2019-03-08,2019-05-14,65.0,24.739999771118164,26.06999969482422,61.64999504089337,12.4,0.0,46,sma,0.0380438109268024
AZO,2019-04-23,2019-05-15,1.0,1047.760009765625,987.3699951171875,-85.19001464843757,12.4,0.0,16,egg,-0.08035580842864555
TDG,2019-04-15,2019-05-16,4.0,340.0522155761719,336.029392908294,-40.89129067151157,12.4,0.0,22,sma,-0.02979092718580644
SNPS,2019-04-17,2019-05-21,14.0,116.04000091552734,116.38999938964844,-19.90002136230487,12.4,0.0,23,sma,-0.012156693631174782
CCK,2019-03-11,2019-05-31,31.0,51.52531433105469,51.53473547055104,-24.507944675613317,12.4,0.0,57,sma,-0.015225307168354263
NOW,2019-05-13,2019-06-05,31.0,52.02399826049805,52.4739990234375,-10.849976348877135,12.4,0.0,16,egg,-0.006676317119525778
CNS,2019-05-21,2019-06-13,41.0,38.39936065673828,37.620019145051266,-56.75300197916772,12.4,0.0,16,egg,-0.03576628404550571
BALL,2019-03-11,2019-06-13,15.0,51.1544189453125,61.60109188134203,138.300094040443,12.4,0.0,66,strength,0.17884027127030944
FRPT,2019-05-13,2019-06-26,36.0,44.79999923706055,45.93000030517578,15.880038452148256,12.4,0.0,31,sma,0.009771128919837758
LGIH,2019-05-14,2019-06-26,22.0,70.75,69.0999984741211,-61.10003356933612,12.4,0.0,30,sma,-0.038944504792744035
PAYX,2019-05-14,2019-06-26,23.0,67.39961242675781,67.26350676887121,-27.930430131392086,12.4,0.0,30,sma,-0.01787443329539842
PCTY,2019-05-15,2019-06-26,16.0,96.68000030517578,93.25,-79.68000488281268,12.4,0.0,29,sma,-0.051100510898169964
MSCI,2019-06-05,2019-06-27,7.0,217.23593139648438,215.13306329911876,-39.52007668155943,12.4,0.0,16,egg,-0.02577870095804058
FICO,2019-05-10,2019-07-12,2.0,287.3299865722656,345.44000244140625,98.86003173828124,12.4,0.0,43,strength,0.17056008474302517
LAD,2019-06-13,2019-07-19,14.0,112.35880279541016,110.51341992537877,-50.63536018043965,12.4,0.0,25,sma,-0.03193807112859174
EEFT,2019-06-26,2019-07-25,9.0,160.22000122070312,155.13999938964844,-70.52001647949237,12.4,0.0,20,sma,-0.048488026476427755
KNSL,2019-06-26,2019-07-30,18.0,86.29657745361328,86.87821650990965,-14.330496986665594,12.4,0.0,23,sma,-0.009152548752761227
ENPH,2019-06-27,2019-07-31,44.0,17.920000076293945,26.309999465942383,350.5599731445311,12.4,0.0,23,strength,0.4411335023703569
KTOS,2019-06-26,2019-08-02,71.0,22.18000030517578,21.209999084472656,-93.67008666992206,12.4,0.0,26,sma,-0.05901667447370772
EL,2019-05-16,2019-08-06,9.0,155.56048583984375,160.80278105143995,22.38065690436565,12.4,0.0,56,sma,0.015845336877815492
PAYC,2019-05-31,2019-08-06,7.0,206.4210968017578,219.46228943737728,66.48834844933617,12.4,0.0,46,sma,0.04562284585258997
GPN,2019-06-26,2019-08-06,10.0,149.98001098632812,146.8601518827649,-55.99859103563222,12.4,0.0,28,sma,-0.03703120418414404
FICO,2019-05-10,2019-08-15,3.0,287.3299865722656,327.7699890136719,101.48000732421872,12.4,0.0,67,sma,0.1167201638154662
RMBS,2019-07-30,2019-08-21,130.0,12.859999656677246,12.4399995803833,-79.40000991821307,12.4,0.0,16,egg,-0.04714405178859067
EBAY,2019-07-19,2019-08-26,46.0,35.839561462402344,34.88586087752977,-68.67022690413842,12.4,0.0,26,sma,-0.04134220782721278
RNR,2019-07-25,2019-08-29,9.0,174.22183227539062,172.9981072009962,-35.81352566955002,12.4,0.0,25,sma,-0.02266110174587032
ENPH,2019-06-27,2019-09-06,44.0,17.920000076293945,25.31999969482422,306.9999832153319,12.4,0.0,49,sma,0.386318998739725
CTAS,2019-08-06,2019-09-10,27.0,59.73750686645508,58.89205158733515,-47.6272925362382,12.4,0.0,24,sma,-0.02930346447439695
CWST,2019-08-21,2019-09-10,37.0,45.119998931884766,41.220001220703125,-169.09991531372089,12.4,0.0,13,stop,-0.10054459359229756
CYTK,2019-09-04,2019-09-10,120.0,13.829999923706055,12.550000190734863,-178.39996795654315,12.4,0.0,4,stop,-0.10669854601279755
BALL,2019-03-11,2019-09-11,16.0,51.1544189453125,66.01296278486184,218.9367014327894,12.4,0.0,128,sma,0.26541941737457
EFX,2019-08-15,2019-09-11,12.0,133.4147491455078,132.72550494553408,-33.07093039968504,12.4,0.0,18,sma,-0.0204979559085503
ELF,2019-09-06,2019-09-11,96.0,17.520000457763672,15.970000267028809,-173.60001831054706,12.4,0.0,3,stop,-0.10245999209589138
ROKU,2019-09-11,2019-09-19,10.0,149.75999450683594,127.80999755859375,-244.29996948242206,12.4,0.0,6,stop,-0.1617880651455006
LSCC,2019-09-11,2019-09-30,59.0,20.1299991607666,18.399999618530273,-126.86997299194354,12.4,0.0,13,stop,-0.10571881492461806
ARES,2019-09-19,2019-10-01,53.0,23.5234375,21.531812683554733,-130.35611527159926,12.4,0.0,8,stop,-0.10352771638159353
FAF,2019-09-10,2019-10-02,34.0,47.09144592285156,46.502603819151716,-44.82063152579485,12.4,0.0,16,egg,-0.027778355771804455
PPC,2019-09-10,2019-10-02,61.0,26.210508346557617,26.09190698320909,-32.03468316426029,12.4,0.0,16,egg,-0.019881993433967092
LDOS,2019-08-02,2019-10-03,22.0,74.55921936035156,75.91467040883173,5.019923066563479,12.4,0.0,43,sma,0.003037402119613111
CMCSA,2019-09-04,2019-10-03,47.0,34.81605529785156,33.86477483550966,-69.51018173006969,12.4,0.0,21,sma,-0.042159204148555555
SHAK,2019-09-11,2019-10-03,16.0,98.87999725341797,92.56999969482422,-125.75996093750018,12.4,0.0,16,egg,-0.07887208645047832
MEDP,2019-09-10,2019-10-04,20.0,80.48999786376953,78.66999816894531,-61.19999389648456,12.4,0.0,18,sma,-0.037726541430363886
GNRC,2019-08-06,2019-10-21,11.0,72.08000183105469,88.05000305175781,157.07001342773435,12.4,0.0,53,strength,0.19656355992970595
JBSS,2019-10-02,2019-10-24,21.0,72.17926788330078,70.16854584765366,-67.02516274858976,12.4,0.0,16,egg,-0.04385990987358236
VMC,2019-08-06,2019-10-29,12.0,129.89236450195312,139.13888349190762,86.15822787945376,12.4,0.0,59,sma,0.05483913732749824
SEDG,2019-09-30,2019-11-04,12.0,83.72000122070312,84.8499984741211,-11.24003295898433,12.4,0.0,25,sma,-0.011051711630903429
KNSL,2019-10-03,2019-11-04,14.0,100.25050354003906,93.73882099946432,-115.96355556804656,12.4,0.0,22,sma,-0.08190054255612189
CCS,2019-10-03,2019-11-05,53.0,27.845272064208984,27.214738334773607,-58.21828766007525,12.4,0.0,23,sma,-0.03911995052613774
BLDR,2019-10-02,2019-11-05,37.0,20.270000457763672,24.639999389648438,143.172627146403,12.4,0.0,24,strength,0.18935489397790617
SBRA,2019-10-04,2019-11-08,112.0,13.104435920715332,12.995132574184447,-37.04197481145934,12.4,0.0,25,sma,-0.025026724085099396
TTEK,2019-10-01,2019-11-22,74.0,15.969808578491211,16.158867456379106,-10.809643036295938,12.4,0.0,38,sma,-0.009052045135783645
CTAS,2019-11-04,2019-11-26,24.0,62.64784240722656,59.02344794562156,-111.78546707852024,12.4,0.0,16,egg,-0.0737396342222732
SAIA,2019-11-08,2019-12-03,15.0,98.19999694824219,88.68000030517578,-167.59994964599628,12.4,0.0,16,stop,-0.11283153010031899
SO,2019-11-04,2019-12-11,32.0,47.32170104980469,46.952853866513955,-36.60310986530362,12.4,0.0,26,sma,-0.023975400093090026
EW,2019-11-05,2019-12-11,19.0,77.47000122070312,76.41999816894531,-44.75005798339862,12.4,0.0,25,sma,-0.03014832098263713
MLKN,2019-10-03,2019-12-16,39.0,37.66150665283203,38.8566219384373,21.809496138605255,12.4,0.0,51,sma,0.014724219824859776
XPO,2019-11-26,2019-12-19,53.0,29.07939910888672,27.48155403137207,-109.48578910827655,12.4,0.0,16,egg,-0.07047194552435829
PLXS,2019-12-11,2020-01-06,19.0,77.4800033569336,75.54000091552734,-61.66004638671893,12.4,0.0,16,egg,-0.04153534053938156
CNS,2019-12-11,2020-01-06,29.0,52.5020866394043,49.67396118641915,-106.81563813656953,12.4,0.0,16,egg,-0.0695885250882611
RS,2019-12-16,2020-01-09,14.0,105.7707748413086,106.0644116831042,-20.68908421486185,12.4,0.0,16,egg,-0.013855619491402989
GPI,2019-12-19,2020-01-09,15.0,100.65984344482422,94.05969405589063,-123.8022408340039,12.4,0.0,13,stop,-0.08132590935681824
TGT,2019-10-24,2020-01-16,17.0,90.99717712402344,97.25731751706759,81.62238668175041,12.4,0.0,57,sma,0.052343785175056556
MTSI,2019-11-22,2020-01-22,32.0,24.219999313354492,29.5,150.36002197265623,12.4,0.0,39,strength,0.19246329706823267
CG,2019-12-03,2020-01-24,33.0,23.07994270324707,28.08153754386007,146.45262974022899,12.4,0.0,35,strength,0.19073373408289357
MTSI,2019-11-22,2020-01-29,32.0,24.219999313354492,30.530000686645508,183.32004394531248,12.4,0.0,44,sma,0.23465266640373617
BLDR,2019-10-02,2020-02-03,38.0,20.270000457763672,24.950000762939453,159.1573449300131,12.4,0.0,84,sma,0.2049563381339771
KLAC,2020-01-06,2020-02-03,93.0,16.2320613861084,15.510640836000318,-91.89211116005163,12.4,0.0,19,sma,-0.06037661991744828
TTMI,2020-01-09,2020-02-03,101.0,15.020000457763672,14.520000457763672,-75.30000000000018,12.4,0.0,16,egg,-0.04923434878822878
HUM,2020-01-09,2020-02-03,4.0,343.2448425292969,319.3642998725143,-120.32217062713039,12.4,0.0,16,egg,-0.08685142367678861
GNRC,2019-08-06,2020-02-10,11.0,72.08000183105469,106.2699966430664,357.48994293212877,12.4,0.0,129,sma,0.44737690083751497
PZZA,2020-01-16,2020-02-10,27.0,55.19820022583008,54.861377171289625,-33.894222472592446,12.4,0.0,16,egg,-0.022554776748214427
NEE,2019-10-29,2020-02-18,16.0,49.172019958496094,59.50910836715489,146.79341453854067,12.4,0.0,75,strength,0.18512262460052284
CG,2019-12-03,2020-02-21,33.0,23.07994270324707,25.296769754430148,54.555292689041494,12.4,0.0,54,sma,0.07105051447026203
DAR,2020-01-29,2020-02-21,52.0,29.459999084472656,28.56999969482422,-71.07996826171893,12.4,0.0,16,egg,-0.04602671107861841
LRCX,2020-01-06,2020-02-25,56.0,26.887338638305664,28.433511913841617,61.7857034300132,12.4,0.0,34,sma,0.04069960556091343
KBH,2020-02-03,2020-02-26,44.0,34.094730377197266,32.52503199675842,-93.86672873930934,12.4,0.0,16,egg,-0.06205785145686863
IBP,2020-02-03,2020-02-26,21.0,68.87699127197266,63.968287424863696,-127.88278078928829,12.4,0.0,16,egg,-0.08766198697761877
AAPL,2020-02-10,2020-02-26,19.0,77.55640411376953,69.109723522527,-185.28693123360813,12.4,0.0,11,stop,-0.12469075552155676
FBIN,2020-02-21,2020-02-27,29.0,54.75872039794922,49.042711047156175,-190.56427117299836,12.4,0.0,4,stop,-0.11907268612190748
WGO,2020-02-03,2020-02-28,31.0,48.72195053100586,44.86607055972533,-144.33227910969663,12.4,0.0,18,sma,-0.09478206628504576
NEE,2019-10-29,2020-03-02,16.0,49.172019958496094,54.190412337853196,61.69427806971362,12.4,0.0,84,sma,0.07780326327991555
MAA,2020-02-26,2020-03-02,13.0,112.5561752319336,102.97877758969285,-149.30616934912973,12.4,0.0,3,stop,-0.10118128610776457
THO,2020-02-10,2020-03-04,21.0,71.01102447509766,67.35083819601222,-101.66391186079431,12.4,0.0,16,egg,-0.06761225134999795
LW,2020-02-25,2020-03-04,18.0,83.33567810058594,76.92797264295348,-140.13869823738446,12.4,0.0,6,stop,-0.09265722531346672
FRPT,2020-02-03,2020-03-10,23.0,64.44999694824219,65.0199966430664,-11.69000701904315,12.4,0.0,25,breakeven,-0.007820710866688212
DVA,2020-02-21,2020-03-10,19.0,84.08999633789062,79.29000091552734,-115.99991302490253,12.4,0.0,12,stop,-0.07204471622297824
ES,2020-02-26,2020-03-13,20.0,73.48131561279297,67.94175068603313,-135.59129853519698,12.4,0.0,12,stop,-0.09149047990167417
KNSL,2020-02-27,2020-03-13,11.0,121.75385284423828,102.65382953611342,-234.90025638937368,12.4,0.0,11,stop,-0.1737823336444211
QDEL,2020-02-26,2020-03-17,18.0,80.94000244140625,77.45999908447266,-87.44006042480487,12.4,0.0,14,stop,-0.05951056121851921
ENPH,2020-05-27,2020-06-05,23.0,57.86000061035156,53.11000061035156,-134.05000000000018,12.4,0.0,7,stop,-0.09980047246012638
RGEN,2020-05-27,2020-06-09,10.0,128.07000732421875,117.30000305175781,-132.50004272460956,12.4,0.0,9,stop,-0.10246696714848405
SMG,2020-05-27,2020-06-18,12.0,109.21998596191406,104.9491424581741,-76.0501220448798,12.4,0.0,16,egg,-0.05748135485549809
TSLA,2020-05-27,2020-06-18,12.0,54.68199920654297,66.86666870117188,127.61603393554685,12.4,0.0,16,strength,0.192661712496033
RRC,2020-06-18,2020-06-23,215.0,6.429487705230713,5.853712649048998,-148.59163707906873,12.4,0.0,3,stop,-0.10653716990541442
DPZ,2020-05-27,2020-06-29,3.0,345.01593017578125,337.57589501711783,-47.12010547599027,12.4,0.0,23,sma,-0.044985636422286375
GEN,2020-06-09,2020-06-29,73.0,18.535062789916992,17.158522453142456,-125.28744458454139,12.4,0.0,14,stop,-0.09175478064927951
PYPL,2020-05-27,2020-07-02,4.0,144.70677185058594,178.14714803161553,115.85039361300733,12.4,0.0,26,strength,0.19825914839681627
AMZN,2020-05-27,2020-07-07,5.0,120.51950073242188,152.92750549316406,144.00366016734733,12.4,0.0,28,strength,0.23675705663506197
TWLO,2020-06-05,2020-07-09,3.0,196.7100067138672,245.5,127.76997985839841,12.4,0.0,23,strength,0.2142605194151701
NVDA,2020-05-27,2020-07-10,79.0,8.482068061828613,10.539926128477521,143.97078726526377,12.4,0.0,31,strength,0.2128852965875286
FTNT,2020-05-27,2020-07-14,51.0,26.229999542236328,26.562000274658203,-7.867962646484557,12.4,0.0,33,sma,-0.005827559407267782
NOW,2020-05-27,2020-07-21,9.0,74.23200225830078,89.44599914550781,118.32597198486326,12.4,0.0,38,strength,0.175482832881834
ETSY,2020-07-14,2020-08-05,6.0,103.73999786376953,131.81500244140625,150.32695054274336,12.4,0.0,16,strength,0.23931198622249697
BL,2020-07-13,2020-08-10,17.0,83.30999755859375,80.05000305175781,-80.21990661621112,12.4,0.0,20,sma,-0.056150061908388935
MRNA,2020-07-13,2020-08-12,20.0,71.77999877929688,75.66999816894531,52.99998779296857,12.4,0.0,22,breakeven,0.03660220213161396
ARES,2020-06-23,2020-08-26,43.0,32.08334732055664,32.45516777131599,-8.8117206173481,12.4,0.0,45,sma,-0.006330332123205043
CHWY,2020-08-12,2020-09-03,14.0,53.150001525878906,68.38999938964844,194.75997009277341,12.4,0.0,16,strength,0.25957612228125976
TWLO,2020-06-05,2020-09-04,3.0,196.7100067138672,245.14999389648438,126.71996154785154,12.4,0.0,64,sma,0.2124997187258177
ETSY,2020-07-14,2020-09-04,7.0,103.73999786376953,114.2300033569336,54.35311537522534,12.4,0.0,38,sma,0.07416606812701278
PZZA,2020-08-10,2020-09-04,19.0,80.38196563720703,78.30840656288908,-64.19762241204126,12.4,0.0,19,sma,-0.04169604524842536
TER,2020-08-26,2020-09-04,18.0,87.81818389892578,77.54126042557844,-209.78462252025224,12.4,0.0,7,stop,-0.13168101581063363
PYPL,2020-05-27,2020-09-09,5.0,144.70677185058594,189.36005730592524,203.9775383878076,12.4,0.0,73,sma,0.2792595642820853
AMZN,2020-05-27,2020-09-09,6.0,120.51950073242188,160.14950561523438,218.61639293323867,12.4,0.0,73,sma,0.29952348469764817
CHWY,2020-08-12,2020-09-14,14.0,53.150001525878906,54.15999984741211,-4.460023498535179,12.4,0.0,22,sma,-0.005944320100694124
ODFL,2020-09-09,2020-09-22,15.0,96.84362030029297,87.09795228312025,-170.98502025759103,12.4,0.0,9,stop,-0.1167089982479746
PTGX,2020-09-04,2020-09-29,78.0,20.520000457763672,20.110000610351562,-56.77998809814471,12.4,0.0,16,egg,-0.035202352718743654
PENN,2020-09-04,2020-09-29,14.0,54.150001525878906,72.70999908447266,241.4537589237608,12.4,0.0,16,strength,0.31600328600865885
PINS,2020-09-09,2020-10-02,21.0,35.5099983215332,43.20000076293945,143.0342373160429,12.4,0.0,17,strength,0.19026436340625238
AGNT,2020-09-04,2020-10-06,45.0,17.607194900512695,23.244505405582995,235.1471045962952,12.4,0.0,21,strength,0.29450240340517697
TGTX,2020-09-04,2020-10-07,33.0,23.809999465942383,29.389999389648438,165.63253479573268,12.4,0.0,22,strength,0.20917492072204866
AGNT,2020-09-04,2020-10-26,46.0,17.607194900512695,20.05998453178333,94.16019117031726,12.4,0.0,35,sma,0.11536424321315279
PENN,2020-09-04,2020-10-27,15.0,54.150001525878906,61.43000030517578,90.38618858600489,12.4,0.0,36,sma,0.11040696659656543
TGTX,2020-09-04,2020-10-27,34.0,23.809999465942383,26.260000228881836,64.6074886265086,12.4,0.0,36,sma,0.07919209777686773
TSLA,2020-05-27,2020-10-29,12.0,54.68199920654297,136.65333557128906,965.056036376953,12.4,0.0,109,sma,1.4569434802912171
NVDA,2020-05-27,2020-10-29,79.0,8.482068061828613,12.783123951718173,321.1834153012752,12.4,0.0,109,sma,0.47492430877263414
CRL,2020-09-22,2020-10-29,7.0,217.3300018310547,221.1999969482422,2.289965820312318,12.4,0.0,27,sma,0.0014930891766858287
WST,2020-09-14,2020-10-30,5.0,273.65838623046875,270.8318106512593,-38.93287789604756,12.4,0.0,34,sma,-0.028198091853519895
FND,2020-09-29,2020-11-02,22.0,73.38999938964844,74.41999816894531,-2.140026855468932,12.4,0.0,24,breakeven,-0.001315336926779018
NOW,2020-05-27,2020-11-03,9.0,74.23200225830078,95.52200317382812,173.01000823974607,12.4,0.0,112,sma,0.2565817618358875
SAM,2020-11-03,2020-11-11,1.0,1003.7999877929688,925.0,-103.5999877929687,12.4,0.0,6,stop,-0.10194842455959094
FCX,2020-10-29,2020-11-20,51.0,16.243911743164062,19.896003816511673,167.71688991548535,12.4,0.0,16,strength,0.20095979970462574
DY,2020-10-26,2020-11-24,13.0,64.61000061035156,68.3499984741211,30.019972229003884,12.4,0.0,21,strength,0.0354791485321311
DY,2020-10-26,2020-11-27,13.0,64.61000061035156,63.939998626708984,-27.31002578735354,12.4,0.0,23,breakeven,-0.03227639432623145
LSCC,2020-10-29,2020-12-01,24.0,34.7599983215332,42.4900016784668,166.92008056640623,12.4,0.0,22,strength,0.1986103571546661
FIVE,2020-10-27,2020-12-04,6.0,135.25,162.6300048828125,145.68002929687498,12.4,0.0,27,strength,0.17815828457487462
VRTS,2020-10-29,2020-12-04,6.0,128.07275390625,161.3616795215792,181.61047676889825,12.4,0.0,25,strength,0.23459048584337172
GSHD,2020-11-27,2020-12-08,16.0,114.6951675415039,104.62993332257439,-185.84374750287247,12.4,0.0,7,stop,-0.10059077999306287
WOR,2020-11-02,2020-12-18,59.0,28.043418884277344,28.35967919842707,-6.140641465166254,12.4,0.0,33,sma,-0.0036837327534034255
CROX,2020-11-11,2021-01-07,16.0,55.40999984741211,68.48999786376953,190.6799682617186,12.4,0.0,38,strength,0.2135848030637191
DAR,2020-12-08,2021-01-07,18.0,50.70000076293945,64.30999755859375,226.54750988934484,12.4,0.0,20,strength,0.2466138778735985
RUSHA,2020-10-27,2021-01-08,38.0,22.425270080566406,27.356687954610972,168.79387921369334,12.4,0.0,50,strength,0.196646893475304
LSCC,2020-10-29,2021-01-26,24.0,34.7599983215332,41.59000015258789,145.32004394531248,12.4,0.0,59,sma,0.17290948897084923
PINS,2020-09-09,2021-01-28,22.0,35.5099983215332,67.31999969482422,681.0758441658907,12.4,0.0,97,sma,0.8647877698936582
VRTS,2020-10-29,2021-01-28,7.0,128.07275390625,167.59449225956484,257.5752453962806,12.4,0.0,61,sma,0.28518509835104977
FCX,2020-10-29,2021-01-28,52.0,16.243911743164062,24.468092058223753,408.99718220834643,12.4,0.0,61,sma,0.480639586327467
VC,2020-12-18,2021-01-28,15.0,124.08670806884766,124.99561772507964,-11.166355156520467,12.4,0.0,26,sma,-0.005959519376348385
RUSHA,2020-10-27,2021-02-12,38.0,22.425270080566406,25.53782877869969,99.67723052906479,12.4,0.0,74,sma,0.11612516890465649
PNR,2020-10-30,2021-02-16,37.0,46.135581970214844,50.16517802353012,124.29505397266485,12.4,0.0,72,sma,0.07228908853352406
TFIN,2021-01-28,2021-02-22,17.0,58.09000015258789,73.69999694824219,246.7699455261229,12.4,0.0,16,strength,0.24832695488911902
DAR,2020-12-08,2021-02-26,19.0,50.70000076293945,62.40999984741211,203.72241503741282,12.4,0.0,54,sma,0.2100951076490553
ROKU,2021-01-28,2021-02-26,4.0,404.010009765625,391.3999938964844,-75.24006347656268,12.4,0.0,20,breakeven,-0.046203766593628286
COHR,2021-02-16,2021-02-26,23.0,91.94999694824219,83.48999786376953,-219.66997894287124,12.4,0.0,8,stop,-0.10325069619846487
UPWK,2021-02-26,2021-03-04,38.0,53.880001068115234,45.189998626708984,-355.1400927734376,12.4,0.0,4,stop,-0.1724014474921563
FIVE,2020-10-27,2021-03-05,6.0,135.25,188.1999969482422,299.099981689453,12.4,0.0,88,sma,0.3657820492716803
GIII,2021-01-26,2021-03-09,39.0,25.973426818847656,31.815717242514808,209.2636303204871,12.4,0.0,29,strength,0.20533166403421518
MTZ,2021-01-28,2021-03-11,12.0,79.05999755859375,96.54000091552734,191.40804028320304,12.4,0.0,29,strength,0.20049613496270263
RNST,2021-01-28,2021-03-11,31.0,31.863027572631836,38.33439462566667,182.01237864407972,12.4,0.0,29,strength,0.1831195460171227
CROX,2020-11-11,2021-03-24,16.0,55.40999984741211,77.41999816894531,333.5599731445311,12.4,0.0,90,sma,0.37362782165050895
CHEF,2021-02-12,2021-03-24,70.0,30.309999465942383,29.540000915527344,-79.16989852905272,12.57,0.0,27,sma,-0.03709234441328437
AZZ,2021-02-26,2021-03-24,43.0,47.91318130493164,46.600226714104004,-81.41704740558862,12.41,0.0,18,sma,-0.03927845796999565
MTZ,2021-01-28,2021-03-25,13.0,79.05999755859375,85.20999908447266,61.1020198364256,12.4,0.0,39,sma,0.05907983704900474
GIII,2021-01-26,2021-03-30,40.0,25.973426818847656,28.76584190407113,92.95229961147038,12.4,0.0,44,sma,0.08892562490507727
RNST,2021-01-28,2021-04-21,31.0,31.863027572631836,34.491318280858756,62.877011955034504,12.4,0.0,57,sma,0.06325948800787033
CASH,2021-03-05,2021-04-21,46.0,44.304046630859375,42.82095031504371,-93.11243052752047,12.4,0.0,32,sma,-0.04541015059047837
BFH,2021-03-24,2021-04-21,26.0,77.47138214111328,74.40841143588595,-104.47723833591067,12.4,0.0,19,sma,-0.05155052442606601
CHRD,2021-03-25,2021-04-29,27.0,37.68510055541992,47.51626927165032,246.79655533822063,12.4,0.0,24,strength,0.24107283179944627
CPRI,2021-02-26,2021-05-04,22.0,46.66999816894531,57.040000915527344,209.4750604248045,12.4,0.0,46,strength,0.2027822407379661
SONO,2021-04-21,2021-05-07,50.0,41.779998779296875,38.5,-189.01993896484373,12.4,0.0,12,stop,-0.08994011498479873
KSS,2021-03-04,2021-05-12,52.0,39.838539123535156,42.57327490221323,116.69626049126009,12.93,0.0,48,sma,0.05599134172598186
RRR,2021-03-24,2021-05-12,39.0,26.193971633911133,31.385144968973282,183.80076006742365,12.4,0.0,34,strength,0.17882584408999744
TFIN,2021-01-28,2021-05-13,17.0,58.09000015258789,81.44000244140625,378.350038909912,12.4,0.0,73,sma,0.38073726054590457
UNFI,2021-03-24,2021-05-13,62.0,33.0,34.939998626708984,94.93991485595689,12.82,0.0,35,sma,0.04612047240539654
SIG,2021-03-30,2021-05-13,37.0,55.07600402832031,55.047818885075394,-26.02285030006169,12.49,0.0,31,sma,-0.012692202616159064
KFY,2021-04-21,2021-05-13,35.0,58.77369689941406,57.620569148066956,-65.33947129714875,12.44,0.0,16,egg,-0.031570766859910435
BKE,2021-04-21,2021-05-13,84.0,24.892826080322266,24.2402307055267,-79.93801148282773,12.49,0.0,16,egg,-0.03800008111438357
TPL,2021-05-13,2021-05-20,12.0,173.08546447753906,160.65796683550062,-174.11997170446148,12.4,0.0,5,stop,-0.08332631795695092
CPRI,2021-02-26,2021-05-21,22.0,46.66999816894531,54.060001373291016,143.91507049560528,12.4,0.0,59,sma,0.13931692112597432
HZO,2021-05-13,2021-05-21,35.0,59.33000183105469,54.5099983215332,-193.6901228332522,12.4,0.0,6,stop,-0.09271284686118303
PFG,2021-05-07,2021-06-01,40.0,55.2475471496582,54.79170888191342,-44.033530709791194,12.88,0.0,16,egg,-0.019809743186081814
KBR,2021-05-13,2021-06-07,53.0,39.262535095214844,38.18814036022892,-82.0029209542538,12.46,0.0,16,egg,-0.03916998255146281
CUBI,2021-05-13,2021-06-08,30.0,34.58000183105469,43.33000183105469,243.86885245901635,12.4,0.0,17,strength,0.23367340098804046
LQDT,2021-06-01,2021-06-11,84.0,25.540000915527344,23.200000762939453,-221.72001281738312,12.4,0.0,8,stop,-0.10273757016126189
CCS,2021-06-07,2021-06-11,29.0,72.78404998779297,62.20320737434814,-331.9244357898999,12.4,0.0,4,stop,-0.1563161477481672
STC,2021-05-20,2021-06-14,40.0,51.433475494384766,50.02427010253603,-81.30821567394946,12.4,0.0,16,egg,-0.03928162704058544
FHN,2021-05-12,2021-06-15,143.0,15.20044231414795,15.103870423040567,-39.43978042835579,12.8,0.0,23,sma,-0.018037915466559966
ALLY,2021-06-11,2021-06-18,46.0,46.14546585083008,41.538495411546876,-237.03064020702732,12.4,0.0,5,stop,-0.11100050649619045
HL,2021-06-14,2021-06-18,244.0,8.761789321899414,7.804535569763429,-258.70991552118016,12.4,0.0,4,stop,-0.12029569388499038
RRR,2021-03-24,2021-06-21,39.0,26.193971633911133,31.5518300938136,190.30147993619607,12.4,0.0,61,sma,0.18515060965298752
TBBK,2021-05-21,2021-06-21,86.0,24.1299991607666,22.950000762939453,-126.469862213135,12.4,0.0,20,sma,-0.060576532177965006
PRKS,2021-06-11,2021-06-29,38.0,55.54999923706055,49.2599983215332,-264.100034790039,12.4,0.0,12,stop,-0.1243654764104039
VNOM,2021-05-13,2021-07-07,163.0,12.946057319641113,13.060878705755822,-6.684114063301877,12.72,0.0,37,sma,-0.0031485957486262566
ABR,2021-06-15,2021-07-08,207.0,10.175572395324707,9.597417130061146,-144.74813990955727,12.4,0.0,16,egg,-0.06830921128031867
PGNY,2021-06-21,2021-07-14,31.0,63.79999923706055,57.5,-220.09997634887714,12.4,0.0,16,stop,-0.11059188974198549
CUBI,2021-05-13,2021-07-19,31.0,34.58000183105469,35.16999816894531,-0.5489659844070047,12.4,0.0,45,sma,-0.0005090470685488908
SIG,2021-07-07,2021-07-19,28.0,71.53021240234375,60.789411228414004,-325.55243287003304,12.4,0.0,8,stop,-0.16154396334210291
CHRD,2021-03-25,2021-07-20,27.0,37.68510055541992,52.73732960135317,387.7651842401975,12.4,0.0,80,sma,0.37877210607704753
BOOT,2021-05-21,2021-07-20,28.0,72.83999633789062,76.23999786376953,69.9600427246096,12.74,0.0,40,sma,0.03409325748311432
MRNA,2021-07-08,2021-07-30,4.0,232.7899932861328,346.8999938964844,437.8400024414061,12.4,0.0,16,strength,0.4670991027839586
IT,2021-06-21,2021-08-04,4.0,238.8699951171875,295.2799987792969,207.04001464843736,12.4,0.0,31,strength,0.21528992892991305
AMH,2021-06-18,2021-08-27,61.0,33.56393051147461,35.493095483392224,92.3490632869748,12.81,0.0,49,sma,0.044831388594077724
NAVI,2021-06-29,2021-08-30,66.0,15.315350532531738,18.613791308655877,199.07209122419306,12.4,0.0,43,strength,0.19573709612707998
BILL,2021-07-19,2021-08-30,5.0,188.5399932861328,290.0,488.7000335693358,12.4,0.0,30,strength,0.5150174421521017
GOOGL,2021-06-18,2021-08-31,8.0,119.05531311035156,143.8712627569478,180.2640677610051,12.4,0.0,51,strength,0.18810699433161773
PTGX,2021-07-14,2021-09-09,45.0,44.869998931884766,46.20000076293945,34.80008239746098,12.6,0.0,40,sma,0.01712939713565103
EL,2021-07-20,2021-09-16,5.0,300.01318359375,302.39412635735397,-12.895286181980282,12.4,0.0,41,sma,-0.008526001167218843
GOOGL,2021-06-18,2021-09-29,9.0,119.05531311035156,135.7760328990303,131.4900075098733,12.4,0.0,71,sma,0.12196522039170919
MRNA,2021-07-08,2021-09-29,4.0,232.7899932861328,393.2099914550781,623.0799926757811,12.4,0.0,58,sma,0.6647179424416372
INTU,2021-07-19,2021-09-29,3.0,480.89739990234375,529.201143816418,120.11123174222257,12.4,0.0,51,sma,0.08254544403880786
MSCI,2021-08-27,2021-09-29,3.0,594.562255859375,571.0662317093438,-95.28807245009375,12.4,0.0,22,sma,-0.053053156545761905
NAVI,2021-06-29,2021-09-30,66.0,15.315350532531738,14.930133011453314,-44.049356391175934,12.4,0.0,65,sma,-0.04331141072188513
BBWI,2021-07-20,2021-10-01,37.0,52.89165496826172,55.76155197169555,81.22618912705184,12.56,0.0,52,sma,0.041244313334971104
STAG,2021-09-09,2021-10-01,67.0,34.532474517822266,32.483893259098316,-163.27494433450465,12.84,0.0,16,egg,-0.07016977366932604
CROX,2021-09-29,2021-10-05,14.0,149.80999755859375,136.2899932861328,-214.3200598144531,12.4,0.0,4,stop,-0.10157445250013561
GOOG,2021-09-16,2021-10-08,16.0,143.1117401123047,138.6832567159726,-96.92573434131327,12.95,0.0,16,egg,-0.042088412129286795
IT,2021-06-21,2021-10-12,4.0,238.8699951171875,303.8299865722656,241.23996582031236,12.4,0.0,79,sma,0.2508526440393666
EXLS,2021-09-29,2021-10-21,87.0,25.24799919128418,24.68000030517578,-75.07590309143052,12.77,0.0,16,egg,-0.033979208316466086
DFIN,2021-09-30,2021-11-04,31.0,34.619998931884766,43.95000076293945,270.5070408896793,12.4,0.0,25,strength,0.25057551687078644
PCTY,2021-09-29,2021-11-08,7.0,278.5799865722656,279.2300109863281,-20.249829101562682,12.4,0.0,28,sma,-0.010318595065096949
DDOG,2021-10-01,2021-11-08,7.0,144.69000244140625,186.28599548339844,272.5419512939452,12.4,0.0,26,strength,0.26744445540337297
CELH,2021-09-29,2021-11-11,73.0,30.19333267211914,35.18333435058594,337.54012252807615,13.82,0.0,31,sma,0.1522492455545978
NTAP,2021-10-21,2021-11-12,27.0,83.22746276855469,82.5454402396161,-44.40460828134155,12.97,0.0,16,egg,-0.019646652853996183
RRC,2021-11-08,2021-11-18,104.0,23.376466751098633,21.677926577562836,-203.1681780477229,13.04,0.0,8,stop,-0.0831078595853148
LEU,2021-11-18,2021-11-22,34.0,69.91999816894531,62.599998474121094,-274.9399896240234,12.72,0.0,2,stop,-0.11500782089329717
BILL,2021-07-19,2021-11-24,5.0,188.5399932861328,291.04998779296875,493.94997253417955,12.4,0.0,91,sma,0.520550100125093
GTM,2021-11-22,2021-11-24,32.0,74.01000213623047,67.83000183105469,-223.9100097656251,12.83,0.0,2,stop,-0.09401504985590392
PRKS,2021-10-12,2021-11-30,37.0,58.56999969482422,59.95000076293945,25.29003952026369,12.95,0.0,34,sma,0.011601414577327095
WCC,2021-10-08,2021-12-01,19.0,113.07833099365234,124.23986084318848,185.99906714118652,13.3,0.0,37,sma,0.08606054542311388
ZWS,2021-10-05,2021-12-02,67.0,31.591033935546875,33.251998043210385,85.62459521345545,12.97,0.0,41,sma,0.04021275844094519
ASTH,2021-11-24,2021-12-02,24.0,98.30000305175781,85.37999725341797,-335.9001391601564,12.52,0.0,5,stop,-0.14158066545436407
DDOG,2021-10-01,2021-12-06,7.0,144.69000244140625,160.42999267578125,91.54993164062489,12.4,0.0,45,sma,0.08983762497332239
TNDM,2021-11-11,2021-12-06,17.0,134.02999877929688,133.66000366210938,-32.469916992187336,13.08,0.0,16,egg,-0.014169041541197072
PANW,2021-10-01,2021-12-07,26.0,81.08499908447266,86.22000122070312,107.84005554199211,13.0,0.0,46,sma,0.0508468450606992
SITM,2021-11-12,2021-12-08,4.0,254.85000610351562,319.20001220703125,239.16446885850678,12.4,0.0,17,strength,0.23327757398508758
NVDA,2021-12-07,2021-12-14,69.0,32.32487487792969,27.61176761656936,-350.58440103386283,12.4,0.0,5,stop,-0.156273945280907
SITM,2021-11-12,2021-12-17,5.0,254.85000610351562,248.8699951171875,-49.594499376085196,12.4,0.0,24,breakeven,-0.0386990075998376
OMCL,2021-11-24,2021-12-17,13.0,179.77999877929688,175.0,-88.4699841308593,13.09,0.0,16,egg,-0.037640715428222296
DFIN,2021-09-30,2022-01-05,32.0,34.619998931884766,44.06999969482422,283.4730402870782,12.4,0.0,67,sma,0.2543803370159936
ZTS,2021-12-06,2022-01-05,10.0,211.0387725830078,214.8531242892361,12.693517062282808,12.77,0.0,21,sma,0.005978856400975099
KEYS,2021-12-06,2022-01-06,11.0,195.14999389648438,192.1999969482422,-57.9099664306641,12.69,0.0,22,sma,-0.026817371438231933
EFX,2021-12-14,2022-01-06,8.0,278.22625732421875,269.2583106669602,-97.49357325806841,12.79,0.0,16,egg,-0.04354782791731079
MSI,2021-11-30,2022-01-10,9.0,239.34884643554688,238.78904431768996,-30.59821906071238,12.77,0.0,28,sma,-0.01412054125232005
P,2021-12-17,2022-01-11,68.0,32.09000015258789,29.75,-184.44001037597673,12.46,0.0,16,egg,-0.08402810481375825
AOSL,2021-12-17,2022-01-14,43.0,50.560001373291016,48.380001068115234,-119.18001312255865,12.6,0.0,19,breakeven,-0.05449673966329069
ON,2021-12-02,2022-01-19,35.0,62.540000915527344,63.41999816894531,4.979903869629197,12.95,0.0,32,sma,0.002261772935935258
ACLS,2021-12-02,2022-01-20,35.0,63.9900016784668,63.90999984741211,-28.790064086913844,12.99,0.0,33,breakeven,-0.012780531079441744
BLDR,2022-01-06,2022-01-20,24.0,82.45999908447266,73.7699966430664,-233.36005859375018,12.4,0.0,9,stop,-0.11718156769400057
PLAB,2022-01-06,2022-01-21,115.0,19.260000228881836,16.450000762939453,-348.48993858337417,12.4,0.0,10,stop,-0.15642502803883881
ONTO,2022-01-05,2022-01-24,21.0,97.37000274658203,86.79000091552734,-247.09003845214875,12.4,0.0,12,stop,-0.12010520275543149
IVT,2022-01-05,2022-01-28,98.0,23.38224220275879,22.677327318813564,-95.17165862663205,12.96,0.0,16,egg,-0.04129657315803722
ROG,2021-12-01,2022-02-08,8.0,271.0,272.5,-13.670000000000073,12.85,0.0,47,sma,-0.006268284406782803
ANDE,2022-01-14,2022-02-08,59.0,36.42099380493164,34.16786480580057,-158.14461094873332,12.44,0.0,16,egg,-0.07316061215955241
PEP,2022-01-20,2022-02-11,13.0,150.4964141845703,145.40890747438874,-90.93758723236056,12.4,0.0,16,egg,-0.046188095036899086
CHRD,2022-01-20,2022-02-17,24.0,85.74696350097656,84.1589683224483,-63.101884284678135,12.45,0.0,20,sma,-0.030477124486794713
WTFC,2022-01-25,2022-02-25,20.0,90.43485260009766,88.93094783849716,-54.87809523201008,12.4,0.0,22,sma,-0.03013463514845733
AIG,2022-01-19,2022-03-02,39.0,53.1364631652832,53.05520132152011,-28.319211906760756,12.57,0.0,29,sma,-0.013582993850537588
APA,2022-01-21,2022-03-02,37.0,26.031057357788086,32.86312932307606,234.18666271565485,12.4,0.0,27,strength,0.2415916591278633
OVV,2022-01-31,2022-03-02,29.0,34.604393005371094,42.89876733697076,221.99278781978,12.4,0.0,21,strength,0.21986635804375418
BKR,2022-02-08,2022-03-07,43.0,24.73820686340332,30.018589892328215,208.2964702437705,12.4,0.0,18,strength,0.19465088001577435
CVX,2022-02-17,2022-03-14,9.0,111.76602172851562,139.03619923570952,226.81659756474494,12.4,0.0,16,strength,0.2241028918228533
MCK,2022-01-10,2022-03-25,4.0,245.1149139404297,298.69123206460824,195.7052724967141,12.4,0.0,52,strength,0.19835134775590488
EXC,2022-01-11,2022-03-31,31.0,33.76073455810547,40.67289697683461,195.6179873615556,12.4,0.0,55,strength,0.1857999785401388
VNOM,2022-02-09,2022-04-19,53.0,19.907312393188477,24.282287290384062,213.13366955136598,12.4,0.0,47,strength,0.20079907307672887
BKR,2022-02-08,2022-04-22,43.0,24.73820686340332,29.47607994778782,184.96854262853344,12.4,0.0,51,sma,0.17285117484584972
VNOM,2022-02-09,2022-04-26,53.0,19.907312393188477,22.01030294758557,92.71849938304581,12.4,0.0,52,sma,0.08735264011721013
WHD,2022-03-21,2022-04-26,45.0,50.683921813964844,48.85566706095227,-108.27146388556594,12.9,0.0,25,breakeven,-0.04720021533535418
XOM,2022-03-21,2022-04-26,32.0,70.68661499023438,71.14235782000445,-11.556229447357964,13.09,0.0,25,sma,-0.005079612889203475
APA,2022-01-21,2022-04-27,37.0,26.031057357788086,33.68456355995354,264.5797294801216,12.4,0.0,66,sma,0.2729457564981599
CVX,2022-02-17,2022-04-27,9.0,111.76602172851562,131.39892351352074,158.08111606504588,12.4,0.0,47,sma,0.15618978343350026
OVV,2022-01-31,2022-05-10,30.0,34.604393005371094,39.234582369899606,120.14974873246547,12.4,0.0,69,sma,0.11503222695664547
ELV,2022-02-11,2022-05-11,4.0,419.3124084472656,459.36781636544407,135.4216316727136,12.4,0.0,61,sma,0.0801477590173702
EXC,2022-01-11,2022-05-13,32.0,33.76073455810547,39.892016391575154,177.3400662900774,12.4,0.0,85,sma,0.1631756890077661
MCK,2022-01-10,2022-06-03,4.0,245.1149139404297,312.43843755630445,250.6940944634989,12.4,0.0,100,sma,0.2540836579255474
FSS,2022-12-01,2022-12-16,47.0,47.89179992675781,43.49886905032186,-232.0077511924901,12.51,0.0,11,stop,-0.10247942972865304
TKO,2022-12-01,2022-12-16,30.0,74.33138275146484,67.9681996272596,-216.36549372615718,12.5,0.0,11,stop,-0.09646635429444236
DGII,2022-12-02,2022-12-19,55.0,41.06999969482422,37.400001525878906,-227.43989929199233,12.54,0.0,11,stop,-0.10010999646652818
SMCI,2022-12-02,2022-12-20,263.0,8.670000076293945,8.331999778747559,-114.87407825469973,12.88,0.0,12,stop,-0.050090950307463626
HUBB,2022-12-01,2022-12-23,9.0,240.6986846923828,223.8813530652243,-176.61598464442704,12.44,0.0,16,egg,-0.08104966412661643
TKR,2022-12-01,2022-12-23,32.0,70.28038787841797,66.00728496119565,-162.43929335111397,12.68,0.0,16,egg,-0.07181248375613891
EME,2022-12-02,2022-12-27,14.0,152.31578063964844,148.26766519575386,-81.99361621452408,12.59,0.0,16,egg,-0.03822277263001904
IRDM,2022-12-02,2022-12-27,46.0,49.382747650146484,47.266210006336244,-123.28073161527118,12.84,0.0,16,egg,-0.053959585898519916
XYL,2022-12-02,2022-12-27,21.0,108.74362182617188,105.3528516188496,-97.24617435376786,12.93,0.0,16,egg,-0.0423412160976862
FLR,2022-12-01,2023-01-05,67.0,33.72999954223633,33.20000076293945,-61.51991821289084,12.96,0.0,23,sma,-0.02706599282125921
ACGL,2023-01-12,2023-02-06,35.0,59.97317123413086,58.33762381468738,-82.39415968052185,12.5,0.0,16,egg,-0.03901772541131521
BKE,2023-01-17,2023-02-08,64.0,33.448020935058594,32.340367602461235,-96.20981328623111,12.57,0.0,16,egg,-0.044677612388659256
TTC,2023-01-17,2023-02-08,20.0,107.2393798828125,103.71871253148993,-95.76334702645181,12.59,0.0,16,egg,-0.04438527665877675
ROST,2023-01-18,2023-02-09,18.0,113.14678955078125,111.50810368115816,-54.40634565321534,12.42,0.0,16,egg,-0.02655092010993045
SLB,2023-01-24,2023-02-23,41.0,50.884498596191406,49.38327956143203,-86.62998042513414,12.46,0.0,21,sma,-0.04127429727587387
CMC,2023-01-23,2023-02-24,43.0,49.533348083496094,49.59064800769197,-22.98610325957725,12.73,0.0,23,sma,-0.010727865351691783
MKTX,2023-02-06,2023-03-01,6.0,332.4039001464844,323.22950678458926,-79.84636017137086,12.4,0.0,16,egg,-0.03978743726847187
GAP,2023-02-08,2023-03-03,182.0,11.984822273254395,11.376768666957272,-136.0957563460761,12.58,0.0,16,egg,-0.06202840443250637
XOM,2023-02-08,2023-03-03,21.0,100.73323822021484,98.0600178299464,-81.37762819563727,12.55,0.0,16,egg,-0.038239785241623706
STRL,2023-01-24,2023-03-08,31.0,34.150001525878906,42.0,224.6049526977538,12.4,0.0,30,strength,0.21089764996250804
PEN,2023-01-12,2023-03-13,9.0,230.50999450683594,245.3000030517578,107.60007690429666,12.92,0.0,40,sma,0.051552850953435286
CROX,2023-03-03,2023-03-13,17.0,125.54000091552734,112.1500015258789,-252.7699896240233,12.4,0.0,6,stop,-0.11773609999049
GNW,2023-01-13,2023-03-14,400.0,5.340000152587891,5.380000114440918,-9.520015258789044,12.78,0.0,40,breakeven,-0.004430510433264215
HLX,2023-01-24,2023-03-14,281.0,7.579999923706055,7.71999979019165,13.799962482452429,12.82,0.0,34,sma,0.006440454856268613
R,2023-02-24,2023-03-14,24.0,89.23832702636719,81.78946001874404,-203.92280818295558,12.4,0.0,12,stop,-0.09465103831105424
LPG,2023-03-03,2023-03-14,146.0,15.202598571777344,14.019648956930151,-198.18064376768984,12.52,0.0,7,stop,-0.08876955641616704
FICO,2023-03-01,2023-03-23,2.0,682.7899780273438,682.8499755859375,-24.680004882812682,12.4,0.0,16,egg,-0.01791027857435193
GE,2023-02-09,2023-04-04,15.0,63.32876205444336,76.0743791129671,172.7842558778559,12.4,0.0,37,strength,0.18074963361153074
STRL,2023-01-24,2023-04-05,31.0,34.150001525878906,35.279998779296875,16.284914855956913,12.4,0.0,50,sma,0.015291070974657074
PTGX,2023-03-23,2023-04-06,99.0,21.010000228881836,18.219999313354492,-301.21009063720703,12.4,0.0,10,stop,-0.14394128203594497
WYNN,2023-02-23,2023-04-13,19.0,102.13241577148438,103.85006306623256,7.835298600215538,12.4,0.0,34,sma,0.0040121024164875
ELF,2023-03-15,2023-04-17,14.0,73.33000183105469,90.05000305175781,215.41501708984356,12.4,0.0,22,strength,0.20855662706259
ALGM,2023-03-15,2023-04-18,46.0,44.470001220703125,43.90999984741211,-50.72006317138698,12.45,0.0,23,sma,-0.024643760009125805
OLED,2023-03-15,2023-04-20,15.0,132.26419067382812,134.0721076009217,2.2887539064033717,12.43,0.0,25,sma,0.0011464618743108738
FOUR,2023-04-06,2023-04-20,29.0,70.91999816894531,63.349998474121094,-244.4699911499024,12.4,0.0,9,stop,-0.11814596680078603
PDFS,2023-03-15,2023-04-26,54.0,37.939998626708984,37.68000030517578,-39.04990936279296,12.49,0.0,29,sma,-0.018944496025611997
AXON,2023-03-15,2023-05-01,9.0,211.2100067138672,211.3300018310547,-23.720043945312682,12.4,0.0,32,sma,-0.012397515899939478
BKNG,2023-04-13,2023-05-05,20.0,102.997314453125,103.02434212157821,-24.55944663093601,12.55,0.0,16,egg,-0.011850176408299166
ASO,2023-04-25,2023-05-09,33.0,63.98174285888672,58.51313167298076,-205.5441691348965,12.4,0.0,10,stop,-0.09676867616502602
AVGO,2023-04-18,2023-05-10,35.0,60.66857147216797,59.68415868960593,-59.784447389671186,12.62,0.0,16,egg,-0.027987532171548094
OMC,2023-04-21,2023-05-15,25.0,83.88484191894531,83.00890278154843,-47.12847843492227,12.59,0.0,16,egg,-0.022338301524804375
AAON,2023-04-05,2023-05-17,35.0,61.015968322753906,60.351886928067394,-48.66284881402771,12.68,0.0,29,sma,-0.022651805580303688
PCG,2023-03-15,2023-05-19,133.0,15.588029861450195,16.334997352342306,73.93667628865069,12.83,0.0,46,sma,0.035447839040367864
ELF,2023-03-15,2023-05-24,14.0,73.33000183105469,84.38999938964844,136.1749658203123,12.4,0.0,49,sma,0.13183942301479795
MTH,2023-05-05,2023-05-24,34.0,59.28865432739258,54.19361061244548,-198.07148630820143,12.4,0.0,13,stop,-0.09765614275840563
LVS,2023-05-09,2023-05-24,35.0,58.52696990966797,51.4890827279129,-271.24605136142736,12.4,0.0,11,stop,-0.13161125490697315
VCEL,2023-05-24,2023-06-16,58.0,34.40999984741211,34.779998779296875,-3.3800619506837393,12.44,0.0,16,egg,-0.0016831469119201236
COCO,2023-05-24,2023-06-16,42.0,23.700000762939453,29.469999313354492,223.7399391174315,12.4,0.0,16,strength,0.22338251992759917
SPNT,2023-05-01,2023-06-23,231.0,8.949999809265137,8.710000038146973,-80.43994712829613,12.43,0.0,37,sma,-0.038672680470478595
ROIV,2023-05-15,2023-06-28,224.0,9.149999618530273,9.180000305175781,-18.339846191406195,12.54,0.0,30,sma,-0.008893685600917833
PTGX,2023-05-24,2023-07-05,79.0,25.1200008392334,23.510000228881836,-151.99004821777362,12.4,0.0,27,stop,-0.07611375904985483
COCO,2023-05-24,2023-07-07,42.0,23.700000762939453,25.530000686645508,58.25999679565416,12.4,0.0,29,sma,0.05816692784722914
LW,2023-05-10,2023-07-12,19.0,103.59809112548828,102.762773076189,-40.67104293668649,12.4,0.0,42,sma,-0.020533010723223968
APG,2023-05-17,2023-07-13,64.0,15.520000457763672,18.666667938232422,182.82981952519367,12.4,0.0,38,strength,0.1829328237807129
CPRT,2023-04-26,2023-07-17,27.0,38.55500030517578,46.78499984741211,203.5099876403808,12.4,0.0,55,strength,0.19432149418660732
BLDR,2023-06-16,2023-07-19,8.0,121.41000366210938,148.85000610351562,201.20943129595582,12.4,0.0,21,strength,0.2059060204692684
PENG,2023-07-12,2023-08-03,71.0,27.09000015258789,26.31999969482422,-79.47003250122089,12.4,0.0,16,egg,-0.04105302334264724
CPRT,2023-04-26,2023-08-09,27.0,38.55500030517578,43.86000061035156,124.53500823974605,12.4,0.0,72,sma,0.11891224190162121
ACLS,2023-06-23,2023-08-10,12.0,168.47000122070312,174.47000122070312,46.919999999999845,12.63,0.0,33,sma,0.02306682578553893
NVDA,2023-06-28,2023-08-10,51.0,41.03706359863281,42.07803800548034,27.699694749223454,12.76,0.0,30,sma,0.013155748482750307
GSHD,2023-07-05,2023-08-17,36.0,58.20625305175781,59.360916672731676,16.187890355059608,12.74,0.0,31,sma,0.007679027691943289
UBER,2023-07-07,2023-08-17,46.0,42.90999984741211,44.18000030517578,33.5400210571288,12.48,0.0,29,sma,0.016886017528245284
CCS,2023-05-19,2023-08-18,32.0,63.74184799194336,65.54499334326277,32.56065124222141,12.64,0.0,62,sma,0.015865914783096624
BLDR,2023-06-16,2023-08-18,9.0,121.41000366210938,128.9499969482422,48.81052781048925,12.4,0.0,43,sma,0.04439986943501091
KBH,2023-08-09,2023-08-18,42.0,51.518768310546875,45.767975440851124,-266.74330052722166,12.4,0.0,7,stop,-0.12255054335061397
PHM,2023-08-03,2023-08-25,27.0,79.59700012207031,76.7923090540017,-101.07665883785239,12.58,0.0,16,egg,-0.046753861407202876
APG,2023-05-17,2023-09-06,65.0,15.520000457763672,18.3799991607666,167.2468149199965,12.4,0.0,76,sma,0.1647665623499903
MHO,2023-08-10,2023-09-06,22.0,96.93000030517578,93.02999877929688,-111.05003356933594,12.52,0.0,18,sma,-0.05176699183838226
CNM,2023-08-10,2023-09-07,67.0,31.739999771118164,29.59000015258789,-169.1699744415282,12.4,0.0,19,sma,-0.07907725688504863
CXT,2023-08-18,2023-09-12,35.0,57.48031234741211,54.95730276573234,-113.13533535879219,12.4,0.0,16,egg,-0.05589025177852789
EHC,2023-08-17,2023-09-13,31.0,67.67842102050781,67.02296559893024,-45.55911806890481,12.59,0.0,18,sma,-0.02158503201305439
STRL,2023-09-06,2023-09-14,25.0,80.11000061035156,74.2699966430664,-170.81009918212908,12.4,0.0,6,stop,-0.08476254882428949
SPNT,2023-08-25,2023-09-19,188.0,10.729999542236328,10.470000267028809,-73.71986373901382,12.4,0.0,16,egg,-0.036320930819034286
GE,2023-02-09,2023-09-22,16.0,63.32876205444336,88.64631006032539,386.28076809411243,12.4,0.0,155,sma,0.37883284136693407
EME,2023-08-18,2023-09-22,9.0,212.65420532226562,207.4021604732611,-72.06840364104096,12.4,0.0,24,sma,-0.03741310195129656
FIX,2023-08-18,2023-09-22,11.0,175.0300750732422,168.71109120666657,-94.30882253233199,12.4,0.0,24,sma,-0.04866972299577292
AMAT,2023-09-07,2023-09-22,13.0,144.79550170898438,133.81596145392308,-167.53402331579696,12.4,0.0,11,stop,-0.08842051612390202
COCO,2023-09-14,2023-09-22,68.0,28.780000686645508,25.030000686645508,-279.8000000000002,12.4,0.0,6,stop,-0.14207083910474222
HLNE,2023-08-17,2023-09-28,24.0,86.10054779052734,86.14736521717525,-24.016381760450713,12.57,0.0,29,sma,-0.011551984822687255
XPO,2023-09-06,2023-09-28,28.0,72.68000030517578,70.0,-99.93000854492198,12.4,0.0,16,egg,-0.04880514968175596
ETN,2023-09-12,2023-10-04,9.0,219.53480529785156,201.18409244333782,-189.956415690624,12.4,0.0,16,stop,-0.09554126847923193
LLY,2023-09-19,2023-10-04,3.0,563.2357788085938,514.8430881375008,-169.97807201327896,12.4,0.0,11,stop,-0.09986330966072461
SKYW,2023-09-13,2023-10-05,47.0,42.369998931884766,41.4900016784668,-66.15987091064471,12.4,0.0,16,egg,-0.033017368371018596
GPI,2023-09-28,2023-10-06,7.0,268.1145935058594,240.83540268413068,-215.75433575210104,12.4,0.0,6,stop,-0.11420394330670179
AMR,2023-10-06,2023-10-13,7.0,244.68467712402344,224.01230136569154,-169.50663030832357,12.4,0.0,5,stop,-0.09825373501240037
AKAM,2023-09-28,2023-10-20,17.0,107.04000091552734,107.06999969482422,-24.290020751953307,12.4,0.0,16,egg,-0.01325816588009458
POWL,2023-10-04,2023-10-20,66.0,27.360055923461914,24.637845050198962,-204.46591763535503,12.4,0.0,12,stop,-0.11245737589704628
DUOL,2023-10-16,2023-10-20,10.0,167.1999969482422,151.6300048828125,-180.49992065429706,12.4,0.0,4,stop,-0.10715977435558884
ARES,2023-09-22,2023-10-23,19.0,96.24273681640625,93.19603863379214,-82.68726546966832,12.4,0.0,21,sma,-0.044914028529742876
AJG,2023-09-22,2023-10-23,8.0,227.05599975585938,221.82478401968606,-66.64972588938667,12.4,0.0,21,sma,-0.03644355679671875
OII,2023-09-22,2023-10-26,77.0,24.219999313354492,23.059999465942383,-114.1199882507326,12.4,0.0,24,sma,-0.060788131859282134
WSM,2023-10-20,2023-10-27,24.0,75.34649658203125,69.51555686821814,-164.7425531315148,12.4,0.0,5,stop,-0.09048229408314667
CNR,2023-10-04,2023-11-01,18.0,96.50637817382812,92.72278776215738,-92.90462741007354,12.4,0.0,20,sma,-0.05310308151237512
ANF,2023-10-05,2023-11-06,16.0,54.540000915527344,65.16000366210938,151.5079227331912,12.4,0.0,22,strength,0.1724322021761242
ROAD,2023-09-22,2023-11-15,26.0,35.56999969482422,43.0099983215332,174.83996429443346,12.4,0.0,38,strength,0.18779399560105917
PANW,2023-10-24,2023-11-17,9.0,126.03500366210938,121.5199966430664,-65.4350631713869,12.4,0.0,18,sma,-0.05706305515376232
RRC,2023-11-06,2023-11-29,52.0,34.38814926147461,31.750396484833363,-161.963144385345,12.4,0.0,16,stop,-0.0899503526799126
CHRD,2023-11-06,2023-11-29,12.0,142.60902404785156,140.06240210440302,-55.35946332138269,12.4,0.0,16,egg,-0.03211649191939187
ACGL,2023-11-03,2023-11-30,22.0,81.34937286376953,78.48716892765161,-87.76848659459438,12.4,0.0,18,sma,-0.04870382251877863
CRWD,2023-10-23,2023-11-30,20.0,44.77000045776367,57.79750061035156,241.95000305175768,12.4,0.0,27,strength,0.2683562562055044
NTNX,2023-10-24,2023-12-04,24.0,36.560001373291016,44.349998474121094,168.48646103216663,12.4,0.0,28,strength,0.1907004936366476
CEG,2023-09-22,2023-12-07,17.0,108.25608825683594,111.35822789095855,27.936373780084068,12.4,0.0,53,sma,0.015078300364599083
GIII,2023-10-20,2023-12-08,37.0,24.478195190429688,29.855083724979423,180.4275424450068,12.4,0.0,34,strength,0.19787832174191605
CASY,2023-11-17,2023-12-12,6.0,274.3252868652344,267.331820718864,-66.76079687822266,12.4,0.0,16,egg,-0.04025732058230677
HCI,2023-12-07,2024-01-02,22.0,85.11459350585938,84.19626896407249,-45.00313991931171,12.4,0.0,16,egg,-0.023875344672450134
ROAD,2023-09-22,2024-01-04,26.0,35.56999969482422,41.380001068115234,132.46003570556627,12.4,0.0,71,sma,0.14227410456751752
XPO,2023-11-30,2024-01-04,21.0,86.27999877929688,84.43000030517578,-63.64996795654315,12.4,0.0,23,sma,-0.0348904602642971
COIN,2024-01-02,2024-01-12,12.0,156.8800048828125,137.19000244140625,-261.0800292968752,12.4,0.0,8,stop,-0.1377760064719373
CLSK,2024-01-04,2024-01-12,181.0,10.760000228881836,9.010000228881836,-341.5500000000002,12.4,0.0,6,stop,-0.17426375680150044
VRT,2023-11-29,2024-01-19,22.0,42.13713836669922,52.33921924722736,205.84577937161907,12.4,0.0,34,strength,0.22057653220139428
HCC,2023-12-12,2024-01-19,18.0,54.457275390625,66.32855127767368,195.08296596687615,12.4,0.0,25,strength,0.19776646766439218
GIII,2023-10-20,2024-01-22,38.0,24.478195190429688,29.894690025237242,187.14413705602044,12.4,0.0,62,sma,0.19984336688034168
UPWK,2024-01-22,2024-02-01,134.0,15.0600004196167,13.829999923706055,-189.6700664520265,12.4,0.0,8,stop,-0.09341098020657788
HCC,2023-12-12,2024-02-06,18.0,54.457275390625,60.01154385408468,81.37683234227416,12.4,0.0,37,sma,0.08249622719382695
MBIN,2024-01-04,2024-02-06,49.0,39.30363845825195,38.7186169354489,-53.466054617349755,12.4,0.0,22,sma,-0.027584302546319474
AEO,2023-11-29,2024-02-23,53.0,17.587369918823242,21.180927556598416,171.91649872731762,12.4,0.0,58,strength,0.18322658831662764
BGC,2024-01-12,2024-03-01,304.0,6.582756042480469,6.807722886657538,43.41992062982854,12.57,0.0,33,sma,0.021563781200530607
GFF,2024-01-12,2024-03-01,17.0,57.48487091064453,69.72769140833317,189.52794846070674,12.4,0.0,33,strength,0.1927188316437144
DELL,2024-02-06,2024-03-04,12.0,79.59524536132812,119.32549462355202,458.4109911466867,12.4,0.0,18,strength,0.4769674357858816
AMD,2024-02-06,2024-03-04,6.0,167.8800048828125,205.16000366210938,205.05999267578113,12.4,0.0,18,strength,0.20232855130556177
ERIE,2024-02-01,2024-03-08,3.0,333.1199645996094,398.95864652731973,178.91604578313104,12.4,0.0,25,strength,0.1779267917172171
AMR,2024-03-01,2024-03-12,5.0,386.0199890136719,345.0,-229.89994506835956,12.4,0.0,7,stop,-0.11835261342067582
AMD,2024-02-06,2024-03-27,6.0,167.8800048828125,179.9600067138672,53.86001098632801,12.4,0.0,35,sma,0.05314258453815131
CRWD,2023-10-23,2024-04-05,20.0,44.77000045776367,77.43000030517578,634.599996948242,12.4,0.0,113,sma,0.7038597942593313
ANF,2023-10-05,2024-04-09,17.0,54.540000915527344,120.54000091552734,1103.0921212121211,12.52,0.0,127,sma,1.181587464485349
GFF,2024-01-12,2024-04-11,17.0,57.48487091064453,66.70541603519565,138.14926711736894,12.4,0.0,61,sma,0.1404751413579221
AEO,2023-11-29,2024-04-16,54.0,17.587369918823242,20.986747875367538,164.90846572815815,12.4,0.0,94,sma,0.17250274024393636
ERIE,2024-02-01,2024-04-16,3.0,333.1199645996094,364.1743652717482,74.5632020164162,12.4,0.0,51,sma,0.07415093071654792
LQDA,2024-03-27,2024-04-16,154.0,15.069999694824219,13.680000305175781,-239.92990600585927,12.67,0.0,13,stop,-0.10279861474266833
NTNX,2023-10-24,2024-04-18,25.0,36.560001373291016,60.65999984741211,583.7734312407823,12.4,0.0,121,sma,0.6343111820052415
MU,2024-04-16,2024-04-19,18.0,120.90321350097656,108.87942226001107,-241.66824233737907,12.4,0.0,3,stop,-0.11039627265095181
MLM,2024-04-09,2024-05-01,3.0,603.0399780273438,579.4370164818458,-95.60888463649394,12.4,0.0,16,egg,-0.052488519531177544
GPOR,2024-04-05,2024-05-02,14.0,160.0,150.75,-155.17999999999984,12.68,0.0,19,sma,-0.0688770528184642
USLM,2024-04-19,2024-05-13,18.0,59.0258903503418,73.38454826506548,239.79962624881,12.4,0.0,16,strength,0.22437974686747567
PGR,2024-04-16,2024-05-17,11.0,191.63580322265625,192.51878131200493,-15.64724101716456,12.69,0.0,23,sma,-0.00737846364690329
SLM,2024-05-01,2024-05-23,111.0,20.31382942199707,19.807175012818647,-82.17863941880523,12.9,0.0,16,egg,-0.03623596407781234
SCHW,2024-04-18,2024-05-24,31.0,70.58177947998047,70.53190277933872,-27.286177719894113,12.87,0.0,26,sma,-0.01239770716508226
CNM,2024-04-11,2024-05-30,40.0,57.18000030517578,57.16999816894531,-26.64008544921853,13.12,0.0,34,sma,-0.01158103451165424
WING,2024-03-12,2024-06-03,6.0,345.0126647949219,364.5830116474066,91.97208111490818,12.87,0.0,57,sma,0.04416095678348053
FCX,2024-05-03,2024-06-05,46.0,49.0447998046875,48.60732955258491,-46.15363159671915,12.99,0.0,22,sma,-0.020340053548728122
IESC,2024-05-23,2024-06-05,14.0,158.6699981689453,136.0,-342.7299743652343,12.4,0.0,8,stop,-0.15339272994473555
VRT,2023-11-29,2024-06-07,22.0,42.13713836669922,87.63043290276808,982.2524797935148,12.4,0.0,131,sma,1.0525445136668456
DELL,2024-02-06,2024-06-10,13.0,79.59524536132812,124.67006084967898,567.1246013485609,12.4,0.0,86,sma,0.5446908602518609
USLM,2024-04-19,2024-06-10,19.0,59.0258903503418,64.05300962139695,76.51148236626409,12.4,0.0,35,sma,0.06782357413152348
VCTR,2024-05-17,2024-06-11,49.0,48.48724365234375,45.77984317536285,-159.01262337206435,13.01,0.0,16,egg,-0.06655433999628284
APP,2024-05-24,2024-06-18,28.0,82.1500015258789,78.52999877929688,-127.41007690429706,12.9,0.0,16,egg,-0.05507600430163887
MRNA,2024-06-10,2024-06-20,11.0,148.58999633789062,132.5399932861328,-201.35003356933612,12.4,0.0,7,stop,-0.12226076938617121
TDG,2024-04-16,2024-06-28,2.0,1083.9705810546875,1146.8295326667758,99.76790322417628,13.13,0.0,51,sma,0.04574911959990805
TLN,2024-06-05,2024-06-28,19.0,112.91000366210938,109.5,-90.15006958007825,12.6,0.0,16,egg,-0.041773854485971214
CEG,2024-06-11,2024-07-01,10.0,215.3949432373047,205.41005234496942,-125.16890892335277,12.54,0.0,13,stop,-0.0577685921708578
THC,2024-06-10,2024-07-03,16.0,137.75999450683594,134.2899932861328,-81.20001953124984,12.77,0.0,16,egg,-0.03662492512651265
CAVA,2024-06-28,2024-07-11,23.0,92.75,85.69000244140625,-187.50994384765636,12.4,0.0,8,stop,-0.08737730260657432
ANF,2024-06-20,2024-07-15,8.0,175.55999755859375,172.1300048828125,-52.23994140625018,12.4,0.0,16,egg,-0.03686970112243911
UCTT,2024-06-07,2024-07-17,24.0,46.119998931884766,54.400001525878906,179.85506225585937,12.4,0.0,26,strength,0.1615447739892143
NVDA,2024-07-03,2024-07-18,17.0,128.06893920898438,121.64948329559192,-134.54075052767212,12.57,0.0,10,stop,-0.061433796975753845
AMAT,2024-07-11,2024-07-18,8.0,237.0079345703125,218.2347624406191,-174.98537703754732,12.4,0.0,5,stop,-0.09168914112662441
P,2024-07-01,2024-07-19,33.0,65.51000213623047,59.630001068115234,-219.240035247803,12.4,0.0,13,stop,-0.10081716344418867
UCTT,2024-06-07,2024-07-22,24.0,46.119998931884766,48.150001525878906,29.855062255859366,12.4,0.0,29,sma,0.02681564379709085
BOOT,2024-06-28,2024-07-23,16.0,128.92999267578125,123.70999908447266,-108.47989746093754,12.4,0.0,16,egg,-0.05226838819052311
RSI,2024-06-03,2024-07-24,132.0,8.720000267028809,10.359999656677246,197.51478735812202,12.4,0.0,35,strength,0.17062362274594423
FUN,2024-07-15,2024-07-25,28.0,52.68000030517578,47.43000030517578,-171.80000000000018,12.4,0.0,8,stop,-0.11550045649777994
PTGX,2024-06-18,2024-07-25,34.0,32.59000015258789,41.619998931884766,288.14995849609363,12.4,0.0,25,strength,0.2585394355959858
COHR,2024-07-18,2024-07-26,29.0,74.52999877929688,69.30999755859375,-176.60003540039088,12.42,0.0,6,stop,-0.08122641664443798
TLN,2024-07-19,2024-07-26,17.0,123.8499984741211,109.63999938964844,-266.6299844360351,12.4,0.0,5,stop,-0.12588108629928715
TMDX,2024-05-30,2024-07-29,17.0,136.4199981689453,142.22000122070312,71.96005187988294,13.44,0.0,40,sma,0.030853157275645
SFM,2024-06-05,2024-07-31,14.0,78.73999786376953,96.77999877929688,233.7050128173828,12.4,0.0,38,strength,0.2107700735658619
AGX,2024-07-18,2024-08-05,28.0,74.87189483642578,64.71365138778631,-309.47081656190494,12.4,0.0,12,stop,-0.1467344862504125
NSSC,2024-07-22,2024-08-06,33.0,53.844085693359375,49.63585055149194,-163.67175968162542,12.4,0.0,11,stop,-0.09147481796959767
JPM,2024-07-26,2024-08-06,10.0,203.6820831298828,187.5211047088707,-186.4997842101211,12.4,0.0,7,stop,-0.09100609890980757
RSI,2024-06-03,2024-08-09,133.0,8.720000267028809,9.460000038146973,79.40510163418753,12.4,0.0,47,sma,0.06807854095629196
CASY,2024-07-23,2024-08-14,5.0,373.1658020019531,365.16661577448815,-64.79593113732517,12.4,0.0,16,egg,-0.03449841887863731
KBR,2024-07-26,2024-08-19,33.0,63.978759765625,63.755027947249914,-32.72315000637764,12.66,0.0,16,egg,-0.015406531275975435
GE,2024-07-25,2024-09-04,13.0,162.78851318359375,161.6319052876437,-40.37590264735081,12.65,0.0,28,sma,-0.018965254969294815
TPL,2024-08-09,2024-09-06,7.0,271.15045166015625,264.09575515521175,-74.18287553461164,12.4,0.0,19,sma,-0.03882998914857697
ATI,2024-08-14,2024-09-06,32.0,63.459999084472656,59.79999923706055,-141.9999951171876,12.4,0.0,16,egg,-0.069498823978703
PPC,2024-08-19,2024-09-11,56.0,37.053897857666016,36.56255671867248,-52.625103783638,12.52,0.0,16,egg,-0.025208322982365
CNX,2024-07-29,2024-09-23,41.0,25.770000457763672,31.8799991607666,231.81175405203567,12.4,0.0,39,strength,0.2181001854560062
ADMA,2024-09-04,2024-10-07,62.0,16.8700008392334,20.329999923706055,195.83562323730462,12.4,0.0,23,strength,0.18611584034974368
EBAY,2024-08-06,2024-10-09,18.0,54.26179885864258,65.3629240645785,181.37809154468414,12.4,0.0,45,strength,0.1845609293711476
ADMA,2024-09-04,2024-10-11,63.0,16.8700008392334,17.1299991607666,-2.405785743408387,12.4,0.0,27,sma,-0.0022500891739876258
LTH,2024-08-05,2024-10-25,92.0,22.6200008392334,23.139999389648438,22.519866638183885,12.72,0.0,58,sma,0.010756321911930392
EBAY,2024-08-06,2024-10-30,19.0,54.26179885864258,61.16137101690282,112.31403316910655,12.4,0.0,60,sma,0.10826993288712561
CTRE,2024-08-06,2024-10-31,40.0,25.235307693481445,30.21727209663807,180.65357612626474,12.4,0.0,61,strength,0.1778721348159096
HIW,2024-09-06,2024-11-04,77.0,27.379886627197266,28.291101702876798,44.64356082732411,12.85,0.0,41,sma,0.0210491362657378
TPC,2024-10-11,2024-11-04,84.0,26.637418746948242,26.19894526637083,-62.72177236850257,12.9,0.0,16,egg,-0.027869739078894902
CTRE,2024-08-06,2024-11-07,40.0,25.235307693481445,27.42798620863185,69.0821406060162,12.4,0.0,66,sma,0.06801851416800404
IRM,2024-09-11,2024-11-07,19.0,107.40676879882812,107.55664938912035,-22.162268784447633,12.51,0.0,41,sma,-0.01079386323908217
FTDR,2024-09-06,2024-11-07,22.0,47.59000015258789,56.880001068115234,185.66502014160142,12.4,0.0,44,strength,0.17627067398010288
PTGX,2024-06-18,2024-11-13,34.0,32.59000015258789,43.59000015258789,355.1299999999999,12.4,0.0,103,sma,0.31863655383607187
LEU,2024-11-07,2024-11-15,28.0,86.5999984741211,76.48999786376953,-309.2900170898438,12.75,0.0,6,stop,-0.12684866360002764
POWL,2024-10-25,2024-11-20,13.0,84.19808959960938,89.07438014321644,44.69399928911389,12.4,0.0,18,strength,0.04059868996749584
CRS,2024-10-30,2024-11-26,7.0,158.79087829589844,193.81899097978268,226.31678878718958,12.4,0.0,19,strength,0.2024271198386651
POWL,2024-10-25,2024-11-29,14.0,84.19808959960938,87.5666709721093,27.977916992776954,12.4,0.0,24,sma,0.023598994348723496
CAVA,2024-11-14,2024-12-10,17.0,138.33999633789062,133.50999450683594,-108.46003112793005,13.07,0.0,17,sma,-0.04585931603550911
SEZL,2024-12-02,2024-12-10,37.0,63.836666107177734,55.0,-352.74664596557636,12.49,0.0,6,stop,-0.14850885548082732
CNX,2024-07-29,2024-12-17,42.0,25.770000457763672,36.61000061035156,436.4281991797757,12.4,0.0,99,sma,0.40083713761954604
CRS,2024-10-30,2024-12-18,7.0,158.79087829589844,173.14046743085518,81.56712394469719,12.4,0.0,34,sma,0.07295701773664914
SFM,2024-06-05,2024-12-19,14.0,78.73999786376953,135.1999969482422,771.5849871826172,12.4,0.0,137,sma,0.6958645112070047
GLW,2024-11-04,2024-12-19,50.0,45.712928771972656,45.82033502214697,-20.869687491284367,13.13,0.0,32,sma,-0.009078685823717339
ZBRA,2024-11-04,2024-12-19,6.0,377.0199890136719,384.44000244140625,18.290080566406232,13.17,0.0,32,sma,0.00803896003670837
CORT,2024-11-15,2024-12-19,45.0,51.83000183105469,52.650001525878906,10.349986267089662,13.32,0.0,23,sma,0.0044125486674966765
TRUP,2024-12-10,2024-12-20,43.0,53.9900016784668,48.63999938964844,-255.88009841918938,12.63,0.0,8,stop,-0.1095954164689635
FTDR,2024-09-06,2024-12-31,22.0,47.59000015258789,54.880001068115234,141.66502014160142,12.4,0.0,80,sma,0.13449700197010706
AXON,2024-12-10,2025-01-03,3.0,637.4500122070312,595.3599853515625,-151.07008056640643,12.4,0.0,16,egg,-0.078488155704421
PLTR,2024-12-20,2025-01-08,27.0,80.55000305175781,68.12000274658203,-360.85000823974633,12.4,0.0,11,stop,-0.1649456708439687
JEF,2024-12-17,2025-01-13,30.0,75.35093688964844,67.25347777134174,-268.4137735492013,12.44,0.0,16,stop,-0.11805786340018791
MIR,2024-12-19,2025-01-13,126.0,17.56999969482422,15.510000228881836,-284.88993270874016,12.4,0.0,14,stop,-0.12793979460123506
DAVE,2024-12-18,2025-01-14,25.0,89.62999725341797,83.51000213623047,-178.6198779296874,12.62,0.0,16,stop,-0.07925452395858622
WMT,2024-12-19,2025-01-15,24.0,91.92903137207031,89.63572195207107,-80.73942607998242,12.78,0.0,16,egg,-0.036381946906896175
GDDY,2024-12-19,2025-01-15,10.0,202.94000244140625,200.57000732421875,-48.57995117187511,12.41,0.0,16,egg,-0.023791892035740947
AGYS,2024-12-19,2025-01-15,16.0,134.86000061035156,134.7899932861328,-26.700117187499927,12.79,0.0,16,egg,-0.012301083627362723
VFC,2024-11-13,2025-01-22,63.0,19.26779556274414,24.002933651316013,279.178699580028,12.4,0.0,45,strength,0.22872136629664327
EAT,2024-12-31,2025-01-30,8.0,132.2899932861328,183.0,386.9350537109374,12.4,0.0,19,strength,0.3634336370889423
GEO,2025-01-08,2025-02-05,59.0,31.06999969482422,28.889999389648438,-153.42001800537128,12.4,0.0,18,stop,-0.083130601779526
WRBY,2025-01-15,2025-02-07,80.0,26.299999237060547,26.489999771118164,-10.159957275390298,12.7,0.0,16,egg,-0.0047999950716500275
BLFS,2025-01-15,2025-02-07,77.0,26.709999084472656,26.100000381469727,-71.92990013122562,12.42,0.0,16,egg,-0.03476201187013145
GKOS,2025-01-13,2025-02-12,12.0,151.8699951171875,142.9499969482422,-131.83997802734393,12.4,0.0,21,sma,-0.07185366693418485
VCEL,2025-01-14,2025-02-13,35.0,58.66999816894531,55.40999984741211,-139.0299412536624,12.4,0.0,21,sma,-0.0672949135840549
RL,2025-01-15,2025-02-19,4.0,232.55673217773438,277.80667893491346,162.98645369538292,12.4,0.0,23,strength,0.17416054887332116
EAT,2024-12-31,2025-02-24,8.0,132.2899932861328,146.0,90.93505371093738,12.4,0.0,35,sma,0.08541189791952444
UTI,2025-01-03,2025-02-24,77.0,26.200000762939453,26.829999923706055,23.50993537902832,12.56,0.0,33,sma,0.011582161499733352
WSM,2025-01-13,2025-02-24,11.0,190.3356170654297,192.14307407273634,-5.427972919626882,12.68,0.0,28,sma,-0.0025769912988950878
VST,2025-02-05,2025-02-24,13.0,170.20428466796875,149.96144234274416,-288.4869502279196,12.4,0.0,12,stop,-0.12962293482534065
DAL,2025-02-07,2025-02-24,33.0,66.80638122558594,60.129672598453936,-245.641384695356,12.4,0.0,10,stop,-0.1107729898254814
RJF,2025-02-07,2025-02-24,13.0,164.043212890625,149.70915588978022,-211.4727410109822,12.4,0.0,10,stop,-0.09857528202316237
KD,2025-02-12,2025-02-25,53.0,41.150001525878906,36.97999954223633,-246.26010513305664,12.4,0.0,8,stop,-0.11225275597365242
APP,2025-02-24,2025-02-26,5.0,410.45001220703125,328.4700012207031,-434.8300549316409,12.4,0.0,2,stop,-0.21059388510059676
VFC,2024-11-13,2025-03-05,63.0,19.26779556274414,21.86482391613675,144.4777862637343,12.4,0.0,74,sma,0.11836560856349694
ALK,2025-02-13,2025-03-05,29.0,72.54000091552734,65.75,-221.9700265502929,12.4,0.0,13,stop,-0.10488490576357448
RL,2025-01-15,2025-03-06,5.0,232.55673217773438,240.6812768953198,21.20605692126037,12.4,0.0,34,sma,0.018127928691537485
PODD,2025-02-24,2025-03-07,7.0,283.4800109863281,259.4800109863281,-192.80000000000018,12.4,0.0,9,stop,-0.09655641768384621
LTH,2025-03-05,2025-03-10,60.0,32.189998626708984,28.75,-231.19991760253924,12.4,0.0,3,stop,-0.11894224066420303
FISV,2025-02-24,2025-03-12,8.0,232.08999633789062,216.67999267578125,-148.08002929687518,12.4,0.0,12,stop,-0.07922446478444638
BNY,2025-02-24,2025-03-13,24.0,85.51445007324219,78.7809559571809,-186.53385878547124,12.4,0.0,13,stop,-0.09033655597596743
HWM,2025-02-24,2025-03-18,16.0,129.1233367919922,127.70814964812445,-47.71299430188378,12.51,0.0,16,egg,-0.022955125263766418
CVCO,2025-02-24,2025-03-18,3.0,518.3200073242188,500.92999267578125,-76.97004394531268,12.4,0.0,16,egg,-0.049108081657231066
V,2025-02-25,2025-03-19,5.0,348.1047668457031,332.98787327763364,-100.3844678403475,12.4,0.0,16,egg,-0.05726687371133155
NIC,2025-02-26,2025-03-20,17.0,115.6231689453125,110.17254804129577,-117.46055536828453,12.4,0.0,16,egg,-0.05938368011491449
ESE,2025-03-06,2025-03-28,12.0,161.2720489501953,159.6756065822539,-43.95730841529712,12.4,0.0,16,egg,-0.0225692394366138
PBH,2025-03-07,2025-03-31,21.0,89.0199966430664,84.30999755859375,-123.70998077392596,12.4,0.0,16,egg,-0.06573954225604722
JBTM,2025-03-10,2025-04-01,14.0,127.0252914428711,120.57445901503861,-115.111653989655,12.4,0.0,16,egg,-0.06428110663681202
PTCT,2025-03-26,2025-04-02,33.0,55.310001373291016,45.970001220703125,-333.0200050354006,12.4,0.0,5,stop,-0.18122255123319037
MWA,2025-03-25,2025-04-04,71.0,26.1795711517334,22.971096159758474,-252.60172443021975,12.4,0.0,8,stop,-0.13499814816558003
AM,2025-03-05,2025-04-07,122.0,15.80136775970459,14.303124431797412,-207.58568600467584,12.4,0.0,23,sma,-0.10699372799797953
TRV,2025-03-25,2025-04-08,7.0,254.337890625,237.08469087600164,-145.57239824298858,12.4,0.0,10,stop,-0.0811999225842521
SR,2025-03-25,2025-04-16,25.0,73.00243377685547,73.23062409663953,-19.09524200539863,12.4,0.0,16,egg,-0.010392189887132908
DTE,2025-03-25,2025-04-16,14.0,129.1160125732422,128.74163280646616,-30.041316734864722,12.4,0.0,16,egg,-0.01650599872825295
DGX,2025-05-13,2025-06-05,10.0,170.70506286621094,170.2061291576955,-29.789337085154557,12.4,0.0,16,egg,-0.017324915637928723
KVUE,2025-05-13,2025-06-05,78.0,22.16559410095215,20.48817123265127,-155.6389837274687,12.4,0.0,16,egg,-0.08938007423665861
SNEX,2025-05-14,2025-06-06,44.0,38.942222595214844,37.524444580078125,-87.1822326660158,12.4,0.0,16,egg,-0.050515304887539025
CME,2025-05-15,2025-06-10,6.0,262.5372009277344,258.82069138482,-47.09905725748649,12.4,0.0,17,sma,-0.0296663950818754
KTOS,2025-05-15,2025-06-16,25.0,34.38999938964844,42.189998626708984,176.39998092651354,12.4,0.0,21,strength,0.20370689304790582
HCI,2025-06-05,2025-06-18,10.0,165.76023864746094,151.4365246874537,-168.03713960007258,12.4,0.0,9,stop,-0.10062089788673928
PLMR,2025-05-14,2025-06-23,11.0,155.5782928466797,158.06961747385154,2.604570898890188,12.4,0.0,26,sma,0.0015109812581266618
PSMT,2025-05-14,2025-06-23,17.0,100.04740142822266,100.15587937593136,-22.955874888952167,12.4,0.0,26,sma,-0.013399367760498123
SEZL,2025-06-10,2025-07-03,6.0,122.83000183105469,175.5,297.8969120905948,12.4,0.0,16,strength,0.40109825439009383
MRCY,2025-06-18,2025-07-14,35.0,51.43000030517578,50.88999938964844,-43.70003204345721,12.4,0.0,16,egg,-0.024111027496440538
DAVE,2025-06-23,2025-07-16,8.0,214.72999572753906,202.99000549316406,-118.71992187500018,12.4,0.0,16,egg,-0.06861471484893986
DAN,2025-06-05,2025-07-18,109.0,16.116294860839844,16.458780695063442,12.530955930372102,12.4,0.0,29,sma,0.007083333299360048
PLTR,2025-06-06,2025-07-18,6.0,127.72000122070312,154.86000061035156,144.71691941481367,12.4,0.0,28,strength,0.18744668836183617
PM,2025-05-15,2025-07-23,10.0,162.0087432861328,157.3030724309252,-71.85670855207627,12.4,0.0,46,sma,-0.04401669936664079
WOR,2025-07-14,2025-08-05,28.0,63.103240966796875,62.333691272476756,-46.34739144096352,12.4,0.0,16,egg,-0.026048239455680147
SEZL,2025-06-10,2025-08-07,7.0,122.83000183105469,145.3699951171875,138.7030299260066,12.4,0.0,40,sma,0.16007515425821214
ESE,2025-07-16,2025-08-07,9.0,194.54824829101562,192.58079990910417,-42.507035437203285,12.4,0.0,16,egg,-0.02410605692481454
VIRT,2025-05-15,2025-08-08,43.0,39.8125114440918,41.47603225708008,46.73139495849591,12.4,0.0,58,sma,0.027101064392656284
NFG,2025-05-13,2025-08-19,22.0,77.21456146240234,82.93093687651591,100.96025911049833,12.4,0.0,67,sma,0.059002430181076856
JBL,2025-08-08,2025-08-20,8.0,223.99913024902344,204.8837162003779,-177.72331238916445,12.4,0.0,8,stop,-0.09849478924666233
CAKE,2025-06-23,2025-08-26,30.0,58.77352523803711,60.7312926541813,33.93302248432565,12.4,0.0,45,sma,0.019110673835030192
ULTA,2025-08-07,2025-09-02,3.0,506.1700134277344,491.260009765625,-69.5300109863283,12.4,0.0,17,sma,-0.045417437443591356
STX,2025-08-05,2025-09-05,6.0,150.4973602294922,184.476810387654,185.27670094897076,12.4,0.0,22,strength,0.20378346744225115
PLTR,2025-06-06,2025-09-08,7.0,127.72000122070312,154.91000366210938,171.25309401292054,12.4,0.0,63,sma,0.19012975997304674
MP,2025-08-19,2025-09-08,27.0,69.29000091552734,62.650001525878906,-204.079983520508,12.4,0.0,13,stop,-0.10836699757425187
AWI,2025-09-08,2025-09-30,9.0,195.48533630371094,192.21069303983361,-54.271789374896116,12.4,0.0,16,egg,-0.030631430613948255
NEU,2025-07-23,2025-10-09,1.0,713.5557861328125,862.3677021995339,130.21191606672141,12.4,0.0,55,strength,0.18091124597460914
NEU,2025-07-23,2025-10-10,1.0,713.5557861328125,770.1210577941732,37.9652716613607,12.4,0.0,56,sma,0.05274743516178581
BNY,2025-09-02,2025-10-13,18.0,102.90696716308594,103.74242771431194,-9.761710077932094,12.4,0.0,29,sma,-0.005234931658653395
LITE,2025-09-30,2025-10-13,12.0,162.7100067138672,158.3000030517578,-77.72004394531268,12.4,0.0,9,stop,-0.039553793924742814
GS,2025-07-18,2025-10-17,2.0,694.28369140625,747.1676310160249,80.96787921954956,12.4,0.0,64,sma,0.057794264315421236
VSAT,2025-08-26,2025-10-21,30.0,30.799999237060547,36.849998474121094,162.89997711181627,12.4,0.0,39,strength,0.17512360903039945
TLN,2025-10-13,2025-10-22,4.0,435.8299865722656,379.94000244140625,-248.35993652343768,12.4,0.0,7,stop,-0.14145760378719738
MP,2025-10-10,2025-10-23,26.0,78.33999633789062,70.875,-218.97990478515612,12.4,0.0,9,stop,-0.10685439385520173
APH,2025-08-20,2025-10-24,8.0,107.91442108154297,136.4500078751984,210.04940023159622,12.4,0.0,46,strength,0.24167202445910463
TR,2025-10-13,2025-10-27,49.0,40.370452880859375,36.18588832876632,-229.84366305256003,12.4,0.0,10,stop,-0.11546728795810896
FIX,2025-09-08,2025-10-27,1.0,714.4070434570312,996.7189958538809,263.7119523968496,12.4,0.0,35,strength,0.36595805549127186
HII,2025-08-07,2025-10-31,3.0,262.0251159667969,312.46162438435266,133.59523953838163,12.4,0.0,60,strength,0.16881095463455173
KTOS,2025-05-15,2025-11-06,25.0,34.38999938964844,77.94999694824219,1070.3999389648436,12.4,0.0,121,sma,1.2360990332308077
AVAV,2025-10-27,2025-11-07,5.0,380.1300048828125,319.8999938964844,-325.9500549316408,12.4,0.0,9,stop,-0.17038240023622708
DY,2025-10-17,2025-11-10,6.0,292.489990234375,292.07000732421875,-27.319897460937682,12.4,0.0,16,egg,-0.015458201798573955
DELL,2025-10-22,2025-11-13,13.0,148.76914978027344,138.53278914176448,-157.87268830061657,12.4,0.0,16,egg,-0.08111013856244798
SCHL,2025-10-23,2025-11-14,68.0,28.356325149536133,27.78321233234295,-63.77167156913674,12.4,0.0,16,egg,-0.03286132232772634
VSAT,2025-08-26,2025-11-18,30.0,30.799999237060547,32.75,39.90002288818357,12.4,0.0,59,sma,0.04289402695113947
FLEX,2025-11-06,2025-11-19,31.0,63.310001373291016,57.68000030517578,-199.33003311157245,12.4,0.0,9,stop,-0.10092608585017035
PAHC,2025-11-18,2025-12-08,44.0,42.98164367675781,39.442203005077815,-180.53538955392014,12.4,0.0,13,stop,-0.09483931380084475
COHR,2025-11-13,2025-12-08,7.0,139.97000122070312,187.24000549316406,312.2900299072264,12.4,0.0,16,strength,0.31672737776327925
DINO,2025-11-19,2025-12-09,35.0,52.8226203918457,48.31813853970069,-182.45686482507563,12.4,0.0,13,stop,-0.09803227871723379
CIEN,2025-11-14,2025-12-12,5.0,191.7100067138672,236.0,202.84996643066393,12.4,0.0,19,strength,0.21026168372357484
APH,2025-08-20,2025-12-15,9.0,107.91442108154297,129.44799237322033,174.8374357427432,12.4,0.0,81,sma,0.17880795660703186
FIX,2025-09-08,2025-12-18,1.0,714.4070434570312,906.703465576175,173.69642211914368,12.4,0.0,72,sma,0.24104180454003699
HCA,2025-11-10,2026-01-02,4.0,457.0207824707031,464.1779103383876,3.8285114707377943,12.4,0.0,36,sma,0.002080166565276566
LVS,2025-12-09,2026-01-02,30.0,65.28602600097656,64.07719861231696,-61.064821659788095,12.4,0.0,16,egg,-0.0309819467944687
CALY,2025-12-08,2026-01-09,88.0,11.1899995803833,13.619999885559082,195.27505510405626,12.4,0.0,22,strength,0.19707137351776935
HL,2026-01-02,2026-01-27,53.0,18.8619384765625,29.83724394784525,563.0911899779856,12.4,0.0,16,strength,0.5597980440478187
SMTC,2025-12-15,2026-02-03,13.0,72.54000091552734,88.1500015258789,184.55963756419987,12.4,0.0,33,strength,0.1944799873759494
SHOO,2025-12-18,2026-02-04,46.0,42.43595504760742,41.76331288058134,-55.74153968320002,12.4,0.0,31,sma,-0.02837508112041103
MS,2025-11-07,2026-02-06,12.0,159.72750854492188,176.959650986948,181.6757093043134,12.71,0.0,61,sma,0.09417493877950342
FTRE,2026-01-02,2026-02-06,119.0,16.809999465942383,14.0,-359.18993644714374,12.4,0.0,24,stop,-0.17845376208565725
HL,2026-01-02,2026-02-13,53.0,18.8619384765625,21.350871749366064,113.31346345858879,12.4,0.0,29,sma,0.11265076836112803
CALY,2025-12-08,2026-02-17,89.0,11.1899995803833,12.479999542236328,96.17496835633176,12.4,0.0,47,sma,0.09596911547669396
TPC,2026-02-04,2026-03-02,29.0,78.62574768066406,74.03766516228082,-158.92439303311403,12.77,0.0,17,sma,-0.06930104564384701
LRCX,2026-02-06,2026-03-03,9.0,230.57113647460938,223.34489019072936,-90.05621655492041,12.43,0.0,16,egg,-0.04313594512135869
STX,2025-08-05,2026-03-04,6.0,150.4973602294922,366.5986800645295,1277.5079190102235,12.9,0.0,145,sma,1.405114577750064
SMTC,2025-12-15,2026-03-09,14.0,72.54000091552734,80.97000122070312,99.19037464283122,12.4,0.0,56,sma,0.09705614472308507
MU,2026-02-06,2026-03-09,5.0,394.4635925292969,363.75121121460063,-178.36190657348152,12.4,0.0,20,sma,-0.08986763355315645
TTMI,2026-03-03,2026-03-09,22.0,104.05000305175781,86.41999816894531,-413.380107421875,12.4,0.0,4,stop,-0.17955716454841217
MTRN,2026-02-17,2026-03-11,15.0,152.97927856445312,146.19791586255616,-127.74044052845466,12.88,0.0,16,egg,-0.0553509079962837
BTSG,2026-03-09,2026-03-13,50.0,42.22999954223633,38.95000076293945,-189.07993896484368,12.4,0.0,4,stop,-0.08901314436732899
HII,2025-08-07,2026-03-23,4.0,262.0251159667969,403.2384307000238,545.3675446471934,12.4,0.0,156,sma,0.516844852537641
RTX,2026-02-13,2026-03-23,11.0,197.91311645507812,195.70198576548654,-49.94243758550783,12.78,0.0,25,sma,-0.022805971081982575
JOE,2026-03-02,2026-03-23,32.0,72.17372131347656,65.0766462963941,-252.88640054663892,12.61,0.0,15,stop,-0.1088746864638588
JNJ,2026-03-04,2026-03-26,9.0,243.8973388671875,238.62764275887116,-73.08726497484713,12.77,0.0,16,egg,-0.03310162535393708
COHR,2025-11-13,2026-03-31,7.0,139.97000122070312,224.0800018310547,570.1700042724608,12.4,0.0,93,sma,0.5782715842261841
DMC,2026-03-09,2026-03-31,52.0,41.12923049926758,40.736775392497876,-45.85766555202417,12.7,0.0,16,egg,-0.02131457368740442
MUR,2026-03-09,2026-03-31,32.0,33.03226089477539,41.04989804453922,237.8193887924424,12.4,0.0,16,strength,0.22364534010265266
PWR,2026-03-13,2026-04-07,3.0,558.8248291015625,550.0059643809929,-51.25659416170902,12.4,0.0,16,egg,-0.030349557973079786
AIR,2026-04-21,2026-04-30,18.0,116.54000091552734,107.27999877929688,-191.7200384521484,12.4,0.0,7,stop,-0.09084707678075528
AA,2026-04-22,2026-04-30,32.0,68.2879867553711,63.33554047982194,-183.80828081757318,12.47,0.0,6,stop,-0.08362236622349903
MUR,2026-03-09,2026-05-11,32.0,33.03226089477539,36.97728982213721,107.49592567557806,12.4,0.0,44,sma,0.10108916257599986
FIVE,2026-04-27,2026-05-12,9.0,234.25,208.14999389648438,-259.9700549316408,12.4,0.0,11,stop,-0.12257419182790524
BOH,2026-04-22,2026-05-14,28.0,77.40257263183594,75.68824027987083,-73.521305855023,12.7,0.0,16,egg,-0.03372394592467466
SCHL,2026-04-23,2026-05-15,52.0,41.85090637207031,39.15999984741211,-165.25713928222672,12.49,0.0,16,egg,-0.07549134838707416
ADEA,2026-05-11,2026-05-19,64.0,31.72019386291504,27.107615530215647,-320.08501329276123,12.4,0.0,6,stop,-0.1567068135064929
DIOD,2026-05-12,2026-05-19,18.0,103.44999694824219,92.01000213623047,-230.71990661621112,12.4,0.0,5,stop,-0.12308344271933132
ICHR,2026-05-15,2026-05-19,27.0,73.2699966430664,63.900001525878906,-277.7898681640627,12.4,0.0,2,stop,-0.1395445201472797
AGX,2026-04-28,2026-05-21,3.0,630.183349609375,636.5181276530516,-5.7956658689704454,12.4,0.0,17,breakeven,-0.0030456216507309445
NE,2026-03-11,2026-05-28,48.0,44.84415054321289,47.02056812462339,78.6480439077036,13.04,0.0,54,sma,0.03632202097550088
LITE,2026-05-21,2026-05-29,2.0,964.5,860.6799926757812,-232.44001464843768,12.4,0.0,5,stop,-0.11972803886290186
ARWR,2026-05-28,2026-06-03,27.0,79.05000305175781,71.38999938964844,-231.960098876953,12.4,0.0,4,stop,-0.10803463756767215
GLW,2026-04-30,2026-06-03,6.0,163.98867797851562,201.0,203.79254751352153,12.4,0.0,23,strength,0.20589110235690564
CIEN,2025-11-14,2026-06-08,5.0,191.7100067138672,489.7799987792969,1470.6299603271484,13.52,0.0,139,sma,1.524363730661073
INTC,2026-05-19,2026-06-08,19.0,110.80000305175781,111.0,-21.530057983398365,12.67,0.0,13,stop,-0.010165949304459255
GLW,2026-04-30,2026-06-10,7.0,163.98867797851562,173.66000366210938,48.44466440054089,12.4,0.0,28,sma,0.04195159164875426
STRL,2026-06-03,2026-06-10,2.0,957.030029296875,839.010009765625,-260.8400390625002,12.4,0.0,5,stop,-0.13539862292961552
UCTT,2026-04-30,2026-06-12,13.0,78.1500015258789,104.47000122070312,323.6548108475296,12.4,0.0,30,strength,0.3166705763615636
WDC,2026-05-19,2026-06-15,2.0,455.6811828613281,618.780029296875,307.5976928710936,12.4,0.0,18,strength,0.3352335539926324
DOCN,2026-06-08,2026-06-25,12.0,169.32000732421875,150.97999572753906,-244.96013916015636,12.4,0.0,12,stop,-0.11982474790085915
VSH,2026-06-25,2026-07-01,37.0,59.90999984741211,52.81999969482422,-287.6700056457521,12.4,0.0,4,stop,-0.12902256734324904
STX,2026-05-19,2026-07-06,1.0,732.8274536132812,863.6199951171875,105.9925415039063,12.4,0.0,31,sma,0.14222844447020158
FLEX,2026-05-29,2026-07-06,14.0,150.77999877929688,138.52000427246094,-196.71992309570305,12.4,0.0,24,stop,-0.09263511239349344
TTMI,2026-06-08,2026-07-06,11.0,178.3800048828125,156.88999938964844,-261.19006042480487,12.4,0.0,18,stop,-0.1322762578979444
SMTC,2026-06-10,2026-07-06,13.0,154.27999877929688,138.50999450683594,-229.82005554199236,12.4,0.0,16,stop,-0.11388224144555668
ACMR,2026-06-10,2026-07-06,12.0,79.95999908447266,102.0,246.12801098632804,12.4,0.0,16,strength,0.25493024529667907
UCTT,2026-04-30,2026-07-08,14.0,78.1500015258789,89.5999984741211,141.32514246057576,12.4,0.0,46,sma,0.12839863129008053
MYRG,2026-07-01,2026-07-08,5.0,463.1099853515625,410.6199951171875,-288.169951171875,12.53,0.0,4,stop,-0.12374501242527308
KLIC,2026-07-06,2026-07-08,17.0,119.61000061035156,105.2699966430664,-268.66006744384777,12.4,0.0,2,stop,-0.13131953275229336
WDC,2026-05-19,2026-07-16,2.0,455.6811828613281,486.67999267578125,43.39761962890623,12.4,0.0,39,sma,0.0472966429859261
ACMR,2026-06-10,2026-07-17,13.0,79.95999908447266,78.67500305175781,-35.55294842529304,12.4,0.0,25,sma,-0.03399177460576466
AMAT,2026-07-06,2026-07-20,3.0,592.1567993164062,545.0471933385277,-166.1288179336359,12.4,0.0,10,stop,-0.09286800101566209
ASTH,2026-07-16,2026-07-24,44.0,45.099998474121094,40.88999938964844,-210.03995971679706,12.4,0.0,6,stop,-0.10518828464493128
MTRN,2026-07-06,2026-07-28,7.0,261.64520263671875,237.1696791992606,-196.12866406220724,12.4,0.0,16,egg,-0.1063652680235504
BEN,2026-07-08,2026-07-30,59.0,33.5,32.540000915527344,-81.4399459838869,12.4,0.0,16,egg,-0.04094723011910448
MAC,2026-05-14,2026-08-07,94.0,22.19077491760254,23.68000030517578,114.4171864318846,12.96,0.0,58,sma,0.05452220661311671
VSTS,2026-07-06,2026-08-07,151.0,13.59000015258789,13.869999885559082,17.10995967864983,12.64,0.0,24,sma,0.008287219676117587
AMN,2026-07-08,2026-08-07,62.0,32.08000183105469,31.670000076293945,-50.2201087951662,12.4,0.0,22,sma,-0.02509298974021402
ARMK,2026-07-20,2026-08-11,29.0,56.31807327270508,59.83109046781245,77.07749865811365,12.4,0.0,16,egg,0.046837851664578496
LQDA,2026-07-17,2026-08-14,14.0,79.94000244140625,71.9800033569336,-136.23998718261726,12.4,0.0,20,stop,-0.1204001405735251
JBHT,2026-07-24,2026-08-17,6.0,287.8145446777344,279.7099914550781,-73.42731933593768,12.4,0.0,16,egg,-0.04221690153436702
ETSY,2026-08-07,2026-08-18,21.0,85.55000305175781,78.41000366210938,-174.73998718261737,12.4,0.0,7,stop,-0.09659746316481055
DCOM,2026-04-27,2026-08-20,61.0,35.87079620361328,39.61000061035156,201.7814688110352,13.44,0.0,80,sma,0.09167765417148364
CDP,2026-07-30,2026-08-21,50.0,38.349998474121094,37.31999969482422,-76.29993896484393,12.4,0.0,16,egg,-0.039535697176630004
DELL,2026-08-07,2026-08-25,4.0,453.7699890136719,433.19000244140625,-107.11994628906268,12.4,0.0,12,delisted,-0.05861620858502981
CXW,2026-08-14,2026-08-25,52.0,32.81999969482422,33.84000015258789,28.240023803710756,12.4,0.0,7,delisted,0.016427787639848767
AMN,2026-08-17,2026-08-25,48.0,34.540000915527344,34.5099983215332,-26.240124511718932,12.4,0.0,6,delisted,-0.015709638764640276
AVT,2026-08-18,2026-08-25,17.0,93.4000015258789,86.26000213623047,-146.17998962402362,12.4,0.0,5,delisted,-0.0913510731498451
