date,0
2005-01-03,100000.0
2005-01-04,100000.0
2005-01-05,100000.0
2005-01-06,100000.0
2005-01-07,100000.0
2005-01-10,100000.0
2005-01-11,100000.0
2005-01-12,100000.0
2005-01-13,100000.0
2005-01-14,100000.0
2005-01-18,100000.0
2005-01-19,100000.0
2005-01-20,100000.0
2005-01-21,100000.0
2005-01-24,100000.0
2005-01-25,100000.0
2005-01-26,100000.0
2005-01-27,100000.0
2005-01-28,100000.0
2005-01-31,100000.0
2005-02-01,100000.0
2005-02-02,100000.0
2005-02-03,100000.0
2005-02-04,100000.0
2005-02-07,100000.0
2005-02-08,100000.0
2005-02-09,100000.0
2005-02-10,100000.0
2005-02-11,100000.0
2005-02-14,100000.0
2005-02-15,100000.0
2005-02-16,100000.0
2005-02-17,100000.0
2005-02-18,100000.0
2005-02-22,100000.0
2005-02-23,100000.0
2005-02-24,100000.0
2005-02-25,100000.0
2005-02-28,100000.0
2005-03-01,100000.0
2005-03-02,100000.0
2005-03-03,100000.0
2005-03-04,100000.0
2005-03-07,100000.0
2005-03-08,100000.0
2005-03-09,100000.0
2005-03-10,100000.0
2005-03-11,100000.0
2005-03-14,100000.0
2005-03-15,100000.0
2005-03-16,100000.0
2005-03-17,100000.0
2005-03-18,100000.0
2005-03-21,100000.0
2005-03-22,100000.0
2005-03-23,100000.0
2005-03-24,100000.0
2005-03-28,100000.0
2005-03-29,100000.0
2005-03-30,100000.0
2005-03-31,100000.0
2005-04-01,100000.0
2005-04-04,100000.0
2005-04-05,100000.0
2005-04-06,100000.0
2005-04-07,100000.0
2005-04-08,100000.0
2005-04-11,100000.0
2005-04-12,100000.0
2005-04-13,100000.0
2005-04-14,100000.0
2005-04-15,100000.0
2005-04-18,100000.0
2005-04-19,100000.0
2005-04-20,100000.0
2005-04-21,100000.0
2005-04-22,100000.0
2005-04-25,100000.0
2005-04-26,100000.0
2005-04-27,100000.0
2005-04-28,100000.0
2005-04-29,100000.0
2005-05-02,100000.0
2005-05-03,100000.0
2005-05-04,100000.0
2005-05-05,100000.0
2005-05-06,100000.0
2005-05-09,100000.0
2005-05-10,100000.0
2005-05-11,100000.0
2005-05-12,100000.0
2005-05-13,100000.0
2005-05-16,100000.0
2005-05-17,100000.0
2005-05-18,100000.0
2005-05-19,100000.0
2005-05-20,100000.0
2005-05-23,100000.0
2005-05-24,100000.0
2005-05-25,100000.0
2005-05-26,100000.0
2005-05-27,100000.0
2005-05-31,100000.0
2005-06-01,100000.0
2005-06-02,100000.0
2005-06-03,100000.0
2005-06-06,100000.0
2005-06-07,100000.0
2005-06-08,100000.0
2005-06-09,100000.0
2005-06-10,100000.0
2005-06-13,100000.0
2005-06-14,100000.0
2005-06-15,100000.0
2005-06-16,100000.0
2005-06-17,100000.0
2005-06-20,100000.0
2005-06-21,100000.0
2005-06-22,100000.0
2005-06-23,100000.0
2005-06-24,100000.0
2005-06-27,100000.0
2005-06-28,100000.0
2005-06-29,100000.0
2005-06-30,100000.0
2005-07-01,100000.0
2005-07-05,100000.0
2005-07-06,100000.0
2005-07-07,100000.0
2005-07-08,100000.0
2005-07-11,100000.0
2005-07-12,100000.0
2005-07-13,100000.0
2005-07-14,100000.0
2005-07-15,100000.0
2005-07-18,100000.0
2005-07-19,100000.0
2005-07-20,100000.0
2005-07-21,100000.0
2005-07-22,100000.0
2005-07-25,100000.0
2005-07-26,100000.0
2005-07-27,100000.0
2005-07-28,100000.0
2005-07-29,100000.0
2005-08-01,100000.0
2005-08-02,100000.0
2005-08-03,100000.0
2005-08-04,100000.0
2005-08-05,100000.0
2005-08-08,100000.0
2005-08-09,100000.0
2005-08-10,100000.0
2005-08-11,100000.0
2005-08-12,100000.0
2005-08-15,100000.0
2005-08-16,100000.0
2005-08-17,100000.0
2005-08-18,100000.0
2005-08-19,100000.0
2005-08-22,100000.0
2005-08-23,100000.0
2005-08-24,100000.0
2005-08-25,100000.0
2005-08-26,100000.0
2005-08-29,100000.0
2005-08-30,100000.0
2005-08-31,100000.0
2005-09-01,100000.0
2005-09-02,100000.0
2005-09-06,100000.0
2005-09-07,100000.0
2005-09-08,100000.0
2005-09-09,100000.0
2005-09-12,100000.0
2005-09-13,100000.0
2005-09-14,100000.0
2005-09-15,100000.0
2005-09-16,100000.0
2005-09-19,100000.0
2005-09-20,100000.0
2005-09-21,100000.0
2005-09-22,100000.0
2005-09-23,100000.0
2005-09-26,100000.0
2005-09-27,100000.0
2005-09-28,100000.0
2005-09-29,100000.0
2005-09-30,100000.0
2005-10-03,100000.0
2005-10-04,100000.0
2005-10-05,100000.0
2005-10-06,100000.0
2005-10-07,100000.0
2005-10-10,100000.0
2005-10-11,100000.0
2005-10-12,100000.0
2005-10-13,100000.0
2005-10-14,100000.0
2005-10-17,100000.0
2005-10-18,100000.0
2005-10-19,100000.0
2005-10-20,100000.0
2005-10-21,100000.0
2005-10-24,100000.0
2005-10-25,100000.0
2005-10-26,100000.0
2005-10-27,100000.0
2005-10-28,100000.0
2005-10-31,100000.0
2005-11-01,100000.0
2005-11-02,100000.0
2005-11-03,100000.0
2005-11-04,100000.0
2005-11-07,100000.0
2005-11-08,100000.0
2005-11-09,100000.0
2005-11-10,100000.0
2005-11-11,100000.0
2005-11-14,100000.0
2005-11-15,100000.0
2005-11-16,100000.0
2005-11-17,100000.0
2005-11-18,100000.0
2005-11-21,100000.0
2005-11-22,100000.0
2005-11-23,100000.0
2005-11-25,100000.0
2005-11-28,100000.0
2005-11-29,100000.0
2005-11-30,100000.0
2005-12-01,100000.0
2005-12-02,100000.0
2005-12-05,100000.0
2005-12-06,100000.0
2005-12-07,100000.0
2005-12-08,100000.0
2005-12-09,100000.0
2005-12-12,100000.0
2005-12-13,100000.0
2005-12-14,100000.0
2005-12-15,100000.0
2005-12-16,100000.0
2005-12-19,100000.0
2005-12-20,100000.0
2005-12-21,100000.0
2005-12-22,100000.0
2005-12-23,100000.0
2005-12-27,100000.0
2005-12-28,100000.0
2005-12-29,99825.2
2005-12-30,99372.28553833008
2006-01-03,101549.50398458481
2006-01-04,102774.61949695587
2006-01-05,103204.12929214477
2006-01-06,105145.76371444702
2006-01-09,106574.57232297897
2006-01-10,106760.0250569725
2006-01-11,106639.9029532814
2006-01-12,105378.51234067917
2006-01-13,105735.73631204605
2006-01-17,105573.1433364296
2006-01-18,104285.03165592194
2006-01-19,104658.74510158539
2006-01-20,101530.04569543838
2006-01-23,103540.67892993927
2006-01-24,105225.85257993854
2006-01-25,105088.95880447543
2006-01-26,105877.05609785236
2006-01-27,105995.24639164127
2006-01-30,106343.34296100064
2006-01-31,107202.3275138609
2006-02-01,104429.83451573773
2006-02-02,103911.16792792373
2006-02-03,103651.24715394073
2006-02-06,104452.62490481429
2006-02-07,102445.03233832412
2006-02-08,102169.98228138976
2006-02-09,100583.36423367553
2006-02-10,100373.36921634317
2006-02-13,98932.40540065408
2006-02-14,100739.34107722879
2006-02-15,102063.53447735593
2006-02-16,104157.46408530131
2006-02-17,103747.14006491557
2006-02-21,103135.0343539323
2006-02-22,104948.95756751519
2006-02-23,105654.25802730436
2006-02-24,106986.30751155729
2006-02-27,107852.04886676664
2006-02-28,106889.35405113095
2006-03-01,109464.54251815671
2006-03-02,109775.9778626844
2006-03-03,109392.47652467934
2006-03-06,108899.9307244703
2006-03-07,106249.45006815164
2006-03-08,105945.9542987908
2006-03-09,106050.72148209464
2006-03-10,106975.87774113547
2006-03-13,106760.49578694235
2006-03-14,108060.28747872244
2006-03-15,109262.8269398583
2006-03-16,108391.2893940438
2006-03-17,109152.89968743216
2006-03-20,108758.51572384726
2006-03-21,107547.35260453116
2006-03-22,108916.75208439719
2006-03-23,109412.37316002737
2006-03-24,110767.64972702872
2006-03-27,111752.49925152671
2006-03-28,110734.24685112845
2006-03-29,113096.35744110953
2006-03-30,113378.36764733207
2006-03-31,112984.09213082206
2006-04-03,112542.12476479422
2006-04-04,113842.78641545188
2006-04-05,115507.93113492917
2006-04-06,115695.77698587369
2006-04-07,114247.45404709375
2006-04-10,113645.35944260156
2006-04-11,112199.21686352289
2006-04-12,112760.22391870961
2006-04-13,112655.50116804586
2006-04-17,113031.27380445943
2006-04-18,115311.49995878682
2006-04-19,117312.0203674172
2006-04-20,115998.11400297628
2006-04-21,115319.92377356038
2006-04-24,114339.8605796288
2006-04-25,113594.33815577017
2006-04-26,112995.91746523367
2006-04-27,111122.395400071
2006-04-28,111249.7701845406
2006-05-01,112169.35316828781
2006-05-02,112336.93733767563
2006-05-03,112770.87808112198
2006-05-04,114756.95419629254
2006-05-05,114489.82989592322
2006-05-08,114363.90128035315
2006-05-09,115342.28250784644
2006-05-10,115314.51683420905
2006-05-11,113395.82414240607
2006-05-12,110739.66472033819
2006-05-15,108492.82996450114
2006-05-16,108247.24139527742
2006-05-17,105259.6631542132
2006-05-18,104145.25363548931
2006-05-19,103774.54021288993
2006-05-22,100780.4045554619
2006-05-23,100838.94312835993
2006-05-24,99160.80901817621
2006-05-25,100897.65628716612
2006-05-26,101913.17713067197
2006-05-30,100606.59575753355
2006-05-31,101723.06447415495
2006-06-01,103392.29623417997
2006-06-02,103791.26561551237
2006-06-05,101767.33101945066
2006-06-06,101297.89119057798
2006-06-07,100808.33955578947
2006-06-08,100139.01584630155
2006-06-09,99342.56061934309
2006-06-12,97499.80646064004
2006-06-13,95899.0724079595
2006-06-14,95844.41466142234
2006-06-15,97020.74702665815
2006-06-16,96705.47761938581
2006-06-19,96475.39860311638
2006-06-20,96365.2779394735
2006-06-21,97813.77905908714
2006-06-22,97709.92452970635
2006-06-23,97986.36735407005
2006-06-26,99174.56356302391
2006-06-27,98509.41516748558
2006-06-28,98332.5586582769
2006-06-29,99377.72402826439
2006-06-30,100314.66990438591
2006-07-03,100360.77973350082
2006-07-05,100051.16474708114
2006-07-06,100550.99328883682
2006-07-07,100190.10295531784
2006-07-10,100063.69515700851
2006-07-11,101143.65524361341
2006-07-12,99242.02630203932
2006-07-13,97393.52898186415
2006-07-14,97123.06084662248
2006-07-17,95997.63379221727
2006-07-18,96214.09991669745
2006-07-19,97292.25261585902
2006-07-20,95862.7293795843
2006-07-21,94877.04849537981
2006-07-24,96882.23502930773
2006-07-25,97125.64114354266
2006-07-26,97519.15668946398
2006-07-27,96163.12379185809
2006-07-28,97000.28831879748
2006-07-31,97436.05811762351
2006-08-01,97989.80543970603
2006-08-02,98237.2365822078
2006-08-03,98973.02921907914
2006-08-04,99869.61484282029
2006-08-07,99760.42897455704
2006-08-08,99011.18311159623
2006-08-09,98533.48259871018
2006-08-10,97492.525336671
2006-08-11,96904.80444063067
2006-08-14,96746.75487143574
2006-08-15,97888.10791499195
2006-08-16,98377.45689780293
2006-08-17,97953.67524442205
2006-08-18,98543.12481984624
2006-08-21,98980.35610112676
2006-08-22,100195.67304143438
2006-08-23,98567.90186223516
2006-08-24,98797.5320661117
2006-08-25,99173.57015252604
2006-08-28,99787.96142077936
2006-08-29,100008.20796657099
2006-08-30,99475.03576591217
2006-08-31,99731.6765940448
2006-09-01,100296.50355842315
2006-09-05,101244.40592074169
2006-09-06,100696.58107237541
2006-09-07,99553.14294008934
2006-09-08,99861.90665011131
2006-09-11,99836.643765677
2006-09-12,101484.0926597009
2006-09-13,101686.24288247922
2006-09-14,101191.66996072629
2006-09-15,101614.96761726239
2006-09-18,101418.13999055722
2006-09-19,101494.11050104
2006-09-20,101710.65427659848
2006-09-21,101002.25519822934
2006-09-22,100922.1849095712
2006-09-25,101164.20112966397
2006-09-26,101610.30015109875
2006-09-27,102362.45443839967
2006-09-28,101591.52861614167
2006-09-29,101104.48204202592
2006-10-02,101385.3805752574
2006-10-03,102135.74005754576
2006-10-04,104052.82211359129
2006-10-05,105100.3737817684
2006-10-06,104862.01761969717
2006-10-09,105509.55612715872
2006-10-10,105478.52731999548
2006-10-11,104986.22366294058
2006-10-12,106330.80818709524
2006-10-13,106856.04218825491
2006-10-16,107452.33236989172
2006-10-17,106838.71821841391
2006-10-18,106998.07226666601
2006-10-19,107816.67916831168
2006-10-20,107475.69660910757
2006-10-23,108042.94850119742
2006-10-24,107985.33139666708
2006-10-25,108160.52777632864
2006-10-26,109143.39398064217
2006-10-27,108305.70102514824
2006-10-30,108751.0238639315
2006-10-31,108462.40093261197
2006-11-01,106869.64066964581
2006-11-02,106752.60381823972
2006-11-03,106102.1589687486
2006-11-06,107770.58946626578
2006-11-07,107442.4695612872
2006-11-08,106954.6808311427
2006-11-09,105792.36449594144
2006-11-10,106107.43576163892
2006-11-13,106347.37807578687
2006-11-14,107289.07896912229
2006-11-15,107013.88221800458
2006-11-16,107411.409176947
2006-11-17,106718.98494446409
2006-11-20,106897.89908538932
2006-11-21,107329.0989507305
2006-11-22,106982.10511079479
2006-11-24,106988.22050252605
2006-11-27,104922.33444181133
2006-11-28,104807.13399253174
2006-11-29,106224.69105955536
2006-11-30,106266.55562254364
2006-12-01,106235.43390509064
2006-12-04,108312.3923267978
2006-12-05,108807.75731289951
2006-12-06,108725.55218105053
2006-12-07,108381.35958842968
2006-12-08,108616.9106843922
2006-12-11,108937.61152629589
2006-12-12,108216.24228319603
2006-12-13,108723.02077135521
2006-12-14,110032.31828340965
2006-12-15,109886.24242052513
2006-12-18,108695.78665766197
2006-12-19,108944.03316721397
2006-12-20,109569.99838098961
2006-12-21,108922.52262247303
2006-12-22,108470.283693881
2006-12-26,108892.5396132151
2006-12-27,109487.67276903786
2006-12-28,109366.12037035622
2006-12-29,108760.50839945473
2007-01-03,110144.11031672158
2007-01-04,111125.22200533547
2007-01-05,111011.0100378672
2007-01-08,111120.65001800396
2007-01-09,110612.86328056194
2007-01-10,111651.02953651287
2007-01-11,113132.7363102708
2007-01-12,113070.60455062725
2007-01-16,112896.4949581895
2007-01-17,113172.91100051739
2007-01-18,112023.82474067547
2007-01-19,111405.17995140512
2007-01-22,111588.25018125938
2007-01-23,111589.03110701012
2007-01-24,113020.40814720662
2007-01-25,111236.91042076619
2007-01-26,111833.60921530389
2007-01-29,112146.4037318673
2007-01-30,112165.07968382501
2007-01-31,112499.95608095788
2007-02-01,113989.15160708093
2007-02-02,114376.95210795068
2007-02-05,113668.03859572076
2007-02-06,114725.2088352192
2007-02-07,115895.73372564201
2007-02-08,116337.99511155968
2007-02-09,114458.95526132469
2007-02-12,114236.21042976265
2007-02-13,113847.17183980827
2007-02-14,116655.38126001244
2007-02-15,117263.03310437938
2007-02-16,117101.94494146129
2007-02-20,117960.2760361459
2007-02-21,117880.47070729992
2007-02-22,117371.52986467144
2007-02-23,117089.91895854732
2007-02-26,115546.66077554485
2007-02-27,110837.02492769786
2007-02-28,110766.51713774272
2007-03-01,110625.23921511241
2007-03-02,108557.56023523875
2007-03-05,108008.63410802008
2007-03-06,110054.40063614966
2007-03-07,111333.10939068915
2007-03-08,113125.34229044594
2007-03-09,112635.64223341622
2007-03-12,114534.6801343409
2007-03-13,112042.8035555903
2007-03-14,112036.93187866846
2007-03-15,112915.03250322977
2007-03-16,112092.4914699618
2007-03-19,113288.53957663217
2007-03-20,114407.56430636087
2007-03-21,115559.49833880106
2007-03-22,115643.98204336801
2007-03-23,115702.70914707819
2007-03-26,115224.75895081201
2007-03-27,114212.65115748087
2007-03-28,113677.78343878427
2007-03-29,113748.31150160471
2007-03-30,113577.80840407053
2007-04-02,114575.31127960379
2007-04-03,116695.04196626837
2007-04-04,116340.61104805167
2007-04-05,117535.39462740118
2007-04-09,118030.44400007422
2007-04-10,118195.26151258642
2007-04-11,116821.8780530184
2007-04-12,117332.7895272463
2007-04-13,117728.89546186621
2007-04-16,119313.93621713812
2007-04-17,118618.4944589823
2007-04-18,118219.03584749396
2007-04-19,117605.78481303462
2007-04-20,117757.58059417018
2007-04-23,117851.81231414089
2007-04-24,116301.81872521648
2007-04-25,117217.52620600889
2007-04-26,117568.87441443632
2007-04-27,116451.61071045429
2007-04-30,115363.60707409412
2007-05-01,114917.21325018497
2007-05-02,116613.16363374851
2007-05-03,116965.59682683882
2007-05-04,116694.0968611711
2007-05-07,117319.50270585952
2007-05-08,117114.81179647383
2007-05-09,117802.76278238234
2007-05-10,116533.55161027846
2007-05-11,117675.9751475328
2007-05-14,118377.20525388655
2007-05-15,118313.0725214952
2007-05-16,118704.3393309587
2007-05-17,119300.01030632354
2007-05-18,119162.43472381927
2007-05-21,120082.43978433838
2007-05-22,120322.04937105408
2007-05-23,118972.00536658295
2007-05-24,116419.84839274414
2007-05-25,118787.4789515607
2007-05-29,119277.44478236361
2007-05-30,121038.5875464551
2007-05-31,122262.60854527143
2007-06-01,123783.58328625349
2007-06-04,123790.167459456
2007-06-05,123342.58108517317
2007-06-06,121463.67742725996
2007-06-07,118631.35843178419
2007-06-08,119748.6639665826
2007-06-11,119033.3926573272
2007-06-12,118276.89023976281
2007-06-13,120271.39769177392
2007-06-14,120592.93566517785
2007-06-15,122227.32522015527
2007-06-18,122643.27276425317
2007-06-19,122680.28921418145
2007-06-20,121516.62558751061
2007-06-21,122507.43097405389
2007-06-22,121877.73965840295
2007-06-25,121205.87966351464
2007-06-26,120255.06654362634
2007-06-27,120789.78590078169
2007-06-28,120909.41291062269
2007-06-29,120271.57158963117
2007-07-02,122186.02605549726
2007-07-03,122262.74965636167
2007-07-05,122851.37921015653
2007-07-06,122943.64732248429
2007-07-09,123394.9130142415
2007-07-10,121623.72574836854
2007-07-11,121932.02026731614
2007-07-12,123241.00684244279
2007-07-13,122885.20573360566
2007-07-16,122754.26327020768
2007-07-17,122833.07902032975
2007-07-18,123092.40800792817
2007-07-19,122475.52678854112
2007-07-20,121037.89846971913
2007-07-23,120576.34063388458
2007-07-24,117987.51322557083
2007-07-25,116680.22769500366
2007-07-26,114319.57165874468
2007-07-27,112293.99537248659
2007-07-30,113116.53402502117
2007-07-31,111951.55475790081
2007-08-01,111308.7081011015
2007-08-02,111955.3989427763
2007-08-03,109538.2654360014
2007-08-06,110804.31392473637
2007-08-07,110575.59766375004
2007-08-08,108435.18961559712
2007-08-09,102852.16524301945
2007-08-10,103358.21779595288
2007-08-13,101829.98822365674
2007-08-14,100041.62357674511
2007-08-15,98124.39256740117
2007-08-16,96621.00584037288
2007-08-17,97886.9953426016
2007-08-20,97935.61660007841
2007-08-21,97769.09226770813
2007-08-22,97905.54754591399
2007-08-23,96787.48637915068
2007-08-24,97013.03971624785
2007-08-27,96871.60726931029
2007-08-28,94872.93949781828
2007-08-29,96998.21234308653
2007-08-30,97299.99746023589
2007-08-31,98646.84935842924
2007-09-04,100041.11101709776
2007-09-05,99665.33126055174
2007-09-06,100444.70349489622
2007-09-07,98429.80507265501
2007-09-10,98078.1696613925
2007-09-11,99477.72663275654
2007-09-12,99334.6433111852
2007-09-13,99693.7121082967
2007-09-14,99125.1609115814
2007-09-17,98545.98787023772
2007-09-18,102288.36927511443
2007-09-19,103517.01154806365
2007-09-20,103214.73513700713
2007-09-21,103412.51797392119
2007-09-24,102722.38081597156
2007-09-25,103243.81692360705
2007-09-26,103868.8572173006
2007-09-27,102789.67434262103
2007-09-28,102180.40108536548
2007-10-01,104153.52779816455
2007-10-02,103414.02897118396
2007-10-03,102627.35568474597
2007-10-04,102437.30198429889
2007-10-05,104484.73155133075
2007-10-08,104248.48617474384
2007-10-09,105166.7937823946
2007-10-10,106066.2073066408
2007-10-11,105032.76104237384
2007-10-12,106818.22985150164
2007-10-15,108304.7849528963
2007-10-16,108176.08141934223
2007-10-17,108991.5572513277
2007-10-18,109233.7357543642
2007-10-19,106272.69623219318
2007-10-22,106942.9075654939
2007-10-23,108085.94819964917
2007-10-24,107506.76655520947
2007-10-25,107352.18696155102
2007-10-26,108418.97980441601
2007-10-29,109190.94580987912
2007-10-30,108504.63787607175
2007-10-31,109767.30706933957
2007-11-01,106964.86079172116
2007-11-02,106521.04675443193
2007-11-05,106827.77919099352
2007-11-06,109177.43224618456
2007-11-07,107172.84005342063
2007-11-08,108092.51129327354
2007-11-09,105506.89206504059
2007-11-12,103224.68362712098
2007-11-13,104156.81813826569
2007-11-14,103748.63386546142
2007-11-15,103540.10587893493
2007-11-16,104065.42194281585
2007-11-19,103042.74618838319
2007-11-20,102752.41672823914
2007-11-21,101722.76784414884
2007-11-23,103396.2814278674
2007-11-26,102630.8154664111
2007-11-27,103350.21041214257
2007-11-28,105405.23396885186
2007-11-29,105296.47356045037
2007-11-30,104962.71119510918
2007-12-03,104744.87387230188
2007-12-04,104164.35108989984
2007-12-05,104990.44016594201
2007-12-06,107487.34065479547
2007-12-07,106861.56081718713
2007-12-10,107544.26051468163
2007-12-11,105212.74203247338
2007-12-12,104500.02869362145
2007-12-13,104415.89645502901
2007-12-14,105689.54847357607
2007-12-17,103973.70556464052
2007-12-18,104990.21288695192
2007-12-19,105411.97117819643
2007-12-20,106789.65652670717
2007-12-21,108431.60309424257
2007-12-24,109640.29455794192
2007-12-26,110159.93030299044
2007-12-27,107771.29897440768
2007-12-28,108650.15995920992
2007-12-31,107541.44554556704
2008-01-02,107447.98140658236
2008-01-03,108269.2097639487
2008-01-04,106212.56030920602
2008-01-07,105718.1529370386
2008-01-08,105037.2347579462
2008-01-09,105864.83407650376
2008-01-10,105596.68476925278
2008-01-11,105478.83124981308
2008-01-14,106036.57246456528
2008-01-15,104976.27041302109
2008-01-16,103714.84938488388
2008-01-17,102894.07918979699
2008-01-18,102770.45275269
2008-01-22,102526.64257965534
2008-01-23,102615.47281036823
2008-01-24,102451.04229126422
2008-01-25,102282.83240662067
2008-01-28,102524.75217590778
2008-01-29,102536.09243545978
2008-01-30,102437.81234894245
2008-01-31,102628.70275269
2008-02-01,102779.90260849445
2008-02-04,102934.88255081623
2008-02-05,102649.49214706867
2008-02-06,102549.32237778156
2008-02-07,102572.00217590778
2008-02-08,102541.76220474689
2008-02-11,102554.99214706867
2008-02-12,103084.1927238509
2008-02-13,103222.16263733356
2008-02-14,103258.07237778156
2008-02-15,103188.14257965534
2008-02-19,103207.04229126422
2008-02-20,102696.74214706867
2008-02-21,102621.14257965534
2008-02-22,102562.55232010334
2008-02-25,102825.26220474689
2008-02-26,102827.15260849445
2008-02-27,103121.99214706867
2008-02-28,103025.60246429889
2008-02-29,102813.92266617267
2008-03-03,102787.46278152912
2008-03-04,102783.68269501178
2008-03-05,102868.73283920734
2008-03-06,102651.38255081623
2008-03-07,102573.48260849445
2008-03-10,102573.48260849445
2008-03-11,102573.48260849445
2008-03-12,102573.48260849445
2008-03-13,102573.48260849445
2008-03-14,102573.48260849445
2008-03-17,102573.48260849445
2008-03-18,102573.48260849445
2008-03-19,102573.48260849445
2008-03-20,102573.48260849445
2008-03-24,102573.48260849445
2008-03-25,102573.48260849445
2008-03-26,102573.48260849445
2008-03-27,102573.48260849445
2008-03-28,102573.48260849445
2008-03-31,102573.48260849445
2008-04-01,102573.48260849445
2008-04-02,102573.48260849445
2008-04-03,102573.48260849445
2008-04-04,102573.48260849445
2008-04-07,102573.48260849445
2008-04-08,102573.48260849445
2008-04-09,102573.48260849445
2008-04-10,102573.48260849445
2008-04-11,102573.48260849445
2008-04-14,102573.48260849445
2008-04-15,102573.48260849445
2008-04-16,102573.48260849445
2008-04-17,102573.48260849445
2008-04-18,102573.48260849445
2008-04-21,102573.48260849445
2008-04-22,102573.48260849445
2008-04-23,102573.48260849445
2008-04-24,102573.48260849445
2008-04-25,102573.48260849445
2008-04-28,102573.48260849445
2008-04-29,102573.48260849445
2008-04-30,102573.48260849445
2008-05-01,102573.48260849445
2008-05-02,102573.48260849445
2008-05-05,102573.48260849445
2008-05-06,102573.48260849445
2008-05-07,102471.19260849446
2008-05-08,102944.91582645863
2008-05-09,103419.92169537037
2008-05-12,103603.10628094166
2008-05-13,103676.22258820027
2008-05-14,104102.89423431843
2008-05-15,104097.81703819722
2008-05-16,104141.73127907245
2008-05-19,103362.64052456348
2008-05-20,103330.99599808185
2008-05-21,101463.6446158263
2008-05-22,101706.83608978718
2008-05-23,100035.0035969588
2008-05-27,100952.31470173328
2008-05-28,102541.78351276844
2008-05-29,103484.30875748127
2008-05-30,104067.61280832959
2008-06-02,103434.20014010144
2008-06-03,103119.29961310101
2008-06-04,103919.35707770062
2008-06-05,105036.56699949934
2008-06-06,102502.38104063703
2008-06-09,102569.30770975782
2008-06-10,102179.909400101
2008-06-11,100817.2054911807
2008-06-12,101253.67523460416
2008-06-13,102356.71111278562
2008-06-16,102305.20533542661
2008-06-17,101450.60578708677
2008-06-18,100902.05906129885
2008-06-19,101574.48756433534
2008-06-20,100695.40757776308
2008-06-23,100927.49954987256
2008-06-24,100704.6151504585
2008-06-25,101080.5809001991
2008-06-26,99872.13153076856
2008-06-27,99393.38341400307
2008-06-30,99208.07505126564
2008-07-01,99208.07505126564
2008-07-02,99208.07505126564
2008-07-03,99208.07505126564
2008-07-07,99208.07505126564
2008-07-08,99208.07505126564
2008-07-09,99208.07505126564
2008-07-10,99208.07505126564
2008-07-11,99208.07505126564
2008-07-14,99208.07505126564
2008-07-15,99208.07505126564
2008-07-16,99208.07505126564
2008-07-17,99208.07505126564
2008-07-18,99208.07505126564
2008-07-21,99208.07505126564
2008-07-22,99208.07505126564
2008-07-23,99208.07505126564
2008-07-24,99208.07505126564
2008-07-25,99208.07505126564
2008-07-28,99208.07505126564
2008-07-29,99208.07505126564
2008-07-30,99208.07505126564
2008-07-31,99208.07505126564
2008-08-01,99208.07505126564
2008-08-04,99208.07505126564
2008-08-05,99208.07505126564
2008-08-06,99208.07505126564
2008-08-07,99208.07505126564
2008-08-08,99208.07505126564
2008-08-11,99208.07505126564
2008-08-12,99208.07505126564
2008-08-13,99208.07505126564
2008-08-14,99208.07505126564
2008-08-15,99208.07505126564
2008-08-18,99208.07505126564
2008-08-19,99208.07505126564
2008-08-20,99208.07505126564
2008-08-21,99208.07505126564
2008-08-22,99208.07505126564
2008-08-25,99208.07505126564
2008-08-26,99208.07505126564
2008-08-27,99208.07505126564
2008-08-28,99208.07505126564
2008-08-29,99208.07505126564
2008-09-02,99208.07505126564
2008-09-03,99208.07505126564
2008-09-04,99208.07505126564
2008-09-05,99208.07505126564
2008-09-08,99208.07505126564
2008-09-09,99208.07505126564
2008-09-10,99208.07505126564
2008-09-11,99208.07505126564
2008-09-12,99208.07505126564
2008-09-15,99208.07505126564
2008-09-16,99208.07505126564
2008-09-17,99208.07505126564
2008-09-18,99208.07505126564
2008-09-19,99208.07505126564
2008-09-22,99208.07505126564
2008-09-23,99208.07505126564
2008-09-24,99208.07505126564
2008-09-25,99208.07505126564
2008-09-26,99208.07505126564
2008-09-29,99208.07505126564
2008-09-30,99208.07505126564
2008-10-01,99208.07505126564
2008-10-02,99208.07505126564
2008-10-03,99208.07505126564
2008-10-06,99208.07505126564
2008-10-07,99208.07505126564
2008-10-08,99208.07505126564
2008-10-09,99208.07505126564
2008-10-10,99208.07505126564
2008-10-13,99208.07505126564
2008-10-14,99208.07505126564
2008-10-15,99208.07505126564
2008-10-16,99208.07505126564
2008-10-17,99208.07505126564
2008-10-20,99208.07505126564
2008-10-21,99208.07505126564
2008-10-22,99208.07505126564
2008-10-23,99208.07505126564
2008-10-24,99208.07505126564
2008-10-27,99208.07505126564
2008-10-28,99208.07505126564
2008-10-29,99208.07505126564
2008-10-30,99208.07505126564
2008-10-31,99208.07505126564
2008-11-03,99208.07505126564
2008-11-04,99208.07505126564
2008-11-05,99208.07505126564
2008-11-06,99208.07505126564
2008-11-07,99208.07505126564
2008-11-10,99208.07505126564
2008-11-11,99208.07505126564
2008-11-12,99208.07505126564
2008-11-13,99208.07505126564
2008-11-14,99208.07505126564
2008-11-17,99208.07505126564
2008-11-18,99208.07505126564
2008-11-19,99208.07505126564
2008-11-20,99208.07505126564
2008-11-21,99208.07505126564
2008-11-24,99208.07505126564
2008-11-25,99208.07505126564
2008-11-26,99208.07505126564
2008-11-28,99208.07505126564
2008-12-01,99208.07505126564
2008-12-02,99208.07505126564
2008-12-03,99208.07505126564
2008-12-04,99208.07505126564
2008-12-05,99208.07505126564
2008-12-08,99208.07505126564
2008-12-09,99208.07505126564
2008-12-10,99208.07505126564
2008-12-11,99208.07505126564
2008-12-12,99208.07505126564
2008-12-15,99208.07505126564
2008-12-16,99208.07505126564
2008-12-17,99208.07505126564
2008-12-18,99208.07505126564
2008-12-19,99208.07505126564
2008-12-22,99208.07505126564
2008-12-23,99208.07505126564
2008-12-24,99208.07505126564
2008-12-26,99208.07505126564
2008-12-29,99208.07505126564
2008-12-30,99208.07505126564
2008-12-31,99208.07505126564
2009-01-02,99208.07505126564
2009-01-05,99208.07505126564
2009-01-06,99208.07505126564
2009-01-07,99208.07505126564
2009-01-08,99208.07505126564
2009-01-09,99208.07505126564
2009-01-12,99208.07505126564
2009-01-13,99208.07505126564
2009-01-14,99208.07505126564
2009-01-15,99208.07505126564
2009-01-16,99208.07505126564
2009-01-20,99208.07505126564
2009-01-21,99208.07505126564
2009-01-22,99208.07505126564
2009-01-23,99208.07505126564
2009-01-26,99208.07505126564
2009-01-27,99208.07505126564
2009-01-28,99208.07505126564
2009-01-29,99208.07505126564
2009-01-30,99208.07505126564
2009-02-02,99208.07505126564
2009-02-03,99208.07505126564
2009-02-04,99208.07505126564
2009-02-05,99208.07505126564
2009-02-06,99208.07505126564
2009-02-09,99208.07505126564
2009-02-10,99208.07505126564
2009-02-11,99208.07505126564
2009-02-12,99208.07505126564
2009-02-13,99208.07505126564
2009-02-17,99208.07505126564
2009-02-18,99208.07505126564
2009-02-19,99208.07505126564
2009-02-20,99208.07505126564
2009-02-23,99208.07505126564
2009-02-24,99208.07505126564
2009-02-25,99208.07505126564
2009-02-26,99208.07505126564
2009-02-27,99208.07505126564
2009-03-02,99208.07505126564
2009-03-03,99208.07505126564
2009-03-04,99208.07505126564
2009-03-05,99208.07505126564
2009-03-06,99208.07505126564
2009-03-09,99208.07505126564
2009-03-10,99208.07505126564
2009-03-11,99208.07505126564
2009-03-12,99208.07505126564
2009-03-13,99208.07505126564
2009-03-16,99208.07505126564
2009-03-17,99208.07505126564
2009-03-18,99208.07505126564
2009-03-19,99208.07505126564
2009-03-20,99208.07505126564
2009-03-23,99208.07505126564
2009-03-24,99208.07505126564
2009-03-25,99208.07505126564
2009-03-26,99208.07505126564
2009-03-27,99208.07505126564
2009-03-30,99208.07505126564
2009-03-31,99208.07505126564
2009-04-01,99208.07505126564
2009-04-02,99208.07505126564
2009-04-03,99208.07505126564
2009-04-06,99208.07505126564
2009-04-07,99208.07505126564
2009-04-08,99208.07505126564
2009-04-09,99208.07505126564
2009-04-13,99208.07505126564
2009-04-14,99208.07505126564
2009-04-15,99208.07505126564
2009-04-16,99208.07505126564
2009-04-17,99208.07505126564
2009-04-20,99208.07505126564
2009-04-21,99208.07505126564
2009-04-22,99208.07505126564
2009-04-23,99208.07505126564
2009-04-24,99208.07505126564
2009-04-27,99208.07505126564
2009-04-28,99208.07505126564
2009-04-29,99208.07505126564
2009-04-30,99208.07505126564
2009-05-01,99208.07505126564
2009-05-04,99208.07505126564
2009-05-05,99208.07505126564
2009-05-06,99208.07505126564
2009-05-07,99208.07505126564
2009-05-08,99208.07505126564
2009-05-11,99208.07505126564
2009-05-12,99208.07505126564
2009-05-13,99208.07505126564
2009-05-14,99208.07505126564
2009-05-15,99208.07505126564
2009-05-18,99208.07505126564
2009-05-19,99208.07505126564
2009-05-20,99208.07505126564
2009-05-21,99208.07505126564
2009-05-22,99208.07505126564
2009-05-26,99208.07505126564
2009-05-27,99208.07505126564
2009-05-28,99208.07505126564
2009-05-29,99208.07505126564
2009-06-01,99208.07505126564
2009-06-02,99208.07505126564
2009-06-03,99208.07505126564
2009-06-04,99208.07505126564
2009-06-05,99208.07505126564
2009-06-08,99183.28505126564
2009-06-09,99281.31525937645
2009-06-10,99105.75681178657
2009-06-11,98770.00019708244
2009-06-12,98814.10335467903
2009-06-15,98042.62772677986
2009-06-16,97216.57443141547
2009-06-17,98167.92534637061
2009-06-18,98262.15743493644
2009-06-19,98622.72486445992
2009-06-22,97017.43877933113
2009-06-23,96173.94535201637
2009-06-24,96595.19345897285
2009-06-25,98276.2280350837
2009-06-26,98879.60792743294
2009-06-29,99958.63196193306
2009-06-30,99540.47918977348
2009-07-01,100657.45824935524
2009-07-02,98253.0556363667
2009-07-06,97345.89225568662
2009-07-07,95523.67982568631
2009-07-08,94468.24364248166
2009-07-09,95146.48082403667
2009-07-10,95735.27986101634
2009-07-13,97790.27976599224
2009-07-14,98380.58981131084
2009-07-15,100951.68583296306
2009-07-16,101785.6472444392
2009-07-17,102499.85864699088
2009-07-20,103239.21988260947
2009-07-21,101954.64917242728
2009-07-22,101876.12108916006
2009-07-23,103539.27293749533
2009-07-24,103523.56867666922
2009-07-27,102900.92315550528
2009-07-28,102543.58751749717
2009-07-29,103926.65741419517
2009-07-30,104675.03399157249
2009-07-31,104947.942343034
2009-08-03,106549.62650422021
2009-08-04,106472.6916296856
2009-08-05,105293.81525544092
2009-08-06,103926.29591683313
2009-08-07,105596.78035903651
2009-08-10,105690.65881038386
2009-08-11,104275.48032737452
2009-08-12,105824.79345966059
2009-08-13,106439.53746391016
2009-08-14,104722.65864253718
2009-08-17,102998.51153255183
2009-08-18,104949.58219791132
2009-08-19,105172.19131923396
2009-08-20,105983.06438613612
2009-08-21,106806.78246379572
2009-08-24,106253.24087596613
2009-08-25,107684.61494422633
2009-08-26,107556.91617751795
2009-08-27,109690.1827253754
2009-08-28,109392.3790478165
2009-08-31,108195.63698106135
2009-09-01,106711.9361663658
2009-09-02,107097.58489641205
2009-09-03,108442.72477224366
2009-09-04,109759.54460243107
2009-09-08,111527.3896183002
2009-09-09,114950.30351199985
2009-09-10,116393.55751170994
2009-09-11,114404.64767494083
2009-09-14,115797.50262298466
2009-09-15,119466.83320178867
2009-09-16,121559.23769512058
2009-09-17,120314.56983339465
2009-09-18,121719.3384233681
2009-09-21,120653.20626508868
2009-09-22,122007.30481111682
2009-09-23,119867.52440607226
2009-09-24,114833.6601616112
2009-09-25,114195.77241955769
2009-09-28,118516.47338311186
2009-09-29,118679.23238307507
2009-09-30,117629.64493209393
2009-10-01,112465.48040896923
2009-10-02,111345.8846508441
2009-10-05,113613.33511152642
2009-10-06,115334.32263365167
2009-10-07,115497.039429573
2009-10-08,116588.23972311395
2009-10-09,116701.61731520074
2009-10-12,116051.90311982846
2009-10-13,114671.59709241605
2009-10-14,118749.67600419736
2009-10-15,118292.48485147214
2009-10-16,115924.63305341458
2009-10-19,116658.57962857938
2009-10-20,114839.87541352963
2009-10-21,113471.172978894
2009-10-22,114771.60607162167
2009-10-23,112463.89514938046
2009-10-26,110873.01979344193
2009-10-27,108783.6881832351
2009-10-28,104667.44399847405
2009-10-29,105664.58630785576
2009-10-30,102446.66957506767
2009-11-02,103576.9155267202
2009-11-03,104349.95453676811
2009-11-04,104555.43701395622
2009-11-05,107608.95429022422
2009-11-06,107357.9640568029
2009-11-09,111257.76683886161
2009-11-10,112123.80274469963
2009-11-11,113060.80826933494
2009-11-12,111138.13812334648
2009-11-13,112186.16149885765
2009-11-16,114970.43395693412
2009-11-17,115272.23971445671
2009-11-18,114755.45929510704
2009-11-19,112016.701435877
2009-11-20,111034.03712865889
2009-11-23,113005.11709711135
2009-11-24,112329.16163560927
2009-11-25,112755.03936979354
2009-11-27,110014.158151837
2009-11-30,109849.86325648846
2009-12-01,111582.92848638119
2009-12-02,112415.2476401669
2009-12-03,111628.2840977055
2009-12-04,112197.16639331402
2009-12-07,111568.3408664486
2009-12-08,110651.429367902
2009-12-09,111726.62607700497
2009-12-10,111242.44044811398
2009-12-11,113513.94345028073
2009-12-14,113255.87805779814
2009-12-15,113143.36785144522
2009-12-16,113465.28954429342
2009-12-17,112640.34307307913
2009-12-18,115073.24773974522
2009-12-21,116919.97473139866
2009-12-22,117597.38866713927
2009-12-23,118559.55043700621
2009-12-24,119111.4042425482
2009-12-28,118905.15165427611
2009-12-29,119504.92202666686
2009-12-30,119400.79212287352
2009-12-31,118339.80925086424
2010-01-04,120087.30217460082
2010-01-05,120651.45631316588
2010-01-06,120691.95103743956
2010-01-07,121525.93038451597
2010-01-08,121949.96452796385
2010-01-11,121498.32460470869
2010-01-12,118490.24610968305
2010-01-13,119844.97030707075
2010-01-14,119611.08669920637
2010-01-15,118415.09623976423
2010-01-19,118727.96294470502
2010-01-20,118009.37946768476
2010-01-21,115733.79933043195
2010-01-22,115358.8946440752
2010-01-25,115884.74209777708
2010-01-26,115292.38150874968
2010-01-27,116797.29484422733
2010-01-28,114643.44048173954
2010-01-29,113412.89624746372
2010-02-01,115149.15801220975
2010-02-02,115581.60737353406
2010-02-03,114254.87009841047
2010-02-04,109146.96039344963
2010-02-05,109211.81559942567
2010-02-08,108861.01113364655
2010-02-09,110903.81158873993
2010-02-10,110485.41906878907
2010-02-11,112278.60234686562
2010-02-12,112785.21099373528
2010-02-16,115172.79966685006
2010-02-17,115277.69763943383
2010-02-18,117498.10204741188
2010-02-19,117615.05077215859
2010-02-22,118649.18582770058
2010-02-23,115861.86098953911
2010-02-24,118267.69808636351
2010-02-25,117886.53469954176
2010-02-26,116935.38011370345
2010-03-01,118353.24961778597
2010-03-02,118956.32266160921
2010-03-03,118283.87997657733
2010-03-04,118262.04443151431
2010-03-05,120109.3457682796
2010-03-08,121067.24338275866
2010-03-09,121833.88162071185
2010-03-10,122936.00323650317
2010-03-11,124056.00337955431
2010-03-12,124430.43616935686
2010-03-15,123108.76387378649
2010-03-16,123049.52109310107
2010-03-17,123906.80431673006
2010-03-18,124022.42609807925
2010-03-19,121121.1755430408
2010-03-22,122350.67076684909
2010-03-23,124303.01721765475
2010-03-24,123839.32187669711
2010-03-25,123104.1163441463
2010-03-26,123354.38029592471
2010-03-29,124875.84937589602
2010-03-30,124194.1027595325
2010-03-31,123306.33273714023
2010-04-01,124070.45207136111
2010-04-05,124860.70035856204
2010-04-06,125080.61104362445
2010-04-07,124104.0876567264
2010-04-08,125318.63384603457
2010-04-09,125440.31613134341
2010-04-12,126365.68645045868
2010-04-13,125990.8846826326
2010-04-14,127845.05578420273
2010-04-15,128670.76148030869
2010-04-16,126395.25519864672
2010-04-19,125935.51750247591
2010-04-20,127678.09124915712
2010-04-21,129172.42891900652
2010-04-22,129661.67279178667
2010-04-23,130895.99437076616
2010-04-26,130103.22627956438
2010-04-27,127067.18153698015
2010-04-28,127848.9121077733
2010-04-29,129312.04430670402
2010-04-30,126282.34691710136
2010-05-03,127858.195595633
2010-05-04,123469.27871740959
2010-05-05,119710.8508079264
2010-05-06,116299.59708490402
2010-05-07,112118.37053431648
2010-05-10,119328.30360795745
2010-05-11,119643.33045388946
2010-05-12,122833.01921178588
2010-05-13,122005.66641046295
2010-05-14,118426.74755670318
2010-05-17,119036.44261075744
2010-05-18,116791.68919755706
2010-05-19,115475.41270353088
2010-05-20,109470.4332399536
2010-05-21,108812.6210740387
2010-05-24,108913.08339722748
2010-05-25,108837.09204705353
2010-05-26,108929.16219933625
2010-05-27,110505.63174593578
2010-05-28,110665.55993586194
2010-06-01,109967.61762552868
2010-06-02,111470.0587933601
2010-06-03,112515.093478495
2010-06-04,110845.88504351268
2010-06-07,110016.50888765941
2010-06-08,109754.37226427684
2010-06-09,110125.35922754894
2010-06-10,111050.5731428839
2010-06-11,112004.5795630194
2010-06-14,112379.16659533752
2010-06-15,113230.54456889404
2010-06-16,113564.32357165588
2010-06-17,113506.69476733459
2010-06-18,113096.91032061828
2010-06-21,112510.62958140625
2010-06-22,111008.51374850524
2010-06-23,111738.74390254272
2010-06-24,110880.96912226928
2010-06-25,110687.66540179503
2010-06-28,110723.58020625365
2010-06-29,107423.12814746154
2010-06-30,107134.13745040527
2010-07-01,106990.64468879333
2010-07-02,107106.98457357057
2010-07-06,107385.49525090822
2010-07-07,107573.68130895265
2010-07-08,107768.95601674684
2010-07-09,107819.38853093752
2010-07-12,107796.79059239992
2010-07-13,108283.06605168947
2010-07-14,108272.24970601687
2010-07-15,108345.19202779421
2010-07-16,107642.72290395388
2010-07-19,107782.15623448977
2010-07-20,107893.32830785403
2010-07-21,107458.92290471682
2010-07-22,107509.81072972903
2010-07-23,107919.37754634935
2010-07-26,108167.57535366136
2010-07-27,108051.96560863573
2010-07-28,107801.98304180223
2010-07-29,107529.5892165764
2010-07-30,107605.31319652635
2010-08-02,107555.11860881883
2010-08-03,107072.33164745409
2010-08-04,107509.92940725404
2010-08-05,106290.66597141343
2010-08-06,106290.9606067093
2010-08-09,106706.93328584748
2010-08-10,105252.6670681389
2010-08-11,101725.47768720704
2010-08-12,102516.9349439812
2010-08-13,102270.2585838509
2010-08-16,102278.21812437472
2010-08-17,103278.83652876315
2010-08-18,103861.2405338138
2010-08-19,102854.7786273807
2010-08-20,102878.45444271874
2010-08-23,102018.50752041649
2010-08-24,101309.49435208153
2010-08-25,101152.81847749927
2010-08-26,101078.68187460257
2010-08-27,101882.89708074881
2010-08-30,101094.2201932366
2010-08-31,101169.1353658135
2010-09-01,102280.92224630667
2010-09-02,102840.77956899954
2010-09-03,103139.74942907644
2010-09-07,102810.3136571343
2010-09-08,103091.16951879812
2010-09-09,102758.6735967095
2010-09-10,102856.96522650076
2010-09-13,103256.5788739617
2010-09-14,103511.19498739555
2010-09-15,103476.05102835014
2010-09-16,103583.80699392631
2010-09-17,103700.60695020987
2010-09-20,105664.70865766837
2010-09-21,105433.72836248709
2010-09-22,105633.61513082816
2010-09-23,104650.28197805716
2010-09-24,106727.5324701531
2010-09-27,106452.48857443167
2010-09-28,107155.11802999808
2010-09-29,107145.30845014883
2010-09-30,106692.00493566824
2010-10-01,106996.74091474844
2010-10-04,106401.39613287283
2010-10-05,108033.82187406851
2010-10-06,106722.95375387503
2010-10-07,106657.7709494432
2010-10-08,107049.73767765365
2010-10-11,106958.460625728
2010-10-12,107005.09587581955
2010-10-13,107684.9112959703
2010-10-14,107917.0316325029
2010-10-15,108522.85858829819
2010-10-18,108005.52468212448
2010-10-19,107278.61708172165
2010-10-20,108550.43290813766
2010-10-21,108748.51653774582
2010-10-22,109092.65172870956
2010-10-25,109559.27170856796
2010-10-26,109009.11803212692
2010-10-27,109071.83348432113
2010-10-28,109660.26051530012
2010-10-29,109913.04041298994
2010-11-01,109996.88208588728
2010-11-02,111140.73247250685
2010-11-03,110821.27395066389
2010-11-04,112524.70857915052
2010-11-05,113255.1401389522
2010-11-08,113376.62107881732
2010-11-09,112764.42360529132
2010-11-10,113600.63507589526
2010-11-11,113794.48106924242
2010-11-12,112480.99495760149
2010-11-15,112537.17326969387
2010-11-16,111414.49552006008
2010-11-17,112085.98121780636
2010-11-18,113342.32572216274
2010-11-19,113819.77676815273
2010-11-22,114912.556764071
2010-11-23,114181.23194259884
2010-11-24,116089.97359508755
2010-11-26,115834.65383060696
2010-11-29,115050.83949955227
2010-11-30,115339.05473287823
2010-12-01,116672.262754519
2010-12-02,117259.96034773113
2010-12-03,118012.55468281033
2010-12-06,118601.11968286755
2010-12-07,118600.77202900173
2010-12-08,118241.66713197948
2010-12-09,117935.85505704726
2010-12-10,118920.0517123207
2010-12-13,119310.5652969345
2010-12-14,118534.82919446693
2010-12-15,117465.40356008278
2010-12-16,118444.60084478126
2010-12-17,118167.3020452665
2010-12-20,118438.3967475103
2010-12-21,119375.48089448677
2010-12-22,117849.1309403585
2010-12-23,117847.65232698189
2010-12-27,116803.0839742826
2010-12-28,116111.84447253437
2010-12-29,116510.45864165516
2010-12-30,116427.21807444782
2010-12-31,115804.05691545761
2011-01-03,116775.95111029099
2011-01-04,115147.49419978476
2011-01-05,115639.25393107749
2011-01-06,115215.43730223991
2011-01-07,114445.18117819245
2011-01-10,116498.76020016128
2011-01-11,117140.5493027156
2011-01-12,119382.25996845658
2011-01-13,121454.7010695308
2011-01-14,122406.41112392838
2011-01-18,123393.92829960282
2011-01-19,119973.05378597672
2011-01-20,117383.44860714371
2011-01-21,116950.93661564286
2011-01-24,117708.97717922623
2011-01-25,117044.41517981887
2011-01-26,119119.16369971633
2011-01-27,119622.77216491103
2011-01-28,115969.36840209365
2011-01-31,116600.04863577113
2011-02-01,119865.43794851527
2011-02-02,118655.19277219997
2011-02-03,118916.14004163966
2011-02-04,119636.5728602011
2011-02-07,123078.4435858328
2011-02-08,123761.72540613005
2011-02-09,123787.10592790434
2011-02-10,125067.46223588774
2011-02-11,125198.2285379965
2011-02-14,125409.94506975004
2011-02-15,124915.13794656584
2011-02-16,125899.24839906264
2011-02-17,126386.01813439894
2011-02-18,126044.68311624098
2011-02-22,121516.87963227797
2011-02-23,118131.96227197218
2011-02-24,118826.94581945929
2011-02-25,121252.65596194525
2011-02-28,121192.7428741004
2011-03-01,118670.78511042852
2011-03-02,119368.25322909612
2011-03-03,122862.93336100836
2011-03-04,123151.98278041143
2011-03-07,121468.6382112052
2011-03-08,122045.69724681159
2011-03-09,120696.86807372351
2011-03-10,117840.37514434244
2011-03-11,119045.34888495828
2011-03-14,117702.61064280893
2011-03-15,116844.99144782449
2011-03-16,114286.34420632148
2011-03-17,115922.04173539793
2011-03-18,116769.55790059357
2011-03-21,118530.26071530301
2011-03-22,117381.66527348477
2011-03-23,117453.27114563901
2011-03-24,118603.74749451596
2011-03-25,118988.12554722745
2011-03-28,119022.96198731381
2011-03-29,121018.09604149777
2011-03-30,121869.85297375638
2011-03-31,121531.70166855771
2011-04-01,122308.64269810636
2011-04-04,122100.96946888883
2011-04-05,122574.97029667813
2011-04-06,121677.35015755612
2011-04-07,121160.34373169858
2011-04-08,120919.09116822202
2011-04-11,117508.21991711576
2011-04-12,116479.05145295103
2011-04-13,117204.20086727536
2011-04-14,116512.13544521725
2011-04-15,118115.1784715035
2011-04-18,115843.00802701498
2011-04-19,115613.47225579442
2011-04-20,118384.09706578297
2011-04-21,119562.03921494527
2011-04-25,119320.39021668477
2011-04-26,117660.87151703877
2011-04-27,118056.95020225178
2011-04-28,118018.38191249501
2011-04-29,117984.10267379414
2011-05-02,116131.78828361165
2011-05-03,115058.73000121725
2011-05-04,113114.55828736252
2011-05-05,112567.91686573929
2011-05-06,112751.960300955
2011-05-09,114004.9954686491
2011-05-10,115920.16152432842
2011-05-11,114096.15964940471
2011-05-12,115465.52278188152
2011-05-13,114365.497492346
2011-05-16,113252.88239339275
2011-05-17,112681.53223660869
2011-05-18,114458.28930715007
2011-05-19,114733.12489862445
2011-05-20,113260.56861324313
2011-05-23,111214.52120513919
2011-05-24,110495.64099092486
2011-05-25,110713.07139374576
2011-05-26,112429.70524575077
2011-05-27,113077.54320313297
2011-05-31,113670.32700516544
2011-06-01,111638.3136651691
2011-06-02,110326.72685791813
2011-06-03,108260.70823699332
2011-06-06,106936.14641642448
2011-06-07,107467.27964478168
2011-06-08,106131.11613201596
2011-06-09,106546.18584852779
2011-06-10,104811.2881644305
2011-06-13,104744.93628155484
2011-06-14,106252.27832543149
2011-06-15,104472.92036663785
2011-06-16,103268.20652043118
2011-06-17,103265.33706527771
2011-06-20,104393.66538581908
2011-06-21,105710.25785837234
2011-06-22,104986.23451767028
2011-06-23,104226.05342588485
2011-06-24,104158.3910323149
2011-06-27,105109.29707720823
2011-06-28,107570.25259066201
2011-06-29,107868.70527649499
2011-06-30,108367.54999209024
2011-07-01,110750.87654435058
2011-07-05,111094.5308016481
2011-07-06,111310.90127026459
2011-07-07,111209.53743922134
2011-07-08,110545.25597224136
2011-07-11,108071.45324215789
2011-07-12,107753.22374710937
2011-07-13,108209.61457095046
2011-07-14,107915.2548178186
2011-07-15,107778.22953925033
2011-07-18,107021.27180132766
2011-07-19,108761.71460614105
2011-07-20,108302.6095937097
2011-07-21,109585.84314761519
2011-07-22,109267.16120801329
2011-07-25,109066.49470792174
2011-07-26,107976.81763979455
2011-07-27,105161.2790784504
2011-07-28,104692.00406786005
2011-07-29,105003.36356136331
2011-08-01,105722.70935845048
2011-08-02,102209.42035603196
2011-08-03,102635.5616962877
2011-08-04,97524.42012047695
2011-08-05,97434.40899040227
2011-08-08,95863.0507958878
2011-08-09,96204.91255776482
2011-08-10,96204.91255776482
2011-08-11,96204.91255776482
2011-08-12,96204.91255776482
2011-08-15,96204.91255776482
2011-08-16,96204.91255776482
2011-08-17,96204.91255776482
2011-08-18,96204.91255776482
2011-08-19,96204.91255776482
2011-08-22,96204.91255776482
2011-08-23,96204.91255776482
2011-08-24,96204.91255776482
2011-08-25,96204.91255776482
2011-08-26,96204.91255776482
2011-08-29,96204.91255776482
2011-08-30,96204.91255776482
2011-08-31,96204.91255776482
2011-09-01,96204.91255776482
2011-09-02,96204.91255776482
2011-09-06,96204.91255776482
2011-09-07,96204.91255776482
2011-09-08,96204.91255776482
2011-09-09,96204.91255776482
2011-09-12,96204.91255776482
2011-09-13,96204.91255776482
2011-09-14,96204.91255776482
2011-09-15,96204.91255776482
2011-09-16,96204.91255776482
2011-09-19,96204.91255776482
2011-09-20,96204.91255776482
2011-09-21,96204.91255776482
2011-09-22,96204.91255776482
2011-09-23,96204.91255776482
2011-09-26,96204.91255776482
2011-09-27,96204.91255776482
2011-09-28,96204.91255776482
2011-09-29,96204.91255776482
2011-09-30,96204.91255776482
2011-10-03,96204.91255776482
2011-10-04,96204.91255776482
2011-10-05,96204.91255776482
2011-10-06,96204.91255776482
2011-10-07,96204.91255776482
2011-10-10,96204.91255776482
2011-10-11,96204.91255776482
2011-10-12,96204.91255776482
2011-10-13,96204.91255776482
2011-10-14,96204.91255776482
2011-10-17,96204.91255776482
2011-10-18,96204.91255776482
2011-10-19,96204.91255776482
2011-10-20,96204.91255776482
2011-10-21,96204.91255776482
2011-10-24,96204.91255776482
2011-10-25,96204.91255776482
2011-10-26,96204.91255776482
2011-10-27,96204.91255776482
2011-10-28,96204.91255776482
2011-10-31,96156.96255776483
2011-11-01,95756.87742135125
2011-11-02,95834.96613595086
2011-11-03,96113.52929207879
2011-11-04,96086.62904641229
2011-11-07,96131.9605054577
2011-11-08,96370.17557808953
2011-11-09,95638.03387307245
2011-11-10,95837.21021460611
2011-11-11,97223.1428174885
2011-11-14,96369.88895373422
2011-11-15,97466.19378762323
2011-11-16,95432.12345604974
2011-11-17,94385.15523390847
2011-11-18,94733.28169541436
2011-11-21,93023.85897927362
2011-11-22,92558.2487739306
2011-11-23,91493.30339562707
2011-11-25,91038.29903542809
2011-11-28,93232.84304845147
2011-11-29,93811.88449990563
2011-11-30,96200.57865893655
2011-12-01,96437.94616114907
2011-12-02,96766.96355354448
2011-12-05,96958.01178371569
2011-12-06,96803.40795353075
2011-12-07,96467.79649481631
2011-12-08,95157.62027487613
2011-12-09,95847.25769600726
2011-12-12,95079.07827696658
2011-12-13,93494.77375111438
2011-12-14,92432.86940834498
2011-12-15,92553.05552628778
2011-12-16,93283.03208115838
2011-12-19,92821.43948701165
2011-12-20,94453.63684087718
2011-12-21,93565.83872610057
2011-12-22,93497.62949399913
2011-12-23,94243.40075170482
2011-12-27,94477.48343643153
2011-12-28,93178.3818567654
2011-12-29,94535.86897787059
2011-12-30,93683.893111076
2012-01-03,93496.19960435832
2012-01-04,93311.89577945674
2012-01-05,94043.66846641505
2012-01-06,93869.53673776591
2012-01-09,94578.68103822673
2012-01-10,95750.86308416331
2012-01-11,95346.90121683085
2012-01-12,95577.60537513698
2012-01-13,95623.11332639659
2012-01-17,96546.01095994914
2012-01-18,97400.68523820842
2012-01-19,97309.93405404603
2012-01-20,96687.32702012574
2012-01-23,95900.36649747407
2012-01-24,96264.71865983521
2012-01-25,96757.14909310853
2012-01-26,96175.58630128419
2012-01-27,96370.10685296368
2012-01-30,96016.08506532025
2012-01-31,95311.94683881116
2012-02-01,97195.84580657908
2012-02-02,97629.06101940104
2012-02-03,98736.1760582728
2012-02-06,98506.64337680765
2012-02-07,98711.80809734293
2012-02-08,98821.1800017161
2012-02-09,99434.10808036753
2012-02-10,98738.49727337832
2012-02-13,99017.91936555582
2012-02-14,99468.0484201411
2012-02-15,97903.76535140788
2012-02-16,98982.2415162257
2012-02-17,98665.16990863597
2012-02-21,98343.28525268352
2012-02-22,98235.15082847392
2012-02-23,98450.3817380329
2012-02-24,98782.24712022742
2012-02-27,98955.8049386402
2012-02-28,98903.13301717718
2012-02-29,97695.39364206274
2012-03-01,98461.77640718421
2012-03-02,98189.27211755714
2012-03-05,97900.01523775062
2012-03-06,96286.57226096634
2012-03-07,97301.15689429491
2012-03-08,99085.18951949327
2012-03-09,100166.25312194078
2012-03-12,99670.39499816149
2012-03-13,101208.56436404436
2012-03-14,100794.57643470018
2012-03-15,101388.04567634873
2012-03-16,100566.28308403306
2012-03-19,100845.80650627427
2012-03-20,100401.94069969468
2012-03-21,101219.45302116685
2012-03-22,101384.90123665147
2012-03-23,101642.0864850264
2012-03-26,103055.7121983748
2012-03-27,102930.8361693602
2012-03-28,102405.34256470017
2012-03-29,102339.44326412492
2012-03-30,102186.10261547379
2012-04-02,103641.13539230637
2012-04-03,103372.5377055388
2012-04-04,101990.2763692122
2012-04-05,101921.88038360886
2012-04-09,100607.2866392452
2012-04-10,98221.25221875342
2012-04-11,100201.35805714759
2012-04-12,101354.66355908546
2012-04-13,101278.15421212348
2012-04-16,101072.29268372688
2012-04-17,101886.72322953376
2012-04-18,102155.19037449989
2012-04-19,100911.88892758521
2012-04-20,101529.9194159809
2012-04-23,100539.04884007605
2012-04-24,99882.40368416937
2012-04-25,101419.70887875708
2012-04-26,101414.18880677375
2012-04-27,101525.82383839728
2012-04-30,101220.84265937422
2012-05-01,101973.48615493391
2012-05-02,102649.56127872084
2012-05-03,100729.32874812697
2012-05-04,99457.36621123669
2012-05-07,99595.80285166836
2012-05-08,99126.9625682745
2012-05-09,98495.89800296491
2012-05-10,99623.99722472792
2012-05-11,99456.800134579
2012-05-14,98265.3351906932
2012-05-15,98658.83215610152
2012-05-16,98085.39281760444
2012-05-17,95217.92422771019
2012-05-18,94157.3066541222
2012-05-21,95547.01990382429
2012-05-22,95835.79421202894
2012-05-23,95901.2205626225
2012-05-24,96524.88475100751
2012-05-25,96392.48932330366
2012-05-29,97208.2906414723
2012-05-30,96380.17403344419
2012-05-31,96219.40219430234
2012-06-01,93029.12818745877
2012-06-04,92944.71768988585
2012-06-05,93718.41338341434
2012-06-06,95183.75499146183
2012-06-07,94649.61211960514
2012-06-08,95997.47752564152
2012-06-11,94446.97653668125
2012-06-12,95026.09905533772
2012-06-13,94642.38716988545
2012-06-14,96270.608855295
2012-06-15,96767.91637806874
2012-06-18,98107.17859177571
2012-06-19,98203.96100907307
2012-06-20,97716.20716004353
2012-06-21,96709.08319287281
2012-06-22,96687.70214657765
2012-06-25,95712.58452897053
2012-06-26,96122.94365657184
2012-06-27,96782.54947532031
2012-06-28,95843.10158885333
2012-06-29,97589.57669152741
2012-07-02,98829.58392991548
2012-07-03,99284.81961526399
2012-07-05,99499.83143891816
2012-07-06,99676.22187127595
2012-07-09,98818.95341958528
2012-07-10,97829.43894280915
2012-07-11,97263.79475190643
2012-07-12,97766.66214518236
2012-07-13,99126.8500075786
2012-07-16,98451.59201578783
2012-07-17,98923.14131693529
2012-07-18,98092.53902010607
2012-07-19,96502.48933803798
2012-07-20,95788.8579793191
2012-07-23,95109.05028266458
2012-07-24,94340.695385049
2012-07-25,94041.27465827287
2012-07-26,95351.40614707292
2012-07-27,96590.35128791154
2012-07-30,96236.28742034257
2012-07-31,95281.8775826198
2012-08-01,94457.54181678117
2012-08-02,92287.65138985078
2012-08-03,93533.88961906832
2012-08-06,93111.94975014131
2012-08-07,93050.22748680513
2012-08-08,92984.36797352236
2012-08-09,92918.95119591158
2012-08-10,92727.95807094972
2012-08-13,92553.38775654238
2012-08-14,92579.68212147157
2012-08-15,92447.72396649909
2012-08-16,93104.58610166173
2012-08-17,93768.2040664063
2012-08-20,93103.0601140366
2012-08-21,92721.36495984654
2012-08-22,92879.73999389142
2012-08-23,91931.52225287884
2012-08-24,92848.70777976482
2012-08-27,92733.88329976673
2012-08-28,92766.98898595448
2012-08-29,93093.63355153675
2012-08-30,92352.19724744435
2012-08-31,92842.65099424
2012-09-04,93541.93007749195
2012-09-05,93260.06120771046
2012-09-06,94991.23759931202
2012-09-07,94471.23060887928
2012-09-10,93679.03495114918
2012-09-11,93160.4745764997
2012-09-12,94103.86278870369
2012-09-13,95270.50234191086
2012-09-14,96199.52813117173
2012-09-17,95322.32273888616
2012-09-18,94652.56224465398
2012-09-19,95320.3542087884
2012-09-20,95486.8512047143
2012-09-21,95910.63695989053
2012-09-24,94785.18983540933
2012-09-25,93303.09187398355
2012-09-26,91661.49140530854
2012-09-27,92975.39691193608
2012-09-28,93230.03715355901
2012-10-01,93731.94167073278
2012-10-02,93376.61141427068
2012-10-03,114020.64258893041
2012-10-04,110261.22453625707
2012-10-05,108670.19301255254
2012-10-08,106642.71316082982
2012-10-09,103355.61224968938
2012-10-10,102603.6116950906
2012-10-11,101300.96852759487
2012-10-12,98660.299744407
2012-10-15,100323.19062323697
2012-10-16,101493.47383208401
2012-10-17,102588.0598477853
2012-10-18,102363.79648585446
2012-10-19,100874.54386141902
2012-10-22,100035.76476767665
2012-10-23,98125.21308138972
2012-10-24,98496.36113742
2012-10-25,96041.2163315118
2012-10-26,95991.52339665401
2012-10-31,95838.47826687801
2012-11-01,98273.39088932979
2012-11-02,96260.18628518093
2012-11-05,97341.71682151123
2012-11-06,97887.04877265259
2012-11-07,96187.24136050507
2012-11-08,94661.73913692257
2012-11-09,94636.17134307644
2012-11-12,94897.87337993404
2012-11-13,94032.37328300258
2012-11-14,91719.45917353423
2012-11-15,91789.7169188437
2012-11-16,91932.34355901269
2012-11-19,92957.77047322778
2012-11-20,93055.28567372827
2012-11-21,93379.14485569509
2012-11-23,94322.65473862203
2012-11-26,94367.75732059988
2012-11-27,93315.79710377248
2012-11-28,93770.72754181417
2012-11-29,94258.5565899709
2012-11-30,93858.68147743733
2012-12-03,93883.06544876608
2012-12-04,93304.48454094442
2012-12-05,92511.75210667166
2012-12-06,92860.4849653295
2012-12-07,92434.16594982657
2012-12-10,92873.71587276968
2012-12-11,92811.23792362722
2012-12-12,93064.07835388693
2012-12-13,92790.08890589538
2012-12-14,93132.85991614757
2012-12-17,94176.65086120067
2012-12-18,95630.7154211372
2012-12-19,95580.20213454662
2012-12-20,95010.55471747814
2012-12-21,94371.35528138134
2012-12-24,94504.03555253003
2012-12-26,93945.45036843274
2012-12-27,93774.8805251405
2012-12-28,93205.54437783215
2012-12-31,94642.08864167187
2013-01-02,97682.61116745922
2013-01-03,97782.52173951123
2013-01-04,98556.49553063366
2013-01-07,98245.6468558595
2013-01-08,98052.9789538667
2013-01-09,99030.72976639721
2013-01-10,99050.84455063794
2013-01-11,99192.91245797131
2013-01-14,99264.54996636364
2013-01-15,99971.9394564912
2013-01-16,99746.52013040944
2013-01-17,100782.06878496571
2013-01-18,101455.59654833241
2013-01-22,102291.1401598589
2013-01-23,102311.36189104481
2013-01-24,102617.53173853322
2013-01-25,103163.7353534899
2013-01-28,102793.93510248282
2013-01-29,103574.83779146292
2013-01-30,102617.93451883414
2013-01-31,102214.52286913016
2013-02-01,103521.96369745352
2013-02-04,101454.60116006949
2013-02-05,102409.46492619808
2013-02-06,102796.44140668209
2013-02-07,102185.798609212
2013-02-08,102575.25356977448
2013-02-11,102703.09427278503
2013-02-12,102816.85815828308
2013-02-13,103316.50080745682
2013-02-14,102981.43093460068
2013-02-15,102361.14522855743
2013-02-19,102852.31828515991
2013-02-20,100205.5354395865
2013-02-21,98025.85329949042
2013-02-22,98834.19505053255
2013-02-25,96914.57469588015
2013-02-26,97420.17737274859
2013-02-27,99128.07935362551
2013-02-28,99340.95957651643
2013-03-01,100400.3523263028
2013-03-04,100761.35143414048
2013-03-05,101718.91529503373
2013-03-06,101831.87772598771
2013-03-07,102004.73198357133
2013-03-08,102658.22797575501
2013-03-11,102092.80248919038
2013-03-12,102182.56195536164
2013-03-13,101569.98939075974
2013-03-14,102521.19380178956
2013-03-15,101665.1858858159
2013-03-18,100754.37052214069
2013-03-19,101848.18414747638
2013-03-20,102918.23210251254
2013-03-21,105015.13432281894
2013-03-22,104922.26965467853
2013-03-25,105622.95335237903
2013-03-26,106030.69572393817
2013-03-27,105749.39898638171
2013-03-28,105965.23067907733
2013-04-01,105198.91700597928
2013-04-02,104988.27105804608
2013-04-03,102828.81003566907
2013-04-04,103194.4526447615
2013-04-05,103158.94123214096
2013-04-08,104381.1762646994
2013-04-09,104252.63095361085
2013-04-10,104871.61153523774
2013-04-11,109106.90827947692
2013-04-12,108357.96320062713
2013-04-15,105137.59498697356
2013-04-16,106570.58330827788
2013-04-17,105121.61934953765
2013-04-18,105185.75729662017
2013-04-19,106214.54079439238
2013-04-22,107213.16922380522
2013-04-23,108715.39825287249
2013-04-24,108671.18847122576
2013-04-25,108904.96648254778
2013-04-26,108914.44282379534
2013-04-29,109155.7190774956
2013-04-30,109240.98847332384
2013-05-01,106973.55289879229
2013-05-02,108468.17784545672
2013-05-03,110321.38953540576
2013-05-06,110630.06293342364
2013-05-07,111498.59517590556
2013-05-08,111473.75070683513
2013-05-09,111442.80636612925
2013-05-10,112465.016273661
2013-05-13,113172.81629197154
2013-05-14,114926.38432042155
2013-05-15,115073.76009575877
2013-05-16,113905.5364247993
2013-05-17,114975.59545056376
2013-05-20,115137.69662301097
2013-05-21,115356.02655713115
2013-05-22,114164.23740784678
2013-05-23,114530.21817605052
2013-05-24,114713.83383099589
2013-05-28,115999.99699036632
2013-05-29,114177.5573074058
2013-05-30,114870.01273837553
2013-05-31,113305.4913255261
2013-06-03,114102.30387511717
2013-06-04,113790.03132673135
2013-06-05,112349.52108331551
2013-06-06,115106.0029690148
2013-06-07,116147.156044233
2013-06-10,118509.85279383285
2013-06-11,116670.53587450607
2013-06-12,114593.39312758071
2013-06-13,117040.02353205306
2013-06-14,116737.54511465652
2013-06-17,117427.48728766067
2013-06-18,117650.26739897353
2013-06-19,115671.12645283961
2013-06-20,112038.55205575252
2013-06-21,112496.39028337268
2013-06-24,109744.28518884916
2013-06-25,109652.3302812834
2013-06-26,111649.02638724043
2013-06-27,113961.08828070357
2013-06-28,113356.38696821882
2013-07-01,114804.04559286787
2013-07-02,114664.73211821272
2013-07-03,115126.73516615584
2013-07-05,116676.91084440901
2013-07-08,117011.80899580671
2013-07-09,117518.35782965376
2013-07-10,117273.21201475813
2013-07-11,118810.39012678816
2013-07-12,119428.43413504316
2013-07-15,121214.09230192854
2013-07-16,120406.2564292784
2013-07-17,120717.78805693342
2013-07-18,121689.64295774394
2013-07-19,121544.75848394328
2013-07-22,121910.33996015483
2013-07-23,120611.44280439311
2013-07-24,119752.92802053386
2013-07-25,121145.01609235698
2013-07-26,120698.46112829143
2013-07-29,120834.53956037456
2013-07-30,121086.01248937541
2013-07-31,121830.6865521043
2013-08-01,123525.23010068828
2013-08-02,124103.64596754008
2013-08-05,124816.34495740825
2013-08-06,123788.8448811143
2013-08-07,122405.16904050761
2013-08-08,122544.41748601847
2013-08-09,123297.28011495524
2013-08-12,122925.02150899821
2013-08-13,123516.83514387064
2013-08-14,123700.4389246171
2013-08-15,121396.2286852067
2013-08-16,121178.34226400309
2013-08-19,120751.66009694987
2013-08-20,123612.73653776103
2013-08-21,123239.01608989699
2013-08-22,125126.67320583327
2013-08-23,125084.21949146254
2013-08-26,125687.02890155776
2013-08-27,122139.9874014662
2013-08-28,122674.02201693112
2013-08-29,123384.79062525327
2013-08-30,121973.22852007444
2013-09-03,123724.08228365476
2013-09-04,124301.25809775628
2013-09-05,125791.1381131295
2013-09-06,125135.28214751519
2013-09-09,127579.10929833687
2013-09-10,128823.73333083428
2013-09-11,129232.15563260354
2013-09-12,128694.85971556939
2013-09-13,130525.63153992928
2013-09-16,131238.93070279396
2013-09-17,132614.56869326867
2013-09-18,132487.13838540352
2013-09-19,132883.11193810738
2013-09-20,131770.22898780144
2013-09-23,131664.58379762745
2013-09-24,132198.44401615238
2013-09-25,132221.28871553516
2013-09-26,134916.01667183018
2013-09-27,133885.82020490742
2013-09-30,134856.16392582035
2013-10-01,136979.01014869785
2013-10-02,137750.33547323322
2013-10-03,137017.32043998814
2013-10-04,138816.405467206
2013-10-07,136363.65880268192
2013-10-08,130857.28904484752
2013-10-09,127709.64379691127
2013-10-10,131511.18498557096
2013-10-11,131933.42184966092
2013-10-14,134260.79824011808
2013-10-15,133996.55622570997
2013-10-16,137150.9037875462
2013-10-17,137892.48169463163
2013-10-18,138691.08333306006
2013-10-21,138348.825886771
2013-10-22,139221.90074257544
2013-10-23,137754.48934654883
2013-10-24,137009.90020088843
2013-10-25,135623.36682085684
2013-10-28,135325.01198248556
2013-10-29,135046.58154778174
2013-10-30,133824.15486222378
2013-10-31,134001.63086205593
2013-11-01,132599.74123793712
2013-11-04,134526.1707392799
2013-11-05,134572.77846966856
2013-11-06,130908.76559935682
2013-11-07,129500.92049111478
2013-11-08,134349.38496572812
2013-11-11,135029.49143389065
2013-11-12,135051.76828649838
2013-11-13,137841.36820486386
2013-11-14,137088.96357706387
2013-11-15,137938.0419500192
2013-11-18,135622.16378816921
2013-11-19,132949.87971628507
2013-11-20,132563.8552376315
2013-11-21,134965.61898730733
2013-11-22,136489.9572765682
2013-11-25,136053.49714587667
2013-11-26,137376.12773440816
2013-11-27,137145.7721340511
2013-11-29,136374.04853270986
2013-12-02,135034.11120341756
2013-12-03,134567.63524745443
2013-12-04,133599.05358718373
2013-12-05,133582.47550700328
2013-12-06,134082.41281817577
2013-12-09,132320.65396407267
2013-12-10,132472.923330337
2013-12-11,130103.72318603286
2013-12-12,130516.82841748286
2013-12-13,129753.0456552923
2013-12-16,131546.10672981624
2013-12-17,130332.18447620752
2013-12-18,133962.08093864803
2013-12-19,134093.9548438299
2013-12-20,135032.335837673
2013-12-23,135519.36724884395
2013-12-24,135176.53460819606
2013-12-26,135886.39792950038
2013-12-27,134663.03025181178
2013-12-30,134314.14208919887
2013-12-31,134490.16254551295
2014-01-02,133862.48696476844
2014-01-03,134202.42000348
2014-01-06,133223.99135357764
2014-01-07,133720.8647021075
2014-01-08,134071.67507350643
2014-01-09,134829.00425327022
2014-01-10,135782.2856737109
2014-01-13,132884.63771686275
2014-01-14,135200.41224155147
2014-01-15,135224.35051212032
2014-01-16,134559.55837497432
2014-01-17,133077.23484500605
2014-01-21,135291.04999240595
2014-01-22,136680.42948993403
2014-01-23,135629.67192920405
2014-01-24,131075.44262103757
2014-01-27,129644.03011623399
2014-01-28,131587.1271835855
2014-01-29,130124.36689534698
2014-01-30,132191.6241642526
2014-01-31,132134.02074590238
2014-02-03,126775.54988256011
2014-02-04,127327.07295813157
2014-02-05,127224.76030935837
2014-02-06,128805.99014105393
2014-02-07,131063.64829458787
2014-02-10,130996.84351172044
2014-02-11,132394.69450201586
2014-02-12,133575.2764951189
2014-02-13,134438.79495443896
2014-02-14,133399.79326071337
2014-02-18,134637.33021635038
2014-02-19,132667.39426130278
2014-02-20,135112.26054853422
2014-02-21,134150.67176908476
2014-02-24,134519.46569913847
2014-02-25,134473.02050489408
2014-02-26,134437.47172636015
2014-02-27,135408.04898542387
2014-02-28,135262.0849313162
2014-03-03,134320.73905866608
2014-03-04,137980.8443557547
2014-03-05,137979.92254178986
2014-03-06,138233.81201856598
2014-03-07,137307.62160413727
2014-03-10,137286.27861707672
2014-03-11,136450.98320056518
2014-03-12,136480.39364673218
2014-03-13,134135.82682086548
2014-03-14,134046.9255643042
2014-03-17,135154.1334711035
2014-03-18,136605.21529635985
2014-03-19,135957.75062808592
2014-03-20,136041.61194476683
2014-03-21,133992.79371890624
2014-03-24,132462.6003107167
2014-03-25,132545.2544373036
2014-03-26,130982.98384556777
2014-03-27,130297.44743652148
2014-03-28,130969.43295211597
2014-03-31,132679.13792342946
2014-04-01,134320.5070144634
2014-04-02,135564.04428353347
2014-04-03,133873.46457399393
2014-04-04,131178.31545747782
2014-04-07,128610.69804094337
2014-04-08,129223.48747369059
2014-04-09,131181.21146507392
2014-04-10,128165.41747398504
2014-04-11,127329.91887016424
2014-04-14,127966.86861813886
2014-04-15,128931.75947042662
2014-04-16,130870.17501684386
2014-04-17,132400.09926458556
2014-04-21,133556.52584530253
2014-04-22,133854.92833782572
2014-04-23,133944.2169959678
2014-04-24,133906.0854423179
2014-04-25,132184.96120144267
2014-04-28,131359.70100094218
2014-04-29,132415.5285461082
2014-04-30,132465.57779209258
2014-05-01,133951.94740192534
2014-05-02,134115.39593021513
2014-05-05,133395.53644649626
2014-05-06,131646.7989866918
2014-05-07,132444.306947965
2014-05-08,130436.36069323476
2014-05-09,130275.11197115835
2014-05-12,133558.5287802404
2014-05-13,133979.16559817252
2014-05-14,132708.7158644384
2014-05-15,130782.8263189977
2014-05-16,132322.00204302726
2014-05-19,133498.51417376456
2014-05-20,132025.38131739554
2014-05-21,133573.53578593192
2014-05-22,133522.43379671988
2014-05-23,134096.07446261344
2014-05-27,134309.66246767936
2014-05-28,134261.25328417716
2014-05-29,135861.0026382877
2014-05-30,136154.19286961094
2014-06-02,136845.488836713
2014-06-03,137210.9458641483
2014-06-04,137716.2148128487
2014-06-05,138646.39191016924
2014-06-06,139906.29956779254
2014-06-09,139779.80609473956
2014-06-10,139827.90422019732
2014-06-11,138991.82588920367
2014-06-12,137892.79345283282
2014-06-13,138835.66300120455
2014-06-16,139140.0354005347
2014-06-17,140301.26495757204
2014-06-18,141109.73982920748
2014-06-19,142664.51858534914
2014-06-20,143099.02531447512
2014-06-23,143036.9353600989
2014-06-24,140700.25331988436
2014-06-25,141629.95495524508
2014-06-26,141516.49128642183
2014-06-27,142065.43305983645
2014-06-30,143171.7957898627
2014-07-01,144212.828532363
2014-07-02,144306.8352939139
2014-07-03,145014.10003771883
2014-07-07,144221.2612344275
2014-07-08,142709.0693751822
2014-07-09,144514.0300752173
2014-07-10,143467.13981663674
2014-07-11,143616.24843441934
2014-07-14,144576.11615311593
2014-07-15,143520.58703648538
2014-07-16,144558.8960078904
2014-07-17,142439.22234475106
2014-07-18,144136.79422835048
2014-07-21,144293.99451330837
2014-07-22,144908.94318751033
2014-07-23,144379.77486208614
2014-07-24,143669.34452513393
2014-07-25,141522.3630960339
2014-07-28,140528.36534082747
2014-07-29,139557.57758676863
2014-07-30,139250.0548149333
2014-07-31,135826.17882170939
2014-08-01,135010.04411907925
2014-08-04,136977.3981821133
2014-08-05,135978.63145561947
2014-08-06,135516.0662033154
2014-08-07,134939.4114906384
2014-08-08,135806.87922592892
2014-08-11,137645.48482056393
2014-08-12,137339.69946404232
2014-08-13,139401.46387024655
2014-08-14,139316.3262884213
2014-08-15,139959.53653594584
2014-08-18,142134.18384429545
2014-08-19,142542.91383048624
2014-08-20,142956.63274356455
2014-08-21,141037.96416255564
2014-08-22,141417.6419388923
2014-08-25,140728.75858947367
2014-08-26,140559.1817071113
2014-08-27,142375.39630862803
2014-08-28,143350.3206240806
2014-08-29,144015.5257893333
2014-09-02,144710.90791995617
2014-09-03,145563.4908638725
2014-09-04,145711.36669452282
2014-09-05,146388.35517413708
2014-09-08,146211.43181903454
2014-09-09,145343.893730236
2014-09-10,144834.17043788524
2014-09-11,144476.16485750687
2014-09-12,142176.8275743724
2014-09-15,140512.03065487024
2014-09-16,141547.11447558802
2014-09-17,143339.2492087881
2014-09-18,145020.38472590846
2014-09-19,142818.97089133662
2014-09-22,140808.59492568416
2014-09-23,139876.59010199946
2014-09-24,141094.48381785792
2014-09-25,138533.92758063716
2014-09-26,139980.52846141258
2014-09-29,139711.51628394524
2014-09-30,138514.30239100853
2014-10-01,134017.389278224
2014-10-02,134246.58721439648
2014-10-03,136106.59605305005
2014-10-06,134892.46006949502
2014-10-07,132512.06646833365
2014-10-08,133570.08048063223
2014-10-09,130910.24685102409
2014-10-10,128961.41413121205
2014-10-13,127477.1827090929
2014-10-14,127341.23743081072
2014-10-15,126728.33299851397
2014-10-16,123958.73551011065
2014-10-17,124904.81171569841
2014-10-20,126629.74122472218
2014-10-21,128789.87192578724
2014-10-22,128939.54021306447
2014-10-23,129767.6692184966
2014-10-24,131541.48524983815
2014-10-27,131685.2732671111
2014-10-28,133667.1723950713
2014-10-29,133500.63544782094
2014-10-30,133674.52515920094
2014-10-31,134923.67514165334
2014-11-03,134591.2163556426
2014-11-04,135093.06070836476
2014-11-05,134996.14497502736
2014-11-06,136343.35234754017
2014-11-07,135854.0333866637
2014-11-10,137276.0291351073
2014-11-11,138080.15885495595
2014-11-12,138486.98543881826
2014-11-13,137724.36485711506
2014-11-14,136117.33654824665
2014-11-17,136338.75740090778
2014-11-18,137653.4753774779
2014-11-19,137373.5692466872
2014-11-20,136956.51079884937
2014-11-21,136524.51170960834
2014-11-24,138485.85488358905
2014-11-25,138230.77785340717
2014-11-26,139032.0133861678
2014-11-28,139889.35432664325
2014-12-01,139258.5459951537
2014-12-02,140255.66224342486
2014-12-03,140400.5776771941
2014-12-04,139705.97148174426
2014-12-05,140248.1365456023
2014-12-08,140574.91253894946
2014-12-09,141055.9325851836
2014-12-10,138337.99330433772
2014-12-11,140086.76448513177
2014-12-12,138717.35025287775
2014-12-15,137278.1770503631
2014-12-16,136528.98974491266
2014-12-17,139886.8043829742
2014-12-18,142611.09496563105
2014-12-19,143168.93748790308
2014-12-22,142787.24529201075
2014-12-23,141592.60747081324
2014-12-24,142152.05668361566
2014-12-26,142411.17740734003
2014-12-29,142301.9257937231
2014-12-30,141212.7903147497
2014-12-31,140143.35180385492
2015-01-02,139973.76012142084
2015-01-05,139831.37017162226
2015-01-06,139356.52687938593
2015-01-07,141615.97903163813
2015-01-08,144023.71411998651
2015-01-09,142575.6883211889
2015-01-12,141461.93184764765
2015-01-13,142709.86491496942
2015-01-14,143125.307183341
2015-01-15,142126.5517359533
2015-01-16,143816.89787952806
2015-01-20,143809.88646976853
2015-01-21,143663.43720905686
2015-01-22,145112.19716541673
2015-01-23,145149.00238315965
2015-01-26,146310.2792978325
2015-01-27,145157.602375988
2015-01-28,143740.47942829513
2015-01-29,145148.0241327324
2015-01-30,143340.01661991503
2015-02-02,142937.88767933275
2015-02-03,143487.58281254198
2015-02-04,143755.17064045335
2015-02-05,144501.4509596672
2015-02-06,144086.0447287407
2015-02-09,142884.0818382683
2015-02-10,145603.5036980095
2015-02-11,145818.01762546922
2015-02-12,146530.2424179497
2015-02-13,146564.64562763597
2015-02-17,147228.8590370598
2015-02-18,148306.83367313768
2015-02-19,148910.37525333787
2015-02-20,149780.55581091577
2015-02-23,150309.4858875149
2015-02-24,151121.12433272056
2015-02-25,151593.22441511802
2015-02-26,152011.67655211143
2015-02-27,154194.2881224697
2015-03-02,155345.84708532982
2015-03-03,153887.64806303673
2015-03-04,153390.33416685753
2015-03-05,154649.6544249981
2015-03-06,152516.62313135795
2015-03-09,153207.27488615684
2015-03-10,153707.871815707
2015-03-11,154321.13544466667
2015-03-12,154222.70749476127
2015-03-13,154491.03646376304
2015-03-16,156488.63404158287
2015-03-17,156264.58252504998
2015-03-18,156305.14259031945
2015-03-19,156933.33574560814
2015-03-20,158029.48760679894
2015-03-23,158424.8071897381
2015-03-24,157943.64193705254
2015-03-25,154925.38495901757
2015-03-26,154649.97398356133
2015-03-27,155817.5458232157
2015-03-30,157112.99869835304
2015-03-31,156128.79724311552
2015-04-01,154850.43261909208
2015-04-02,155011.881993291
2015-04-06,154154.0352907153
2015-04-07,153921.7285432788
2015-04-08,156164.6383907721
2015-04-09,156142.13691925263
2015-04-10,157150.88501762605
2015-04-13,157718.4596311972
2015-04-14,156113.62148594117
2015-04-15,155916.27054428315
2015-04-16,156229.18898732262
2015-04-17,154052.23775822716
2015-04-20,155279.61781987268
2015-04-21,156705.58776196558
2015-04-22,156236.7858878048
2015-04-23,157615.57736882288
2015-04-24,157175.87068280298
2015-04-27,153696.87452992518
2015-04-28,152741.53450667672
2015-04-29,151190.2756699305
2015-04-30,147374.41818807216
2015-05-01,148956.10608860402
2015-05-04,149985.39413257985
2015-05-05,147891.30936809926
2015-05-06,148651.2347278252
2015-05-07,150315.61876102834
2015-05-08,150278.03013616533
2015-05-11,150480.31931600542
2015-05-12,150287.21863744705
2015-05-13,150141.41594884841
2015-05-14,151628.35254476516
2015-05-15,151273.59487768143
2015-05-18,152607.14239164322
2015-05-19,152729.5663914296
2015-05-20,154545.20715543718
2015-05-21,154182.02800008745
2015-05-22,154106.51821920366
2015-05-26,152228.73756429643
2015-05-27,154294.30220624895
2015-05-28,154449.0882627675
2015-05-29,154350.96725294084
2015-06-01,153742.14534276933
2015-06-02,153668.08237928362
2015-06-03,155155.69186490984
2015-06-04,153540.21902936907
2015-06-05,154414.0234670064
2015-06-08,153165.00003904314
2015-06-09,152457.30546128182
2015-06-10,154429.66534943492
2015-06-11,154636.7530418505
2015-06-12,154576.6746936907
2015-06-15,154613.0937210192
2015-06-16,156385.48280297415
2015-06-17,157511.7390762438
2015-06-18,159248.01303635733
2015-06-19,158732.47696648733
2015-06-22,159760.73164712088
2015-06-23,159670.17325364248
2015-06-24,157687.6407257189
2015-06-25,158260.32882271902
2015-06-26,158137.33873025078
2015-06-29,153521.16989365715
2015-06-30,155192.39174119133
2015-07-01,155945.296820537
2015-07-02,155337.51985444204
2015-07-06,154779.72049197365
2015-07-07,155058.5326082374
2015-07-08,152934.79352971568
2015-07-09,153942.1435397911
2015-07-10,156964.72110021592
2015-07-13,158854.94694555283
2015-07-14,159684.2756694603
2015-07-15,158127.7826904869
2015-07-16,159319.17533346175
2015-07-17,158974.12806173324
2015-07-20,159301.83407445907
2015-07-21,159020.04937597274
2015-07-22,161564.63543935775
2015-07-23,159203.30866476058
2015-07-24,160481.158823452
2015-07-27,158611.40249570846
2015-07-28,159527.3891862297
2015-07-29,158470.11447317124
2015-07-30,159605.01644506768
2015-07-31,160135.1350043328
2015-08-03,159637.14613561943
2015-08-04,160569.0224288018
2015-08-05,161649.83740263298
2015-08-06,157658.4346678765
2015-08-07,156016.78816252068
2015-08-10,157790.17897688225
2015-08-11,157304.05819403008
2015-08-12,156176.16006552055
2015-08-13,157253.20154653862
2015-08-14,157807.91665922478
2015-08-17,158233.11345754936
2015-08-18,157625.12863813713
2015-08-19,156529.26932607964
2015-08-20,152563.34713569176
2015-08-21,147357.79245948326
2015-08-24,139275.21838094783
2015-08-25,139560.06965410066
2015-08-26,139871.24786976087
2015-08-27,139871.24786976087
2015-08-28,139871.24786976087
2015-08-31,139871.24786976087
2015-09-01,139871.24786976087
2015-09-02,139871.24786976087
2015-09-03,139871.24786976087
2015-09-04,139871.24786976087
2015-09-08,139871.24786976087
2015-09-09,139871.24786976087
2015-09-10,139871.24786976087
2015-09-11,139871.24786976087
2015-09-14,139871.24786976087
2015-09-15,139871.24786976087
2015-09-16,139871.24786976087
2015-09-17,139871.24786976087
2015-09-18,139871.24786976087
2015-09-21,139871.24786976087
2015-09-22,139871.24786976087
2015-09-23,139871.24786976087
2015-09-24,139871.24786976087
2015-09-25,139871.24786976087
2015-09-28,139871.24786976087
2015-09-29,139871.24786976087
2015-09-30,139871.24786976087
2015-10-01,139871.24786976087
2015-10-02,139871.24786976087
2015-10-05,139871.24786976087
2015-10-06,139871.24786976087
2015-10-07,139871.24786976087
2015-10-08,139871.24786976087
2015-10-09,139871.24786976087
2015-10-12,139871.24786976087
2015-10-13,139871.24786976087
2015-10-14,139871.24786976087
2015-10-15,139871.24786976087
2015-10-16,139871.24786976087
2015-10-19,139871.24786976087
2015-10-20,139871.24786976087
2015-10-21,139871.24786976087
2015-10-22,139871.24786976087
2015-10-23,139871.24786976087
2015-10-26,139871.24786976087
2015-10-27,139766.3678697609
2015-10-28,140186.5204869484
2015-10-29,139609.93962955705
2015-10-30,138203.25751148452
2015-11-02,138954.95733486404
2015-11-03,138477.07197605362
2015-11-04,138231.2894511055
2015-11-05,138698.73865268935
2015-11-06,139659.09165523757
2015-11-09,138165.82330272903
2015-11-10,139670.75313518752
2015-11-11,140182.36914203872
2015-11-12,138142.70992801894
2015-11-13,136570.0089430641
2015-11-16,138072.79532573928
2015-11-17,139308.90439365615
2015-11-18,140264.5145201515
2015-11-19,140197.08661720116
2015-11-20,141626.19770118553
2015-11-23,142355.9159237657
2015-11-24,141250.25997512677
2015-11-25,141393.98500030377
2015-11-27,142040.66872756818
2015-11-30,140998.7971798692
2015-12-01,142064.82193725446
2015-12-02,141397.000861815
2015-12-03,139186.92088668683
2015-12-04,141883.68633359743
2015-12-07,141070.6926583655
2015-12-08,141153.7844399817
2015-12-09,138503.85398572756
2015-12-10,138767.93389982058
2015-12-11,136769.26761716677
2015-12-14,137133.3313312372
2015-12-15,137702.12122313323
2015-12-16,139276.8227651016
2015-12-17,138628.55233648221
2015-12-18,136963.1650760452
2015-12-21,138332.06551143993
2015-12-22,138810.9376981007
2015-12-23,139208.84175846446
2015-12-24,139432.97191784251
2015-12-28,140047.3322999226
2015-12-29,141160.34848734128
2015-12-30,140274.73646684873
2015-12-31,138562.64565988767
2016-01-04,135995.53284273372
2016-01-05,136897.4102088058
2016-01-06,136198.17232428433
2016-01-07,135514.39031706692
2016-01-08,134862.15738981575
2016-01-11,134997.17355049815
2016-01-12,135015.20079029672
2016-01-13,134545.26496494882
2016-01-14,134041.81107700936
2016-01-15,133779.47111118905
2016-01-19,134512.78850544564
2016-01-20,133816.69683827035
2016-01-21,133647.38482497167
2016-01-22,134194.54093764257
2016-01-25,134141.99154494237
2016-01-26,134155.37997267675
2016-01-27,133921.4771406455
2016-01-28,134509.85497878026
2016-01-29,134577.85635207128
2016-02-01,134771.5827314658
2016-02-02,134580.94842360448
2016-02-03,134363.5316755576
2016-02-04,134008.032804708
2016-02-05,133110.69540236425
2016-02-08,132826.849265868
2016-02-09,132826.849265868
2016-02-10,132826.849265868
2016-02-11,132826.849265868
2016-02-12,132826.849265868
2016-02-16,132826.849265868
2016-02-17,132826.849265868
2016-02-18,132826.849265868
2016-02-19,132826.849265868
2016-02-22,132826.849265868
2016-02-23,132826.849265868
2016-02-24,132826.849265868
2016-02-25,132826.849265868
2016-02-26,132826.849265868
2016-02-29,132826.849265868
2016-03-01,132826.849265868
2016-03-02,132826.849265868
2016-03-03,132826.849265868
2016-03-04,132826.849265868
2016-03-07,132826.849265868
2016-03-08,132826.849265868
2016-03-09,132826.849265868
2016-03-10,132826.849265868
2016-03-11,132826.849265868
2016-03-14,132694.289265868
2016-03-15,132137.09159527475
2016-03-16,132526.0666209095
2016-03-17,133341.5342455738
2016-03-18,132037.31552609138
2016-03-21,131756.52740391425
2016-03-22,131950.04236515693
2016-03-23,131772.08907993964
2016-03-24,132580.78400715522
2016-03-28,133089.63042553596
2016-03-29,135972.35823162727
2016-03-30,136394.6066561573
2016-03-31,135613.933291518
2016-04-01,136693.5140829914
2016-04-04,136467.91324719123
2016-04-05,134207.8712817066
2016-04-06,134882.046031081
2016-04-07,134082.11745556525
2016-04-08,134650.24674799162
2016-04-11,134587.89244463164
2016-04-12,134905.08650972563
2016-04-13,135671.60569765288
2016-04-14,135147.45897006962
2016-04-15,135757.69173908207
2016-04-18,136490.35207843754
2016-04-19,134843.35352992985
2016-04-20,133801.59736736273
2016-04-21,131429.05786617254
2016-04-22,131770.1968596775
2016-04-25,132294.42352135963
2016-04-26,133379.0035518009
2016-04-27,134219.47843774146
2016-04-28,132748.88187440223
2016-04-29,131522.48947366065
2016-05-02,132972.4515988285
2016-05-03,132032.56713265725
2016-05-04,131392.0196773655
2016-05-05,130031.51262608211
2016-05-06,131222.68423977535
2016-05-09,130362.9084905688
2016-05-10,131948.47174206417
2016-05-11,131276.82683697384
2016-05-12,131017.6080899493
2016-05-13,130555.15507748286
2016-05-16,131427.3915972377
2016-05-17,129262.35490175735
2016-05-18,128350.63703676712
2016-05-19,128166.0845446254
2016-05-20,129306.83830019485
2016-05-23,129196.72562166702
2016-05-24,131739.52914568436
2016-05-25,131464.85969110977
2016-05-26,132927.20012519066
2016-05-27,133025.43686530297
2016-05-31,133645.26617095177
2016-06-01,134802.0569290847
2016-06-02,135169.413312828
2016-06-03,136272.14313689416
2016-06-06,135967.8461264724
2016-06-07,136670.57042113488
2016-06-08,138420.16526023095
2016-06-09,138918.9874362413
2016-06-10,138409.97435373702
2016-06-13,137412.7992934648
2016-06-14,137810.51484484115
2016-06-15,137905.902831978
2016-06-16,138647.19190020004
2016-06-17,138180.9858169023
2016-06-20,138908.3373423306
2016-06-21,139250.46797282377
2016-06-22,138637.99668252046
2016-06-23,140222.77473198946
2016-06-24,139051.76348622167
2016-06-27,138624.52618534886
2016-06-28,139259.21318579413
2016-06-29,139878.07832007145
2016-06-30,142172.6416009779
2016-07-01,142076.607955348
2016-07-05,142713.7718881483
2016-07-06,143226.04439104747
2016-07-07,141311.48024691295
2016-07-08,142490.91347063732
2016-07-11,143191.85537661266
2016-07-12,142807.275092494
2016-07-13,143132.56260241222
2016-07-14,142651.91421068858
2016-07-15,142996.90378893566
2016-07-18,142579.10345781993
2016-07-19,142381.3908838148
2016-07-20,142656.8926996107
2016-07-21,142884.8297914381
2016-07-22,144228.07493532848
2016-07-25,144164.85752056885
2016-07-26,143928.82641552735
2016-07-27,142752.27742718506
2016-07-28,144344.04274700928
2016-07-29,144823.12385891724
2016-08-01,142531.56339978028
2016-08-02,139784.31048627556
2016-08-03,139509.88483332598
2016-08-04,139640.69093226397
2016-08-05,140302.9949261719
2016-08-08,140022.97531267675
2016-08-09,140051.32814368544
2016-08-10,138821.02124366103
2016-08-11,138583.44967917673
2016-08-12,139191.7969501423
2016-08-15,140422.4071910786
2016-08-16,138514.71027259104
2016-08-17,138223.5783842562
2016-08-18,139991.86337456686
2016-08-19,140387.80600152
2016-08-22,140381.74071869833
2016-08-23,140939.81642994864
2016-08-24,137863.78416523917
2016-08-25,138078.90629724434
2016-08-26,137999.61383584907
2016-08-29,138367.8408037315
2016-08-30,138465.63744292402
2016-08-31,137959.53505835676
2016-09-01,137832.36399397993
2016-09-02,139641.45502478743
2016-09-06,140030.72369034094
2016-09-07,138319.36087945467
2016-09-08,137640.24655121632
2016-09-09,133884.5333066637
2016-09-12,135420.3065601402
2016-09-13,133239.0233264976
2016-09-14,134622.9595085197
2016-09-15,137471.1662536674
2016-09-16,137140.30492744976
2016-09-19,137533.00921021038
2016-09-20,138317.43769608074
2016-09-21,140789.99712776716
2016-09-22,141254.38409637983
2016-09-23,139976.3904020744
2016-09-26,139141.18968796308
2016-09-27,139642.02653542097
2016-09-28,139905.9245780998
2016-09-29,137381.47795334394
2016-09-30,138535.39294281538
2016-10-03,138405.00906394416
2016-10-04,137380.12626803038
2016-10-05,138105.62674868223
2016-10-06,137395.4025417578
2016-10-07,136501.95464022277
2016-10-10,137937.05629713653
2016-10-11,135576.08201677917
2016-10-12,134107.0055540335
2016-10-13,132945.04786184905
2016-10-14,132926.2305581915
2016-10-17,132104.426653887
2016-10-18,132714.49465468046
2016-10-19,133649.23359970687
2016-10-20,132318.43470196365
2016-10-21,132404.05140785812
2016-10-24,131833.13461355804
2016-10-25,130227.19530968305
2016-10-26,128616.07837919505
2016-10-27,128314.70243702205
2016-10-28,128301.27746067317
2016-10-31,128564.57091247829
2016-11-01,127569.89405357631
2016-11-02,124742.22904932292
2016-11-03,125399.56724777118
2016-11-04,124605.43911567327
2016-11-07,127485.34620490667
2016-11-08,127019.79027164099
2016-11-09,129327.40182292578
2016-11-10,129618.77412593481
2016-11-11,131549.96196162817
2016-11-14,132009.5527476084
2016-11-15,132341.47022807715
2016-11-16,132368.2539004099
2016-11-17,135211.22947776434
2016-11-18,136220.08555495855
2016-11-21,137186.85547340033
2016-11-22,138594.49150741217
2016-11-23,139094.78381335852
2016-11-25,139026.68084132788
2016-11-28,137716.93132850097
2016-11-29,137960.21701213287
2016-11-30,136781.11174842285
2016-12-01,133111.01501914428
2016-12-02,133335.56357610848
2016-12-05,134375.89669603494
2016-12-06,135259.49352735665
2016-12-07,137561.69925626367
2016-12-08,138151.89011114335
2016-12-09,137833.96682149943
2016-12-12,136688.0341089445
2016-12-13,137815.5882690626
2016-12-14,136576.49933034953
2016-12-15,137787.07604391154
2016-12-16,136810.83174402293
2016-12-19,137230.74905569133
2016-12-20,138169.77516538676
2016-12-21,137752.16843121112
2016-12-22,137316.38172237933
2016-12-23,137392.508260656
2016-12-27,137577.89465420306
2016-12-28,136395.2785424477
2016-12-29,135679.97833530963
2016-12-30,134854.35282986224
2017-01-03,135738.48271207346
2017-01-04,137117.68223504556
2017-01-05,136163.26533345712
2017-01-06,135718.59345750345
2017-01-09,135972.8659871055
2017-01-10,137128.7731823937
2017-01-11,137198.44453668752
2017-01-12,136260.6592348783
2017-01-13,137284.0853756635
2017-01-17,135276.02109419988
2017-01-18,135944.4070328443
2017-01-19,137416.03468978094
2017-01-20,137853.67320906805
2017-01-23,137582.64398944066
2017-01-24,139777.74163338225
2017-01-25,140978.96571442168
2017-01-26,140414.0028169644
2017-01-27,140486.53761177184
2017-01-30,139412.06072311522
2017-01-31,139264.31679392874
2017-02-01,139895.3293233019
2017-02-02,139283.9924206835
2017-02-03,140621.86916400015
2017-02-06,140178.74507475912
2017-02-07,140654.93200923025
2017-02-08,140164.3056149584
2017-02-09,141630.6234431368
2017-02-10,141435.3501172167
2017-02-13,141528.81203032553
2017-02-14,141560.70956374228
2017-02-15,141463.67618590413
2017-02-16,141431.15808611928
2017-02-17,141221.69314663464
2017-02-21,142584.6928328758
2017-02-22,142544.13629047925
2017-02-23,142653.66038219983
2017-02-24,142901.18473904187
2017-02-27,143546.09144299084
2017-02-28,142347.33910744244
2017-03-01,145428.34801952893
2017-03-02,143179.4463092488
2017-03-03,143243.85602108657
2017-03-06,143914.33099857986
2017-03-07,143427.86001412093
2017-03-08,143115.46802822768
2017-03-09,142989.1207133931
2017-03-10,143859.07230908098
2017-03-13,145368.0294881505
2017-03-14,144924.5292277974
2017-03-15,146358.1755748433
2017-03-16,147018.3362212819
2017-03-17,147315.9800620717
2017-03-20,147633.00170165717
2017-03-21,143302.91649657904
2017-03-22,143470.82041140323
2017-03-23,144234.824496944
2017-03-24,144233.17148657565
2017-03-27,143735.15300246005
2017-03-28,144564.72627897983
2017-03-29,144643.25244112735
2017-03-30,145596.5406844211
2017-03-31,146021.33841582065
2017-04-03,144645.63749571567
2017-04-04,144783.7102763248
2017-04-05,142931.4380156589
2017-04-06,143525.73446349704
2017-04-07,144596.44440631472
2017-04-10,144622.70659808718
2017-04-11,144736.81607036197
2017-04-12,142592.87892798983
2017-04-13,141141.4802969074
2017-04-17,143621.69012337681
2017-04-18,143688.8506067371
2017-04-19,145856.28474122044
2017-04-20,148386.14089184758
2017-04-21,148299.4603861749
2017-04-24,150370.05152882932
2017-04-25,151031.989486593
2017-04-26,151277.95228566526
2017-04-27,155070.13389575155
2017-04-28,154389.21381591272
2017-05-01,157099.9094488473
2017-05-02,156948.89265427296
2017-05-03,157516.83654770558
2017-05-04,158499.555267188
2017-05-05,159757.01313576405
2017-05-08,159365.56274117174
2017-05-09,160322.74546707812
2017-05-10,162161.276163947
2017-05-11,162186.774998557
2017-05-12,161690.6568898076
2017-05-15,163249.3265961522
2017-05-16,164486.2494629735
2017-05-17,160063.01632965746
2017-05-18,162210.42967117968
2017-05-19,163312.93013275805
2017-05-22,165532.21845139208
2017-05-23,165032.95152947132
2017-05-24,165538.85200783436
2017-05-25,165857.82359787647
2017-05-26,167302.39083573048
2017-05-30,166031.8065900487
2017-05-31,165988.96156784717
2017-06-01,168332.6599950475
2017-06-02,169549.68182274525
2017-06-05,168860.09284683887
2017-06-06,169057.09299370472
2017-06-07,170886.29227158253
2017-06-08,172296.09086128895
2017-06-09,168289.87561318104
2017-06-12,166198.20727249805
2017-06-13,167474.86321350757
2017-06-14,166274.09333512012
2017-06-15,164371.04307266895
2017-06-16,164261.83144520695
2017-06-19,165926.77433918888
2017-06-20,163819.0881342786
2017-06-21,164029.9334756177
2017-06-22,163596.24152958803
2017-06-23,163946.13940518314
2017-06-26,162967.70318882877
2017-06-27,160125.4994763654
2017-06-28,161828.25579603025
2017-06-29,157652.05381734678
2017-06-30,158366.93170270752
2017-07-03,157683.5618678076
2017-07-05,159345.61426648925
2017-07-06,157588.9799967749
2017-07-07,160311.44605023524
2017-07-10,159897.2282081332
2017-07-11,160161.11472470424
2017-07-12,161283.12276990077
2017-07-13,160876.45590359828
2017-07-14,161280.89111859462
2017-07-17,160584.25230527067
2017-07-18,160135.19275723898
2017-07-19,164569.44514523947
2017-07-20,164199.94137250388
2017-07-21,164866.13598782982
2017-07-24,166594.96485860314
2017-07-25,166282.06397260155
2017-07-26,165999.31269467797
2017-07-27,164007.612108359
2017-07-28,164967.52353040184
2017-07-31,162180.97324387822
2017-08-01,163334.08623711858
2017-08-02,162598.90632340702
2017-08-03,164848.06118104252
2017-08-04,163973.4833421448
2017-08-07,164739.00026986393
2017-08-08,164701.8354654053
2017-08-09,164240.49243745123
2017-08-10,159761.4407444886
2017-08-11,162362.91286959947
2017-08-14,162769.04909220996
2017-08-15,163044.89839640917
2017-08-16,163753.1660042888
2017-08-17,161325.84241496384
2017-08-18,161154.72288523972
2017-08-21,162183.3889390117
2017-08-22,164211.0485042888
2017-08-23,163650.68905299486
2017-08-24,163841.404411729
2017-08-25,163619.6244167644
2017-08-28,164165.74139445604
2017-08-29,163863.38518946947
2017-08-30,165162.63406413377
2017-08-31,167073.3515018779
2017-09-01,167264.50508158983
2017-09-05,167575.27999919237
2017-09-06,167145.28048747362
2017-09-07,168889.02235072435
2017-09-08,168690.70514338792
2017-09-11,171040.62110286058
2017-09-12,170637.44077099732
2017-09-13,169522.52386273316
2017-09-14,169052.89236631547
2017-09-15,168863.31594267045
2017-09-18,170639.22651853715
2017-09-19,170528.93616666947
2017-09-20,170001.99365965044
2017-09-21,168671.87970792924
2017-09-22,170081.53736173784
2017-09-25,167356.43065726268
2017-09-26,167531.64383780467
2017-09-27,169490.26374899852
2017-09-28,169727.0423268031
2017-09-29,170540.6141613673
2017-10-02,172035.12086188304
2017-10-03,172101.57198607433
2017-10-04,172379.43094338803
2017-10-05,173800.834156889
2017-10-06,174568.83351983456
2017-10-09,173597.25712479977
2017-10-10,173323.4907711926
2017-10-11,174211.29550446896
2017-10-12,174527.85007371334
2017-10-13,175111.5951056042
2017-10-16,175080.7547125378
2017-10-17,174104.84285066035
2017-10-18,174120.17403886226
2017-10-19,174811.59462544826
2017-10-20,178401.63908955958
2017-10-23,177655.08109567073
2017-10-24,178917.0331821194
2017-10-25,178443.22250745204
2017-10-26,179622.17931268123
2017-10-27,183126.9854936352
2017-10-30,183321.1226691952
2017-10-31,184875.49440667537
2017-11-01,182913.8944768658
2017-11-02,183477.10510442164
2017-11-03,183357.61003587153
2017-11-06,183301.18369294552
2017-11-07,182736.45498658565
2017-11-08,185859.26110078243
2017-11-09,184967.1358490124
2017-11-10,185647.8263050976
2017-11-13,186937.4131047192
2017-11-14,186693.56917924312
2017-11-15,185386.29038972285
2017-11-16,188031.9760205212
2017-11-17,188085.80253822953
2017-11-20,189236.93836052567
2017-11-21,191466.90670235307
2017-11-22,191211.5659812227
2017-11-24,191801.56267769486
2017-11-27,188970.72241814286
2017-11-28,190221.36376030595
2017-11-29,185473.69843514115
2017-11-30,185321.932308127
2017-12-01,183808.3269614473
2017-12-04,178216.0628069368
2017-12-05,178114.0070891451
2017-12-06,178357.95016337148
2017-12-07,181009.9889655184
2017-12-08,181665.61327601186
2017-12-11,180695.6270136904
2017-12-12,180256.9575333666
2017-12-13,180851.4994177889
2017-12-14,179343.837871921
2017-12-15,183100.80483526937
2017-12-18,184180.7463483309
2017-12-19,183062.4884318804
2017-12-20,185021.99316878073
2017-12-21,185750.6668900942
2017-12-22,183427.409894092
2017-12-26,183896.15412340872
2017-12-27,183093.969735248
2017-12-28,183404.49403586143
2017-12-29,181627.28330816978
2018-01-02,183980.69536986106
2018-01-03,184290.90926375144
2018-01-04,183194.64579119437
2018-01-05,183875.12889303916
2018-01-08,185340.19088759177
2018-01-09,184071.2598287849
2018-01-10,182465.86367106726
2018-01-11,185827.12550425818
2018-01-12,187136.6189124613
2018-01-16,184078.38721728613
2018-01-17,186146.70523623755
2018-01-18,184970.3223722899
2018-01-19,188424.45681175828
2018-01-22,192461.38436112046
2018-01-23,193842.3973635161
2018-01-24,190433.9502981627
2018-01-25,189721.37671039952
2018-01-26,189756.97195080173
2018-01-29,188028.77586201084
2018-01-30,185141.15974262607
2018-01-31,184655.2970469321
2018-02-01,184537.96933964145
2018-02-02,182068.41595867526
2018-02-05,176146.57608904166
2018-02-06,177471.8150302337
2018-02-07,177323.84333719476
2018-02-08,169982.80713762506
2018-02-09,171152.41418924503
2018-02-12,171497.6497391718
2018-02-13,172578.07849832706
2018-02-14,174708.58603616885
2018-02-15,175092.38500218914
2018-02-16,175049.0676689677
2018-02-20,174832.3189201884
2018-02-21,174570.61988072918
2018-02-22,174877.3687325053
2018-02-23,175594.03547673748
2018-02-26,176711.66858296917
2018-02-27,175375.78384786175
2018-02-28,175760.26547246502
2018-03-01,175218.38977437542
2018-03-02,175917.08505254315
2018-03-05,176392.06242375897
2018-03-06,177056.46858602093
2018-03-07,178571.5022316508
2018-03-08,177772.69111638592
2018-03-09,178309.43177037762
2018-03-12,178171.29291539715
2018-03-13,177949.21298726602
2018-03-14,177803.29902669473
2018-03-15,176975.1485238795
2018-03-16,177337.17795617625
2018-03-19,176829.30527646586
2018-03-20,178332.9506231074
2018-03-21,179474.94172341868
2018-03-22,174203.57982595012
2018-03-23,171228.94723947093
2018-03-26,176307.80715694226
2018-03-27,172133.4193929652
2018-03-28,171432.6456216792
2018-03-29,173041.4880276469
2018-04-02,170282.38739974773
2018-04-03,172472.3046443699
2018-04-04,174998.16313817483
2018-04-05,176769.35244344216
2018-04-06,175001.7655969761
2018-04-09,175223.00656690105
2018-04-10,177845.7613104771
2018-04-11,178084.85704793438
2018-04-12,178609.4559954594
2018-04-13,177554.96403302654
2018-04-16,177995.3413924168
2018-04-17,179316.27750958904
2018-04-18,179047.3928870152
2018-04-19,178244.72124089702
2018-04-20,176811.79544248088
2018-04-23,176737.02815808757
2018-04-24,176242.64726727948
2018-04-25,174841.00177186474
2018-04-26,178801.75615399823
2018-04-27,176960.55611794934
2018-04-30,176945.27937215313
2018-05-01,172853.59735101208
2018-05-02,173098.8686580152
2018-05-03,173675.9357404203
2018-05-04,174664.8176316709
2018-05-07,174960.06067175575
2018-05-08,177742.40563505478
2018-05-09,178255.5727931816
2018-05-10,178855.14524763412
2018-05-11,179843.4844238121
2018-05-14,178039.77438944168
2018-05-15,178467.18181818313
2018-05-16,180953.38664930649
2018-05-17,181504.15133150405
2018-05-18,180658.80311449355
2018-05-21,181468.05090769118
2018-05-22,178747.89259012527
2018-05-23,180316.50807195005
2018-05-24,181001.87280782373
2018-05-25,181236.6504605642
2018-05-29,181752.62471295986
2018-05-30,184089.86601068173
2018-05-31,183565.37406827603
2018-06-01,188109.23665334377
2018-06-04,191002.9434068075
2018-06-05,193775.5493619314
2018-06-06,193312.86878789577
2018-06-07,191532.02699865017
2018-06-08,192180.67890847835
2018-06-11,191655.07008947048
2018-06-12,192857.42707456264
2018-06-13,195847.42665208492
2018-06-14,202887.92257672938
2018-06-15,202892.02151761684
2018-06-18,204230.76868072478
2018-06-19,211689.46292129485
2018-06-20,212626.83055583923
2018-06-21,211886.93550292938
2018-06-22,209055.41789142578
2018-06-25,205651.2175091931
2018-06-26,206336.7452471158
2018-06-27,202463.55874656647
2018-06-28,205063.74656795472
2018-06-29,205200.25465511292
2018-07-02,206115.1435139081
2018-07-03,206696.2820217511
2018-07-05,207483.10517047852
2018-07-06,209922.34657024354
2018-07-09,209969.7484285733
2018-07-10,209168.9347517392
2018-07-11,209398.55622314423
2018-07-12,208573.95295261353
2018-07-13,209140.37666439026
2018-07-16,208439.34611724823
2018-07-17,209917.65628742188
2018-07-18,209718.61729263276
2018-07-19,209756.24446796387
2018-07-20,208717.36069454162
2018-07-23,207980.54005779236
2018-07-24,206307.27501644104
2018-07-25,208188.58730567902
2018-07-26,207184.58905757873
2018-07-27,202092.76778949707
2018-07-30,198833.8721486661
2018-07-31,198821.63686134308
2018-08-01,198818.069322128
2018-08-02,201273.83970405548
2018-08-03,199944.85854103058
2018-08-06,203172.0207648465
2018-08-07,204181.50148918122
2018-08-08,203569.96074058503
2018-08-09,204681.63359977692
2018-08-10,204989.95497276276
2018-08-13,203225.72252799958
2018-08-14,205965.57271339386
2018-08-15,203526.90803085646
2018-08-16,205019.0451272615
2018-08-17,206499.57463775954
2018-08-20,206634.17432724318
2018-08-21,208874.32802936115
2018-08-22,208900.31134578265
2018-08-23,211400.15948459186
2018-08-24,214260.09313556232
2018-08-27,212637.94436999835
2018-08-28,213258.3792798189
2018-08-29,214310.54220363178
2018-08-30,214803.8935238985
2018-08-31,216107.64377185382
2018-09-04,216531.6219021944
2018-09-05,210789.12487002887
2018-09-06,210489.07704720818
2018-09-07,210855.05285439812
2018-09-10,212289.34534058892
2018-09-11,213921.3866423162
2018-09-12,214166.53791413628
2018-09-13,214977.3387983831
2018-09-14,216519.2568529638
2018-09-17,213642.53234467827
2018-09-18,216529.2056520971
2018-09-19,215312.63280854546
2018-09-20,215905.85799012505
2018-09-21,214980.66791711174
2018-09-24,217033.45324502312
2018-09-25,218537.22410760247
2018-09-26,218445.48404488884
2018-09-27,219412.8664320358
2018-09-28,220013.64502509916
2018-10-01,219796.3822611221
2018-10-02,216324.87727531279
2018-10-03,217814.88348563993
2018-10-04,214162.83804608227
2018-10-05,210941.22949833752
2018-10-08,209746.20323662122
2018-10-09,208935.3766384538
2018-10-10,201428.49504570325
2018-10-11,197389.83060625484
2018-10-12,198688.53604055467
2018-10-15,197412.4289005858
2018-10-16,201306.95987646165
2018-10-17,200703.34504453721
2018-10-18,199053.8690914351
2018-10-19,197924.6952430422
2018-10-22,199302.92269442687
2018-10-23,196848.73696803223
2018-10-24,191617.16002177369
2018-10-25,194627.26865476402
2018-10-26,193935.25678914817
2018-10-29,195352.96234393067
2018-10-30,199768.4078338141
2018-10-31,201193.79792612977
2018-11-01,201909.41642588563
2018-11-02,200992.6813871283
2018-11-05,202773.61872691102
2018-11-06,203379.69068736024
2018-11-07,204857.84469431825
2018-11-08,204274.0895349402
2018-11-09,203617.26342791505
2018-11-12,203212.45570582338
2018-11-13,202080.0034448523
2018-11-14,199644.6574478614
2018-11-15,199664.7791246075
2018-11-16,199782.36908470577
2018-11-19,199378.37041786616
2018-11-20,198004.60472992365
2018-11-21,197866.5241482586
2018-11-23,198376.34264496271
2018-11-26,199009.09800651972
2018-11-27,198892.4235699505
2018-11-28,199826.60765198176
2018-11-29,199271.25621498527
2018-11-30,200175.57042396965
2018-12-03,202093.7757271618
2018-12-04,198956.8226870388
2018-12-06,200139.09395016136
2018-12-07,197700.9591946072
2018-12-10,197545.14367432063
2018-12-11,198798.20489735072
2018-12-12,200152.2521929211
2018-12-13,200516.4813503689
2018-12-14,198484.00396675532
2018-12-17,192528.7534031338
2018-12-18,193015.8680315779
2018-12-19,191323.79571254714
2018-12-20,190113.63925787323
2018-12-21,189280.14700478347
2018-12-24,189106.50989892415
2018-12-26,189106.50989892415
2018-12-27,189106.50989892415
2018-12-28,189106.50989892415
2018-12-31,189106.50989892415
2019-01-02,189106.50989892415
2019-01-03,189106.50989892415
2019-01-04,189106.50989892415
2019-01-07,189106.50989892415
2019-01-08,189106.50989892415
2019-01-09,189106.50989892415
2019-01-10,189106.50989892415
2019-01-11,189106.50989892415
2019-01-14,189106.50989892415
2019-01-15,189106.50989892415
2019-01-16,189106.50989892415
2019-01-17,189106.50989892415
2019-01-18,189106.50989892415
2019-01-22,189106.50989892415
2019-01-23,189106.50989892415
2019-01-24,189106.50989892415
2019-01-25,189106.50989892415
2019-01-28,189106.50989892415
2019-01-29,189106.50989892415
2019-01-30,189106.50989892415
2019-01-31,189106.50989892415
2019-02-01,189106.50989892415
2019-02-04,189106.50989892415
2019-02-05,189059.29989892416
2019-02-06,188403.96062737875
2019-02-07,188231.38023003988
2019-02-08,188455.60102471762
2019-02-11,189152.61902245932
2019-02-12,190025.64102563314
2019-02-13,189255.63001580647
2019-02-14,190724.12617791587
2019-02-15,192553.72153008872
2019-02-19,191683.2582100814
2019-02-20,191165.90146813804
2019-02-21,191153.08225140983
2019-02-22,192569.49111733848
2019-02-25,192364.81190286094
2019-02-26,193033.34730325156
2019-02-27,199601.5086649459
2019-02-28,200955.36666345055
2019-03-01,202792.57923077996
2019-03-04,199865.5395350402
2019-03-05,200728.96483182366
2019-03-06,198183.67135953362
2019-03-07,195353.5160012191
2019-03-08,195457.77526196893
2019-03-11,197672.95183964053
2019-03-12,199916.18992824832
2019-03-13,201496.22758121768
2019-03-14,202103.806741908
2019-03-15,202189.2393772153
2019-03-18,202039.6352455167
2019-03-19,202382.5247261075
2019-03-20,202440.8221027402
2019-03-21,206721.2773592023
2019-03-22,202559.9828708295
2019-03-25,203432.5042846326
2019-03-26,204479.68411041537
2019-03-27,201807.99885822574
2019-03-28,203186.5787446622
2019-03-29,202856.1736266736
2019-04-01,203150.46860672274
2019-04-02,204237.06087185183
2019-04-03,202888.7821853284
2019-04-04,202065.2483060483
2019-04-05,203359.16145683566
2019-04-08,203351.01527668277
2019-04-09,202326.64966083804
2019-04-10,204221.3845651273
2019-04-11,204329.10994507113
2019-04-12,203501.09643627444
2019-04-15,203035.70697926864
2019-04-16,200377.7371573387
2019-04-17,198033.56046923655
2019-04-18,198905.1537221052
2019-04-22,200811.6071770765
2019-04-23,204346.95122238278
2019-04-24,204166.15078636288
2019-04-25,203048.53247924923
2019-04-26,203830.09416862606
2019-04-29,203969.72281929135
2019-04-30,204800.5342073071
2019-05-01,201968.0487622845
2019-05-02,204101.45945068478
2019-05-03,205355.38428207516
2019-05-06,205797.69725319027
2019-05-07,202619.411066972
2019-05-08,202675.60526367306
2019-05-09,201477.69958587765
2019-05-10,200753.80451767088
2019-05-13,194790.4228427136
2019-05-14,197560.49007515074
2019-05-15,197982.5947306073
2019-05-16,201686.9396192889
2019-05-17,199070.59036849544
2019-05-20,195594.3587133746
2019-05-21,197646.1142063861
2019-05-22,197898.44904525328
2019-05-23,195651.24971587706
2019-05-24,197408.15358932066
2019-05-28,197585.6780873065
2019-05-29,194371.70017440367
2019-05-30,195072.69248015928
2019-05-31,193350.12309279133
2019-06-03,188420.53167357136
2019-06-04,194308.45946135212
2019-06-05,196294.8551180904
2019-06-06,199283.08040266682
2019-06-07,201355.1644175594
2019-06-10,202205.3195536678
2019-06-11,198856.78165465046
2019-06-12,198144.06810026814
2019-06-13,197988.0195000569
2019-06-14,197786.4932663838
2019-06-17,198699.02544335523
2019-06-18,199970.81471184889
2019-06-19,201336.02922372022
2019-06-20,203509.35637597242
2019-06-21,200300.97243050733
2019-06-24,199677.66565255323
2019-06-25,195624.48401955763
2019-06-26,195792.3583240825
2019-06-27,197978.69742239526
2019-06-28,201050.7605518203
2019-07-01,201923.63295210412
2019-07-02,205108.59378088525
2019-07-03,207636.42661131432
2019-07-05,208408.55612600854
2019-07-08,207717.93428457787
2019-07-09,209169.89562452844
2019-07-10,209054.16997564843
2019-07-11,209216.904753099
2019-07-12,209371.48920240928
2019-07-15,209476.80369368126
2019-07-16,209088.62285032799
2019-07-17,207904.70571508934
2019-07-18,209107.12209883262
2019-07-19,207975.7252632524
2019-07-22,208562.66020168317
2019-07-23,206891.00101818098
2019-07-24,206350.46286548628
2019-07-25,206378.71699039472
2019-07-26,209303.71236698164
2019-07-29,208582.2178715898
2019-07-30,208215.03532658733
2019-07-31,213759.86865277446
2019-08-01,211918.0724739567
2019-08-02,210056.17223767436
2019-08-05,202548.84650162852
2019-08-06,205242.9783181082
2019-08-07,207796.51384343015
2019-08-08,212098.38701619016
2019-08-09,211157.73740948545
2019-08-12,209382.5815733801
2019-08-13,212415.91610039579
2019-08-14,207387.49830330716
2019-08-15,207502.33743573056
2019-08-16,211634.90437222348
2019-08-19,213761.03167439328
2019-08-20,213065.67656613217
2019-08-21,214740.56377182828
2019-08-22,214506.39072190152
2019-08-23,209748.52568970548
2019-08-26,212148.00662000163
2019-08-27,211817.53180081828
2019-08-28,212811.72292478068
2019-08-29,212654.2019353381
2019-08-30,212017.0652165881
2019-09-03,209188.22552161128
2019-09-04,210730.9868093005
2019-09-05,211174.46905569942
2019-09-06,210273.92309637932
2019-09-09,203739.342480382
2019-09-10,200545.33925236316
2019-09-11,201257.7186841526
2019-09-12,202550.14501853372
2019-09-13,203487.11675544168
2019-09-16,202994.57029624368
2019-09-17,204760.807829813
2019-09-18,201173.10313697244
2019-09-19,200887.92856566812
2019-09-20,200102.78814475442
2019-09-23,200170.05153243447
2019-09-24,198572.65174453164
2019-09-25,201250.41373793985
2019-09-26,199708.64011924173
2019-09-27,195329.64406936074
2019-09-30,196572.6226660099
2019-10-01,193074.59729705498
2019-10-02,190183.0368877135
2019-10-03,189488.44839752986
2019-10-04,192164.80946854426
2019-10-07,191166.38048294856
2019-10-08,189728.89489487483
2019-10-09,192257.46567467524
2019-10-10,193558.309021271
2019-10-11,192590.1576283343
2019-10-14,192939.24998692347
2019-10-15,194233.29688862636
2019-10-16,196679.67788056209
2019-10-17,198315.6900523074
2019-10-18,199044.27297333552
2019-10-21,200387.84404084043
2019-10-22,199875.76348683194
2019-10-23,200131.24471819983
2019-10-24,201112.73535478703
2019-10-25,200695.53669202916
2019-10-28,200635.4253553211
2019-10-29,200799.16449379426
2019-10-30,198712.7411911438
2019-10-31,198942.07144855958
2019-11-01,197081.60999130708
2019-11-04,197003.8011058235
2019-11-05,195458.21713420132
2019-11-06,195355.22985049465
2019-11-07,194231.51255866268
2019-11-08,194296.39150018536
2019-11-11,195040.98245019757
2019-11-12,194800.91217584454
2019-11-13,195926.1292931541
2019-11-14,196968.80994091847
2019-11-15,197592.5506864629
2019-11-18,197922.4101835332
2019-11-19,197795.65103588917
2019-11-20,200842.8266492925
2019-11-21,199549.82687817432
2019-11-22,199135.85422955372
2019-11-25,200551.5303159795
2019-11-26,203030.56290112354
2019-11-27,203159.15567456104
2019-11-29,202214.93305645802
2019-12-02,199816.10757885792
2019-12-03,200106.86780407763
2019-12-04,201316.1771531377
2019-12-05,201344.1186852727
2019-12-06,201081.71794751025
2019-12-09,199956.97208454943
2019-12-10,199017.84898045397
2019-12-11,199511.24071582503
2019-12-12,199141.29234965987
2019-12-13,198611.4359329576
2019-12-16,199171.1261848061
2019-12-17,200540.29206791802
2019-12-18,201870.3905862896
2019-12-19,199559.0219587414
2019-12-20,199932.69768086358
2019-12-23,198898.41901722833
2019-12-24,200655.25254765435
2019-12-26,201259.05845585748
2019-12-27,200242.9324487774
2019-12-30,199548.30300274774
2019-12-31,198575.45605603143
2020-01-02,198411.36270298884
2020-01-03,197287.88550534175
2020-01-06,197456.91295183968
2020-01-07,198097.10339487862
2020-01-08,198588.86122835946
2020-01-09,198569.13810045956
2020-01-10,197729.43122942685
2020-01-13,200054.02304537533
2020-01-14,201283.91549189328
2020-01-15,200828.52019770382
2020-01-16,203805.76104357297
2020-01-17,204321.02868082578
2020-01-21,205178.54932787473
2020-01-22,206830.8993950134
2020-01-23,208933.53893473203
2020-01-24,206764.70305876993
2020-01-27,202221.96276717447
2020-01-28,203796.56047683023
2020-01-29,206169.42513755104
2020-01-30,205511.697157891
2020-01-31,200692.11480048439
2020-02-03,201314.610924846
2020-02-04,203644.46750939495
2020-02-05,205850.75333512432
2020-02-06,207561.14736855633
2020-02-07,205934.7979189355
2020-02-10,208018.74059670107
2020-02-11,209303.9797972931
2020-02-12,211670.89731590883
2020-02-13,213157.8610400452
2020-02-14,213079.17063515322
2020-02-18,211527.1953626888
2020-02-19,213249.38276350667
2020-02-20,214318.39133703877
2020-02-21,211781.2358088131
2020-02-24,205012.56515451623
2020-02-25,198876.78723915352
2020-02-26,197136.15247743178
2020-02-27,188990.37614875584
2020-02-28,185170.30582150194
2020-03-02,190600.9457701358
2020-03-03,188234.4472883853
2020-03-04,192510.78859798086
2020-03-05,191026.72441951407
2020-03-06,190988.4121636547
2020-03-09,186435.85418025625
2020-03-10,187537.90443355215
2020-03-11,188334.60613948476
2020-03-12,182873.15524226797
2020-03-13,183516.74510414907
2020-03-16,182299.0948050768
2020-03-17,183050.35532845327
2020-03-18,183050.35532845327
2020-03-19,183050.35532845327
2020-03-20,183050.35532845327
2020-03-23,183050.35532845327
2020-03-24,183050.35532845327
2020-03-25,183050.35532845327
2020-03-26,183050.35532845327
2020-03-27,183050.35532845327
2020-03-30,183050.35532845327
2020-03-31,183050.35532845327
2020-04-01,183050.35532845327
2020-04-02,183050.35532845327
2020-04-03,183050.35532845327
2020-04-06,183050.35532845327
2020-04-07,183050.35532845327
2020-04-08,183050.35532845327
2020-04-09,183050.35532845327
2020-04-13,183050.35532845327
2020-04-14,183050.35532845327
2020-04-15,183050.35532845327
2020-04-16,183050.35532845327
2020-04-17,183050.35532845327
2020-04-20,183050.35532845327
2020-04-21,183050.35532845327
2020-04-22,183050.35532845327
2020-04-23,183050.35532845327
2020-04-24,183050.35532845327
2020-04-27,183050.35532845327
2020-04-28,183050.35532845327
2020-04-29,183050.35532845327
2020-04-30,183050.35532845327
2020-05-01,183050.35532845327
2020-05-04,183050.35532845327
2020-05-05,183050.35532845327
2020-05-06,183050.35532845327
2020-05-07,183050.35532845327
2020-05-08,183050.35532845327
2020-05-11,183050.35532845327
2020-05-12,183050.35532845327
2020-05-13,183050.35532845327
2020-05-14,183050.35532845327
2020-05-15,183050.35532845327
2020-05-18,183050.35532845327
2020-05-19,183050.35532845327
2020-05-20,183050.35532845327
2020-05-21,183050.35532845327
2020-05-22,183050.35532845327
2020-05-26,183050.35532845327
2020-05-27,182594.01532845327
2020-05-28,182802.13257126638
2020-05-29,188542.91768746206
2020-06-01,190790.1783800585
2020-06-02,190788.46686081716
2020-06-03,188066.02034096548
2020-06-04,184582.76287941763
2020-06-05,185790.0579235918
2020-06-08,186790.48394135304
2020-06-09,187987.3414090044
2020-06-10,193326.29051140614
2020-06-11,183851.45404366322
2020-06-12,184054.22049263783
2020-06-15,189323.32458237477
2020-06-16,190444.4997799761
2020-06-17,191851.2706921465
2020-06-18,192536.32287237106
2020-06-19,190838.19483348785
2020-06-22,193616.12623426376
2020-06-23,192976.65336909986
2020-06-24,189575.48657146192
2020-06-25,192546.5957023213
2020-06-26,191444.77882877088
2020-06-29,189341.80267947304
2020-06-30,194477.14750521767
2020-07-01,198358.18942683327
2020-07-02,199891.36980935885
2020-07-06,203801.467028826
2020-07-07,203351.26075486973
2020-07-08,207747.55626230076
2020-07-09,209984.04799653843
2020-07-10,211174.96965147037
2020-07-13,204964.22478914278
2020-07-14,208490.34458673495
2020-07-15,210950.03323781985
2020-07-16,210128.33248838445
2020-07-17,215445.1402486231
2020-07-20,218404.7785228159
2020-07-21,215657.26838907262
2020-07-22,216923.23541387578
2020-07-23,211503.80669721623
2020-07-24,211297.6737340357
2020-07-27,216655.97925600072
2020-07-28,215163.2102340128
2020-07-29,218324.22529920598
2020-07-30,218229.23521551152
2020-07-31,219291.09780439397
2020-08-03,223864.09374937078
2020-08-04,224842.55000814458
2020-08-05,225447.46551065464
2020-08-06,223617.65246038456
2020-08-07,222530.07910470982
2020-08-10,221414.41558294315
2020-08-11,216986.32710199375
2020-08-12,221562.23886987707
2020-08-13,224538.30561563512
2020-08-14,223831.90512010595
2020-08-17,228917.02684900304
2020-08-18,230617.3492014124
2020-08-19,229597.20097848913
2020-08-20,232498.58150026342
2020-08-21,233486.58309671422
2020-08-24,232912.0636484339
2020-08-25,232964.17935869237
2020-08-26,237107.2794815525
2020-08-27,236606.96027531472
2020-08-28,238160.18405594674
2020-08-31,242279.64694180337
2020-09-01,247183.21168103066
2020-09-02,244350.81464066354
2020-09-03,233970.36535717812
2020-09-04,231560.21992512548
2020-09-08,224132.95520230138
2020-09-09,230926.5274080772
2020-09-10,230436.7829823036
2020-09-11,225528.55815167614
2020-09-14,234703.3908831901
2020-09-15,239871.09753297037
2020-09-16,236056.57788823312
2020-09-17,235648.75150082773
2020-09-18,235319.4392583198
2020-09-21,234647.20150159067
2020-09-22,238666.35743307776
2020-09-23,228406.5722453565
2020-09-24,225214.14291739173
2020-09-25,232866.5639836759
2020-09-28,238684.70069670386
2020-09-29,237056.7574837751
2020-09-30,239677.83637934393
2020-10-01,247543.5027133054
2020-10-02,242483.49770159432
2020-10-05,249216.08402342506
2020-10-06,246673.8936329806
2020-10-07,250605.51457986474
2020-10-08,250874.32653627038
2020-10-09,254171.3664446795
2020-10-12,256393.34974870324
2020-10-13,258996.49705037713
2020-10-14,258542.98474130273
2020-10-15,258433.76661405206
2020-10-16,257273.502145859
2020-10-19,253199.27537259698
2020-10-20,251802.84782609582
2020-10-21,249076.11934194207
2020-10-22,248685.36569318414
2020-10-23,252449.81479940057
2020-10-26,247774.7880377973
2020-10-27,250929.08585952886
2020-10-28,244745.810114137
2020-10-29,244720.24637241472
2020-10-30,240469.95446205942
2020-11-02,244231.39326592296
2020-11-03,248355.67913399547
2020-11-04,249459.00565872996
2020-11-05,256812.22161064952
2020-11-06,255038.00929032176
2020-11-09,253250.12868843882
2020-11-10,256505.5012756428
2020-11-11,254939.14904526563
2020-11-12,250915.42457703443
2020-11-13,256892.9282315144
2020-11-16,264707.5302479634
2020-11-17,264376.4679177174
2020-11-18,261489.9479115376
2020-11-19,263359.3752339253
2020-11-20,264012.0778531352
2020-11-23,269891.232499055
2020-11-24,265854.57548794657
2020-11-25,263929.66770443827
2020-11-27,264838.1249081889
2020-11-30,261263.4066407481
2020-12-01,261415.825375413
2020-12-02,261899.24713597208
2020-12-03,265237.92701802164
2020-12-04,266585.17724998563
2020-12-07,267114.8423710641
2020-12-08,267705.5399986656
2020-12-09,266397.3316646965
2020-12-10,268756.8260952385
2020-12-11,268287.1429630669
2020-12-14,267328.0548550041
2020-12-15,273274.5353962334
2020-12-16,271270.98591198045
2020-12-17,273842.4205986412
2020-12-18,272154.922419206
2020-12-21,270951.6515356458
2020-12-22,271874.32260193
2020-12-23,273480.1857344068
2020-12-24,272820.06278671394
2020-12-28,271717.03872551094
2020-12-29,269590.1486288465
2020-12-30,274522.32047332893
2020-12-31,273331.3015371717
2021-01-04,270783.766420976
2021-01-05,276199.19977249275
2021-01-06,285715.98903144966
2021-01-07,290414.74974235665
2021-01-08,289118.50590599113
2021-01-11,290180.99771774345
2021-01-12,293980.84145713854
2021-01-13,292847.8056161504
2021-01-14,294366.78596664476
2021-01-15,290055.56285453844
2021-01-19,291378.8418824773
2021-01-20,295230.2662522893
2021-01-21,293069.59506202745
2021-01-22,291911.22167755174
2021-01-25,287867.1792218785
2021-01-26,282536.77143486077
2021-01-27,276564.4935150915
2021-01-28,274534.52392125555
2021-01-29,268497.0931332154
2021-02-01,274561.9200871033
2021-02-02,279001.829081778
2021-02-03,281174.4428017182
2021-02-04,286700.9231884522
2021-02-05,290904.87399030157
2021-02-08,294096.68034289306
2021-02-09,297841.84596941894
2021-02-10,296792.62583468383
2021-02-11,296701.72317431396
2021-02-12,295707.2693742065
2021-02-16,295831.57127916766
2021-02-17,291784.85982286884
2021-02-18,289066.08413088275
2021-02-19,296060.2267547841
2021-02-22,296202.8218467946
2021-02-23,292573.62078173115
2021-02-24,296956.72864229634
2021-02-25,286437.99984438374
2021-02-26,285171.2342126699
2021-03-01,294019.7085016103
2021-03-02,289093.6393564077
2021-03-03,289340.16661241965
2021-03-04,283219.9580697866
2021-03-05,288668.22237822023
2021-03-08,296846.27523466555
2021-03-09,297202.9001710947
2021-03-10,302129.6052301462
2021-03-11,302735.5555041829
2021-03-12,307718.48702655226
2021-03-15,309459.33009372145
2021-03-16,302519.19659839064
2021-03-17,304241.55484805495
2021-03-18,301716.09611926466
2021-03-19,304628.9985736409
2021-03-22,296036.3171771565
2021-03-23,284531.6458819905
2021-03-24,281129.9301211492
2021-03-25,288226.9924049322
2021-03-26,294591.8904838507
2021-03-29,281886.70495223446
2021-03-30,287487.7555725647
2021-03-31,286248.71493840945
2021-04-01,287924.4859306885
2021-04-05,296123.3892586304
2021-04-06,295286.0234329773
2021-04-07,295886.52481771243
2021-04-08,298537.8830826355
2021-04-09,304599.74494481814
2021-04-12,307032.3168861939
2021-04-13,302311.47124028933
2021-04-14,301624.7889854981
2021-04-15,301590.598979242
2021-04-16,305138.09549642337
2021-04-19,299363.6539452149
2021-04-20,289141.93673253787
2021-04-21,296170.32032586477
2021-04-22,294578.7938175335
2021-04-23,300149.6272220745
2021-04-26,298292.5480308666
2021-04-27,304970.9014358654
2021-04-28,307264.13500214956
2021-04-29,305162.85469294724
2021-04-30,301432.72571994003
2021-05-03,307780.7014374846
2021-05-04,303680.5109101408
2021-05-05,305718.9765111082
2021-05-06,307028.69699488813
2021-05-07,309881.35784564196
2021-05-10,304525.6346057433
2021-05-11,300484.4292567748
2021-05-12,291235.7321437473
2021-05-13,290868.57808850275
2021-05-14,296941.6471659945
2021-05-17,297502.2096106814
2021-05-18,293166.33567116724
2021-05-19,288916.69251702295
2021-05-20,287595.8640219404
2021-05-21,291215.2109463789
2021-05-24,293545.6108725645
2021-05-25,287189.13361006754
2021-05-26,293183.5978091337
2021-05-27,297410.77330237406
2021-05-28,296655.5392792799
2021-06-01,303614.1658224885
2021-06-02,301039.4700150315
2021-06-03,300220.3814205949
2021-06-04,299200.5213045899
2021-06-07,303839.6780011939
2021-06-08,307022.64701765054
2021-06-09,301174.78594511026
2021-06-10,294564.044431858
2021-06-11,295403.3970274154
2021-06-14,291740.03878193547
2021-06-15,293466.0724720021
2021-06-16,293656.8421272298
2021-06-17,283452.60923757753
2021-06-18,277061.65490438126
2021-06-21,284427.50901580544
2021-06-22,284418.8282897541
2021-06-23,285045.2362744877
2021-06-24,286618.4009006092
2021-06-25,285782.58924556465
2021-06-28,280632.9993226597
2021-06-29,280414.52327213023
2021-06-30,280870.3686758015
2021-07-01,285339.2331682179
2021-07-02,284911.22523078654
2021-07-06,282630.1590639088
2021-07-07,282461.517740538
2021-07-08,280333.58188902604
2021-07-09,285406.9025334047
2021-07-12,287149.3114308046
2021-07-13,283735.2526959108
2021-07-14,283544.05528029194
2021-07-15,280547.1074806093
2021-07-16,281674.97491224995
2021-07-19,279997.23347280914
2021-07-20,283711.5644700831
2021-07-21,287559.4641588038
2021-07-22,287710.75804308115
2021-07-23,295106.28677156626
2021-07-26,293542.6150033778
2021-07-27,291052.2252099818
2021-07-28,294717.328836233
2021-07-29,295866.8599641627
2021-07-30,298552.3666729945
2021-08-02,297898.57209444226
2021-08-03,304683.31346178235
2021-08-04,303532.0578636378
2021-08-05,305289.4063438624
2021-08-06,304404.4798912257
2021-08-09,308855.2332176417
2021-08-10,307253.3232406825
2021-08-11,302406.8917526454
2021-08-12,304484.07453386486
2021-08-13,303958.8698333949
2021-08-16,303106.4219650477
2021-08-17,302226.3725990504
2021-08-18,301206.84014742076
2021-08-19,304635.2761787623
2021-08-20,307967.31716768444
2021-08-23,312703.9516700953
2021-08-24,312297.4548782557
2021-08-25,313379.6906685084
2021-08-26,311850.88617937267
2021-08-27,323509.6340659702
2021-08-30,323109.54621820606
2021-08-31,322550.48564842273
2021-09-01,324666.47876670887
2021-09-02,325292.35896614124
2021-09-03,326993.0832245641
2021-09-07,327404.2160446935
2021-09-08,325556.0257256322
2021-09-09,326751.3428067785
2021-09-10,323867.59622474725
2021-09-13,321567.95268531854
2021-09-14,322653.8133687597
2021-09-15,324392.20101448114
2021-09-16,325881.08194964344
2021-09-17,323080.6049866002
2021-09-20,318809.0015167516
2021-09-21,318630.622290067
2021-09-22,321443.20458834583
2021-09-23,324094.4910301488
2021-09-24,322731.5529770177
2021-09-27,319759.7487091344
2021-09-28,310708.4028686803
2021-09-29,305832.4854571159
2021-09-30,300577.2482577501
2021-10-01,305239.27186861803
2021-10-04,296632.2393082695
2021-10-05,301085.3510013085
2021-10-06,303542.4081569176
2021-10-07,309741.24629168323
2021-10-08,306781.9722602834
2021-10-11,306300.53170661826
2021-10-12,309841.0654950704
2021-10-13,312231.7916970815
2021-10-14,315599.99806266685
2021-10-15,313485.52103668114
2021-10-18,318221.4535775747
2021-10-19,317405.80289894005
2021-10-20,318525.4784780111
2021-10-21,320867.0403704061
2021-10-22,321089.8478998556
2021-10-25,324579.4519609823
2021-10-26,320551.07128852746
2021-10-27,316113.4579386129
2021-10-28,322269.60409110924
2021-10-29,324074.35171073815
2021-11-01,329091.1129640951
2021-11-02,327497.66461509606
2021-11-03,330451.4073366537
2021-11-04,331456.3319675436
2021-11-05,342946.9542552938
2021-11-08,342978.0438034811
2021-11-09,341161.65336158656
2021-11-10,332665.3528359213
2021-11-11,339051.7878456106
2021-11-12,340111.4918859031
2021-11-15,340759.0702340629
2021-11-16,343711.3244073417
2021-11-17,340676.8612382438
2021-11-18,341716.57516153116
2021-11-19,340726.50834329386
2021-11-22,330567.50046396034
2021-11-23,331076.61667489784
2021-11-24,334624.428956392
2021-11-26,326216.7061322953
2021-11-29,328950.68627298134
2021-11-30,321700.1174015214
2021-12-01,314234.8175858451
2021-12-02,315965.0278740337
2021-12-03,312235.60849766043
2021-12-06,311988.1803084209
2021-12-07,323794.1116586712
2021-12-08,324631.58979107166
2021-12-09,319153.2708690288
2021-12-10,319525.45951916004
2021-12-13,312734.07753444934
2021-12-14,310933.7874754941
2021-12-15,316542.74048605317
2021-12-16,308695.84640875214
2021-12-17,307329.49393392913
2021-12-20,305136.4310639035
2021-12-21,314258.6260903012
2021-12-22,318380.0281250607
2021-12-23,321363.38648153655
2021-12-27,332937.5971748959
2021-12-28,328829.9814179074
2021-12-29,332997.7609627377
2021-12-30,329792.3395073544
2021-12-31,330463.1795189511
2022-01-03,329570.64082647674
2022-01-04,324409.2397396695
2022-01-05,313217.1247146855
2022-01-06,315057.2768671121
2022-01-07,305706.18607731716
2022-01-10,303196.4407147892
2022-01-11,306700.80582350807
2022-01-12,308748.2080814274
2022-01-13,304525.04084891395
2022-01-14,309704.3350203617
2022-01-18,297371.38789397315
2022-01-19,292522.717980109
2022-01-20,291760.9066963871
2022-01-21,286624.21354987216
2022-01-24,288447.13308653905
2022-01-25,288637.6708086307
2022-01-26,287056.6171396549
2022-01-27,285566.68866332126
2022-01-28,287353.1516367392
2022-01-31,288755.76130852266
2022-02-01,292196.044343801
2022-02-02,295215.101526113
2022-02-03,295958.15799212886
2022-02-04,296703.1940600915
2022-02-07,296849.482599978
2022-02-08,295936.20878955314
2022-02-09,297655.62500163505
2022-02-10,294308.05219813774
2022-02-11,296329.0310771029
2022-02-14,293067.86020155356
2022-02-15,294726.27739592
2022-02-16,295524.53067518637
2022-02-17,294096.99281563086
2022-02-18,291968.63684524817
2022-02-22,289574.4951788358
2022-02-23,290024.9606920652
2022-02-24,287687.4308039121
2022-02-25,297169.2274021292
2022-02-28,300225.48952825274
2022-03-01,299390.77110440936
2022-03-02,305022.0285522917
2022-03-03,307270.4938366392
2022-03-04,313047.8603680113
2022-03-07,312603.32334336813
2022-03-08,312426.09272584494
2022-03-09,311211.0114727932
2022-03-10,316100.8117886501
2022-03-11,315322.70947084005
2022-03-14,312789.7493543416
2022-03-15,311584.251189211
2022-03-16,311090.38251397904
2022-03-17,315311.6620206624
2022-03-18,316343.5162381917
2022-03-21,318967.0292925435
2022-03-22,319191.2526125508
2022-03-23,320770.78184839064
2022-03-24,322869.73472925
2022-03-25,329493.26726395375
2022-03-28,324984.93134171254
2022-03-29,325091.1440072704
2022-03-30,327690.17600876576
2022-03-31,325962.99263378023
2022-04-01,327754.5953902805
2022-04-04,326468.04939647554
2022-04-05,323574.0348319614
2022-04-06,324747.7442206943
2022-04-07,328322.19990154146
2022-04-08,333180.3524627292
2022-04-11,325570.432304343
2022-04-12,329074.6619911174
2022-04-13,332183.3682250957
2022-04-14,334296.2893447856
2022-04-18,336645.16792678635
2022-04-19,335083.88819885056
2022-04-20,337552.27591323655
2022-04-21,330386.47050094407
2022-04-22,323340.07078880013
2022-04-25,318004.26220234885
2022-04-26,317591.7174142192
2022-04-27,317928.19056907925
2022-04-28,319733.7582913998
2022-04-29,317090.70858970913
2022-05-02,316464.05145088467
2022-05-03,318206.9994031552
2022-05-04,320751.3365346554
2022-05-05,319266.82367912563
2022-05-06,320503.790357745
2022-05-09,315926.63015571865
2022-05-10,314694.1554795163
2022-05-11,315082.3300384275
2022-05-12,313914.63784634985
2022-05-13,314125.54541686043
2022-05-16,314343.52362730965
2022-05-17,314667.1447820948
2022-05-18,313907.5672064112
2022-05-19,313815.2805242823
2022-05-20,314041.7504339503
2022-05-23,314331.3783026026
2022-05-24,314402.4149236964
2022-05-25,314686.5803289698
2022-05-26,314865.08765318856
2022-05-27,314776.4394598292
2022-05-31,314423.7841863917
2022-06-01,314029.777289419
2022-06-02,313809.06311705575
2022-06-03,312898.59805951145
2022-06-06,312898.59805951145
2022-06-07,312898.59805951145
2022-06-08,312898.59805951145
2022-06-09,312898.59805951145
2022-06-10,312898.59805951145
2022-06-13,312898.59805951145
2022-06-14,312898.59805951145
2022-06-15,312898.59805951145
2022-06-16,312898.59805951145
2022-06-17,312898.59805951145
2022-06-21,312898.59805951145
2022-06-22,312898.59805951145
2022-06-23,312898.59805951145
2022-06-24,312898.59805951145
2022-06-27,312898.59805951145
2022-06-28,312898.59805951145
2022-06-29,312898.59805951145
2022-06-30,312898.59805951145
2022-07-01,312898.59805951145
2022-07-05,312898.59805951145
2022-07-06,312898.59805951145
2022-07-07,312898.59805951145
2022-07-08,312898.59805951145
2022-07-11,312898.59805951145
2022-07-12,312898.59805951145
2022-07-13,312898.59805951145
2022-07-14,312898.59805951145
2022-07-15,312898.59805951145
2022-07-18,312898.59805951145
2022-07-19,312898.59805951145
2022-07-20,312898.59805951145
2022-07-21,312898.59805951145
2022-07-22,312898.59805951145
2022-07-25,312898.59805951145
2022-07-26,312898.59805951145
2022-07-27,312898.59805951145
2022-07-28,312898.59805951145
2022-07-29,312898.59805951145
2022-08-01,312898.59805951145
2022-08-02,312898.59805951145
2022-08-03,312898.59805951145
2022-08-04,312898.59805951145
2022-08-05,312898.59805951145
2022-08-08,312898.59805951145
2022-08-09,312898.59805951145
2022-08-10,312898.59805951145
2022-08-11,312898.59805951145
2022-08-12,312898.59805951145
2022-08-15,312898.59805951145
2022-08-16,312898.59805951145
2022-08-17,312898.59805951145
2022-08-18,312898.59805951145
2022-08-19,312898.59805951145
2022-08-22,312898.59805951145
2022-08-23,312898.59805951145
2022-08-24,312898.59805951145
2022-08-25,312898.59805951145
2022-08-26,312898.59805951145
2022-08-29,312898.59805951145
2022-08-30,312898.59805951145
2022-08-31,312898.59805951145
2022-09-01,312898.59805951145
2022-09-02,312898.59805951145
2022-09-06,312898.59805951145
2022-09-07,312898.59805951145
2022-09-08,312898.59805951145
2022-09-09,312898.59805951145
2022-09-12,312898.59805951145
2022-09-13,312898.59805951145
2022-09-14,312898.59805951145
2022-09-15,312898.59805951145
2022-09-16,312898.59805951145
2022-09-19,312898.59805951145
2022-09-20,312898.59805951145
2022-09-21,312898.59805951145
2022-09-22,312898.59805951145
2022-09-23,312898.59805951145
2022-09-26,312898.59805951145
2022-09-27,312898.59805951145
2022-09-28,312898.59805951145
2022-09-29,312898.59805951145
2022-09-30,312898.59805951145
2022-10-03,312898.59805951145
2022-10-04,312898.59805951145
2022-10-05,312898.59805951145
2022-10-06,312898.59805951145
2022-10-07,312898.59805951145
2022-10-10,312898.59805951145
2022-10-11,312898.59805951145
2022-10-12,312898.59805951145
2022-10-13,312898.59805951145
2022-10-14,312898.59805951145
2022-10-17,312898.59805951145
2022-10-18,312898.59805951145
2022-10-19,312898.59805951145
2022-10-20,312898.59805951145
2022-10-21,312898.59805951145
2022-10-24,312898.59805951145
2022-10-25,312898.59805951145
2022-10-26,312898.59805951145
2022-10-27,312898.59805951145
2022-10-28,312898.59805951145
2022-10-31,312898.59805951145
2022-11-01,312898.59805951145
2022-11-02,312898.59805951145
2022-11-03,312898.59805951145
2022-11-04,312898.59805951145
2022-11-07,312898.59805951145
2022-11-08,312898.59805951145
2022-11-09,312898.59805951145
2022-11-10,312898.59805951145
2022-11-11,312898.59805951145
2022-11-14,312898.59805951145
2022-11-15,312898.59805951145
2022-11-16,312898.59805951145
2022-11-17,312898.59805951145
2022-11-18,312898.59805951145
2022-11-21,312898.59805951145
2022-11-22,312898.59805951145
2022-11-23,312898.59805951145
2022-11-25,312898.59805951145
2022-11-28,312898.59805951145
2022-11-29,312898.59805951145
2022-11-30,312898.59805951145
2022-12-01,312508.3780595115
2022-12-02,314096.6176449302
2022-12-05,305546.92991986306
2022-12-06,303814.70310559304
2022-12-07,302207.3846394065
2022-12-08,305416.86950268777
2022-12-09,301785.2641102317
2022-12-12,306876.2976070884
2022-12-13,308210.7359653953
2022-12-14,305557.4746853355
2022-12-15,296517.0440060142
2022-12-16,293134.7721972946
2022-12-19,291511.0717077163
2022-12-20,294924.78003756556
2022-12-21,298497.3453108505
2022-12-22,295635.03074709926
2022-12-23,296299.39046404534
2022-12-27,295952.9954117636
2022-12-28,295563.65357292694
2022-12-29,295832.4844216208
2022-12-30,295563.65357292694
2023-01-03,294349.28229988617
2023-01-04,294043.37413872284
2023-01-05,294133.2944216208
2023-01-06,294133.2944216208
2023-01-09,294133.2944216208
2023-01-10,294133.2944216208
2023-01-11,294133.2944216208
2023-01-12,293986.63442162075
2023-01-13,295157.9320421652
2023-01-17,294421.62978083175
2023-01-18,294378.1062100081
2023-01-19,292914.4028475432
2023-01-20,294029.5227620749
2023-01-23,294220.61916311784
2023-01-24,294020.08242537064
2023-01-25,297004.6252253203
2023-01-26,300482.9859168677
2023-01-27,298885.29806257767
2023-01-30,296737.03367973847
2023-01-31,300161.6130149512
2023-02-01,301923.6283719687
2023-02-02,299483.5099961905
2023-02-03,300322.4689128546
2023-02-06,298179.411849908
2023-02-07,299580.102819852
2023-02-08,300236.184562828
2023-02-09,296514.4102557957
2023-02-10,303647.57786977885
2023-02-13,307148.8855427563
2023-02-14,307947.30322969554
2023-02-15,309295.5866764843
2023-02-16,307525.7539480984
2023-02-17,302778.94525755045
2023-02-21,301549.2700122654
2023-02-22,299250.8685110867
2023-02-23,299374.4901759139
2023-02-24,300675.05875531206
2023-02-27,300897.94649163255
2023-02-28,300549.8973340131
2023-03-01,300633.9946043143
2023-03-02,303274.35276671743
2023-03-03,306472.29219412105
2023-03-06,303462.49471973674
2023-03-07,300849.1325399806
2023-03-08,301619.1873519351
2023-03-09,296141.43247007625
2023-03-10,289607.07183765667
2023-03-13,280437.57558644563
2023-03-14,284071.55537394946
2023-03-15,281007.5636777824
2023-03-16,288201.77339648665
2023-03-17,283920.5058011955
2023-03-20,288631.7600679344
2023-03-21,291876.03873919905
2023-03-22,285239.7074346489
2023-03-23,289361.7242713494
2023-03-24,289927.61257319874
2023-03-27,291932.202199511
2023-03-28,288860.7833648247
2023-03-29,294245.20741801686
2023-03-30,295562.1977096123
2023-03-31,301411.45462947316
2023-04-03,302451.9085956139
2023-04-04,298296.1207399591
2023-04-05,294647.3438501581
2023-04-06,294182.22198614443
2023-04-10,298971.14874777163
2023-04-11,296844.6654942926
2023-04-12,296465.5678685602
2023-04-13,297934.06789120723
2023-04-14,297530.2006350427
2023-04-17,295569.4343798547
2023-04-18,297384.19097699213
2023-04-19,294364.14172162104
2023-04-20,294172.3863495977
2023-04-21,294488.31115962577
2023-04-24,293795.9066605718
2023-04-25,289333.37155971123
2023-04-26,286183.3933721502
2023-04-27,288104.96288356377
2023-04-28,288673.89608439995
2023-05-01,290078.35878718924
2023-05-02,288828.8740164144
2023-05-03,286499.8381735189
2023-05-04,284182.93879474234
2023-05-05,290221.19094050955
2023-05-08,290671.8589855535
2023-05-09,289003.4804052327
2023-05-10,290332.04722992505
2023-05-11,290446.39262501325
2023-05-12,287530.79477612104
2023-05-15,287510.355772246
2023-05-16,283053.5654117953
2023-05-17,287051.1371557178
2023-05-18,292867.15694255254
2023-05-19,291732.4436074729
2023-05-22,291248.2627192969
2023-05-23,284442.6666070456
2023-05-24,282038.222864226
2023-05-25,290218.38044460164
2023-05-26,292933.0297549301
2023-05-30,292220.52729254303
2023-05-31,288859.9224045807
2023-06-01,294228.03214483795
2023-06-02,299388.2494710022
2023-06-05,298350.9273131424
2023-06-06,303516.49788408814
2023-06-07,302368.3731425339
2023-06-08,302055.04901819763
2023-06-09,304395.6023228699
2023-06-12,304670.20379381714
2023-06-13,308148.6236308151
2023-06-14,307124.1779854828
2023-06-15,308471.589496904
2023-06-16,308015.3966621261
2023-06-20,308830.7958682876
2023-06-21,309490.41594732815
2023-06-22,308792.93251551205
2023-06-23,306742.85178526456
2023-06-26,305576.4458309036
2023-06-27,309306.14394911344
2023-06-28,311141.2891787582
2023-06-29,313757.3731230789
2023-06-30,317023.8740881973
2023-07-03,309909.503036409
2023-07-05,309508.8459744125
2023-07-06,301887.65475699
2023-07-07,302634.1724838882
2023-07-10,308868.462267366
2023-07-11,310762.03888746793
2023-07-12,314313.75959059293
2023-07-13,317962.7735558182
2023-07-14,318032.8198204666
2023-07-17,324988.4053465896
2023-07-18,328169.71770163113
2023-07-19,326523.3179273086
2023-07-20,317692.5112676101
2023-07-21,315684.1608609634
2023-07-24,315503.92541403347
2023-07-25,319092.5467709976
2023-07-26,318288.29571051174
2023-07-27,323257.90340323024
2023-07-28,330378.8811215835
2023-07-31,335650.7315625625
2023-08-01,334529.3463349014
2023-08-02,328102.52696463163
2023-08-03,325957.66573950346
2023-08-04,325598.36692282255
2023-08-07,328904.18053671415
2023-08-08,325189.6630081802
2023-08-09,319384.7334116226
2023-08-10,316517.65930727375
2023-08-11,315249.6065042342
2023-08-14,316663.57748400106
2023-08-15,317018.1269262923
2023-08-16,313325.24478136434
2023-08-17,301392.67965554225
2023-08-18,301721.7227014519
2023-08-21,300808.06014957203
2023-08-22,300671.9558519341
2023-08-23,304508.5555604912
2023-08-24,300678.8793596245
2023-08-25,300200.80230655445
2023-08-28,303297.5167764641
2023-08-29,308111.0977548577
2023-08-30,309740.692420385
2023-08-31,310733.3959955193
2023-09-01,313762.9612773285
2023-09-05,304952.40469010925
2023-09-06,303486.31284776307
2023-09-07,304003.22459275817
2023-09-08,302333.43781144713
2023-09-11,302755.7732530365
2023-09-12,300539.39402032224
2023-09-13,296695.2442553076
2023-09-14,298019.53740533197
2023-09-15,292255.57345040643
2023-09-18,293038.61734612787
2023-09-19,292436.8618338903
2023-09-20,290800.42426522577
2023-09-21,283782.02237161004
2023-09-22,283620.2522350402
2023-09-25,288586.0497566314
2023-09-26,285266.9539295287
2023-09-27,289789.1901584716
2023-09-28,289227.4216058478
2023-09-29,285614.5059831366
2023-10-02,281787.05771996826
2023-10-03,280775.0078504309
2023-10-04,283188.37801422214
2023-10-05,284258.58734001254
2023-10-06,288261.0405347174
2023-10-09,292698.73295186216
2023-10-10,294740.79806302243
2023-10-11,297108.5276906317
2023-10-12,293073.5285928076
2023-10-13,290849.2534539526
2023-10-16,295212.7885949438
2023-10-17,297198.5861012762
2023-10-18,292475.16941235715
2023-10-19,290225.41724751645
2023-10-20,285257.51270015276
2023-10-23,283860.968624646
2023-10-24,287565.29632102663
2023-10-25,282290.1692401093
2023-10-26,277098.88136993104
2023-10-27,276733.8139276263
2023-10-30,278631.1838445422
2023-10-31,277830.28341386287
2023-11-01,280712.33211650595
2023-11-02,283898.46908321127
2023-11-03,287576.3042753957
2023-11-06,290543.2124454854
2023-11-07,288929.08235667925
2023-11-08,287533.8309280751
2023-11-09,285500.28443835955
2023-11-10,289370.4096920369
2023-11-13,291863.19701122027
2023-11-14,299913.40721057635
2023-11-15,295946.8042708944
2023-11-16,293504.3933269094
2023-11-17,296791.2247573446
2023-11-20,298266.22928920493
2023-11-21,298038.67175975547
2023-11-22,299421.89306560264
2023-11-24,301227.26869693503
2023-11-27,301241.776005895
2023-11-28,299435.87028423056
2023-11-29,301744.6405617878
2023-11-30,303916.9572587821
2023-12-01,308358.2277551505
2023-12-04,309292.35970797035
2023-12-05,306490.5144778678
2023-12-06,302979.47086443397
2023-12-07,305680.73610586167
2023-12-08,310093.24516918795
2023-12-11,312277.87142040866
2023-12-12,314717.766035582
2023-12-13,314424.2891793503
2023-12-14,313336.7077355637
2023-12-15,312260.06001904147
2023-12-18,311783.2823930039
2023-12-19,315747.2096658005
2023-12-20,310730.46380474704
2023-12-21,314081.0850950711
2023-12-22,314476.81187882356
2023-12-26,315524.2688833707
2023-12-27,316626.76778473787
2023-12-28,316389.2401396268
2023-12-29,314527.2270208829
2024-01-02,309644.69682212884
2024-01-03,304582.2049893957
2024-01-04,306253.88429779105
2024-01-05,303446.7823252111
2024-01-08,312590.73498100333
2024-01-09,311459.80546135
2024-01-10,311769.6264242559
2024-01-11,308644.8269686132
2024-01-12,306626.9497243505
2024-01-16,305360.9013711553
2024-01-17,305174.2802738195
2024-01-18,308105.8547863012
2024-01-19,310750.342046252
2024-01-22,314562.4324327252
2024-01-23,314262.9566617749
2024-01-24,312844.6748252652
2024-01-25,312329.0046945355
2024-01-26,312911.7543273709
2024-01-29,317303.94189985015
2024-01-30,318581.3986249707
2024-01-31,311031.397461488
2024-02-01,314205.9459898923
2024-02-02,315695.0899947141
2024-02-05,312946.7095053647
2024-02-06,312006.56028201786
2024-02-07,320561.4964888355
2024-02-08,324211.00057819096
2024-02-09,329758.801195409
2024-02-12,327892.8100683948
2024-02-13,323734.5863096973
2024-02-14,327345.76748492924
2024-02-15,328242.75689151493
2024-02-16,329165.97451999394
2024-02-20,324932.6279013416
2024-02-21,319836.7751715442
2024-02-22,329804.47419192997
2024-02-23,331658.101426659
2024-02-26,335998.6779246906
2024-02-27,338382.2177100757
2024-02-28,342073.7942348102
2024-02-29,344476.0328326801
2024-03-01,356825.40028291097
2024-03-04,356720.13303219725
2024-03-05,352150.49785458494
2024-03-06,356635.0171416943
2024-03-07,358213.6358340924
2024-03-08,353714.54868212924
2024-03-11,346226.6023873447
2024-03-12,350066.7702151798
2024-03-13,350512.1041976474
2024-03-14,350261.9942618869
2024-03-15,349582.8086596988
2024-03-18,350035.9916774295
2024-03-19,352121.2522422336
2024-03-20,357241.1228229068
2024-03-21,361709.34183612093
2024-03-22,360929.8286372684
2024-03-25,360271.77394023165
2024-03-26,362878.97285762057
2024-03-27,361048.9572764896
2024-03-28,362459.8346625827
2024-04-01,363148.41618075594
2024-04-02,352911.76864543185
2024-04-03,358829.99319710047
2024-04-04,352935.5527254513
2024-04-05,357553.13030685694
2024-04-08,357107.2104059628
2024-04-09,350670.21811546595
2024-04-10,351527.4581953457
2024-04-11,351802.0681794114
2024-04-12,344471.7788536973
2024-04-15,339247.83450822305
2024-04-16,342094.8239168679
2024-04-17,336826.22355981224
2024-04-18,333788.594155668
2024-04-19,329816.0088298163
2024-04-22,332508.92995332094
2024-04-23,338389.7216354498
2024-04-24,340594.4784828314
2024-04-25,344055.1011024603
2024-04-26,347543.7062431463
2024-04-29,348879.1737915167
2024-04-30,345526.43098222103
2024-05-01,343700.3978057989
2024-05-02,347061.9033151373
2024-05-03,352187.6384416327
2024-05-06,359309.6599927649
2024-05-07,359049.9827962622
2024-05-08,361732.3965993628
2024-05-09,361766.2497735724
2024-05-10,360150.7146268591
2024-05-13,355584.95873006975
2024-05-14,360254.68152364885
2024-05-15,366494.50485548173
2024-05-16,361708.12008604204
2024-05-17,362438.3988345963
2024-05-20,362004.8347705704
2024-05-21,363955.4921077591
2024-05-22,360364.2125743729
2024-05-23,359712.1900504929
2024-05-24,365129.5170814846
2024-05-28,362820.42831347923
2024-05-29,361758.763221011
2024-05-30,360549.7943232898
2024-05-31,351371.7866519336
2024-06-03,346136.03886754706
2024-06-04,344523.7024671336
2024-06-05,350329.0868608256
2024-06-06,342850.85820596415
2024-06-07,337941.61534111295
2024-06-10,337550.2456952988
2024-06-11,333108.6743119558
2024-06-12,336267.0821879705
2024-06-13,336940.5135243734
2024-06-14,334765.960240682
2024-06-17,336032.83519109094
2024-06-18,338539.67739896144
2024-06-20,335042.2776593908
2024-06-21,334189.9127740606
2024-06-24,334412.75574395503
2024-06-25,336848.382817243
2024-06-26,332579.8802184805
2024-06-27,332693.4025668844
2024-06-28,332812.8663451642
2024-07-01,337171.5086282019
2024-07-02,333014.0264333014
2024-07-03,334293.9043074469
2024-07-05,331353.4074126105
2024-07-08,334776.9332323889
2024-07-09,333947.9107066016
2024-07-10,331259.61382492585
2024-07-11,332721.5446608023
2024-07-12,333970.1850292639
2024-07-15,339673.0196344809
2024-07-16,345169.1640417532
2024-07-17,328997.59992073575
2024-07-18,326279.090045864
2024-07-19,326723.6825749702
2024-07-22,333695.16487191385
2024-07-23,339015.90798352426
2024-07-24,332934.29863793554
2024-07-25,327747.4248147315
2024-07-26,329519.9763217658
2024-07-29,328316.4623184318
2024-07-30,328740.23608876416
2024-07-31,330484.252276432
2024-08-01,326993.2819223518
2024-08-02,318469.01940728375
2024-08-05,309011.3096229535
2024-08-06,314931.5249217143
2024-08-07,311307.1475728145
2024-08-08,318635.38772612717
2024-08-09,321094.2472527995
2024-08-12,321207.769100748
2024-08-13,324190.78673227876
2024-08-14,323655.6728845462
2024-08-15,328993.99320658296
2024-08-16,331889.54171618074
2024-08-19,335306.89003152034
2024-08-20,331443.85693139216
2024-08-21,333959.08013314387
2024-08-22,332318.4897019305
2024-08-23,339850.6671158709
2024-08-26,340486.42256516597
2024-08-27,340706.18954629084
2024-08-28,341137.3079201617
2024-08-29,341310.0354153552
2024-08-30,342350.875110332
2024-09-03,332932.19384331844
2024-09-04,331830.06970926886
2024-09-05,330487.1160635627
2024-09-06,325181.68450011173
2024-09-09,331396.8421118061
2024-09-10,328946.4898874561
2024-09-11,328444.0561340664
2024-09-12,333747.79187854275
2024-09-13,338606.1882866238
2024-09-16,341107.04405101284
2024-09-17,340832.85842593655
2024-09-18,342865.8758171414
2024-09-19,346215.80249865993
2024-09-20,348189.0140350674
2024-09-23,349617.3617507504
2024-09-24,349981.03775706753
2024-09-25,348374.7395164059
2024-09-26,342887.82898059353
2024-09-27,343417.8144887208
2024-09-30,347381.62108929147
2024-10-01,345089.46056301583
2024-10-02,345549.0969346284
2024-10-03,347160.6918729066
2024-10-04,350877.3759663819
2024-10-07,349582.23480412
2024-10-08,352912.7937163972
2024-10-09,353343.81912037364
2024-10-10,349132.730361905
2024-10-11,355287.07514591684
2024-10-14,357943.7724954652
2024-10-15,359878.24533863534
2024-10-16,362837.8445817994
2024-10-17,362854.638954358
2024-10-18,365809.6113168763
2024-10-21,366537.773966031
2024-10-22,364768.1995279359
2024-10-23,364095.28675098886
2024-10-24,361246.05730076303
2024-10-25,357510.4718825959
2024-10-28,359104.8281028413
2024-10-29,359960.16063953866
2024-10-30,359676.70181156625
2024-10-31,353498.2390266033
2024-11-01,354674.99405246694
2024-11-04,356128.25500951946
2024-11-05,363406.7377937907
2024-11-06,376438.08889471233
2024-11-07,377566.0052038831
2024-11-08,383832.28527132695
2024-11-11,386136.4317900342
2024-11-12,380164.5588995618
2024-11-13,370092.1623404188
2024-11-14,364182.64621187875
2024-11-15,358977.28414110845
2024-11-18,360313.54069475835
2024-11-19,368781.2593493909
2024-11-20,363387.46376707114
2024-11-21,368967.2460508541
2024-11-22,374188.95654012717
2024-11-25,375894.66618253745
2024-11-26,376831.76468946494
2024-11-27,375306.6074972347
2024-11-29,375339.3767592136
2024-12-02,377929.9129476444
2024-12-03,378129.62321947975
2024-12-04,379048.3263234989
2024-12-05,377011.4990568058
2024-12-06,378984.4572426884
2024-12-09,369707.97941180156
2024-12-10,367412.99312670634
2024-12-11,371365.793534116
2024-12-12,369145.476761121
2024-12-13,366295.8169882481
2024-12-16,367843.7940218632
2024-12-17,364664.62215006753
2024-12-18,351677.1377235691
2024-12-19,349906.1170187482
2024-12-20,354619.2714526471
2024-12-23,352675.16598580446
2024-12-24,356413.00245164003
2024-12-26,356980.17368386354
2024-12-27,350907.68710587587
2024-12-30,347291.926274043
2024-12-31,345213.5381517133
2025-01-02,347294.9268808088
2025-01-03,352404.32458123297
2025-01-06,351793.7559719953
2025-01-07,345499.2863007459
2025-01-08,345202.4462478742
2025-01-10,340067.5802324399
2025-01-13,339969.85417970794
2025-01-14,341557.88206514495
2025-01-15,346337.4956880553
2025-01-16,349980.09702167346
2025-01-17,351372.5062261565
2025-01-21,359991.88553043205
2025-01-22,359366.1328816715
2025-01-23,361634.2529378238
2025-01-24,361430.954838306
2025-01-27,342759.91789487033
2025-01-28,349186.45126804966
2025-01-29,357332.6361301865
2025-01-30,363779.0062801041
2025-01-31,358038.2825462021
2025-02-03,355353.10059277195
2025-02-04,355197.71248928685
2025-02-05,357747.1600101914
2025-02-06,359876.56371769565
2025-02-07,355763.4468672623
2025-02-10,353810.2743914475
2025-02-11,349447.6550753464
2025-02-12,347337.06953335425
2025-02-13,349800.61949062964
2025-02-14,355820.80020237586
2025-02-18,357468.786793715
2025-02-19,355485.7924158849
2025-02-20,349731.4793589391
2025-02-21,333008.16227330326
2025-02-24,333133.25614562235
2025-02-25,326085.43280410016
2025-02-26,322977.4059649583
2025-02-27,321994.8736277696
2025-02-28,326754.7493220445
2025-03-03,322120.9663630601
2025-03-04,313559.09376647195
2025-03-05,316316.9940042917
2025-03-06,306165.382104735
2025-03-07,304159.35933877435
2025-03-10,298089.99452447274
2025-03-11,293794.1556878028
2025-03-12,293166.27543023444
2025-03-13,289202.0877945566
2025-03-14,293372.1114706601
2025-03-17,295667.9150442685
2025-03-18,294066.92512425885
2025-03-19,295559.6552056902
2025-03-20,294790.18091461353
2025-03-21,294213.94023010426
2025-03-24,296591.512839052
2025-03-25,295530.8989959734
2025-03-26,295605.4610574358
2025-03-27,295043.8375299089
2025-03-28,293239.1365850304
2025-03-31,292046.2715230797
2025-04-01,289715.5266465826
2025-04-02,289795.01580795954
2025-04-03,288074.0439222784
2025-04-04,281601.85978855274
2025-04-07,279001.6779419341
2025-04-08,279810.6004188164
2025-04-09,280728.0889365776
2025-04-10,280375.92824627
2025-04-11,280761.70272899704
2025-04-14,281988.93223644333
2025-04-15,282111.0105598076
2025-04-16,282321.08249927865
2025-04-17,282321.08249927865
2025-04-21,282321.08249927865
2025-04-22,282321.08249927865
2025-04-23,282321.08249927865
2025-04-24,282321.08249927865
2025-04-25,282321.08249927865
2025-04-28,282321.08249927865
2025-04-29,282321.08249927865
2025-04-30,282321.08249927865
2025-05-01,282321.08249927865
2025-05-02,282321.08249927865
2025-05-05,282321.08249927865
2025-05-06,282321.08249927865
2025-05-07,282321.08249927865
2025-05-08,282321.08249927865
2025-05-09,282321.08249927865
2025-05-12,282321.08249927865
2025-05-13,282109.66249927867
2025-05-14,281168.2277878986
2025-05-15,283271.2676662098
2025-05-16,286466.33005176886
2025-05-19,288567.879066814
2025-05-20,289088.79663692816
2025-05-21,285470.21216999396
2025-05-22,284438.3409865986
2025-05-23,287381.9042686115
2025-05-27,292285.19732509955
2025-05-28,289424.8799251209
2025-05-29,288004.5804580341
2025-05-30,291665.4748786579
2025-06-02,294306.5232089649
2025-06-03,292013.1301139484
2025-06-04,290030.70040356024
2025-06-05,289375.43466435664
2025-06-06,291946.67246175045
2025-06-09,290327.4940121197
2025-06-10,286282.7448357697
2025-06-11,291559.23499385075
2025-06-12,295658.02084819035
2025-06-13,293779.6830891724
2025-06-16,298660.60115969856
2025-06-17,297188.73791278084
2025-06-18,295673.4933702311
2025-06-20,295923.26849954936
2025-06-23,296818.2604519599
2025-06-24,300909.5650803321
2025-06-25,297863.300357508
2025-06-26,305569.5224758857
2025-06-27,308113.9065586799
2025-06-30,316270.9834133857
2025-07-01,307280.4625756019
2025-07-02,311645.50217406685
2025-07-03,317174.7886801093
2025-07-07,316675.52509978705
2025-07-08,309662.35373404913
2025-07-09,309505.04222777777
2025-07-10,305764.71476462774
2025-07-11,302360.2965555518
2025-07-14,306889.01569228584
2025-07-15,303865.9941945594
2025-07-16,307315.122596659
2025-07-17,308947.3980139869
2025-07-18,308772.996201325
2025-07-21,307413.6678665166
2025-07-22,302660.65037612966
2025-07-23,307050.76634042605
2025-07-24,305219.5752965723
2025-07-25,307339.62588708743
2025-07-28,305245.2496892725
2025-07-29,304055.6126577173
2025-07-30,307994.78138940677
2025-07-31,306156.18643396243
2025-08-01,301724.19674890384
2025-08-04,307251.4299451624
2025-08-05,306624.56151347025
2025-08-06,305680.86552958353
2025-08-07,306462.92841324315
2025-08-08,309233.27755997167
2025-08-11,310445.98407242284
2025-08-12,317087.9578883408
2025-08-13,318403.5612437485
2025-08-14,316147.28525803075
2025-08-15,313446.8809153794
2025-08-18,313096.320612645
2025-08-19,307337.9488810145
2025-08-20,307172.4407138618
2025-08-21,307155.90562627633
2025-08-22,311321.7624988349
2025-08-25,313563.1403217109
2025-08-26,314749.1234808657
2025-08-27,318572.24071414204
2025-08-28,321312.8204413149
2025-08-29,314317.0334463808
2025-09-02,311198.9521588442
2025-09-03,308998.5870541689
2025-09-04,312182.21242037986
2025-09-05,310152.39593184926
2025-09-08,311009.86495940667
2025-09-09,313869.93699614983
2025-09-10,316495.8015934704
2025-09-11,323848.670436549
2025-09-12,321326.4478947399
2025-09-15,327218.27207534295
2025-09-16,326855.1377712963
2025-09-17,327931.88969008904
2025-09-18,332134.1931874035
2025-09-19,332115.0208927868
2025-09-22,334208.4649693249
2025-09-23,334822.8299977062
2025-09-24,329976.98800246697
2025-09-25,330341.6653782604
2025-09-26,333931.93403975945
2025-09-29,334398.4497410534
2025-09-30,339886.6780664203
2025-10-01,344233.7193414447
2025-10-02,344783.69807450747
2025-10-03,345186.16617219424
2025-10-06,348129.49081056094
2025-10-07,344548.6418344257
2025-10-08,352950.8181497333
2025-10-09,346528.8999084357
2025-10-10,335233.6582781192
2025-10-13,351137.4626964385
2025-10-14,351718.4515193755
2025-10-15,346829.12568319385
2025-10-16,344109.2848018462
2025-10-17,337528.3444709702
2025-10-20,341642.61713790137
2025-10-21,334670.19379744725
2025-10-22,327330.7015489121
2025-10-23,335682.1727299424
2025-10-24,345809.1896152799
2025-10-27,345859.7533778611
2025-10-28,345558.99451250467
2025-10-29,351242.4759005967
2025-10-30,349311.9367389146
2025-10-31,350354.971303854
2025-11-03,350153.07421294216
2025-11-04,343993.0138911343
2025-11-05,341604.3739871121
2025-11-06,335406.77944960597
2025-11-07,334707.36069365503
2025-11-10,339423.4913395596
2025-11-11,337748.13258635526
2025-11-12,340135.6551235867
2025-11-13,330814.5878665006
2025-11-14,329949.588852187
2025-11-17,327376.9056322773
2025-11-18,324659.7460811909
2025-11-19,326614.25587275584
2025-11-20,315653.33386424143
2025-11-21,319233.34138300974
2025-11-24,332010.26424220164
2025-11-25,335111.1660862263
2025-11-26,338057.65791514475
2025-11-28,341416.79493907053
2025-12-01,337603.4050197895
2025-12-02,336920.6248989399
2025-12-03,336357.72502711375
2025-12-04,339777.91682627756
2025-12-05,341340.7234058674
2025-12-08,345326.68491912936
2025-12-09,346770.96924851206
2025-12-10,350804.72443268565
2025-12-11,357075.7005965498
2025-12-12,345867.05614517955
2025-12-15,346276.7036725742
2025-12-16,343806.1748620731
2025-12-17,337759.96550385776
2025-12-18,342887.7656000645
2025-12-19,350344.43190942117
2025-12-22,352044.12523255654
2025-12-23,352104.888671735
2025-12-24,352608.74137673684
2025-12-26,352902.4952429325
2025-12-29,350398.3970755131
2025-12-30,349009.8630922825
2025-12-31,344957.07764039346
2026-01-02,350866.64852702006
2026-01-05,355967.2781008421
2026-01-06,372616.4570158659
2026-01-07,367086.1587809263
2026-01-08,360482.8286665617
2026-01-09,369426.2024890791
2026-01-12,380431.6311180006
2026-01-13,378127.41844481335
2026-01-14,373262.13009566173
2026-01-15,381442.1062480818
2026-01-16,385245.55852335796
2026-01-20,383222.58504313335
2026-01-21,392768.1796047102
2026-01-22,398637.7079736601
2026-01-23,396593.5683662306
2026-01-26,395712.4373208891
2026-01-27,396815.09852515865
2026-01-28,404227.14167224575
2026-01-29,403882.78181087185
2026-01-30,393842.6748782318
2026-02-02,403960.9531222503
2026-02-03,404736.83366767573
2026-02-04,394453.322257477
2026-02-05,383849.7545809328
2026-02-06,397055.7130157221
2026-02-09,400859.9189368952
2026-02-10,394844.4772521723
2026-02-11,400674.5927087534
2026-02-12,397227.897637533
2026-02-13,396490.9210270188
2026-02-17,394704.9668235276
2026-02-18,399501.9615439866
2026-02-19,400865.32500834204
2026-02-20,407419.82596964575
2026-02-23,404570.29459757544
2026-02-24,407416.030452678
2026-02-25,415552.0247001145
2026-02-26,410040.6343955491
2026-02-27,404784.6746634934
2026-03-02,410768.7477758999
2026-03-03,395288.64126386953
2026-03-04,396730.1962617992
2026-03-05,380580.29901448474
2026-03-06,369291.0438112377
2026-03-09,371915.39453147585
2026-03-10,372627.6204836243
2026-03-11,372238.13457447255
2026-03-12,368379.4438319799
2026-03-13,371846.32649387565
2026-03-16,375179.1522995397
2026-03-17,376526.1347519323
2026-03-18,379203.70597995963
2026-03-19,383124.98550571647
2026-03-20,371490.88678135123
2026-03-23,376498.04514483316
2026-03-24,384329.3124254118
2026-03-25,386537.06748751504
2026-03-26,378256.05500486353
2026-03-27,380535.3464820669
2026-03-30,371748.7534416006
2026-03-31,374905.4172841586
2026-04-01,376561.8113919772
2026-04-02,381341.9522611178
2026-04-06,379824.72800269496
2026-04-07,382219.30936833716
2026-04-08,383836.60414906836
2026-04-09,381983.9864771018
2026-04-10,382698.07098409033
2026-04-13,381905.9496767173
2026-04-14,378553.23629781103
2026-04-15,379403.156257833
2026-04-16,382518.75457784033
2026-04-17,380852.48083134985
2026-04-20,380505.9382478843
2026-04-21,381765.7563702903
2026-04-22,380185.35863652563
2026-04-23,381121.84647908545
2026-04-24,379647.5226265464
2026-04-27,383526.1632248435
2026-04-28,375636.1159518943
2026-04-29,372517.1708224998
2026-04-30,383654.7255720276
2026-05-01,381901.0944456238
2026-05-04,380370.21140805667
2026-05-05,387292.0528577942
2026-05-06,395925.4602789063
2026-05-07,385471.893712439
2026-05-08,391685.60109464114
2026-05-11,395557.7693800571
2026-05-12,390129.5633445957
2026-05-13,392804.1747375706
2026-05-14,399365.47423702024
2026-05-15,388558.1595389917
2026-05-18,373146.670838125
2026-05-19,367523.755971792
2026-05-20,373855.09390056395
2026-05-21,377888.2839506467
2026-05-22,378815.6884176572
2026-05-26,386731.72339843115
2026-05-27,381613.4856054624
2026-05-28,377756.60837448575
2026-05-29,376810.7842469833
2026-06-01,372408.1517167709
2026-06-02,386525.97585922695
2026-06-03,393214.72950333095
2026-06-04,388772.939078984
2026-06-05,359912.3241192672
2026-06-08,368013.93064285733
2026-06-09,371416.58880020597
2026-06-10,365500.3177272079
2026-06-11,395144.5659190414
2026-06-12,402507.03062363126
2026-06-15,414744.5361772201
2026-06-16,403811.57433945156
2026-06-17,406571.8612504623
2026-06-18,423827.52788406826
2026-06-22,423482.2395768783
2026-06-23,409495.7533284042
2026-06-24,402795.8569660995
2026-06-25,416736.7550431869
2026-06-26,402452.7489936874
2026-06-29,413959.62858749845
2026-06-30,421855.7520005844
2026-07-01,406308.9683381698
2026-07-02,371780.44912735437
2026-07-06,373094.58376907796
2026-07-07,358240.71056675405
2026-07-08,357357.3610969588
2026-07-09,363499.2308679625
2026-07-10,364792.42386589496
2026-07-13,360134.7263380095
2026-07-14,361574.44364986866
2026-07-15,359955.0387027404
2026-07-16,356623.72197544546
2026-07-17,351528.597166867
2026-07-20,346916.2821734785
2026-07-21,353164.672360742
2026-07-22,350929.16277154675
2026-07-23,347920.48224099865
2026-07-24,345399.66212243785
2026-07-27,345336.0721985792
2026-07-28,348087.9019719845
2026-07-29,343637.7292205578
2026-07-30,343527.4906337887
2026-07-31,340278.4120767742
2026-08-03,338445.60464841424
2026-08-04,341664.792989555
2026-08-05,340968.808863464
2026-08-06,336134.9068420559
2026-08-07,336724.17933641013
2026-08-10,337730.54560639785
2026-08-11,336007.9113341276
2026-08-12,339145.5341988508
2026-08-13,341819.6377154295
2026-08-14,339900.37539899274
2026-08-17,339767.8373223631
2026-08-18,337538.46748269483
2026-08-19,333041.3775054304
2026-08-20,329670.5053860609
2026-08-21,334660.45747826976
2026-08-24,333435.9913413374
2026-08-25,334061.36115605757
