date,cash_fraction
2007-01-03,1.0
2007-01-04,0.09996921338004494
2007-01-05,5.408225634906394e-05
2007-01-08,5.355702470399848e-05
2007-01-09,5.353918636497035e-05
2007-01-10,5.3421283167320865e-05
2007-01-11,5.283858059512703e-05
2007-01-12,5.2575811696708996e-05
2007-01-16,5.260426882591762e-05
2007-01-17,5.255061900955038e-05
2007-01-18,5.362141708498136e-05
2007-01-19,0.08080395753945224
2007-01-22,0.08120791842714381
2007-01-23,0.08087282022495623
2007-01-24,0.08054949617357399
2007-01-25,0.08126295899901737
2007-01-26,0.0808155696914632
2007-01-29,0.07192008149076479
2007-01-30,0.07175318519373797
2007-01-31,0.06836509136405555
2007-02-01,0.06782430553700314
2007-02-02,0.06773275032136394
2007-02-05,0.06679534470905923
2007-02-06,0.061271596081272306
2007-02-07,0.06048568731693993
2007-02-08,0.06056715952387992
2007-02-09,0.06115534988364102
2007-02-12,0.027053609895173802
2007-02-13,0.026881282049826094
2007-02-14,0.08277253954306651
2007-02-15,0.08259155821333186
2007-02-16,0.0828500520432005
2007-02-20,0.08165453317422544
2007-02-21,0.1375901947497432
2007-02-22,0.137388478293765
2007-02-23,0.1289265408279322
2007-02-26,0.111302783409568
2007-02-27,0.11486138269764634
2007-02-28,0.11565740798304569
2007-03-01,0.09840282504196152
2007-03-02,0.10013607753433162
2007-03-05,0.050792389096477875
2007-03-06,0.01020868479187087
2007-03-07,0.010116039165888213
2007-03-08,0.009921580554445253
2007-03-09,0.009948985763952312
2007-03-12,0.009756512605257006
2007-03-13,0.07262247014639145
2007-03-14,0.07263932815680285
2007-03-15,0.07232058654905094
2007-03-16,0.07258076630891763
2007-03-19,0.07214628246610877
2007-03-20,0.06848176944739881
2007-03-21,0.06755952871226312
2007-03-22,0.0678638891636173
2007-03-23,0.06752957782846458
2007-03-26,0.06803069253700411
2007-03-27,0.06908872789959208
2007-03-28,0.06511806975006929
2007-03-29,0.06525738035197359
2007-03-30,0.0649891227631364
2007-04-02,0.06462871619225552
2007-04-03,0.06352508010861169
2007-04-04,0.06338010299774854
2007-04-05,0.06271359388299858
2007-04-09,0.06285687149970143
2007-04-10,0.06315843645147956
2007-04-11,0.06338897663312548
2007-04-12,0.060096482898814196
2007-04-13,0.11757628152703303
2007-04-16,0.11694917540598582
2007-04-17,0.11692712775410974
2007-04-18,0.11741207794711872
2007-04-19,0.11106713151278025
2007-04-20,0.11071834872221731
2007-04-23,0.11106389228653457
2007-04-24,0.11171036689104852
2007-04-25,0.11106866305812713
2007-04-26,0.07209462702177005
2007-04-27,0.07962249960062051
2007-04-30,0.08037361605396653
2007-05-01,0.08010850011849568
2007-05-02,0.07889538798154072
2007-05-03,0.07883503881740206
2007-05-04,0.07382629967227494
2007-05-07,0.07320152081376807
2007-05-08,0.07361400605492485
2007-05-09,0.07301928251660428
2007-05-10,0.07432600717790105
2007-05-11,0.07085176935979698
2007-05-14,0.07103624372950501
2007-05-15,0.07156033918393956
2007-05-16,0.0717696048671771
2007-05-17,0.07135908856589601
2007-05-18,0.07098348344440664
2007-05-21,0.06718602328303869
2007-05-22,0.06691323662529958
2007-05-23,0.06725633341561033
2007-05-24,0.06860703214252128
2007-05-25,0.0605796794394613
2007-05-29,0.06039810056867856
2007-05-30,0.060198738423083986
2007-05-31,0.05067135399744738
2007-06-01,0.05001176405987062
2007-06-04,0.10539116024138351
2007-06-05,0.10532674477717996
2007-06-06,0.10625482302048528
2007-06-07,0.10875747824765969
2007-06-08,0.1027223637169784
2007-06-11,0.1029870803601276
2007-06-12,0.10390468835595768
2007-06-13,0.10385522491234478
2007-06-14,0.10263677646611624
2007-06-15,0.10036064451223647
2007-06-18,0.0999200301093155
2007-06-19,0.0991917787572153
2007-06-20,0.15997873806648577
2007-06-21,0.15205743973560792
2007-06-22,0.1530456430983782
2007-06-25,0.15442909678611327
2007-06-26,0.15127272972614114
2007-06-27,0.14648098413682475
2007-06-28,0.14645418117961373
2007-06-29,0.14690997209007606
2007-07-02,0.14426604495734885
2007-07-03,0.14374317845278228
2007-07-05,0.14368739772168249
2007-07-06,0.13734095128306256
2007-07-09,0.13743912383493817
2007-07-10,0.1406588706589338
2007-07-11,0.09019144903987164
2007-07-12,0.08752980639509489
2007-07-13,0.08773934365505187
2007-07-16,0.08861836898194564
2007-07-17,0.08875326027432884
2007-07-18,0.08888996437425634
2007-07-19,0.08622354218216977
2007-07-20,0.07901455534051804
2007-07-23,0.036164557397293184
2007-07-24,0.037451533323292874
2007-07-25,0.03604403968963654
2007-07-26,0.02857047243779609
2007-07-27,0.3894497458327716
2007-07-30,0.09600486995759527
2007-07-31,0.09667060531096039
2007-08-01,0.0975815628831066
2007-08-02,0.09712533114421185
2007-08-03,0.0998310944550268
2007-08-06,0.30587112105371117
2007-08-07,0.005664195739738753
2007-08-08,0.005642464717230955
2007-08-09,0.0057411094950577946
2007-08-10,0.081512962997214
2007-08-13,0.08218047068396794
2007-08-14,0.08331813984339642
2007-08-15,0.18461388357474462
2007-08-16,0.3980128093097496
2007-08-17,0.6926441683134368
2007-08-20,0.09272362983036497
2007-08-21,0.1969963534633763
2007-08-22,0.09673069723752048
2007-08-23,0.09756560520432356
2007-08-24,0.09724625007823506
2007-08-27,0.1896624060443186
2007-08-28,0.09142966380413564
2007-08-29,0.0898859368417686
2007-08-30,0.08984517514342605
2007-08-31,0.08875857902485529
2007-09-04,0.086786103415185
2007-09-05,0.086774706576763
2007-09-06,0.08655136051766843
2007-09-07,0.0884070568999562
2007-09-10,0.08807387571429581
2007-09-11,0.0867579906578323
2007-09-12,0.08675707807270105
2007-09-13,0.08641624936349701
2007-09-14,0.08660710398315552
2007-09-17,0.08744195627415918
2007-09-18,0.0848386085691969
2007-09-19,0.0833244032477749
2007-09-20,0.14017260614007532
2007-09-21,0.04011158152664207
2007-09-24,0.040297712846472655
2007-09-25,0.03998848603517846
2007-09-26,0.039640939295762734
2007-09-27,0.03978548367734014
2007-09-28,0.1001193072877884
2007-10-01,0.08869254435648799
2007-10-02,0.08832821816632808
2007-10-03,0.08836716281848711
2007-10-04,0.08845198829363421
2007-10-05,0.07825191837504109
2007-10-08,0.07756907166978066
2007-10-09,0.13077252752908564
2007-10-10,0.18234363371306805
2007-10-11,0.1837197508589421
2007-10-12,0.18162183360669226
2007-10-15,0.18170548589480673
2007-10-16,0.18132057688965042
2007-10-17,0.18108199962565785
2007-10-18,0.18139118992370395
2007-10-19,0.1868603507684351
2007-10-22,0.185190603662029
2007-10-23,0.18154046994824136
2007-10-24,0.23784469250072948
2007-10-25,0.2420604117104035
2007-10-26,0.18169409058902308
2007-10-29,0.17617708096014706
2007-10-30,0.17826003273574054
2007-10-31,0.17423499290991284
2007-11-01,0.17968655152144297
2007-11-02,0.1801933793817776
2007-11-05,0.12358951379629268
2007-11-06,0.11039710175910067
2007-11-07,0.1678574644002896
2007-11-08,0.16894822914301488
2007-11-09,0.22742643943870222
2007-11-12,0.41757104354867947
2007-11-13,0.5122388588039597
2007-11-14,0.11293642103577861
2007-11-15,0.11389986126986118
2007-11-16,0.11354799199294952
2007-11-19,0.2677077210480071
2007-11-20,0.33007695820012284
2007-11-21,0.3848274080255809
2007-11-23,0.37968347056608387
2007-11-26,0.377938683504488
2007-11-27,0.3746470928293525
2007-11-28,0.36609422014156046
2007-11-29,0.36657244675760003
2007-11-30,0.3675933292980138
2007-12-03,0.1674582117712201
2007-12-04,0.06768307979003796
2007-12-05,0.06773141428062146
2007-12-06,0.06625317004812814
2007-12-07,0.06639597747789905
2007-12-10,0.06582515798842581
2007-12-11,0.06697547329991682
2007-12-12,0.06670977966047598
2007-12-13,0.06687092810118866
2007-12-14,0.06601411201521568
2007-12-17,0.22017532400007522
2007-12-18,0.217848671333834
2007-12-19,0.2154114137053399
2007-12-20,0.21248715815149755
2007-12-21,0.20909014725175967
2007-12-24,0.10767008798629862
2007-12-26,0.10727546251961784
2007-12-27,0.11015527432254824
2007-12-28,0.1096236344573086
2007-12-31,0.11112220313606003
2008-01-02,0.11101481071666497
2008-01-03,0.10989153213548708
2008-01-04,0.20636329339255288
2008-01-07,0.3688416048935582
2008-01-08,0.3705764526663784
2008-01-09,0.5587418082884792
2008-01-10,0.5574875648292104
2008-01-11,0.5581716029006234
2008-01-14,0.5539944152518759
2008-01-15,0.5604317146612479
2008-01-16,0.5639241751237056
2008-01-17,0.5689806331355203
2008-01-18,0.7235266260876467
2008-01-22,0.7295368376315619
2008-01-23,0.8288269680298704
2008-01-24,0.8307027987072874
2008-01-25,0.8306330821418475
2008-01-28,0.8264718883111084
2008-01-29,0.8247224312933036
2008-01-30,0.8284231880066748
2008-01-31,0.8279367233266524
2008-02-01,0.8262875997876193
2008-02-04,0.8274537993760199
2008-02-05,0.8315406365719731
2008-02-06,0.9346470371759029
2008-02-07,0.9344470316969646
2008-02-08,0.9347137268163093
2008-02-11,0.934597029369706
2008-02-12,0.929952881540044
2008-02-13,0.9287496633423513
2008-02-14,0.9284370095035488
2008-02-15,0.9290460586651372
2008-02-19,0.9288813740372175
2008-02-20,0.9333485203246268
2008-02-21,0.9340139725976403
2008-02-22,0.9345303563798466
2008-02-25,0.9322194180404619
2008-02-26,0.9322028304418508
2008-02-27,0.9296229275917012
2008-02-28,0.9304647833824969
2008-02-29,0.9323189307190323
2008-03-03,0.9325512180525742
2008-03-04,0.9325844123110683
2008-03-05,0.9318381284170018
2008-03-06,0.9337476765835848
2008-03-07,1.0
2008-03-10,1.0
2008-03-11,1.0
2008-03-12,1.0
2008-03-13,1.0
2008-03-14,1.0
2008-03-17,1.0
2008-03-18,1.0
2008-03-19,1.0
2008-03-20,1.0
2008-03-24,1.0
2008-03-25,1.0
2008-03-26,1.0
2008-03-27,1.0
2008-03-28,1.0
2008-03-31,1.0
2008-04-01,1.0
2008-04-02,1.0
2008-04-03,1.0
2008-04-04,1.0
2008-04-07,1.0
2008-04-08,1.0
2008-04-09,1.0
2008-04-10,1.0
2008-04-11,1.0
2008-04-14,1.0
2008-04-15,1.0
2008-04-16,1.0
2008-04-17,1.0
2008-04-18,1.0
2008-04-21,1.0
2008-04-22,1.0
2008-04-23,1.0
2008-04-24,1.0
2008-04-25,1.0
2008-04-28,1.0
2008-04-29,1.0
2008-04-30,1.0
2008-05-01,1.0
2008-05-02,1.0
2008-05-05,1.0
2008-05-06,1.0
2008-05-07,0.5005564411982084
2008-05-08,0.4959858575715299
2008-05-09,0.4945215839913959
2008-05-12,0.4938071136041927
2008-05-13,0.49211439527164713
2008-05-14,0.48929853200045614
2008-05-15,0.48728107701129786
2008-05-16,0.0868815313840946
2008-05-19,0.08760932749579886
2008-05-20,0.08804185685837307
2008-05-21,0.08970950850487347
2008-05-22,0.08939211060396124
2008-05-23,0.09093053352537317
2008-05-27,0.09067678954982339
2008-05-28,0.0892474819814395
2008-05-29,0.08902429820382507
2008-05-30,0.2800853627839518
2008-06-02,0.2812582957631292
2008-06-03,0.2821850005310279
2008-06-04,0.28034334592083443
2008-06-05,0.3770430071243649
2008-06-06,0.3842440214118952
2008-06-09,0.3828100232469621
2008-06-10,0.48148776150272454
2008-06-11,0.4870399968683222
2008-06-12,0.5827662071305495
2008-06-13,0.578039134059682
2008-06-16,0.5785405864590603
2008-06-17,0.5825564555526072
2008-06-18,0.6801113791905635
2008-06-19,0.6782414627810632
2008-06-20,0.6832151639170513
2008-06-23,0.7833985391633026
2008-06-24,0.7847492274092407
2008-06-25,0.7817672182147501
2008-06-26,0.7888797924551736
2008-06-27,0.8981350527004992
2008-06-30,1.0
2008-07-01,1.0
2008-07-02,1.0
2008-07-03,1.0
2008-07-07,1.0
2008-07-08,1.0
2008-07-09,1.0
2008-07-10,1.0
2008-07-11,1.0
2008-07-14,1.0
2008-07-15,1.0
2008-07-16,1.0
2008-07-17,1.0
2008-07-18,1.0
2008-07-21,1.0
2008-07-22,1.0
2008-07-23,1.0
2008-07-24,1.0
2008-07-25,1.0
2008-07-28,1.0
2008-07-29,1.0
2008-07-30,1.0
2008-07-31,1.0
2008-08-01,1.0
2008-08-04,1.0
2008-08-05,1.0
2008-08-06,1.0
2008-08-07,1.0
2008-08-08,1.0
2008-08-11,1.0
2008-08-12,1.0
2008-08-13,1.0
2008-08-14,1.0
2008-08-15,1.0
2008-08-18,1.0
2008-08-19,1.0
2008-08-20,1.0
2008-08-21,1.0
2008-08-22,1.0
2008-08-25,1.0
2008-08-26,1.0
2008-08-27,1.0
2008-08-28,1.0
2008-08-29,1.0
2008-09-02,1.0
2008-09-03,1.0
2008-09-04,1.0
2008-09-05,1.0
2008-09-08,1.0
2008-09-09,1.0
2008-09-10,1.0
2008-09-11,1.0
2008-09-12,1.0
2008-09-15,1.0
2008-09-16,1.0
2008-09-17,1.0
2008-09-18,1.0
2008-09-19,1.0
2008-09-22,1.0
2008-09-23,1.0
2008-09-24,1.0
2008-09-25,1.0
2008-09-26,1.0
2008-09-29,1.0
2008-09-30,1.0
2008-10-01,1.0
2008-10-02,1.0
2008-10-03,1.0
2008-10-06,1.0
2008-10-07,1.0
2008-10-08,1.0
2008-10-09,1.0
2008-10-10,1.0
2008-10-13,1.0
2008-10-14,1.0
2008-10-15,1.0
2008-10-16,1.0
2008-10-17,1.0
2008-10-20,1.0
2008-10-21,1.0
2008-10-22,1.0
2008-10-23,1.0
2008-10-24,1.0
2008-10-27,1.0
2008-10-28,1.0
2008-10-29,1.0
2008-10-30,1.0
2008-10-31,1.0
2008-11-03,1.0
2008-11-04,1.0
2008-11-05,1.0
2008-11-06,1.0
2008-11-07,1.0
2008-11-10,1.0
2008-11-11,1.0
2008-11-12,1.0
2008-11-13,1.0
2008-11-14,1.0
2008-11-17,1.0
2008-11-18,1.0
2008-11-19,1.0
2008-11-20,1.0
2008-11-21,1.0
2008-11-24,1.0
2008-11-25,1.0
2008-11-26,1.0
2008-11-28,1.0
2008-12-01,1.0
2008-12-02,1.0
2008-12-03,1.0
2008-12-04,1.0
2008-12-05,1.0
2008-12-08,1.0
2008-12-09,1.0
2008-12-10,1.0
2008-12-11,1.0
2008-12-12,1.0
2008-12-15,1.0
2008-12-16,1.0
2008-12-17,1.0
2008-12-18,1.0
2008-12-19,1.0
2008-12-22,1.0
2008-12-23,1.0
2008-12-24,1.0
2008-12-26,1.0
2008-12-29,1.0
2008-12-30,1.0
2008-12-31,1.0
2009-01-02,1.0
2009-01-05,1.0
2009-01-06,1.0
2009-01-07,1.0
2009-01-08,1.0
2009-01-09,1.0
2009-01-12,1.0
2009-01-13,1.0
2009-01-14,1.0
2009-01-15,1.0
2009-01-16,1.0
2009-01-20,1.0
2009-01-21,1.0
2009-01-22,1.0
2009-01-23,1.0
2009-01-26,1.0
2009-01-27,1.0
2009-01-28,1.0
2009-01-29,1.0
2009-01-30,1.0
2009-02-02,1.0
2009-02-03,1.0
2009-02-04,1.0
2009-02-05,1.0
2009-02-06,1.0
2009-02-09,1.0
2009-02-10,1.0
2009-02-11,1.0
2009-02-12,1.0
2009-02-13,1.0
2009-02-17,1.0
2009-02-18,1.0
2009-02-19,1.0
2009-02-20,1.0
2009-02-23,1.0
2009-02-24,1.0
2009-02-25,1.0
2009-02-26,1.0
2009-02-27,1.0
2009-03-02,1.0
2009-03-03,1.0
2009-03-04,1.0
2009-03-05,1.0
2009-03-06,1.0
2009-03-09,1.0
2009-03-10,1.0
2009-03-11,1.0
2009-03-12,1.0
2009-03-13,1.0
2009-03-16,1.0
2009-03-17,1.0
2009-03-18,1.0
2009-03-19,1.0
2009-03-20,1.0
2009-03-23,1.0
2009-03-24,1.0
2009-03-25,1.0
2009-03-26,1.0
2009-03-27,1.0
2009-03-30,1.0
2009-03-31,1.0
2009-04-01,1.0
2009-04-02,1.0
2009-04-03,1.0
2009-04-06,1.0
2009-04-07,1.0
2009-04-08,1.0
2009-04-09,1.0
2009-04-13,1.0
2009-04-14,1.0
2009-04-15,1.0
2009-04-16,1.0
2009-04-17,1.0
2009-04-20,1.0
2009-04-21,1.0
2009-04-22,1.0
2009-04-23,1.0
2009-04-24,1.0
2009-04-27,1.0
2009-04-28,1.0
2009-04-29,1.0
2009-04-30,1.0
2009-05-01,1.0
2009-05-04,1.0
2009-05-05,1.0
2009-05-06,1.0
2009-05-07,1.0
2009-05-08,1.0
2009-05-11,1.0
2009-05-12,1.0
2009-05-13,1.0
2009-05-14,1.0
2009-05-15,1.0
2009-05-18,1.0
2009-05-19,1.0
2009-05-20,1.0
2009-05-21,1.0
2009-05-22,1.0
2009-05-26,1.0
2009-05-27,1.0
2009-05-28,1.0
2009-05-29,1.0
2009-06-01,1.0
2009-06-02,1.0
2009-06-03,0.900039228366867
2009-06-04,0.7988711233579222
2009-06-05,0.6008213397002615
2009-06-08,0.3989675842486379
2009-06-09,0.4001338074842603
2009-06-10,0.3023847748058419
2009-06-11,0.3044832992134443
2009-06-12,0.10692802025435666
2009-06-15,0.30507170928468097
2009-06-16,0.4987970188244897
2009-06-17,0.49622702316978295
2009-06-18,0.5926781390297183
2009-06-19,0.49089706607447503
2009-06-22,0.4985823489518558
2009-06-23,0.49890811400636004
2009-06-24,0.4957939982075329
2009-06-25,0.3898416123203742
2009-06-26,0.38780372813452124
2009-06-29,0.2851463720393268
2009-06-30,0.18585529281790691
2009-07-01,0.08485508326019409
2009-07-02,0.08694612196997742
2009-07-06,0.08781024517695735
2009-07-07,0.09405006009065375
2009-07-08,0.09534573131264457
2009-07-09,0.3855858941398955
2009-07-10,0.38603864980250713
2009-07-13,0.18327780796920756
2009-07-14,0.0827776308132343
2009-07-15,0.08071499745544808
2009-07-16,0.0802086630833293
2009-07-17,0.13895294720472684
2009-07-20,0.232043259868697
2009-07-21,0.23356326879503775
2009-07-22,0.22924819155301834
2009-07-23,0.22585734615065245
2009-07-24,0.22557454859008197
2009-07-27,0.22611299316831668
2009-07-28,0.1251899509303087
2009-07-29,0.1245722869776622
2009-07-30,0.1242830410865221
2009-07-31,0.08057517941775383
2009-08-03,0.07991291082149254
2009-08-04,0.08019759058090759
2009-08-05,0.08162987363121377
2009-08-06,0.0817814760572545
2009-08-07,0.08039230723023072
2009-08-10,0.07885444386375284
2009-08-11,0.1386080741966672
2009-08-12,0.137550520966485
2009-08-13,0.13622452010475972
2009-08-14,0.13780768698667223
2009-08-17,0.13924655069280145
2009-08-18,0.13119247348071628
2009-08-19,0.13026630691324348
2009-08-20,0.12920554742696333
2009-08-21,0.12815343250641809
2009-08-24,0.12888561391368947
2009-08-25,0.12792106394672131
2009-08-26,0.12103555490606488
2009-08-27,0.17838198522572912
2009-08-28,0.1771461344006091
2009-08-31,0.1786546443096998
2009-09-01,0.13290933092331303
2009-09-02,0.07119108229670035
2009-09-03,0.06926600094930369
2009-09-04,0.06286239788515857
2009-09-08,0.11927230771410513
2009-09-09,0.11490746580792277
2009-09-10,0.11275446204535355
2009-09-11,0.11479830453292816
2009-09-14,0.1132238189992083
2009-09-15,0.10982195796652705
2009-09-16,0.11006991662769339
2009-09-17,0.13696495380750306
2009-09-18,0.018425861208179573
2009-09-21,0.01861276529865985
2009-09-22,0.018376862378999048
2009-09-23,0.018637395502448695
2009-09-24,0.019450141093340423
2009-09-25,0.07751774087178664
2009-09-28,0.13243568315515297
2009-09-29,0.19290522713415026
2009-09-30,0.19513372957019748
2009-10-01,0.2033532502227673
2009-10-02,0.19675881042521348
2009-10-05,0.14708808154024366
2009-10-06,0.20387346905684467
2009-10-07,0.20539771078744673
2009-10-08,0.20311774022119133
2009-10-09,0.2024779280846869
2009-10-12,0.24958589355899297
2009-10-13,0.14845589656373004
2009-10-14,0.1457990757497294
2009-10-15,0.14517911535516004
2009-10-16,0.14823925261240622
2009-10-19,0.14704958879869845
2009-10-20,0.14909541551917083
2009-10-21,0.1018138355025009
2009-10-22,0.10021027694733464
2009-10-23,0.10220348544722768
2009-10-26,0.09724773793131847
2009-10-27,0.002927392518557448
2009-10-28,0.0030911526044562487
2009-10-29,0.014246992900554645
2009-10-30,0.014527438776164248
2009-11-02,0.08285085901092892
2009-11-03,0.04716390481363075
2009-11-04,0.04675995041442094
2009-11-05,0.04563831389583717
2009-11-06,0.04587676857969447
2009-11-09,0.044647601998751285
2009-11-10,0.04455732410030688
2009-11-11,0.04450196751701263
2009-11-12,0.045184572809792045
2009-11-13,0.0448325714492368
2009-11-16,0.04401167513190696
2009-11-17,0.0439675447340121
2009-11-18,0.04449982345441583
2009-11-19,0.04549079989333793
2009-11-20,0.030736491486536788
2009-11-23,0.03027500444301412
2009-11-24,0.030305557586016274
2009-11-25,0.029951523677659964
2009-11-27,0.03064855336324135
2009-11-30,0.030836415428112884
2009-12-01,0.03043277412519163
2009-12-02,0.030357575946697635
2009-12-03,0.03071041480749359
2009-12-04,0.030573365688374543
2009-12-07,0.02343129634948915
2009-12-08,0.024280587064657744
2009-12-09,0.018632318314275254
2009-12-10,0.021940805781923256
2009-12-11,0.0218220179261861
2009-12-14,0.021883824447218148
2009-12-15,0.012152536722187857
2009-12-16,0.0121366037401891
2009-12-17,0.009705447230105357
2009-12-18,0.0673013457261914
2009-12-21,0.06626931099647582
2009-12-22,0.06570857411717612
2009-12-23,0.06512765093182638
2009-12-24,0.06471004944255765
2009-12-28,0.06506307707113601
2009-12-29,0.06537675441905177
2009-12-30,0.06552019742545945
2009-12-31,0.06654073787269443
2010-01-04,0.06587343218370001
2010-01-05,0.06584641725996754
2010-01-06,0.06621290549155023
2010-01-07,0.06833496815578488
2010-01-08,0.06825487700588806
2010-01-11,0.06459720548487768
2010-01-12,0.05059401459973101
2010-01-13,0.041037222938464235
2010-01-14,0.04089861100600278
2010-01-15,0.04183849427207742
2010-01-19,0.051715504619721075
2010-01-20,0.05182743396471268
2010-01-21,0.05359166216461053
2010-01-22,0.04188562008968577
2010-01-25,0.06411508840764824
2010-01-26,0.06497999223152506
2010-01-27,0.064445890479638
2010-01-28,0.06577093598075934
2010-01-29,0.056126395457899325
2010-02-01,0.05555409320347504
2010-02-02,0.05513456721389565
2010-02-03,0.06050823616048784
2010-02-04,0.06295230236743687
2010-02-05,0.0640532058658897
2010-02-08,0.06423802822924818
2010-02-09,0.061736136564530364
2010-02-10,0.06214800069712356
2010-02-11,0.06112235290276924
2010-02-12,0.060783914414236806
2010-02-16,0.06004009943055044
2010-02-17,0.0595560352707587
2010-02-18,0.059089258700647185
2010-02-19,0.05865549037678408
2010-02-22,0.05799845458979125
2010-02-23,0.05868080822842203
2010-02-24,0.0583448644573038
2010-02-25,0.058226681749366294
2010-02-26,0.05770661929021903
2010-03-01,0.019023047796852266
2010-03-02,0.018954564525243023
2010-03-03,0.019101858380627168
2010-03-04,0.019108726491050665
2010-03-05,0.01881859268323871
2010-03-08,0.018801468647218433
2010-03-09,0.01882057709492202
2010-03-10,0.07565295002561134
2010-03-11,0.12906329919202852
2010-03-12,0.12227359528421222
2010-03-15,0.12366914732245926
2010-03-16,0.11584665704200892
2010-03-17,0.11540452095641052
2010-03-18,0.1158709648730657
2010-03-19,0.11768879647081976
2010-03-22,0.11612720256856235
2010-03-23,0.11432204036919646
2010-03-24,0.172254406450144
2010-03-25,0.17442069198722343
2010-03-26,0.17461491930928597
2010-03-29,0.17407873839342236
2010-03-30,0.17293420125777792
2010-03-31,0.17457954088140326
2010-04-01,0.17306631973728093
2010-04-05,0.17005464373074586
2010-04-06,0.168975394774452
2010-04-07,0.1269568188886464
2010-04-08,0.12589962888424255
2010-04-09,0.12503192959239295
2010-04-12,0.12343617920231098
2010-04-13,0.12374444297587539
2010-04-14,0.12157963853867815
2010-04-15,0.12144243420218093
2010-04-16,0.12408505433083816
2010-04-19,0.12468272995024765
2010-04-20,0.12295925843144473
2010-04-21,0.1228986914097
2010-04-22,0.17151590620427348
2010-04-23,0.22085950079410077
2010-04-26,0.2199052139638502
2010-04-27,0.22511605479809482
2010-04-28,0.2235673097537073
2010-04-29,0.2196581859750032
2010-04-30,0.28202483085888663
2010-05-03,0.22944741749224673
2010-05-04,0.23907790134596651
2010-05-05,0.07639324100790668
2010-05-06,0.07400205414098904
2010-05-07,0.07720614652225366
2010-05-10,0.07831866544940858
2010-05-11,0.07907393647877503
2010-05-12,0.06777254280741829
2010-05-13,0.0681984387533674
2010-05-14,0.07002756825269774
2010-05-17,0.06198638939308987
2010-05-18,0.06340541906887853
2010-05-19,0.0642722986508707
2010-05-20,0.06773504421040566
2010-05-21,0.5738980327040473
2010-05-24,0.5733267934246062
2010-05-25,0.5727537904522744
2010-05-26,0.5721160761108094
2010-05-27,0.6589818494112931
2010-05-28,0.5585005555834601
2010-06-01,0.563234524623657
2010-06-02,0.5565402136404799
2010-06-03,0.5513936365717648
2010-06-04,0.5203737674107766
2010-06-07,0.5278316181237052
2010-06-08,0.6273376453502885
2010-06-09,0.6258956126346473
2010-06-10,0.7157348607311786
2010-06-11,0.7100862273977926
2010-06-14,0.7083743817967959
2010-06-15,0.7035736092570424
2010-06-16,0.5635991189845422
2010-06-17,0.4646571544437599
2010-06-18,0.4661064509416102
2010-06-21,0.16729864268888417
2010-06-22,0.06799413331666504
2010-06-23,0.06753231000546478
2010-06-24,0.06807436820442381
2010-06-25,0.06817698870616717
2010-06-28,0.0682039968815279
2010-06-29,0.07041701023803137
2010-06-30,0.46550612740459096
2010-07-01,0.46473812817336835
2010-07-02,0.5282896236134347
2010-07-06,0.6230906671138641
2010-07-07,0.6219287068141481
2010-07-08,0.6207927938385123
2010-07-09,0.6205001946396835
2010-07-12,0.6206409620471927
2010-07-13,0.6178460178426903
2010-07-14,0.7210197879093945
2010-07-15,0.7205544027713744
2010-07-16,0.7252944589675854
2010-07-19,0.7243396370524278
2010-07-20,0.7235874166166261
2010-07-21,0.7265437230473666
2010-07-22,0.7261437927761103
2010-07-23,0.8244503075772092
2010-07-26,0.8225296128232329
2010-07-27,0.7232616761986441
2010-07-28,0.7247906061687324
2010-07-29,0.5259368280942627
2010-07-30,0.5236021316788457
2010-08-02,0.5225167736542768
2010-08-03,0.0859777358805901
2010-08-04,0.08561009410223819
2010-08-05,0.08574318531468572
2010-08-06,0.08573438407389833
2010-08-09,0.08607383636995447
2010-08-10,0.08685221482008176
2010-08-11,0.07812852914444379
2010-08-12,0.07754042049246535
2010-08-13,0.07771957590343159
2010-08-16,0.17153361538972245
2010-08-17,0.16933947684364992
2010-08-18,0.16823681251671685
2010-08-19,0.16928664784179215
2010-08-20,0.2682944682899646
2010-08-23,0.2709862642491121
2010-08-24,0.3750274414393203
2010-08-25,0.5780260423397602
2010-08-26,0.578196112195545
2010-08-27,0.5730420787599009
2010-08-30,0.5782599479853314
2010-08-31,0.5778008356467024
2010-09-01,0.5702802873151055
2010-09-02,0.5663056167172351
2010-09-03,0.5640102187902293
2010-09-07,0.5664590689314234
2010-09-08,0.5654224689691341
2010-09-09,0.5667616581028854
2010-09-10,0.5664015670038365
2010-09-13,0.46409812332917266
2010-09-14,0.16281800465679663
2010-09-15,0.1624600192164134
2010-09-16,0.06203684574065549
2010-09-17,0.06175502134585531
2010-09-20,0.060991063308479365
2010-09-21,0.06088176282293545
2010-09-22,0.060515240940675064
2010-09-23,0.060766674523619724
2010-09-24,0.06067862532020962
2010-09-27,0.061145641362776115
2010-09-28,0.04985819916999912
2010-09-29,0.049848945866233896
2010-09-30,0.050051667562569735
2010-10-01,0.04995739446754455
2010-10-04,0.05041615702460933
2010-10-05,0.04970510898738301
2010-10-06,0.04998977828152351
2010-10-07,0.09466120841465508
2010-10-08,0.09385061564465258
2010-10-11,0.09366836778238297
2010-10-12,0.09323908238609813
2010-10-13,0.09262345975953523
2010-10-14,0.09227166602208214
2010-10-15,0.09188286192632533
2010-10-18,0.09234504864642734
2010-10-19,0.09407998393222272
2010-10-20,0.08979397724691907
2010-10-21,0.09015308967095259
2010-10-22,0.08963152813843622
2010-10-25,0.08890441078892541
2010-10-26,0.049305532666897633
2010-10-27,0.0495603466170087
2010-10-28,0.04910515273724092
2010-10-29,0.04863292104359873
2010-11-01,0.048681377031288164
2010-11-02,0.04807192626057455
2010-11-03,0.04798805693780772
2010-11-04,0.04675691745029831
2010-11-05,0.15881173915004243
2010-11-08,0.21158776919049016
2010-11-09,0.21427133196316828
2010-11-10,0.2112452931869755
2010-11-11,0.26208880709736937
2010-11-12,0.26481118449259133
2010-11-15,0.2656159473821257
2010-11-16,0.2697969923463255
2010-11-17,0.26688114376634753
2010-11-18,0.2648396384630416
2010-11-19,0.2631353114788292
2010-11-22,0.26155574896912526
2010-11-23,0.26320437825324383
2010-11-24,0.2612579634877221
2010-11-26,0.2623110670042682
2010-11-29,0.2632187119763679
2010-11-30,0.2625976750843849
2010-12-01,0.2527369474590496
2010-12-02,0.20073772396901612
2010-12-03,0.19871292740437874
2010-12-06,0.24952306853265716
2010-12-07,0.2502761791450526
2010-12-08,0.24894733480978914
2010-12-09,0.24821521855213802
2010-12-10,0.24750855825621232
2010-12-13,0.2484397301180069
2010-12-14,0.23778238084509062
2010-12-15,0.24071199528778842
2010-12-16,0.2391276440391169
2010-12-17,0.24041887532713235
2010-12-20,0.23807024383354414
2010-12-21,0.23594453695230566
2010-12-22,0.23748658634418174
2010-12-23,0.2371630641896646
2010-12-27,0.23410524423084578
2010-12-28,0.23474776700703537
2010-12-29,0.23381483883698084
2010-12-30,0.23385934326365543
2010-12-31,0.22455733908998687
2011-01-03,0.22356287169418532
2011-01-04,0.2363609653193952
2011-01-05,0.23507005882623744
2011-01-06,0.19841991635242184
2011-01-07,0.15630414960961914
2011-01-10,0.15408740238377372
2011-01-11,0.15289376742499228
2011-01-12,0.1487961285498105
2011-01-13,0.14976372086545586
2011-01-14,0.14983284662944008
2011-01-18,0.14818370403468295
2011-01-19,0.1401331029390679
2011-01-20,0.14231119628172262
2011-01-21,0.1413854578723326
2011-01-24,0.13914724242007526
2011-01-25,0.13963150749275988
2011-01-26,0.13671336571761283
2011-01-27,0.1945898158266357
2011-01-28,0.19774940342252845
2011-01-31,0.10378909660323288
2011-02-01,0.10224151675046822
2011-02-02,0.1021116265009786
2011-02-03,0.1018171396507388
2011-02-04,0.10129135692145474
2011-02-07,0.10032028000981974
2011-02-08,0.09983589167887752
2011-02-09,0.1008806179026065
2011-02-10,0.09995728419090277
2011-02-11,0.09871377713455054
2011-02-14,0.09645612172249562
2011-02-15,0.09800220858328501
2011-02-16,0.15141410763556695
2011-02-17,0.1492129106649136
2011-02-18,0.1513429254033949
2011-02-22,0.15697779120228839
2011-02-23,0.21731693989083478
2011-02-24,0.15414483918665245
2011-02-25,0.14947738166813596
2011-02-28,0.15001730244737366
2011-03-01,0.15263407542232987
2011-03-02,0.15176676309553283
2011-03-03,0.14985969843833657
2011-03-04,0.14215176201601665
2011-03-07,0.144380417876942
2011-03-08,0.14709247457726138
2011-03-09,0.09479306405633847
2011-03-10,0.09332116257801648
2011-03-11,0.041875185547941673
2011-03-14,0.04225219095051491
2011-03-15,0.042389388021140784
2011-03-16,0.043178029795509776
2011-03-17,0.035812285108284714
2011-03-18,0.04218615312892526
2011-03-21,0.04117515599524846
2011-03-22,0.04172011316911972
2011-03-23,0.041149792014748
2011-03-24,0.04060451645978236
2011-03-25,0.04049467610222801
2011-03-28,0.04039462414391437
2011-03-29,0.04017796148401609
2011-03-30,0.03957155975789495
2011-03-31,0.039558004526849655
2011-04-01,0.039259505031883135
2011-04-04,0.03915900182951504
2011-04-05,0.03895945247260646
2011-04-06,0.03921822654038243
2011-04-07,0.03946380188226206
2011-04-08,0.03954470503423335
2011-04-11,0.040662954607565194
2011-04-12,0.03189375587649912
2011-04-13,0.03350033582183953
2011-04-14,0.033531183518644925
2011-04-15,0.03297898595005344
2011-04-18,0.03341953816864396
2011-04-19,0.003342256611189476
2011-04-20,0.09579549084405814
2011-04-21,0.05659548919445634
2011-04-25,0.05675565771326829
2011-04-26,0.05708078052069543
2011-04-27,0.04550474326963483
2011-04-28,0.10040724122027955
2011-04-29,0.09997806814955279
2011-05-02,0.10157443781962305
2011-05-03,0.09356842854175895
2011-05-04,0.08066036071550664
2011-05-05,0.09681378945441677
2011-05-06,0.0964450537473005
2011-05-09,0.09500740171131505
2011-05-10,0.09310249126137615
2011-05-11,0.0948430138651275
2011-05-12,0.09495414958787352
2011-05-13,0.09592906883913399
2011-05-16,0.09950664128532039
2011-05-17,0.0007441371304333089
2011-05-18,0.0007254712982786016
2011-05-19,0.0007207001546338798
2011-05-20,0.0007252845012231113
2011-05-23,0.0007327480898547956
2011-05-24,0.0007325980967887169
2011-05-25,0.0007196520435113207
2011-05-26,0.0007095038762752193
2011-05-27,0.0007058337646302926
2011-05-31,0.0007035268163834152
2011-06-01,0.0007114874772727875
2011-06-02,0.0007190513810956256
2011-06-03,0.0007322307766374214
2011-06-06,0.0025422371999216375
2011-06-07,0.005356440595686185
2011-06-08,0.01809310590861568
2011-06-09,0.011876204841988147
2011-06-10,0.012076244111559498
2011-06-13,0.012139227111492179
2011-06-14,0.020742738776150516
2011-06-15,0.021164163879169196
2011-06-16,0.08833764393077403
2011-06-17,0.08816787535400428
2011-06-20,0.08724417206814017
2011-06-21,0.08583151665704103
2011-06-22,0.08630287006417636
2011-06-23,0.08664104117370075
2011-06-24,0.08666952062048972
2011-06-27,0.08580627768627935
2011-06-28,0.08151568331394943
2011-06-29,0.08100449382924257
2011-06-30,0.03583991276036047
2011-07-01,0.0323390805897843
2011-07-05,0.03206834548901338
2011-07-06,0.032001193957051255
2011-07-07,0.031658054932418356
2011-07-08,0.03172014526653466
2011-07-11,0.03222087240445737
2011-07-12,0.03230986201907293
2011-07-13,0.03228111758211971
2011-07-14,0.03265039847192697
2011-07-15,0.028836965445358298
2011-07-18,0.029063365875405922
2011-07-19,0.02863007122038319
2011-07-20,0.028519873845499144
2011-07-21,0.028330102630319765
2011-07-22,0.028225272186625183
2011-07-25,0.028410901463597926
2011-07-26,0.02854730387253479
2011-07-27,0.024321457601030994
2011-07-28,0.020867774098718206
2011-07-29,0.014258515429728447
2011-08-01,0.02126434866326199
2011-08-02,0.022034345970090463
2011-08-03,0.11751378753664266
2011-08-04,0.32597706675873117
2011-08-05,0.7943255819034141
2011-08-08,0.8076241424953252
2011-08-09,1.0
2011-08-10,1.0
2011-08-11,1.0
2011-08-12,1.0
2011-08-15,1.0
2011-08-16,1.0
2011-08-17,1.0
2011-08-18,1.0
2011-08-19,1.0
2011-08-22,1.0
2011-08-23,1.0
2011-08-24,1.0
2011-08-25,1.0
2011-08-26,1.0
2011-08-29,1.0
2011-08-30,1.0
2011-08-31,1.0
2011-09-01,1.0
2011-09-02,1.0
2011-09-06,1.0
2011-09-07,1.0
2011-09-08,1.0
2011-09-09,1.0
2011-09-12,1.0
2011-09-13,1.0
2011-09-14,1.0
2011-09-15,1.0
2011-09-16,1.0
2011-09-19,1.0
2011-09-20,1.0
2011-09-21,1.0
2011-09-22,1.0
2011-09-23,1.0
2011-09-26,1.0
2011-09-27,1.0
2011-09-28,1.0
2011-09-29,1.0
2011-09-30,1.0
2011-10-03,1.0
2011-10-04,1.0
2011-10-05,1.0
2011-10-06,1.0
2011-10-07,1.0
2011-10-10,1.0
2011-10-11,1.0
2011-10-12,1.0
2011-10-13,1.0
2011-10-14,1.0
2011-10-17,1.0
2011-10-18,1.0
2011-10-19,1.0
2011-10-20,1.0
2011-10-21,1.0
2011-10-24,1.0
2011-10-25,1.0
2011-10-26,1.0
2011-10-27,1.0
2011-10-28,1.0
2011-10-31,0.7003586366801207
2011-11-01,0.7035461969736125
2011-11-02,0.7015513523508689
2011-11-03,0.6971910702978519
2011-11-04,0.6997808258160214
2011-11-07,0.6986515679896081
2011-11-08,0.69559497226044
2011-11-09,0.09782699398805328
2011-11-10,0.09759767925526563
2011-11-11,0.09588686721538242
2011-11-14,0.09701415943523994
2011-11-15,0.09591025115694185
2011-11-16,0.09784666819428034
2011-11-17,0.09886694823842934
2011-11-18,0.09857974912379774
2011-11-21,0.10003764153919548
2011-11-22,0.49690072922874406
2011-11-23,0.50184333922448
2011-11-25,0.5984984658909567
2011-11-28,0.5911417637554872
2011-11-29,0.5898606420907098
2011-11-30,0.5801886049117353
2011-12-01,0.5791686455287909
2011-12-02,0.7793469701396006
2011-12-05,0.7810256336245497
2011-12-06,0.5820878614542653
2011-12-07,0.08183693000084169
2011-12-08,0.08277480269101567
2011-12-09,0.08206233435179011
2011-12-12,0.08242674991551924
2011-12-13,0.08349311932792602
2011-12-14,0.0845165171187855
2011-12-15,0.0842661191616011
2011-12-16,0.0836896596193405
2011-12-19,0.08414388898489389
2011-12-20,0.17444865205272053
2011-12-21,0.17552684316662892
2011-12-22,0.2604209727649156
2011-12-23,0.05979227171284229
2011-12-27,0.059488678997615896
2011-12-28,0.06023807448954588
2011-12-29,0.059724871389384426
2011-12-30,0.06013644892366843
2012-01-03,0.06045485174425447
2012-01-04,0.06043410021538298
2012-01-05,0.06009424115451567
2012-01-06,0.06020360884871356
2012-01-09,0.057686804919340307
2012-01-10,0.05743696944799492
2012-01-11,0.05764748820367682
2012-01-12,0.05737831116832981
2012-01-13,0.05719418797330045
2012-01-17,0.056826122369016296
2012-01-18,0.05633712232881449
2012-01-19,0.0101417679245418
2012-01-20,0.0101874299610486
2012-01-23,0.010224895040114479
2012-01-24,0.01015842353281382
2012-01-25,0.010100108562809962
2012-01-26,0.01017191864361
2012-01-27,0.00797213050612311
2012-01-30,0.008005099216672584
2012-01-31,0.008049251554416714
2012-02-01,0.007898473521414817
2012-02-02,0.007861369670756346
2012-02-03,0.007762547430179789
2012-02-06,0.007789657439218778
2012-02-07,0.007781541596907693
2012-02-08,0.007755557495127463
2012-02-09,0.007687608608352714
2012-02-10,0.06579503192075276
2012-02-13,0.06551450535090386
2012-02-14,0.055578298353008426
2012-02-15,0.05652526220312537
2012-02-16,0.05578814554910305
2012-02-17,0.05612961817215234
2012-02-21,0.05605406521206746
2012-02-22,0.05575781548986791
2012-02-23,0.010635099859146124
2012-02-24,0.010637588909553242
2012-02-27,0.010632331484073831
2012-02-28,0.06757051890538202
2012-02-29,0.0684568901876561
2012-03-01,0.06517771578991427
2012-03-02,0.06539496695336233
2012-03-05,0.06550992636160169
2012-03-06,0.05602257160819568
2012-03-07,0.05339512585315087
2012-03-08,0.05267122053397211
2012-03-09,0.052187208019802034
2012-03-12,0.052451190674608794
2012-03-13,0.05193270854441612
2012-03-14,0.05240960027724895
2012-03-15,0.10875144429734085
2012-03-16,0.10955997523292693
2012-03-19,0.10916977672059813
2012-03-20,0.10991457657589165
2012-03-21,0.109508163750205
2012-03-22,0.11067609500474263
2012-03-23,0.11070788145534971
2012-03-26,0.10945182165009171
2012-03-27,0.10976403720892791
2012-03-28,0.11009010447936551
2012-03-29,0.1037345999032665
2012-03-30,0.10362901007048386
2012-04-02,0.1020235727018799
2012-04-03,0.10128949512148433
2012-04-04,0.10270643311834748
2012-04-05,0.10144200930176839
2012-04-09,0.09347702835387106
2012-04-10,0.09498540810855749
2012-04-11,0.08290784736125634
2012-04-12,0.08182146561422388
2012-04-13,0.08184526373920509
2012-04-16,0.07841382260627872
2012-04-17,0.07796619506237601
2012-04-18,0.07754873113994332
2012-04-19,0.13419079517311927
2012-04-20,0.1338036810249542
2012-04-23,0.1347378268162175
2012-04-24,0.13516207456416285
2012-04-25,0.13293266591969222
2012-04-26,0.13137425559556926
2012-04-27,0.1873775050610822
2012-04-30,0.18762029902686017
2012-05-01,0.18665003332747687
2012-05-02,0.18452730835906772
2012-05-03,0.1875075225062015
2012-05-04,0.14825301006935254
2012-05-07,0.14810392117059812
2012-05-08,0.14915247571669144
2012-05-09,0.10741335739670177
2012-05-10,0.1061416270683877
2012-05-11,0.10606756723169042
2012-05-14,0.10732583406913865
2012-05-15,0.10699764040072413
2012-05-16,0.10293999935068965
2012-05-17,0.10662460238779925
2012-05-18,0.06038311290669918
2012-05-21,0.01352598864462462
2012-05-22,0.013469834517961354
2012-05-23,0.013443450426860792
2012-05-24,0.01337450659275663
2012-05-25,0.013348279199189794
2012-05-29,0.0131986942315796
2012-05-30,0.013332282023965192
2012-05-31,0.013281188692019885
2012-06-01,0.013687822950333661
2012-06-04,0.01863520869879365
2012-06-05,0.01852420747078476
2012-06-06,0.018271822005759608
2012-06-07,0.018337489973704324
2012-06-08,0.020605042438658683
2012-06-11,0.0208554822852125
2012-06-12,0.01927758931332657
2012-06-13,0.01158660311298465
2012-06-14,0.011373171672613314
2012-06-15,0.011320573995393657
2012-06-18,0.011156287553170552
2012-06-19,0.01114158622930883
2012-06-20,0.011177770274377608
2012-06-21,0.011319782295445058
2012-06-22,0.011268326663603667
2012-06-25,0.011456181084939732
2012-06-26,0.008843370158686414
2012-06-27,0.0088571267704316
2012-06-28,0.008909215296954764
2012-06-29,0.08760517078474162
2012-07-02,0.0873820231236162
2012-07-03,0.08748975963645467
2012-07-05,0.08687623211483464
2012-07-06,0.08711540755977365
2012-07-09,0.08812315675384241
2012-07-10,0.07973831829608313
2012-07-11,0.06255662692251551
2012-07-12,0.06237733381386068
2012-07-13,0.06140311875199278
2012-07-16,0.06051937939417573
2012-07-17,0.06030230507462386
2012-07-18,0.06106152617909788
2012-07-19,0.053692466342056044
2012-07-20,0.05416385588672057
2012-07-23,0.050686606267728807
2012-07-24,0.051230787668559485
2012-07-25,0.051490297308420585
2012-07-26,0.050776179255378584
2012-07-27,0.05074995267587168
2012-07-30,0.05151836252008424
2012-07-31,0.03775187300510541
2012-08-01,0.03821225045135701
2012-08-02,0.03542119969652879
2012-08-03,0.0410497527032222
2012-08-06,0.041287918214937935
2012-08-07,0.04154644497121929
2012-08-08,0.048543555753744916
2012-08-09,0.048251240208411095
2012-08-10,0.048413925255363366
2012-08-13,0.04844077405526781
2012-08-14,0.04838550058191515
2012-08-15,0.0488766493774363
2012-08-16,0.038174416077385365
2012-08-17,0.03790310036376765
2012-08-20,0.03805850039085312
2012-08-21,0.03828130089597359
2012-08-22,0.04621434608200137
2012-08-23,0.046536393640813634
2012-08-24,0.04612177942215334
2012-08-27,0.040529671584967675
2012-08-28,0.04053900961763812
2012-08-29,0.04042485351163261
2012-08-30,0.038377010756552976
2012-08-31,0.038161730041734065
2012-09-04,0.037819407027243734
2012-09-05,0.03794854881753362
2012-09-06,0.037317638823818444
2012-09-07,0.03740530781220597
2012-09-10,0.037684010509912325
2012-09-11,0.037790593652331284
2012-09-12,0.03727393420857239
2012-09-13,0.03675782044533149
2012-09-14,0.03647953292324313
2012-09-17,0.09799781713347866
2012-09-18,0.09850133715762532
2012-09-19,0.007351831522459662
2012-09-20,0.007346779513308532
2012-09-21,0.014664264422522222
2012-09-24,0.014785273737758176
2012-09-25,0.015055044890798674
2012-09-26,0.017501189873571854
2012-09-27,0.017094086550427323
2012-09-28,0.017250022517717012
2012-10-01,0.01729967829446255
2012-10-02,0.017294871334582407
2012-10-03,0.017057910551405264
2012-10-04,0.016900863801902366
2012-10-05,0.016932611387951546
2012-10-08,0.02106598809101956
2012-10-09,0.021877032311810374
2012-10-10,0.002334624796086815
2012-10-11,0.0003273666357360705
2012-10-12,0.00032912230616688465
2012-10-15,0.00026455035761563384
2012-10-16,0.0002622734258223014
2012-10-17,0.00026047986411770196
2012-10-18,0.00025978029963447113
2012-10-19,0.0002629916749047334
2012-10-22,0.0002646256821308146
2012-10-23,0.00026914180611203875
2012-10-24,0.00026847440170574277
2012-10-25,0.0002737114914986849
2012-10-26,0.0056157053616223696
2012-10-31,0.005570269283804996
2012-11-01,0.005445569684161211
2012-11-02,0.005564242305731604
2012-11-05,0.0034215064362091985
2012-11-06,0.00339243734243988
2012-11-07,0.003441769915241477
2012-11-08,0.003493423903156878
2012-11-09,0.010678130548375964
2012-11-12,0.01000569646579752
2012-11-13,0.0030915934980242366
2012-11-14,0.07280258756160574
2012-11-15,0.18664255079639214
2012-11-16,0.37698930927595464
2012-11-19,0.37263845276261776
2012-11-20,0.07289105825263231
2012-11-21,0.07527544053493362
2012-11-23,0.07446360193376167
2012-11-26,0.07443414059244025
2012-11-27,0.07492945554920605
2012-11-28,0.07467466874033635
2012-11-29,0.07430370938882325
2012-11-30,0.07466121876755183
2012-12-03,0.07537615031539635
2012-12-04,0.07367461856310675
2012-12-05,0.07456984080871099
2012-12-06,0.07861965877443655
2012-12-07,0.07802641580248981
2012-12-10,0.07773826433694919
2012-12-11,0.07748468140442144
2012-12-12,0.07735821596352421
2012-12-13,0.07685030254280312
2012-12-14,0.07544288874485938
2012-12-17,0.07462694552884941
2012-12-18,0.07359457344144216
2012-12-19,0.0735482065798273
2012-12-20,0.07371804253016256
2012-12-21,0.07137976150550018
2012-12-24,0.07155557952242664
2012-12-26,0.07203060149952734
2012-12-27,0.07238624330712762
2012-12-28,0.07302946582076164
2012-12-31,0.07113030221936834
2013-01-02,0.06913799073855043
2013-01-03,0.06954068006207714
2013-01-04,0.06859677957988053
2013-01-07,0.06879267465183503
2013-01-08,0.06244851542015295
2013-01-09,0.0762227017376067
2013-01-10,0.07584891535250393
2013-01-11,0.07602554627356484
2013-01-14,0.07664947784709975
2013-01-15,0.07611755704169243
2013-01-16,0.07687767967943693
2013-01-17,0.07128268112860348
2013-01-18,0.0711346807660439
2013-01-22,0.07023240501465355
2013-01-23,0.069922200236745
2013-01-24,0.06972032896231417
2013-01-25,0.06952254460549645
2013-01-28,0.1251383032726342
2013-01-29,0.12445654066449452
2013-01-30,0.11355053721420783
2013-01-31,0.11335175690450694
2013-02-01,0.11233994326827945
2013-02-04,0.17141670352173488
2013-02-05,0.16976076932929962
2013-02-06,0.16879212508004826
2013-02-07,0.16920928022034598
2013-02-08,0.15818284976013253
2013-02-11,0.15781917050123717
2013-02-12,0.15766197687439532
2013-02-13,0.15682242786157297
2013-02-14,0.15664314293745907
2013-02-15,0.15643392713801396
2013-02-19,0.1551872913125626
2013-02-20,0.21946625458563562
2013-02-21,0.16303684410410269
2013-02-22,0.11361850643168159
2013-02-25,0.11580512958896405
2013-02-26,0.06890243862912993
2013-02-27,0.06774117498518495
2013-02-28,0.06725854038141788
2013-03-01,0.06628380050904659
2013-03-04,0.17334275076444106
2013-03-05,0.1719807368620775
2013-03-06,0.17158273931554913
2013-03-07,0.17133780309899593
2013-03-08,0.17077436503151067
2013-03-11,0.17097858955161616
2013-03-12,0.17178838447586064
2013-03-13,0.17305612999513187
2013-03-14,0.1718826991280067
2013-03-15,0.17290262234654818
2013-03-18,0.16875166773927064
2013-03-19,0.16717287956495397
2013-03-20,0.1213099854334675
2013-03-21,0.11873690536876991
2013-03-22,0.1822169448862203
2013-03-25,0.1816319720162638
2013-03-26,0.1813577246691347
2013-03-27,0.18209136117862568
2013-03-28,0.18144837484847398
2013-04-01,0.17861194176274986
2013-04-02,0.17933171731336972
2013-04-03,0.13483957989671347
2013-04-04,0.08551139660676588
2013-04-05,0.0782397603047632
2013-04-08,0.07706208752949684
2013-04-09,0.028603016795335168
2013-04-10,0.022213578664655897
2013-04-11,0.021356781540069036
2013-04-12,0.021486312214340164
2013-04-15,0.022289475658263447
2013-04-16,0.01273159797702983
2013-04-17,0.01284279264876409
2013-04-18,0.012960625888617128
2013-04-19,0.01274815827420861
2013-04-22,0.012609907907131457
2013-04-23,0.012453176468650184
2013-04-24,0.09972875053713015
2013-04-25,0.10005038240354047
2013-04-26,3.0153911793617816e-05
2013-04-29,0.0946378638309524
2013-04-30,0.0946940935793289
2013-05-01,0.09662225659256274
2013-05-02,0.09178111458464944
2013-05-03,0.09040951307640366
2013-05-06,0.08985124009655865
2013-05-07,0.04816186238763909
2013-05-08,0.048122235245762535
2013-05-09,0.048070500108648995
2013-05-10,0.04769286179045806
2013-05-13,0.04734865137127564
2013-05-14,0.046587722609858884
2013-05-15,0.09903802665354244
2013-05-16,0.09980846289520728
2013-05-17,0.09864299143661515
2013-05-20,0.09842211440435611
2013-05-21,0.09845717232346407
2013-05-22,0.10014424672689015
2013-05-23,0.09984818318302513
2013-05-24,0.09030489081497717
2013-05-28,0.08783117084680392
2013-05-29,0.08951766278680151
2013-05-30,0.08274222985358726
2013-05-31,0.0843424697546129
2013-06-03,0.08470670399170754
2013-06-04,0.0823539165796554
2013-06-05,0.08288262137347846
2013-06-06,0.08085095470013826
2013-06-07,0.07995328058800477
2013-06-10,0.0714658845235745
2013-06-11,0.07299006609965342
2013-06-12,0.07388761307564273
2013-06-13,0.07251770370748778
2013-06-14,0.07250939979523996
2013-06-17,0.07197160843106121
2013-06-18,0.07198810212343454
2013-06-19,0.06083047678598197
2013-06-20,0.0630057828570244
2013-06-21,0.0021598146557068043
2013-06-24,0.002196131451443706
2013-06-25,0.0003196693666965844
2013-06-26,0.00031623872336061787
2013-06-27,0.09583389627939454
2013-06-28,0.09608019531572165
2013-07-01,0.048721588802832505
2013-07-02,0.009596595239780181
2013-07-03,0.009559395332934706
2013-07-05,0.009459871362476502
2013-07-08,0.009424858287287452
2013-07-09,0.009387055827946078
2013-07-10,0.00938287496926915
2013-07-11,0.009257101405839907
2013-07-12,0.009216866755546338
2013-07-15,0.00909447091271387
2013-07-16,0.00925863070702726
2013-07-17,0.009200382650433214
2013-07-18,0.08893222124992761
2013-07-19,0.08858922917925738
2013-07-22,0.08777707492241171
2013-07-23,0.0888143271467754
2013-07-24,0.08956472410771055
2013-07-25,0.08863317120299186
2013-07-26,0.07425162568513655
2013-07-29,0.07381161927536073
2013-07-30,0.07372578532648577
2013-07-31,0.07268695850250817
2013-08-01,0.028307187657073296
2013-08-02,0.028016854517174172
2013-08-05,0.027716109717863424
2013-08-06,0.027908857731048453
2013-08-07,0.08449856005242062
2013-08-08,0.08382691227479389
2013-08-09,0.13692976818258396
2013-08-12,0.1373323276339632
2013-08-13,0.13717981848760963
2013-08-14,0.13724206753625556
2013-08-15,0.13973848802671462
2013-08-16,0.13934708387757688
2013-08-19,0.13408646174591887
2013-08-20,0.13115117255761166
2013-08-21,0.1875136955327874
2013-08-22,0.18502030825489635
2013-08-23,0.18430210988159113
2013-08-26,0.18348279621230745
2013-08-27,0.1874666566992529
2013-08-28,0.18699619042848337
2013-08-29,0.1857051596812067
2013-08-30,0.18766351016559368
2013-09-03,0.13682404604144593
2013-09-04,0.13100979590466677
2013-09-05,0.1295944692323081
2013-09-06,0.13047254648358286
2013-09-09,0.12834606253082081
2013-09-10,0.12686601279473875
2013-09-11,0.12699789598483258
2013-09-12,0.12721691418305459
2013-09-13,0.17662992361965768
2013-09-16,0.1757434709869009
2013-09-17,0.17419035199440214
2013-09-18,0.17444113271429973
2013-09-19,0.17288135294701357
2013-09-20,0.17385801085474284
2013-09-23,0.1624171421210442
2013-09-24,0.1616781866742023
2013-09-25,0.16119585383095025
2013-09-26,0.1577111698443484
2013-09-27,0.15845667233078486
2013-09-30,0.1569477162816345
2013-10-01,0.15513444160802925
2013-10-02,0.15517446253126
2013-10-03,0.15714203412078576
2013-10-04,0.1436053068010148
2013-10-07,0.146122198057701
2013-10-08,0.15287400590782374
2013-10-09,0.15586705745419682
2013-10-10,0.1814866865232887
2013-10-11,0.1818965959763511
2013-10-14,0.1787033841584179
2013-10-15,0.174627539425932
2013-10-16,0.1714316496459808
2013-10-17,0.16988179862962016
2013-10-18,0.16839994653999846
2013-10-21,0.17011922944334523
2013-10-22,0.16912620198739747
2013-10-23,0.17020016943580651
2013-10-24,0.1393421632570263
2013-10-25,0.09004973343601808
2013-10-28,0.09005167763372812
2013-10-29,0.09000929167075278
2013-10-30,0.09097732463184272
2013-10-31,0.09108710535346265
2013-11-01,0.09117108555969922
2013-11-04,0.09035581147307059
2013-11-05,0.090682461607689
2013-11-06,0.0874971377797008
2013-11-07,0.10546960359239643
2013-11-08,0.10139326660408254
2013-11-11,0.1590078329449044
2013-11-12,0.15894042168736233
2013-11-13,0.155486872050424
2013-11-14,0.15630854851618692
2013-11-15,0.15574820587531701
2013-11-18,0.15194955730605653
2013-11-19,0.15483919319689388
2013-11-20,0.11300857311011492
2013-11-21,0.1040026656256321
2013-11-22,0.10349944403573741
2013-11-25,0.10344859575498155
2013-11-26,0.10311651467764282
2013-11-27,0.10277733000946299
2013-11-29,0.09609192582455617
2013-12-02,0.0967130875603468
2013-12-03,0.0975417321285349
2013-12-04,0.0982167971066431
2013-12-05,0.0953710083407755
2013-12-06,0.09425316235659043
2013-12-09,0.06718227334364635
2013-12-10,0.06680244428344295
2013-12-11,0.06749299225775074
2013-12-12,0.06702726983117213
2013-12-13,0.06711599217759978
2013-12-16,0.06264705855897135
2013-12-17,0.0628619191418377
2013-12-18,0.06125851914315672
2013-12-19,0.06100855592896859
2013-12-20,0.060402062249750976
2013-12-23,0.05990352952996103
2013-12-24,0.059702459419469056
2013-12-26,0.059595781037129036
2013-12-27,0.060023346187435656
2013-12-30,0.059911933883128876
2013-12-31,0.05974108345939888
2014-01-02,0.06069551894705716
2014-01-03,0.060772736545476436
2014-01-06,0.06090763050117065
2014-01-07,0.060557424692337714
2014-01-08,0.05991906774361788
2014-01-09,0.05886395468808203
2014-01-10,0.17114291781195246
2014-01-13,0.17450151345269116
2014-01-14,0.1647127472810156
2014-01-15,0.16396226795714186
2014-01-16,0.16353299210173144
2014-01-17,0.1653270381817583
2014-01-21,0.158886079799345
2014-01-22,0.15815461915234963
2014-01-23,0.1598143632278366
2014-01-24,0.16075314935177698
2014-01-27,0.13856438064947907
2014-01-28,0.1362221606242261
2014-01-29,0.13765806391204538
2014-01-30,0.1357332905170896
2014-01-31,0.13610817082189464
2014-02-03,0.14188919342270778
2014-02-04,0.1040879385994875
2014-02-05,0.10061600602162502
2014-02-06,0.09972094494475736
2014-02-07,0.0982913527820991
2014-02-10,0.09884378332704902
2014-02-11,0.09775577626127752
2014-02-12,0.09686609305215266
2014-02-13,0.09645332908461701
2014-02-14,0.09633851253988479
2014-02-18,0.09582162701110697
2014-02-19,0.09679006594311346
2014-02-20,0.09510872583394236
2014-02-21,0.09523522349203106
2014-02-24,0.09500352229918829
2014-02-25,0.09384412831448341
2014-02-26,0.09428410203686832
2014-02-27,0.09370489535491644
2014-02-28,0.08522652435512257
2014-03-03,0.085628162935946
2014-03-04,0.08374561870720931
2014-03-05,0.0838635574339256
2014-03-06,0.08405650280952515
2014-03-07,0.08473920886006803
2014-03-10,0.084869656634744
2014-03-11,0.07988827548554134
2014-03-12,0.07958042480090777
2014-03-13,0.08059398228541947
2014-03-14,0.08042064738004917
2014-03-17,0.04191429005449776
2014-03-18,0.04145286603909193
2014-03-19,0.04168269709155259
2014-03-20,0.04166910036696059
2014-03-21,0.04262518717674191
2014-03-24,0.03193202898903602
2014-03-25,0.02409082373524818
2014-03-26,0.024369293906443157
2014-03-27,0.09330683941059648
2014-03-28,0.09312050264604965
2014-03-31,0.0914590607521395
2014-04-01,0.09080820148894198
2014-04-02,0.05144132485970698
2014-04-03,0.1114990807731614
2014-04-04,0.10536408745522596
2014-04-07,0.09402821948651041
2014-04-08,0.05158225240599024
2014-04-09,0.021226651965233545
2014-04-10,0.021660984524072058
2014-04-11,0.02190232860030583
2014-04-14,0.021518334793527383
2014-04-15,0.021969494519493593
2014-04-16,0.022453894350226378
2014-04-17,0.022204711592849646
2014-04-21,0.020787272906550802
2014-04-22,0.020635132785719268
2014-04-23,0.020624596124564243
2014-04-24,0.020492646187147634
2014-04-25,0.02077477234752445
2014-04-28,0.02092408219842945
2014-04-29,0.022543267097623776
2014-04-30,0.019204262561809182
2014-05-01,0.019003628875880918
2014-05-02,0.019047399444985347
2014-05-05,0.01898079113881035
2014-05-06,0.01930290457692274
2014-05-07,0.019188545793685674
2014-05-08,0.01939610737427444
2014-05-09,0.019295873713708223
2014-05-12,0.018727903425123094
2014-05-13,0.01879906663577835
2014-05-14,0.018983210617171564
2014-05-15,0.019232534906339804
2014-05-16,0.01896594718851663
2014-05-19,0.01882123578068351
2014-05-20,0.019122848241497237
2014-05-21,0.01334477742301976
2014-05-22,0.006349534417001479
2014-05-23,0.06225305171287698
2014-05-27,0.11852036872247396
2014-05-28,0.11904070093736863
2014-05-29,0.11773112890841408
2014-05-30,0.11794895888287493
2014-06-02,0.1172925815895931
2014-06-03,0.11757113900166949
2014-06-04,0.17600081347503838
2014-06-05,0.1746448395124206
2014-06-06,0.17340662985981337
2014-06-09,0.17302485789499222
2014-06-10,0.1733983903851466
2014-06-11,0.17461615928663532
2014-06-12,0.1764285561788399
2014-06-13,0.1322292585527668
2014-06-16,0.13181921008677333
2014-06-17,0.1310902202352736
2014-06-18,0.1299273260519327
2014-06-19,0.1277344204188886
2014-06-20,0.1277496950642355
2014-06-23,0.12795420020759496
2014-06-24,0.12962379203312602
2014-06-25,0.12909239189086164
2014-06-26,0.1285697741620636
2014-06-27,0.12831341423314457
2014-06-30,0.1275575258031859
2014-07-01,0.12605607053784518
2014-07-02,0.12487946492013202
2014-07-03,0.12411854375079157
2014-07-07,0.12478564356273236
2014-07-08,0.12620125346173094
2014-07-09,0.12468130889575335
2014-07-10,0.17707992453925037
2014-07-11,0.17616599224320173
2014-07-14,0.1750531935856997
2014-07-15,0.1767105405638303
2014-07-16,0.17587459525947646
2014-07-17,0.17895540518993347
2014-07-18,0.16287986451792436
2014-07-21,0.16305189488399308
2014-07-22,0.16201756695030223
2014-07-23,0.162698456473107
2014-07-24,0.1634771287730863
2014-07-25,0.16571485605061576
2014-07-28,0.15792706321194383
2014-07-29,0.15913429079466201
2014-07-30,0.15902981300616903
2014-07-31,0.11051969247442173
2014-08-01,0.06355278384428587
2014-08-04,0.06274886701628468
2014-08-05,0.063464392824644
2014-08-06,0.06403829078046952
2014-08-07,0.06424199648703899
2014-08-08,0.024760435558770277
2014-08-11,0.024428797140321756
2014-08-12,0.024480029840659
2014-08-13,0.024201505685246705
2014-08-14,0.02408645206890736
2014-08-15,0.07831632300105318
2014-08-18,0.07703956763677577
2014-08-19,0.07677563339829363
2014-08-20,0.07635862335263899
2014-08-21,0.07742212299425144
2014-08-22,0.07742377109038812
2014-08-25,0.07786129290355814
2014-08-26,0.07757423196853519
2014-08-27,0.07656168574686928
2014-08-28,0.07628047124381965
2014-08-29,0.13553138770012452
2014-09-02,0.13558386604598105
2014-09-03,0.13470611339390637
2014-09-04,0.1350726267325938
2014-09-05,0.12387371455591223
2014-09-08,0.12434298105710151
2014-09-09,0.12493798490941532
2014-09-10,0.12462826253279446
2014-09-11,0.12179741449126247
2014-09-12,0.1233398676139732
2014-09-15,0.06722123992621176
2014-09-16,0.021967812405499276
2014-09-17,0.02183715190067903
2014-09-18,0.02157905807375793
2014-09-19,0.02179492746900047
2014-09-22,0.022085222297719587
2014-09-23,0.022341206710454475
2014-09-24,0.022057974558451154
2014-09-25,0.02264438168106353
2014-09-26,0.01979878582949368
2014-09-29,0.017078336595596433
2014-09-30,0.017166770472437087
2014-10-01,0.017689522613210773
2014-10-02,0.07319494846639174
2014-10-03,0.07194272185538542
2014-10-06,0.07228069972499884
2014-10-07,0.38067810145151104
2014-10-08,0.07991233817283316
2014-10-09,0.08146757848276798
2014-10-10,0.2864792121981664
2014-10-13,0.1849288409419272
2014-10-14,0.37390271540268094
2014-10-15,0.37572122437962563
2014-10-16,0.49505810088478264
2014-10-17,0.5819401409729512
2014-10-20,0.6837647643936405
2014-10-21,0.6798572726648069
2014-10-22,0.6765890486106476
2014-10-23,0.67272889860512
2014-10-24,0.6726263090267619
2014-10-27,0.6721690232438589
2014-10-28,0.6710865595652493
2014-10-29,0.6726999159407063
2014-10-30,0.6718787921420865
2014-10-31,0.6678562857894814
2014-11-03,0.6663673307339496
2014-11-04,0.6644937825772987
2014-11-05,0.6640231227551148
2014-11-06,0.3634178945630838
2014-11-07,0.2652431891213777
2014-11-10,0.16357886670414312
2014-11-11,0.06350429795593626
2014-11-12,0.0634181895114656
2014-11-13,0.0635495612011816
2014-11-14,0.06413930320550665
2014-11-17,0.06442748659004871
2014-11-18,0.06329314063750457
2014-11-19,0.06347726368611462
2014-11-20,0.0635013197817279
2014-11-21,0.06361290481510073
2014-11-24,0.06276409389446491
2014-11-25,0.0625491192246268
2014-11-26,0.061923227634611555
2014-11-28,0.06248096831590744
2014-12-01,0.06269329411041624
2014-12-02,0.017143077773616233
2014-12-03,0.013337382101827
2014-12-04,0.009229650254175548
2014-12-05,0.009164506807658901
2014-12-08,0.009149765517373676
2014-12-09,0.009074507727290015
2014-12-10,0.06702816679546664
2014-12-11,0.0592528270360293
2014-12-12,0.059297536848010646
2014-12-15,0.06019982029605153
2014-12-16,0.06085152189119514
2014-12-17,0.049326867045755396
2014-12-18,0.0487091655712274
2014-12-19,0.04882071089476259
2014-12-22,0.048600864632075136
2014-12-23,0.04970085310221817
2014-12-24,0.0493038168694252
2014-12-26,0.048984074551347345
2014-12-29,0.10519279327184194
2014-12-30,0.10618076334303161
2014-12-31,0.10639487324419072
2015-01-02,0.10658107898552549
2015-01-05,0.10670249763031936
2015-01-06,0.10767821182266091
2015-01-07,0.10487050576793344
2015-01-08,0.16102683926456474
2015-01-09,0.16161965231484432
2015-01-12,0.16285960602357574
2015-01-13,0.1617947021369497
2015-01-14,0.1613963833229336
2015-01-15,0.16323664336364951
2015-01-16,0.21158453715841552
2015-01-20,0.2115828679288576
2015-01-21,0.1125435998059916
2015-01-22,0.10752300605681087
2015-01-23,0.10712839526566864
2015-01-26,0.10593632298395883
2015-01-27,0.1068289721668948
2015-01-28,0.10847160759380403
2015-01-29,0.10730125670542068
2015-01-30,0.2057733540273472
2015-02-02,0.20680351441817924
2015-02-03,0.20859697402881805
2015-02-04,0.4480903139667306
2015-02-05,0.44602710910119703
2015-02-06,0.44661155572715505
2015-02-09,0.046434891209052975
2015-02-10,0.04559524341063981
2015-02-11,0.04564882681464644
2015-02-12,0.04508032668585238
2015-02-13,0.04525278406766242
2015-02-17,0.04499014920697586
2015-02-18,0.04448542576674508
2015-02-19,0.0443281189373087
2015-02-20,0.04389935906554643
2015-02-23,0.04387151392978461
2015-02-24,0.09993520563409786
2015-02-25,0.06115061142460698
2015-02-26,0.06102822250402995
2015-02-27,0.06019078209510631
2015-03-02,0.11751998491835824
2015-03-03,0.11874689771979907
2015-03-04,0.1193940680798955
2015-03-05,0.11866735342058887
2015-03-06,0.17937945714918324
2015-03-09,0.16067769064085113
2015-03-10,0.16039196401488254
2015-03-11,0.16083740447337347
2015-03-12,0.1611318800948427
2015-03-13,0.16080723365843197
2015-03-16,0.16560735626721768
2015-03-17,0.16563434193594095
2015-03-18,0.16568780199094024
2015-03-19,0.16193062337699016
2015-03-20,0.16197030242735122
2015-03-23,0.16231871601169867
2015-03-24,0.16262990547820344
2015-03-25,0.1666753998562177
2015-03-26,0.1523362831795102
2015-03-27,0.14940075955977172
2015-03-30,0.14835789255865384
2015-03-31,0.14737344945491826
2015-04-01,0.14608296740543836
2015-04-02,0.14717422967789828
2015-04-06,0.14833436448447856
2015-04-07,0.1403737741904475
2015-04-08,0.14100878255155125
2015-04-09,0.14138325465785173
2015-04-10,0.14202124902628865
2015-04-13,0.1424388765360638
2015-04-14,0.13564596490900482
2015-04-15,0.1353405250873455
2015-04-16,0.1004319603308984
2015-04-17,0.10210423477262498
2015-04-20,0.10204178047175494
2015-04-21,0.1008614674551177
2015-04-22,0.1013073807086331
2015-04-23,0.10024007191651663
2015-04-24,0.10073336126991972
2015-04-27,0.10187389974757333
2015-04-28,0.0982571436955979
2015-04-29,0.09893339788243549
2015-04-30,0.09196090920131639
2015-05-01,0.05403767350555011
2015-05-04,0.058981363077358795
2015-05-05,0.0600441669470978
2015-05-06,0.059808041868416595
2015-05-07,0.05924174708297347
2015-05-08,0.05908265273631097
2015-05-11,0.017812795493541533
2015-05-12,0.017935123521945928
2015-05-13,0.017946735209318776
2015-05-14,0.017770537039094036
2015-05-15,0.07693766106892164
2015-05-18,0.07607683946535115
2015-05-19,0.07597628261534484
2015-05-20,0.08475281766307496
2015-05-21,0.08448664857325816
2015-05-22,0.08437627484215637
2015-05-26,0.08535496328554693
2015-05-27,0.08476159869503597
2015-05-28,0.08441527061582155
2015-05-29,0.08421340675893252
2015-06-01,0.08447979782339343
2015-06-02,0.08476613648877762
2015-06-03,0.08343080971714845
2015-06-04,0.08409493276678204
2015-06-05,0.08351938170906603
2015-06-08,0.04428729258635933
2015-06-09,0.03662679279269909
2015-06-10,0.03348760207097534
2015-06-11,0.03332139562508696
2015-06-12,0.03348654194947054
2015-06-15,0.033606174069720995
2015-06-16,0.03352143390551299
2015-06-17,0.033266131024838774
2015-06-18,0.03267613391751645
2015-06-19,0.08868825084457244
2015-06-22,0.08754257093274154
2015-06-23,0.08739851348689764
2015-06-24,0.08852529694664679
2015-06-25,0.088221118050688
2015-06-26,0.08407066222581572
2015-06-29,0.08607064776410644
2015-06-30,0.08035419795489185
2015-07-01,0.07674912223303232
2015-07-02,0.07755506686310465
2015-07-06,0.07061029197165436
2015-07-07,0.07063412172346362
2015-07-08,0.07119008985419151
2015-07-09,0.06848272961537083
2015-07-10,0.06708046781159183
2015-07-13,0.06659409060452692
2015-07-14,0.06622574813530535
2015-07-15,0.06656884755734949
2015-07-16,0.06580155439321778
2015-07-17,0.06609712285498848
2015-07-20,0.0658085051520757
2015-07-21,0.06607315948509918
2015-07-22,0.06561946202145785
2015-07-23,0.0664445317980139
2015-07-24,0.06632500650370499
2015-07-27,0.12446124656766877
2015-07-28,0.11678864722709681
2015-07-29,0.11668399422168307
2015-07-30,0.1150841831102678
2015-07-31,0.10499988666081073
2015-08-03,0.10529833404294975
2015-08-04,0.10497972301895275
2015-08-05,0.104880997248748
2015-08-06,0.10652013056168275
2015-08-07,0.05971564258680839
2015-08-10,0.01795013960656966
2015-08-11,0.018010863557295975
2015-08-12,0.018087594452879774
2015-08-13,0.017928571700258966
2015-08-14,0.017965181758698212
2015-08-17,0.01784587395814219
2015-08-18,0.017870316696171118
2015-08-19,0.017930787697805206
2015-08-20,0.01846363958009356
2015-08-21,0.20949276413411644
2015-08-24,0.8218835942905433
2015-08-25,0.8837759332273958
2015-08-26,1.0
2015-08-27,1.0
2015-08-28,1.0
2015-08-31,1.0
2015-09-01,1.0
2015-09-02,1.0
2015-09-03,1.0
2015-09-04,1.0
2015-09-08,1.0
2015-09-09,1.0
2015-09-10,1.0
2015-09-11,1.0
2015-09-14,1.0
2015-09-15,1.0
2015-09-16,1.0
2015-09-17,1.0
2015-09-18,1.0
2015-09-21,1.0
2015-09-22,1.0
2015-09-23,1.0
2015-09-24,1.0
2015-09-25,1.0
2015-09-28,1.0
2015-09-29,1.0
2015-09-30,1.0
2015-10-01,1.0
2015-10-02,1.0
2015-10-05,1.0
2015-10-06,1.0
2015-10-07,1.0
2015-10-08,1.0
2015-10-09,1.0
2015-10-12,1.0
2015-10-13,1.0
2015-10-14,1.0
2015-10-15,1.0
2015-10-16,1.0
2015-10-19,1.0
2015-10-20,1.0
2015-10-21,1.0
2015-10-22,1.0
2015-10-23,1.0
2015-10-26,1.0
2015-10-27,0.5006256218350071
2015-10-28,0.2012867967260742
2015-10-29,0.001868059019123458
2015-10-30,0.0018810565339538732
2015-11-02,0.0018697561970777432
2015-11-03,0.001862345415242883
2015-11-04,0.08943934929699449
2015-11-05,0.08944592610398505
2015-11-06,0.0907838791215646
2015-11-09,0.07366146515904404
2015-11-10,0.0729955692723131
2015-11-11,0.07284175844576479
2015-11-12,0.07365266494524247
2015-11-13,0.07420018144647722
2015-11-16,0.07360035681409804
2015-11-17,0.0729650301768624
2015-11-18,0.07273131298879387
2015-11-19,0.06922847141305144
2015-11-20,0.06839438336397652
2015-11-23,0.06811068273185172
2015-11-24,0.06837661490467573
2015-11-25,0.06838124405976587
2015-11-27,0.06793730682674981
2015-11-30,0.06848232373048024
2015-12-01,0.06840103867958358
2015-12-02,0.06827743690576782
2015-12-03,0.06892313740982803
2015-12-04,0.06937259130932949
2015-12-07,0.06995438917864372
2015-12-08,0.07006978241428097
2015-12-09,0.07133990534770218
2015-12-10,0.07134895737552682
2015-12-11,0.06324533058317883
2015-12-14,0.26952317643738244
2015-12-15,0.26784777936805915
2015-12-16,0.26306799818812976
2015-12-17,0.0632213281777324
2015-12-18,0.06434854285525493
2015-12-21,0.17230631832987198
2015-12-22,0.17257163382178042
2015-12-23,0.26688613957239016
2015-12-24,0.26630650376470444
2015-12-28,0.2654751163915454
2015-12-29,0.2641226237281519
2015-12-30,0.26570127153950607
2015-12-31,0.26867007542516663
2016-01-04,0.37849810675481543
2016-01-05,0.5847153072614988
2016-01-06,0.5888841710328663
2016-01-07,0.6903190301919286
2016-01-08,0.7851204857111032
2016-01-11,0.7855139742965901
2016-01-12,0.8850718181877346
2016-01-13,0.8870895241328516
2016-01-14,0.8877014706668367
2016-01-15,0.8880495591417392
2016-01-19,0.8860552567857847
2016-01-20,0.8863881787724472
2016-01-21,0.8875623129281809
2016-01-22,0.8838835686222143
2016-01-25,0.8842355544432177
2016-01-26,0.8841458495985008
2016-01-27,0.8857156634310371
2016-01-28,0.8817774066273811
2016-01-29,0.8813245018223557
2016-02-01,0.8800367864909451
2016-02-02,0.8813039189722254
2016-02-03,0.8827535337094179
2016-02-04,0.885134105039987
2016-02-05,0.8912005565119397
2016-02-08,1.0
2016-02-09,1.0
2016-02-10,1.0
2016-02-11,1.0
2016-02-12,1.0
2016-02-16,1.0
2016-02-17,1.0
2016-02-18,1.0
2016-02-19,1.0
2016-02-22,1.0
2016-02-23,1.0
2016-02-24,1.0
2016-02-25,1.0
2016-02-26,1.0
2016-02-29,1.0
2016-03-01,1.0
2016-03-02,1.0
2016-03-03,1.0
2016-03-04,1.0
2016-03-07,1.0
2016-03-08,1.0
2016-03-09,1.0
2016-03-10,1.0
2016-03-11,1.0
2016-03-14,0.6006674161855015
2016-03-15,0.10059651878378506
2016-03-16,0.00047835772619397865
2016-03-17,0.0004824957032231181
2016-03-18,0.0004811874060174359
2016-03-21,0.00048175567063457603
2016-03-22,0.0004821512407258144
2016-03-23,0.0004968686588325832
2016-03-24,0.0004906370332469212
2016-03-28,0.0004902826649284542
2016-03-29,0.00047183331763733793
2016-03-30,0.0004741496417042246
2016-03-31,0.0004790331902619904
2016-04-01,0.00047229112978619536
2016-04-04,0.00048005803177531003
2016-04-05,0.00047488073886092774
2016-04-06,0.0004719800308977673
2016-04-07,0.0004675602525240352
2016-04-08,0.059346511983171535
2016-04-11,0.05775529400912094
2016-04-12,0.05733180804027094
2016-04-13,0.11137022126554574
2016-04-14,0.10139957062726568
2016-04-15,0.10026738287607928
2016-04-18,0.10014904832977956
2016-04-19,0.09887884655025259
2016-04-20,0.10018319006530252
2016-04-21,0.10091857122576087
2016-04-22,0.07868786133223249
2016-04-25,0.07971815069315624
2016-04-26,0.0757656165249525
2016-04-27,0.0754322697576435
2016-04-28,0.07512379998501195
2016-04-29,0.1318598408546412
2016-05-02,0.12440368711161054
2016-05-03,0.12753474433725043
2016-05-04,0.12494459745068653
2016-05-05,0.11597020652761025
2016-05-06,0.11444832660630899
2016-05-09,0.11693337630705314
2016-05-10,0.11460695695593948
2016-05-11,0.11354839383033688
2016-05-12,0.11509982242701022
2016-05-13,0.1152317046131176
2016-05-16,0.10455330763332782
2016-05-17,0.10476891890810536
2016-05-18,0.10656314666009836
2016-05-19,0.05727366921201993
2016-05-20,0.0570725963948675
2016-05-23,0.0571169931653307
2016-05-24,0.058560973416279305
2016-05-25,0.09871442074633763
2016-05-26,0.00024400157178972037
2016-05-27,0.0002472317177147909
2016-05-31,0.0002465454410125467
2016-06-01,0.00024455587700611403
2016-06-02,0.0002428532481466572
2016-06-03,0.00023495730778222423
2016-06-06,0.00023388035873395108
2016-06-07,0.00023371058852394988
2016-06-08,0.00023030285258762717
2016-06-09,0.00022920266343262607
2016-06-10,0.09805369163899291
2016-06-13,0.09777254099855859
2016-06-14,0.09844837259801398
2016-06-15,0.09648524006283354
2016-06-16,0.09697177871156348
2016-06-17,0.0968984648264185
2016-06-20,0.09580191617571476
2016-06-21,0.05414260857081987
2016-06-22,0.05429350402831434
2016-06-23,0.05367055406441801
2016-06-24,0.10989621224906754
2016-06-27,0.11114467039617115
2016-06-28,0.20554256154946138
2016-06-29,0.1032897023072269
2016-06-30,0.10176671727301334
2016-07-01,0.15665504681594355
2016-07-05,0.15696127659639014
2016-07-06,0.15445486431096145
2016-07-07,0.1554376078585794
2016-07-08,0.15270708382211695
2016-07-11,0.15135228894629094
2016-07-12,0.15210300129666765
2016-07-13,0.15018200700345863
2016-07-14,0.20260546773145738
2016-07-15,0.20281971846982838
2016-07-18,0.20284322367151564
2016-07-19,0.20454037412520798
2016-07-20,0.2080961948492671
2016-07-21,0.20689249960123346
2016-07-22,0.20543647063865267
2016-07-25,0.15720926352513687
2016-07-26,0.1558166551639688
2016-07-27,0.15476712474939058
2016-07-28,0.15278987524523568
2016-07-29,0.15143458146400535
2016-08-01,0.15064945982147915
2016-08-02,0.15348346977575167
2016-08-03,0.13792976258330392
2016-08-04,0.14023729615849145
2016-08-05,0.11585356687338477
2016-08-08,0.11565528877060549
2016-08-09,0.11453343485349377
2016-08-10,0.11450052705863956
2016-08-11,0.11448637315985155
2016-08-12,0.11494069233446491
2016-08-15,0.11025188700782362
2016-08-16,0.11149042709426715
2016-08-17,0.11238044368255495
2016-08-18,0.10422493099441643
2016-08-19,0.10465890855547622
2016-08-22,0.06149388336657868
2016-08-23,0.06147603319036554
2016-08-24,0.06339389003842266
2016-08-25,0.05620475176532336
2016-08-26,0.05611688017755956
2016-08-29,0.06002872139056592
2016-08-30,0.06013950248004851
2016-08-31,0.060292575154527794
2016-09-01,0.05968920454393278
2016-09-02,0.013520678721201551
2016-09-06,0.06972118937833971
2016-09-07,0.07053893714424009
2016-09-08,0.07115875130725169
2016-09-09,0.06971381972169488
2016-09-12,0.06683255565468305
2016-09-13,0.06758890193231526
2016-09-14,0.07017769588527378
2016-09-15,0.06808530500487997
2016-09-16,0.06802105483827892
2016-09-19,0.06770167654314851
2016-09-20,0.06731357361213275
2016-09-21,0.12947539027723232
2016-09-22,0.1303522171749102
2016-09-23,0.13006904413916875
2016-09-26,0.13043920249379526
2016-09-27,0.12471914736754142
2016-09-28,0.12514364382971832
2016-09-29,0.1270929670361839
2016-09-30,0.12693676071561355
2016-10-03,0.08255743065210464
2016-10-04,0.08358072578977216
2016-10-05,0.07876786858802765
2016-10-06,0.07159618802438539
2016-10-07,0.07073724270098714
2016-10-10,0.0699031411258666
2016-10-11,0.07068662972374118
2016-10-12,0.021623949369808382
2016-10-13,0.07350529836304498
2016-10-14,0.07414970256692621
2016-10-17,0.07956456601793738
2016-10-18,0.060538782422127846
2016-10-19,0.02350056040492121
2016-10-20,0.013534873043174467
2016-10-21,0.013510647802014164
2016-10-24,0.01342024754821547
2016-10-25,0.01390716792530411
2016-10-26,0.014037741126113223
2016-10-27,0.014235235744000319
2016-10-28,0.01699876886268903
2016-10-31,0.016814677454866755
2016-11-01,0.017068656737597276
2016-11-02,0.017234864450962784
2016-11-03,0.027436998288522085
2016-11-04,0.027521521855117026
2016-11-07,0.026883631401999786
2016-11-08,0.02741066076734422
2016-11-09,0.023790504766238785
2016-11-10,0.022565545463691272
2016-11-11,0.02202647666693036
2016-11-14,0.021845115045421526
2016-11-15,0.07991581602176001
2016-11-16,0.07984738295415772
2016-11-17,0.07919197666166566
2016-11-18,0.07882095497708996
2016-11-21,0.07820694447794008
2016-11-22,0.07710477809072058
2016-11-23,0.1303397904420478
2016-11-25,0.1300840034057491
2016-11-28,0.1307319468419612
2016-11-29,0.13108796270443213
2016-11-30,0.13258198758096562
2016-12-01,0.13621476006078104
2016-12-02,0.450327411105234
2016-12-05,0.14844316799246537
2016-12-06,0.14802578537370292
2016-12-07,0.14686854597274546
2016-12-08,0.14704891911419238
2016-12-09,0.14919920196944703
2016-12-12,0.1505230955500092
2016-12-13,0.15031762276944904
2016-12-14,0.1055787017896157
2016-12-15,0.10394866030252259
2016-12-16,0.10560511611698187
2016-12-19,0.10467960119680342
2016-12-20,0.10455297373092598
2016-12-21,0.11442778372960016
2016-12-22,0.11574625882810252
2016-12-23,0.10698825097069209
2016-12-27,0.10657339693863699
2016-12-28,0.1077767077647489
2016-12-29,0.10850989628191521
2016-12-30,0.10416142881745749
2017-01-03,0.10362211930748089
2017-01-04,0.10185384939815045
2017-01-05,0.10197381255753901
2017-01-06,0.10199299718975818
2017-01-09,0.10153388798609575
2017-01-10,0.10080851385380163
2017-01-11,0.10043348314917988
2017-01-12,0.15583198858258762
2017-01-13,0.15536128993731746
2017-01-17,0.1555759831477479
2017-01-18,0.15570403800764843
2017-01-19,0.15601252360946527
2017-01-20,0.11102568289863624
2017-01-23,0.11177816568091736
2017-01-24,0.11053237025531082
2017-01-25,0.10894108451610074
2017-01-26,0.10609651913161511
2017-01-27,0.1684432688225509
2017-01-30,0.1699006695562234
2017-01-31,0.11236549433976128
2017-02-01,0.11195859096076888
2017-02-02,0.11240209613072727
2017-02-03,0.11136271473878401
2017-02-06,0.11245284706734504
2017-02-07,0.11275382311748772
2017-02-08,0.11295728187101384
2017-02-09,0.11087222485816417
2017-02-10,0.11017488938390785
2017-02-13,0.1646777282912324
2017-02-14,0.16458191158564517
2017-02-15,0.163427000125977
2017-02-16,0.16296307944693733
2017-02-17,0.11479187348147601
2017-02-21,0.11480277071829537
2017-02-22,0.11455538386539055
2017-02-23,0.1144203624062976
2017-02-24,0.11469940418002955
2017-02-27,0.1664423679905921
2017-02-28,0.1682010719411453
2017-03-01,0.1567489622160284
2017-03-02,0.1590629775313117
2017-03-03,0.15898897831129177
2017-03-06,0.15887654892347014
2017-03-07,0.15968437935458846
2017-03-08,0.16007707828693785
2017-03-09,0.16040051038491387
2017-03-10,0.1604821162892951
2017-03-13,0.16017076203002123
2017-03-14,0.16057506433324154
2017-03-15,0.15942553098402756
2017-03-16,0.15825846116063325
2017-03-17,0.15805126775725897
2017-03-20,0.2102033829186284
2017-03-21,0.21552559754352363
2017-03-22,0.20598458278179577
2017-03-23,0.2045479652982194
2017-03-24,0.2044964898136271
2017-03-27,0.20525342125544
2017-03-28,0.20448558841365316
2017-03-29,0.20412385301831482
2017-03-30,0.2030708581838827
2017-03-31,0.20247603428919148
2017-04-03,0.20312517963312549
2017-04-04,0.2032250020870674
2017-04-05,0.20428865027863108
2017-04-06,0.15879147661365633
2017-04-07,0.15843990182390888
2017-04-10,0.15846859655697587
2017-04-11,0.15809066316288733
2017-04-12,0.1593923268255938
2017-04-13,0.11127291787295901
2017-04-17,0.10949835237563099
2017-04-18,0.10996456590419335
2017-04-19,0.10903887875168916
2017-04-20,0.1078163436566203
2017-04-21,0.10837178590328556
2017-04-24,0.10765748273797038
2017-04-25,0.10739726952007511
2017-04-26,0.0945234201626719
2017-04-27,0.08689719730254053
2017-04-28,0.13744176809256858
2017-05-01,0.1357763023977906
2017-05-02,0.1345859995742602
2017-05-03,0.13457251897673062
2017-05-04,0.08289087207354862
2017-05-05,0.08229785156914282
2017-05-08,0.14023241961513888
2017-05-09,0.1255964366097686
2017-05-10,0.12323482045770473
2017-05-11,0.12464092048766884
2017-05-12,0.12441510194893146
2017-05-15,0.12304985219798703
2017-05-16,0.12229459621953098
2017-05-17,0.12782703223071945
2017-05-18,0.11203564806194022
2017-05-19,0.12297850785297781
2017-05-22,0.12121384969622973
2017-05-23,0.17701401021954455
2017-05-24,0.17541913399552167
2017-05-25,0.17440793605616767
2017-05-26,0.1677756278289596
2017-05-30,0.16948164658594633
2017-05-31,0.17036143735320075
2017-06-01,0.16814387963506694
2017-06-02,0.16689758099732643
2017-06-05,0.1676711790163059
2017-06-06,0.16848858741237904
2017-06-07,0.16663654754263113
2017-06-08,0.16445706014405848
2017-06-09,0.1692111439572761
2017-06-12,0.17288536203400706
2017-06-13,0.1671322738114558
2017-06-14,0.16974363676812365
2017-06-15,0.16350502801017575
2017-06-16,0.1597082571285302
2017-06-19,0.15646005999974988
2017-06-20,0.1590532606586469
2017-06-21,0.14844553213960532
2017-06-22,0.1483158308028233
2017-06-23,0.1028982960434367
2017-06-26,0.10358432003191942
2017-06-27,0.10518712653207152
2017-06-28,0.10280279220736799
2017-06-29,0.10406244494243266
2017-06-30,0.061987415715109795
2017-07-03,0.06293442418844752
2017-07-05,0.05547998111310892
2017-07-06,0.05156221897495994
2017-07-07,0.055856938864420336
2017-07-10,0.05763309684524276
2017-07-11,0.057079133788908276
2017-07-12,0.05601522260490421
2017-07-13,0.055871045772759254
2017-07-14,0.056119925539487414
2017-07-17,0.056086522930658966
2017-07-18,0.055179014731979725
2017-07-19,0.05384219984700234
2017-07-20,0.05375470024955198
2017-07-21,0.05385059114724933
2017-07-24,0.05327481003757861
2017-07-25,0.05359940755099335
2017-07-26,0.052881569793356786
2017-07-27,0.17087705199513314
2017-07-28,0.11778457158484312
2017-07-31,0.11058910369978137
2017-08-01,0.11148360817930358
2017-08-02,0.1120323206543099
2017-08-03,0.11098000708285394
2017-08-04,0.10387855968464099
2017-08-07,0.10311783158544519
2017-08-08,0.1037529304247169
2017-08-09,0.10465706268555175
2017-08-10,0.09850219682922257
2017-08-11,0.09251114411069683
2017-08-14,0.09072606601965638
2017-08-15,0.09092166402460644
2017-08-16,0.09021904084427312
2017-08-17,0.09148361784417802
2017-08-18,0.09116903667239673
2017-08-21,0.09171581751370772
2017-08-22,0.09034166514819086
2017-08-23,0.0899931749003019
2017-08-24,0.0903391827898421
2017-08-25,0.09118235429813815
2017-08-28,0.09085914290768604
2017-08-29,0.09101654196265885
2017-08-30,0.09043912517777386
2017-08-31,0.08960432699444487
2017-09-01,0.0895812022204906
2017-09-05,0.08987882843121242
2017-09-06,0.09032684693018322
2017-09-07,0.09185051611860673
2017-09-08,0.08708441447665949
2017-09-11,0.08633962961636976
2017-09-12,0.08630572807697934
2017-09-13,0.08724931689434268
2017-09-14,0.0804577119415314
2017-09-15,0.08090927629411193
2017-09-18,0.08082941802206212
2017-09-19,0.0802266331607564
2017-09-20,0.08013737471198468
2017-09-21,0.08014764844547373
2017-09-22,0.08100319999046346
2017-09-25,0.02908243051997328
2017-09-26,0.02922649172856817
2017-09-27,0.02864086043437042
2017-09-28,0.028345643260832443
2017-09-29,0.028367753390404205
2017-10-02,0.018273743651239904
2017-10-03,0.018175065892950926
2017-10-04,0.018333484434541636
2017-10-05,0.09940321306331912
2017-10-06,0.09865462429550809
2017-10-09,0.0986440481561176
2017-10-10,0.09804837123718402
2017-10-11,0.09753641008582015
2017-10-12,0.0972818558638483
2017-10-13,0.09764130293176565
2017-10-16,0.09708256068470089
2017-10-17,0.055662229454485845
2017-10-18,0.055668503985206286
2017-10-19,0.056020276441884787
2017-10-20,0.0517616019707684
2017-10-23,0.05200906644034475
2017-10-24,0.05217981865041166
2017-10-25,0.05218184477429766
2017-10-26,0.009780428709925015
2017-10-27,0.06711408791015039
2017-10-30,0.06628972883432205
2017-10-31,0.06542265757604193
2017-11-01,0.06616222896808921
2017-11-02,0.057128553645434677
2017-11-03,0.05698213098945848
2017-11-06,0.05692497770715699
2017-11-07,0.057627621769742454
2017-11-08,0.05610642182033765
2017-11-09,0.12160558011920164
2017-11-10,0.10798493533546394
2017-11-13,0.10398063996273799
2017-11-14,0.10409925048653046
2017-11-15,0.10488711339068146
2017-11-16,0.10341916766485482
2017-11-17,0.10284428664908574
2017-11-20,0.10194990498702661
2017-11-21,0.10026804894854435
2017-11-22,0.10030920259304965
2017-11-24,0.09961684426899442
2017-11-27,0.10140255005399501
2017-11-28,0.1004820923507026
2017-11-29,0.10360565139396838
2017-11-30,0.10301220807642808
2017-12-01,0.10480800215199082
2017-12-04,0.10748332389264748
2017-12-05,0.09921153680537842
2017-12-06,0.09927167569364226
2017-12-07,0.0893927397769021
2017-12-08,0.08879294172201213
2017-12-11,0.08907218082745982
2017-12-12,0.08896608943308393
2017-12-13,0.08892976095147764
2017-12-14,0.05534876565365099
2017-12-15,0.053831998838271944
2017-12-18,0.05301515850621952
2017-12-19,0.05282288234854893
2017-12-20,0.05354986821430696
2017-12-21,0.05308632217700726
2017-12-22,0.053167693614669775
2017-12-26,0.052884599668236
2017-12-27,0.05271269056006089
2017-12-28,0.10591846932089621
2017-12-29,0.10619473950292657
2018-01-02,0.10484839660662071
2018-01-03,0.06407934860001852
2018-01-04,0.0644524745231384
2018-01-05,0.06465937250714171
2018-01-08,0.06472252211324492
2018-01-09,0.056483383596449444
2018-01-10,0.0565449717495109
2018-01-11,0.05596731454449111
2018-01-12,0.11446253884319457
2018-01-16,0.11641162388278048
2018-01-17,0.11510279364496001
2018-01-18,0.11556584315926366
2018-01-19,0.11510194297557064
2018-01-22,0.11318066003986382
2018-01-23,0.11196908412728734
2018-01-24,0.1686987023455312
2018-01-25,0.16882560980245886
2018-01-26,0.16574340103430385
2018-01-29,0.16691525351448233
2018-01-30,0.15729575384242644
2018-01-31,0.15585293993535276
2018-02-01,0.21065549139489614
2018-02-02,0.21687995843132124
2018-02-05,0.16795098900091354
2018-02-06,0.09560768757405291
2018-02-07,0.0953288231507543
2018-02-08,0.09801365189335198
2018-02-09,0.2581189524393912
2018-02-12,0.2528946847561785
2018-02-13,0.25259841056249044
2018-02-14,0.24683315407608686
2018-02-15,0.244932823177765
2018-02-16,0.24461097521558195
2018-02-20,0.2445451310532195
2018-02-21,0.2435146925411975
2018-02-22,0.2428999298166704
2018-02-23,0.24001163059528052
2018-02-26,0.23855994431193095
2018-02-27,0.24023974103500145
2018-02-28,0.24142648685439694
2018-03-01,0.24569150204537948
2018-03-02,0.33467979860660735
2018-03-05,0.3335154660425167
2018-03-06,0.33409476098105606
2018-03-07,0.33140203270164925
2018-03-08,0.33024895533486553
2018-03-09,0.32918598172807667
2018-03-12,0.3303956768285946
2018-03-13,0.2306042021640452
2018-03-14,0.030817499060554532
2018-03-15,0.03101930053228108
2018-03-16,0.031082701404707036
2018-03-19,0.08960830130331532
2018-03-20,0.08819003485297383
2018-03-21,0.08785015394571827
2018-03-22,0.08969374911895511
2018-03-23,0.09084025505656912
2018-03-26,0.08830878455717672
2018-03-27,0.09070584311395569
2018-03-28,0.09152629505247112
2018-03-29,0.08671368579891803
2018-04-02,0.08817925923952619
2018-04-03,0.1855343462302358
2018-04-04,0.1833805761678089
2018-04-05,0.182330984201016
2018-04-06,0.18566139871816634
2018-04-09,0.18394112610321067
2018-04-10,0.18135426741371463
2018-04-11,0.18080636958650942
2018-04-12,0.18033900158012384
2018-04-13,0.18221121936106222
2018-04-16,0.1815715715163182
2018-04-17,0.2505462319416133
2018-04-18,0.2509516653887357
2018-04-19,0.25168936360693805
2018-04-20,0.254393777984093
2018-04-23,0.35051761986135965
2018-04-24,0.051035034544719915
2018-04-25,0.055310282822630175
2018-04-26,0.05466359320940539
2018-04-27,0.0553683973150183
2018-04-30,0.05541756471713333
2018-05-01,0.062293925310279996
2018-05-02,0.06047075834006099
2018-05-03,0.06007688598467065
2018-05-04,0.059737291261860004
2018-05-07,0.021270337742349876
2018-05-08,0.02412567793928566
2018-05-09,0.02405990196877461
2018-05-10,0.023970071489697986
2018-05-11,0.02387431343116353
2018-05-14,0.024224334877020137
2018-05-15,0.02418801714818164
2018-05-16,0.02403187049264177
2018-05-17,0.016091963397040998
2018-05-18,0.016158779963252656
2018-05-21,0.003862011431894352
2018-05-22,0.0038920368096222457
2018-05-23,0.003866315113852825
2018-05-24,0.003829858474953096
2018-05-25,0.003846981778778291
2018-05-29,0.0012911453748442048
2018-05-30,0.001275332460430989
2018-05-31,0.0012811581264614569
2018-06-01,0.001256679992059806
2018-06-04,0.054322529873271685
2018-06-05,0.05346184893440353
2018-06-06,0.05330868973220915
2018-06-07,0.053723094276216465
2018-06-08,0.05359035395002576
2018-06-11,0.11099638616072593
2018-06-12,0.11002512062501613
2018-06-13,0.1101092689964498
2018-06-14,0.10670162430323549
2018-06-15,0.17202649136895842
2018-06-18,0.1702716341471161
2018-06-19,0.2223422049548458
2018-06-20,0.2097160540257489
2018-06-21,0.21120102220297032
2018-06-22,0.21446244071378995
2018-06-25,0.21835913225719183
2018-06-26,0.16706372951186976
2018-06-27,0.17111386750573543
2018-06-28,0.1613177663809342
2018-06-29,0.16264196411924403
2018-07-02,0.154698453726279
2018-07-03,0.15509779787169076
2018-07-05,0.15493957868545039
2018-07-06,0.14287747879860635
2018-07-09,0.14175400668148552
2018-07-10,0.14243909173183456
2018-07-11,0.14304190800625727
2018-07-12,0.14210588290366966
2018-07-13,0.1418667254108369
2018-07-16,0.14289796497542817
2018-07-17,0.09579003062020874
2018-07-18,0.09616140655434524
2018-07-19,0.14324163818417157
2018-07-20,0.1434875558874834
2018-07-23,0.14321074428714842
2018-07-24,0.14513360409218967
2018-07-25,0.14288682403245812
2018-07-26,0.14308993711738838
2018-07-27,0.14619513422842412
2018-07-30,0.05636231230239441
2018-07-31,0.047923563257691315
2018-08-01,0.04788121951742763
2018-08-02,0.04711159131454701
2018-08-03,0.04739773966997696
2018-08-06,0.04704286328488849
2018-08-07,0.046862948079738787
2018-08-08,0.046786977154945286
2018-08-09,0.046772987918113906
2018-08-10,0.046488737100049415
2018-08-13,0.04710525986201575
2018-08-14,0.046619190760065154
2018-08-15,0.04738619510747588
2018-08-16,0.04682592928876739
2018-08-17,0.046359921242072
2018-08-20,0.046095830603773646
2018-08-21,0.042804198643373814
2018-08-22,0.04282819019792661
2018-08-23,0.04230488455514414
2018-08-24,0.04193103372567397
2018-08-27,0.0424982429874704
2018-08-28,0.04267970636303664
2018-08-29,0.09837783850172488
2018-08-30,0.09820784423134199
2018-08-31,0.09754709832361375
2018-09-04,0.09723032912057306
2018-09-05,0.09947748622625074
2018-09-06,0.08399407029599748
2018-09-07,0.08414226290314175
2018-09-10,0.08411285710612681
2018-09-11,0.08796402100240197
2018-09-12,0.0881799464681402
2018-09-13,0.08797845207079424
2018-09-14,0.087334769432446
2018-09-17,0.08851015850883903
2018-09-18,0.0818112439164902
2018-09-19,0.08285339801546598
2018-09-20,0.08286637171356714
2018-09-21,0.08325130071971076
2018-09-24,0.08242161888104316
2018-09-25,0.08154936740480156
2018-09-26,0.08170434991060427
2018-09-27,0.03796806023133936
2018-09-28,0.037705206316628215
2018-10-01,0.03831150119030857
2018-10-02,0.039331088795317326
2018-10-03,0.02513762036625078
2018-10-04,0.02807404882041653
2018-10-05,0.003922886120274693
2018-10-08,0.09817212135770348
2018-10-09,0.0965540200254863
2018-10-10,0.0959936080930115
2018-10-11,0.14578161772979836
2018-10-12,0.25723015157891294
2018-10-15,0.05717933525679142
2018-10-16,0.055947171671539175
2018-10-17,0.056043247453592016
2018-10-18,0.056443585159137166
2018-10-19,0.056553363472978346
2018-10-22,0.08064788650906218
2018-10-23,0.08147451677357298
2018-10-24,0.08371784575968977
2018-10-25,0.1743138922355595
2018-10-26,0.1752670418227007
2018-10-29,0.37879809261854724
2018-10-30,0.37017224237693325
2018-10-31,0.5343211547798064
2018-11-01,0.6321882143316357
2018-11-02,0.6341998888346578
2018-11-05,0.6305930170120323
2018-11-06,0.6299427964259663
2018-11-07,0.6254058575559487
2018-11-08,0.6276851292324344
2018-11-09,0.6277329502595095
2018-11-12,0.6276549108166423
2018-11-13,0.6293478544029069
2018-11-14,0.6373829701435241
2018-11-15,0.7276495209745858
2018-11-16,0.726524927452946
2018-11-19,0.7274232990939942
2018-11-20,0.7323788114122207
2018-11-21,0.7328774817264037
2018-11-23,0.7310257659257371
2018-11-26,0.7287384162510179
2018-11-27,0.7291623923563454
2018-11-28,0.725812791853417
2018-11-29,0.025309643663440573
2018-11-30,0.02519496110591779
2018-12-03,0.02495820540890259
2018-12-04,0.025351316620146003
2018-12-06,0.025201286973572268
2018-12-07,0.0806353255442871
2018-12-10,0.08070014183841101
2018-12-11,0.08019788869992805
2018-12-12,0.07965971591337573
2018-12-13,0.0795182028148329
2018-12-14,0.08032587027947524
2018-12-17,0.082797380069354
2018-12-18,0.2726482766357423
2018-12-19,0.27503028983219757
2018-12-20,0.3841614031414814
2018-12-21,0.588314927876368
2018-12-24,1.0
2018-12-26,1.0
2018-12-27,1.0
2018-12-28,1.0
2018-12-31,1.0
2019-01-02,1.0
2019-01-03,1.0
2019-01-04,1.0
2019-01-07,1.0
2019-01-08,1.0
2019-01-09,1.0
2019-01-10,1.0
2019-01-11,1.0
2019-01-14,1.0
2019-01-15,1.0
2019-01-16,1.0
2019-01-17,1.0
2019-01-18,1.0
2019-01-22,1.0
2019-01-23,1.0
2019-01-24,1.0
2019-01-25,1.0
2019-01-28,1.0
2019-01-29,1.0
2019-01-30,1.0
2019-01-31,1.0
2019-02-01,1.0
2019-02-04,1.0
2019-02-05,0.9003422444654947
2019-02-06,0.8031250464747592
2019-02-07,0.6054426830800645
2019-02-08,0.6020403567156656
2019-02-11,0.5938977487041732
2019-02-12,0.5766926007948099
2019-02-13,0.2809786647722994
2019-02-14,0.08277581566003656
2019-02-15,0.08249879536773086
2019-02-19,0.0746959972469815
2019-02-20,0.0743508133342593
2019-02-21,0.07476639792412931
2019-02-22,0.07422053444166365
2019-02-25,0.07493649091896692
2019-02-26,0.0747340156314199
2019-02-27,0.07266631125687795
2019-02-28,0.02656200246211482
2019-03-01,0.026450738879716607
2019-03-04,0.02688391274138302
2019-03-05,0.026825333558226805
2019-03-06,0.027192901693261606
2019-03-07,0.027424147337850924
2019-03-08,0.014071611553904129
2019-03-11,0.012475050924941944
2019-03-12,0.012311482611725766
2019-03-13,0.01225031127942866
2019-03-14,0.01224101152564272
2019-03-15,0.012297757827984479
2019-03-18,0.012338645658281577
2019-03-19,0.012334284372867432
2019-03-20,0.01236756170700426
2019-03-21,0.0017161563322584117
2019-03-22,0.059099024557894175
2019-03-25,0.05886865671957797
2019-03-26,0.0583656781116193
2019-03-27,0.05922956439896787
2019-03-28,0.05869197318424868
2019-03-29,0.0585249485641719
2019-04-01,0.05825134400721477
2019-04-02,0.05765336887905448
2019-04-03,0.057746273144900995
2019-04-04,0.057972718962301495
2019-04-05,0.057226963582639345
2019-04-08,0.057422038431754974
2019-04-09,0.05764159557797144
2019-04-10,0.05714951838447946
2019-04-11,0.057224670631692565
2019-04-12,0.054116849786720156
2019-04-15,0.055071713706323355
2019-04-16,0.05499139091107075
2019-04-17,0.056015557679945815
2019-04-18,0.01740019387876135
2019-04-22,0.01736042427459017
2019-04-23,0.01821533036507683
2019-04-24,0.01851678859435779
2019-04-25,0.015095352498533998
2019-04-26,0.007443009053761496
2019-04-29,0.007454775335049568
2019-04-30,0.007416117283429502
2019-05-01,0.007524278996955958
2019-05-02,0.0074962940128801
2019-05-03,0.0074515292739022465
2019-05-06,0.0074242653177550855
2019-05-07,0.007573298144332052
2019-05-08,0.0075515095517233455
2019-05-09,0.0075757732037669
2019-05-10,0.007712649094551716
2019-05-13,0.10103186155778399
2019-05-14,0.07004223688408973
2019-05-15,0.06533274455681515
2019-05-16,0.06448738473488469
2019-05-17,0.06269604837623277
2019-05-20,0.06372129011217065
2019-05-21,0.06280846195534906
2019-05-22,0.06250552420742983
2019-05-23,0.06388747098523695
2019-05-24,0.06310231021185153
2019-05-28,0.06308783978675203
2019-05-29,0.06367264853041943
2019-05-30,0.06358280384542603
2019-05-31,0.06432803860018677
2019-06-03,0.16092495036314436
2019-06-04,0.36392998364799867
2019-06-05,0.07064553592597611
2019-06-06,0.0715935240935498
2019-06-07,0.07090044200477152
2019-06-10,0.07029614808158524
2019-06-11,0.07143105404132877
2019-06-12,0.07131941348073889
2019-06-13,0.03404389327454682
2019-06-14,0.03417944043218357
2019-06-17,0.03398376845914641
2019-06-18,0.033823270635572666
2019-06-19,0.03367474686432914
2019-06-20,0.033619935589695116
2019-06-21,0.03399209569528805
2019-06-24,0.03426630665730124
2019-06-25,0.034884426671249136
2019-06-26,0.03143973973060177
2019-06-27,0.019025919937263325
2019-06-28,0.018661073953119445
2019-07-01,0.01859461226969883
2019-07-02,0.018403678124107592
2019-07-03,0.018198117551430304
2019-07-05,0.0181607656336904
2019-07-08,0.018245078856647057
2019-07-09,0.018150913617589803
2019-07-10,0.01821361361754681
2019-07-11,0.018112574850650764
2019-07-12,0.004530998381375495
2019-07-15,0.004529928897889612
2019-07-16,0.004544736106938285
2019-07-17,0.004556603720741403
2019-07-18,0.004478534473600138
2019-07-19,0.0580247384668624
2019-07-22,0.0499432416679606
2019-07-23,0.05054396479735801
2019-07-24,0.04954912053789495
2019-07-25,0.10485096637286018
2019-07-26,0.10301076987400737
2019-07-29,0.10392427612004929
2019-07-30,0.10405412026334937
2019-07-31,0.1671918494016219
2019-08-01,0.16463801513308185
2019-08-02,0.16683406024354464
2019-08-05,0.17318688025178341
2019-08-06,0.10946114605460122
2019-08-07,0.10835941814803207
2019-08-08,0.10601879505978395
2019-08-09,0.1059443505069434
2019-08-12,0.10709193112982396
2019-08-13,0.09441371523667497
2019-08-14,0.09702617144706116
2019-08-15,0.09025264917082909
2019-08-16,0.08875579604730743
2019-08-19,0.08797804881249716
2019-08-20,0.08778971114294776
2019-08-21,0.0870726321146228
2019-08-22,0.08737953341655824
2019-08-23,0.0883536660856048
2019-08-26,0.08753647182974378
2019-08-27,0.08770836928467396
2019-08-28,0.08762933828982544
2019-08-29,0.08792367782275601
2019-08-30,0.08809507253803461
2019-09-03,0.08899905198440983
2019-09-04,0.0885787291724216
2019-09-05,0.08937459715958074
2019-09-06,0.05198785062671418
2019-09-09,0.05345783300809137
2019-09-10,0.01448810263564182
2019-09-11,0.07629858573719239
2019-09-12,0.07635530989501171
2019-09-13,0.004444533608015999
2019-09-16,0.0029845375227345317
2019-09-17,0.002955412577685834
2019-09-18,0.00300269115275964
2019-09-19,0.0879084510952235
2019-09-20,0.08805698257494954
2019-09-23,0.08834265467161939
2019-09-24,0.08842846972944585
2019-09-25,0.08774210288653894
2019-09-26,0.08800562729029049
2019-09-27,0.08911020746435983
2019-09-30,0.08809755377885031
2019-10-01,0.08978484901428374
2019-10-02,0.09630920374560648
2019-10-03,0.09235850711147042
2019-10-04,0.09407166343604811
2019-10-07,0.09460135818799764
2019-10-08,0.09413236721395879
2019-10-09,0.0018468175827771605
2019-10-10,0.001843705466091916
2019-10-11,0.001848112568461624
2019-10-14,0.0018470753096503367
2019-10-15,0.001833038076571758
2019-10-16,0.0018190471496210003
2019-10-17,0.001800009829422966
2019-10-18,0.0017942255932502649
2019-10-21,0.06252480025631013
2019-10-22,0.06292037567792685
2019-10-23,0.06290459784688618
2019-10-24,0.05772942713444307
2019-10-25,0.05792111297785274
2019-10-28,0.057988739913069964
2019-10-29,0.06563110925179583
2019-10-30,0.06536737020016448
2019-10-31,0.06492883624454715
2019-11-01,0.0652849082032293
2019-11-04,0.15616047017319423
2019-11-05,0.08421886624940045
2019-11-06,0.0838107347916347
2019-11-07,0.08454871514281515
2019-11-08,0.07565285559635959
2019-11-11,0.07545969850361789
2019-11-12,0.07537195239135619
2019-11-13,0.07456600035498873
2019-11-14,0.07398165221696196
2019-11-15,0.07362385956229467
2019-11-18,0.07368299762713837
2019-11-19,0.07330559287546357
2019-11-20,0.07232675504205544
2019-11-21,0.0728109525498235
2019-11-22,0.07332078408788145
2019-11-25,0.07293166437890586
2019-11-26,0.07184790912951167
2019-11-27,0.07238715828508013
2019-11-29,0.07217462161749577
2019-12-02,0.07290305914085016
2019-12-03,0.05864037255502608
2019-12-04,0.11747772569342263
2019-12-05,0.11737499442248667
2019-12-06,0.1176381825746946
2019-12-09,0.1179082196461877
2019-12-10,0.1181065073292582
2019-12-11,0.10672242107720054
2019-12-12,0.10661106081355931
2019-12-13,0.10711660838604498
2019-12-16,0.10609652930938362
2019-12-17,0.10539465066536124
2019-12-18,0.10562644936334309
2019-12-19,0.10529191931397042
2019-12-20,0.10021317515143546
2019-12-23,0.10012739092777023
2019-12-24,0.0990360870170679
2019-12-26,0.09845543920691513
2019-12-27,0.09929764324550683
2019-12-30,0.09936157233345133
2019-12-31,0.09934020169476965
2020-01-02,0.09951936750944135
2020-01-03,0.09947739249596743
2020-01-06,0.100110870801431
2020-01-07,0.08725745572507415
2020-01-08,0.08787816228933942
2020-01-09,0.08771856483649931
2020-01-10,0.08689250104820101
2020-01-13,0.08709301654054136
2020-01-14,0.08615929537156164
2020-01-15,0.14494256554319207
2020-01-16,0.14246129001814578
2020-01-17,0.1420925702873148
2020-01-21,0.1419187391592479
2020-01-22,0.1407427383700739
2020-01-23,0.14119583352496967
2020-01-24,0.19779012085772218
2020-01-27,0.20007576098599378
2020-01-28,0.19327667796477854
2020-01-29,0.1927711115269124
2020-01-30,0.18492396726721327
2020-01-31,0.24113683063759017
2020-02-03,0.1964681652239202
2020-02-04,0.19376933276729447
2020-02-05,0.19322287361829826
2020-02-06,0.19365981786034725
2020-02-07,0.19619461833015128
2020-02-10,0.16169782841908265
2020-02-11,0.16099490238628023
2020-02-12,0.15880795067343478
2020-02-13,0.15783934194943694
2020-02-14,0.15791473098500075
2020-02-18,0.2113653130407197
2020-02-19,0.20842201381062764
2020-02-20,0.20931974683773047
2020-02-21,0.16230054327849253
2020-02-24,0.15666995917040427
2020-02-25,0.1612310117501108
2020-02-26,0.1210889210898507
2020-02-27,0.12182281362181302
2020-02-28,0.32319282498845625
2020-03-02,0.48754998582670683
2020-03-03,0.4901096324910208
2020-03-04,0.581510887727688
2020-03-05,0.5848417999767763
2020-03-06,0.5861653069451651
2020-03-09,0.6045207980202528
2020-03-10,0.6919076342908972
2020-03-11,0.6890065079633532
2020-03-12,0.7094389878308899
2020-03-13,0.8951506653645797
2020-03-16,0.9010816346855179
2020-03-17,1.0
2020-03-18,1.0
2020-03-19,1.0
2020-03-20,1.0
2020-03-23,1.0
2020-03-24,1.0
2020-03-25,1.0
2020-03-26,1.0
2020-03-27,1.0
2020-03-30,1.0
2020-03-31,1.0
2020-04-01,1.0
2020-04-02,1.0
2020-04-03,1.0
2020-04-06,1.0
2020-04-07,1.0
2020-04-08,1.0
2020-04-09,1.0
2020-04-13,1.0
2020-04-14,1.0
2020-04-15,1.0
2020-04-16,1.0
2020-04-17,1.0
2020-04-20,1.0
2020-04-21,1.0
2020-04-22,1.0
2020-04-23,1.0
2020-04-24,1.0
2020-04-27,1.0
2020-04-28,1.0
2020-04-29,1.0
2020-04-30,1.0
2020-05-01,1.0
2020-05-04,1.0
2020-05-05,1.0
2020-05-06,1.0
2020-05-07,1.0
2020-05-08,1.0
2020-05-11,1.0
2020-05-12,1.0
2020-05-13,1.0
2020-05-14,1.0
2020-05-15,1.0
2020-05-18,1.0
2020-05-19,1.0
2020-05-20,1.0
2020-05-21,1.0
2020-05-22,1.0
2020-05-26,1.0
2020-05-27,0.008482677554810025
2020-05-28,0.008840781766181416
2020-05-29,0.09083422072066505
2020-06-01,0.08786772594029979
2020-06-02,0.08755064090880194
2020-06-03,0.0905386910273529
2020-06-04,0.09279235591046575
2020-06-05,0.08876624207243355
2020-06-08,0.077474922193417
2020-06-09,0.06353746842263841
2020-06-10,0.05868907034556703
2020-06-11,0.061967418255072015
2020-06-12,0.251056801406353
2020-06-15,0.24156246819106297
2020-06-16,0.24098910219511926
2020-06-17,0.23890201241147913
2020-06-18,0.0008884154369692698
2020-06-19,0.0008934525873630639
2020-06-22,0.000877301483772297
2020-06-23,0.049160595860748946
2020-06-24,0.05032092300918656
2020-06-25,0.04880039052921936
2020-06-26,0.049699002875806975
2020-06-29,0.04994701776442134
2020-06-30,0.04766172416081593
2020-07-01,0.04674106136556011
2020-07-02,0.04605003698425847
2020-07-06,0.10164741246206777
2020-07-07,0.15240229921764126
2020-07-08,0.1490160767975769
2020-07-09,0.24962825775144737
2020-07-10,0.3032071468270662
2020-07-13,0.3658633212989242
2020-07-14,0.362789174358359
2020-07-15,0.36051137624293805
2020-07-16,0.36475909969785436
2020-07-17,0.360962697299525
2020-07-20,0.34973910347130444
2020-07-21,0.3520969356488082
2020-07-22,0.3516506554804576
2020-07-23,0.3568635473103079
2020-07-24,0.36262152561087135
2020-07-27,0.3546389989384062
2020-07-28,0.3575621818862348
2020-07-29,0.3521453165859775
2020-07-30,0.35149128287541
2020-07-31,0.35239824582748025
2020-08-03,0.3423138109025964
2020-08-04,0.34063258823027454
2020-08-05,0.3346451845235753
2020-08-06,0.33681991964207625
2020-08-07,0.3429689165867654
2020-08-10,0.3467610544934667
2020-08-11,0.3528752993825426
2020-08-12,0.3439046269646334
2020-08-13,0.338969645780827
2020-08-14,0.33880931426454397
2020-08-17,0.32950241327205054
2020-08-18,0.374556485360387
2020-08-19,0.3768772880293405
2020-08-20,0.3703303119244822
2020-08-21,0.3710677816083845
2020-08-24,0.37487362725902107
2020-08-25,0.3714286933235246
2020-08-26,0.34815272612090076
2020-08-27,0.35016058089659885
2020-08-28,0.34696952353567434
2020-08-31,0.3385944196463342
2020-09-01,0.33533263725135454
2020-09-02,0.2805332964120911
2020-09-03,0.2944307552344314
2020-09-04,0.2425304433519091
2020-09-08,0.2006695723997105
2020-09-09,0.18940173450711373
2020-09-10,0.19048161789303064
2020-09-11,0.19308383715659927
2020-09-14,0.18664608783938763
2020-09-15,0.1851442127739199
2020-09-16,0.1867952966597718
2020-09-17,0.13717697490676728
2020-09-18,0.08361744640496371
2020-09-21,0.08419394030487404
2020-09-22,0.07101183233772301
2020-09-23,0.06616413123857579
2020-09-24,0.06629158404707425
2020-09-25,0.0635780769495714
2020-09-28,0.06151154421726446
2020-09-29,0.055608247385275034
2020-09-30,0.11959254406413344
2020-10-01,0.11628972676098581
2020-10-02,0.11846168860387407
2020-10-05,0.11489812098366015
2020-10-06,0.1759600409632549
2020-10-07,0.17227900553435527
2020-10-08,0.17276930248623878
2020-10-09,0.16958936616675135
2020-10-12,0.16911771060574898
2020-10-13,0.16570270725487002
2020-10-14,0.16692775793428816
2020-10-15,0.16590262767684272
2020-10-16,0.1685769895933229
2020-10-19,0.170897255068032
2020-10-20,0.1732310238639988
2020-10-21,0.1788343762884098
2020-10-22,0.11878123259627238
2020-10-23,0.11848711321318395
2020-10-26,0.07296615635448989
2020-10-27,0.07251407058689519
2020-10-28,0.0740716770691171
2020-10-29,0.022541285176944537
2020-10-30,0.022970277351668122
2020-11-02,0.018936861213870948
2020-11-03,0.018332795659442902
2020-11-04,0.018050554034908517
2020-11-05,0.01730023832812888
2020-11-06,0.017225415672058708
2020-11-09,0.017537019659834896
2020-11-10,0.01760324966576088
2020-11-11,0.09047942510098617
2020-11-12,0.09171781904658016
2020-11-13,0.09020350265721644
2020-11-16,0.08869363602763403
2020-11-17,0.0884642582569477
2020-11-18,0.09007304142817052
2020-11-19,0.08907735467745936
2020-11-20,0.04484584930115787
2020-11-23,0.09778056054280515
2020-11-24,0.1500238314006681
2020-11-25,0.15136191159742063
2020-11-27,0.09613591048243708
2020-11-30,0.09752208396340512
2020-12-01,0.15163970578572006
2020-12-02,0.15155512142005778
2020-12-03,0.14837093625607134
2020-12-04,0.18372855177689618
2020-12-07,0.18256933777393403
2020-12-08,0.1791804269451427
2020-12-09,0.18393033291707883
2020-12-10,0.16076083328916568
2020-12-11,0.16261342047658567
2020-12-14,0.16120441217442005
2020-12-15,0.15748037747397403
2020-12-16,0.15619012937399346
2020-12-17,0.15390117768868417
2020-12-18,0.13386523574068654
2020-12-21,0.1918268766793516
2020-12-22,0.18840394016868833
2020-12-23,0.18740209039401912
2020-12-24,0.18830600638012285
2020-12-28,0.18900929602929528
2020-12-29,0.1964668720313636
2020-12-30,0.19252160776653593
2020-12-31,0.1948981184833375
2021-01-04,0.1827417300758507
2021-01-05,0.17840492718947687
2021-01-06,0.17265606546422552
2021-01-07,0.22866678519252082
2021-01-08,0.22674975908707884
2021-01-11,0.22598301840496227
2021-01-12,0.2250580130488573
2021-01-13,0.22622311387719385
2021-01-14,0.21898399013919845
2021-01-15,0.22318000593190013
2021-01-19,0.21857914133718415
2021-01-20,0.21884100017862007
2021-01-21,0.22280030717234123
2021-01-22,0.17399738864878056
2021-01-25,0.1787692245256498
2021-01-26,0.1293111366235219
2021-01-27,0.12579957465972724
2021-01-28,0.03473227406395352
2021-01-29,0.035373785996456686
2021-02-01,0.03393604146341889
2021-02-02,0.03332535669961689
2021-02-03,0.033419361483316146
2021-02-04,0.032194778349395325
2021-02-05,0.03283978947344357
2021-02-08,0.03203731544575317
2021-02-09,0.03148817750163835
2021-02-10,0.03166049539934335
2021-02-11,0.03204366158313343
2021-02-12,0.03163679728734148
2021-02-16,0.03142579070611806
2021-02-17,0.051279118842093574
2021-02-18,0.12428677431367152
2021-02-19,0.11031348352110082
2021-02-22,0.10903231190745688
2021-02-23,0.11167050326910843
2021-02-24,0.10032530905947012
2021-02-25,0.1038820368763329
2021-02-26,0.08249610872772328
2021-03-01,0.03994925225709178
2021-03-02,0.03982754590232218
2021-03-03,0.040715071751346255
2021-03-04,0.014251532566735059
2021-03-05,0.010738438245829873
2021-03-08,0.010449892356530155
2021-03-09,0.01027865640800707
2021-03-10,0.010010505122213242
2021-03-11,0.11639602823843398
2021-03-12,0.1155711071993426
2021-03-15,0.17023063266892757
2021-03-16,0.17258411931709106
2021-03-17,0.1708247377232579
2021-03-18,0.17406806208081926
2021-03-19,0.17178453388277293
2021-03-22,0.21768333886654023
2021-03-23,0.22757338460912147
2021-03-24,0.23132192385648231
2021-03-25,0.17690731085923816
2021-03-26,0.17364699213095425
2021-03-29,0.17988062392230764
2021-03-30,0.13791244047511964
2021-03-31,0.13787984739256576
2021-04-01,0.13769962619883414
2021-04-05,0.13731224039684942
2021-04-06,0.12047027296819557
2021-04-07,0.11937809939813282
2021-04-08,0.11755782600398257
2021-04-09,0.11620644058029117
2021-04-12,0.11783655330552023
2021-04-13,0.12083807597974205
2021-04-14,0.11081520539550715
2021-04-15,0.11161224026349681
2021-04-16,0.061690320791994546
2021-04-19,0.062306693017828985
2021-04-20,0.06421904415646851
2021-04-21,0.009632570724320222
2021-04-22,0.009715576175998497
2021-04-23,0.009551144755004293
2021-04-26,0.00956062046555528
2021-04-27,0.00947530228990967
2021-04-28,0.09714011681332713
2021-04-29,0.0593240897670001
2021-04-30,0.060048769856462125
2021-05-03,0.058029423053000295
2021-05-04,0.11614042227452814
2021-05-05,0.11481694773710738
2021-05-06,0.1154892894138353
2021-05-07,0.09948909013573193
2021-05-10,0.1008647250763095
2021-05-11,0.10385747734068274
2021-05-12,0.108502053391622
2021-05-13,0.06374443394254892
2021-05-14,0.06228287090771145
2021-05-17,0.06147442399435643
2021-05-18,0.06229937460579782
2021-05-19,0.0632221683853974
2021-05-20,0.06333300155367061
2021-05-21,0.01763940015993337
2021-05-24,0.017424923450336083
2021-05-25,0.01796179009132748
2021-05-26,0.017754341740674473
2021-05-27,0.01748031456252741
2021-05-28,0.01741206413679297
2021-06-01,0.016902512429713967
2021-06-02,0.01713436638116661
2021-06-03,0.01729518901103244
2021-06-04,0.017310025302162413
2021-06-07,0.005724359682791169
2021-06-08,0.0056750003346773825
2021-06-09,0.005707839964997019
2021-06-10,0.005691902153036832
2021-06-11,0.005621638864139911
2021-06-14,0.005712854276987089
2021-06-15,0.07686377140840883
2021-06-16,0.07546544975558522
2021-06-17,0.07638909802739346
2021-06-18,0.07800932320462695
2021-06-21,0.0676495551942814
2021-06-22,0.0671854614359163
2021-06-23,0.06695830534505709
2021-06-24,0.06591461810948462
2021-06-25,0.06572205451608981
2021-06-28,0.0672708997797925
2021-06-29,0.06752993236752769
2021-06-30,0.0672492363226419
2021-07-01,0.0667022655637054
2021-07-02,0.06691923227018948
2021-07-06,0.06785908492069492
2021-07-07,0.06269489421812002
2021-07-08,0.06289566119981549
2021-07-09,0.061056601648227016
2021-07-12,0.02339820552326577
2021-07-13,0.08333176264559616
2021-07-14,0.07394490764766515
2021-07-15,0.06169903243656161
2021-07-16,0.087532519844565
2021-07-19,0.08037430214610108
2021-07-20,0.05009752208782403
2021-07-21,0.04889291572584009
2021-07-22,0.04908920093110258
2021-07-23,0.04845670060900109
2021-07-26,0.04792617430569435
2021-07-27,0.04921915674963118
2021-07-28,0.048024469429879924
2021-07-29,0.04820648615791112
2021-07-30,0.04822288866297053
2021-08-02,0.047308668407343824
2021-08-03,0.04675062931407892
2021-08-04,0.047134285172955925
2021-08-05,0.04705788879806383
2021-08-06,0.00178776519375623
2021-08-09,0.06081917816725191
2021-08-10,0.11506357897925867
2021-08-11,0.16833473163104162
2021-08-12,0.22327835130858553
2021-08-13,0.22491678277233662
2021-08-16,0.22897085176277432
2021-08-17,0.2300556890713743
2021-08-18,0.23127827184959737
2021-08-19,0.17476905640259166
2021-08-20,0.12134947759207015
2021-08-23,0.12017345922430756
2021-08-24,0.11845646034666157
2021-08-25,0.1754874310047715
2021-08-26,0.17591858130472326
2021-08-27,0.16610602096406057
2021-08-30,0.23094436447164535
2021-08-31,0.23170634719541883
2021-09-01,0.22967476144572185
2021-09-02,0.2257951934748078
2021-09-03,0.227074829776988
2021-09-07,0.22687029934503622
2021-09-08,0.22980989815613517
2021-09-09,0.22245126707292417
2021-09-10,0.22386289269861426
2021-09-13,0.22684532177928296
2021-09-14,0.22724102686388814
2021-09-15,0.21536331041978485
2021-09-16,0.21360595348982359
2021-09-17,0.21468229976768027
2021-09-20,0.1528018030625764
2021-09-21,0.15288469389448422
2021-09-22,0.15015092909844263
2021-09-23,0.14779845839873318
2021-09-24,0.14839888865629436
2021-09-27,0.13897372128314345
2021-09-28,0.14526600117553945
2021-09-29,0.14519317747169413
2021-09-30,0.1367174438178277
2021-10-01,0.12676758990107573
2021-10-04,0.12999548942834394
2021-10-05,0.12823956465534547
2021-10-06,0.12836255262215956
2021-10-07,0.12351748422573361
2021-10-08,0.1251012268995153
2021-10-11,0.1269966525715086
2021-10-12,0.12375152177514581
2021-10-13,0.07997020245555675
2021-10-14,0.08011981373756127
2021-10-15,0.1693389299868393
2021-10-18,0.15679698610096127
2021-10-19,0.05685859438488183
2021-10-20,0.056958689995017964
2021-10-21,0.05690977597665792
2021-10-22,0.16028373922890415
2021-10-25,0.04734810700227021
2021-10-26,0.04786310258521054
2021-10-27,0.048692781661359374
2021-10-28,0.04190655086914874
2021-10-29,0.041797062621286574
2021-11-01,0.007099273556523511
2021-11-02,0.00708122499736763
2021-11-03,0.007070136782659886
2021-11-04,0.007077064491719631
2021-11-05,0.00690875920179268
2021-11-08,0.006877596028429522
2021-11-09,0.006890778128902708
2021-11-10,0.007103123459792027
2021-11-11,0.0069389696780843835
2021-11-12,0.006905238462257213
2021-11-15,0.006917136477017194
2021-11-16,0.006839501173427798
2021-11-17,0.006942722149115843
2021-11-18,0.006954647204986064
2021-11-19,0.09043117919609678
2021-11-22,0.07884242654905116
2021-11-23,0.040314180065348704
2021-11-24,0.011885779755864578
2021-11-26,0.01216265927640281
2021-11-29,0.014382423756179374
2021-11-30,0.002408219292598268
2021-12-01,0.0030274463724404566
2021-12-02,0.002777103915453716
2021-12-03,0.0028106687719263723
2021-12-06,0.0027789580357234778
2021-12-07,0.016174857648491248
2021-12-08,0.015998467583143605
2021-12-09,0.01638458076458793
2021-12-10,0.01595596248942599
2021-12-13,0.016419264879871
2021-12-14,0.001408216974229104
2021-12-15,0.0013856638310013603
2021-12-16,0.07991361796907637
2021-12-17,0.07431090832380838
2021-12-20,0.07511074704143661
2021-12-21,0.03377318682968666
2021-12-22,0.033563304316201026
2021-12-23,0.03312702067789097
2021-12-27,0.02603530977938817
2021-12-28,0.026505990634579812
2021-12-29,0.026144033901150276
2021-12-30,0.026366431761574716
2021-12-31,0.026173322264508525
2022-01-03,0.02607785191289924
2022-01-04,0.026366590452002847
2022-01-05,0.027404636781348635
2022-01-06,0.07800836796925725
2022-01-07,0.08037719786227304
2022-01-10,0.08461018759171823
2022-01-11,0.08489471113494262
2022-01-12,0.08435213672051212
2022-01-13,0.07849254756054946
2022-01-14,0.07305246143182831
2022-01-18,0.0751402104694171
2022-01-19,0.08285529408810433
2022-01-20,0.08567039403417642
2022-01-21,0.07366425639816931
2022-01-24,0.18138879551476939
2022-01-25,0.0807639487734233
2022-01-26,0.08101270626011203
2022-01-27,0.08166607482501609
2022-01-28,0.08125233452245317
2022-01-31,0.08048629448090272
2022-02-01,0.07923660673612731
2022-02-02,0.07731694674539646
2022-02-03,0.07747353822610048
2022-02-04,0.07705147998298911
2022-02-07,0.07693960821585488
2022-02-08,0.0716806358637776
2022-02-09,0.07113058577090658
2022-02-10,0.07161442782190297
2022-02-11,0.07123796829414553
2022-02-14,0.07243436363844569
2022-02-15,0.07167434745103318
2022-02-16,0.06383705753441671
2022-02-17,0.060690814879397426
2022-02-18,0.061084223768120616
2022-02-22,0.06179549640532378
2022-02-23,0.06186147751864568
2022-02-24,0.15974658955441445
2022-02-25,0.2503439615933203
2022-02-28,0.24873361972054142
2022-03-01,0.24763143023721745
2022-03-02,0.39773792079996473
2022-03-03,0.3940007870715332
2022-03-04,0.4439195282332138
2022-03-07,0.5013064141019766
2022-03-08,0.4997724984295383
2022-03-09,0.502403355437022
2022-03-10,0.4939010327218637
2022-03-11,0.4947737734424713
2022-03-14,0.5589185470919271
2022-03-15,0.5645623953453407
2022-03-16,0.5664781637375018
2022-03-17,0.5587774535413325
2022-03-18,0.5583854543885737
2022-03-21,0.15639990929520775
2022-03-22,0.15800789194732479
2022-03-23,0.14768734741711975
2022-03-24,0.14726285421389185
2022-03-25,0.14459164543866676
2022-03-28,0.1479161177685
2022-03-29,0.14746476699115485
2022-03-30,0.1462198382008758
2022-03-31,0.2029268897978166
2022-04-01,0.20100912499781476
2022-04-04,0.20048485409293582
2022-04-05,0.20422701776661478
2022-04-06,0.20577809741248898
2022-04-07,0.19427435817003047
2022-04-08,0.1898897163824812
2022-04-11,0.1963489626130014
2022-04-12,0.19357658315331638
2022-04-13,0.19003541397935486
2022-04-14,0.1886885272425971
2022-04-18,0.1861816139886886
2022-04-19,0.18733674198797612
2022-04-20,0.18598951940744035
2022-04-21,0.19333421126727224
2022-04-22,0.2534706078112634
2022-04-25,0.4128210218920316
2022-04-26,0.616262960107768
2022-04-27,0.7261971704958574
2022-04-28,0.7188353824861691
2022-04-29,0.7739769017794268
2022-05-02,0.7747819916059904
2022-05-03,0.7729753497200406
2022-05-04,0.7685530016157447
2022-05-05,0.7727515389524213
2022-05-06,0.7719602431446766
2022-05-09,0.7878619049671929
2022-05-10,0.8823008403885879
2022-05-11,0.880307904199272
2022-05-12,0.8825139178359244
2022-05-13,0.9363850352184598
2022-05-16,0.9349077849474349
2022-05-17,0.9336410440423847
2022-05-18,0.9345833923399326
2022-05-19,0.9334645703186439
2022-05-20,0.932759348266286
2022-05-23,0.9312056892266984
2022-05-24,0.9318499657200059
2022-05-25,0.9311471616839646
2022-05-26,0.930737680982405
2022-05-27,0.9289285721589194
2022-05-31,0.9274747428780116
2022-06-01,0.9255048013904625
2022-06-02,0.9254758939168516
2022-06-03,0.9251002793679968
2022-06-06,0.9254181088651914
2022-06-07,0.9230253779399533
2022-06-08,0.9235432226045426
2022-06-09,0.9246383803257066
2022-06-10,0.9264308011294877
2022-06-13,0.9293656051936863
2022-06-14,0.9301239338430738
2022-06-15,0.9321796660532826
2022-06-16,0.936348189127168
2022-06-17,1.0
2022-06-21,1.0
2022-06-22,1.0
2022-06-23,1.0
2022-06-24,1.0
2022-06-27,1.0
2022-06-28,1.0
2022-06-29,1.0
2022-06-30,1.0
2022-07-01,1.0
2022-07-05,1.0
2022-07-06,1.0
2022-07-07,1.0
2022-07-08,1.0
2022-07-11,1.0
2022-07-12,1.0
2022-07-13,1.0
2022-07-14,1.0
2022-07-15,1.0
2022-07-18,1.0
2022-07-19,1.0
2022-07-20,1.0
2022-07-21,1.0
2022-07-22,1.0
2022-07-25,1.0
2022-07-26,1.0
2022-07-27,1.0
2022-07-28,1.0
2022-07-29,1.0
2022-08-01,1.0
2022-08-02,1.0
2022-08-03,1.0
2022-08-04,1.0
2022-08-05,1.0
2022-08-08,1.0
2022-08-09,1.0
2022-08-10,1.0
2022-08-11,1.0
2022-08-12,1.0
2022-08-15,1.0
2022-08-16,1.0
2022-08-17,0.8004224016394802
2022-08-18,0.7959651915310328
2022-08-19,0.7951509190365494
2022-08-22,0.7916375455244433
2022-08-23,0.7876296397531906
2022-08-24,0.786576763434227
2022-08-25,0.7872807365916916
2022-08-26,0.7893643189529836
2022-08-29,0.7896509699785443
2022-08-30,0.798268459776043
2022-08-31,0.8012370137634366
2022-09-01,0.8951769119548547
2022-09-02,0.8918225824871495
2022-09-06,0.8968635450913034
2022-09-07,0.9039726114974425
2022-09-08,0.9015161991872118
2022-09-09,1.0
2022-09-12,1.0
2022-09-13,1.0
2022-09-14,1.0
2022-09-15,1.0
2022-09-16,1.0
2022-09-19,1.0
2022-09-20,1.0
2022-09-21,1.0
2022-09-22,1.0
2022-09-23,1.0
2022-09-26,1.0
2022-09-27,1.0
2022-09-28,1.0
2022-09-29,1.0
2022-09-30,1.0
2022-10-03,1.0
2022-10-04,1.0
2022-10-05,1.0
2022-10-06,1.0
2022-10-07,1.0
2022-10-10,1.0
2022-10-11,1.0
2022-10-12,1.0
2022-10-13,1.0
2022-10-14,1.0
2022-10-17,1.0
2022-10-18,1.0
2022-10-19,1.0
2022-10-20,1.0
2022-10-21,1.0
2022-10-24,1.0
2022-10-25,1.0
2022-10-26,1.0
2022-10-27,1.0
2022-10-28,1.0
2022-10-31,1.0
2022-11-01,1.0
2022-11-02,1.0
2022-11-03,1.0
2022-11-04,1.0
2022-11-07,1.0
2022-11-08,1.0
2022-11-09,1.0
2022-11-10,1.0
2022-11-11,1.0
2022-11-14,1.0
2022-11-15,1.0
2022-11-16,1.0
2022-11-17,1.0
2022-11-18,1.0
2022-11-21,1.0
2022-11-22,1.0
2022-11-23,1.0
2022-11-25,1.0
2022-11-28,1.0
2022-11-29,1.0
2022-11-30,1.0
2022-12-01,0.30010330199609137
2022-12-02,4.7340096004155896e-05
2022-12-05,4.8624357282700537e-05
2022-12-06,4.940564348632215e-05
2022-12-07,5.0080254844320216e-05
2022-12-08,0.0950460758522701
2022-12-09,0.09617405108456423
2022-12-12,0.09448623819625301
2022-12-13,0.09385330150871196
2022-12-14,0.09372393434080017
2022-12-15,0.0950044935926202
2022-12-16,0.19109570211513394
2022-12-19,0.2885167836193303
2022-12-20,0.2858257511573702
2022-12-21,0.2817079263061477
2022-12-22,0.2854675920375198
2022-12-23,0.5827517884863695
2022-12-27,0.782628002616027
2022-12-28,0.7838842669792984
2022-12-29,0.7804823541277445
2022-12-30,0.7789839720574487
2023-01-03,0.7821365784440605
2023-01-04,0.7917355169272683
2023-01-05,0.8921647654565448
2023-01-06,0.8909341157458004
2023-01-09,0.8924572898973578
2023-01-10,0.8924154889475806
2023-01-11,0.8992809792293173
2023-01-12,0.40000355760117545
2023-01-13,0.2967693039501197
2023-01-17,0.09704612494982645
2023-01-18,0.09731330449075926
2023-01-19,0.09737261680648002
2023-01-20,0.09723096389778896
2023-01-23,0.09721041535946395
2023-01-24,0.09569639103017802
2023-01-25,0.0958325545475045
2023-01-26,0.09611476066009439
2023-01-27,0.09752978012133862
2023-01-30,0.0986722499886773
2023-01-31,0.08694533743007848
2023-02-01,0.08628802040081585
2023-02-02,0.08509867202503929
2023-02-03,0.08416405514876513
2023-02-06,0.033339872825392525
2023-02-07,0.03311859882016166
2023-02-08,0.02667836480888197
2023-02-09,0.0267872038619974
2023-02-10,0.02673565889852869
2023-02-13,0.015956798087185198
2023-02-14,0.015896455097259232
2023-02-15,0.01561388515788642
2023-02-16,0.015619528722441767
2023-02-17,0.015756027425309016
2023-02-21,0.016054243047479155
2023-02-22,0.016084987660959893
2023-02-23,0.013955020964109943
2023-02-24,0.013976755317448242
2023-02-27,0.014018477031251253
2023-02-28,0.013850411113715655
2023-03-01,0.012301106943726992
2023-03-02,0.012202764083845574
2023-03-03,0.006066290603977231
2023-03-06,0.06419137090801363
2023-03-07,0.0643121513619711
2023-03-08,0.05432111107206827
2023-03-09,0.05513673283496856
2023-03-10,0.056830081340496164
2023-03-13,0.26153398322509114
2023-03-14,0.4612997686010091
2023-03-15,0.06253755311190667
2023-03-16,0.24937506672971177
2023-03-17,0.051027773659431896
2023-03-20,0.05029784515675473
2023-03-21,0.05053692175494828
2023-03-22,0.031209993763737898
2023-03-23,0.03624965562618587
2023-03-24,0.0362163126312014
2023-03-27,0.035116459369515574
2023-03-28,0.035441881070306325
2023-03-29,0.03498065044450627
2023-03-30,0.03483301856537757
2023-03-31,0.034358026028932676
2023-04-03,0.034429386302808784
2023-04-04,0.035229016811770486
2023-04-05,0.021473248437244297
2023-04-06,0.006507806802821814
2023-04-10,0.006386834509281347
2023-04-11,0.002764512032156108
2023-04-12,0.0027754273336307866
2023-04-13,0.0089471705765789
2023-04-14,0.008966232919454087
2023-04-17,0.07045886245439725
2023-04-18,0.06848507549570215
2023-04-19,0.06925394509260419
2023-04-20,0.1537261653338179
2023-04-21,0.0533767196570073
2023-04-24,0.05404587284689444
2023-04-25,0.05558896557495019
2023-04-26,0.012130768309032924
2023-04-27,0.012092702769901265
2023-04-28,0.01399609385594991
2023-05-01,0.017659838052777155
2023-05-02,0.01773276936832946
2023-05-03,0.017719818096144535
2023-05-04,0.017363166309165234
2023-05-05,0.0815374711123239
2023-05-08,0.08081771784008285
2023-05-09,0.08069825581713974
2023-05-10,0.07529676167322241
2023-05-11,0.07578364926092152
2023-05-12,0.07835963687970948
2023-05-15,0.07795060669689802
2023-05-16,0.11107491447050888
2023-05-17,0.10588839171940934
2023-05-18,0.09415250319078239
2023-05-19,0.09435027349674896
2023-05-22,0.09439954632267722
2023-05-23,0.09615554410966642
2023-05-24,0.055607473634100235
2023-05-25,0.007835350175513844
2023-05-26,0.0058547669605967245
2023-05-30,0.005841924477631766
2023-05-31,0.005885707404776563
2023-06-01,0.005820989304334279
2023-06-02,0.005706754427483252
2023-06-05,0.005712521680931726
2023-06-06,0.00561428079121129
2023-06-07,0.00561790279166674
2023-06-08,0.005561536338242634
2023-06-09,0.005550092859025191
2023-06-12,0.005500167934120781
2023-06-13,0.005470755478137468
2023-06-14,0.0055525915006920945
2023-06-15,0.005535138872272305
2023-06-16,0.0006487739714279295
2023-06-20,0.0006517400934495932
2023-06-21,0.0006469536119776409
2023-06-22,0.0006427890146250004
2023-06-23,0.09309827172035878
2023-06-26,0.09160915324109231
2023-06-27,0.09094451918418445
2023-06-28,0.09069013287936623
2023-06-29,0.09045836601223445
2023-06-30,0.08985536229494673
2023-07-03,0.09234990384847874
2023-07-05,0.07768001068056563
2023-07-06,0.07896107939206476
2023-07-07,0.07355676073541817
2023-07-10,0.043421855888420846
2023-07-11,0.04322587909199338
2023-07-12,0.04273743275997377
2023-07-13,0.09857949312556946
2023-07-14,0.09914836887318268
2023-07-17,0.05445811290530522
2023-07-18,0.05372176880240431
2023-07-19,0.11022680277906238
2023-07-20,0.10009172209277384
2023-07-21,0.10000925190895749
2023-07-24,0.10067998089545838
2023-07-25,0.1557232060484598
2023-07-26,0.15622157790891578
2023-07-27,0.15756268820313768
2023-07-28,0.15605867720202593
2023-07-31,0.21069473270465788
2023-08-01,0.20303755524717704
2023-08-02,0.20694938411054242
2023-08-03,0.21001032999932745
2023-08-04,0.20632772334041016
2023-08-07,0.2049606858086388
2023-08-08,0.20745310103880266
2023-08-09,0.11645098483352789
2023-08-10,0.12084705740000479
2023-08-11,0.07114795102567217
2023-08-14,0.07088545138572944
2023-08-15,0.07119211732102104
2023-08-16,0.07215109499106909
2023-08-17,0.07404684489225655
2023-08-18,0.059961615987663586
2023-08-21,0.05978085610872985
2023-08-22,0.059853622725653755
2023-08-23,0.05910633603366866
2023-08-24,0.060619800354713926
2023-08-25,0.06072572712289259
2023-08-28,0.060264002468875755
2023-08-29,0.05817086465473331
2023-08-30,0.058480935922070265
2023-08-31,0.06150902745790343
2023-09-01,0.05115444149800086
2023-09-05,0.1059408171172258
2023-09-06,0.06453992765984418
2023-09-07,0.056506706771585646
2023-09-08,0.056549173841426326
2023-09-11,0.056362063827444686
2023-09-12,0.057026107667159986
2023-09-13,0.05390490195235664
2023-09-14,0.001439612938363699
2023-09-15,0.0014684260640849267
2023-09-18,0.001470250760033931
2023-09-19,0.0014758282277238521
2023-09-20,0.001485449656410398
2023-09-21,0.0015091824553047362
2023-09-22,0.011618458686181943
2023-09-25,0.006850527518092786
2023-09-26,0.007007282773016654
2023-09-27,0.014300098860611232
2023-09-28,0.01690022996140872
2023-09-29,0.017062172177477297
2023-10-02,0.027962359046105445
2023-10-03,0.02834141723975825
2023-10-04,0.027777914030244877
2023-10-05,0.03139131111559201
2023-10-06,0.03106156106382063
2023-10-09,0.03087699194777982
2023-10-10,0.030390171581126335
2023-10-11,0.030120854153835697
2023-10-12,0.030222572163856265
2023-10-13,0.030562963018720635
2023-10-16,0.030149631386548137
2023-10-17,0.02364572566285339
2023-10-18,0.023832828981393606
2023-10-19,0.024185171581977638
2023-10-20,0.08895474510931312
2023-10-23,0.0797575457822095
2023-10-24,0.07662277180648891
2023-10-25,0.07851704707868645
2023-10-26,0.07906801944333564
2023-10-27,0.07960558029173037
2023-10-30,0.07913953772725868
2023-10-31,0.17493700541024892
2023-11-01,0.1747763958550025
2023-11-02,0.07397973913612932
2023-11-03,0.06256827108878893
2023-11-06,0.01928215099082098
2023-11-07,0.019094818262689106
2023-11-08,0.01923788773510071
2023-11-09,0.019559760241072754
2023-11-10,0.018866318026973805
2023-11-13,0.07777561653388865
2023-11-14,0.07558613630771394
2023-11-15,0.07674651871888483
2023-11-16,0.07675790603121868
2023-11-17,0.07557742101643516
2023-11-20,0.07500294330007418
2023-11-21,0.07483046195342835
2023-11-22,0.12974269518317327
2023-11-24,0.12849442291613533
2023-11-27,0.11560876151713184
2023-11-28,0.11595396435849936
2023-11-29,0.11613434664035605
2023-11-30,0.15645167496908252
2023-12-01,0.15421787282220378
2023-12-04,0.20856886398298913
2023-12-05,0.3210950817028928
2023-12-06,0.32725251737678784
2023-12-07,0.3101547160569851
2023-12-08,0.3071073880578027
2023-12-11,0.304723525594212
2023-12-12,0.30264114881628
2023-12-13,0.302700485366698
2023-12-14,0.30136614143279405
2023-12-15,0.30139201189335585
2023-12-18,0.3006262152839295
2023-12-19,0.3003845723002989
2023-12-20,0.3024662995289287
2023-12-21,0.29806799041836995
2023-12-22,0.2972407155671509
2023-12-26,0.29544101182386906
2023-12-27,0.2960235162560736
2023-12-28,0.29694391488111194
2023-12-29,0.2984224701606891
2024-01-02,0.3024390013378522
2024-01-03,0.2590814265910253
2024-01-04,0.254117179330804
2024-01-05,0.25711287654616866
2024-01-08,0.20441470696262254
2024-01-09,0.20428226367790636
2024-01-10,0.20376719670165333
2024-01-11,0.20403472384303722
2024-01-12,0.1840650350845151
2024-01-16,0.1717375817983876
2024-01-17,0.17267048184626455
2024-01-18,0.17262219769877774
2024-01-19,0.1720411234636895
2024-01-22,0.11409740560414994
2024-01-23,0.11248538915350903
2024-01-24,0.11353138545020336
2024-01-25,0.11265716882249965
2024-01-26,0.11091934007732063
2024-01-29,0.1112274877600955
2024-01-30,0.11094072559977852
2024-01-31,0.11250863391817412
2024-02-01,0.10829191194735166
2024-02-02,0.1650359205121964
2024-02-05,0.16408261832727056
2024-02-06,0.16431649526311654
2024-02-07,0.16335860701180116
2024-02-08,0.1542789543704075
2024-02-09,0.15313787810704027
2024-02-12,0.15078471450935527
2024-02-13,0.22397144578493233
2024-02-14,0.22044670839342217
2024-02-15,0.2199516294772611
2024-02-16,0.21902277321721797
2024-02-20,0.22675419360813454
2024-02-21,0.127304884511674
2024-02-22,0.0761330958552291
2024-02-23,0.07636665305354862
2024-02-26,0.07508213015036491
2024-02-27,0.07472468032734891
2024-02-28,0.07523186698750772
2024-02-29,0.07397757356424883
2024-03-01,0.0716830308569596
2024-03-04,0.12571305446131575
2024-03-05,0.12726965405203883
2024-03-06,0.12690068558672962
2024-03-07,0.12793024195284208
2024-03-08,0.12937553228843335
2024-03-11,0.13219442750454635
2024-03-12,0.1284912838811656
2024-03-13,0.17864333553486467
2024-03-14,0.2381759426842054
2024-03-15,0.1695162622526334
2024-03-18,0.11798786861848609
2024-03-19,0.11993901074997904
2024-03-20,0.11133818393978578
2024-03-21,0.07400987586393715
2024-03-22,0.07520892563883774
2024-03-25,0.05924040901445937
2024-03-26,0.16672853473136395
2024-03-27,0.06690248943523947
2024-03-28,0.06698695425489531
2024-04-01,0.06735331980423032
2024-04-02,0.05645118239455682
2024-04-03,0.0554464754263132
2024-04-04,0.05630618164884671
2024-04-05,0.056146124995961944
2024-04-08,0.05744554170483018
2024-04-09,0.04453293941345715
2024-04-10,0.045208248554042596
2024-04-11,0.040629449140273
2024-04-12,0.041818885897598634
2024-04-15,0.04529242682539614
2024-04-16,0.044490092704015494
2024-04-17,0.04523127237035507
2024-04-18,0.018490531638821417
2024-04-19,0.0036950534356577913
2024-04-22,0.06314972823309029
2024-04-23,0.06221466374265061
2024-04-24,0.06283293512320187
2024-04-25,0.06204043550011762
2024-04-26,0.06154298050790841
2024-04-29,0.06182660505162796
2024-04-30,0.0621875129420526
2024-05-01,0.07680629614903212
2024-05-02,0.07605542176938074
2024-05-03,0.07390599224929506
2024-05-06,0.07221814242869706
2024-05-07,0.07204573397614433
2024-05-08,0.07146070547827521
2024-05-09,0.0707886295004696
2024-05-10,0.07112079910840396
2024-05-13,0.0849713822659105
2024-05-14,0.08388347127470697
2024-05-15,0.08315383062378745
2024-05-16,0.19972755134488218
2024-05-17,0.19052557835416306
2024-05-20,0.18956633462001604
2024-05-21,0.18931793273117248
2024-05-22,0.19076570680569904
2024-05-23,0.18153924257718257
2024-05-24,0.17839631303174375
2024-05-28,0.1785523169569404
2024-05-29,0.18027818715979171
2024-05-30,0.17817273531869326
2024-05-31,0.17993227335184958
2024-06-03,0.1785375000572571
2024-06-04,0.17881993503768145
2024-06-05,0.17323279617387077
2024-06-06,0.1763400439494226
2024-06-07,0.12668166253747637
2024-06-10,0.02495175904683289
2024-06-11,0.016185763913978413
2024-06-12,0.0009348030379680017
2024-06-13,0.0009317944350183405
2024-06-14,0.0009576491138941767
2024-06-17,0.07210040089158098
2024-06-18,0.12523365111428397
2024-06-20,0.12811802313094234
2024-06-21,0.11995934028875277
2024-06-24,0.10900171972288131
2024-06-25,0.1079162129098592
2024-06-26,0.10862458695617094
2024-06-27,0.1083282844629685
2024-06-28,0.09742315035543792
2024-07-01,0.0550958101750646
2024-07-02,0.05546890605847765
2024-07-03,0.054836131332611227
2024-07-05,0.05479788817628062
2024-07-08,0.04619115924513084
2024-07-09,0.046155008835025435
2024-07-10,0.04664573773109881
2024-07-11,0.043667931037461805
2024-07-12,0.04384550364698625
2024-07-15,0.04284719022085537
2024-07-16,0.10056525482097378
2024-07-17,0.09174114363950459
2024-07-18,0.07562039467593606
2024-07-19,0.06852957813672711
2024-07-22,0.066160771006883
2024-07-23,0.12365248259183836
2024-07-24,0.1271843942797365
2024-07-25,0.12955945382271405
2024-07-26,0.11546831251648515
2024-07-29,0.11517603476395377
2024-07-30,0.11679701656492314
2024-07-31,0.06664372313267364
2024-08-01,0.06907598490877287
2024-08-02,0.07151995748362272
2024-08-05,0.06377102509577148
2024-08-06,0.05881548540330084
2024-08-07,0.06015534354889929
2024-08-08,0.06896504973847395
2024-08-09,0.07218385196110555
2024-08-12,0.07756023584490723
2024-08-13,0.07627838943902931
2024-08-14,0.0762901833912143
2024-08-15,0.07513268297941622
2024-08-16,0.07351738367925553
2024-08-19,0.07286779711752078
2024-08-20,0.07340769779085443
2024-08-21,0.07271571701536594
2024-08-22,0.0733002053054751
2024-08-23,0.07123751012285795
2024-08-26,0.07161959089538816
2024-08-27,0.07188218423161519
2024-08-28,0.07265217343639974
2024-08-29,0.07266442712157861
2024-08-30,0.07227148393933613
2024-09-03,0.07640585235775643
2024-09-04,0.004869003072950351
2024-09-05,0.00491717140656478
2024-09-06,0.005031668989426641
2024-09-09,0.09757005871879332
2024-09-10,0.0013519647269591983
2024-09-11,0.0013397260283405377
2024-09-12,0.001319657138764807
2024-09-13,0.0012953278389754574
2024-09-16,0.0012969039123421622
2024-09-17,0.0012955439447526196
2024-09-18,0.0012888283426341074
2024-09-19,0.0012669578864086262
2024-09-20,0.05676990529286463
2024-09-23,0.0575634526780211
2024-09-24,0.057203586224266245
2024-09-25,0.043698902692864916
2024-09-26,0.04389361012280735
2024-09-27,0.043933624259300696
2024-09-30,0.04382357809533022
2024-10-01,0.043960646550295746
2024-10-02,0.04404235566149706
2024-10-03,0.04368655200724714
2024-10-04,0.10508142997292502
2024-10-07,0.1032653809512184
2024-10-08,0.10174153029759359
2024-10-09,0.10092022198629835
2024-10-10,0.10162038023052256
2024-10-11,0.10060565966569446
2024-10-14,0.10003486906253134
2024-10-15,0.09949158469252062
2024-10-16,0.09865433683403046
2024-10-17,0.14595857765248466
2024-10-18,0.1454612858106108
2024-10-21,0.14765614917632186
2024-10-22,0.14904602759054075
2024-10-23,0.1497374601833562
2024-10-24,0.14965815794545267
2024-10-25,0.15074479480926517
2024-10-28,0.15066186602119713
2024-10-29,0.15120321044843432
2024-10-30,0.14219638992166184
2024-10-31,0.1040462585107107
2024-11-01,0.09988224062623119
2024-11-04,0.0975708098066056
2024-11-05,0.06595881724308483
2024-11-06,0.06251368447636252
2024-11-07,0.16188015894074548
2024-11-08,0.060665635728036627
2024-11-11,0.06031788714428765
2024-11-12,0.06128487561272489
2024-11-13,0.06213263828709348
2024-11-14,0.06355189390371074
2024-11-15,0.06498266290548182
2024-11-18,0.1581672981804516
2024-11-19,0.056646461152713656
2024-11-20,0.05651313022175597
2024-11-21,0.05560745717352844
2024-11-22,0.1126352236292345
2024-11-25,0.16824148778763526
2024-11-26,0.22486642654217426
2024-11-27,0.21311065722355116
2024-11-29,0.20945172745499208
2024-12-02,0.26502067811646013
2024-12-03,0.2592558841153202
2024-12-04,0.25523077451751885
2024-12-05,0.2572485901453171
2024-12-06,0.2565245725362484
2024-12-09,0.21317635858319295
2024-12-10,0.20410564872001924
2024-12-11,0.20314874785375137
2024-12-12,0.2064299647647001
2024-12-13,0.19919397773504266
2024-12-16,0.18835054097917103
2024-12-17,0.19060862889927932
2024-12-18,0.15042637983619012
2024-12-19,0.1001950180519936
2024-12-20,0.09921469379665293
2024-12-23,0.09956077863835278
2024-12-24,0.09738503409675192
2024-12-26,0.09623521316310579
2024-12-27,0.09793567982940843
2024-12-30,0.09931264298822162
2024-12-31,0.041670993792308875
2025-01-02,0.046571454133372825
2025-01-03,0.04573291933760726
2025-01-06,0.04544225862627205
2025-01-07,0.04556081312999216
2025-01-08,0.04614640663970093
2025-01-10,0.047031828331586256
2025-01-13,0.049017086078914085
2025-01-14,0.03800608031328556
2025-01-15,0.038257602805586655
2025-01-16,0.09537535330914693
2025-01-17,0.09452017010107239
2025-01-21,0.09191642819715673
2025-01-22,0.08893189297891158
2025-01-23,0.08841418032684722
2025-01-24,0.08862197582367204
2025-01-27,0.08424970845833091
2025-01-28,0.0633408732710885
2025-01-29,0.06389035227691864
2025-01-30,0.062424967989557545
2025-01-31,0.06307339025100156
2025-02-03,0.06298169899847172
2025-02-04,0.061654136451715025
2025-02-05,0.05999549256779513
2025-02-06,0.06031938182389207
2025-02-07,0.021484193821624253
2025-02-10,0.0803321918853378
2025-02-11,0.08055801136714891
2025-02-12,0.08234728438118089
2025-02-13,0.0445884118528177
2025-02-14,0.04451118240537033
2025-02-18,0.0449156153740119
2025-02-19,0.04443585491578694
2025-02-20,0.030343389952504407
2025-02-21,0.03155660434542895
2025-02-24,0.026113779568988083
2025-02-25,0.07597975157317716
2025-02-26,0.07590951472938934
2025-02-27,0.07626411195810634
2025-02-28,0.07536090934828044
2025-03-03,0.07644814116424525
2025-03-04,0.08191226894779491
2025-03-05,0.08127388014288106
2025-03-06,0.08633478251999427
2025-03-07,0.0571009515767511
2025-03-10,0.0610527609711885
2025-03-11,0.18497326637344036
2025-03-12,0.28948932969467167
2025-03-13,0.29135171168549623
2025-03-14,0.4905955490854822
2025-03-17,0.48785635388213466
2025-03-18,0.4895077077104828
2025-03-19,0.4896608012820851
2025-03-20,0.4899292539109371
2025-03-21,0.4912575160604348
2025-03-24,0.4868253577970427
2025-03-25,0.08701745603181288
2025-03-26,0.08704964514443414
2025-03-27,0.08677690047813336
2025-03-28,0.1937629440607136
2025-03-31,0.3933484302494986
2025-04-01,0.5936693173177985
2025-04-02,0.5903517003681384
2025-04-03,0.5979968721731956
2025-04-04,0.7015360611651795
2025-04-07,0.710146174770286
2025-04-08,0.8987990452246752
2025-04-09,0.8980617532163542
2025-04-10,0.8979512533890057
2025-04-11,0.897472774216859
2025-04-14,0.895930388355769
2025-04-15,0.8953564125298352
2025-04-16,1.0
2025-04-17,1.0
2025-04-21,1.0
2025-04-22,1.0
2025-04-23,1.0
2025-04-24,1.0
2025-04-25,1.0
2025-04-28,1.0
2025-04-29,1.0
2025-04-30,1.0
2025-05-01,1.0
2025-05-02,1.0
2025-05-05,1.0
2025-05-06,1.0
2025-05-07,1.0
2025-05-08,1.0
2025-05-09,1.0
2025-05-12,1.0
2025-05-13,0.6004078586753365
2025-05-14,0.301029458151834
2025-05-15,0.0009514495484403973
2025-05-16,0.0009446301964032289
2025-05-19,0.0009403049578394773
2025-05-20,0.000938352885331506
2025-05-21,0.0009523164231671766
2025-05-22,0.0009567110259450784
2025-05-23,0.0009477942950010254
2025-05-27,0.0009372865023483667
2025-05-28,0.0009445623610488951
2025-05-29,0.0009513397535323431
2025-05-30,0.000940121236688185
2025-06-02,0.0009293518085565777
2025-06-03,0.0009303078145512789
2025-06-04,0.0009342285125575334
2025-06-05,0.08386890712373074
2025-06-06,0.07723031566674532
2025-06-09,0.07777507919913407
2025-06-10,0.0746119227794072
2025-06-11,0.07323907624260173
2025-06-12,0.07319625833530796
2025-06-13,0.07363592853464784
2025-06-16,0.033385966271426315
2025-06-17,0.03369508383064601
2025-06-18,0.03379500852878048
2025-06-20,0.0336625418184463
2025-06-23,0.032142981342066834
2025-06-24,0.03134246744617886
2025-06-25,0.031706870258659814
2025-06-26,0.03126443987719618
2025-06-27,0.031235185569427948
2025-06-30,0.03075751308625152
2025-07-01,0.03153824625542345
2025-07-02,0.031332544967655585
2025-07-03,0.02135975582794758
2025-07-07,0.021231341293342698
2025-07-08,0.02161634301990978
2025-07-09,0.0217724001639914
2025-07-10,0.02196327589520608
2025-07-11,0.013975629189892813
2025-07-14,0.0016258675409284162
2025-07-15,0.001626217447850964
2025-07-16,0.0016026407138537424
2025-07-17,0.0015913882936019474
2025-07-18,0.05867170007558087
2025-07-21,0.04626067593458383
2025-07-22,0.04692271796256042
2025-07-23,0.03948207101778212
2025-07-24,0.03937906704631566
2025-07-25,0.03922200348773619
2025-07-28,0.03955430491749512
2025-07-29,0.03957394013668636
2025-07-30,0.03958842162427845
2025-07-31,0.039494099950115436
2025-08-01,0.040347844206356176
2025-08-04,0.03963229593198514
2025-08-05,0.03919573273187693
2025-08-06,0.0388274472993414
2025-08-07,0.03860350608511576
2025-08-08,0.03476282520458507
2025-08-11,0.0249852017822626
2025-08-12,0.02477643587162759
2025-08-13,0.01704246385791397
2025-08-14,0.0753351871459409
2025-08-15,0.06391838900581504
2025-08-18,0.06478858808120858
2025-08-19,0.04213280905019867
2025-08-20,0.042189858470769726
2025-08-21,0.03610217319026454
2025-08-22,0.035469409453842804
2025-08-25,0.03517323821341678
2025-08-26,0.034828304088687534
2025-08-27,0.03478516085661121
2025-08-28,0.03397396897422644
2025-08-29,0.03458763755948968
2025-09-02,0.03491302141471464
2025-09-03,0.09324902441001126
2025-09-04,0.09237683128851115
2025-09-05,0.15661854912731576
2025-09-08,0.10424548650817234
2025-09-09,0.10358641635511612
2025-09-10,0.10215654354028025
2025-09-11,0.08659430773397647
2025-09-12,0.08637630967522636
2025-09-15,0.08615489139953914
2025-09-16,0.08521984995638321
2025-09-17,0.08485277485586618
2025-09-18,0.08314924056650486
2025-09-19,0.07697076215777354
2025-09-22,0.07553224393826297
2025-09-23,0.12784030551204362
2025-09-24,0.13212504705347616
2025-09-25,0.13105007529202972
2025-09-26,0.12987403768286288
2025-09-29,0.12897272989162734
2025-09-30,0.11638018914936032
2025-10-01,0.11572600834515745
2025-10-02,0.11341548739896878
2025-10-03,0.17601779019861785
2025-10-06,0.1744620402069953
2025-10-07,0.17475296613558278
2025-10-08,0.17230967904841055
2025-10-09,0.17605356816406204
2025-10-10,0.18465711128636952
2025-10-13,0.12224195175694241
2025-10-14,0.1212018257131886
2025-10-15,0.12195198560690712
2025-10-16,0.12431063456430069
2025-10-17,0.12694095473971945
2025-10-20,0.07922266986371296
2025-10-21,0.08166285755966629
2025-10-22,0.08263788719076626
2025-10-23,0.030950414958441308
2025-10-24,0.08219089575908944
2025-10-27,0.11844005173318406
2025-10-28,0.11876001644444545
2025-10-29,0.11396285038479093
2025-10-30,0.11375283157925153
2025-10-31,0.11277402574863071
2025-11-03,0.11316486632775513
2025-11-04,0.11856909759724277
2025-11-05,0.11768240565690835
2025-11-06,0.11225307340078305
2025-11-07,0.08634119549174091
2025-11-10,0.0382395171389075
2025-11-11,0.038979321174793524
2025-11-12,0.03866228071291555
2025-11-13,0.10393757394186887
2025-11-14,0.08223347961590755
2025-11-17,0.08315688890909234
2025-11-18,0.08713195133843321
2025-11-19,0.08681004534275616
2025-11-20,0.09016556905925655
2025-11-21,0.09267225229670573
2025-11-24,0.08990016797518308
2025-11-25,0.08799839940161869
2025-11-26,0.08792702509583261
2025-11-28,0.08767051812989879
2025-12-01,0.08804417443459589
2025-12-02,0.09016730193800215
2025-12-03,0.08948097636736829
2025-12-04,0.0884845380629582
2025-12-05,0.08866392734351003
2025-12-08,0.2628934532939241
2025-12-09,0.26153880858585477
2025-12-10,0.061342037815833916
2025-12-11,0.11961550038962909
2025-12-12,0.12064999207896487
2025-12-15,0.07190140333882478
2025-12-16,0.06130401711789879
2025-12-17,0.06245907157478614
2025-12-18,0.11917691304123312
2025-12-19,0.08098714414514696
2025-12-22,0.07228619573093642
2025-12-23,0.07303147787316144
2025-12-24,0.07163211954979132
2025-12-26,0.07210942494779282
2025-12-29,0.07296593379968908
2025-12-30,0.07409637169421235
2025-12-31,0.06512542625362883
2026-01-02,0.06956678860352716
2026-01-05,0.06312446934200655
2026-01-06,0.007164492148395651
2026-01-07,0.0018746745915002583
2026-01-08,0.053901294252029275
2026-01-09,0.033715106669346406
2026-01-12,0.09485774702883154
2026-01-13,0.09508730377241037
2026-01-14,0.05241847833913471
2026-01-15,0.051330548512070195
2026-01-16,0.05217868123010416
2026-01-20,0.05298272577206997
2026-01-21,0.14326717264270472
2026-01-22,0.14298601213924678
2026-01-23,0.14566875579530125
2026-01-26,0.0454800723694847
2026-01-27,0.045555051795262536
2026-01-28,0.0011111526775897662
2026-01-29,0.09257280030786896
2026-01-30,0.050273015440681634
2026-02-02,0.04314214160581542
2026-02-03,0.042288271705687275
2026-02-04,0.04426845238508892
2026-02-05,0.04607704968562121
2026-02-06,0.007389239601704234
2026-02-09,0.007250600326999201
2026-02-10,0.00726979554094942
2026-02-11,0.0072449426620758706
2026-02-12,0.007462726220345495
2026-02-13,0.007522400052058509
2026-02-17,0.09572951614996195
2026-02-18,0.09509450775948158
2026-02-19,0.09433847524853745
2026-02-20,0.09980146020923442
2026-02-23,0.04613255572261776
2026-02-24,0.04551555206722624
2026-02-25,0.045321227928714625
2026-02-26,0.04473028800726364
2026-02-27,0.045018985484316154
2026-03-02,0.045007838057301686
2026-03-03,0.0458694078084535
2026-03-04,0.05182872773056735
2026-03-05,0.01105957416501735
2026-03-06,0.011345435557629568
2026-03-09,0.009805161577659649
2026-03-10,0.07504154998097401
2026-03-11,0.07504774879325715
2026-03-12,0.07688196308255524
2026-03-13,0.050594777818013914
2026-03-16,0.05015094500779782
2026-03-17,0.049741084032920324
2026-03-18,0.050300713362955274
2026-03-19,0.050040870918975244
2026-03-20,0.01148261935422612
2026-03-23,0.011274428138023596
2026-03-24,0.011201702740780362
2026-03-25,0.011590157144482083
2026-03-26,0.18397802696885446
2026-03-27,0.30101191574998476
2026-03-30,0.3057115531921276
2026-03-31,0.3017027294166381
2026-04-01,0.30437752950517183
2026-04-02,0.3024157953631931
2026-04-06,0.30241382261311267
2026-04-07,0.3978825157094438
2026-04-08,0.39671463071685187
2026-04-09,0.3984038137279109
2026-04-10,0.3998499900285315
2026-04-13,0.39452126142684696
2026-04-14,0.3956972382781263
2026-04-15,0.39255862614161774
2026-04-16,0.3913499833432963
2026-04-17,0.39450622015664216
2026-04-20,0.39615461603238755
2026-04-21,0.017135076916959924
2026-04-22,0.016989266134318948
2026-04-23,0.01697793271023773
2026-04-24,0.016831242622241005
2026-04-27,0.016629101318286654
2026-04-28,0.016714451335376856
2026-04-29,0.016513830484607306
2026-04-30,0.06507691782632974
2026-05-01,0.0652956817040502
2026-05-04,0.0656339999636939
2026-05-05,0.05624103728805285
2026-05-06,0.057518242496212735
2026-05-07,0.02118425289572523
2026-05-08,0.08162609176510471
2026-05-11,0.08065744541172148
2026-05-12,0.08165996971544143
2026-05-13,0.08102610361672391
2026-05-14,0.08113155713917453
2026-05-15,0.08112394720048932
2026-05-18,0.08215932670319204
2026-05-19,0.06043439491734326
2026-05-20,0.06037268570074339
2026-05-21,0.059505892293824636
2026-05-22,0.0592644629880118
2026-05-26,0.05975982983168859
2026-05-27,0.06039084479796031
2026-05-28,0.11456383975602924
2026-05-29,0.11165281952539496
2026-06-01,0.08967192417201397
2026-06-02,0.08107639276987555
2026-06-03,0.08301119934485468
2026-06-04,0.08000294654343076
2026-06-05,0.08627626001234123
2026-06-08,0.07879191964770071
2026-06-09,0.08127102097159378
2026-06-10,0.07302614503623794
2026-06-11,0.059637266383467114
2026-06-12,0.12578729141551293
2026-06-15,0.1353840401584504
2026-06-16,0.1376633489350505
2026-06-17,0.09484162214232339
2026-06-18,0.0853768111505473
2026-06-22,0.08492318290424028
2026-06-23,0.07301759032990118
2026-06-24,0.07360362846777968
2026-06-25,0.15802228157808196
2026-06-26,0.0577235973109147
2026-06-29,0.055990330020569745
2026-06-30,0.11128182186075963
2026-07-01,0.18006866742735073
2026-07-02,0.18738082503955444
2026-07-06,0.18459765765360092
2026-07-07,0.19101656081617246
2026-07-08,0.14814352404580344
2026-07-09,0.12936165021256918
2026-07-10,0.12921185254030798
2026-07-13,0.13193171990711627
2026-07-14,0.13438284875577433
2026-07-15,0.13471511533392244
2026-07-16,0.13666893275855663
2026-07-17,0.13556336832795313
2026-07-20,0.13649210682631585
2026-07-21,0.1333201920125029
2026-07-22,0.13401892429161422
2026-07-23,0.10310837863358624
2026-07-24,0.09202274628490803
2026-07-27,0.09238713649728103
2026-07-28,0.07453927384734427
2026-07-29,0.07512363755823837
2026-07-30,0.03293601007376934
2026-07-31,0.03326312993015346
2026-08-03,0.03310319241885029
2026-08-04,0.03268611101765906
2026-08-05,0.03285542499265315
2026-08-06,0.03316371378558158
2026-08-07,0.09413645150275562
2026-08-10,0.09536638459666968
2026-08-11,0.09732522532029098
2026-08-12,0.05112146576191412
2026-08-13,0.05121456065802732
2026-08-14,0.04995409002901208
2026-08-17,0.05028689807165665
2026-08-18,0.04955788111628712
2026-08-19,0.04626868784704963
2026-08-20,0.047043213255087535
2026-08-21,0.04495452814142897
2026-08-24,0.045476784575838924
2026-08-25,0.04523302050701883
